t,ros_time,controller,trajectory,run_id,odom_stamp,odom_x,odom_y,odom_yaw,odom_v,odom_w,camera_stamp,camera_x,camera_y,camera_yaw,camera_age_s,disturbance_event,control_paused,desired_stamp,desired_x,desired_y,desired_yaw,error_stamp,error_ex,error_ey,error_etheta,camera_error_ex,camera_error_ey,camera_error_etheta,cmd_stamp,cmd_v,cmd_w,espnow_link_stamp,espnow_rx_time,espnow_robot_time_ms,espnow_seq,espnow_interarrival_ms,espnow_seq_gap
0.043047189712524414,1784967664.7258286,SMC,circle,circle_smc_tune_base_p01,1784967664.7127888,1.0516972740825892,-0.0386315481480385,1.586507951943762,-6.293550720377033e-07,0.00020153104673666694,nan,nan,nan,nan,nan,0,0,nan,nan,nan,nan,nan,nan,nan,nan,nan,nan,nan,1784967664.7208877,0.0,0.0,1784967664.6891184,4182.265625,nan,nan,50.019222259521484,nan
0.08397197723388672,1784967664.7667534,SMC,circle,circle_smc_tune_base_p01,1784967664.7618742,1.0516975719011872,-0.038632004346963636,1.5865183230736186,-6.831352707808909e-07,0.00019580855963711031,1784967664.7492142,1.0516995965468527,-0.03863432650384646,1.5865288549180732,0.017539262771606445,0,0,nan,nan,nan,nan,nan,nan,nan,nan,nan,nan,nan,1784967664.7610695,0.0,0.0,1784967664.7398653,4182.31689453125,nan,nan,51.14783477783203,nan
0.12300229072570801,1784967664.8057837,SMC,circle,circle_smc_tune_base_p01,1784967664.7618742,1.0516975719011872,-0.038632004346963636,1.5865183230736186,-6.831352707808909e-07,0.00019580855963711031,1784967664.7492142,1.0516995965468527,-0.03863432650384646,1.5865288549180732,0.056569576263427734,0,0,nan,nan,nan,nan,nan,nan,nan,nan,nan,nan,nan,1784967664.8021765,0.0,0.0,1784967664.7874613,4182.3662109375,nan,nan,49.4535026550293,nan
0.1631317138671875,1784967664.8459132,SMC,circle,circle_smc_tune_base_p01,1784967664.8118312,1.0516975720447939,-0.038632013474690065,1.5865254323057925,-4.773459331200269e-07,0.0001862468773947729,1784967664.7492142,1.0516995965468527,-0.03863432650384646,1.5865288549180732,0.09669899940490723,0,0,nan,nan,nan,nan,nan,nan,nan,nan,nan,nan,nan,1784967664.8408818,0.0,0.0,1784967664.8382814,4182.4169921875,nan,nan,50.45372009277344,nan
0.2034294605255127,1784967664.886211,SMC,circle,circle_smc_tune_base_p01,1784967664.862202,1.0516975721268997,-0.03863201869863156,1.586531933734773,-3.326335254057838e-07,0.00017673003667816362,1784967664.8699284,1.051699537875265,-0.038634327426944115,1.5865278014378401,0.01628255844116211,0,0,nan,nan,nan,nan,nan,nan,nan,nan,nan,nan,nan,1784967664.8806136,0.0,0.0,1784967664.8382814,4182.4169921875,nan,nan,50.45372009277344,nan
0.24383759498596191,1784967664.926619,SMC,circle,circle_smc_tune_base_p01,1784967664.9121976,1.0516978323601511,-0.03863241419315326,1.586537031039742,-4.0581982609817696e-07,0.00016652733265282556,1784967664.8699284,1.051699537875265,-0.038634327426944115,1.5865278014378401,0.05669069290161133,0,0,nan,nan,nan,nan,nan,nan,nan,nan,nan,nan,nan,1784967664.9205356,0.0,0.0,1784967664.8871815,4182.46630859375,nan,nan,49.35628128051758,nan
0.2831408977508545,1784967664.9659224,SMC,circle,circle_smc_tune_base_p01,1784967664.9622173,1.0516980532348892,-0.03863273287985062,1.5865398565413207,-4.5928779279066043e-07,0.0001542625414303433,1784967664.9510589,1.051699537875265,-0.038634327426944115,1.5865278014378401,0.01486349105834961,0,0,nan,nan,nan,nan,nan,nan,nan,nan,nan,nan,nan,1784967664.9607985,0.0,0.0,1784967664.9374366,4182.51611328125,nan,nan,50.18531036376953,nan
0.3237600326538086,1784967665.0065415,SMC,circle,circle_smc_tune_base_p01,1784967664.9622173,1.0516980532348892,-0.03863273287985062,1.5865398565413207,-4.5928779279066043e-07,0.0001542625414303433,1784967664.9510589,1.051699537875265,-0.038634327426944115,1.5865278014378401,0.05548262596130371,0,0,nan,nan,nan,nan,nan,nan,nan,nan,nan,nan,nan,1784967665.0005562,0.0,0.0,1784967664.98791,4182.56689453125,nan,nan,50.47976303100586,nan
0.36406707763671875,1784967665.0468485,SMC,circle,circle_smc_tune_base_p01,1784967665.0122523,1.0516980533255864,-0.03863273864380666,1.586545403860283,-3.203438786561246e-07,0.00014665227169617643,1784967664.9510589,1.051699537875265,-0.038634327426944115,1.5865278014378401,0.09578967094421387,0,0,nan,nan,nan,nan,nan,nan,nan,nan,nan,nan,nan,1784967665.0409896,0.0,0.0,1784967665.044912,4182.6240234375,nan,nan,56.987430572509766,nan
0.4029967784881592,1784967665.0857782,SMC,circle,circle_smc_tune_base_p01,1784967665.0622475,1.0516980533795093,-0.03863274207331279,1.5865504171206721,-2.200757491907086e-07,0.0001389971438723489,1784967665.069567,1.051699537875265,-0.038634327426944115,1.5865278014378401,0.016211271286010742,0,0,nan,nan,nan,nan,nan,nan,nan,nan,nan,nan,nan,1784967665.0805182,0.0,0.0,1784967665.044912,4182.6240234375,nan,nan,56.987430572509766,nan
0.44319605827331543,1784967665.1259775,SMC,circle,circle_smc_tune_base_p01,1784967665.1126068,1.0516982509255381,-0.038633016389301215,1.5865498430821947,-2.736939068470797e-07,0.00012537925216680283,1784967665.069567,1.051699537875265,-0.038634327426944115,1.5865278014378401,0.05641055107116699,0,0,nan,nan,nan,nan,nan,nan,nan,nan,nan,nan,nan,1784967665.1207914,0.0,0.0,1784967665.0876403,4182.66650390625,nan,nan,42.78739547729492,nan
0.4833674430847168,1784967665.166149,SMC,circle,circle_smc_tune_base_p01,1784967665.1620958,1.0516996216158863,-0.038630932687379604,1.586515878795474,9.186635812792781e-07,7.009071649693944e-05,1784967665.1482737,1.0517089312366397,-0.038620294914024536,1.5863796753192627,0.017875194549560547,0,0,nan,nan,nan,nan,nan,nan,nan,nan,nan,nan,nan,1784967665.1619878,0.0,0.0,1784967665.1381457,4182.716796875,nan,nan,50.34049987792969,nan
0.5234920978546143,1784967665.2062736,SMC,circle,circle_smc_tune_base_p01,1784967665.1620958,1.0516996216158863,-0.038630932687379604,1.586515878795474,9.186635812792781e-07,7.009071649693944e-05,1784967665.1482737,1.0517089312366397,-0.038620294914024536,1.5863796753192627,0.05799984931945801,0,0,nan,nan,nan,nan,nan,nan,nan,nan,nan,nan,nan,1784967665.200631,0.0,0.0,1784967665.1888618,4182.767578125,nan,nan,50.77181625366211,nan
0.5641281604766846,1784967665.2469096,SMC,circle,circle_smc_tune_base_p01,1784967665.2119615,1.0516996214315018,-0.038630920923184285,1.5865183785133519,6.385916812738975e-07,6.660711928248421e-05,1784967665.1482737,1.0517089312366397,-0.038620294914024536,1.5863796753192627,0.09863591194152832,0,0,nan,nan,nan,nan,nan,nan,nan,nan,nan,nan,nan,1784967665.2406366,0.0,0.0,1784967665.2407236,4182.81884765625,nan,nan,50.968101501464844,nan
0.6032998561859131,1784967665.2860813,SMC,circle,circle_smc_tune_base_p01,1784967665.2619846,1.0516996213255847,-0.03863091417060814,1.5865206493001651,4.4488224700417004e-07,6.315884635643103e-05,1784967665.2689245,1.0517089312366397,-0.038620294914024536,1.5863796753192627,0.01715683937072754,0,0,nan,nan,nan,nan,nan,nan,nan,nan,nan,nan,nan,1784967665.2810705,0.0,0.0,1784967665.2407236,4182.81884765625,nan,nan,50.968101501464844,nan
0.6433262825012207,1784967665.3261077,SMC,circle,circle_smc_tune_base_p01,1784967665.3128395,1.051700851010847,-0.03862909328286219,1.5864891803334473,1.0782946414189775e-06,1.935393879829445e-05,1784967665.2689245,1.0517089312366397,-0.038620294914024536,1.5863796753192627,0.057183265686035156,0,0,nan,nan,nan,nan,nan,nan,nan,nan,nan,nan,nan,1784967665.320793,0.0,0.0,1784967665.2893877,4182.8681640625,nan,nan,49.56911087036133,nan
0.6830108165740967,1784967665.3657923,SMC,circle,circle_smc_tune_base_p01,1784967665.3619783,1.0517019034326285,-0.0386276176007279,1.5864651039033428,1.576921353367722e-06,-1.3719547985406359e-05,1784967665.357905,1.0517089312366397,-0.038620294914024536,1.5863796753192627,0.00788736343383789,0,0,nan,nan,nan,nan,nan,nan,nan,nan,nan,nan,nan,1784967665.3606434,0.0,0.0,1784967665.3407202,4182.91796875,nan,nan,49.73611068725586,nan
0.7237727642059326,1784967665.4065542,SMC,circle,circle_smc_tune_base_p01,1784967665.3619783,1.0517019034326285,-0.0386276176007279,1.5864651039033428,1.576921353367722e-06,-1.3719547985406359e-05,1784967665.357905,1.0517089312366397,-0.038620294914024536,1.5863796753192627,0.04864931106567383,0,0,nan,nan,nan,nan,nan,nan,nan,nan,nan,nan,nan,1784967665.4005895,0.0,0.0,1784967665.3888288,4182.9677734375,nan,nan,49.68996047973633,nan
0.7641117572784424,1784967665.4468932,SMC,circle,circle_smc_tune_base_p01,1784967665.4122014,1.0517019031001067,-0.03862759628880151,1.5864646083789515,1.1016996468464681e-06,-1.3043499960472604e-05,1784967665.357905,1.0517089312366397,-0.038620294914024536,1.5863796753192627,0.0889883041381836,0,0,nan,nan,nan,nan,nan,nan,nan,nan,nan,nan,nan,1784967665.4406648,0.0,0.0,1784967665.4403837,4183.01904296875,nan,nan,51.1529426574707,nan
0.8038191795349121,1784967665.4866006,SMC,circle,circle_smc_tune_base_p01,1784967665.4622748,1.0517019029139059,-0.03862758436166138,1.5864641621998932,7.660582352301761e-07,-1.2370477611590653e-05,1784967665.468055,1.0517110698741012,-0.03862017954584171,1.5863816877636276,0.01854562759399414,0,0,nan,nan,nan,nan,nan,nan,nan,nan,nan,nan,nan,1784967665.4812014,0.0,0.0,1784967665.4403837,4183.01904296875,nan,nan,51.1529426574707,nan
0.8438937664031982,1784967665.5266752,SMC,circle,circle_smc_tune_base_p01,1784967665.5124097,1.0517031140294533,-0.03862631384500115,1.5864440842388203,1.0604469670672386e-06,-3.527362253666747e-05,1784967665.468055,1.0517110698741012,-0.03862017954584171,1.5863816877636276,0.05862021446228027,0,0,nan,nan,nan,nan,nan,nan,nan,nan,nan,nan,nan,1784967665.5204475,0.0,0.0,1784967665.4889712,4183.06787109375,nan,nan,48.922847747802734,nan
0.8844382762908936,1784967665.5672197,SMC,circle,circle_smc_tune_base_p01,1784967665.5619042,1.0517041520422021,-0.038625283222995986,1.5864291342065062,1.3018742642284348e-06,-5.1252570491025056e-05,1784967665.5580316,1.0517110698741012,-0.03862017954584171,1.5863816877636276,0.009188175201416016,0,0,nan,nan,nan,nan,nan,nan,nan,nan,nan,nan,nan,1784967665.561069,0.0,0.0,1784967665.5418427,4183.12060546875,nan,nan,52.854984283447266,nan
0.9241180419921875,1784967665.6068995,SMC,circle,circle_smc_tune_base_p01,1784967665.5619042,1.0517041520422021,-0.038625283222995986,1.5864291342065062,1.3018742642284348e-06,-5.1252570491025056e-05,1784967665.5580316,1.0517110698741012,-0.03862017954584171,1.5863816877636276,0.04886794090270996,0,0,nan,nan,nan,nan,nan,nan,nan,nan,nan,nan,nan,1784967665.600757,0.0,0.0,1784967665.5919957,4183.169921875,nan,nan,49.220985412597656,nan
0.963170051574707,1784967665.6459515,SMC,circle,circle_smc_tune_base_p01,1784967665.6120725,1.0517041517593781,-0.03862526508456931,1.5864272835337325,9.07626107467655e-07,-4.87199469956909e-05,1784967665.5580316,1.0517110698741012,-0.03862017954584171,1.5863816877636276,0.08791995048522949,0,0,nan,nan,nan,nan,nan,nan,nan,nan,nan,nan,nan,1784967665.640676,0.0,0.0,1784967665.6388032,4183.2177734375,nan,nan,47.86808395385742,nan
1.0040545463562012,1784967665.686836,SMC,circle,circle_smc_tune_base_p01,1784967665.6627703,1.0517041515958303,-0.038625254600984406,1.5864255859076093,6.346426845672297e-07,-4.6215591572524464e-05,1784967665.6781273,1.0517110698741012,-0.03862017954584171,1.5863816877636276,0.008708715438842773,0,0,nan,nan,nan,nan,nan,nan,nan,nan,nan,nan,nan,1784967665.6808085,0.0,0.0,1784967665.6388032,4183.2177734375,nan,nan,47.86808395385742,nan
1.0432169437408447,1784967665.7259984,SMC,circle,circle_smc_tune_base_p01,1784967665.712302,1.0517050766111413,-0.03862437301366932,1.5864135624991154,8.246121666622603e-07,-5.6546276152568535e-05,1784967665.6781273,1.0517110698741012,-0.03862017954584171,1.5863816877636276,0.04787111282348633,0,0,1784967665.721241,1.0517050766111413,-0.03862437301366932,1.5864135624991154,nan,nan,nan,nan,-4.099555148792635e-06,6.057889146383884e-06,3.187473548771358e-05,1784967665.7212975,0.0,0.0,1784967665.694385,4183.27197265625,nan,nan,54.07550048828125,nan
1.0832602977752686,1784967665.7660418,SMC,circle,circle_smc_tune_base_p01,1784967665.7625833,1.051705076451229,-0.038624362760797386,1.586411598027886,5.692375767345544e-07,-5.3623197846621815e-05,1784967665.7619987,1.0517110698741012,-0.03862017954584171,1.5863816877636276,0.004043102264404297,0,0,1784967665.761115,1.0517050766111413,-0.03862437301366932,1.5864135624991154,nan,nan,nan,nan,-4.099555148792635e-06,6.057889146383884e-06,3.187473548771358e-05,1784967665.761175,0.0,0.0,1784967665.7474167,4183.32568359375,nan,nan,53.783203125,nan
1.1229805946350098,1784967665.805762,SMC,circle,circle_smc_tune_base_p01,1784967665.7625833,1.051705076451229,-0.038624362760797386,1.586411598027886,5.692375767345544e-07,-5.3623197846621815e-05,1784967665.7619987,1.0517110698741012,-0.03862017954584171,1.5863816877636276,0.04376339912414551,0,0,1784967665.8007817,1.051705076451229,-0.038624362760797386,1.586411598027886,nan,nan,nan,nan,-4.0893010298730345e-06,6.057889251027258e-06,2.9910264258248276e-05,1784967665.8008423,0.0,0.0,1784967665.79341,4183.3720703125,nan,nan,46.4697265625,nan
1.1633336544036865,1784967665.846115,SMC,circle,circle_smc_tune_base_p01,1784967665.8120506,1.0517058602361555,-0.038623652574386665,1.5864026875788453,6.695725130664866e-07,-5.922463679045083e-05,1784967665.7619987,1.0517110698741012,-0.03862017954584171,1.5863816877636276,0.08411645889282227,0,0,1784967665.841296,1.0517058602361555,-0.038623652574386665,1.5864026875788453,nan,nan,nan,nan,-3.391415947253515e-06,5.263131451150315e-06,2.099981521763716e-05,1784967665.8413498,0.0,0.0,1784967665.8409922,4183.4189453125,nan,nan,46.81450653076172,nan
1.2033584117889404,1784967665.8861399,SMC,circle,circle_smc_tune_base_p01,1784967665.8619614,1.0517058601112372,-0.038623644563507274,1.5864006546805496,4.7001537149333974e-07,-5.6194401279954914e-05,1784967665.8852699,1.0517110698741012,-0.03862017954584171,1.5863816877636276,0.0008699893951416016,0,0,1784967665.8808167,1.0517058601112372,-0.038623644563507274,1.5864006546805496,nan,nan,nan,nan,-3.383404093960704e-06,5.263131506884483e-06,1.8966916921936416e-05,1784967665.8808813,0.0,0.0,1784967665.8409922,4183.4189453125,nan,nan,46.81450653076172,nan
1.2433514595031738,1784967665.926133,SMC,circle,circle_smc_tune_base_p01,1784967665.9123783,1.0517065605307336,-0.038623039672176826,1.5863943578945043,5.935878472753719e-07,-5.860404929203206e-05,1784967665.8852699,1.0517110698741012,-0.03862017954584171,1.5863816877636276,0.040863037109375,0,0,1784967665.9210467,1.0517065605307336,-0.038623039672176826,1.5863943578945043,nan,nan,nan,nan,-2.7895020758811342e-06,4.553370007849243e-06,1.2670130876690777e-05,1784967665.9211028,0.0,0.0,1784967665.8983412,4183.47705078125,nan,nan,58.3231315612793,nan
1.283271312713623,1784967665.9660528,SMC,circle,circle_smc_tune_base_p01,1784967665.9623125,1.0517071457727598,-0.0386225628536308,1.586389953377718,6.754657882917948e-07,-5.8691615061915344e-05,1784967665.9597208,1.0517110698741012,-0.03862017954584171,1.5863816877636276,0.006331920623779297,0,0,1784967665.96084,1.0517065605307336,-0.038623039672176826,1.5863943578945043,nan,nan,nan,nan,-2.7895020758811342e-06,4.553370007849243e-06,1.2670130876690777e-05,1784967665.9608822,0.0,0.0,1784967665.93939,4183.51806640625,nan,nan,41.08500671386719,nan
1.3230853080749512,1784967666.0058668,SMC,circle,circle_smc_tune_base_p01,1784967665.9623125,1.0517071457727598,-0.0386225628536308,1.586389953377718,6.754657882917948e-07,-5.8691615061915344e-05,1784967665.9597208,1.0517110698741012,-0.03862017954584171,1.5863816877636276,0.04614591598510742,0,0,1784967666.001077,1.0517071457727598,-0.0386225628536308,1.586389953377718,nan,nan,nan,nan,-2.3218622780956346e-06,3.960767970589207e-06,8.265614090285922e-06,1784967666.0011382,0.0,0.0,1784967666.0012195,4183.57958984375,nan,nan,61.594608306884766,nan
1.363276720046997,1784967666.0460582,SMC,circle,circle_smc_tune_base_p01,1784967666.0121465,1.051707145610248,-0.03862255242710583,1.5863878328347374,4.639399688256332e-07,-5.576599910566299e-05,1784967665.9597208,1.0517110698741012,-0.03862017954584171,1.5863816877636276,0.08633732795715332,0,0,1784967666.0408716,1.051707145610248,-0.03862255242710583,1.5863878328347374,nan,nan,nan,nan,-2.3114344867175415e-06,3.960767968057377e-06,6.145071109742162e-06,1784967666.0409281,0.0,0.0,1784967666.0410144,4183.61962890625,nan,nan,39.90572738647461,nan
1.4034230709075928,1784967666.0862045,SMC,circle,circle_smc_tune_base_p01,1784967666.0620234,1.0517071455195048,-0.0386225466057688,1.5863859129587843,3.2681133349044427e-07,-5.291701253492515e-05,1784967666.0808518,1.0517110698741012,-0.03862017954584171,1.5863816877636276,0.00535273551940918,0,0,1784967666.0808594,1.0517071455195048,-0.0386225466057688,1.5863859129587843,nan,nan,nan,nan,-2.3056124424761266e-06,3.960767976261445e-06,4.22519515663744e-06,1784967666.0809212,0.0,0.0,1784967666.0410144,4183.61962890625,nan,nan,39.90572738647461,nan
1.4437668323516846,1784967666.1265483,SMC,circle,circle_smc_tune_base_p01,1784967666.112807,1.0517076688947344,-0.038622137486478504,1.5863831857480877,4.0751680320739955e-07,-5.1272743434197314e-05,1784967666.0808518,1.0517110698741012,-0.03862017954584171,1.5863816877636276,0.04569649696350098,0,0,1784967666.1207418,1.0517076688947344,-0.038622137486478504,1.5863831857480877,nan,nan,nan,nan,-1.9046995010790292e-06,3.4310802965213265e-06,1.497984460030466e-06,1784967666.120809,0.0,0.0,1784967666.0896559,4183.66845703125,nan,nan,48.791507720947266,nan
1.4830431938171387,1784967666.1658247,SMC,circle,circle_smc_tune_base_p01,1784967666.1619685,1.0517052481649345,-0.038624438559591245,1.58637749326869,-9.801707274654266e-07,-5.375487536178002e-05,1784967666.1580212,1.0516889644096785,-0.038636182291185206,1.586363634942206,0.007803440093994141,0,0,1784967666.1606739,1.0517076688947344,-0.038622137486478504,1.5863831857480877,nan,nan,nan,nan,1.3751936202485355e-05,-1.8920849641052462e-05,1.955080588178504e-05,1784967666.1607254,0.0,0.0,1784967666.140725,4183.71923828125,nan,nan,50.90489959716797,nan
1.5235121250152588,1784967666.2062936,SMC,circle,circle_smc_tune_base_p01,1784967666.1619685,1.0517052481649345,-0.038624438559591245,1.58637749326869,-9.801707274654266e-07,-5.375487536178002e-05,1784967666.1580212,1.0516889644096785,-0.038636182291185206,1.586363634942206,0.04827237129211426,0,0,1784967666.2005417,1.0517052481649345,-0.038624438559591245,1.58637749326869,nan,nan,nan,nan,1.1488824631070406e-05,-1.6464593088928176e-05,1.3858326484150751e-05,1784967666.2006097,0.0,0.0,1784967666.1964366,4183.77392578125,nan,nan,54.438331604003906,nan
1.5639798641204834,1784967666.2467613,SMC,circle,circle_smc_tune_base_p01,1784967666.2120833,1.0517052483921907,-0.03862445315554189,1.586375538053933,-6.786731315403928e-07,-5.109524420799313e-05,1784967666.1580212,1.0516889644096785,-0.038636182291185206,1.586363634942206,0.08874011039733887,0,0,1784967666.241037,1.0517052483921907,-0.03862445315554189,1.586375538053933,nan,nan,nan,nan,1.1474226911366742e-05,-1.6464593107121796e-05,1.1903111727162852e-05,1784967666.2411022,0.0,0.0,1784967666.242003,4183.82080078125,nan,nan,46.91362380981445,nan
1.603243112564087,1784967666.2860246,SMC,circle,circle_smc_tune_base_p01,1784967666.2628322,1.0517052485253362,-0.03862446170749227,1.5863737399163194,-4.738969238016827e-07,-4.84707330232781e-05,1784967666.2783248,1.0516889644096785,-0.038636182291185206,1.586363634942206,0.007699728012084961,0,0,1784967666.2807906,1.0517052485253362,-0.03862446170749227,1.5863737399163194,nan,nan,nan,nan,1.1465673924573085e-05,-1.646459311101367e-05,1.0104974113467335e-05,1784967666.2808459,0.0,0.0,1784967666.242003,4183.82080078125,nan,nan,46.91362380981445,nan
1.6430230140686035,1784967666.3258045,SMC,circle,circle_smc_tune_base_p01,1784967666.3127408,1.0517030840251644,-0.03862646878981802,1.5863697712157812,-1.2025254890588514e-06,-4.877927812775585e-05,1784967666.2783248,1.0516889644096785,-0.038636182291185206,1.586363634942206,0.04747962951660156,0,0,1784967666.3210096,1.0517030840251644,-0.03862646878981802,1.5863697712157812,nan,nan,nan,nan,9.492528873375488e-06,-1.426911160053951e-05,6.136273575263474e-06,1784967666.3210742,0.0,0.0,1784967666.2950418,4183.8720703125,nan,nan,51.1313362121582,nan
1.683608055114746,1784967666.3663895,SMC,circle,circle_smc_tune_base_p01,1784967666.361908,1.0517030842399482,-0.03862648258772034,1.5863681227983613,-8.39610890180032e-07,-4.628617707037142e-05,1784967666.2783248,1.0516889644096785,-0.038636182291185206,1.586363634942206,0.08806467056274414,0,0,1784967666.3608193,1.0517030840251644,-0.03862646878981802,1.5863697712157812,nan,nan,nan,nan,9.492528873375488e-06,-1.426911160053951e-05,6.136273575263474e-06,1784967666.360883,0.0,0.0,1784967666.3423097,4183.9208984375,nan,nan,48.87904357910156,nan
1.723022222518921,1784967666.4058037,SMC,circle,circle_smc_tune_base_p01,1784967666.361908,1.0517030842399482,-0.03862648258772034,1.5863681227983613,-8.39610890180032e-07,-4.628617707037142e-05,1784967666.3720424,1.0516889644096785,-0.038636182291185206,1.586363634942206,0.03376126289367676,0,0,1784967666.4005828,1.0517030842399482,-0.03862648258772034,1.5863681227983613,nan,nan,nan,nan,9.478729299450603e-06,-1.4269111570739254e-05,4.487856155366288e-06,1784967666.4006443,0.0,0.0,1784967666.3910167,4183.9697265625,nan,nan,48.95656204223633,nan
1.7629578113555908,1784967666.4457393,SMC,circle,circle_smc_tune_base_p01,1784967666.4120166,1.0517012261535974,-0.03862812856102088,1.58636549801623,-1.2732448502020203e-06,-4.514823438185861e-05,1784967666.3720424,1.0516889644096785,-0.038636182291185206,1.586363634942206,0.07369685173034668,0,0,1784967666.440966,1.0517012261535974,-0.03862812856102088,1.58636549801623,nan,nan,nan,nan,7.861879672858881e-06,-1.2385628022088998e-05,1.8630740241665222e-06,1784967666.4410172,0.0,0.0,1784967666.442472,4184.0205078125,nan,nan,50.90056228637695,nan
1.8045310974121094,1784967666.4873126,SMC,circle,circle_smc_tune_base_p01,1784967666.462202,1.0517012263939265,-0.038628143999408365,1.5863639282727622,-8.873738323977439e-07,-4.284048216863488e-05,1784967666.479611,1.0516889644096785,-0.038636182291185206,1.586363634942206,0.0077016353607177734,0,0,1784967666.481746,1.0517012263939265,-0.038628143999408365,1.5863639282727622,nan,nan,nan,nan,7.846439414887903e-06,-1.2385627997630485e-05,2.933305562891065e-07,1784967666.4818447,0.0,0.0,1784967666.442472,4184.0205078125,nan,nan,50.90056228637695,nan
1.8429830074310303,1784967666.5257645,SMC,circle,circle_smc_tune_base_p01,1784967666.511999,1.0516995989929285,-0.038629521523405576,1.586362488314752,-1.2284031929300194e-06,-4.0619229526105504e-05,1784967666.479611,1.0516889644096785,-0.038636182291185206,1.586363634942206,0.04615354537963867,0,0,1784967666.5211174,1.0516995989929285,-0.038629521523405576,1.586362488314752,nan,nan,nan,nan,6.494415559207026e-06,-1.0736980714332606e-05,-1.1466274538740604e-06,1784967666.521171,0.0,0.0,1784967666.4904957,4184.0693359375,nan,nan,48.69461441040039,nan
1.8832495212554932,1784967666.566031,SMC,circle,circle_smc_tune_base_p01,1784967666.5619512,1.0516982243490107,-0.038630624600340585,1.5863616181372733,-1.4594570499646518e-06,-3.785226050589357e-05,1784967666.558803,1.0516889644096785,-0.038636182291185206,1.586363634942206,0.007227897644042969,0,0,1784967666.560799,1.0516995989929285,-0.038629521523405576,1.586362488314752,nan,nan,nan,nan,6.494415559207026e-06,-1.0736980714332606e-05,-1.1466274538740604e-06,1784967666.560853,0.0,0.0,1784967666.5411963,4184.1201171875,nan,nan,50.54930877685547,nan
1.923614263534546,1784967666.6063957,SMC,circle,circle_smc_tune_base_p01,1784967666.5619512,1.0516982243490107,-0.038630624600340585,1.5863616181372733,-1.4594570499646518e-06,-3.785226050589357e-05,1784967666.558803,1.0516889644096785,-0.038636182291185206,1.586363634942206,0.0475926399230957,0,0,1784967666.6004393,1.0516982243490107,-0.038630624600340585,1.5863616181372733,nan,nan,nan,nan,5.412870923069898e-06,-9.34533211452209e-06,-2.0168049326141357e-06,1784967666.6004949,0.0,0.0,1784967666.591061,4184.169921875,nan,nan,49.92436981201172,nan
1.9632999897003174,1784967666.6460814,SMC,circle,circle_smc_tune_base_p01,1784967666.612098,1.0516982246759317,-0.03863064560189105,1.5863602413726754,-1.018223000539551e-06,-3.5993964080013656e-05,1784967666.558803,1.0516889644096785,-0.038636182291185206,1.586363634942206,0.08727836608886719,0,0,1784967666.641417,1.0516982246759317,-0.03863064560189105,1.5863602413726754,nan,nan,nan,nan,5.3918668282503986e-06,-9.345332071441735e-06,-3.3935695304965208e-06,1784967666.6414697,0.0,0.0,1784967666.6427329,4184.2216796875,nan,nan,51.80169677734375,nan
2.0029988288879395,1784967666.6857803,SMC,circle,circle_smc_tune_base_p01,1784967666.662139,1.0516982248624334,-0.03863065758196422,1.5863589985191182,-7.07677986299297e-07,-3.4143004617895125e-05,1784967666.677495,1.0516889644096785,-0.038636182291185206,1.586363634942206,0.008285284042358398,0,0,1784967666.6812043,1.0516982248624334,-0.03863065758196422,1.5863589985191182,nan,nan,nan,nan,5.379885303471216e-06,-9.345332060588566e-06,-4.63642308767831e-06,1784967666.6812804,0.0,0.0,1784967666.6427329,4184.2216796875,nan,nan,51.80169677734375,nan
2.0439069271087646,1784967666.7266884,SMC,circle,circle_smc_tune_base_p01,1784967666.71213,1.051696997624412,-0.038631651062225825,1.5863585378742706,-1.2945946407987655e-06,-3.257557376908928e-05,1784967666.677495,1.0516889644096785,-0.038636182291185206,1.586363634942206,0.049193382263183594,0,0,1784967666.7207596,1.051696997624412,-0.038631651062225825,1.5863585378742706,nan,nan,nan,nan,4.405629440788384e-06,-8.102777552541355e-06,-5.097067935277977e-06,1784967666.7208133,0.0,0.0,1784967666.7180023,4184.296875,nan,nan,75.14868927001953,nan
2.083343505859375,1784967666.766125,SMC,circle,circle_smc_tune_base_p01,1784967666.7622406,1.0516959561988275,-0.03863237252713379,1.5863591501392065,-9.715781840743593e-07,-2.7674402673515107e-05,1784967666.7585094,1.0516889644096785,-0.038636182291185206,1.586363634942206,0.007615566253662109,0,0,1784967666.7607143,1.051696997624412,-0.038631651062225825,1.5863585378742706,nan,nan,nan,nan,4.405629440788384e-06,-8.102777552541355e-06,-5.097067935277977e-06,1784967666.7607684,0.0,0.0,1784967666.7609627,4184.33984375,nan,nan,42.979225158691406,nan
2.1229846477508545,1784967666.805766,SMC,circle,circle_smc_tune_base_p01,1784967666.7622406,1.0516959561988275,-0.03863237252713379,1.5863591501392065,-9.715781840743593e-07,-2.7674402673515107e-05,1784967666.7585094,1.0516889644096785,-0.038636182291185206,1.586363634942206,0.0472567081451416,0,0,1784967666.801103,1.0516959561988275,-0.03863237252713379,1.5863591501392065,nan,nan,nan,nan,3.700463489528005e-06,-7.050247342746516e-06,-4.484802999416004e-06,1784967666.8011627,0.0,0.0,1784967666.7915943,4184.3701171875,nan,nan,30.595619201660156,nan
2.1631975173950195,1784967666.845979,SMC,circle,circle_smc_tune_base_p01,1784967666.8120933,1.0516959564515054,-0.03863238875920755,1.5863581518271503,-6.993317122384761e-07,-2.6321390537186453e-05,1784967666.7585094,1.0516889644096785,-0.038636182291185206,1.586363634942206,0.08746957778930664,0,0,1784967666.8407872,1.0516959564515054,-0.03863238875920755,1.5863581518271503,nan,nan,nan,nan,3.6842294492273634e-06,-7.050247310520691e-06,-5.483115055548993e-06,1784967666.8408394,0.0,0.0,1784967666.8431027,4184.4208984375,nan,nan,50.46576690673828,nan
2.203096389770508,1784967666.8858778,SMC,circle,circle_smc_tune_base_p01,1784967666.862554,1.051695956604926,-0.03863239861467771,1.586357232391733,-4.940003906796277e-07,-2.4973582143234554e-05,1784967666.8780875,1.0516892483928706,-0.038635835142542534,1.5863687340017578,0.007790327072143555,0,0,1784967666.88137,1.051695956604926,-0.03863239861467771,1.586357232391733,nan,nan,nan,nan,3.3316524067069012e-06,-6.76091154998671e-06,-1.1501610024833298e-05,1784967666.8814268,0.0,0.0,1784967666.8431027,4184.4208984375,nan,nan,50.46576690673828,nan
2.243941307067871,1784967666.9267228,SMC,circle,circle_smc_tune_base_p01,1784967666.9120548,1.0516950649656833,-0.03863298998381314,1.586359155685302,-5.899014849491971e-07,-2.0332222750182643e-05,1784967666.8780875,1.0516892483928706,-0.038635835142542534,1.5863687340017578,0.048635244369506836,0,0,1784967666.9205725,1.0516950649656833,-0.03863298998381314,1.586359155685302,nan,nan,nan,nan,2.75423938148557e-06,-5.860171747546352e-06,-9.578316455760572e-06,1784967666.9206333,0.0,0.0,1784967666.8940988,4184.47021484375,nan,nan,49.497833251953125,nan
2.2832324504852295,1784967666.966014,SMC,circle,circle_smc_tune_base_p01,1784967666.9620707,1.0516942869529873,-0.038633576538725956,1.5863599592180633,-7.195994363273322e-07,-1.7346781191417092e-05,1784967666.9584804,1.0516890599053224,-0.038636523531080554,1.5863653496139751,0.007533550262451172,0,0,1784967666.9609175,1.0516950649656833,-0.03863298998381314,1.586359155685302,nan,nan,nan,nan,3.4396298750934236e-06,-6.0593442345098316e-06,-6.193928673070559e-06,1784967666.9609668,0.0,0.0,1784967666.9438176,4184.5224609375,nan,nan,52.22291946411133,nan
2.323559284210205,1784967667.0063407,SMC,circle,circle_smc_tune_base_p01,1784967666.9620707,1.0516942869529873,-0.038633576538725956,1.5863599592180633,-7.195994363273322e-07,-1.7346781191417092e-05,1784967666.9584804,1.0516890599053224,-0.038636523531080554,1.5863653496139751,0.04786038398742676,0,0,1784967667.0016427,1.0516942869529873,-0.038633576538725956,1.5863599592180633,nan,nan,nan,nan,2.865258457751883e-06,-5.2722941116490126e-06,-5.390395911852863e-06,1784967667.0017052,0.0,0.0,1784967666.9915328,4184.5703125,nan,nan,47.880985260009766,nan
2.3636229038238525,1784967667.0464044,SMC,circle,circle_smc_tune_base_p01,1784967667.011937,1.0516942871206112,-0.03863358730554647,1.5863593334580557,-5.049965176767363e-07,-1.6496102010605088e-05,1784967666.9584804,1.0516890599053224,-0.038636523531080554,1.5863653496139751,0.08792400360107422,0,0,1784967667.0405324,1.0516942871206112,-0.03863358730554647,1.5863593334580557,nan,nan,nan,nan,2.8544903324877415e-06,-5.272294093146354e-06,-6.0161559194416014e-06,1784967667.040585,0.0,0.0,1784967667.0417595,4184.62060546875,nan,nan,50.329349517822266,nan
2.403085708618164,1784967667.0858672,SMC,circle,circle_smc_tune_base_p01,1784967667.0627143,1.0516942872216066,-0.038633593792833425,1.5863587524736948,-3.5261457479677176e-07,-1.5650034260154563e-05,1784967667.0790656,1.0516890599053224,-0.038636523531080554,1.5863653496139751,0.006801605224609375,0,0,1784967667.0805595,1.0516942872216066,-0.038633593792833425,1.5863587524736948,nan,nan,nan,nan,2.8480022594187857e-06,-5.272294079702081e-06,-6.597140280284464e-06,1784967667.0806632,0.0,0.0,1784967667.0417595,4184.62060546875,nan,nan,50.329349517822266,nan
2.4431073665618896,1784967667.1258888,SMC,circle,circle_smc_tune_base_p01,1784967667.1119635,1.0516935912655458,-0.03863409750305767,1.5863598244628363,-4.6379482548196284e-07,-1.2902132393964662e-05,1784967667.0790656,1.0516890599053224,-0.038636523531080554,1.5863653496139751,0.04682326316833496,0,0,1784967667.1205292,1.0516935912655458,-0.03863409750305767,1.5863598244628363,nan,nan,nan,nan,2.3551880002843583e-06,-4.5685804060093775e-06,-5.525151138829898e-06,1784967667.120585,0.0,0.0,1784967667.0919397,4184.6708984375,nan,nan,49.998416900634766,nan
2.4833879470825195,1784967667.1661694,SMC,circle,circle_smc_tune_base_p01,1784967667.1618466,1.0516935913538599,-0.03863410317578961,1.5863593789039123,-3.233070868563405e-07,-1.2243449822864864e-05,1784967667.0790656,1.0516890599053224,-0.038636523531080554,1.5863653496139751,0.08710384368896484,0,0,1784967667.161546,1.0516935912655458,-0.03863409750305767,1.5863598244628363,nan,nan,nan,nan,2.3551880002843583e-06,-4.5685804060093775e-06,-5.525151138829898e-06,1784967667.1622167,0.0,0.0,1784967667.1420186,4184.720703125,nan,nan,50.133216857910156,nan
2.5231926441192627,1784967667.205974,SMC,circle,circle_smc_tune_base_p01,1784967667.1618466,1.0516935913538599,-0.03863410317578961,1.5863593789039123,-3.233070868563405e-07,-1.2243449822864864e-05,1784967667.1643414,1.0516289794585842,-0.038627705266880585,1.5857210922967793,0.041632652282714844,0,0,1784967667.2006912,1.0516935913538599,-0.03863410317578961,1.5863593789039123,nan,nan,nan,nan,-7.36147794549997e-06,-6.450921555850932e-05,0.000638286607133054,1784967667.2007565,0.0,0.0,1784967667.1916382,4184.7705078125,nan,nan,49.667789459228516,nan
2.5631017684936523,1784967667.2458832,SMC,circle,circle_smc_tune_base_p01,1784967667.2122285,1.05168513478074,-0.03863299806119137,1.5862105620320417,2.753426778489182e-07,-0.0001874141836721212,1784967667.1643414,1.0516289794585842,-0.038627705266880585,1.5857210922967793,0.08154177665710449,0,0,1784967667.240775,1.05168513478074,-0.03863299806119137,1.5862105620320417,nan,nan,nan,nan,-6.1302787411503105e-06,-5.6070077230199155e-05,0.0004894697352624267,1784967667.2408342,0.0,0.0,1784967667.2417126,4184.82080078125,nan,nan,50.1835823059082,nan
2.6032538414001465,1784967667.2860353,SMC,circle,circle_smc_tune_base_p01,1784967667.2621512,1.0516851347305132,-0.03863299475838883,1.58620407873854,1.9193664759761464e-07,-0.00017781041747298105,1784967667.2771614,1.0516289794585842,-0.038627705266880585,1.5857210922967793,0.008873939514160156,0,0,1784967667.281188,1.0516851347305132,-0.03863299475838883,1.58620407873854,nan,nan,nan,nan,-6.126975556848121e-06,-5.607007630058281e-05,0.0004829864417608132,1784967667.2812538,0.0,0.0,1784967667.2417126,4184.82080078125,nan,nan,50.1835823059082,nan
2.6431734561920166,1784967667.325955,SMC,circle,circle_smc_tune_base_p01,1784967667.3121269,1.0516776615487546,-0.03863205514028494,1.5860841111369215,6.013188663712928e-07,-0.00030691851652894905,1784967667.2771614,1.0516289794585842,-0.038627705266880585,1.5857210922967793,0.04879355430603027,0,0,1784967667.320657,1.0516776615487546,-0.03863205514028494,1.5860841111369215,nan,nan,nan,nan,-5.075930755724304e-06,-4.861174990632738e-05,0.0003630188401422263,1784967667.320715,0.0,0.0,1784967667.2917976,4184.87060546875,nan,nan,49.95030212402344,nan
2.6834170818328857,1784967667.3661985,SMC,circle,circle_smc_tune_base_p01,1784967667.3619266,1.0516776614344887,-0.038632047558036425,1.5860735124928313,4.142948456691074e-07,-0.0002910709070375473,1784967667.2771614,1.0516289794585842,-0.038627705266880585,1.5857210922967793,0.08903717994689941,0,0,1784967667.3604941,1.0516776615487546,-0.03863205514028494,1.5860841111369215,nan,nan,nan,nan,-5.075930755724304e-06,-4.861174990632738e-05,0.0003630188401422263,1784967667.360544,0.0,0.0,1784967667.3480532,4184.9267578125,nan,nan,56.173789978027344,nan
2.723106861114502,1784967667.4058883,SMC,circle,circle_smc_tune_base_p01,1784967667.3619266,1.0516776614344887,-0.038632047558036425,1.5860735124928313,4.142948456691074e-07,-0.0002910709070375473,1784967667.3688142,1.0516289794585842,-0.038627705266880585,1.5857210922967793,0.03707408905029297,0,0,1784967667.4009435,1.0516776614344887,-0.038632047558036425,1.5860735124928313,nan,nan,nan,nan,-5.068347646330899e-06,-4.861174881220336e-05,0.0003524201960520834,1784967667.4009993,0.0,0.0,1784967667.3923385,4184.97119140625,nan,nan,44.27206802368164,nan
2.7630257606506348,1784967667.4458072,SMC,circle,circle_smc_tune_base_p01,1784967667.4121366,1.0516712486696045,-0.038631279891632876,1.585981115231501,6.506703999297695e-07,-0.0003746882269736561,1784967667.3688142,1.0516289794585842,-0.038627705266880585,1.5857210922967793,0.07699298858642578,0,0,1784967667.4409251,1.0516712486696045,-0.038631279891632876,1.585981115231501,nan,nan,nan,nan,-4.205061280532596e-06,-4.221115494771823e-05,0.00026002293472182636,1784967667.4409811,0.0,0.0,1784967667.4438186,4185.02197265625,nan,nan,50.62857437133789,nan
2.804110288619995,1784967667.4868917,SMC,circle,circle_smc_tune_base_p01,1784967667.4623826,1.051671248547333,-0.03863127174625872,1.5859680613309104,4.5422963035809307e-07,-0.00035551568635975553,1784967667.4800577,1.0516368893884214,-0.038627679701722754,1.5857518146981697,0.0068340301513671875,0,0,1784967667.4808939,1.051671248547333,-0.03863127174625872,1.5859680613309104,nan,nan,nan,nan,-4.105481663432403e-06,-3.4301597708729146e-05,0.0002162466327406687,1784967667.4809418,0.0,0.0,1784967667.4438186,4185.02197265625,nan,nan,50.62857437133789,nan
2.843827724456787,1784967667.5266092,SMC,circle,circle_smc_tune_base_p01,1784967667.5119212,1.0516666711531946,-0.03863063164944002,1.5859057447894724,6.295096511064991e-07,-0.0003983886591052273,1784967667.4800577,1.0516368893884214,-0.038627679701722754,1.5857518146981697,0.04655146598815918,0,0,1784967667.5213323,1.0516666711531946,-0.03863063164944002,1.5859057447894724,nan,nan,nan,nan,-3.397001816778126e-06,-2.973428806930215e-05,0.00015393009130271196,1784967667.5213988,0.0,0.0,1784967667.4959702,4185.07470703125,nan,nan,52.95888137817383,nan
2.883805990219116,1784967667.5665874,SMC,circle,circle_smc_tune_base_p01,1784967667.56206,1.0516666710322944,-0.03863062358906346,1.5858918323213815,4.403859823956887e-07,-0.0003780962761922822,1784967667.561651,1.0516368893884214,-0.038627679701722754,1.5857518146981697,0.0049364566802978516,0,0,1784967667.5606184,1.0516666711531946,-0.03863063164944002,1.5859057447894724,nan,nan,nan,nan,-3.397001816778126e-06,-2.973428806930215e-05,0.00015393009130271196,1784967667.5606747,0.0,0.0,1784967667.542412,4185.12109375,nan,nan,46.555728912353516,nan
2.92336368560791,1784967667.6061451,SMC,circle,circle_smc_tune_base_p01,1784967667.56206,1.0516666710322944,-0.03863062358906346,1.5858918323213815,4.403859823956887e-07,-0.0003780962761922822,1784967667.561651,1.0516368893884214,-0.038627679701722754,1.5857518146981697,0.0444941520690918,0,0,1784967667.600622,1.0516666710322944,-0.03863062358906346,1.5858918323213815,nan,nan,nan,nan,-3.3889405335655023e-06,-2.973428772501429e-05,0.0001400176232118078,1784967667.6006749,0.0,0.0,1784967667.5930617,4185.171875,nan,nan,50.576927185058594,nan
2.9632232189178467,1784967667.6460047,SMC,circle,circle_smc_tune_base_p01,1784967667.6118467,1.0516627953385815,-0.038630110007598466,1.5858459418775606,5.302907072352536e-07,-0.0003975468960574944,1784967667.561651,1.0516368893884214,-0.038627679701722754,1.5857518146981697,0.08435368537902832,0,0,1784967667.641061,1.0516627953385815,-0.038630110007598466,1.5858459418775606,nan,nan,nan,nan,-2.817455773278729e-06,-2.586670801080251e-05,9.412717939083493e-05,1784967667.6411228,0.0,0.0,1784967667.643206,4185.2216796875,nan,nan,49.89817428588867,nan
3.003842353820801,1784967667.6866238,SMC,circle,circle_smc_tune_base_p01,1784967667.6622407,1.0516627952376445,-0.03863010327856719,1.5858320513322186,3.6969176632763226e-07,-0.00037714905642329514,1784967667.6833704,1.0516338305777606,-0.03862757082066461,1.5857461229128622,0.003253459930419922,0,0,1784967667.6810706,1.0516627952376445,-0.03863010327856719,1.5858320513322186,nan,nan,nan,nan,-2.9651745407230773e-06,-2.8923564876425496e-05,8.592841935639584e-05,1784967667.6811392,0.0,0.0,1784967667.643206,4185.2216796875,nan,nan,49.89817428588867,nan
3.0431268215179443,1784967667.7259083,SMC,circle,circle_smc_tune_base_p01,1784967667.71221,1.0516589199600912,-0.03862964639399726,1.5857998634488502,4.908939801530265e-07,-0.00038133620358445335,1784967667.6833704,1.0516338305777606,-0.03862757082066461,1.5857461229128622,0.04253792762756348,0,0,1784967667.6810706,1.0516627952376445,-0.03863010327856719,1.5858320513322186,nan,nan,nan,nan,-2.9651745407230773e-06,-2.8923564876425496e-05,8.592841935639584e-05,1784967667.7217,0.0,0.0,1784967667.693647,4185.2724609375,nan,nan,50.785545349121094,nan
3.0831284523010254,1784967667.76591,SMC,circle,circle_smc_tune_base_p01,1784967667.7623785,1.0516556651488385,-0.038629285868930476,1.585777517274252,5.670802171981695e-07,-0.0003735407044715494,1784967667.7595778,1.0516338305777606,-0.03862757082066461,1.5857461229128622,0.0063321590423583984,0,0,1784967667.7608511,1.051698640402501,-0.03856982401422524,1.5864168093102575,1784967667.7608867,5.9219721951359226e-05,-4.061348543065342e-05,0.0006169458614073697,5.677149588176167e-05,-6.5665853319515e-05,0.0006706863973953148,1784967667.760967,0.0025175946340401335,0.0025353849187683157,1784967667.7440157,4185.32275390625,nan,nan,50.27172088623047,nan
3.1240603923797607,1784967667.8068419,SMC,circle,circle_smc_tune_base_p01,1784967667.7623785,1.0516556651488385,-0.038629285868930476,1.585777517274252,5.670802171981695e-07,-0.0003735407044715494,1784967667.7595778,1.0516338305777606,-0.03862757082066461,1.5857461229128622,0.04726409912109375,0,0,1784967667.8011825,1.0516963494465856,-0.03842385458056562,1.5865627967209468,1784967667.8012245,0.0002047987592853064,-4.375722246241779e-05,0.0007852794466947088,0.00020275886607152912,-6.555728539697113e-05,0.0008166738080845892,1784967667.8012698,0.004705740365705549,0.004725544052371871,1784967667.7951102,4185.37353515625,nan,nan,50.99147033691406,nan
3.1633963584899902,1784967667.8461778,SMC,circle,circle_smc_tune_base_p01,1784967667.8123982,1.051655665020856,-0.03862927731013954,1.5857639440937077,3.947375828475114e-07,-0.00035511892477771943,1784967667.7595778,1.0516338305777606,-0.03862757082066461,1.5857461229128622,0.08660006523132324,0,0,1784967667.8409498,1.0516926988947293,-0.03819401064552419,1.5867926696450525,1784967667.8409908,0.00043466362106971883,-4.354438721579436e-05,0.0010287255513448113,0.00043263168991795024,-6.534313345146064e-05,0.00104654673219029,1784967667.8410373,0.006860541217289117,0.006882952287176696,1784967667.8433635,4185.42236328125,nan,nan,48.5379524230957,nan
3.2031400203704834,1784967667.8859215,SMC,circle,circle_smc_tune_base_p01,1784967667.8622572,1.0516556649481286,-0.038629272453660345,1.585751729733479,2.7537995886830393e-07,-0.00033686951342678503,1784967667.8796647,1.0516338305777606,-0.03862757082066461,1.5857461229128622,0.006256818771362305,0,0,1784967667.881723,1.0516874684467887,-0.03787033645022436,1.5871163861,1784967667.881759,0.0007583755152503818,-4.3149712711982025e-05,0.0013646563665208333,0.00075634790709974,-6.495195297882497e-05,0.0013702631871377324,1784967667.8817954,0.009067249116395934,0.009093106751792408,1784967667.8433635,4185.42236328125,nan,nan,48.5379524230957,nan
3.2434892654418945,1784967667.9262707,SMC,circle,circle_smc_tune_base_p01,1784967667.912868,1.0516527556306097,-0.038628964681110156,1.585739373534772,3.4436435284858673e-07,-0.00032014373498627367,1784967667.8796647,1.0516338305777606,-0.03862757082066461,1.5857461229128622,0.04660606384277344,0,0,1784967667.9214344,1.051680819074158,-0.03746790046080556,1.5875188770215407,1784967667.921486,0.0011605152552625225,-4.540950162989184e-05,0.0017795034867686967,0.0011588383289202274,-6.43194352796297e-05,0.0017727541086784981,1784967667.9215298,0.011224014505827338,0.011253982999628731,1784967667.8973129,4185.47607421875,nan,nan,53.64699172973633,nan
3.2833123207092285,1784967667.9660938,SMC,circle,circle_smc_tune_base_p01,1784967667.9620934,1.051650303514064,-0.03862872164406572,1.585732133214059,3.909709318392231e-07,-0.00029907351861335697,1784967667.9576125,1.0516338305777606,-0.03862757082066461,1.5857461229128622,0.008481264114379883,0,0,1784967667.9606469,1.0516726365403148,-0.03698559234805607,1.5880012545438156,1784967667.9606807,0.001642891788039666,-4.443476578279547e-05,0.002261881009043565,0.0016412148682652444,-6.334795517415706e-05,0.0022551316309533664,1784967667.9607203,0.013360476965232817,0.01339499651311154,1784967667.9450011,4185.52392578125,nan,nan,47.86772537231445,nan
3.3237953186035156,1784967668.0065768,SMC,circle,circle_smc_tune_base_p01,1784967667.9620934,1.051650303514064,-0.03862872164406572,1.585732133214059,3.909709318392231e-07,-0.00029907351861335697,1784967667.9576125,1.0516338305777606,-0.03862757082066461,1.5857461229128622,0.04896426200866699,0,0,1784967668.000747,1.0516625477677872,-0.03640892920214173,1.5885780059429537,1784967668.0007904,0.002219361981745597,-4.539604558093944e-05,0.002845872728894694,0.0022179643937843526,-6.188098536453455e-05,0.00283188303009152,1784967668.0008397,0.015536753489255303,0.015576900725004908,1784967667.9994075,4185.578125,nan,nan,54.29704284667969,nan
3.36321759223938,1784967668.045999,SMC,circle,circle_smc_tune_base_p01,1784967668.0119853,1.0516503034229467,-0.038628715546408024,1.585721318718287,2.7067320330537804e-07,-0.0002841820979516598,1784967667.9576125,1.0516338305777606,-0.03862757082066461,1.5857461229128622,0.08838653564453125,0,0,1784967668.040712,1.0516505689448665,-0.03574764038065316,1.5892394032619466,1784967668.0407493,0.0028807503214437406,-4.3263919530007166e-05,0.0035180845436595387,0.0028793583931022554,-5.978926583875489e-05,0.00349328034908436,1784967668.0407944,0.01770907639331008,0.017755874904339067,1784967668.0449717,4185.6240234375,nan,nan,45.77315902709961,nan
3.403139591217041,1784967668.085921,SMC,circle,circle_smc_tune_base_p01,1784967668.062671,1.0516503033680562,-0.038628711875266925,1.5857113354029388,1.89444137769509e-07,-0.000269537436554072,1784967668.079444,1.0516338305777606,-0.03862757082066461,1.5857461229128622,0.0064771175384521484,0,0,1784967668.0812051,1.051636325192779,-0.03499094840290486,1.5899962293060297,1784967668.0812495,0.0036375673328871345,-4.0278641339355907e-05,0.004284893903090837,0.0036361787467152767,-5.685907485158042e-05,0.004250106393167474,1784967668.0813012,0.01990903908914089,0.019963406616614863,1784967668.0449717,4185.6240234375,nan,nan,45.77315902709961,nan
3.44346022605896,1784967668.1262417,SMC,circle,circle_smc_tune_base_p01,1784967668.112025,1.051648105676891,-0.03862850424136616,1.5857110596755448,2.36741121488659e-07,-0.0002449328203555647,1784967668.079444,1.0516338305777606,-0.03862757082066461,1.5857461229128622,0.046797752380371094,0,0,1784967668.120646,1.05162013754232,-0.034165684869326605,1.5908216516091962,1784967668.120684,0.0044627401276056715,-3.8594267203791154e-05,0.005110591933651376,0.004461592053354741,-5.3010295310195706e-05,0.005075528696333987,1784967668.1207263,0.0220625494803895,0.022124797027114007,1784967668.0938554,4185.6728515625,nan,nan,48.77629470825195,nan
3.4830336570739746,1784967668.165815,SMC,circle,circle_smc_tune_base_p01,1784967668.1618447,1.0516481056300595,-0.03862850110698785,1.5857026016819007,1.6443872872938092e-07,-0.0002323374712291306,1784967668.1620195,1.0516830664800454,-0.03863655625457145,1.5861956615040473,0.003795623779296875,0,0,1784967668.160846,1.0516012018599745,-0.03324155812761362,1.5917459723628549,1784967668.1608837,0.005387046495744039,-3.344328343286854e-05,0.006034912687310045,0.0053956190668546615,-1.2211847891205769e-06,0.005550310858807529,1784967668.1609268,0.024251054153567944,0.024322253283870693,1784967668.1467266,4185.7255859375,nan,nan,52.685062408447266,nan
3.5236737728118896,1784967668.2064552,SMC,circle,circle_smc_tune_base_p01,1784967668.1618447,1.0516481056300595,-0.03862850110698785,1.5857026016819007,1.6443872872938092e-07,-0.0002323374712291306,1784967668.1620195,1.0516830664800454,-0.03863655625457145,1.5861956615040473,0.044435739517211914,0,0,1784967668.2007732,1.051579556243325,-0.03223278831102441,1.5927549744252691,1784967668.200809,0.006396024033084716,-2.6790951361705553e-05,0.007052372743368451,0.006404602591139502,4.888095307607399e-06,0.006559312921221805,1784967668.2008498,0.026436932883344547,0.026518267995616126,1784967668.1940997,4185.77294921875,nan,nan,47.4625129699707,nan
3.5633935928344727,1784967668.246175,SMC,circle,circle_smc_tune_base_p01,1784967668.2119682,1.051652666365622,-0.03862986382721277,1.5858083464902384,-4.388584113218203e-07,-8.632800913974933e-05,1784967668.1620195,1.0516830664800454,-0.03863655625457145,1.5861956615040473,0.08415555953979492,0,0,1784967668.241318,1.0515546554489148,-0.031126851153446152,1.5938611919313974,1784967668.2413623,0.0075036385339660805,-1.4631270473679751e-05,0.008052845441159029,0.0075107920611239744,1.2755913938750576e-05,0.007665530427350077,1784967668.2414107,0.028645362781600837,0.028734138916722635,1784967668.1940997,4185.77294921875,nan,nan,47.4625129699707,nan
3.6041195392608643,1784967668.286901,SMC,circle,circle_smc_tune_base_p01,1784967668.2627769,1.051652666456644,-0.03862986984944365,1.585805299258669,-3.048889074796287e-07,-8.187074605607517e-05,1784967668.2827272,1.0516830664800454,-0.03863655625457145,1.5861956615040473,0.004173755645751953,0,0,1784967668.2818725,1.0515262270641212,-0.02992581934646022,1.595062560213001,1784967668.2819173,0.008704967798015405,-4.208798222093578e-06,0.009257260954331992,0.00871211922578773,2.2686568237650624e-05,0.008866898708953741,1784967668.2819664,0.03086820280213517,0.030969032396241665,1784967668.2465985,4185.82568359375,nan,nan,52.6750602722168,nan
3.6429483890533447,1784967668.3257298,SMC,circle,circle_smc_tune_base_p01,1784967668.3122613,1.0516567385588926,-0.03863104221589205,1.5858955498520955,-7.626739204818126e-07,3.603493396517542e-05,1784967668.2827272,1.0516830664800454,-0.03863655625457145,1.5861956615040473,0.04300260543823242,0,0,1784967668.3213277,1.0514952125724266,-0.02867998155062719,1.5963087840746024,1784967668.3213735,0.00995236515711309,1.1259998522735533e-05,0.01041323422250695,0.009958286889520258,3.451306766041385e-05,0.010113122570555078,1784967668.3214238,0.033019153861830096,0.03312955759214752,1784967668.2941904,4185.873046875,nan,nan,47.43657684326172,nan
3.6829946041107178,1784967668.365776,SMC,circle,circle_smc_tune_base_p01,1784967668.3620274,1.0516567387106652,-0.03863105216049982,1.5858967908497406,-5.30940777102985e-07,3.419038519043914e-05,1784967668.2827272,1.0516830664800454,-0.03863655625457145,1.5861956615040473,0.08304882049560547,0,0,1784967668.3645475,1.0514591713154922,-0.02730469355159859,1.597684544355685,1784967668.3646865,0.01132804055984586,2.653215585341265e-05,0.011788994503589612,0.011333966813653843,4.9372368091866043e-05,0.011488882851637738,1784967668.3647404,0.03524438383973421,0.03536879214231021,1784967668.345192,4185.923828125,nan,nan,50.88526153564453,nan
3.7229156494140625,1784967668.405697,SMC,circle,circle_smc_tune_base_p01,1784967668.3620274,1.0516567387106652,-0.03863105216049982,1.5858967908497406,-5.30940777102985e-07,3.419038519043914e-05,1784967668.3717256,1.0516830664800454,-0.03863655625457145,1.5861956615040473,0.033971548080444336,0,0,1784967668.4010005,1.0514204074542655,-0.025900093277871586,1.5990896795416183,1784967668.401043,0.012733076004050095,4.406823125485649e-05,0.013192888691877734,0.01273899746164303,6.650257831441534e-05,0.012894018037570955,1784967668.4010901,0.03738337433398178,0.0375222393780591,1784967668.3941245,4185.97314453125,nan,nan,49.12653732299805,nan
3.7638914585113525,1784967668.446673,SMC,circle,circle_smc_tune_base_p01,1784967668.4119215,1.051660208220343,-0.03863200331598114,1.5859676556633162,-7.85512472484412e-07,0.00011587006048835737,1784967668.3717256,1.0516830664800454,-0.03863655625457145,1.5861956615040473,0.07494735717773438,0,0,1784967668.4410367,1.051375799169031,-0.024365535133864503,1.6006248860617154,1784967668.4410787,0.014269141060411888,6.794334317802877e-05,0.014657230398399168,0.014274060567828411,8.74753339396198e-05,0.014429224557668041,1784967668.4411254,0.03959131193007302,0.03974390804866944,1784967668.4450192,4186.02392578125,nan,nan,50.92250442504883,nan
3.803046941757202,1784967668.4858284,SMC,circle,circle_smc_tune_base_p01,1784967668.4626288,1.0516602083829931,-0.0386320139408585,1.5859717572617629,-5.470503465411301e-07,0.00010993507670002625,1784967668.4786892,1.0516830664800454,-0.03863655625457145,1.5861956615040473,0.0071392059326171875,0,0,1784967668.480721,1.0513265609009672,-0.022758645169681145,1.6022325304007035,1784967668.4807556,0.015876604087748984,9.273310586368336e-05,0.016260773138940587,0.015881518213830735,0.00011196370554277988,0.01603686889665612,1784967668.4807916,0.04178122849326158,0.04195078084195938,1784967668.4450192,4186.02392578125,nan,nan,50.92250442504883,nan
3.843486785888672,1784967668.5262682,SMC,circle,circle_smc_tune_base_p01,1784967668.5123985,1.051663246279317,-0.03863280796795694,1.5860279525480108,-7.480237493175685e-07,0.0001679107864685714,1784967668.4786892,1.0516830664800454,-0.03863655625457145,1.5861956615040473,0.047579050064086914,0,0,1784967668.521247,1.051271788971164,-0.021062701318549336,1.6039293586776115,1784967668.5212908,0.017574030835818943,0.00012380095859397083,0.017901406129600783,0.01757810439923401,0.0001406137663616022,0.01773369717356421,1784967668.5213404,0.04397724016511796,0.044163283492651334,1784967668.494494,4186.0732421875,nan,nan,49.447696685791016,nan
3.8830347061157227,1784967668.5658162,SMC,circle,circle_smc_tune_base_p01,1784967668.5621953,1.051665816382612,-0.03863344292973182,1.5860693281734035,-8.863160701774982e-07,0.00020523333246417002,1784967668.559357,1.0516830664800454,-0.03863655625457145,1.5861956615040473,0.006459236145019531,0,0,1784967668.560757,1.05121084860675,-0.01927253709408608,1.605720560100228,1784967668.5607939,0.019364915588010945,0.00015746819681205625,0.019692607552217245,0.01936899477253789,0.00017398065669545627,0.019524898596180673,1784967668.560835,0.04618483431734017,0.04639061206272806,1784967668.5462234,4186.125,nan,nan,51.64247131347656,nan
3.9231443405151367,1784967668.6059258,SMC,circle,circle_smc_tune_base_p01,1784967668.5621953,1.051665816382612,-0.03863344292973182,1.5860693281734035,-8.863160701774982e-07,0.00020523333246417002,1784967668.559357,1.0516830664800454,-0.03863655625457145,1.5861956615040473,0.046568870544433594,0,0,1784967668.6005814,1.0511441348493362,-0.017412668124149756,1.6075816254699693,1784967668.600621,0.021226267159245256,0.0001975283669093602,0.02151229729656579,0.021229670529500963,0.00021204689121038546,0.021385963965921965,1784967668.6006663,0.048374560617326264,0.0485998686839709,1784967668.5951993,4186.173828125,nan,nan,48.980506896972656,nan
3.963519811630249,1784967668.6463013,SMC,circle,circle_smc_tune_base_p01,1784967668.6118886,1.0516658165912711,-0.03863345650099052,1.586076739679236,-6.183715138186957e-07,0.00019511114498888422,1784967668.559357,1.0516830664800454,-0.03863655625457145,1.5861956615040473,0.0869443416595459,0,0,1784967668.6406956,1.0510700825559987,-0.01545277838977905,1.609542914012255,1784967668.640732,0.023187074631589026,0.00024146793886854572,0.02346617433301912,0.023190468195799827,0.0002559105991836376,0.023347252508207683,1784967668.6407883,0.05058220180986838,0.05082974353481569,1784967668.5951993,4186.173828125,nan,nan,48.980506896972656,nan
4.004086971282959,1784967668.6868684,SMC,circle,circle_smc_tune_base_p01,1784967668.6620395,1.0516639442187576,-0.03851056461895709,1.5860117898863826,0.0010392252452513222,-5.675980793317184e-05,1784967668.6775236,1.0516830664800454,-0.03863655625457145,1.5861956615040473,0.009344816207885742,0,0,1784967668.6806326,1.0509889700131128,-0.013414144081141497,1.6115831616768563,1784967668.68068,0.025103785202570526,0.0002930571486576176,0.02557137179047375,0.025230109818674067,0.0003056211534599225,0.025387500172808997,1784967668.6807318,0.052780227190686625,0.053056948008196464,1784967668.6501374,4186.22900390625,nan,nan,54.97948455810547,nan
4.043200492858887,1784967668.725982,SMC,circle,circle_smc_tune_base_p01,1784967668.7120557,1.051662129714972,-0.038240965609428586,1.5859177274605876,0.003159291102458199,-0.0004921097595882962,1784967668.6775236,1.0516830664800454,-0.03863655625457145,1.5861956615040473,0.04845833778381348,0,0,1784967668.7208633,1.0508990805409406,-0.011268057073055731,1.6137311307961384,1784967668.7209046,0.02698136275879371,0.00035510932387830036,0.027813403335550824,0.02737732655413802,0.00036245296167881436,0.027535469292091053,1784967668.7209508,0.05499818754628288,0.05531061446922218,1784967668.6954434,4186.2744140625,nan,nan,45.2672004699707,nan
4.083340883255005,1784967668.7661223,SMC,circle,circle_smc_tune_base_p01,1784967668.7618952,1.0516568410019251,-0.03776898265378523,1.5862092952845572,0.007234035500053637,0.0005877041479906931,1784967668.7594097,1.0516830664800454,-0.03863655625457145,1.5861956615040473,0.006712675094604492,0,0,1784967668.7611701,1.050800809718684,-0.009038637747841003,1.6159627153786318,1784967668.7612085,0.02921201313881488,0.00041965825306595036,0.03004498791804422,0.02960799478834796,0.0004263819147016657,0.029767053874584448,1784967668.7612488,0.05722014401876358,0.05756006342008966,1784967668.7512994,4186.330078125,nan,nan,55.72465133666992,nan
4.1238110065460205,1784967668.8065925,SMC,circle,circle_smc_tune_base_p01,1784967668.7618952,1.0516568410019251,-0.03776898265378523,1.5862092952845572,0.007234035500053637,0.0005877041479906931,1784967668.7594097,1.0516830664800454,-0.03863655625457145,1.5861956615040473,0.04718279838562012,0,0,1784967668.8007581,1.0506950663899437,-0.006756817426036898,1.6182469850434116,1784967668.8007996,0.03102330489679678,0.0004836897743383752,0.03203768975885435,0.03189117287317725,0.0004969755796195332,0.03205132353936424,1784967668.800848,0.059399962828897854,0.05976956472604742,1784967668.797084,4186.3759765625,nan,nan,45.84636688232422,nan
4.162931203842163,1784967668.8457127,SMC,circle,circle_smc_tune_base_p01,1784967668.812338,1.0516402415835802,-0.03671148488637101,1.5869016975967356,0.013376556721877455,0.002979271514967392,1784967668.7594097,1.0516830664800454,-0.03863655625457145,1.5861956615040473,0.0863029956817627,0,0,1784967668.8407407,1.0505791926599144,-0.004376532353971699,1.6206300894123746,1784967668.840782,0.032347846902669855,0.000540167429933358,0.033728391815639025,0.03427296002883163,0.000576182212972627,0.03443442790832729,1784967668.8408272,0.061580593972486955,0.06198113294536226,1784967668.797084,4186.3759765625,nan,nan,45.84636688232422,nan
4.203502655029297,1784967668.886284,SMC,circle,circle_smc_tune_base_p01,1784967668.8623745,1.0516155176468875,-0.03520525041385731,1.5877576564261118,0.020273575589357426,0.005334814669617053,1784967668.8786116,1.0516830664800454,-0.03863655625457145,1.5861956615040473,0.007672548294067383,0,0,1784967668.8805804,1.0504530146095017,-0.0019079755993660797,1.6231018694312707,1784967668.880618,0.0333122019895254,0.0005975968480031438,0.03534421300515889,0.036743167074288596,0.0006643326734920615,0.03690620792722332,1784967668.8806586,0.06375473418812466,0.06419264441199586,1784967668.845896,4186.4248046875,nan,nan,48.9993896484375,nan
4.2434163093566895,1784967668.9261978,SMC,circle,circle_smc_tune_base_p01,1784967668.9118934,1.0516017440819407,-0.03425171574123993,1.5875225269714905,0.025328109130476752,0.00446748400384643,1784967668.8786116,1.0516830664800454,-0.03863655625457145,1.5861956615040473,0.04758620262145996,0,0,1784967668.9209402,1.0503145643688219,0.0006726866762448267,1.6256862436238584,1784967668.9209826,0.03494104582685477,0.0007028743542875411,0.03816371665236784,0.03932565532478576,0.000763027586986246,0.039490582119811046,1784967668.9210296,0.0659634404787154,0.06646786338588062,1784967668.8960555,4186.474609375,nan,nan,50.021175384521484,nan
4.283390760421753,1784967668.9661722,SMC,circle,circle_smc_tune_base_p01,1784967668.962021,1.0515888221263179,-0.033344916664957876,1.5872440917893451,0.030303394730091342,0.003387891458188016,1784967668.9583406,1.0516830664800454,-0.03863655625457145,1.5861956615040473,0.007831573486328125,0,0,1784967668.9605534,1.050166915928065,0.0032969242279022224,1.628314632249382,1784967668.9605916,0.03756738578337353,0.0008066106660580707,0.040792105277891455,0.041951855325285184,0.0008702486062106987,0.04211897074533466,1784967668.9606333,0.0681605209945183,0.06870152569356419,1784967668.9464507,4186.52490234375,nan,nan,50.14116668701172,nan
4.323092460632324,1784967669.005874,SMC,circle,circle_smc_tune_base_p01,1784967668.962021,1.0515888221263179,-0.033344916664957876,1.5872440917893451,0.030303394730091342,0.003387891458188016,1784967668.9583406,1.0516830664800454,-0.03863655625457145,1.5861956615040473,0.047533273696899414,0,0,1784967669.0009015,1.0500044498180339,0.006052150906082966,1.6310746456770329,1784967669.0009387,0.0394177968754935,0.0009361935113797978,0.04383055388768775,0.04470925709449664,0.0009902684721375364,0.044878984172985525,1784967669.0009818,0.0703730074482403,0.07098594735211451,1784967668.996403,4186.5751953125,nan,nan,50.24816131591797,nan
4.363327264785767,1784967669.0461087,SMC,circle,circle_smc_tune_base_p01,1784967669.0123034,1.0515437897057918,-0.03081018725463276,1.5884375924752547,0.03921498176004037,0.007068690697128855,1784967668.9583406,1.0516830664800454,-0.03863655625457145,1.5861956615040473,0.0877680778503418,0,0,1784967669.0416162,1.0498277887348273,0.008911251042933657,1.6339391994541403,1784967669.0416577,0.03974552837781373,0.0010150338556573673,0.045501606978885605,0.04757073859087462,0.00112288210924097,0.04774353795009301,1784967669.0417056,0.07256476727174777,0.07323562473232657,1784967668.996403,4186.5751953125,nan,nan,50.24816131591797,nan
4.403033256530762,1784967669.0858147,SMC,circle,circle_smc_tune_base_p01,1784967669.0625825,1.05148963252473,-0.02783919700607735,1.5892928224176037,0.04749528759752468,0.008735363902885368,1784967669.0809875,1.0516830664800454,-0.03863655625457145,1.5861956615040473,0.004827260971069336,0,0,1784967669.0814896,1.049641034058981,0.011798634688030843,1.6368326174093628,1784967669.0815241,0.039665242076783916,0.0011151630769301892,0.04753979499175909,0.050460655670465,0.0012651526122167552,0.05063695590531547,1784967669.0815592,0.0747010519740306,0.07545433430073528,1784967669.0467095,4186.62548828125,nan,nan,50.219482421875,nan
4.44300651550293,1784967669.125788,SMC,circle,circle_smc_tune_base_p01,1784967669.112336,1.0514709107601896,-0.02665900026626665,1.5891073120733332,0.054193484560324565,0.008360725285469314,1784967669.0809875,1.0516830664800454,-0.03863655625457145,1.5861956615040473,0.044800519943237305,0,0,1784967669.121073,1.0494406137002945,0.014762365670039284,1.6398031184011637,1784967669.1211154,0.04145159666234719,0.001271533060078028,0.05069580632783044,0.053427121468767325,0.0014199115259997388,0.053607456897116317,1784967669.1211607,0.0768712553937937,0.07770626989574482,1784967669.0981245,4186.6767578125,nan,nan,51.29998779296875,nan
4.483050584793091,1784967669.165832,SMC,circle,circle_smc_tune_base_p01,1784967669.1618228,1.0514573105178466,-0.025718149475699413,1.5891562066408602,0.05939571003555351,0.008808373958024928,1784967669.1583738,1.051696759204519,-0.03863135122965756,1.5862745649808503,0.007458209991455078,0,0,1784967669.1605725,1.049225212206552,0.017811125018737505,1.6428594787597433,1784967669.160612,0.04450378890591316,0.0014310757756656881,0.05375216668641004,0.056473968921695886,0.0015976557342330519,0.056584913778892965,1784967669.1606536,0.07907145958881918,0.0799556332794162,1784967669.1475277,4186.72607421875,nan,nan,49.49139404296875,nan
4.522940397262573,1784967669.2057219,SMC,circle,circle_smc_tune_base_p01,1784967669.1618228,1.0514573105178466,-0.025718149475699413,1.5891562066408602,0.05939571003555351,0.008808373958024928,1784967669.1583738,1.051696759204519,-0.03863135122965756,1.5862745649808503,0.0473480224609375,0,0,1784967669.200992,1.0489896440962507,0.02100323128944344,1.6460602667134838,1784967669.2010326,0.04675880995734098,0.001609499780367227,0.056904060072623615,0.05966933885797008,0.001783789418519718,0.059785701732633534,1784967669.2011008,0.08129058759556243,0.08224879899140707,1784967669.1979663,4186.7763671875,nan,nan,50.40339660644531,nan
4.563387155532837,1784967669.2461686,SMC,circle,circle_smc_tune_base_p01,1784967669.211868,1.0513904921164605,-0.02222184173701087,1.5899513895775734,0.06410820008468167,0.010091470663228509,1784967669.1583738,1.051696759204519,-0.03863135122965756,1.5862745649808503,0.08779478073120117,0,0,1784967669.2407491,1.048741615354686,0.024223109731663896,1.64928968531491,1784967669.2407842,0.04648716731918584,0.0017587892610097123,0.05933829573733651,0.06289267049997194,0.001981952394344789,0.06301512033405965,1784967669.2408285,0.08341209990893257,0.08447807445523663,1784967669.1979663,4186.7763671875,nan,nan,50.40339660644531,nan
4.604177236557007,1784967669.2869587,SMC,circle,circle_smc_tune_base_p01,1784967669.261986,1.0513220169060806,-0.018687966429760443,1.5905335208844757,0.0668245742053078,0.010347882380170268,1784967669.2796981,1.0516970845114684,-0.03863146719641345,1.5862718441844608,0.007260560989379883,0,0,1784967669.281068,1.0484741788132008,0.02755211057191314,1.652629412738717,1784967669.2811096,0.04628727540898647,0.0019346932926424488,0.06209589185424136,0.06622552686213663,0.002198335549564621,0.06635756855425634,1784967669.281152,0.08554862286229566,0.08673513475580148,1784967669.2475703,4186.826171875,nan,nan,49.58893585205078,nan
4.643030166625977,1784967669.3258116,SMC,circle,circle_smc_tune_base_p01,1784967669.3119335,1.0513292913402603,-0.018713066641688494,1.5902184899380742,0.0678502121498733,0.009885352077279703,1784967669.2796981,1.0516970845114684,-0.03863146719641345,1.5862718441844608,0.04611349105834961,0,0,1784967669.3217173,1.0481854630565348,0.03099914668278793,1.6560885205237927,1784967669.3217623,0.04976389349524131,0.0021777773279385167,0.0658700305857185,0.0696766180604588,0.002433674196380961,0.06981667633933199,1784967669.3218143,0.08778675660649884,0.08904887988506542,1784967669.299481,4186.8779296875,nan,nan,51.98752212524414,nan
4.683142423629761,1784967669.365924,SMC,circle,circle_smc_tune_base_p01,1784967669.3618903,1.0512484122029064,-0.014943082378206053,1.5914541640887359,0.07106346401361856,0.012382435571601624,1784967669.2796981,1.0516970845114684,-0.03863146719641345,1.5862718441844608,0.08622574806213379,0,0,1784967669.3626375,1.0478762524529432,0.034541451966774515,1.6596442976883439,1784967669.3627563,0.05331153584651133,0.0024181347072886883,0.06942580775026964,0.07322328417973552,0.0026880309551024,0.0733724535038831,1784967669.3628747,0.0900308811551684,0.09136052111963834,1784967669.3470874,4186.92578125,nan,nan,47.66173553466797,nan
4.723133087158203,1784967669.4059145,SMC,circle,circle_smc_tune_base_p01,1784967669.3618903,1.0512484122029064,-0.014943082378206053,1.5914541640887359,0.07106346401361856,0.012382435571601624,1784967669.3699079,1.0516970845114684,-0.03863146719641345,1.5862718441844608,0.03600668907165527,0,0,1784967669.4011986,1.0475546008692453,0.03808098767836157,1.6631984200964391,1784967669.4012463,0.053089057274015625,0.0025977384950689984,0.07174425600770329,0.07676737358116997,0.002954870063059607,0.07692657591197838,1784967669.4013195,0.09213723613432369,0.09357551483242477,1784967669.4022276,4186.98095703125,nan,nan,55.287452697753906,nan
4.763758897781372,1784967669.4465404,SMC,circle,circle_smc_tune_base_p01,1784967669.412271,1.051255452468513,-0.015140236621153262,1.591669968048792,0.07253907953774556,0.013943363349649808,1784967669.3699079,1.0516970845114684,-0.03863146719641345,1.5862718441844608,0.07663249969482422,0,0,1784967669.4409907,1.0472103930358239,0.04172297066918168,1.6668566346968086,1784967669.4410353,0.05693524882545513,0.0028573222326328173,0.07518666664801654,0.08041424705015073,0.0032426773584083163,0.08058479051234779,1784967669.4410846,0.0943437457554024,0.09584218847543449,1784967669.4022276,4186.98095703125,nan,nan,55.287452697753906,nan
4.803268671035767,1784967669.4860501,SMC,circle,circle_smc_tune_base_p01,1784967669.4620206,1.0511602919570227,-0.011135654962147822,1.5933999019773237,0.07586373556786259,0.01742776450179429,1784967669.4789755,1.0516970845114684,-0.03863146719641345,1.5862718441844608,0.007074594497680664,0,0,1784967669.4806695,1.0468416497285045,0.04547569650034217,1.6706274356248252,1784967669.4807084,0.05669449853887101,0.0030380290540844186,0.07722753364750146,0.08417222978274175,0.0035533034553477793,0.08435559144036442,1784967669.4807522,0.09647589769163847,0.09807509303650469,1784967669.4470258,4187.02587890625,nan,nan,44.8109245300293,nan
4.843625068664551,1784967669.5264065,SMC,circle,circle_smc_tune_base_p01,1784967669.5124085,1.0511842430869343,-0.011937313802223966,1.593324978531597,0.07660395162196401,0.01822505151041596,1784967669.4789755,1.0516970845114684,-0.03863146719641345,1.5862718441844608,0.047430992126464844,0,0,1784967669.521191,1.046444063014456,0.04936824357246711,1.6745402373623195,1784967669.5212336,0.061396781349714706,0.003357962482873184,0.08121525883072245,0.08807046336244806,0.0038906057855297442,0.08826839317785873,1784967669.5212805,0.09874110244699685,0.10040835555750925,1784967669.4975436,4187.076171875,nan,nan,50.28626251220703,nan
4.884012937545776,1784967669.5667944,SMC,circle,circle_smc_tune_base_p01,1784967669.5625763,1.0512058346091226,-0.01267698180871315,1.5929900690833922,0.07777983883298988,0.018276221854573765,1784967669.55799,1.0516572235951078,-0.038572165226867274,1.585635322715163,0.0088043212890625,0,0,1784967669.5606627,1.0460334039028647,0.05323926072593019,1.6784329785358212,1784967669.5607004,0.06527606700994859,0.003681315965368734,0.08510800000422415,0.09188476666796826,0.004260861155905244,0.09279765582065824,1784967669.5607426,0.100925684082276,0.10267963888747317,1784967669.5476284,4187.12646484375,nan,nan,50.039329528808594,nan
4.923495054244995,1784967669.6062765,SMC,circle,circle_smc_tune_base_p01,1784967669.5625763,1.0512058346091226,-0.01267698180871315,1.5929900690833922,0.07777983883298988,0.018276221854573765,1784967669.55799,1.0516572235951078,-0.038572165226867274,1.585635322715163,0.04828643798828125,0,0,1784967669.601438,1.0455844632850897,0.05731574953441997,1.6825341164581764,1784967669.6014822,0.0701002431887044,0.004066713823122061,0.08954404737478416,0.09596746825535038,0.004649263566322748,0.09689879374301347,1784967669.6015308,0.1031907221199371,0.10503699278939106,1784967669.5979145,4187.17626953125,nan,nan,50.2572135925293,nan
4.9635820388793945,1784967669.6463635,SMC,circle,circle_smc_tune_base_p01,1784967669.6121356,1.0510976077721825,-0.00827743837362223,1.5948569343011922,0.08266235389234178,0.02175955886962927,1784967669.55799,1.0516572235951078,-0.038572165226867274,1.585635322715163,0.08837342262268066,0,0,1784967669.6407673,1.0451238665522198,0.061346883386039115,1.6865914816209007,1784967669.6408045,0.0697478875003951,0.004296970315020167,0.09173454731970843,0.10000499283795244,0.005049993805865713,0.10095615890573771,1784967669.6408467,0.10528067931785134,0.10724525148504108,1784967669.5979145,4187.17626953125,nan,nan,50.2572135925293,nan
5.003200054168701,1784967669.6859815,SMC,circle,circle_smc_tune_base_p01,1784967669.6620662,1.0509679067923434,-0.0036263728719417936,1.597354676037221,0.08708452423980165,0.026496267719087675,1784967669.6796284,1.051306075059917,-0.03515976118352109,1.5794076493663132,0.006353139877319336,0,0,1784967669.6808214,1.044631265752057,0.06550601259811883,1.6907796837401574,1784967669.680856,0.06927627672290228,0.00449858020561626,0.09342500770293638,0.10071951960136175,0.005807707088301819,0.11137203437384424,1784967669.6808918,0.10739519323346315,0.10945979544686629,1784967669.647592,4187.2265625,nan,nan,49.92082977294922,nan
5.044034481048584,1784967669.726816,SMC,circle,circle_smc_tune_base_p01,1784967669.7123997,1.0509931358691,-0.004523904810989795,1.595534458153336,0.088318760830358,0.025568227063289917,1784967669.6796284,1.051306075059917,-0.03515976118352109,1.5794076493663132,0.04718756675720215,0,0,1784967669.7210867,1.0441035765253155,0.06980455934460464,1.695110502296426,1784967669.721131,0.07447613917013651,0.005048891560676735,0.09957604414308996,0.10502245101571896,0.00629836103466371,0.11570285293011272,1784967669.7211792,0.10925243862844344,0.11148749785679223,1784967669.697708,4187.2763671875,nan,nan,49.91178894042969,nan
5.0831077098846436,1784967669.7658892,SMC,circle,circle_smc_tune_base_p01,1784967669.7619367,1.0510490213347783,-0.004835337997292189,1.5957893575433624,0.08966416931406562,0.026432175013307142,1784967669.7592196,1.0518415878109912,-0.03120341928627348,1.5884726638522766,0.006669521331787109,0,0,1784967669.7606704,1.043561432235075,0.07406864761883522,1.6994089203414697,1784967669.7607105,0.07875233302166745,0.005485395152872863,0.10387446218813379,0.10540197625151698,0.006418134394799756,0.11093625648919314,1784967669.760754,0.10930792489292301,0.11164532857803355,1784967669.7475317,4187.326171875,nan,nan,49.92980194091797,nan
5.123197793960571,1784967669.8059793,SMC,circle,circle_smc_tune_base_p01,1784967669.7619367,1.0510490213347783,-0.004835337997292189,1.5957893575433624,0.08966416931406562,0.026432175013307142,1784967669.7592196,1.0518415878109912,-0.03120341928627348,1.5884726638522766,0.046759605407714844,0,0,1784967669.8011491,1.042993725239316,0.07838449833618502,1.7037619524535914,1784967669.8011882,0.08339515128891449,0.005973080951683696,0.10797259491022904,0.1097271871940426,0.006909468242747413,0.11528928860131482,1784967669.801232,0.10937255860458854,0.1117981891953971,1784967669.7475317,4187.326171875,nan,nan,49.92980194091797,nan
5.163284540176392,1784967669.846066,SMC,circle,circle_smc_tune_base_p01,1784967669.8120744,1.0509367645687013,-0.0003447505033601509,1.5971135551234248,0.08966416931406562,0.026432175013307142,1784967669.7592196,1.0518415878109912,-0.03120341928627348,1.5884726638522766,0.08684635162353516,0,0,1784967669.8413804,1.0424109689812027,0.08267082515219162,1.708087716155984,1784967669.8414307,0.08321117857569017,0.006338355612227262,0.1109741610325592,0.11402314484950027,0.00741637084927276,0.11961505230370739,1784967669.8414803,0.10933272622301554,0.11191041722149288,1784967669.8163648,4187.39501953125,nan,nan,68.98759460449219,nan
5.203248977661133,1784967669.8860304,SMC,circle,circle_smc_tune_base_p01,1784967669.862166,1.0507588575305584,0.005483331042326127,1.6002154873969714,0.09983641081461393,0.0323589169598715,1784967669.8786037,1.0515072336260707,-0.02312423687410573,1.5899544359426727,0.007426738739013672,0,0,1784967669.8804135,1.041820075425646,0.08688163414461633,1.7123397856292506,1784967669.8804529,0.08162601459065316,0.006540589843270324,0.11212429823227921,0.11017126001725946,0.0075780049351511485,0.12238534968657788,1784967669.8804963,0.10928085493876163,0.11195549626918498,1784967669.8482523,4187.42626953125,nan,nan,31.131162643432617,nan
5.24309778213501,1784967669.9258792,SMC,circle,circle_smc_tune_base_p01,1784967669.9121175,1.050760544190254,0.0059113543404012365,1.6014941361217006,0.10363767848191978,0.03735910698712302,1784967669.8786037,1.0515072336260707,-0.02312423687410573,1.5899544359426727,0.047275543212890625,0,0,1784967669.9210122,1.0411973397142178,0.09118481555520788,1.7166877966460963,1784967669.9210608,0.08552680873440123,0.006941401523666729,0.11519366052439572,0.11448558145583107,0.00811819059159719,0.12673336070342353,1784967669.9211137,0.10933687813810007,0.11207116873493542,1784967669.8977816,4187.4765625,nan,nan,50.14567565917969,nan
5.28324031829834,1784967669.9660218,SMC,circle,circle_smc_tune_base_p01,1784967669.9618628,1.0507758158347305,0.006761051313862574,1.6010732385815596,0.10360953293551127,0.03732829735751742,1784967669.9597592,1.0513260790199888,-0.016514819117859736,1.5880051699669955,0.006262540817260742,0,0,1784967669.9609468,1.040561687652221,0.09544700888346451,1.7209971323547144,1784967669.960981,0.08980650403092787,0.007445934654634137,0.11950299623301386,0.11213048356272848,0.008836159058395476,0.13299196238771893,1784967669.961015,0.10938510124707221,0.11223163102958826,1784967669.9483218,4187.52685546875,nan,nan,50.1284065246582,nan
5.323095321655273,1784967670.0058768,SMC,circle,circle_smc_tune_base_p01,1784967669.9618628,1.0507758158347305,0.006761051313862574,1.6010732385815596,0.10360953293551127,0.03732829735751742,1784967669.9597592,1.0513260790199888,-0.016514819117859736,1.5880051699669955,0.046117544174194336,0,0,1784967670.0006366,1.0399065290789729,0.09971377627273546,1.7253139095840235,1784967670.0006769,0.09323916189200712,0.008050413749295448,0.12424067100246394,0.116407893142873,0.009417798116518673,0.13730873961702805,1784967670.000721,0.10940528131992909,0.11240970282505865,1784967669.9990435,4187.57763671875,nan,nan,51.19431686401367,nan
5.363123655319214,1784967670.045905,SMC,circle,circle_smc_tune_base_p01,1784967670.0121908,1.050593780148777,0.012119610650607198,1.6043861475509251,0.10493352948688767,0.04253605018497981,1784967669.9597592,1.0513260790199888,-0.016514819117859736,1.5880051699669955,0.08614587783813477,0,0,1784967670.0411158,1.03922626567998,0.10401944901365585,1.7296729927596828,1784967670.041158,0.09222976001908281,0.008274783572708971,0.12528684520875766,0.1207246343176962,0.010023868800102968,0.1416678227926873,1784967670.041205,0.10936699555902404,0.11245205429271556,1784967669.9990435,4187.57763671875,nan,nan,51.19431686401367,nan
5.403679847717285,1784967670.0864613,SMC,circle,circle_smc_tune_base_p01,1784967670.0627306,1.0503943672855087,0.017442639509196105,1.6077449035012863,0.10514650351789406,0.046590697073075435,1784967670.07953,1.0509544890914513,-0.006661987075699052,1.5925430026792171,0.006931304931640625,0,0,1784967670.080679,1.0385411751230427,0.10823748451007266,1.7339463053283473,1784967670.0807137,0.09117073454848616,0.008491125076396908,0.126201401827061,0.11514223068617573,0.009911894217521759,0.14140330264913015,1784967670.0807533,0.10932919163930925,0.11248975089678193,1784967670.0482626,4187.626953125,nan,nan,49.133724212646484,nan
5.443796396255493,1784967670.1265779,SMC,circle,circle_smc_tune_base_p01,1784967670.1121016,1.0504064040492136,0.018147522479532677,1.606722357339816,0.10303753054692066,0.04369122472752143,1784967670.07953,1.0509544890914513,-0.006661987075699052,1.5925430026792171,0.04704785346984863,0,0,1784967670.1211848,1.0378262419676754,0.11252250063028742,1.7382905569610376,1784967670.1212258,0.09476593884012535,0.009182255425701785,0.13156819962122168,0.11944177981007832,0.010533480815102653,0.1457475542818205,1784967670.121276,0.10934097982441747,0.11269168183489744,1784967670.0984526,4187.6767578125,nan,nan,50.01887512207031,nan
5.483725309371948,1784967670.1665068,SMC,circle,circle_smc_tune_base_p01,1784967670.162179,1.0503588194331688,0.01971972587933777,1.6079558683448096,0.10284357633406342,0.045915665486471115,1784967670.1577423,1.0508523824356921,7.766874510772848e-05,1.5985448377055393,0.008764505386352539,0,0,1784967670.160697,1.0370983312815467,0.11677192218700436,1.7426018753585597,1784967670.160733,0.09903876368726873,0.009757064402062627,0.13587951801874373,0.11703093567486977,0.01051108008612555,0.14405703765302036,1784967670.160773,0.10938144825130196,0.11285455274736021,1784967670.152964,4187.72900390625,nan,nan,52.19037628173828,nan
5.523324489593506,1784967670.206106,SMC,circle,circle_smc_tune_base_p01,1784967670.162179,1.0503588194331688,0.01971972587933777,1.6079558683448096,0.10284357633406342,0.045915665486471115,1784967670.1577423,1.0508523824356921,7.766874510772848e-05,1.5985448377055393,0.048363685607910156,0,0,1784967670.2012084,1.0363440482941986,0.12106344253529863,1.7469591818389674,1784967670.201255,0.10179441803391961,0.010240076799370768,0.13900331349415773,0.12134173148089222,0.011146004682913265,0.14841434413342802,1784967670.2013083,0.1094013612232513,0.11297477967645095,1784967670.201401,4187.779296875,nan,nan,50.24775314331055,nan
5.562948703765869,1784967670.2457302,SMC,circle,circle_smc_tune_base_p01,1784967670.2118518,1.0501448775693978,0.024979188305876473,1.6115633012255137,0.1042790447210343,0.050754630312551195,1784967670.1577423,1.0508523824356921,7.766874510772848e-05,1.5985448377055393,0.08798789978027344,0,0,1784967670.2410538,1.0355786216217981,0.1253102701683297,1.7512744398650903,1784967670.2410927,0.10084137869220029,0.010465091661209954,0.13971113863957663,0.12560816095777821,0.011793308671976028,0.152729602159551,1784967670.241201,0.10936786954809899,0.11300587434335956,1784967670.201401,4187.779296875,nan,nan,50.24775314331055,nan
5.603286981582642,1784967670.2860684,SMC,circle,circle_smc_tune_base_p01,1784967670.262526,1.049904082126909,0.030377985018783558,1.6154023789798793,0.10531777696432922,0.05504578645488232,1784967670.2773824,1.0507172700778615,0.011034160630483382,1.6088225474413047,0.008686065673828125,0,0,1784967670.280835,1.0347977761081435,0.12953823970964498,1.7555739136276025,1784967670.2808902,0.09973523071538735,0.010669599150743739,0.14017153464772325,0.1190236236515118,0.011402809281723467,0.1467513661862978,1784967670.2809308,0.10933438641505594,0.11302803779328223,1784967670.2538996,4187.83251953125,nan,nan,53.31633377075195,nan
5.642975568771362,1784967670.325757,SMC,circle,circle_smc_tune_base_p01,1784967670.3119874,1.0498364672883826,0.032157578864115126,1.6178443656545383,0.10545971645194256,0.05833792781866081,1784967670.2773824,1.0507172700778615,0.011034160630483382,1.6088225474413047,0.04837465286254883,0,0,1784967670.3209062,1.0339941231617056,0.1337870410157883,1.759898055129983,1784967670.3209493,0.102262079855974,0.011045110601384979,0.1420536894754447,0.1232999059782503,0.012044354338151726,0.15107550768867828,1784967670.3209925,0.1093664415566921,0.11310329333589432,1784967670.2987888,4187.87744140625,nan,nan,44.74931716918945,nan
5.682974100112915,1784967670.3657556,SMC,circle,circle_smc_tune_base_p01,1784967670.3620367,1.049570575170751,0.03750710822646617,1.6216380604279372,0.10622705835924685,0.06134649426695525,1784967670.2773824,1.0507172700778615,0.011034160630483382,1.6088225474413047,0.08837318420410156,0,0,1784967670.360616,1.033176851700508,0.138008094450947,1.7641975031432886,1784967670.3606532,0.10651689929971063,0.011662958677333825,0.14635313748875034,0.1275489782290591,0.012700562956778159,0.1553749557019839,1784967670.3606932,0.1094018296311393,0.11326720320553614,1784967670.3555183,4187.93408203125,nan,nan,56.72172546386719,nan
5.7238664627075195,1784967670.406648,SMC,circle,circle_smc_tune_base_p01,1784967670.3620367,1.049570575170751,0.03750710822646617,1.6216380604279372,0.10622705835924685,0.06134649426695525,1784967670.3652596,1.0499799903062599,0.018839297693116125,1.6128134764002748,0.04138827323913574,0,0,1784967670.401416,1.0323300939577087,0.14228222517962258,1.7685547066268703,1784967670.4014537,0.1055158888482081,0.011893549746709739,0.14691664619893308,0.12407535806915519,0.012449124771019705,0.1557412302265955,1784967670.4015002,0.10936891328235893,0.11329367319818809,1784967670.3985908,4187.9775390625,nan,nan,43.15813446044922,nan
5.7640697956085205,1784967670.4468513,SMC,circle,circle_smc_tune_base_p01,1784967670.4123645,1.049420493822605,0.0397630566249888,1.6236012616146975,0.10611418452713213,0.0623935805871771,1784967670.3652596,1.0499799903062599,0.018839297693116125,1.6128134764002748,0.08159160614013672,0,0,1784967670.4411678,1.0314746855922519,0.14650399169271777,1.7728622656402369,1784967670.4412148,0.1075393404136379,0.012286965271109503,0.14926100402553932,0.1283293297375997,0.013126443755588205,0.16004878923996202,1784967670.4412642,0.10938011831812573,0.11338493230988829,1784967670.3985908,4187.9775390625,nan,nan,43.15813446044922,nan
5.80375075340271,1784967670.4865322,SMC,circle,circle_smc_tune_base_p01,1784967670.4621317,1.0491116529148445,0.045201561319303474,1.6281312832593762,0.1075902512995061,0.06727061505667102,1784967670.478614,1.049327528279599,0.03132024953662576,1.6272319600416312,0.007918119430541992,0,0,1784967670.4808185,1.0305998228237545,0.15072813340620742,1.777176055961587,1784967670.4808612,0.10641396455100867,0.012434364409594532,0.14904477270221084,0.12027412739807271,0.01196260675958806,0.14994409591995583,1784967670.4809086,0.10935657956187476,0.11338263790372685,1784967670.4573889,4188.0361328125,nan,nan,58.872642517089844,nan
5.8440234661102295,1784967670.526805,SMC,circle,circle_smc_tune_base_p01,1784967670.5124564,1.0488744500866887,0.047850375299460964,1.631500315193718,0.10599736793839876,0.06839256866201165,1784967670.478614,1.049327528279599,0.03132024953662576,1.6272319600416312,0.04819083213806152,0,0,1784967670.5207696,1.0297092555954896,0.15493672805600253,1.781477847152688,1784967670.5208154,0.10805179747077294,0.012633316663450276,0.14997753195897,0.1245262547305111,0.012614367500254322,0.1542458871110568,1784967670.520954,0.10938088214830322,0.11342036162074734,1784967670.500585,4188.0791015625,nan,nan,42.986541748046875,nan
5.883828163146973,1784967670.5666096,SMC,circle,circle_smc_tune_base_p01,1784967670.5623512,1.0485722906638884,0.05118803941665845,1.6358934638233678,0.10674778655596409,0.0721525472536548,1784967670.5581522,1.0487422206917596,0.039884237415343124,1.6348479745200593,0.008457422256469727,0,0,1784967670.560747,1.0287950547866995,0.1591668103809821,1.7858055935439845,1784967670.5607862,0.11232954987491788,0.01328920839516317,0.15430527835026653,0.12031474686289137,0.012271239882968283,0.15095761902392524,1784967670.560832,0.10941271189897771,0.11358648289151432,1784967670.551328,4188.12939453125,nan,nan,50.20491027832031,nan
5.9230146408081055,1784967670.605796,SMC,circle,circle_smc_tune_base_p01,1784967670.5623512,1.0485722906638884,0.05118803941665845,1.6358934638233678,0.10674778655596409,0.0721525472536548,1784967670.5581522,1.0487422206917596,0.039884237415343124,1.6348479745200593,0.04764389991760254,0,0,1784967670.6015518,1.0278489172797824,0.1634540682785648,1.7901960135040065,1784967670.601595,0.11337632119204581,0.013376443241666298,0.15430254968063872,0.12465377352278695,0.012941019030968393,0.15534803898394722,1784967670.601642,0.10943787970315014,0.11358929976407683,1784967670.6051557,4188.18310546875,nan,nan,53.8822021484375,nan
5.96333646774292,1784967670.646118,SMC,circle,circle_smc_tune_base_p01,1784967670.6120656,1.0481917826744303,0.05678014479465532,1.6407699751721556,0.1095819473807332,0.07689560382340634,1784967670.5581522,1.0487422206917596,0.039884237415343124,1.6348479745200593,0.08796572685241699,0,0,1784967670.64084,1.0269145405082716,0.1676027555846306,1.7944486237106103,1784967670.640879,0.11203904204716945,0.013476837672699946,0.15367864853845467,0.12885376096528553,0.013607931167238987,0.15960064919055106,1784967670.6409729,0.1094161201342327,0.11357184954037182,1784967670.6051557,4188.18310546875,nan,nan,53.8822021484375,nan
6.003895282745361,1784967670.6866767,SMC,circle,circle_smc_tune_base_p01,1784967670.66208,1.0478025424015276,0.062206621857476406,1.6449571627226791,0.10927176930277742,0.07805973439263941,1784967670.6813116,1.0478859547277277,0.05405419221032613,1.650585324288332,0.005365133285522461,0,0,1784967670.6811976,1.0259445904468272,0.17182476319959092,1.7987806187209865,1784967670.6812487,0.11093635744722555,0.013675948643336936,0.15382345599830738,0.11914471186901822,0.01248473032521187,0.14819529443265458,1784967670.6813045,0.10938726062197597,0.11358331348805481,1784967670.65035,4188.22900390625,nan,nan,45.849159240722656,nan
6.044114589691162,1784967670.726896,SMC,circle,circle_smc_tune_base_p01,1784967670.7122598,1.0474049609082343,0.06592843375047262,1.6504918132281883,0.10880111663376318,0.08161448827147953,1784967670.6813116,1.0478859547277277,0.05405419221032613,1.650585324288332,0.04558444023132324,0,0,1784967670.721015,1.0249588733674948,0.17603190501130184,1.8031016960677881,1784967670.7210586,0.11154096117014001,0.013609379516058165,0.15260988283959986,0.1234170348073199,0.013131983826704897,0.15251637177945623,1784967670.7211072,0.10942177411315906,0.11354064207852194,1784967670.7061405,4188.2841796875,nan,nan,55.029273986816406,nan
6.084084510803223,1784967670.766866,SMC,circle,circle_smc_tune_base_p01,1784967670.761873,1.0468789734358277,0.07025510964702447,1.6564167582009803,0.10901468597184462,0.0855091610109897,1784967670.7586324,1.0465183079818674,0.06433922437717987,1.6603590470003105,0.00823354721069336,0,0,1784967670.7605615,1.0239622774730712,0.1802045098066639,1.807391668373086,1784967670.7606034,0.11577966224369526,0.0142706263414585,0.15689985514489768,0.11741837012514751,0.012102282310515251,0.1470326213727755,1784967670.7606516,0.10945208828178116,0.11370568271621187,1784967670.7525594,4188.3310546875,nan,nan,46.90427780151367,nan
6.1233062744140625,1784967670.8060877,SMC,circle,circle_smc_tune_base_p01,1784967670.761873,1.0468789734358277,0.07025510964702447,1.6564167582009803,0.10901468597184462,0.0855091610109897,1784967670.7586324,1.0465183079818674,0.06433922437717987,1.6603590470003105,0.0474553108215332,0,0,1784967670.800986,1.022934053547334,0.1844287133200842,1.8117392159042138,1784967670.8010294,0.11580303438366811,0.014093551422345035,0.1553224577032335,0.12171761024092717,0.012748559488761583,0.15138016890390338,1784967670.801074,0.10947913624772622,0.11364720030418594,1784967670.7525594,4188.3310546875,nan,nan,46.90427780151367,nan
6.163250207901001,1784967670.8460317,SMC,circle,circle_smc_tune_base_p01,1784967670.8121588,1.0464105314332137,0.07571288112904973,1.6607134757866282,0.10901468597184462,0.0855091610109897,1784967670.7586324,1.0465183079818674,0.06433922437717987,1.6603590470003105,0.08739924430847168,0,0,1784967670.8412151,1.021888456166658,0.1886444850552214,1.8160827208099146,1784967670.8412573,0.11467736522087296,0.01428220034570519,0.15536924502328642,0.12601000630796008,0.013412894651897534,0.1557236738096042,1784967670.841304,0.10945133837385894,0.11365504817896639,1784967670.8113246,4188.39013671875,nan,nan,59.11103820800781,nan
6.204327344894409,1784967670.8871088,SMC,circle,circle_smc_tune_base_p01,1784967670.8619943,1.0459084388199116,0.08116162192805555,1.6654570780237887,0.1095219389841182,0.08718460990490726,1784967670.8783078,1.0456947103201364,0.07799927868982132,1.6801236853007782,0.008800983428955078,0,0,1784967670.8813138,1.0208373485991062,0.1928054985226692,1.8203744440612575,1784967670.8813958,0.11351375421717068,0.014406330186999486,0.15491736603746875,0.11683297320597698,0.01218248397863911,0.14025075876047932,1784967670.881509,0.10943095282076565,0.11364412320748227,1784967670.85063,4188.42919921875,nan,nan,39.08540344238281,nan
6.243324041366577,1784967670.9261055,SMC,circle,circle_smc_tune_base_p01,1784967670.9118,1.0452780365217185,0.08587836600340501,1.6736271318873865,0.1106159316176355,0.09355304988997933,1784967670.8783078,1.0456947103201364,0.07799927868982132,1.6801236853007782,0.04779767990112305,0,0,1784967670.9215343,1.019758691693297,0.19699934826327872,1.8247047911224146,1784967670.92158,0.11315354592147074,0.013978007879117238,0.15107765923502806,0.12111947639776877,0.012797111308017804,0.1445811058216364,1784967670.9216335,0.10948550682848847,0.11350185557047152,1784967670.9007487,4188.4794921875,nan,nan,50.16040802001953,nan
6.283916473388672,1784967670.966698,SMC,circle,circle_smc_tune_base_p01,1784967670.9621122,1.044643610230622,0.09071739730781614,1.6800500053812613,0.10968664297839076,0.09532573104173832,1784967670.9585488,1.0445475449571278,0.08724359494876668,1.6865289128869436,0.008149147033691406,0,0,1784967670.9608865,1.0186649418034712,0.2011769113614914,1.8290231648025295,1784967670.960926,0.11742131440658433,0.014637154614308569,0.15539603291514292,0.11615993266326428,0.012553078446246788,0.14249425191558585,1784967670.9609666,0.10951674542473053,0.11366777291764839,1784967670.9505892,4188.529296875,nan,nan,49.69179153442383,nan
6.323152303695679,1784967671.0059338,SMC,circle,circle_smc_tune_base_p01,1784967670.9621122,1.044643610230622,0.09071739730781614,1.6800500053812613,0.10968664297839076,0.09532573104173832,1784967670.9585488,1.0445475449571278,0.08724359494876668,1.6865289128869436,0.04738497734069824,0,0,1784967671.0007725,1.0175593967874677,0.20532651145894693,1.8333175144729394,1784967671.0008078,0.11687895282370514,0.014426158573070592,0.15326750909167816,0.1204094359806107,0.013172055268975302,0.14678860158599585,1784967671.00088,0.10953906594655169,0.11358978892215829,1784967671.0010355,4188.5791015625,nan,nan,49.9738655090332,nan
6.364345073699951,1784967671.0471265,SMC,circle,circle_smc_tune_base_p01,1784967671.0127404,1.0440384994264607,0.0961424095419283,1.6852545601936633,0.1088077078120581,0.09670284339543149,1784967670.9585488,1.0445475449571278,0.08724359494876668,1.6865289128869436,0.0885777473449707,0,0,1784967671.0408888,1.0164287096269506,0.20949815073771366,1.8376396732864162,1784967671.0409317,0.11576730463601252,0.014482946251770316,0.15238511309275296,0.12468373432136513,0.013813461085390515,0.15111076039947258,1784967671.0409775,0.10952689392176396,0.11356226864481744,1784967671.0010355,4188.5791015625,nan,nan,49.9738655090332,nan
6.403088569641113,1784967671.08587,SMC,circle,circle_smc_tune_base_p01,1784967671.0618887,1.043433993347471,0.10130292972114943,1.6903858079681342,0.10749127137632149,0.09798279132387977,1784967671.0774813,1.0425977632175791,0.10121019248999724,1.7051812794041912,0.008388757705688477,0,0,1784967671.080675,1.0152804440056595,0.21366327632449406,1.8419601841506739,1784967671.0807126,0.1149166836888915,0.014547358499494208,0.15157437618253966,0.1150991954131997,0.012004466170902771,0.1367789047464827,1784967671.0807889,0.10951973513311024,0.1135373911560678,1784967671.0502436,4188.62939453125,nan,nan,50.070621490478516,nan
6.443470001220703,1784967671.1262515,SMC,circle,circle_smc_tune_base_p01,1784967671.1121836,1.0426086897758995,0.10630683104176182,1.6987955837820572,0.1070413643372036,0.1030450354578639,1784967671.0774813,1.0425977632175791,0.10121019248999724,1.7051812794041912,0.04877018928527832,0,0,1784967671.1206553,1.0141153283464182,0.2178193878716229,1.8462765236434717,1784967671.1206949,0.11423748137562734,0.0140256844837336,0.14748093986141453,0.11937393830751677,0.01260223776530384,0.14109524423928058,1784967671.120737,0.10956929302261331,0.11338355414483826,1784967671.099576,4188.67822265625,nan,nan,49.09147644042969,nan
6.482842683792114,1784967671.1656241,SMC,circle,circle_smc_tune_base_p01,1784967671.1629412,1.0417615998523049,0.11151647206764954,1.707133934268317,0.10691720628030982,0.10714570237581587,1784967671.1608412,1.0413746427390678,0.11048811262871017,1.7176506743898523,0.004782915115356445,0,0,1784967671.1615038,1.0129236513015023,0.2220004754537851,1.850624122673013,1784967671.161549,0.11853648222734235,0.014673896814720892,0.1518285388909557,0.11447522352917609,0.011827475409264016,0.1329734482831606,1784967671.1615944,0.10960246211130785,0.11355008119018922,1784967671.165423,4188.74365234375,nan,nan,65.4458236694336,nan
6.523169279098511,1784967671.2059507,SMC,circle,circle_smc_tune_base_p01,1784967671.1629412,1.0417615998523049,0.11151647206764954,1.707133934268317,0.10691720628030982,0.10714570237581587,1784967671.1608412,1.0413746427390678,0.11048811262871017,1.7176506743898523,0.04510951042175293,0,0,1784967671.2005973,1.0117303381885652,0.22611974135995783,1.8549127560195704,1784967671.2006352,0.11762151637043189,0.014176208813415296,0.14777882175125348,0.11872476476029348,0.01240518391387356,0.1372620816297181,1784967671.2006807,0.10964577765878215,0.11339850101882229,1784967671.19957,4188.7783203125,nan,nan,34.578941345214844,nan
6.5630621910095215,1784967671.2458436,SMC,circle,circle_smc_tune_base_p01,1784967671.2121859,1.0410370066981582,0.1167930785410473,1.7119054998473673,0.10729853899028091,0.10526760647793029,1784967671.1608412,1.0413746427390678,0.11048811262871017,1.7176506743898523,0.08500242233276367,0,0,1784967671.2408679,1.010504186728079,0.2302850248344661,1.8592547674712916,1784967671.240907,0.11665808254371725,0.014267681872566995,0.1473492676239243,0.1230246333779811,0.013008643686923171,0.1416040930814393,1784967671.2409518,0.10962947619772137,0.11338723164988304,1784967671.19957,4188.7783203125,nan,nan,34.578941345214844,nan
6.603024482727051,1784967671.285806,SMC,circle,circle_smc_tune_base_p01,1784967671.2618396,1.04026350654605,0.12220433649585688,1.7173081552279008,0.10851069642458981,0.10585720151238402,1784967671.2807274,1.038933527075309,0.12468256486262849,1.7319809487586584,0.005078554153442383,0,0,1784967671.2807882,1.0092711011974265,0.23440798958187137,1.8635581808624049,1784967671.280829,0.11552606619199837,0.014279950467073841,0.14625002563450407,0.11306359939298381,0.011668368826960613,0.1315772321037465,1784967671.2808735,0.10961967305689037,0.11335099920338593,1784967671.2534258,4188.83203125,nan,nan,53.860107421875,nan
6.642972469329834,1784967671.325754,SMC,circle,circle_smc_tune_base_p01,1784967671.3122637,1.0391927929884799,0.1278726492492751,1.726185952380431,0.11043753719021192,0.11143089036451899,1784967671.2807274,1.038933527075309,0.12468256486262849,1.7319809487586584,0.045026540756225586,0,0,1784967671.320736,1.0080136814994103,0.23854717794791996,1.8678841505584498,1784967671.3207767,0.11416648159960345,0.0136748957978628,0.14169819817801874,0.11735093526678657,0.012245201325867369,0.13590320179979143,1784967671.3208218,0.10965757599478063,0.11317910313252938,1784967671.2999036,4188.87841796875,nan,nan,46.43132400512695,nan
6.6835784912109375,1784967671.36636,SMC,circle,circle_smc_tune_base_p01,1784967671.3621929,1.0383591623422535,0.1332284322859562,1.7309232331443336,0.10964467259323878,0.10863516353579224,1784967671.2807274,1.038933527075309,0.12468256486262849,1.7319809487586584,0.0856325626373291,0,0,1784967671.3617196,1.006715952158382,0.24275298030711817,1.8722856169280786,1784967671.361796,0.1185224526665403,0.014306078014985617,0.14609966454764756,0.12171049087104503,0.012851130249571876,0.14030466816942022,1784967671.361866,0.10969395162093787,0.11334685808542111,1784967671.3500807,4188.9287109375,nan,nan,50.21646499633789,nan
6.723311901092529,1784967671.4060934,SMC,circle,circle_smc_tune_base_p01,1784967671.3621929,1.0383591623422535,0.1332284322859562,1.7309232331443336,0.10964467259323878,0.10863516353579224,1784967671.3703668,1.0373868066558534,0.13431866296577505,1.7457855197859844,0.03572654724121094,0,0,1784967671.4009762,1.005442478468469,0.2468176122122986,1.8765450764236231,1784967671.4010196,0.11738439099509566,0.014384527253133661,0.1456218432792895,0.11634234012936104,0.011870702512457434,0.13075955663763872,1784967671.4010704,0.10967413857884396,0.1133335456844141,1784967671.4013042,4188.97998046875,nan,nan,51.375732421875,nan
6.763887643814087,1784967671.446669,SMC,circle,circle_smc_tune_base_p01,1784967671.412299,1.0372618157231692,0.1386904338860536,1.7397457863679935,0.1099534912941919,0.1129603185273342,1784967671.3703668,1.0373868066558534,0.13431866296577505,1.7457855197859844,0.07630228996276855,0,0,1784967671.4406106,1.004145010372359,0.2508976754260711,1.8808264742431422,1784967671.4406445,0.11617811669627207,0.01377799156519819,0.1410806878751487,0.12058598027933574,0.012438027433755355,0.1350409544571578,1784967671.4406834,0.10971525327040678,0.1131619559813449,1784967671.4013042,4188.97998046875,nan,nan,51.375732421875,nan
6.803015232086182,1784967671.4857967,SMC,circle,circle_smc_tune_base_p01,1784967671.462067,1.0362987732428401,0.14425064945842814,1.7461227454973416,0.11141739052681847,0.11551621820338624,1784967671.4783392,1.0344611563185249,0.1492328025813941,1.7618178559298951,0.0074574947357177734,0,0,1784967671.4811137,1.002804186446848,0.2550518038146266,1.8851916342315456,1784967671.4811792,0.1149449804416407,0.013654106436204783,0.13906888873420398,0.1099046918194525,0.010990153753532718,0.12337377830165042,1784967671.4812307,0.10971599321924821,0.11309076650568028,1784967671.4498088,4189.02880859375,nan,nan,48.535362243652344,nan
6.842936754226685,1784967671.5257182,SMC,circle,circle_smc_tune_base_p01,1784967671.5124478,1.034999321199345,0.1502792972092984,1.7549847224344821,0.11147581189834466,0.11864388766974514,1784967671.4783392,1.0344611563185249,0.1492328025813941,1.7618178559298951,0.0473790168762207,0,0,1784967671.520573,1.0014710531435815,0.2591218164659524,1.8894744225082178,1784967671.5206058,0.11314213114701693,0.013026776902420684,0.13448970007373573,0.11415378546634757,0.01152629791898279,0.1276565665783227,1784967671.5206432,0.10974015857730252,0.11291721589920521,1784967671.5005329,4189.0791015625,nan,nan,50.42873764038086,nan
6.883974552154541,1784967671.566756,SMC,circle,circle_smc_tune_base_p01,1784967671.5618846,1.0339738636748175,0.1557164574622172,1.7613529841092497,0.11164215563704401,0.12034664710308991,1784967671.5613582,1.0329126403928155,0.15864125196239387,1.7690537852752732,0.005397796630859375,0,0,1784967671.560601,1.0001091902267194,0.26321987654808526,1.8937928476867456,1784967671.560637,0.11742029688595917,0.013615049756830769,0.1388081252522635,0.10899107078769589,0.011562938708909166,0.12473906241147237,1784967671.5606759,0.10977930108676083,0.11308077250030314,1784967671.5519416,4189.12890625,nan,nan,49.82929229736328,nan
6.92303466796875,1784967671.6058161,SMC,circle,circle_smc_tune_base_p01,1784967671.5618846,1.0339738636748175,0.1557164574622172,1.7613529841092497,0.11164215563704401,0.12034664710308991,1784967671.5613582,1.0329126403928155,0.15864125196239387,1.7690537852752732,0.04445791244506836,0,0,1784967671.6012573,0.9987118925363009,0.2673642921850572,1.8981664791641015,1784967671.6012974,0.11630570352106372,0.01347697797514711,0.13681349505485185,0.1133295160865948,0.012116575951233326,0.1291126938888283,1784967671.6013422,0.10978214417443145,0.11300968243433329,1784967671.6014178,4189.17919921875,nan,nan,50.224754333496094,nan
6.963242292404175,1784967671.6460238,SMC,circle,circle_smc_tune_base_p01,1784967671.6118371,1.0327175830974886,0.16157058669054797,1.7694448586150011,0.11097808584803426,0.12354839344366318,1784967671.5613582,1.0329126403928155,0.15864125196239387,1.7690537852752732,0.08466553688049316,0,0,1784967671.6407964,0.9973293181298045,0.2714072192723322,1.9024392767486353,1784967671.6408353,0.11466028865430103,0.01301665702249414,0.1329944181336342,0.11756556095064215,0.01267576762883479,0.13338549147336212,1784967671.6408784,0.10979812809106672,0.1128670358385376,1784967671.6014178,4189.17919921875,nan,nan,50.224754333496094,nan
7.003155469894409,1784967671.685937,SMC,circle,circle_smc_tune_base_p01,1784967671.6620827,1.0316875268587897,0.16670399282033221,1.7747809602960787,0.10805042443265532,0.12060496773136305,1784967671.6782694,1.029566609005544,0.1730696563913971,1.7848568017738808,0.00766754150390625,0,0,1784967671.68085,0.9959139480457516,0.2754886890437616,1.9067591953811427,1784967671.680898,0.11377604153262756,0.012995054701011179,0.131978235085064,0.10723027840112861,0.011127768560555761,0.12190239360726185,1784967671.6809516,0.10979140373954312,0.11283244299286917,1784967671.6511066,4189.2294921875,nan,nan,50.10924530029297,nan
7.043185234069824,1784967671.7259667,SMC,circle,circle_smc_tune_base_p01,1784967671.7125118,1.0302697963901257,0.17273077809837697,1.7827577820457998,0.1075720937910069,0.12279597230368679,1784967671.6782694,1.029566609005544,0.1730696563913971,1.7848568017738808,0.04769730567932129,0,0,1784967671.721456,0.9944681196330741,0.27960026971658786,1.9111175833282252,1784967671.721495,0.11200964849482861,0.012517465454963014,0.1283598012824254,0.11155515455593265,0.011667177193848952,0.1262607815543444,1784967671.7216015,0.10979973560852777,0.11269590889124628,1784967671.7016795,4189.279296875,nan,nan,50.196712493896484,nan
7.083459138870239,1784967671.7662406,SMC,circle,circle_smc_tune_base_p01,1784967671.7617843,1.0291392025960515,0.17795108058004125,1.788968453230887,0.107956564255249,0.12335362794399791,1784967671.7605774,1.027083102618861,0.18298400940194604,1.7952981759454334,0.005663156509399414,0,0,1784967671.76071,0.9930314146890241,0.2836302114754396,1.9153959684905786,1784967671.7607481,0.11625165167060467,0.013074206627053567,0.13263818644477876,0.10570111035193175,0.010791233157440423,0.12009779254514519,1784967671.7607894,0.10984141563816063,0.11285707976906108,1784967671.750953,4189.3291015625,nan,nan,49.64388656616211,nan
7.122981786727905,1784967671.8057632,SMC,circle,circle_smc_tune_base_p01,1784967671.7617843,1.0291392025960515,0.17795108058004125,1.788968453230887,0.107956564255249,0.12335362794399791,1784967671.7605774,1.027083102618861,0.18298400940194604,1.7952981759454334,0.04518580436706543,0,0,1784967671.8012905,0.9915433768956348,0.287747710917011,1.9197741060790796,1784967671.8013303,0.11533131504429096,0.012939625713435873,0.13080565284819268,0.11004654974151089,0.011325288058541428,0.12447593013364622,1784967671.801373,0.10984532179655503,0.11279150928538761,1784967671.750953,4189.3291015625,nan,nan,49.64388656616211,nan
7.163392543792725,1784967671.846174,SMC,circle,circle_smc_tune_base_p01,1784967671.8119395,1.0276317577366707,0.1840306118658994,1.7961146030707995,0.10800244776421543,0.12318000634071871,1784967671.7605774,1.027083102618861,0.18298400940194604,1.7952981759454334,0.08559656143188477,0,0,1784967671.841179,0.9900648211900513,0.29178410236779023,1.924072781616189,1784967671.8412225,0.11342288813083583,0.012543439914899958,0.1279581785453896,0.11431080562564358,0.011868155144554821,0.12877460567075572,1784967671.8412712,0.10983919708387697,0.11268338728200965,1784967671.8059206,4189.384765625,nan,nan,55.480682373046875,nan
7.203965187072754,1784967671.8867466,SMC,circle,circle_smc_tune_base_p01,1784967671.8622692,1.0263658376432938,0.1895119445213221,1.8027247247859357,0.10962205556808746,0.1245533123398998,1784967671.8805091,1.024002106804002,0.197062697349412,1.8113313162254456,0.006237506866455078,0,0,1784967671.8818793,0.9885401846168104,0.2958910198883149,1.928453571372964,1784967671.881916,0.11222517536424757,0.012361137378094546,0.12572884658702832,0.10443093991653003,0.010897891961932075,0.1171222551475184,1784967671.8819554,0.10984090998303553,0.11260299946550409,1784967671.8520188,4189.43017578125,nan,nan,45.62627029418945,nan
7.2431604862213135,1784967671.925942,SMC,circle,circle_smc_tune_base_p01,1784967671.9121761,1.0247447857381258,0.19582563343640616,1.8108064450441992,0.11058244908069424,0.12773697569846673,1784967671.8805091,1.024002106804002,0.197062697349412,1.8113313162254456,0.04543280601501465,0,0,1784967671.9205728,0.9870585237109168,0.29983023843507517,1.932662227683999,1784967671.9206104,0.10998186609771435,0.011882816845220103,0.1218557826397999,0.10860971558228093,0.011398487341976175,0.12133091145855347,1784967671.9206526,0.10983871957530968,0.11245795331616733,1784967671.9013891,4189.4794921875,nan,nan,49.14798355102539,nan
7.283476114273071,1784967671.9662576,SMC,circle,circle_smc_tune_base_p01,1784967671.9623206,1.0231664104445823,0.2019210624214424,1.8172858612038407,0.10933189052281356,0.12742104495780468,1784967671.95726,1.0216156889575685,0.20602971581539037,1.8175267081126563,0.008997678756713867,0,0,1784967671.9604359,0.9855202618807185,0.30386760306244653,1.9369827127990504,1784967671.9604733,0.11426916596355718,0.012417253420445432,0.12617626775485125,0.1036907347731238,0.011106914919885122,0.11945600468639417,1784967671.9605129,0.1098838956219656,0.11261978403917655,1784967671.9507442,4189.529296875,nan,nan,50.040523529052734,nan
7.323382377624512,1784967672.0061638,SMC,circle,circle_smc_tune_base_p01,1784967671.9623206,1.0231664104445823,0.2019210624214424,1.8172858612038407,0.10933189052281356,0.12742104495780468,1784967671.95726,1.0216156889575685,0.20602971581539037,1.8175267081126563,0.0489039421081543,0,0,1784967672.0007749,0.9839583521910404,0.30791429324965924,1.9413203726348658,1784967672.0008173,0.11235639009303078,0.012160527072437609,0.12403451143102506,0.10799634812847157,0.011633181947395661,0.12379366452220952,1784967672.0008667,0.10986685165588127,0.11253983461678209,1784967672.0012794,4189.57958984375,nan,nan,50.051025390625,nan
7.363921403884888,1784967672.0467029,SMC,circle,circle_smc_tune_base_p01,1784967672.0119238,1.0218996950466468,0.2069352900535173,1.8233426336740381,0.1070018070174893,0.12645913928321378,1784967671.95726,1.0216156889575685,0.20602971581539037,1.8175267081126563,0.08944296836853027,0,0,1784967672.0408204,0.9823832785701873,0.3119430523617172,1.9456460848388453,1784967672.0408635,0.11155082310513093,0.012024607298544092,0.12230345116480712,0.11228778851887855,0.012176593641860547,0.128119376726189,1784967672.0409083,0.1098704868636258,0.11247760194877837,1784967672.0012794,4189.57958984375,nan,nan,50.051025390625,nan
7.40353536605835,1784967672.0863168,SMC,circle,circle_smc_tune_base_p01,1784967672.0619295,1.0205630014893938,0.2121151481911909,1.829664951453783,0.1070018070174893,0.12645913928321378,1784967672.082812,1.0175127756796636,0.22034788429161675,1.8327237509177126,0.0035047531127929688,0,0,1784967672.0810072,0.98078495928498,0.3159795996308639,1.949987555557229,1784967672.0810425,0.11058637335633194,0.0118646931007204,0.12032260410344597,0.10188037438573401,0.010711992852455877,0.11726380463951647,1784967672.0810843,0.10987322913116829,0.11240624324013888,1784967672.0636601,4189.640625,nan,nan,60.87603759765625,nan
7.443433046340942,1784967672.1262145,SMC,circle,circle_smc_tune_base_p01,1784967672.1121633,1.0188155765008007,0.21825524589085524,1.8360116135600812,0.10717287754714394,0.12628876090286195,1784967672.082812,1.0175127756796636,0.22034788429161675,1.8327237509177126,0.04340243339538574,0,0,1784967672.120842,0.9791788715634596,0.3199850285462889,1.954302993827798,1784967672.120883,0.1085623675117876,0.011585741998127438,0.1182913802677168,0.10616507357359933,0.011226124581925474,0.12157924291008548,1784967672.1209264,0.10985076357396253,0.11232923740886147,1784967672.103034,4189.6806640625,nan,nan,40.466407775878906,nan
7.484474182128906,1784967672.1672556,SMC,circle,circle_smc_tune_base_p01,1784967672.1623783,1.0168898812453362,0.2249355509936095,1.8433090706252293,0.11119750649792634,0.12909172243761816,1784967672.159004,1.0147539224638409,0.23028188309115963,1.843555032106254,0.008251667022705078,0,0,1784967672.160388,0.977571492341123,0.32394437246058605,1.9585761776504298,1784967672.1604197,0.11280459876718091,0.012099109480390977,0.12256456409034855,0.10021646223288318,0.0105761865638716,0.11502114554417588,1784967672.160456,0.1098971334360075,0.11248878911902464,1784967672.1509652,4189.7294921875,nan,nan,48.848575592041016,nan
7.52302885055542,1784967672.2058103,SMC,circle,circle_smc_tune_base_p01,1784967672.1623783,1.0168898812453362,0.2249355509936095,1.8433090706252293,0.11119750649792634,0.12909172243761816,1784967672.159004,1.0147539224638409,0.23028188309115963,1.843555032106254,0.04680633544921875,0,0,1784967672.2008848,0.9759172972018879,0.32796914884817346,1.9629276390609522,1784967672.2009242,0.1102592788595434,0.011728868463193109,0.11961856843572294,0.10453807052723077,0.011084997215269635,0.11937260695469831,1784967672.2009654,0.10987447906232857,0.11237824789663053,1784967672.1509652,4189.7294921875,nan,nan,48.848575592041016,nan
7.563934803009033,1784967672.2467163,SMC,circle,circle_smc_tune_base_p01,1784967672.2121854,1.0153951379438195,0.2303033158552985,1.848980403594251,0.11149667746323315,0.12627633831603174,1784967672.159004,1.0147539224638409,0.23028188309115963,1.843555032106254,0.08771228790283203,0,0,1784967672.2407548,0.9742609266892912,0.3319500872965937,1.967239420944192,1784967672.240862,0.109034897248008,0.011639616062714641,0.11825901734994093,0.10881804753184465,0.011607712285921782,0.12368438883793798,1784967672.240925,0.10986251671937164,0.11232995444708851,1784967672.2059653,4189.78466796875,nan,nan,55.112606048583984,nan
7.603867292404175,1784967672.2866488,SMC,circle,circle_smc_tune_base_p01,1784967672.2621257,1.0138585985848032,0.23567875992543616,1.8549905714494022,0.11172562112999977,0.12528612483434684,1784967672.2790666,1.010680745067159,0.2444292919715993,1.855987098731337,0.007582187652587891,0,0,1784967672.280812,0.9725793402657451,0.3359428851077175,1.9715718794402857,1784967672.280859,0.1078163670915581,0.011510992707759918,0.11658130799088351,0.09853664506345299,0.010815930665610131,0.11558478070894872,1784967672.280904,0.10985449880296391,0.11226974335662145,1784967672.2519884,4189.830078125,nan,nan,45.146644592285156,nan
7.644004583358765,1784967672.326786,SMC,circle,circle_smc_tune_base_p01,1784967672.3122408,1.011882109560768,0.24217738821575036,1.861227803219278,0.11183796553584932,0.12580965817462877,1784967672.2790666,1.010680745067159,0.2444292919715993,1.855987098731337,0.047719478607177734,0,0,1784967672.320863,0.9708841852574637,0.3399196986355021,1.9758949137267847,1784967672.320904,0.10538929958759287,0.011290906775240594,0.11466711050750678,0.10282974292830757,0.011323776173272616,0.1199078149954478,1784967672.3209481,0.10982009933187624,0.11219860057609157,1784967672.302207,4189.88037109375,nan,nan,50.2547492980957,nan
7.682997941970825,1784967672.3657794,SMC,circle,circle_smc_tune_base_p01,1784967672.3623054,1.0103574627080252,0.24728064888028384,1.8669241295788808,0.10932642600196646,0.12371116446861691,1784967672.2790666,1.010680745067159,0.2444292919715993,1.855987098731337,0.08671283721923828,0,0,1784967672.3607574,0.9691795827297764,0.3438713364536096,1.9801985331115504,1784967672.3607943,0.10966358403766814,0.011792507874462003,0.11897072989227242,0.10710133995084237,0.011847770543440085,0.12421143438021344,1784967672.360835,0.10986850923996212,0.11235877459222449,1784967672.3521192,4189.93017578125,nan,nan,49.84096908569336,nan
7.723304986953735,1784967672.4060864,SMC,circle,circle_smc_tune_base_p01,1784967672.3623054,1.0103574627080252,0.24728064888028384,1.8669241295788808,0.10932642600196646,0.12371116446861691,1784967672.370453,1.0075358250120616,0.2542198225588726,1.8653572785065888,0.03563356399536133,0,0,1784967672.4011571,0.9674386213187001,0.34785971371891355,1.984550329261758,1784967672.401202,0.10872574652780913,0.011699883417621269,0.11762619968287713,0.10124780259767921,0.011184696224423193,0.11919305075516906,1784967672.4012523,0.10986313913289432,0.11231086943668328,1784967672.4028776,4189.98193359375,nan,nan,51.742584228515625,nan
7.763952970504761,1784967672.4467344,SMC,circle,circle_smc_tune_base_p01,1784967672.4118907,1.0084062146622494,0.25343284731401355,1.8725139569615235,0.1091988506540993,0.12315474964089172,1784967672.370453,1.0075358250120616,0.2542198225588726,1.8653572785065888,0.07628154754638672,0,0,1784967672.4407775,0.9657052218246581,0.3517844249419389,1.98884079080198,1784967672.4408147,0.10659784585111566,0.011545859479468654,0.11632683384045661,0.10550671541675653,0.011704016539435886,0.12348351229539122,1784967672.440856,0.10982844759554214,0.11226242311066417,1784967672.4028776,4189.98193359375,nan,nan,51.742584228515625,nan
7.803128004074097,1784967672.4859095,SMC,circle,circle_smc_tune_base_p01,1784967672.46197,1.0067477206321604,0.2587226195413451,1.879177917366152,0.10983103872546128,0.12483317026242084,1784967672.4851234,1.0034404803814223,0.2678048865788437,1.8820147870457082,0.0007860660552978516,0,0,1784967672.481276,0.9639267010567892,0.3557646299434919,1.993200285964944,1784967672.481322,0.10546105993092587,0.01134708502701676,0.11402236859879199,0.09583412113885738,0.01068065704127693,0.11118549891923579,1784967672.4813962,0.10982976630834632,0.11217898178752696,1784967672.4527907,4190.02978515625,nan,nan,48.217647552490234,nan
7.8433191776275635,1784967672.5261006,SMC,circle,circle_smc_tune_base_p01,1784967672.5123155,1.0046493654682762,0.26514224656564106,1.8854398486014148,0.11056857443701212,0.12478563834382413,1784967672.4851234,1.0034404803814223,0.2678048865788437,1.8820147870457082,0.04097723960876465,0,0,1784967672.5210338,0.9621691688485496,0.35965275252341183,1.9974671869811793,1784967672.5210772,0.10301734474812052,0.01114582981618412,0.11202733837976453,0.1000736522117181,0.011163143250127787,0.11545239993547107,1784967672.5211353,0.10979541802743088,0.11210577227319829,1784967672.5124047,4190.09033203125,nan,nan,60.395469665527344,nan
7.883045673370361,1784967672.5658271,SMC,circle,circle_smc_tune_base_p01,1784967672.5624392,1.0025143527775497,0.27149033962350566,1.8908366302076178,0.11192498432905028,0.12329692411114913,1784967672.5609193,1.0002477218170833,0.2764561046977916,1.8883470493701506,0.004907846450805664,0,0,1784967672.561517,0.9603439106938846,0.3636445809447654,2.0018565254745266,1784967672.5615532,0.10737807773896905,0.01164609900294537,0.11641667687311187,0.09528890975295391,0.01068495252766466,0.113509476104376,1784967672.5615885,0.10984604654704101,0.11226875919586857,1784967672.5534751,4190.13037109375,nan,nan,39.938377380371094,nan
7.923467636108398,1784967672.606249,SMC,circle,circle_smc_tune_base_p01,1784967672.5624392,1.0025143527775497,0.27149033962350566,1.8908366302076178,0.11192498432905028,0.12329692411114913,1784967672.5609193,1.0002477218170833,0.2764561046977916,1.8883470493701506,0.04532980918884277,0,0,1784967672.6012568,0.9585384651875051,0.36754813971165884,2.006157389694192,1784967672.6013052,0.10501527422404514,0.011522665783422086,0.11532075948657416,0.09956103594265832,0.011181281392771358,0.11781034032404135,1784967672.601355,0.10980302271060301,0.11222811417566654,1784967672.5534751,4190.13037109375,nan,nan,39.938377380371094,nan
7.9640607833862305,1784967672.6468422,SMC,circle,circle_smc_tune_base_p01,1784967672.611906,1.0007295293437994,0.27686732494065547,1.8971215639593841,0.11315385775100315,0.12396565136109484,1784967672.5609193,1.0002477218170833,0.2764561046977916,1.8883470493701506,0.0859229564666748,0,0,1784967672.641013,0.9567126967717481,0.37145144672029123,2.0104665966567774,1784967672.6410499,0.10370283688328263,0.011373621448784316,0.11334503269739327,0.10383926860026534,0.011696995692553142,0.12211954728662677,1784967672.6410937,0.10979586727509737,0.11215728847153925,1784967672.6093051,4190.18701171875,nan,nan,56.83643341064453,nan
8.003092288970947,1784967672.6858737,SMC,circle,circle_smc_tune_base_p01,1784967672.6620855,0.9989102550171148,0.2822430480613011,1.9033390518306914,0.11315385775100315,0.12396565136109484,1784967672.6773758,0.9958430109717304,0.2907007120776305,1.9127557384680238,0.008497953414916992,0,0,1784967672.680575,0.9548819371802757,0.3753220157374703,2.014748303466775,1784967672.6806102,0.10235260195688939,0.011230844485506826,0.1114092516360834,0.09345730913911877,0.010213029311375178,0.10199256499875098,1784967672.680651,0.10978690626952964,0.112088003204053,1784967672.6093051,4190.18701171875,nan,nan,56.83643341064453,nan
8.043216943740845,1784967672.7259984,SMC,circle,circle_smc_tune_base_p01,1784967672.7120411,0.996607374116003,0.28871608136493954,1.910389310496765,0.11359014424076869,0.12281785885495683,1784967672.6773758,0.9958430109717304,0.2907007120776305,1.9127557384680238,0.04862260818481445,0,0,1784967672.7207863,0.9530120346454224,0.3792316779577923,2.0190821266708157,1784967672.720841,0.09986803356350621,0.010954575403620714,0.10869281617405058,0.09776764096706944,0.010663621920967464,0.10632638820279185,1784967672.7209003,0.10975949771201395,0.11198824638592238,1784967672.7116327,4190.28857421875,nan,nan,21.5247802734375,nan
8.083006858825684,1784967672.7657883,SMC,circle,circle_smc_tune_base_p01,1784967672.7623105,0.9942859918902317,0.29504364821377754,1.91760161792064,0.1141056178532913,0.12394371033291231,1784967672.759045,0.99232889590606,0.29957068368045436,1.9212091212917735,0.006743431091308594,0,0,1784967672.7603652,0.9511432898814471,0.3830960101421484,2.023374596649148,1784967672.7603998,0.1041341601190447,0.011429374767631194,0.11298528615238279,0.09258800637826711,0.010009764185292324,0.10216547535737443,1784967672.760438,0.10981060641803374,0.11214715536400047,1784967672.7540388,4190.33203125,nan,nan,43.17205047607422,nan
8.123008489608765,1784967672.80579,SMC,circle,circle_smc_tune_base_p01,1784967672.7623105,0.9942859918902317,0.29504364821377754,1.91760161792064,0.1141056178532913,0.12394371033291231,1784967672.759045,0.99232889590606,0.29957068368045436,1.9212091212917735,0.04674506187438965,0,0,1784967672.8006735,0.9492370845456433,0.38699478088757294,2.027714419418313,1784967672.8007095,0.10178857283890137,0.01111311353109054,0.11011280149767289,0.09690422580117553,0.010461739849386701,0.10650529812653953,1784967672.8007495,0.10978884626357831,0.11204086383429211,1784967672.8026445,4190.38134765625,nan,nan,49.64896011352539,nan
8.163517713546753,1784967672.8462992,SMC,circle,circle_smc_tune_base_p01,1784967672.8120039,0.9923992363277956,0.3002669225580963,1.923188766965702,0.11301586263874497,0.12185502676610561,1784967672.759045,0.99232889590606,0.29957068368045436,1.9212091212917735,0.08725428581237793,0,0,1784967672.8406224,0.9473241308553542,0.3908648126317759,2.0320314283904812,1784967672.8406591,0.10058803116001708,0.011035887209721304,0.10884266142477929,0.10119576927329685,0.010929919461525432,0.11082230709870777,1784967672.8406985,0.10977502090342725,0.11199595162115002,1784967672.8026445,4190.38134765625,nan,nan,49.64896011352539,nan
8.20303988456726,1784967672.8858213,SMC,circle,circle_smc_tune_base_p01,1784967672.8626912,0.990441695661091,0.3055810896805792,1.9293255156072637,0.11235988529678613,0.12170058964865933,1784967672.8781207,0.9878212482139094,0.3119316456912946,1.931716205194051,0.007700681686401367,0,0,1784967672.881049,0.9453690794476426,0.39477712276354365,2.0364050341186304,1784967672.8810854,0.09934026924758524,0.010907976708784052,0.10707951851136666,0.09249928643705975,0.010461439333232948,0.10468882892457933,1784967672.8811607,0.10976559259210819,0.11193291650733836,1784967672.8570042,4190.43505859375,nan,nan,53.61588668823242,nan
8.243978500366211,1784967672.92676,SMC,circle,circle_smc_tune_base_p01,1784967672.9120386,0.9882168070851625,0.31141877179737126,1.9352089148525118,0.11121244693726742,0.1209743685390263,1784967672.8781207,0.9878212482139094,0.3119316456912946,1.931716205194051,0.04863929748535156,0,0,1784967672.9212124,0.9434214811051461,0.3986325189255727,2.040724437767007,1784967672.921261,0.09745178344969628,0.01077073907730092,0.1055155229144953,0.09679405372533892,0.010922083240617525,0.109008232572956,1784967672.9213119,0.109738190013988,0.11187620873305987,1784967672.9017775,4190.48046875,nan,nan,45.33692932128906,nan
8.283077716827393,1784967672.9658592,SMC,circle,circle_smc_tune_base_p01,1784967672.961916,0.9859391061870086,0.3172838193803656,1.9420710773024503,0.11052097387551234,0.12190454964021394,1784967672.9594023,0.9843714603869331,0.32113227900107016,1.9449204604010322,0.006456851959228516,0,0,1784967672.9608812,0.9414687831362086,0.4024569943436721,2.045018581443765,1784967672.9609234,0.10172106066369968,0.0112321647501133,0.10980966659125313,0.09137842826803311,0.010214298218624566,0.10009812104273275,1784967672.960964,0.10979081869446036,0.11203472771137887,1784967672.9563758,4190.53515625,nan,nan,54.675907135009766,nan
8.323434591293335,1784967673.006216,SMC,circle,circle_smc_tune_base_p01,1784967672.961916,0.9859391061870086,0.3172838193803656,1.9420710773024503,0.11052097387551234,0.12190454964021394,1784967672.9594023,0.9843714603869331,0.32113227900107016,1.9449204604010322,0.0468137264251709,0,0,1784967673.0008094,0.9394970482057987,0.4062781236142895,2.0493184414443752,1784967673.0008457,0.09978007925758582,0.010990301131459553,0.10724736414192493,0.09565582775327994,0.010653184516175272,0.10439798104334308,1784967673.000886,0.1097742091614671,0.11194125550911281,1784967673.0016499,4190.58056640625,nan,nan,45.44756317138672,nan
8.363917589187622,1784967673.046699,SMC,circle,circle_smc_tune_base_p01,1784967673.0125296,0.9839509411173885,0.32238305572042236,1.9479048734570126,0.10937307396424596,0.12067212915472127,1784967672.9594023,0.9843714603869331,0.32113227900107016,1.9449204604010322,0.08729672431945801,0,0,1784967673.0411456,0.9374851338260333,0.41013607666540014,2.053669490867593,1784967673.0411854,0.09869717910776937,0.010887183675127289,0.10576461741058041,0.09998218772370775,0.011116013450405575,0.1087490304665608,1784967673.0412292,0.10976524284190114,0.1118883933695236,1784967673.0016499,4190.58056640625,nan,nan,45.44756317138672,nan
8.403593063354492,1784967673.0863745,SMC,circle,circle_smc_tune_base_p01,1784967673.0618477,0.9820655044200147,0.32719139072452974,1.9524179748827637,0.10718019196562284,0.11569955456319245,1784967673.0782828,0.9784183863638665,0.3357149490625579,1.9585054031900437,0.00809168815612793,0,0,1784967673.0810654,0.9354622026307525,0.4139743861079366,2.0580082579192895,1784967673.0811012,0.09789627151172128,0.010930510028393431,0.10559028303652583,0.08869121589821612,0.010180443510410024,0.0995028547292458,1784967673.0811582,0.1097480070651555,0.1118840264354973,1784967673.06053,4190.638671875,nan,nan,58.08970642089844,nan
8.443431854248047,1784967673.1262133,SMC,circle,circle_smc_tune_base_p01,1784967673.1121924,0.9794757528762855,0.33349214987761827,1.959257808310893,0.109133883176744,0.11700878555888461,1784967673.0782828,0.9784183863638665,0.3357149490625579,1.9585054031900437,0.04793047904968262,0,0,1784967673.1207175,0.9334515970322044,0.4177497861190949,2.0622856646117946,1784967673.1207557,0.09541218171386538,0.010681187516451543,0.10302785630090172,0.09294654340428032,0.010614457258234879,0.10378026142175088,1784967673.120798,0.10971720329346908,0.11179030146057845,1784967673.1038263,4190.681640625,nan,nan,43.05729675292969,nan
8.483028650283813,1784967673.16581,SMC,circle,circle_smc_tune_base_p01,1784967673.1617882,0.9769807838600476,0.33945934749907436,1.964288599835838,0.109858040700165,0.11595442487907531,1784967673.1592503,0.9745682281953134,0.3439312948035209,1.9612893024384912,0.006559848785400391,0,0,1784967673.1610272,0.9314130158432814,0.421538452983633,2.0665879707870265,1784967673.161066,0.09969070912188474,0.011132865602157135,0.10733016247613358,0.08819179631654014,0.01036582926754111,0.1052986683485353,1784967673.1611066,0.10977110671800532,0.11194876760260969,1784967673.1613226,4190.740234375,nan,nan,58.306488037109375,nan
8.523219585418701,1784967673.206001,SMC,circle,circle_smc_tune_base_p01,1784967673.1617882,0.9769807838600476,0.33945934749907436,1.964288599835838,0.109858040700165,0.11595442487907531,1784967673.1592503,0.9745682281953134,0.3439312948035209,1.9612893024384912,0.046750783920288086,0,0,1784967673.2011602,0.929326098923558,0.4253769720824765,2.070957121902444,1784967673.2012036,0.0976230049731007,0.011070506333157079,0.10666852206660615,0.09253573063240916,0.010834535744378846,0.10966781946395288,1784967673.201248,0.10972911310680362,0.11192463427999211,1784967673.203117,4190.78173828125,nan,nan,41.666709899902344,nan
8.563485383987427,1784967673.2462668,SMC,circle,circle_smc_tune_base_p01,1784967673.211874,0.9747363001295766,0.34486202512654623,1.970078947037906,0.11231965578153634,0.11572252303803186,1784967673.1592503,0.9745682281953134,0.3439312948035209,1.9612893024384912,0.08701658248901367,0,0,1784967673.240745,0.9272641626479349,0.42913075507277965,2.0752399359283227,1784967673.2407842,0.09609531066697467,0.01097788466166097,0.1051609888904166,0.09679179890441353,0.011312396400906928,0.11395063348983148,1784967673.2408261,0.10970966057971974,0.11187129578506926,1784967673.203117,4190.78173828125,nan,nan,41.666709899902344,nan
8.603236436843872,1784967673.286018,SMC,circle,circle_smc_tune_base_p01,1784967673.262708,0.9725018555028826,0.3501502341452136,1.9758584765898162,0.1126534149670584,0.1153912749571518,1784967673.2774272,0.9694783169483152,0.35690783754377386,1.9778209429037992,0.0085906982421875,0,0,1784967673.280822,0.92516388133577,0.43291563427397173,2.0795685062942284,1784967673.280921,0.09472260464410379,0.010891438204225348,0.10371002970441223,0.08734131558374811,0.010604195374360689,0.10174756339042923,1784967673.2809734,0.1096930513204125,0.11182004893028792,1784967673.253818,4190.83251953125,nan,nan,50.811222076416016,nan
8.643431663513184,1784967673.3262131,SMC,circle,circle_smc_tune_base_p01,1784967673.31212,0.9698806734530094,0.3562098475649312,1.9818511199050222,0.11371595623532962,0.11632985545484233,1784967673.2774272,0.9694783169483152,0.35690783754377386,1.9778209429037992,0.04878592491149902,0,0,1784967673.3211477,0.9230542895519867,0.43667886894610464,2.0838827086028835,1784967673.321189,0.09247666241562977,0.010772211460761565,0.10203158869786133,0.09163224705851414,0.011051654613411267,0.10606176569908432,1784967673.3212376,0.10965776339194035,0.11176012667195409,1784967673.3027804,4190.88134765625,nan,nan,48.974403381347656,nan
8.682921171188354,1784967673.3657026,SMC,circle,circle_smc_tune_base_p01,1784967673.3618932,0.967617539537061,0.3614018812789614,1.9876451416196603,0.11371595623532962,0.11632985545484233,1784967673.2774272,0.9694783169483152,0.35690783754377386,1.9778209429037992,0.08827543258666992,0,0,1784967673.3614268,0.9209025755933196,0.44047848529633454,2.0882492847976466,1784967673.361493,0.09681954448776191,0.011226450028488467,0.10639816489262444,0.09597326320456634,0.011523392028263295,0.11042834189384743,1784967673.3615746,0.10971293479635702,0.11192082049737043,1784967673.3027804,4190.88134765625,nan,nan,48.974403381347656,nan
8.723376512527466,1784967673.406158,SMC,circle,circle_smc_tune_base_p01,1784967673.3618932,0.967617539537061,0.3614018812789614,1.9876451416196603,0.11371595623532962,0.11632985545484233,1784967673.3650372,0.9651717801022133,0.3664625282631578,1.9906357584402812,0.04112076759338379,0,0,1784967673.4014807,0.9187516688232882,0.4442384450803559,2.092580996566751,1784967673.4015305,0.09552808213684759,0.011142492822226381,0.10493585494709046,0.08994290037024746,0.01068618925956543,0.1019452381264696,1784967673.4015799,0.10969859659618761,0.11186927825897723,1784967673.4027832,4190.9814453125,nan,nan,36.667762756347656,nan
8.763222217559814,1784967673.4460037,SMC,circle,circle_smc_tune_base_p01,1784967673.4121413,0.9650328798773216,0.36714724705547097,1.9932980358893533,0.11183462430459791,0.11426951419712006,1784967673.3650372,0.9651717801022133,0.3664625282631578,1.9906357584402812,0.08096647262573242,0,0,1784967673.4414082,0.9165842753995799,0.44798943104863653,2.0969131460723656,1784967673.4414413,0.09359943955265433,0.01103951557154998,0.10361511018301228,0.09425158926345384,0.011136400331099791,0.10627738763208439,1784967673.4414792,0.10966715613296274,0.11182182085848541,1784967673.4027832,4190.9814453125,nan,nan,36.667762756347656,nan
8.803035497665405,1784967673.485817,SMC,circle,circle_smc_tune_base_p01,1784967673.462047,0.9627420877619819,0.3722280237524303,1.9990891069284564,0.11177439248917072,0.11457456239689787,1784967673.4813752,0.9589008789914558,0.38032584978578393,2.005323166967391,0.004441738128662109,0,0,1784967673.4809723,0.9144372693268633,0.4516685566294776,2.1011729145583886,1784967673.481013,0.09232703479009795,0.010948625242789278,0.1020838076299322,0.0834311280806762,0.010297634261142694,0.0958497475909974,1784967673.4810576,0.10965359775842093,0.11176774776242404,1784967673.4522564,4191.03125,nan,nan,49.43299865722656,nan
8.84312105178833,1784967673.5259025,SMC,circle,circle_smc_tune_base_p01,1784967673.5124304,0.9599276815712225,0.3782814971666469,2.005584412262126,0.11119162936835149,0.11488616021075203,1784967673.4813752,0.9589008789914558,0.38032584978578393,2.005323166967391,0.044527292251586914,0,0,1784967673.521026,0.9122385023054358,0.4553994751613301,2.105503544860818,1784967673.5210636,0.09003042012965684,0.010768648954733007,0.0999191325986919,0.0877409695837831,0.010721421618121708,0.10018037789342671,1784967673.521106,0.10962205149481537,0.1116895927184475,1784967673.5028808,4191.08154296875,nan,nan,50.56607437133789,nan
8.882994890213013,1784967673.5657763,SMC,circle,circle_smc_tune_base_p01,1784967673.5623906,0.957171549426858,0.3842552295412788,2.0121395994220164,0.11104428264851869,0.11675182937025341,1784967673.5597045,0.9550319508959557,0.3893768625068379,2.0136353777202505,0.006071805953979492,0,0,1784967673.5610962,0.9100435430395004,0.45908749035258123,2.1097953196105736,1784967673.5611486,0.09429985671735137,0.01120592856055725,0.10421090734844764,0.08226407371921983,0.010777321152552817,0.09615994189032318,1784967673.561199,0.109677291775491,0.11184722786363349,1784967673.5541196,4191.13232421875,nan,nan,50.7244873046875,nan
8.923202514648438,1784967673.605984,SMC,circle,circle_smc_tune_base_p01,1784967673.5623906,0.957171549426858,0.3842552295412788,2.0121395994220164,0.11104428264851869,0.11675182937025341,1784967673.5597045,0.9550319508959557,0.3893768625068379,2.0136353777202505,0.0462794303894043,0,0,1784967673.6016083,0.9077730827815773,0.4628648825746524,2.1142025538024685,1784967673.6016517,0.0921779462437385,0.011086581223206403,0.10206295438045208,0.08665000069234266,0.01121013331574329,0.10056717608221799,1784967673.6016989,0.10965024911898383,0.11177165118678861,1784967673.603511,4191.181640625,nan,nan,49.185367584228516,nan
8.963294982910156,1784967673.6460764,SMC,circle,circle_smc_tune_base_p01,1784967673.611839,0.9548760099980492,0.3890996640489961,2.017984972405497,0.10951501955636848,0.11690248957205085,1784967673.5597045,0.9550319508959557,0.3893768625068379,2.0136353777202505,0.08637189865112305,0,0,1784967673.6409574,0.9055756752179553,0.4664852136680578,2.1184375773010036,1784967673.6410298,0.09109500800347398,0.010988440113164612,0.10045260489550678,0.09086271330318471,0.011644241234345619,0.10480219958075311,1784967673.6410854,0.10964183904552054,0.11171470150028905,1784967673.603511,4191.181640625,nan,nan,49.185367584228516,nan
9.00341272354126,1784967673.6861942,SMC,circle,circle_smc_tune_base_p01,1784967673.6628542,0.9524620644929805,0.39413299135045793,2.0239437800778943,0.10951501955636848,0.11690248957205085,1784967673.678105,0.9485303894052414,0.40326950511411674,2.0311686602339987,0.008089065551757812,0,0,1784967673.6809387,0.9033012410702602,0.4701964288286623,2.1227903004226465,1784967673.6809747,0.08990911449062362,0.010898817005185829,0.09884652034475216,0.08005345339364547,0.01078580440911853,0.09162164018864782,1784967673.6810153,0.10963063393418636,0.1116581779116646,1784967673.666533,4191.2451171875,nan,nan,63.667423248291016,nan
9.043767929077148,1784967673.7265494,SMC,circle,circle_smc_tune_base_p01,1784967673.7118378,0.9495253782138189,0.40019716469066335,2.031898327424035,0.10988493341423465,0.12193653074398748,1784967673.678105,0.9485303894052414,0.40326950511411674,2.0311686602339987,0.048444271087646484,0,0,1784967673.721025,0.9010345651474923,0.4738592898326583,2.1270977821883936,1784967673.721068,0.08754432719167944,0.01065168572689476,0.09519945476435865,0.08434200610497988,0.011189148078409226,0.09592912195439496,1784967673.7211134,0.10961203480249251,0.11152837134970844,1784967673.7027676,4191.28125,nan,nan,36.16065979003906,nan
9.083789348602295,1784967673.7665708,SMC,circle,circle_smc_tune_base_p01,1784967673.7620301,0.946658673825247,0.4060949074536121,2.037173211996789,0.10868058311759324,0.11972800176281706,1784967673.7578986,0.9442208944396021,0.41152343363607946,2.035609397306475,0.008672237396240234,0,0,1784967673.7604108,0.8987644952534009,0.47749266062084106,2.1313820124206324,1784967673.760468,0.0918082728276341,0.011068060824736985,0.09948368499659743,0.07934633706537453,0.011062636677132951,0.09577261511415758,1784967673.7605195,0.10966940098718848,0.11168505819404448,1784967673.7535098,4191.33251953125,nan,nan,50.92195510864258,nan
9.123183012008667,1784967673.8059645,SMC,circle,circle_smc_tune_base_p01,1784967673.7620301,0.946658673825247,0.4060949074536121,2.037173211996789,0.10868058311759324,0.11972800176281706,1784967673.7578986,0.9442208944396021,0.41152343363607946,2.035609397306475,0.048065900802612305,0,0,1784967673.8007689,0.8964426958924294,0.48117336322811516,2.1357338343200465,1784967673.8008044,0.08964009226644196,0.011093818986129649,0.09856062232325735,0.08367729672971541,0.011488209634044056,0.10012443701357164,1784967673.8008423,0.10962722012342868,0.11165514804364624,1784967673.8025293,4191.38134765625,nan,nan,49.245277404785156,nan
9.162991046905518,1784967673.8457725,SMC,circle,circle_smc_tune_base_p01,1784967673.8119113,0.9442113859925518,0.41094258390599914,2.043287972011123,0.1087854436782247,0.12025887749366261,1784967673.7578986,0.9442208944396021,0.41152343363607946,2.035609397306475,0.08787393569946289,0,0,1784967673.84164,0.8940797360141434,0.484883246988023,2.140132339530923,1784967673.841681,0.08865474105373551,0.010988215290124663,0.09684436751979987,0.08805279202019392,0.011937495580205126,0.10452294222444802,1784967673.8417253,0.10962165259062892,0.11159441942699748,1784967673.8025293,4191.38134765625,nan,nan,49.245277404785156,nan
9.203484058380127,1784967673.8862655,SMC,circle,circle_smc_tune_base_p01,1784967673.862042,0.941670676773459,0.41588872279777944,2.0498797577273677,0.10972785438282934,0.12216736776001984,1784967673.8779902,0.9377562517095351,0.4241698595290663,2.049143905980225,0.008275270462036133,0,0,1784967673.88076,0.8917954209091383,0.4884357644265493,2.1443559046325467,1784967673.8808234,0.08737033294557087,0.01081847113034038,0.09447614690517893,0.07820885316161506,0.011219616183273353,0.09521199865232165,1784967673.8808706,0.10961525630794944,0.11150982060118397,1784967673.8534086,4191.43212890625,nan,nan,50.645042419433594,nan
9.242998361587524,1784967673.9257798,SMC,circle,circle_smc_tune_base_p01,1784967673.9127588,0.9386952215272435,0.4217762513906455,2.0546342543380756,0.10822275502746571,0.11851965848430276,1784967673.8779902,0.9377562517095351,0.4241698595290663,2.049143905980225,0.047789573669433594,0,0,1784967673.9207036,0.889439765433245,0.4920650282497763,2.1486826468047875,1784967673.92074,0.08513341079806806,0.010904791298685455,0.09404839246671193,0.08251509517456912,0.011640268469086883,0.09953874082456249,1784967673.92078,0.10956591840967161,0.11149843945884658,1784967673.9045005,4191.4833984375,nan,nan,51.097633361816406,nan
9.283092737197876,1784967673.9658742,SMC,circle,circle_smc_tune_base_p01,1784967673.9619086,0.9357320282828194,0.42746257958800815,2.059727477202996,0.10735754526565307,0.11799916188490142,1784967673.9587796,0.9328362705881866,0.4328324394515318,2.0560408269726125,0.007094621658325195,0,0,1784967673.960511,0.8870783826755252,0.4956689463312705,2.152991287284829,1784967673.9605446,0.08942212518140095,0.01131865480851768,0.09835703294675335,0.07692532604967564,0.01116714445264452,0.09695046031221644,1784967673.960587,0.10962415029580976,0.11165585625850903,1784967673.9537013,4191.5322265625,nan,nan,49.064945220947266,nan
9.322893857955933,1784967674.0056753,SMC,circle,circle_smc_tune_base_p01,1784967673.9619086,0.9357320282828194,0.42746257958800815,2.059727477202996,0.10735754526565307,0.11799916188490142,1784967673.9587796,0.9328362705881866,0.4328324394515318,2.0560408269726125,0.046895742416381836,0,0,1784967674.0008643,0.8846898934342826,0.4992801135823803,2.1573208876189964,1784967674.000907,0.08737665957668163,0.011330360989381782,0.09759341041600056,0.08123367378371346,0.011595571311782012,0.10128006064638395,1784967674.0009542,0.10958312633760338,0.11163079238017941,1784967674.0034254,4191.58251953125,nan,nan,50.06831359863281,nan
9.363243341445923,1784967674.0460248,SMC,circle,circle_smc_tune_base_p01,1784967674.0119793,0.9332167495078059,0.4321672776138418,2.0662180191946806,0.10699074800401505,0.12014908438294472,1784967673.9587796,0.9328362705881866,0.4328324394515318,2.0560408269726125,0.08724522590637207,0,0,1784967674.0411608,0.8822823634558707,0.5028860165377155,2.161656642013528,1784967674.0412016,0.08643044963217444,0.011190580585953513,0.09543862281884728,0.08554624599650576,0.012043296260493497,0.10561581504091544,1784967674.0412493,0.10958284336265055,0.11155430678016003,1784967674.0034254,4191.58251953125,nan,nan,50.06831359863281,nan
9.403140306472778,1784967674.0859218,SMC,circle,circle_smc_tune_base_p01,1784967674.062013,0.9306666068517072,0.43688662338543827,2.0719091535381207,0.10710676811087201,0.11906746404134337,1784967674.077863,0.9256221598753901,0.44682049506799293,2.069655460947316,0.008058786392211914,0,0,1784967674.0812201,0.8798416084971032,0.5065074589277769,2.1660238104400413,1784967674.0812552,0.08547727212528063,0.011130011203030539,0.09411465690192067,0.07431536651355458,0.011645550191174917,0.09636834949272544,1784967674.0813015,0.10957349877436999,0.11150815560349837,1784967674.0528443,4191.6318359375,nan,nan,49.26189041137695,nan
9.443345308303833,1784967674.1261268,SMC,circle,circle_smc_tune_base_p01,1784967674.112033,0.9273851683145079,0.44305031164331093,2.0768449228642374,0.10802034135845166,0.11778868703791012,1784967674.077863,0.9256221598753901,0.44682049506799293,2.069655460947316,0.0482637882232666,0,0,1784967674.1210592,0.8774550048035955,0.5100158690689716,2.170267022186257,1784967674.1211038,0.08277493388932411,0.011212378390596744,0.09342209932201982,0.07853801157006524,0.01206278829517345,0.10061156123894133,1784967674.1211486,0.1095156459034548,0.11148781592375388,1784967674.1244197,4191.70361328125,nan,nan,71.7288818359375,nan
9.484197616577148,1784967674.166979,SMC,circle,circle_smc_tune_base_p01,1784967674.162384,0.9239599650271078,0.44924598824621637,2.0823819822861864,0.11023175658276967,0.11731583971061688,1784967674.159876,0.920474756571127,0.4553756105198472,2.0806205121894674,0.00710296630859375,0,0,1784967674.16076,0.8750086561195665,0.5135791956311004,2.17458928399656,1784967674.1608014,0.08707746295368983,0.011624885023891404,0.09774436113232277,0.07299039301099979,0.011279456466252481,0.09396877180709273,1784967674.1608477,0.10957435588460375,0.11164564153854047,1784967674.1651547,4191.74267578125,nan,nan,39.4372673034668,nan
9.523126363754272,1784967674.2059078,SMC,circle,circle_smc_tune_base_p01,1784967674.162384,0.9239599650271078,0.44924598824621637,2.0823819822861864,0.11023175658276967,0.11731583971061688,1784967674.159876,0.920474756571127,0.4553756105198472,2.0806205121894674,0.04603171348571777,0,0,1784967674.2014546,0.872502366354329,0.5171959254548228,2.1789895401534816,1784967674.2014933,0.08444186918969719,0.011603842276263293,0.09660755786729515,0.07737031352107795,0.011701971945890604,0.09836902796401414,1784967674.201535,0.10952301361952764,0.11160704667145195,1784967674.203333,4191.7822265625,nan,nan,39.42510223388672,nan
9.562926769256592,1784967674.2457082,SMC,circle,circle_smc_tune_base_p01,1784967674.2121694,0.921253535881374,0.45405467967568575,2.08826630223494,0.11051381880926385,0.11752345600195488,1784967674.159876,0.920474756571127,0.4553756105198472,2.0806205121894674,0.08583211898803711,0,0,1784967674.241177,0.8700609574756253,0.520686644979916,2.1832493086395046,1784967674.2412307,0.08323217212283275,0.011528417404311132,0.09498300640456447,0.08160858500485076,0.012129353444926563,0.1026287964500372,1784967674.2412844,0.10951076262514012,0.11155038079362918,1784967674.203333,4191.7822265625,nan,nan,39.42510223388672,nan
9.603375434875488,1784967674.286157,SMC,circle,circle_smc_tune_base_p01,1784967674.2628074,0.9185042124783569,0.458871004740336,2.0943700009229596,0.11006153940921948,0.11804193490979635,1784967674.278187,0.9128922026184093,0.46764727865530376,2.0956314407039227,0.007969856262207031,0,0,1784967674.2809772,0.867556819840924,0.5242344646697898,2.187591860824563,1784967674.2810233,0.082079825910033,0.011442066643781772,0.09322185990160346,0.0716871373835807,0.010879378951336546,0.09196042012064032,1784967674.2810645,0.10950097855167974,0.11148879755151284,1784967674.2543926,4191.83349609375,nan,nan,50.99540328979492,nan
9.643302917480469,1784967674.3260844,SMC,circle,circle_smc_tune_base_p01,1784967674.312108,0.9149950055528422,0.4648404626901583,2.1000573027196774,0.11088104301622863,0.11785142967688783,1784967674.278187,0.9128922026184093,0.46764727865530376,2.0956314407039227,0.0478973388671875,0,0,1784967674.3216841,0.8650109097906249,0.5278082507784149,2.191979757362344,1784967674.321724,0.07958931120871092,0.011353136448447175,0.09192245464266646,0.07605559533061802,0.011291908101072442,0.09634831665842114,1784967674.3217673,0.10945417883578161,0.11144251970303712,1784967674.3226583,4191.9013671875,nan,nan,68.3427505493164,nan
9.68369436264038,1784967674.3664758,SMC,circle,circle_smc_tune_base_p01,1784967674.361887,0.9125311150022433,0.4690728977012887,2.104218446732207,0.10626937538120186,0.11227691308564339,1784967674.278187,0.9128922026184093,0.46764727865530376,2.0956314407039227,0.08828878402709961,0,0,1784967674.3612313,0.8625188454661221,0.5312746024617553,2.1962489500579614,1784967674.361275,0.08383963039932968,0.011754092016951198,0.096191647338284,0.08030409832491037,0.011711671007420148,0.10061750935403868,1784967674.3613234,0.10951288329495805,0.11159819131184118,1784967674.3545318,4191.93310546875,nan,nan,31.673250198364258,nan
9.723412036895752,1784967674.4061935,SMC,circle,circle_smc_tune_base_p01,1784967674.361887,0.9125311150022433,0.4690728977012887,2.104218446732207,0.10626937538120186,0.11227691308564339,1784967674.3675303,0.90817377378999,0.47615651423439304,2.1068300147180743,0.03866314888000488,0,0,1784967674.4008858,0.8600029674022246,0.5347426863471526,2.2005334892806787,1784967674.4009495,0.08325608827675751,0.011838547036462914,0.09631504254847156,0.07497121990188212,0.011492708005387643,0.09370347456260442,1784967674.400995,0.10949759752601107,0.11160511965283115,1784967674.3545318,4191.93310546875,nan,nan,31.673250198364258,nan
9.76315689086914,1784967674.4459383,SMC,circle,circle_smc_tune_base_p01,1784967674.4121888,0.9091282911653492,0.4747821372956462,2.110321532813622,0.10692903710213018,0.11282118018678917,1784967674.3675303,0.90817377378999,0.47615651423439304,2.1068300147180743,0.07840800285339355,0,0,1784967674.4406486,0.8574653281620266,0.5382093771945629,2.2048297186431665,1784967674.4406874,0.08095831806295756,0.011739984833653093,0.09450818582954446,0.07924772521916207,0.011903877819682052,0.09799970392509216,1784967674.4407296,0.10946104147495507,0.11154160568877325,1784967674.4124897,4191.9912109375,nan,nan,58.030494689941406,nan
9.803313732147217,1784967674.4860952,SMC,circle,circle_smc_tune_base_p01,1784967674.4625888,0.9062241571561005,0.4796289604345956,2.1159365923963853,0.10869988766115087,0.11241197122570351,1784967674.481018,0.9012818389762793,0.4880413360198498,2.1201394972986667,0.0050771236419677734,0,0,1784967674.481783,0.8548352233985324,0.5417697023845723,2.2092561617431423,1784967674.4818137,0.0797808416402063,0.011718004523537856,0.093319569346757,0.07007422495950913,0.011559777124709871,0.08911666444447564,1784967674.481846,0.10944482010523696,0.11150125246234316,1784967674.4534676,4192.0322265625,nan,nan,41.0311279296875,nan
9.842998504638672,1784967674.52578,SMC,circle,circle_smc_tune_base_p01,1784967674.5120103,0.9026653630124213,0.48551373927972885,2.121749053595114,0.11111740391768596,0.1121473170815089,1784967674.481018,0.9012818389762793,0.4880413360198498,2.1201394972986667,0.04476189613342285,0,0,1784967674.5206988,0.8523091743319402,0.545158393390391,2.213482765251138,1784967674.5207374,0.07718023065482224,0.011680860348158028,0.09173371165602395,0.07428324871694618,0.01194483508018886,0.09334326795247128,1784967674.520785,0.10939823011882367,0.1114471524001394,1784967674.5045493,4192.0830078125,nan,nan,50.88609313964844,nan
9.88378381729126,1784967674.5665653,SMC,circle,circle_smc_tune_base_p01,1784967674.562102,0.8989937221818521,0.49143782986181184,2.12840244303274,0.11407856480119673,0.11385219800499613,1784967674.5577762,0.8961268972791572,0.49603721031782083,2.131017161581366,0.0087890625,0,0,1784967674.560841,0.8497206029016618,0.5486002137002566,2.217789371543862,1784967674.5608845,0.08146786669738826,0.012084600687417887,0.09604031794874812,0.06918717155339467,0.011381949519912737,0.08677220996249613,1784967674.560933,0.10945752942720517,0.11160416395453887,1784967674.5557635,4192.13330078125,nan,nan,50.005210876464844,nan
9.92298674583435,1784967674.6057682,SMC,circle,circle_smc_tune_base_p01,1784967674.562102,0.8989937221818521,0.49143782986181184,2.12840244303274,0.11407856480119673,0.11385219800499613,1784967674.5577762,0.8961268972791572,0.49603721031782083,2.131017161581366,0.04799199104309082,0,0,1784967674.601361,0.8470709791087072,0.5520915294781108,2.2221722727355737,1784967674.6014102,0.07894139107781054,0.011962411967668542,0.09376982970283354,0.07355273637934992,0.011771354007903651,0.09115511115420771,1784967674.601464,0.10942013102042585,0.11152440805568341,1784967674.6052158,4192.18310546875,nan,nan,50.00477981567383,nan
9.964140176773071,1784967674.6469216,SMC,circle,circle_smc_tune_base_p01,1784967674.612144,0.8960044399361117,0.4962408773796359,2.1332694796912284,0.11355540982308693,0.11077608324089258,1784967674.5577762,0.8961268972791572,0.49603721031782083,2.131017161581366,0.08914542198181152,0,0,1784967674.6410017,0.8444637601296935,0.5554962153602496,2.2264605713424466,1784967674.6410434,0.07761200229187372,0.01200057725072734,0.0931910916512182,0.07782238096182406,0.012170868588255737,0.09544340976108055,1784967674.641092,0.10939406005900904,0.11150638896339818,1784967674.6052158,4192.18310546875,nan,nan,50.00477981567383,nan
10.003175020217896,1784967674.6859565,SMC,circle,circle_smc_tune_base_p01,1784967674.6626985,0.8928831760038913,0.5011855118349245,2.139024681531785,0.1145488516479603,0.1113077081668023,1784967674.6783085,0.8883932294292849,0.5085279673531061,2.1487708517500286,0.007647991180419922,0,0,1784967674.6806946,0.8418293514318402,0.5589059429036326,2.2307694435653467,1784967674.680734,0.07612408118149855,0.011969353803103423,0.09174476203356186,0.06763430577154311,0.01147762333986281,0.0819985918153181,1784967674.6807783,0.1093727731996265,0.11145713719455551,1784967674.6591763,4192.2373046875,nan,nan,54.01848220825195,nan
10.04379153251648,1784967674.726573,SMC,circle,circle_smc_tune_base_p01,1784967674.711863,0.8891364803775741,0.5069802678686521,2.1468498054948237,0.11620183481720385,0.11538442960502372,1784967674.6783085,0.8883932294292849,0.5085279673531061,2.1487708517500286,0.048264503479003906,0,0,1784967674.7204888,0.8391903075641073,0.5622914743210407,2.235062042289712,1784967674.720523,0.07359163146543601,0.011756764698967331,0.0882122367948881,0.07191171359820787,0.011838397228140365,0.08629119053968326,1784967674.7205625,0.10934627602935344,0.11133230004979518,1784967674.7059093,4192.28466796875,nan,nan,47.373809814453125,nan
10.082988262176514,1784967674.7657697,SMC,circle,circle_smc_tune_base_p01,1784967674.7618637,0.8854526889189398,0.5126030447253658,2.153164782092191,0.11682404589839913,0.116091516410842,1784967674.7596827,0.8829931519787136,0.5161963457183202,2.1548654352248158,0.006087064743041992,0,0,1784967674.7609122,0.8365117441420689,0.5656973082366307,2.23939499002073,1784967674.7609427,0.07790689143026877,0.012147837713092427,0.09254518452590643,0.06692589776058203,0.011480016274195967,0.0845295547959144,1784967674.7609754,0.1094076063829839,0.11148976740796662,1784967674.7059093,4192.28466796875,nan,nan,47.373809814453125,nan
10.123145818710327,1784967674.8059273,SMC,circle,circle_smc_tune_base_p01,1784967674.7618637,0.8854526889189398,0.5126030447253658,2.153164782092191,0.11682404589839913,0.116091516410842,1784967674.7596827,0.8829931519787136,0.5161963457183202,2.1548654352248158,0.04624462127685547,0,0,1784967674.800749,0.8338243225077966,0.569084134403028,2.243718513542153,1784967674.8007884,0.07556666210276478,0.0120532687726588,0.09055373144996226,0.07123318162897753,0.011854358629277438,0.08885307831733737,1784967674.8008337,0.10937110355907731,0.11142023334075403,1784967674.7915196,4192.36865234375,nan,nan,83.8005599975586,nan
10.164036989212036,1784967674.8468184,SMC,circle,circle_smc_tune_base_p01,1784967674.8122241,0.8825605753332777,0.516994801511613,2.1577489302149067,0.111428606915099,0.11154351998247462,1784967674.7596827,0.8829931519787136,0.5161963457183202,2.1548654352248158,0.08713579177856445,0,0,1784967674.8408725,0.8311247195012342,0.57245627978931,2.2480381489333885,1784967674.8409119,0.07466554312042321,0.012111131592647966,0.09028921871848183,0.0755349355018223,0.01224695831945663,0.09317271370857273,1784967674.8409555,0.1093520562891905,0.11141334501037099,1784967674.8065984,4192.38525390625,nan,nan,16.644779205322266,nan
10.20332407951355,1784967674.8861055,SMC,circle,circle_smc_tune_base_p01,1784967674.8619244,0.8795933452237588,0.5214428638424617,2.16364677481009,0.10956565047418843,0.11274901768687193,1784967674.879425,0.8755564765307563,0.5278417815118317,2.171609312832775,0.006680488586425781,0,0,1784967674.880777,0.8283989600855297,0.5758310498907815,2.252376220756509,1784967674.8808122,0.07371062096339466,0.01206997135451168,0.08872944594641918,0.0662439799074665,0.011770147103917682,0.0807669079237341,1784967674.8808515,0.10934419636525201,0.1113599805766977,1784967674.8606522,4192.439453125,nan,nan,54.3197135925293,nan
10.243079423904419,1784967674.925861,SMC,circle,circle_smc_tune_base_p01,1784967674.9120505,0.8760801022120196,0.5266313956255767,2.170623874638838,0.1082227067632598,0.11420569754525742,1784967674.879425,0.8755564765307563,0.5278417815118317,2.171609312832775,0.04643583297729492,0,0,1784967674.9214263,0.825674976781029,0.5791739381807829,2.256688414627053,1784967674.921471,0.07182404735630038,0.011945780394744872,0.08606453998821495,0.07054135313487837,0.012127317241178357,0.08507910179427824,1784967674.9215248,0.10932404029668079,0.111267010679432,1784967674.9045517,4192.4833984375,nan,nan,43.89058303833008,nan
10.283421516418457,1784967674.966203,SMC,circle,circle_smc_tune_base_p01,1784967674.9627311,0.8724191611283894,0.5320315562842375,2.1770712005030552,0.10890656349634491,0.11507200621370867,1784967674.9571009,0.8700083659107458,0.5360486722090292,2.178867783273366,0.009102106094360352,0,0,1784967674.960585,0.8229398497430092,0.5825011176607149,2.2609955101547023,1784967674.9606214,0.07611439059732346,0.012325251184128187,0.09037163551586413,0.06501547339740192,0.012093929121094048,0.0821277268813363,1784967674.9606597,0.10938602568921192,0.1114232295566664,1784967674.9639804,4192.54248046875,nan,nan,59.033084869384766,nan
10.323029041290283,1784967675.0058105,SMC,circle,circle_smc_tune_base_p01,1784967674.9627311,0.8724191611283894,0.5320315562842375,2.1770712005030552,0.10890656349634491,0.11507200621370867,1784967674.9571009,0.8700083659107458,0.5360486722090292,2.178867783273366,0.04870963096618652,0,0,1784967675.0018995,0.8201107985018332,0.5859120618210215,2.26542700009916,1784967675.0019455,0.07408356265073923,0.012284112607132244,0.08835579959610484,0.06943120665704365,0.01246725306838756,0.08655921682579402,1784967675.0019932,0.10935671533072448,0.1113546637401079,1784967674.9639804,4192.54248046875,nan,nan,59.033084869384766,nan
10.363356113433838,1784967675.0461376,SMC,circle,circle_smc_tune_base_p01,1784967675.0122044,0.8696232402086983,0.5360790765702602,2.1812608697928573,0.10489214425619062,0.10964164691909113,1784967674.9571009,0.8700083659107458,0.5360486722090292,2.178867783273366,0.08903670310974121,0,0,1784967675.0410945,0.8173903541403982,0.589163271647335,2.2696662464675685,1784967675.0411363,0.07343862956167037,0.01236825946156939,0.08840537667471127,0.07365379220162796,0.012842691714571482,0.09079846319420248,1784967675.0411808,0.10934076433406041,0.1113591212045427,1784967675.0060089,4192.583984375,nan,nan,41.58219528198242,nan
10.40338921546936,1784967675.0861707,SMC,circle,circle_smc_tune_base_p01,1784967675.062267,0.8664977002591803,0.5405406642475673,2.1869445413163535,0.10673837604291307,0.11031139142045993,1784967675.0765002,0.8613965488269809,0.5477917575357899,2.192952806879417,0.009670495986938477,0,0,1784967675.081063,0.8146040702692663,0.5924643590188927,2.273986036354043,1784967675.0811062,0.072364588992724,0.01234443891596514,0.08704149503768965,0.06357214717903746,0.011989973973662391,0.0810332294746261,1784967675.081151,0.10932789238636993,0.11131286446512183,1784967675.0574005,4192.6357421875,nan,nan,52.036041259765625,nan
10.442956924438477,1784967675.1257384,SMC,circle,circle_smc_tune_base_p01,1784967675.1117902,0.8624745424607857,0.5461667731632945,2.1943354364574024,0.11117941848937078,0.1149072290460875,1784967675.0765002,0.8613965488269809,0.5477917575357899,2.192952806879417,0.04923820495605469,0,0,1784967675.1204262,0.8118294416786092,0.5957231057747505,2.2782659922179955,1784967675.1204631,0.06980295218073698,0.012178021267341452,0.08393055576059316,0.06783730441807745,0.012345541071648845,0.08531318533857846,1784967675.1205046,0.10929509983978762,0.11120361923426449,1784967675.1073077,4192.68603515625,nan,nan,50.0649528503418,nan
10.483872652053833,1784967675.166654,SMC,circle,circle_smc_tune_base_p01,1784967675.1622517,0.8586173579569073,0.5515690501957753,2.2005976853815428,0.11270320913681417,0.11449638434526622,1784967675.1600733,0.8561904921318125,0.5554028498856196,2.2038395796931276,0.006580829620361328,0,0,1784967675.160983,0.8090033178224014,0.5990135044828969,2.2826034718093653,1784967675.1610212,0.07412436125333545,0.012551013675389688,0.08826803535196293,0.06307623749796624,0.012243646385367745,0.07876389211623769,1784967675.1610606,0.10935853047746076,0.11136063496757842,1784967675.1551847,4192.7333984375,nan,nan,47.61322784423828,nan
10.52314305305481,1784967675.2059245,SMC,circle,circle_smc_tune_base_p01,1784967675.1622517,0.8586173579569073,0.5515690501957753,2.2005976853815428,0.11270320913681417,0.11449638434526622,1784967675.1600733,0.8561904921318125,0.5554028498856196,2.2038395796931276,0.04585123062133789,0,0,1784967675.2011359,0.8061564574348217,0.6022990726974855,2.2869508390960473,1784967675.2011764,0.07189583328069449,0.012516805642286404,0.0863531537145046,0.06740936957918109,0.012595127431559845,0.08311125940291975,1784967675.2012377,0.10932307933200647,0.11129566531189303,1784967675.1551847,4192.7333984375,nan,nan,47.61322784423828,nan
10.56395173072815,1784967675.2467332,SMC,circle,circle_smc_tune_base_p01,1784967675.2122,0.8553059845456111,0.5561125814207177,2.2063093141736685,0.11270320913681417,0.11449638434526622,1784967675.1600733,0.8561904921318125,0.5554028498856196,2.2038395796931276,0.08665990829467773,0,0,1784967675.2411237,0.8033111903322279,0.6055541799294806,2.2912741823730247,1784967675.2411623,0.07065259378575522,0.012495650432804064,0.08496486819935622,0.07171700048733706,0.012963344671770627,0.08743460267989711,1784967675.2412055,0.10930606915241138,0.11124868395440535,1784967675.2115407,4192.79052734375,nan,nan,56.69277572631836,nan
10.603431701660156,1784967675.2862132,SMC,circle,circle_smc_tune_base_p01,1784967675.2618535,0.851889155774565,0.5607321124048621,2.212357512559546,0.11379950280312918,0.11577479539064119,1784967675.2790127,0.8474428918125333,0.5670487048849139,2.2178655008000283,0.007200479507446289,0,0,1784967675.2805297,0.800489996071451,0.6087539098337745,2.295540027671792,1784967675.2805662,0.06923293028623331,0.012440579185523524,0.08318251511224606,0.06158025026024377,0.012319550161639967,0.07767452687176357,1784967675.280606,0.10928816186000805,0.11118743647659232,1784967675.2546957,4192.83349609375,nan,nan,43.10044479370117,nan
10.643388986587524,1784967675.3261704,SMC,circle,circle_smc_tune_base_p01,1784967675.3125248,0.8478539744921466,0.5661420829338478,2.2190386396323842,0.11433346533294228,0.11678911372752047,1784967675.2790127,0.8474428918125333,0.5670487048849139,2.2178655008000283,0.04715776443481445,0,0,1784967675.3208704,0.7976056227626767,0.6119970562667211,2.2998802624282617,1784967675.320915,0.06689238378987723,0.01236868714920112,0.08084162279587748,0.0659066541081482,0.012665726294181421,0.0820147616282334,1784967675.3209662,0.1092526994980291,0.11110701033150262,1784967675.3106902,4192.8896484375,nan,nan,56.060916900634766,nan
10.68355941772461,1784967675.3663409,SMC,circle,circle_smc_tune_base_p01,1784967675.3624036,0.844750020673539,0.570237508491185,2.2243258699185473,0.11025586076163445,0.1151789000269315,1784967675.2790127,0.8474428918125333,0.5670487048849139,2.2178655008000283,0.08732819557189941,0,0,1784967675.3609788,0.7947118546111586,0.6152224885592696,2.304213544898965,1784967675.3610249,0.07121074248826945,0.012727972190047437,0.08517490526658067,0.07022458834382336,0.013030077120913,0.08634804409893658,1784967675.3610759,0.10931753732237909,0.11126342924855427,1784967675.3558772,4192.9345703125,nan,nan,45.04459762573242,nan
10.72378921508789,1784967675.4065707,SMC,circle,circle_smc_tune_base_p01,1784967675.3624036,0.844750020673539,0.570237508491185,2.2243258699185473,0.11025586076163445,0.1151789000269315,1784967675.3694732,0.8413876359276268,0.5752550792560226,2.2249118823860874,0.03709745407104492,0,0,1784967675.4016452,0.7917637637340352,0.6184797647281128,2.3086068487701197,1784967675.4016905,0.07051683638239947,0.012737130677920035,0.08428097885157237,0.06449654399751736,0.013080441048502305,0.08369496638403229,1784967675.4017448,0.10930905377088708,0.11123393698431641,1784967675.3558772,4192.9345703125,nan,nan,45.04459762573242,nan
10.763567447662354,1784967675.446349,SMC,circle,circle_smc_tune_base_p01,1784967675.4120154,0.8409236657030134,0.5753265719811224,2.2299734562061975,0.11070241605223594,0.11507895199333211,1784967675.3694732,0.8413876359276268,0.5752550792560226,2.2249118823860874,0.07687568664550781,0,0,1784967675.4408352,0.7889093402629661,0.6216063367421024,2.3128404303130887,1784967675.4408796,0.06844102730430274,0.01277233177013825,0.08286697410689126,0.06871454463051563,0.013443286154407753,0.08792854792700133,1784967675.4409275,0.10927198229187364,0.11118797686256765,1784967675.4183147,4192.9970703125,nan,nan,62.64277267456055,nan
10.803302526473999,1784967675.486084,SMC,circle,circle_smc_tune_base_p01,1784967675.4628208,0.8375215147221525,0.5796884405084656,2.23654765732431,0.10987655523372944,0.11740621897570239,1784967675.483444,0.8320051269363756,0.5877415169756857,2.240097457308833,0.0026400089263916016,0,0,1784967675.4818454,0.7859150052833039,0.624857793472733,2.317260616355874,1784967675.4818914,0.06739834130528519,0.0126872318875643,0.08071295903156406,0.05770470762980111,0.013118079598759373,0.07716315904704096,1784967675.4819443,0.10926596371404551,0.11111333969730428,1784967675.4557545,4193.03466796875,nan,nan,37.31479263305664,nan
10.843159914016724,1784967675.5259414,SMC,circle,circle_smc_tune_base_p01,1784967675.5124652,0.8334530353592682,0.5850036022525691,2.2425343903376644,0.11057890615583693,0.11761426330728741,1784967675.483444,0.8320051269363756,0.5877415169756857,2.240097457308833,0.04249739646911621,0,0,1784967675.5208383,0.783033808050301,0.6279593589259985,2.3214939404067776,1784967675.5208774,0.06500151324167994,0.012731802312001536,0.07895955006911316,0.06192473166159114,0.01345334505696956,0.08139648309794456,1784967675.5209231,0.10922354222856784,0.11105637841270383,1784967675.5187972,4193.09619140625,nan,nan,61.94120407104492,nan
10.883257389068604,1784967675.5660388,SMC,circle,circle_smc_tune_base_p01,1784967675.5619085,0.8294963839846093,0.5900786211879538,2.2478340469822986,0.10781858312573946,0.11569755872988587,1784967675.5594106,0.8255622256749169,0.5955969171597586,2.247779780834028,0.006628274917602539,0,0,1784967675.5606904,0.780085653953988,0.6311059335544258,2.32580585103605,1784967675.5607257,0.06929924272440019,0.013081181420172582,0.08327146069838554,0.05616662159561947,0.01320300872301559,0.0780260702020219,1784967675.5607634,0.10928895479247068,0.11121175473728527,1784967675.5552256,4193.1337890625,nan,nan,37.439083099365234,nan
10.922914743423462,1784967675.6056962,SMC,circle,circle_smc_tune_base_p01,1784967675.5619085,0.8294963839846093,0.5900786211879538,2.2478340469822986,0.10781858312573946,0.11569755872988587,1784967675.5594106,0.8255622256749169,0.5955969171597586,2.247779780834028,0.04628562927246094,0,0,1784967675.6007757,0.7771220096387688,0.6342418211494393,2.330120594078042,1784967675.6008122,0.0672340681438485,0.013154596146774254,0.08228654709574322,0.060467498160749054,0.013548608791316887,0.08234081324401377,1784967675.6008596,0.10924818580751945,0.11118137144141725,1784967675.5552256,4193.1337890625,nan,nan,37.439083099365234,nan
10.963624000549316,1784967675.6464055,SMC,circle,circle_smc_tune_base_p01,1784967675.6120324,0.8262568065119699,0.5941074549817185,2.2533128611343405,0.10550410349380317,0.11451258173791912,1784967675.5594106,0.8255622256749169,0.5955969171597586,2.247779780834028,0.08699488639831543,0,0,1784967675.6417367,0.774071600429673,0.6374414057697749,2.334541269355752,1784967675.6417756,0.06654232550023931,0.013162292420915475,0.08122840822141164,0.06487237778669595,0.013921936484560134,0.08676148852172405,1784967675.641819,0.10924091674104919,0.11114635668807757,1784967675.6064067,4193.185546875,nan,nan,51.52829360961914,nan
11.003564596176147,1784967675.686346,SMC,circle,circle_smc_tune_base_p01,1784967675.6627924,0.8228871220247829,0.5982422507470243,2.2593403604226365,0.10530769694491166,0.11524941750868394,1784967675.6788218,0.8171403451919325,0.6064111910862063,2.2610819759026413,0.007524251937866211,0,0,1784967675.680424,0.7711693463008698,0.6404594742167145,2.338728373580911,1784967675.6804616,0.06546113482109396,0.013109619035398892,0.07938801315827425,0.055525787316874124,0.013766091167015871,0.07764639767826953,1784967675.6805024,0.10923091328428401,0.11108325440645576,1784967675.655822,4193.23388671875,nan,nan,48.55952835083008,nan
11.043681144714355,1784967675.7264626,SMC,circle,circle_smc_tune_base_p01,1784967675.7127445,0.8187689553845731,0.6034184444480838,2.2646171836491393,0.10548191264795653,0.11363512033284537,1784967675.6788218,0.8171403451919325,0.6064111910862063,2.2610819759026413,0.04764080047607422,0,0,1784967675.721344,0.7681295650671409,0.6435936192044308,2.343094512039163,1784967675.7213888,0.0632698511219138,0.013240787644061287,0.07847732839002353,0.05987801756392798,0.014114267314371074,0.0820125361365216,1784967675.7214386,0.10918607775668436,0.1110572705344695,1784967675.7052798,4193.2841796875,nan,nan,50.087120056152344,nan
11.08302927017212,1784967675.7658107,SMC,circle,circle_smc_tune_base_p01,1784967675.7621906,0.814563400728695,0.6085600478995424,2.2701903732940045,0.10782360072473506,0.11388646283878233,1784967675.758538,0.8109356911723149,0.6133634219891251,2.2691963512427327,0.0072727203369140625,0,0,1784967675.7605577,0.7651251807103403,0.6466645423950281,2.3473906641540307,1784967675.7605941,0.06755204403249168,0.013586791231518323,0.08277348050489142,0.0549602374134023,0.01367259275110579,0.07819431291129808,1784967675.760633,0.10925148199909288,0.11121200905788033,1784967675.7553103,4193.333984375,nan,nan,50.05808639526367,nan
11.123478889465332,1784967675.8062603,SMC,circle,circle_smc_tune_base_p01,1784967675.7621906,0.814563400728695,0.6085600478995424,2.2701903732940045,0.10782360072473506,0.11388646283878233,1784967675.758538,0.8109356911723149,0.6133634219891251,2.2691963512427327,0.04772233963012695,0,0,1784967675.800805,0.7620839228276153,0.6497464520330828,2.3517204962310574,1784967675.8008478,0.06530105100953856,0.013645080552011066,0.08153012293705286,0.059276093466607296,0.014020160089020399,0.08252414498832471,1784967675.8008938,0.10920847732045652,0.11117250678296879,1784967675.7553103,4193.333984375,nan,nan,50.05808639526367,nan
11.16348671913147,1784967675.8462682,SMC,circle,circle_smc_tune_base_p01,1784967675.8121629,0.8109699425936596,0.6128240227810321,2.276216250722105,0.10971423493845954,0.11514129328344613,1784967675.758538,0.8109356911723149,0.6133634219891251,2.2691963512427327,0.08773016929626465,0,0,1784967675.8410745,0.7590122002008384,0.6528323183589647,2.356074584060647,1784967675.8411117,0.06414687901481687,0.013617952205395766,0.07985833333854186,0.0636145684572624,0.014388515396468793,0.08687823281791429,1784967675.8411522,0.10919533099152341,0.11111587618479792,1784967675.8064578,4193.38525390625,nan,nan,51.18864059448242,nan
11.203341007232666,1784967675.8861225,SMC,circle,circle_smc_tune_base_p01,1784967675.8618767,0.8074061179098392,0.6170017715065035,2.2820791701149976,0.11005386046431676,0.11561708428700844,1784967675.8782964,0.8017354060897656,0.6240469962674345,2.278596198685489,0.007826089859008789,0,0,1784967675.8810568,0.7559512421279337,0.6558808124140239,2.360394631439187,1784967675.8810945,0.06304190393939796,0.013597882604129256,0.07831546132418943,0.05395434901911176,0.01408934853222902,0.08179843275369825,1784967675.881136,0.10918197611868448,0.11106377813094395,1784967675.855736,4193.4345703125,nan,nan,49.15019226074219,nan
11.243266582489014,1784967675.926048,SMC,circle,circle_smc_tune_base_p01,1784967675.9117787,0.8031493843146045,0.6220642323754105,2.286542228877009,0.10952511428623848,0.11397132958963743,1784967675.8782964,0.8017354060897656,0.6240469962674345,2.278596198685489,0.047751665115356445,0,0,1784967675.9210699,0.7528818069295239,0.6589114694455926,2.364708138519265,1784967675.9211154,0.06078967470490176,0.013753678240510644,0.078165909642256,0.05825265987414481,0.014451064268325403,0.08611193983377641,1784967675.9211652,0.10912918503894675,0.11106398626275889,1784967675.9086173,4193.4873046875,nan,nan,52.924560546875,nan
11.283003091812134,1784967675.9657845,SMC,circle,circle_smc_tune_base_p01,1784967675.962389,0.7987231654191588,0.6272119619455897,2.2918313507398316,0.11037969646154085,0.11333354709862586,1784967675.9607708,0.794772846680666,0.6318941284245261,2.290091580539309,0.005013704299926758,0,0,1784967675.9609191,0.7498076621659906,0.6619207347209317,2.369010006957986,1784967675.960962,0.06507767205787533,0.014098819118142217,0.08246777808097683,0.052213644437976825,0.01404280024150021,0.07891842641867708,1784967675.9611773,0.10919482176063391,0.11121888657330396,1784967675.9086173,4193.4873046875,nan,nan,52.924560546875,nan
11.323150157928467,1784967676.0059316,SMC,circle,circle_smc_tune_base_p01,1784967675.962389,0.7987231654191588,0.6272119619455897,2.2918313507398316,0.11037969646154085,0.11333354709862586,1784967675.9607708,0.794772846680666,0.6318941284245261,2.290091580539309,0.045160770416259766,0,0,1784967676.0011585,0.7466863998111399,0.6649497954102325,2.373359434181191,1784967676.0011976,0.0626984678997216,0.014172902757607023,0.08152808344135964,0.05654877495107774,0.014395122227269571,0.08326785364188227,1784967676.001241,0.10914603326398452,0.11119003287329889,1784967676.005669,4193.58447265625,nan,nan,34.3193359375,nan
11.363480567932129,1784967676.046262,SMC,circle,circle_smc_tune_base_p01,1784967676.012026,0.7955095910909767,0.6308693486353412,2.2963249357548374,0.10556914331761821,0.1093932443053848,1784967675.9607708,0.794772846680666,0.6318941284245261,2.290091580539309,0.08549118041992188,0,0,1784967676.0417402,0.7435306822668175,0.6679856634907757,2.3777383699950954,1784967676.0417824,0.06225814365811313,0.014260131108925909,0.08141343424025793,0.060911727424726905,0.014768878745184837,0.08764678945578641,1784967676.0418305,0.10913647314679592,0.11118911884497279,1784967676.005669,4193.58447265625,nan,nan,34.3193359375,nan
11.402984857559204,1784967676.0857663,SMC,circle,circle_smc_tune_base_p01,1784967676.0621595,0.7918220492864265,0.6350112864118556,2.3025792462574044,0.10794480068604285,0.11204367961135692,1784967676.08051,0.7845572810440588,0.6432004362284507,2.3028709534952863,0.0052564144134521484,0,0,1784967676.080868,0.7404759542584696,0.670899188710116,2.3819597464141626,1784967676.080916,0.06100934874218895,0.014220491272928654,0.07938050015675824,0.050066618460904454,0.014272980631552891,0.07908879291887638,1784967676.080963,0.10912413476347466,0.11112003304765623,1784967676.0574708,4193.63623046875,nan,nan,51.8103141784668,nan
11.443175792694092,1784967676.1259573,SMC,circle,circle_smc_tune_base_p01,1784967676.1122432,0.787115105855068,0.640296836174899,2.30741860540185,0.11005172109126334,0.11022489755726644,1784967676.08051,0.7845572810440588,0.6432004362284507,2.3028709534952863,0.045447349548339844,0,0,1784967676.1211593,0.7373221220016526,0.673881558014462,2.386300393157937,1784967676.1211991,0.058328025737962266,0.014321878214079625,0.078881787756087,0.05439293895142747,0.014625309433846132,0.08342943966265093,1784967676.1212478,0.1090640406424584,0.11110678886567221,1784967676.1086788,4193.6875,nan,nan,51.17411422729492,nan
11.483348369598389,1784967676.1661298,SMC,circle,circle_smc_tune_base_p01,1784967676.16186,0.7823899353920092,0.6455493893698888,2.3135848925579063,0.11297913004835058,0.11168276887168181,1784967676.157686,0.7781516744366944,0.6505782167934794,2.314778094447532,0.008443832397460938,0,0,1784967676.1604757,0.7341932652700502,0.6768148410517433,2.3905892067489405,1784967676.1605108,0.06260276519920556,0.014669004073365067,0.08317060134709031,0.049073971455059144,0.01457557939018098,0.07581111230140847,1784967676.16055,0.10912914479672539,0.11126132018068184,1784967676.1566908,4193.7353515625,nan,nan,48.02464294433594,nan
11.523159503936768,1784967676.205941,SMC,circle,circle_smc_tune_base_p01,1784967676.16186,0.7823899353920092,0.6455493893698888,2.3135848925579063,0.11297913004835058,0.11168276887168181,1784967676.157686,0.7781516744366944,0.6505782167934794,2.314778094447532,0.048254966735839844,0,0,1784967676.2012935,0.7309893967995749,0.6797924787546434,2.394963121467568,1784967676.2013383,0.05998743390223461,0.014700758892984327,0.08137822890966184,0.05343458465151738,0.014916390212651572,0.08018502702003616,1784967676.2013905,0.10908228525228784,0.11120263292675488,1784967676.1566908,4193.7353515625,nan,nan,48.02464294433594,nan
11.563852548599243,1784967676.246634,SMC,circle,circle_smc_tune_base_p01,1784967676.2120726,0.7784413293572333,0.6498380925481275,2.319834956879098,0.11456227622627048,0.1140729203839458,1784967676.157686,0.7781516744366944,0.6505782167934794,2.314778094447532,0.08894801139831543,0,0,1784967676.240986,0.7278271075398755,0.6827060151241707,2.399262981468179,1784967676.2410226,0.05853561677461138,0.014686093880174885,0.07942802458908105,0.05771987510990266,0.015270018867939224,0.08448488702064694,1784967676.2410638,0.10906435807100177,0.11113713728230853,1784967676.2061214,4193.78515625,nan,nan,49.446205139160156,nan
11.60329532623291,1784967676.2860768,SMC,circle,circle_smc_tune_base_p01,1784967676.2627187,0.7745900195661931,0.6539821177926102,2.325216969843464,0.11321952771438541,0.11272130539668754,1784967676.281833,0.7686770874915214,0.6610779804233134,2.3326177663281,0.0042438507080078125,0,0,1784967676.2811012,0.7246291175585093,0.6856270285430295,2.4035942040023586,1784967676.2811406,0.057275202308287934,0.014732389703237963,0.07837723415889464,0.048166894595923916,0.014927480825270699,0.07097643767425854,1784967676.281186,0.10904305312908688,0.11110365412873775,1784967676.2565792,4193.83544921875,nan,nan,50.3831787109375,nan
11.643595695495605,1784967676.3263772,SMC,circle,circle_smc_tune_base_p01,1784967676.31199,0.7700370405782703,0.658881656401912,2.331993160530109,0.1127174756425745,0.11421313661081713,1784967676.281833,0.7686770874915214,0.6610779804233134,2.3326177663281,0.044544219970703125,0,0,1784967676.320698,0.7214527000385431,0.6885033346079642,2.4078793869552393,1784967676.320753,0.05495933731905615,0.014742903610662536,0.07588622642513032,0.05244062424679273,0.015240529881511627,0.07526162062713926,1784967676.320805,0.10900820245433653,0.1110209710011931,1784967676.3098845,4193.888671875,nan,nan,53.151676177978516,nan
11.683564186096191,1784967676.3663456,SMC,circle,circle_smc_tune_base_p01,1784967676.3623943,0.7662051518213857,0.6628984990857161,2.3378502743275105,0.11147345049412932,0.11456616660199846,1784967676.3639617,0.762013443474863,0.6677262250184339,2.338252168058293,0.0023839473724365234,0,0,1784967676.3609426,0.7182194085128404,0.6914058478628674,2.412224359565713,1784967676.360979,0.059291075929796364,0.015081721988694622,0.08023119903560394,0.0474482208284594,0.015076749534406495,0.07397219150742007,1784967676.3610196,0.10907557179616682,0.11117709736747662,1784967676.3610866,4193.9384765625,nan,nan,49.98848342895508,nan
11.723366260528564,1784967676.4061477,SMC,circle,circle_smc_tune_base_p01,1784967676.3623943,0.7662051518213857,0.6628984990857161,2.3378502743275105,0.11147345049412932,0.11456616660199846,1784967676.3639617,0.762013443474863,0.6677262250184339,2.338252168058293,0.04218602180480957,0,0,1784967676.4010267,0.7150085735538748,0.6942632408292256,2.4165225201186917,1784967676.4010735,0.05811261618109412,0.01509173586858907,0.07867224579118126,0.051733931360427705,0.015403614849306746,0.0782703520603989,1784967676.4011214,0.1090606517355577,0.11112546605532568,1784967676.3610866,4193.9384765625,nan,nan,49.98848342895508,nan
11.763757944107056,1784967676.4465394,SMC,circle,circle_smc_tune_base_p01,1784967676.412062,0.7618254742761855,0.6675166048038434,2.3429994261560663,0.10983126151840607,0.11246316050155691,1784967676.3639617,0.762013443474863,0.6677262250184339,2.338252168058293,0.08257770538330078,0,0,1784967676.4408896,0.7117593315281802,0.6971297816129614,2.420855493598916,1784967676.440927,0.05614605525968609,0.015204583820940459,0.07785606744284967,0.05605289166474581,0.01575176955067516,0.08260332554062311,1784967676.440968,0.10902034600368268,0.111102021708793,1784967676.406481,4193.9853515625,nan,nan,46.827484130859375,nan
11.803455352783203,1784967676.4862368,SMC,circle,circle_smc_tune_base_p01,1784967676.4617825,0.758075700436725,0.671366796559571,2.348363022958599,0.10901784539694802,0.11167679760614249,1784967676.4771955,0.7528075867877329,0.677107444260448,2.3512574151949774,0.009041309356689453,0,0,1784967676.4816375,0.7084467998444283,0.700026533196293,2.4252559557494897,1784967676.4816768,0.05524060925691322,0.015260516603685933,0.07689293279089071,0.0474986231664293,0.015396261012725902,0.07399854055451227,1784967676.481717,0.10900665565373684,0.11107178164648589,1784967676.4565427,4194.03515625,nan,nan,49.93186950683594,nan
11.843790054321289,1784967676.5265715,SMC,circle,circle_smc_tune_base_p01,1784967676.5118203,0.753591626891009,0.6759679870361579,2.3537949296806846,0.10885223610294854,0.11044521777586767,1784967676.4771955,0.7528075867877329,0.677107444260448,2.3512574151949774,0.04937601089477539,0,0,1784967676.5216968,0.7052201907727212,0.702823554464198,2.429526126914956,1784967676.5217395,0.05315686427622533,0.015341613811674423,0.07573119723427135,0.05175642141505289,0.015721050404105034,0.07826871171997851,1784967676.5217884,0.1089662111627408,0.11103576036819819,1784967676.5064242,4194.08544921875,nan,nan,50.04364013671875,nan
11.883614540100098,1784967676.566396,SMC,circle,circle_smc_tune_base_p01,1784967676.5629845,0.7489645544944591,0.680639792861037,2.3594151199465196,0.11046069280598539,0.10945208007216026,1784967676.560036,0.7460517355218832,0.6837368297511248,2.360649505446744,0.006360054016113281,0,0,1784967676.5607643,0.7019846215778524,0.7056042441835751,2.4337924099502346,1784967676.5607948,0.05741021769047261,0.015673469297911167,0.07999748026955,0.04669222209478818,0.015489697904339798,0.07314290450349059,1784967676.560829,0.10903245125216916,0.11118903165224871,1784967676.556871,4194.13525390625,nan,nan,50.20050811767578,nan
11.923826694488525,1784967676.6066082,SMC,circle,circle_smc_tune_base_p01,1784967676.5629845,0.7489645544944591,0.680639792861037,2.3594151199465196,0.11046069280598539,0.10945208007216026,1784967676.560036,0.7460517355218832,0.6837368297511248,2.360649505446744,0.046572208404541016,0,0,1784967676.60121,0.6986606179501025,0.7084360821912326,2.438159140640237,1784967676.6012492,0.055276170150106496,0.015737367820670423,0.07874402069371733,0.05104656666441433,0.01581831620552625,0.07750963519349297,1784967676.601292,0.10899196753955799,0.11114937961714626,1784967676.556871,4194.13525390625,nan,nan,50.20050811767578,nan
11.964048147201538,1784967676.6468296,SMC,circle,circle_smc_tune_base_p01,1784967676.6122234,0.7451093041360649,0.6844702901861752,2.3648001686324736,0.11046069280598539,0.10945208007216026,1784967676.560036,0.7460517355218832,0.6837368297511248,2.360649505446744,0.08679366111755371,0,0,1784967676.6408973,0.6953771790778105,0.7112089032924093,2.442456760459878,1784967676.6409342,0.054210892135334976,0.015792937267836035,0.07765659182740459,0.05533055519161627,0.016160295716624674,0.08180725501313411,1784967676.6409745,0.10897557553432137,0.11111498430317468,1784967676.6121385,4194.19091796875,nan,nan,55.453609466552734,nan
12.003153562545776,1784967676.685935,SMC,circle,circle_smc_tune_base_p01,1784967676.6623516,0.7408168634668402,0.6886749382043462,2.3710889740627454,0.11385702098230142,0.112047426613094,1784967676.679121,0.7351901445744673,0.6944929793089282,2.376054438008046,0.006814002990722656,0,0,1784967676.6806524,0.6920794211587078,0.7139696156597272,2.4467575474319236,1784967676.6806889,0.05258969721062499,0.015795022557915855,0.0756685733691782,0.044579093253963156,0.015829664608760223,0.07070310942387747,1784967676.680728,0.10895311065121427,0.11104878653090314,1784967676.659065,4194.23583984375,nan,nan,44.73304748535156,nan
12.0437650680542,1784967676.7265465,SMC,circle,circle_smc_tune_base_p01,1784967676.712467,0.7359789063134707,0.6933898282221047,2.377409925878843,0.11442515614835524,0.11293214549586865,1784967676.679121,0.7351901445744673,0.6944929793089282,2.376054438008046,0.04742550849914551,0,0,1784967676.7210433,0.6887297420996765,0.7167492320325188,2.45111032205198,1784967676.7210836,0.050274918793215106,0.01582964957337049,0.07370039617313706,0.048920309853147326,0.01614661163488916,0.07505588404393393,1784967676.7211297,0.10891341638112054,0.11098433485821692,1784967676.7117095,4194.29052734375,nan,nan,54.789581298828125,nan
12.083084106445312,1784967676.7658656,SMC,circle,circle_smc_tune_base_p01,1784967676.7618546,0.7314570316475889,0.6977725081020197,2.3824421556186546,0.11206097326739989,0.11308625870877957,1784967676.7571867,0.7282915876581899,0.7008770782308198,2.3784270121745514,0.008678913116455078,0,0,1784967676.7606177,0.6854157283014475,0.7194751534818491,2.4554014015731593,1784967676.7606564,0.054553658502382064,0.016154798314670725,0.0779914756943163,0.043839527469197406,0.01619640546231144,0.0769743893986079,1784967676.7606974,0.10898099007008014,0.1111382091336329,1784967676.7574892,4194.33642578125,nan,nan,45.84416580200195,nan
12.123729944229126,1784967676.8065114,SMC,circle,circle_smc_tune_base_p01,1784967676.7618546,0.7314570316475889,0.6977725081020197,2.3824421556186546,0.11206097326739989,0.11308625870877957,1784967676.7571867,0.7282915876581899,0.7008770782308198,2.3784270121745514,0.049324750900268555,0,0,1784967676.8006828,0.6820728754135134,0.7222007696485852,2.459714599662759,1784967676.8007197,0.052638408952664736,0.016270610070646223,0.07727244404410438,0.04813922526592672,0.01653735674261933,0.08128758748820752,1784967676.80076,0.10894104656950211,0.11111810180382502,1784967676.7574892,4194.33642578125,nan,nan,45.84416580200195,nan
12.16334319114685,1784967676.8461246,SMC,circle,circle_smc_tune_base_p01,1784967676.8123221,0.7273576574684546,0.7016621413194011,2.388144886671471,0.11206097326739989,0.11308625870877957,1784967676.7571867,0.7282915876581899,0.7008770782308198,2.3784270121745514,0.08893799781799316,0,0,1784967676.8409002,0.678694283922161,0.7249312638645025,2.46405861955259,1784967676.8409376,0.05141161430935723,0.016322435572883903,0.07591373288111924,0.052468121387038935,0.01689948586491665,0.08563160737803877,1784967676.8409772,0.10892283184266797,0.11107453894846678,1784967676.8451715,4194.423828125,nan,nan,87.51514434814453,nan
12.203173398971558,1784967676.8859549,SMC,circle,circle_smc_tune_base_p01,1784967676.8622,0.7237777221781099,0.7050245944226671,2.392646897294324,0.10650580375402618,0.10925755847522964,1784967676.8790889,0.718300707485541,0.710346058526137,2.3967538904066377,0.006865978240966797,0,0,1784967676.880512,0.675347708833197,0.7276120884215916,2.4683465576705714,1784967676.8805487,0.05084956378447037,0.016431157618043136,0.07569966037624765,0.04328275960446564,0.016421894001638175,0.07159266726393376,1784967676.8805892,0.10891109358989402,0.11107102726647636,1784967676.8576586,4194.4365234375,nan,nan,12.619600296020508,nan
12.243310451507568,1784967676.926092,SMC,circle,circle_smc_tune_base_p01,1784967676.9120147,0.7190653345749526,0.7094117450992049,2.3988983261519423,0.10830102302269383,0.11095940380320318,1784967676.8790889,0.718300707485541,0.710346058526137,2.3967538904066377,0.04700303077697754,0,0,1784967676.920809,0.67195339048882,0.7303072177050037,2.4726807413635035,1784967676.9208496,0.04883606115072387,0.016468004805602114,0.07378241521156115,0.04760515519088507,0.016741292298097826,0.0759268509568658,1784967676.9208941,0.10887823118402741,0.11100834733390544,1784967676.9087687,4194.4873046875,nan,nan,51.083473205566406,nan
12.283915042877197,1784967676.9666965,SMC,circle,circle_smc_tune_base_p01,1784967676.9618633,0.7142578281328936,0.7138292854385246,2.404704631741419,0.10894039891891333,0.10970285024249501,1784967676.9592736,0.7102932881226662,0.7176297595079141,2.4081064008611763,0.007422924041748047,0,0,1784967676.9608176,0.6685694349766091,0.7329703638885712,2.47698696141813,1784967676.960857,0.053129868580715486,0.016794685472034443,0.07808863526618781,0.0412643296311357,0.01653690310216971,0.0688805605569538,1784967676.9609,0.10894600105037251,0.11116277735794074,1784967676.958175,4194.53662109375,nan,nan,49.1713981628418,nan
12.32325792312622,1784967677.0060394,SMC,circle,circle_smc_tune_base_p01,1784967676.9618633,0.7142578281328936,0.7138292854385246,2.404704631741419,0.10894039891891333,0.10970285024249501,1784967676.9592736,0.7102932881226662,0.7176297595079141,2.4081064008611763,0.046765804290771484,0,0,1784967677.001207,0.6651355238794932,0.7356488250592894,2.4813419504699485,1784967677.0012555,0.05104061533973596,0.016850776544921585,0.07663731872852964,0.04560832516747352,0.0168460995546377,0.07323554960877221,1784967677.0013046,0.10890797292149215,0.11111626984244838,1784967676.958175,4194.53662109375,nan,nan,49.1713981628418,nan
12.364365339279175,1784967677.0471468,SMC,circle,circle_smc_tune_base_p01,1784967677.0119963,0.7102114466893595,0.7175009685159187,2.4102067960561926,0.10894039891891333,0.10970285024249501,1784967676.9592736,0.7102932881226662,0.7176297595079141,2.4081064008611763,0.08787322044372559,0,0,1784967677.0410485,0.6617192837395072,0.7382897552467681,2.485659963661172,1784967677.041092,0.04997513406040817,0.016915953917530195,0.07545316760497922,0.0499140683003398,0.01717134565063659,0.07755356279999548,1784967677.0411408,0.1088921172980545,0.11107897071741699,1784967677.0124342,4194.59130859375,nan,nan,54.517913818359375,nan
12.403377294540405,1784967677.0861588,SMC,circle,circle_smc_tune_base_p01,1784967677.0618048,0.705887180157308,0.721371091575207,2.416417799034641,0.11206223559086255,0.11224555247305262,1784967677.0774453,0.6986765766905029,0.7284503774725376,2.42749909007967,0.008713483810424805,0,0,1784967677.080482,0.6583181436015,0.7408957173698136,2.489944683128335,1784967677.0805197,0.04854990660987365,0.01693903242336369,0.07352688409369403,0.038649211662336126,0.017027273546818787,0.06244559304866514,1784967677.0805612,0.10887339431159727,0.11101553055056859,1784967677.0606072,4194.63916015625,nan,nan,48.12916564941406,nan
12.443867206573486,1784967677.1266487,SMC,circle,circle_smc_tune_base_p01,1784967677.1119113,0.7006226109336028,0.7260462879752998,2.4242347955504586,0.11279534251654166,0.1149652894494189,1784967677.0774453,0.6986765766905029,0.7284503774725376,2.42749909007967,0.04920339584350586,0,0,1784967677.1210127,0.6548464874102635,0.7435319747159761,2.494303843551614,1784967677.1210535,0.04598940275355603,0.016916783381845685,0.07006904800115521,0.04299926898188883,0.01730878877189901,0.06680475347194381,1784967677.1211011,0.10883873185992782,0.11089952771276669,1784967677.1145415,4194.693359375,nan,nan,54.19533920288086,nan
12.484071969985962,1784967677.1668534,SMC,circle,circle_smc_tune_base_p01,1784967677.1617472,0.6958592937925315,0.7302613703821526,2.4296701934534184,0.10968274993635786,0.11304212252471932,1784967677.160272,0.691611174823652,0.7343812948208696,2.4313066754108923,0.006581544876098633,0,0,1784967677.1606398,0.6514212798176384,0.7461096913847339,2.498590648704507,1784967677.160674,0.0502650324202384,0.017226074879230006,0.07435585315404847,0.03811849936164809,0.017313663765064085,0.0672839732936148,1784967677.1607158,0.1089079434902107,0.11105273093444261,1784967677.157835,4194.736328125,nan,nan,42.98078155517578,nan
12.523428916931152,1784967677.2062104,SMC,circle,circle_smc_tune_base_p01,1784967677.1617472,0.6958592937925315,0.7302613703821526,2.4296701934534184,0.10968274993635786,0.11304212252471932,1784967677.160272,0.691611174823652,0.7343812948208696,2.4313066754108923,0.04593849182128906,0,0,1784967677.2012987,0.6479058934828553,0.7487314753763239,2.502976047569253,1784967677.2013378,0.04837221574552312,0.017343647933013767,0.07330585411583446,0.04249331479974677,0.017618101384143235,0.07166937215836056,1784967677.2013807,0.10887088069651081,0.11102165006829494,1784967677.157835,4194.736328125,nan,nan,42.98078155517578,nan
12.562968254089355,1784967677.2457497,SMC,circle,circle_smc_tune_base_p01,1784967677.2121415,0.6916777565276795,0.7338695225271391,2.4353623977866254,0.10968274993635786,0.11304212252471932,1784967677.160272,0.691611174823652,0.7343812948208696,2.4313066754108923,0.08547782897949219,0,0,1784967677.2405958,0.6444842194967717,0.7512604381132452,2.5072308722076198,1784967677.2406318,0.0471916788385993,0.017395957312123685,0.07186847442099431,0.04673655568053696,0.01793180860332793,0.07592419679672746,1784967677.2406712,0.10885380613133722,0.1109754810577706,1784967677.2155116,4194.79443359375,nan,nan,58.00215530395508,nan
12.604284286499023,1784967677.2870657,SMC,circle,circle_smc_tune_base_p01,1784967677.2621772,0.6876696870019795,0.7372721555739018,2.44147056587684,0.10786863475349508,0.11454569199717654,1784967677.2807207,0.6810971782682242,0.7435245745201167,2.443206099701748,0.006345033645629883,0,0,1784967677.2808833,0.640977937176729,0.7538286926098396,2.5115771322784206,1784967677.280994,0.046375707374556555,0.01742217511895861,0.07010656640158075,0.03735191939455428,0.017904258513191634,0.06837103257667243,1784967677.2810373,0.10884771940838527,0.11091762471735131,1784967677.2582772,4194.8369140625,nan,nan,42.662025451660156,nan
12.643017292022705,1784967677.3257987,SMC,circle,circle_smc_tune_base_p01,1784967677.3119686,0.6827151404422018,0.7415468523803427,2.447235753237458,0.10810862417896992,0.11509725631219796,1784967677.2807207,0.6810971782682242,0.7435245745201167,2.443206099701748,0.04507803916931152,0,0,1784967677.3213634,0.6374792056055523,0.756368187079846,2.5159003468093655,1784967677.321406,0.0442462938060112,0.017556401887984928,0.06866459357190768,0.04166438134555834,0.018208933243820932,0.0726942471076173,1784967677.3214536,0.10880741044260932,0.11087403318199641,1784967677.3085837,4194.88720703125,nan,nan,50.2529411315918,nan
12.683314323425293,1784967677.3660958,SMC,circle,circle_smc_tune_base_p01,1784967677.3636777,0.6785256684629744,0.7450475673506913,2.45231382647015,0.10689302633085553,0.11207989820936382,1784967677.2807207,0.6810971782682242,0.7435245745201167,2.443206099701748,0.08537507057189941,0,0,1784967677.3605673,0.6339924529163397,0.758876117864982,2.520195365959146,1784967677.360605,0.04853054578859967,0.01786028688013011,0.07295961272168805,0.04594737399620251,0.01853007977313781,0.07698926625739766,1784967677.360647,0.10887741291103975,0.11102732998672728,1784967677.3590813,4194.9375,nan,nan,49.9396858215332,nan
12.723907470703125,1784967677.406689,SMC,circle,circle_smc_tune_base_p01,1784967677.3636777,0.6785256684629744,0.7450475673506913,2.45231382647015,0.10689302633085553,0.11207989820936382,1784967677.37001,0.6737277947288183,0.7494399265474574,2.450581788427811,0.03667902946472168,0,0,1784967677.401093,0.6304426066426309,0.761406194922959,2.5245545778808376,1784967677.4011514,0.047509706159374755,0.017955872318464506,0.07224075141068775,0.04098195984356324,0.0183651314689474,0.07397278945302643,1784967677.4011905,0.10885854427159304,0.11100655412430507,1784967677.3590813,4194.9375,nan,nan,49.9396858215332,nan
12.76308012008667,1784967677.4458616,SMC,circle,circle_smc_tune_base_p01,1784967677.4118345,0.6737770087916686,0.7490448068883011,2.457336974140497,0.10814650329590805,0.11216806018560325,1784967677.37001,0.6737277947288183,0.7494399265474574,2.450581788427811,0.0758516788482666,0,0,1784967677.441169,0.6269152800279919,0.7638972142500167,2.5288728228149195,1784967677.4412317,0.045700826533827024,0.018112152861650528,0.07153584867442264,0.04528769305492707,0.018693569966498298,0.07829103438710838,1784967677.4412796,0.10882059926784403,0.1109882667178691,1784967677.4092953,4194.98828125,nan,nan,50.87069320678711,nan
12.8032865524292,1784967677.486068,SMC,circle,circle_smc_tune_base_p01,1784967677.4623432,0.6695489102967686,0.7524937697166588,2.462996263634143,0.10814650329590805,0.11216806018560325,1784967677.4810593,0.6613842357214698,0.7594500474461743,2.4649719520055697,0.005008697509765625,0,0,1784967677.481114,0.6233757716119293,0.7663739940194354,2.533192844444253,1784967677.4811554,0.04465631971956761,0.018177801621993527,0.07019658081010993,0.03397045003641919,0.018400894120633123,0.06822089243868312,1784967677.4812021,0.10880577268143526,0.11094581274773678,1784967677.463548,4195.04248046875,nan,nan,54.241817474365234,nan
12.843774557113647,1784967677.526556,SMC,circle,circle_smc_tune_base_p01,1784967677.511803,0.6642664483623041,0.7568113117819079,2.468353949231315,0.10830746562409951,0.11137387824275903,1784967677.4810593,0.6613842357214698,0.7594500474461743,2.4649719520055697,0.04549670219421387,0,0,1784967677.5209262,0.6198298349563995,0.7688325348256632,2.5375077162322777,1784967677.5209682,0.04223631588600961,0.018308905888412372,0.06915376700096276,0.038274636880112956,0.018704316722773746,0.07253576422670795,1784967677.5210872,0.10875553333071498,0.11091542242964583,1784967677.5088282,4195.08740234375,nan,nan,45.09984588623047,nan
12.883826732635498,1784967677.5666082,SMC,circle,circle_smc_tune_base_p01,1784967677.5618944,0.6589481746499629,0.7611032366103642,2.4752296665082003,0.10923994139061612,0.11309393229055853,1784967677.5595164,0.6538085525729648,0.7657898539474588,2.4797164616538354,0.0070917606353759766,0,0,1784967677.56083,0.6162717714328917,0.7712768135264471,2.5418244677123805,1784967677.5608628,0.04654209242292546,0.018616481600340094,0.07347051848106556,0.03298280793933229,0.018741692672123198,0.06210800605854505,1784967677.5609004,0.10882565379071277,0.11106956666938018,1784967677.5628164,4195.14111328125,nan,nan,53.716434478759766,nan
12.922901153564453,1784967677.6056826,SMC,circle,circle_smc_tune_base_p01,1784967677.5618944,0.6589481746499629,0.7611032366103642,2.4752296665082003,0.10923994139061612,0.11309393229055853,1784967677.5595164,0.6538085525729648,0.7657898539474588,2.4797164616538354,0.046166181564331055,0,0,1784967677.6005774,0.6127293249078954,0.7736880035765826,2.546109650665261,1784967677.6006138,0.04411051886867038,0.018676738371849293,0.07087998415706087,0.03725914574660782,0.01901682863559702,0.06639318901142577,1784967677.600657,0.10878747151884005,0.11098522408429701,1784967677.5628164,4195.14111328125,nan,nan,53.716434478759766,nan
12.963496685028076,1784967677.6462781,SMC,circle,circle_smc_tune_base_p01,1784967677.6124156,0.654725010404971,0.7644156331570889,2.4812466367261314,0.1080123249359983,0.11422757499568686,1784967677.5595164,0.6538085525729648,0.7657898539474588,2.4797164616538354,0.0867617130279541,0,0,1784967677.6406248,0.6091427780647682,0.776106680494853,2.5504355431136867,1784967677.6406593,0.04317111053909566,0.018726337276447017,0.06918890638755526,0.04157487308543163,0.019313162619217214,0.07071908145985129,1784967677.6406991,0.10877770610273475,0.11093050812213341,1784967677.6091871,4195.18798828125,nan,nan,46.84574890136719,nan
13.003809690475464,1784967677.6865911,SMC,circle,circle_smc_tune_base_p01,1784967677.6619256,0.6504546145562561,0.7677244243008485,2.4873349781212957,0.10855303123458489,0.11573850825152475,1784967677.6810114,0.6432203506774767,0.7737205119393109,2.4881676658029113,0.005579710006713867,0,0,1784967677.6809053,0.6055413420671621,0.7785127854635254,2.554766791397073,1784967677.6809466,0.04220415439762203,0.01877232361317155,0.06743181327577741,0.03283064138480446,0.019100328836159162,0.06659912559416181,1784967677.6809928,0.10876745206205629,0.11087347122963163,1784967677.65978,4195.23828125,nan,nan,50.33794403076172,nan
13.043342113494873,1784967677.7261236,SMC,circle,circle_smc_tune_base_p01,1784967677.7118316,0.6451693310913305,0.771849309343618,2.4931173682541363,0.10964017231749933,0.11668426675824659,1784967677.6810114,0.6432203506774767,0.7737205119393109,2.4881676658029113,0.04511213302612305,0,0,1784967677.7204838,0.6019551067336917,0.7808864126146114,2.559067398124673,1784967677.7205153,0.03990013567232229,0.01889755528350734,0.06595002987053666,0.03712108543408961,0.01939576001149174,0.07089973232176172,1784967677.7205503,0.1087228204240526,0.11082825283846813,1784967677.7086453,4195.28759765625,nan,nan,48.9931526184082,nan
13.082947969436646,1784967677.7657294,SMC,circle,circle_smc_tune_base_p01,1784967677.7622445,0.6399524707717249,0.7758416282544773,2.4985662932456125,0.10857164993972368,0.114859402661477,1784967677.7601929,0.6352338837133832,0.7795927747692718,2.49888443221213,0.005536556243896484,0,0,1784967677.7606971,0.5983330144497909,0.7832613553306383,2.5633986721572657,1784967677.7607245,0.04422136221006259,0.01919235458308514,0.07028130390312937,0.03173706169863626,0.01918049922397538,0.06451423994513572,1784967677.7607563,0.10879469153660397,0.11098245528287382,1784967677.759433,4195.337890625,nan,nan,50.312660217285156,nan
13.123247385025024,1784967677.8060288,SMC,circle,circle_smc_tune_base_p01,1784967677.7622445,0.6399524707717249,0.7758416282544773,2.4985662932456125,0.10857164993972368,0.114859402661477,1784967677.7601929,0.6352338837133832,0.7795927747692718,2.49888443221213,0.04583597183227539,0,0,1784967677.8006325,0.5947196773959649,0.7856083000257736,2.567707312637307,1784967677.8006725,0.042055408174003876,0.01930637504505609,0.06914101939169459,0.03603612709883436,0.019467537115891293,0.06882288042517715,1784967677.800719,0.10875128666788884,0.11094824648122502,1784967677.759433,4195.337890625,nan,nan,50.312660217285156,nan
13.16310429573059,1784967677.8458858,SMC,circle,circle_smc_tune_base_p01,1784967677.8121226,0.6356260443683884,0.7790832398799447,2.504285488055441,0.10857164993972368,0.114859402661477,1784967677.7601929,0.6352338837133832,0.7795927747692718,2.49888443221213,0.0856928825378418,0,0,1784967677.8414757,0.5910081994423299,0.787996040528647,2.57212052064512,1784967677.841513,0.041162820203458766,0.019385879762008413,0.06783503258967905,0.04043820348277146,0.01978074123362297,0.0732360884329899,1784967677.8415594,0.10873951700726629,0.11090736374505625,1784967677.8197193,4195.3984375,nan,nan,60.80177688598633,nan
13.203398942947388,1784967677.8861804,SMC,circle,circle_smc_tune_base_p01,1784967677.8620818,0.6312668564385115,0.7823045421063372,2.5100699739195127,0.10851293169887637,0.11499350029288848,1784967677.8790138,0.6226751775421682,0.788691124813254,2.510725986949625,0.007166624069213867,0,0,1784967677.880442,0.5874456136516975,0.7902662985900671,2.576344986968972,1784967677.880477,0.04006983501909168,0.01944477326249645,0.06627501304945937,0.02937756620758074,0.01950799702837603,0.06561900001934706,1784967677.8805182,0.10872457446899848,0.11085732621039852,1784967677.874723,4195.453125,nan,nan,54.72941589355469,nan
13.24378490447998,1784967677.9265664,SMC,circle,circle_smc_tune_base_p01,1784967677.9117332,0.6255322534733202,0.7865306550714937,2.5154886481033607,0.11097175078265939,0.11456642825378394,1784967677.8790138,0.6226751775421682,0.788691124813254,2.510725986949625,0.04755258560180664,0,0,1784967677.920716,0.5837719762642632,0.792585253544964,2.5806893158492823,1784967677.9207497,0.03738699659224622,0.019565055611053084,0.06520066774592159,0.03371191301175627,0.019802278387501024,0.06996332889965728,1784967677.920789,0.10866780836903332,0.11082552411189915,1784967677.9087985,4195.48779296875,nan,nan,34.28806686401367,nan
13.28320860862732,1784967677.96599,SMC,circle,circle_smc_tune_base_p01,1784967677.9624193,0.6198540287595006,0.7906563108293779,2.521792099131761,0.11269841793668464,0.11579860835146917,1784967677.9601746,0.614795898739375,0.7944508258131593,2.5223842053754137,0.0058155059814453125,0,0,1784967677.9609363,0.5801037345208437,0.7948786236917283,2.5850154657897733,1784967677.960966,0.041703331116813666,0.019856260676706896,0.06952681768641256,0.028499441757647615,0.019786639145971736,0.0626312604143595,1784967677.960999,0.10873995025053233,0.11097943594543731,1784967677.9592083,4195.5380859375,nan,nan,50.30218505859375,nan
13.323053359985352,1784967678.0058348,SMC,circle,circle_smc_tune_base_p01,1784967677.9624193,0.6198540287595006,0.7906563108293779,2.521792099131761,0.11269841793668464,0.11579860835146917,1784967677.9601746,0.614795898739375,0.7944508258131593,2.5223842053754137,0.04566025733947754,0,0,1784967678.0007732,0.5764377501173548,0.7971486194551695,2.589327350669839,1784967678.0008113,0.03911181009171073,0.01993463402661129,0.06753525153807782,0.032802277155983633,0.020065798504567384,0.06694314529442513,1784967678.000858,0.10869248248981633,0.1109156628521563,1784967677.9592083,4195.5380859375,nan,nan,50.30218505859375,nan
13.363280296325684,1784967678.0460618,SMC,circle,circle_smc_tune_base_p01,1784967678.0125816,0.6152143339171826,0.7939581132428103,2.5281641551345033,0.11314947296267672,0.11791505230603552,1784967677.9601746,0.614795898739375,0.7944508258131593,2.5223842053754137,0.08588719367980957,0,0,1784967678.041795,0.5726884231358245,0.7994476931836071,2.593725443893411,1784967678.041851,0.03793275950849805,0.01999235683407242,0.06556128875890765,0.03718985817468675,0.020369649829295917,0.07134123851799723,1784967678.0419044,0.108678362095321,0.11085178818643267,1784967678.009314,4195.58837890625,nan,nan,50.4417839050293,nan
13.403080940246582,1784967678.0858624,SMC,circle,circle_smc_tune_base_p01,1784967678.062079,0.6108665128126164,0.7970284044384692,2.5332129475225367,0.1103948422920356,0.11517237788907181,1784967678.0777164,0.6031820705525975,0.8021700109580718,2.536476264903091,0.008146047592163086,0,0,1784967678.0810869,0.5690305300979636,0.8016689193289084,2.5980049362716455,1784967678.0811214,0.03698180156807419,0.02010298935304656,0.06479198874910887,0.027802402842510534,0.019839485992033182,0.061528671368554555,1784967678.0811605,0.10866095043349601,0.11082983260340518,1784967678.0601344,4195.63916015625,nan,nan,50.69431686401367,nan
13.443225622177124,1784967678.126007,SMC,circle,circle_smc_tune_base_p01,1784967678.1117537,0.6053888493162549,0.8008032873307388,2.5394155365361484,0.10987552310914321,0.1161128143192416,1784967678.0777164,0.6031820705525975,0.8021700109580718,2.536476264903091,0.04829072952270508,0,0,1784967678.1216462,0.5653003710030178,0.8039120496136438,2.6023576078948754,1784967678.1216831,0.03479801109679556,0.020145692346250854,0.06294207135872698,0.03214624173887594,0.02011658523477304,0.06588134299178439,1784967678.1217182,0.10862129085021878,0.11076959212349927,1784967678.1097155,4195.6884765625,nan,nan,49.427181243896484,nan
13.483080387115479,1784967678.1658618,SMC,circle,circle_smc_tune_base_p01,1784967678.161825,0.5999134678505779,0.8045816284998258,2.5459731732788873,0.1104273462367215,0.11881183519867158,1784967678.1571703,0.5954784431984309,0.807749708788572,2.5453189199912396,0.008691549301147461,0,0,1784967678.1611102,0.5616078233808957,0.8061108722681916,2.6066552534637233,1784967678.1611428,0.03908655239422387,0.020425232232571262,0.06723971692757491,0.02710538847588436,0.020376520496295233,0.061336333472483684,1784967678.1611824,0.10869402553363444,0.11092216497200487,1784967678.1594136,4195.73828125,nan,nan,49.84312438964844,nan
13.523228406906128,1784967678.2060099,SMC,circle,circle_smc_tune_base_p01,1784967678.161825,0.5999134678505779,0.8045816284998258,2.5459731732788873,0.1104273462367215,0.11881183519867158,1784967678.1571703,0.5954784431984309,0.807749708788572,2.5453189199912396,0.048839569091796875,0,0,1784967678.2006478,0.5579450794006566,0.8082707912498195,2.6109074259338163,1784967678.2006903,0.03681117902981039,0.020491282275999004,0.06493425265492903,0.031348997855371055,0.0206461923455981,0.0655885059425767,1784967678.2007356,0.10865585960170755,0.11084751783103093,1784967678.1594136,4195.73828125,nan,nan,49.84312438964844,nan
13.563050985336304,1784967678.2458324,SMC,circle,circle_smc_tune_base_p01,1784967678.2117171,0.5955460037209099,0.8075473832522575,2.5512497094544457,0.10797760058457138,0.116352146909995,1784967678.1571703,0.5954784431984309,0.807749708788572,2.5453189199912396,0.08866214752197266,0,0,1784967678.2408102,0.5541890058551826,0.8104640296842917,2.6152569561538477,1784967678.2408519,0.03598085836788714,0.020598202105652774,0.06400724669940194,0.035688542256489,0.020940704994191747,0.06993803616260807,1784967678.2408936,0.10864238203016507,0.11082018162683516,1784967678.2105496,4195.78955078125,nan,nan,51.16167068481445,nan
13.603091478347778,1784967678.285873,SMC,circle,circle_smc_tune_base_p01,1784967678.2619517,0.5910455122883328,0.8105629485511362,2.557087256681079,0.10797760058457138,0.116352146909995,1784967678.2767854,0.5831331357425955,0.8154239950959277,2.557826672475309,0.009087562561035156,0,0,1784967678.2808726,0.5504532031645799,0.8126237830298388,2.6195721369323515,1784967678.2809126,0.03499052271108722,0.020679601523042244,0.0624848802512723,0.025724509618936006,0.020348680197594726,0.06174546445704232,1784967678.2809536,0.1086290056802288,0.11077214939247715,1784967678.263014,4195.84130859375,nan,nan,51.67118835449219,nan
13.64340853691101,1784967678.32619,SMC,circle,circle_smc_tune_base_p01,1784967678.3116329,0.5854446031543502,0.8142260075047072,2.563041196393006,0.1089617259043809,0.11758902866148106,1784967678.2767854,0.5831331357425955,0.8154239950959277,2.557826672475309,0.04940462112426758,0,0,1784967678.320787,0.5466980244204418,0.8147731426696466,2.6238989306030054,1784967678.3208263,0.032739970258936345,0.02072899100090597,0.0608577342099994,0.03004246687467143,0.020625012242973324,0.06607225812769625,1784967678.320871,0.10858582315974837,0.11071955750703018,1784967678.3097677,4195.888671875,nan,nan,47.31595993041992,nan
13.682914972305298,1784967678.3656964,SMC,circle,circle_smc_tune_base_p01,1784967678.3622065,0.5808486701773321,0.8172276117304875,2.5689651063778807,0.1089617259043809,0.11758902866148106,1784967678.2767854,0.5831331357425955,0.8154239950959277,2.557826672475309,0.08891105651855469,0,0,1784967678.3607914,0.5429558987372642,0.8168936515316579,2.6282001038131497,1784967678.3608308,0.03703260505134183,0.02099982120896171,0.06515890742014376,0.03433363106193806,0.020918222714283487,0.07037343133784058,1784967678.3608725,0.10865959673229605,0.11087195762097019,1784967678.3617465,4195.9404296875,nan,nan,52.02096176147461,nan
13.724217176437378,1784967678.4069986,SMC,circle,circle_smc_tune_base_p01,1784967678.3622065,0.5808486701773321,0.8172276117304875,2.5689651063778807,0.1089617259043809,0.11758902866148106,1784967678.3724809,0.5751743868069658,0.8209982464101339,2.565551258803965,0.034517765045166016,0,0,1784967678.401091,0.5391740186933387,0.8190151626217049,2.632536398941018,1784967678.4011412,0.03599528854332196,0.021078688696975465,0.06357129256313732,0.02911062428737578,0.021272768489969347,0.06698514013705292,1784967678.4011965,0.10864572971109156,0.11082166604200376,1784967678.3617465,4195.9404296875,nan,nan,52.02096176147461,nan
13.763626098632812,1784967678.4464076,SMC,circle,circle_smc_tune_base_p01,1784967678.4116232,0.5754704885205173,0.8207526441789649,2.573686944535404,0.11006226622708948,0.11624189716141152,1784967678.3724809,0.5751743868069658,0.8209982464101339,2.565551258803965,0.07392668724060059,0,0,1784967678.4409742,0.5353920802785975,0.8211152240779545,2.6368622913894435,1784967678.4410152,0.03398229143429698,0.02125121503029039,0.06317534685403947,0.033426175454846066,0.021571657121177888,0.07131103258547844,1784967678.4410615,0.10860012594541534,0.11081421872947766,1784967678.4104528,4195.9892578125,nan,nan,48.88801193237305,nan
13.8031907081604,1784967678.4859722,SMC,circle,circle_smc_tune_base_p01,1784967678.46196,0.5708103243074988,0.8237259118863476,2.579525196081817,0.11006226622708948,0.11624189716141152,1784967678.3724809,0.5751743868069658,0.8209982464101339,2.565551258803965,0.11349129676818848,0,0,1784967678.4816093,0.531570796400445,0.8232154718222326,2.6412227135238426,1784967678.4816558,0.032930694253122055,0.021344096969300407,0.061697517442025784,0.03777482420393099,0.02189182133194479,0.07567145471987757,1784967678.4817035,0.10858484634159851,0.11076805381371087,1784967678.46656,4196.04541015625,nan,nan,56.12387466430664,nan
13.84337592124939,1784967678.5261574,SMC,circle,circle_smc_tune_base_p01,1784967678.5116212,0.5652597679143048,0.8271868075171666,2.5846039965396894,0.11045808190308007,0.11455041961035703,1784967678.4860995,0.5629678311380457,0.8282906409513087,2.580887325896206,0.04005789756774902,0,0,1784967678.5205126,0.5278465298872229,0.8252415937333106,2.6454624491271757,1784967678.520551,0.030729955868006087,0.021429046845027545,0.06085845258748624,0.028122102547262575,0.02125911190077978,0.06457512323096948,1784967678.5206,0.10853757809561901,0.11074291664775046,1784967678.5105171,4196.08935546875,nan,nan,43.841026306152344,nan
13.883679628372192,1784967678.566461,SMC,circle,circle_smc_tune_base_p01,1784967678.5618987,0.5595399551478477,0.8306914666200516,2.590584261408201,0.11116468741261028,0.11538772167935875,1784967678.5590625,0.5545796299143766,0.8333542901955856,2.590146514765858,0.0073986053466796875,0,0,1784967678.5604694,0.5240471820952576,0.8272875494604309,2.6497776556548853,1784967678.560507,0.035036593996377596,0.021700793993871734,0.0651736591151959,0.022828070379093436,0.021164000466404438,0.0596311408890271,1784967678.560549,0.10861158871862475,0.11089581510363558,1784967678.5606217,4196.13916015625,nan,nan,50.06198501586914,nan
13.923081159591675,1784967678.6058626,SMC,circle,circle_smc_tune_base_p01,1784967678.5618987,0.5595399551478477,0.8306914666200516,2.590584261408201,0.11116468741261028,0.11538772167935875,1784967678.5590625,0.5545796299143766,0.8333542901955856,2.590146514765858,0.04680013656616211,0,0,1784967678.6011517,0.5201805052390317,0.829348123268028,2.6541591148910304,1784967678.6012015,0.032830830932702434,0.02175103236065663,0.06357485348282932,0.02720115593845018,0.021434697746725868,0.06401260012517218,1784967678.6012495,0.10856975829601224,0.11084419619478286,1784967678.5606217,4196.13916015625,nan,nan,50.06198501586914,nan
13.96377158164978,1784967678.646553,SMC,circle,circle_smc_tune_base_p01,1784967678.612177,0.5547834504766698,0.8336143079034358,2.59637911678403,0.11116468741261028,0.11538772167935875,1784967678.5590625,0.5545796299143766,0.8333542901955856,2.590146514765858,0.08749055862426758,0,0,1784967678.6406305,0.5164003107452221,0.8313416535806034,2.65843276219938,1784967678.6406703,0.03163962039994784,0.021848679462661613,0.062053645415349745,0.03146545321254092,0.021717190713661256,0.06828624743352174,1784967678.6407173,0.10855148223987549,0.11079674416260038,1784967678.610671,4196.189453125,nan,nan,50.21725082397461,nan
14.00330400466919,1784967678.6860855,SMC,circle,circle_smc_tune_base_p01,1784967678.6623976,0.5502652828404446,0.8363614728494497,2.6015165399513944,0.1091050436567594,0.11328950681083332,1784967678.6798031,0.5428390458720344,0.8410172556922882,2.605542444826398,0.006282329559326172,0,0,1784967678.680874,0.5125613545957879,0.8333451121007692,2.662763057762124,1784967678.6809092,0.03078649448619316,0.02197444867331152,0.06124651781072954,0.022112218745506243,0.022060148649985567,0.05722061293572578,1784967678.6809466,0.10853637783837297,0.1107740322161347,1784967678.6617584,4196.24072265625,nan,nan,51.0246696472168,nan
14.043285608291626,1784967678.726067,SMC,circle,circle_smc_tune_base_p01,1784967678.7121363,0.5446890448296374,0.8397156148742453,2.607708995902148,0.10899890291186007,0.11421372244400628,1784967678.6798031,0.5428390458720344,0.8410172556922882,2.605542444826398,0.046263933181762695,0,0,1784967678.720599,0.5087290819251296,0.8353240574012265,2.667076127105691,1784967678.720638,0.02872089820391364,0.022079735403596656,0.05936713120354309,0.026417683808353437,0.022316095748189338,0.06153368227929291,1784967678.7206821,0.10849903680995494,0.11071489555357132,1784967678.7121408,4196.28955078125,nan,nan,48.98286056518555,nan
14.083720445632935,1784967678.766502,SMC,circle,circle_smc_tune_base_p01,1784967678.7623615,0.5390315382725156,0.8430930435298241,2.613350535960371,0.10834707785196071,0.11219521722522156,1784967678.758696,0.5339584436540137,0.8463527291888633,2.6157398446944016,0.007805824279785156,0,0,1784967678.76061,0.5048789899228842,0.8372911918897639,2.671399650627114,1784967678.760644,0.033036236938079125,0.022345588993299956,0.06369065472496604,0.020602262984359965,0.022433743500520457,0.05565980593271247,1784967678.7606816,0.10857389275188697,0.11086787479060886,1784967678.7609901,4196.33935546875,nan,nan,49.88656997680664,nan
14.123494148254395,1784967678.8062756,SMC,circle,circle_smc_tune_base_p01,1784967678.7623615,0.5390315382725156,0.8430930435298241,2.613350535960371,0.10834707785196071,0.11219521722522156,1784967678.758696,0.5339584436540137,0.8463527291888633,2.6157398446944016,0.04757952690124512,0,0,1784967678.8005183,0.5010314484111493,0.8392361216414214,2.6757108402786036,1784967678.800551,0.030876515252146606,0.022483849354794867,0.062360304318232807,0.024906245973948193,0.0226828576284627,0.05997099558420205,1784967678.800592,0.10853110880198778,0.11082813845576758,1784967678.7609901,4196.33935546875,nan,nan,49.88656997680664,nan
14.16293978691101,1784967678.8457212,SMC,circle,circle_smc_tune_base_p01,1784967678.8119922,0.5343913139267554,0.8458008839334201,2.618913881220634,0.10834707785196071,0.11219521722522156,1784967678.758696,0.5339584436540137,0.8463527291888633,2.6157398446944016,0.08702516555786133,0,0,1784967678.8409727,0.4971504971324132,0.8411769107494864,2.680050019317605,1784967678.8410122,0.029960309104960538,0.022597332626899082,0.06113613809697105,0.029237046544387277,0.022952323041812675,0.06431017462320332,1784967678.8410542,0.1085172783964542,0.11079111569079567,1784967678.8127384,4196.39111328125,nan,nan,51.77713394165039,nan
14.203870296478271,1784967678.8866518,SMC,circle,circle_smc_tune_base_p01,1784967678.8617804,0.5295550459176378,0.8485913933386574,2.6242833296799044,0.11003518209738318,0.1115428859179664,1784967678.8773339,0.5211373847349958,0.8539506929994244,2.6336506880223793,0.009317874908447266,0,0,1784967678.8806102,0.49330224035650805,0.8430806304871528,2.684343416267373,1784967678.880657,0.028783923027680482,0.02271827883874941,0.06006008658746876,0.019033901646340563,0.023036147892158243,0.05069272824499382,1784967678.8807085,0.10849608314354375,0.11075927884754061,1784967678.8604772,4196.439453125,nan,nan,48.08744812011719,nan
14.24386191368103,1784967678.9266434,SMC,circle,circle_smc_tune_base_p01,1784967678.9121163,0.5235486469087637,0.8520288501055298,2.6316228803950903,0.11044916529300351,0.1135158605732752,1784967678.8773339,0.5211373847349958,0.8539506929994244,2.6336506880223793,0.049309492111206055,0,0,1784967678.921219,0.48938497648279644,0.8449974334669899,2.688704507881143,1784967678.9212537,0.02638426770810757,0.022813759322517557,0.05708162748605261,0.0233888953319091,0.02326662547991156,0.055053819858763564,1784967678.9212952,0.10845732133589006,0.11066317956028567,1784967678.9106333,4196.4892578125,nan,nan,50.044700622558594,nan
14.28307843208313,1784967678.96586,SMC,circle,circle_smc_tune_base_p01,1784967678.9621766,0.5187288059512216,0.8547246788846917,2.6372987492037665,0.11044916529300351,0.1135158605732752,1784967678.8773339,0.5211373847349958,0.8539506929994244,2.6336506880223793,0.08852601051330566,0,0,1784967678.9612744,0.4854690890574389,0.8468924673473393,2.693054836326577,1784967678.9613185,0.03072695716308716,0.023071394788543538,0.06143195593148665,0.02773209829311906,0.023515454283474114,0.0594041483041976,1784967678.9613614,0.10853372125247877,0.11081677835733433,1784967678.961568,4196.53955078125,nan,nan,50.285003662109375,nan
14.323554039001465,1784967679.0063355,SMC,circle,circle_smc_tune_base_p01,1784967678.9621766,0.5187288059512216,0.8547246788846917,2.6372987492037665,0.11044916529300351,0.1135158605732752,1784967678.967624,0.5129794062896681,0.8584968769084288,2.6445915165528575,0.0387115478515625,0,0,1784967679.0014312,0.48156285099806695,0.8487619498093184,2.697385389381387,1784967679.0014744,0.029658256142161474,0.02317865803303041,0.06008664017762033,0.022974133781122494,0.02353631086262909,0.05279387282852932,1784967679.0015192,0.10851689496423735,0.11077550994035502,1784967678.961568,4196.53955078125,nan,nan,50.285003662109375,nan
14.363029479980469,1784967679.045811,SMC,circle,circle_smc_tune_base_p01,1784967679.0116272,0.5131938267617308,0.8578078542546007,2.64457959184154,0.10904950742903871,0.11573613713442717,1784967678.967624,0.5129794062896681,0.8584968769084288,2.6445915165528575,0.0781869888305664,0,0,1784967679.0412085,0.47767606842778976,0.8506015488575648,2.7016855326232694,1784967679.041252,0.027784506491977744,0.023269361691735994,0.05710594078172936,0.027267784631755974,0.023772458654856575,0.05709401607041187,1784967679.0413,0.1084907772292282,0.11067917674911551,1784967679.0105042,4196.58935546875,nan,nan,49.73411560058594,nan
14.40392255783081,1784967679.086704,SMC,circle,circle_smc_tune_base_p01,1784967679.0616329,0.50854317923031,0.8603289639215012,2.650320480470061,0.10743970950503812,0.11557641805500117,1784967678.967624,0.5129794062896681,0.8584968769084288,2.6445915165528575,0.1190800666809082,0,0,1784967679.080561,0.4738207231767356,0.8524061194537903,2.705942314201333,1784967679.0806015,0.026878364245611297,0.023366085558607905,0.055621833731271934,0.03151710029196813,0.02402440797806097,0.061350797648475286,1784967679.0806475,0.10847805923639074,0.110632930642996,1784967679.0603244,4196.63916015625,nan,nan,49.83291244506836,nan
14.443911790847778,1784967679.1266932,SMC,circle,circle_smc_tune_base_p01,1784967679.1117597,0.50288044613133,0.8633734019192872,2.6569753706847195,0.10683157482175065,0.11640627830931473,1784967679.0884514,0.5001926652540234,0.8651280757730393,2.657538419332919,0.03824186325073242,0,0,1784967679.1210628,0.46984999317278453,0.8542438474112904,2.7103176966247338,1784967679.1211038,0.024973922407131498,0.02346620522717178,0.053342325940014305,0.021791559483073684,0.023754412460760883,0.05277927729181498,1784967679.1211493,0.10844575876598535,0.11056028437223954,1784967679.1105518,4196.689453125,nan,nan,50.092769622802734,nan
14.483755350112915,1784967679.1665368,SMC,circle,circle_smc_tune_base_p01,1784967679.162006,0.4981341488430776,0.8658722978178954,2.6628200465517984,0.10683157482175065,0.11640627830931473,1784967679.0884514,0.5001926652540234,0.8651280757730393,2.657538419332919,0.07808542251586914,0,0,1784967679.161021,0.4659246522077848,0.856039895965317,2.71463442235563,1784967679.1610587,0.02928399803579362,0.023705663313564808,0.057659051670910344,0.026101769255082306,0.023991443727068823,0.057096003022711006,1784967679.1611001,0.10852333910774282,0.11071215716614917,1784967679.1620924,4196.74072265625,nan,nan,51.62241744995117,nan
14.524014234542847,1784967679.2067957,SMC,circle,circle_smc_tune_base_p01,1784967679.162006,0.4981341488430776,0.8658722978178954,2.6628200465517984,0.10683157482175065,0.11640627830931473,1784967679.170325,0.4919268512436129,0.8694825588561726,2.66811946099507,0.036470651626586914,0,0,1784967679.2012136,0.46198612312774034,0.8578214440487111,2.7189571476516505,1784967679.2012556,0.028374630339345265,0.023798663043015273,0.05613710109985215,0.021329710480014093,0.02403065229035987,0.050837686656580505,1784967679.2013042,0.1085108616111905,0.11066452547142891,1784967679.1620924,4196.74072265625,nan,nan,51.62241744995117,nan
14.563170909881592,1784967679.2459524,SMC,circle,circle_smc_tune_base_p01,1784967679.212143,0.49271154225472497,0.868715423520855,2.668866100066882,0.10513025442657004,0.1149066036427387,1784967679.170325,0.4919268512436129,0.8694825588561726,2.66811946099507,0.07562732696533203,0,0,1784967679.240637,0.45808439904992304,0.859566180210614,2.723231206947305,1784967679.2406702,0.026663797484810414,0.023912122519025077,0.05436510688042295,0.02559777073915359,0.02425696331179991,0.05511174595223478,1784967679.2407067,0.10848036994320852,0.1106092409799816,1784967679.210632,4196.78955078125,nan,nan,48.61057662963867,nan
14.603235483169556,1784967679.286017,SMC,circle,circle_smc_tune_base_p01,1784967679.2620835,0.4878737376908194,0.87118458040811,2.6750526591790966,0.10693219491349401,0.11648373169796578,1784967679.170325,0.4919268512436129,0.8694825588561726,2.66811946099507,0.1156919002532959,0,0,1784967679.2805738,0.45413062938996807,0.8613138352704541,2.727554009490945,1784967679.280611,0.02569713138557633,0.023993465900698153,0.05250135031184833,0.029913482002948206,0.02450440829502127,0.059434548495874935,1784967679.2806544,0.10846792018337653,0.11054982720708488,1784967679.2607799,4196.83984375,nan,nan,50.06508255004883,nan
14.642953872680664,1784967679.3257353,SMC,circle,circle_smc_tune_base_p01,1784967679.3121285,0.4819069483032946,0.8742673565407416,2.681409800072855,0.10901409224978963,0.11645578968001376,1784967679.290046,0.4790010599840599,0.8763673143201277,2.681916514423997,0.035689353942871094,0,0,1784967679.3206465,0.4501666258496517,0.8630455622588529,2.7318797731933375,1784967679.3206818,0.023454685237294617,0.024150662036178053,0.05046997312048251,0.019931010730219783,0.024731528078658367,0.04996325876934061,1784967679.3207207,0.10842539185857208,0.11048735450522201,1784967679.310985,4196.8896484375,nan,nan,50.087772369384766,nan
14.683030128479004,1784967679.3658116,SMC,circle,circle_smc_tune_base_p01,1784967679.3622458,0.4770182712925117,0.8766905589890892,2.6872385535269503,0.10901409224978963,0.11645578968001376,1784967679.290046,0.4790010599840599,0.8763673143201277,2.681916514423997,0.07576560974121094,0,0,1784967679.3608289,0.44619192665086005,0.8647615169620482,2.7362090645370265,1784967679.3609338,0.027777977648010863,0.024378427256825527,0.05479926446417149,0.02425441799781404,0.02495710259585046,0.05429255011302959,1784967679.3609807,0.10850455223259935,0.1106392563906999,1784967679.310985,4196.8896484375,nan,nan,50.087772369384766,nan
14.723074913024902,1784967679.4058564,SMC,circle,circle_smc_tune_base_p01,1784967679.3622458,0.4770182712925117,0.8766905589890892,2.6872385535269503,0.10901409224978963,0.11645578968001376,1784967679.377669,0.4702325548175099,0.880512578674944,2.687464823306761,0.028187274932861328,0,0,1784967679.4012456,0.4421906813193258,0.8664683699954356,2.7405591612396023,1784967679.40129,0.026807810905247136,0.02447029721173899,0.05332060771265201,0.01903876523230541,0.024922116385870954,0.05309433793284146,1784967679.4013395,0.10848989712326113,0.11059303016414637,1784967679.3681126,4196.94482421875,nan,nan,55.26178741455078,nan
14.763203620910645,1784967679.445985,SMC,circle,circle_smc_tune_base_p01,1784967679.4124258,0.471230969589225,0.8795997803088005,2.6925090269363543,0.10895850347092559,0.11525556985547229,1784967679.377669,0.4702325548175099,0.880512578674944,2.687464823306761,0.06831598281860352,0,0,1784967679.440829,0.43823695755158565,0.868134798564031,2.7448497257766507,1784967679.4408703,0.024745091633747787,0.024652202270491246,0.05234069884029635,0.0233227819998916,0.02515900484245885,0.05738490246988981,1784967679.4409163,0.10844598033642433,0.11056643003702625,1784967679.410854,4196.98974609375,nan,nan,44.841007232666016,nan
14.803861379623413,1784967679.4866428,SMC,circle,circle_smc_tune_base_p01,1784967679.4624052,0.4663314036695939,0.8819610053954,2.698262209738164,0.10895850347092559,0.11525556985547229,1784967679.377669,0.4702325548175099,0.880512578674944,2.687464823306761,0.10897374153137207,0,0,1784967679.4805684,0.4342685307465459,0.8697873895960884,2.749148504310586,1784967679.4808865,0.023741417043294955,0.024750148655818576,0.05088629457242222,0.027613941330632538,0.025414778227292614,0.06168368100382526,1784967679.4809387,0.10842999577058267,0.11052121477427469,1784967679.469491,4197.04833984375,nan,nan,58.532527923583984,nan
14.843167781829834,1784967679.5259492,SMC,circle,circle_smc_tune_base_p01,1784967679.5122042,0.4605707127837447,0.8847606613851641,2.7048227548652415,0.1080531420785427,0.1162478699317442,1784967679.4931114,0.45728976950386424,0.8869425378512544,2.705639875152775,0.032837867736816406,0,0,1784967679.5208724,0.4302549974602251,0.8714384588424973,2.7534883785781643,1784967679.5209124,0.021834270940671825,0.024895547566861242,0.04866562371292283,0.017959185557660486,0.02547004160708882,0.04784850342538949,1784967679.520957,0.1083961572230068,0.11045203904265946,1784967679.511315,4197.08984375,nan,nan,41.717552185058594,nan
14.883244752883911,1784967679.5660262,SMC,circle,circle_smc_tune_base_p01,1784967679.5621614,0.45581915160155867,0.8869780730483892,2.7105424442691817,0.10684350240794763,0.11589571466158743,1784967679.4931114,0.45728976950386424,0.8869425378512544,2.705639875152775,0.07291483879089355,0,0,1784967679.5615695,0.42617906236501335,0.8730944112986786,2.7578878622588894,1784967679.5616062,0.026228060944919054,0.02511923224691106,0.05306510739364789,0.022353156872342458,0.02569013595791102,0.05224798710611456,1784967679.561648,0.10847745023766336,0.1106061446546853,1784967679.511315,4197.08984375,nan,nan,41.717552185058594,nan
14.923030376434326,1784967679.6058118,SMC,circle,circle_smc_tune_base_p01,1784967679.5621614,0.45581915160155867,0.8869780730483892,2.7105424442691817,0.10684350240794763,0.11589571466158743,1784967679.5748343,0.4487987173845004,0.8906739094471321,2.7127396625825013,0.030977487564086914,0,0,1784967679.6007693,0.4222475468883493,0.8746719464386247,2.762124070220925,1784967679.6008048,0.02535891479317866,0.025207515460033716,0.051581625951743426,0.017492721020951476,0.025593596584389734,0.04938440763842378,1784967679.6008432,0.10846496994497795,0.11055963804705923,1784967679.572166,4197.15087890625,nan,nan,60.979881286621094,nan
14.963942289352417,1784967679.6467237,SMC,circle,circle_smc_tune_base_p01,1784967679.6119487,0.4502415199415962,0.8896118040444562,2.7154136456063713,0.10543261812347877,0.11236275243841541,1784967679.5748343,0.4487987173845004,0.8906739094471321,2.7127396625825013,0.07188940048217773,0,0,1784967679.6405852,0.4182458713817956,0.8762578275307512,2.7664285393295067,1784967679.6406214,0.023613238835102433,0.025386318504408367,0.05101489372313539,0.021791471686108763,0.025815336109342425,0.0536888767470054,1784967679.640663,0.10842621216177513,0.11054670707425146,1784967679.6135845,4197.1923828125,nan,nan,41.43745040893555,nan
15.003807544708252,1784967679.686589,SMC,circle,circle_smc_tune_base_p01,1784967679.6622005,0.4453185796947869,0.8918429417745434,2.7212920057586336,0.10616923204588909,0.11310969134847262,1784967679.5748343,0.4487987173845004,0.8906739094471321,2.7127396625825013,0.1117546558380127,0,0,1784967679.680719,0.41421091190768466,0.8778367709853852,2.770761435562112,1784967679.680759,0.022685245333874924,0.025480177775472686,0.049469429803478356,0.026117607369281617,0.026057225425822932,0.05802177297961064,1784967679.6808045,0.10841232271370484,0.1104983202526317,1784967679.66408,4197.2421875,nan,nan,49.851173400878906,nan
15.04308009147644,1784967679.7258615,SMC,circle,circle_smc_tune_base_p01,1784967679.7120957,0.4391234199713049,0.8946634824432506,2.72630609518584,0.10869440893732234,0.11386331539060594,1784967679.6942184,0.4354170812904046,0.8963661180988823,2.7194016884127223,0.03164315223693848,0,0,1784967679.7213554,0.4101561196801564,0.8794032176584785,2.775108287864663,1784967679.7213902,0.020348314752387166,0.02565007318111796,0.04880219267882291,0.016092163056972836,0.025824377262061562,0.055706599451940786,1784967679.7214336,0.10835977576071809,0.11048174219533136,1784967679.7156157,4197.29345703125,nan,nan,51.190269470214844,nan
15.083788394927979,1784967679.7665699,SMC,circle,circle_smc_tune_base_p01,1784967679.7623284,0.43410986541708024,0.8968734983623666,2.7319320650247025,0.10885325605577206,0.11356935413324815,1784967679.6942184,0.4354170812904046,0.8963661180988823,2.7194016884127223,0.07235145568847656,0,0,1784967679.7606924,0.406153790684195,0.8809295813391377,2.7793917971191187,1784967679.760732,0.024626263473014262,0.025868197506295074,0.05308570193327844,0.020368503804213088,0.026072032851624342,0.05999010870639632,1784967679.760837,0.10843888910289402,0.11063179664798578,1784967679.7626507,4197.34130859375,nan,nan,47.88519287109375,nan
15.123152256011963,1784967679.8059337,SMC,circle,circle_smc_tune_base_p01,1784967679.7623284,0.43410986541708024,0.8968734983623666,2.7319320650247025,0.10885325605577206,0.11356935413324815,1784967679.7739391,0.42661123352461167,0.9004558899258222,2.7335156397328233,0.03199458122253418,0,0,1784967679.8014915,0.40203925126476436,0.8824783182636422,2.783788165145852,1784967679.8015344,0.023683393476324366,0.02597772845394747,0.051856100121149495,0.015419960738694874,0.026252622837807552,0.050272525413028735,1784967679.8016045,0.10842322500362586,0.11059446095250323,1784967679.7626507,4197.34130859375,nan,nan,47.88519287109375,nan
15.163283109664917,1784967679.8460646,SMC,circle,circle_smc_tune_base_p01,1784967679.8118708,0.4281256432534259,0.8995160636670685,2.73767030774757,0.10927370622888768,0.11386102538466261,1784967679.7739391,0.42661123352461167,0.9004558899258222,2.7335156397328233,0.07212543487548828,0,0,1784967679.84101,0.3980384635706039,0.8839644828826511,2.788056070381143,1784967679.8410559,0.021553750824312545,0.02612519610575438,0.05038576263357264,0.01968200330993525,0.02647618618335918,0.05454043064831948,1784967679.8411043,0.1083802278662788,0.1105503652913109,1784967679.8134222,4197.39208984375,nan,nan,50.900508880615234,nan
15.203298330307007,1784967679.8860798,SMC,circle,circle_smc_tune_base_p01,1784967679.8619556,0.42326883742318794,0.9015945696054661,2.7429617340465215,0.10794699846252424,0.11253047818510538,1784967679.7739391,0.42661123352461167,0.9004558899258222,2.7335156397328233,0.11214065551757812,0,0,1784967679.8806908,0.3940002067511058,0.8854449079301643,2.7923571405944605,1784967679.8807282,0.020705169454646902,0.026244242635287025,0.04939540654793895,0.0239761605333798,0.02671988723355474,0.0588415008616372,1784967679.8807719,0.10836519591971883,0.11052132163944087,1784967679.8644297,4197.443359375,nan,nan,51.033668518066406,nan
15.243287801742554,1784967679.9260693,SMC,circle,circle_smc_tune_base_p01,1784967679.9121869,0.4171113444757211,0.9042328597143724,2.7497666834452583,0.10834291596360533,0.11442691073587391,1784967679.891992,0.4133465392625755,0.9063330612783032,2.750558282018716,0.03407716751098633,0,0,1784967679.9205956,0.3899444971424397,0.8869119468247986,2.7966700296935816,1784967679.9206264,0.018493509818919795,0.026382602448119866,0.04690334624832326,0.01423328725919289,0.026874686896892954,0.046111747674865367,1784967679.9206634,0.10832507012252847,0.1104428649565481,1784967679.9204028,4197.4990234375,nan,nan,55.7286262512207,nan
15.283193111419678,1784967679.9659746,SMC,circle,circle_smc_tune_base_p01,1784967679.9632213,0.41197823784132465,0.9063429043202457,2.756057045907264,0.10848872670055852,0.11590205290372273,1784967679.891992,0.4133465392625755,0.9063330612783032,2.750558282018716,0.07398247718811035,0,0,1784967679.9631557,0.38584230676601006,0.8883757240737336,2.801025559478738,1784967679.963197,0.022843791079829603,0.02659629070223983,0.05125887603347978,0.01858373631239755,0.02708493140798074,0.05046727746002188,1784967679.9632869,0.10840639854134532,0.11059517222452399,1784967679.9651697,4197.54296875,nan,nan,43.75880813598633,nan
15.323254346847534,1784967680.0060358,SMC,circle,circle_smc_tune_base_p01,1784967679.9632213,0.41197823784132465,0.9063429043202457,2.756057045907264,0.10848872670055852,0.11590205290372273,1784967679.9728482,0.40495355261638827,0.9095989483727482,2.755622162210586,0.0331876277923584,0,0,1784967680.0009604,0.3817596672027431,0.8898125727507189,2.8053536663589256,1784967680.001009,0.021784119525707815,0.026680817261229277,0.04929662045166161,0.014038845392563226,0.027062294819195292,0.04973150414833949,1784967680.0010562,0.10839161697539382,0.11053258125709636,1784967679.9651697,4197.54296875,nan,nan,43.75880813598633,nan
15.363417863845825,1784967680.0461993,SMC,circle,circle_smc_tune_base_p01,1784967680.012081,0.4062013310012267,0.9087627765274828,2.76062754841601,0.10794213566368231,0.11294375639590412,1784967679.9728482,0.40495355261638827,0.9095989483727482,2.755622162210586,0.07335114479064941,0,0,1784967680.041513,0.377621233845969,0.8912488362261427,2.809734250122048,1784967680.041547,0.020019109167964424,0.02688485310363432,0.04910670170603826,0.018413522235738895,0.02728964023278361,0.05411208791146205,1784967680.0415843,0.1083502655059996,0.11053305182698908,1784967680.0192537,4197.59814453125,nan,nan,55.34894561767578,nan
15.403893232345581,1784967680.0866747,SMC,circle,circle_smc_tune_base_p01,1784967680.0621827,0.4010595979328183,0.9108170129811844,2.76642751300156,0.10884696002059423,0.11339828363597143,1784967679.9728482,0.40495355261638827,0.9095989483727482,2.755622162210586,0.11382651329040527,0,0,1784967680.0806527,0.37361712473091224,0.8926191905603051,2.813966363960244,1784967680.0806825,0.01886561152050769,0.026987752375040017,0.04753885095868382,0.022638944548423807,0.027527478593657173,0.05834420174965783,1784967680.080718,0.10833076077086284,0.11048422011112413,1784967680.062272,4197.64111328125,nan,nan,42.846839904785156,nan
15.44308352470398,1784967680.125865,SMC,circle,circle_smc_tune_base_p01,1784967680.1122704,0.39463918301232176,0.9134041081047938,2.772905897705046,0.11147141779010032,0.11572124904739144,1784967680.0881505,0.39197047412839625,0.9149058703876398,2.770382326931427,0.037714481353759766,0,0,1784967680.121278,0.3694681840089602,0.8940191855911728,2.818345145278909,1784967680.121312,0.01649339717939439,0.027153678593683478,0.04543924757386275,0.013393125439560179,0.027626633044336817,0.04796281834748184,1784967680.1213498,0.10828436555300701,0.11041976420558487,1784967680.1236901,4197.70263671875,nan,nan,61.624114990234375,nan
15.48306918144226,1784967680.1658506,SMC,circle,circle_smc_tune_base_p01,1784967680.1620338,0.3896247589730981,0.9153436919579175,2.777944171526518,0.11021120697373363,0.1133432424994227,1784967680.0881505,0.39197047412839625,0.9149058703876398,2.770382326931427,0.07770013809204102,0,0,1784967680.161336,0.3653729353879265,0.8953812615838529,2.8226609697875755,1784967680.1613739,0.020804330537410945,0.02735902186884545,0.0497550720825295,0.01770352687295191,0.027842854599526498,0.05227864285614858,1784967680.1614137,0.1083656508798819,0.11057046979837916,1784967680.1629667,4197.7412109375,nan,nan,38.7865104675293,nan
15.523609399795532,1784967680.2063909,SMC,circle,circle_smc_tune_base_p01,1784967680.1620338,0.3896247589730981,0.9153436919579175,2.777944171526518,0.11021120697373363,0.1133432424994227,1784967680.1688008,0.38245380935492435,0.9184888205576859,2.779476997226901,0.03759002685546875,0,0,1784967680.2009482,0.36131804986803284,0.8967106136010499,2.826928205543496,1784967680.2009897,0.0198280671160277,0.027482888200737868,0.04898403401697804,0.012050088024694854,0.027853294346107414,0.04745120831659522,1784967680.2010372,0.10834632999473963,0.1105488974072572,1784967680.1629667,4197.7412109375,nan,nan,38.7865104675293,nan
15.563602447509766,1784967680.246384,SMC,circle,circle_smc_tune_base_p01,1784967680.2122476,0.38345319054629434,0.9177491475211265,2.783553040044313,0.11019645780000376,0.11271895225120696,1784967680.1688008,0.38245380935492435,0.9184888205576859,2.779476997226901,0.07758307456970215,0,0,1784967680.24064,0.3572146205695207,0.8980364127740608,2.831240502410867,1784967680.2406783,0.01766655942990899,0.027657677840768065,0.047687462366553746,0.01635707659914325,0.028067128100728353,0.051763505183966,1784967680.2407238,0.1083012196167051,0.1105115046735774,1784967680.2123973,4197.79150390625,nan,nan,49.92453384399414,nan
15.603356838226318,1784967680.2861383,SMC,circle,circle_smc_tune_base_p01,1784967680.2623556,0.3781971192990064,0.9197110729511745,2.789548388219455,0.11080968271439924,0.11383213756132889,1784967680.1688008,0.38245380935492435,0.9184888205576859,2.779476997226901,0.11733746528625488,0,0,1784967680.2807758,0.35310480017274837,0.8993447294466888,2.835553546005227,1784967680.2808273,0.016530731627865756,0.027769539764356234,0.04600515778577163,0.02066384856895025,0.02829957467456184,0.05607654877832591,1784967680.2808764,0.10828246808992066,0.11045915658500426,1784967680.262765,4197.841796875,nan,nan,50.261566162109375,nan
15.643611669540405,1784967680.3263931,SMC,circle,circle_smc_tune_base_p01,1784967680.3121946,0.3720791576243873,0.9220223636836934,2.7962953289919636,0.11053160637989108,0.11414421151491623,1784967680.290762,0.36927168637368674,0.9237856194412576,2.7994959940606243,0.03563117980957031,0,0,1784967680.3208644,0.34896159290318873,0.9006439543675898,2.839895686202981,1784967680.3209007,0.01451695869442159,0.027941297281803626,0.04360035721101729,0.011370020068987914,0.02861396866554852,0.040399692142356614,1784967680.3209403,0.10824576974754663,0.11038472181642736,1784967680.262765,4197.841796875,nan,nan,50.261566162109375,nan
15.683332920074463,1784967680.3661144,SMC,circle,circle_smc_tune_base_p01,1784967680.3622084,0.3667871975009227,0.9239168292457215,2.802112689813088,0.11123812697883009,0.11450040997440983,1784967680.290762,0.36927168637368674,0.9237856194412576,2.7994959940606243,0.07535243034362793,0,0,1784967680.360572,0.34486231672749745,0.9019099962648653,2.8441860189971706,1784967680.3606088,0.018802799895596432,0.028137492206710805,0.04789069000520696,0.015656467270723035,0.028796445066719512,0.04469002493654628,1784967680.3606503,0.10832744088448487,0.11053427274039726,1784967680.3628392,4197.94140625,nan,nan,25.97873306274414,nan
15.723875999450684,1784967680.4066575,SMC,circle,circle_smc_tune_base_p01,1784967680.3622084,0.3667871975009227,0.9239168292457215,2.802112689813088,0.11123812697883009,0.11450040997440983,1784967680.3828259,0.36078502405049034,0.9268744963187472,2.8063971180025,0.023831605911254883,0,0,1784967680.4011335,0.34068438307297244,0.9031805478808185,2.848552878433206,1784967680.4011743,0.01770795871390459,0.028244972722434748,0.04644018862011779,0.011187744942677701,0.028987468385215806,0.042155760430706124,1784967680.4012184,0.10830855061812378,0.11048950537808508,1784967680.3628392,4197.94140625,nan,nan,25.97873306274414,nan
15.763339757919312,1784967680.4461212,SMC,circle,circle_smc_tune_base_p01,1784967680.412554,0.36070122940120686,0.9261609617723133,2.808493633060521,0.11278077536059496,0.11574938076989338,1784967680.3828259,0.36078502405049034,0.9268744963187472,2.8063971180025,0.06329536437988281,0,0,1784967680.4413416,0.33651422079164595,0.9044288992023655,2.8529058847961206,1784967680.4413779,0.015751731875273515,0.02844603438007827,0.04441225173559982,0.015536470983034643,0.029180383652957307,0.046508766793620815,1784967680.4414215,0.10827154687370916,0.11042860953718926,1784967680.4143505,4197.9931640625,nan,nan,51.818389892578125,nan
15.803592443466187,1784967680.486374,SMC,circle,circle_smc_tune_base_p01,1784967680.462247,0.35543595022537117,0.9279815609358915,2.814194284592729,0.11256100217502278,0.11558883778420982,1784967680.3828259,0.36078502405049034,0.9268744963187472,2.8063971180025,0.10354804992675781,0,0,1784967680.4815192,0.332348031057656,0.9056563484041222,2.857249132209756,1784967680.4815588,0.014682182204661543,0.02856397471978884,0.04305484761702694,0.01987456973183482,0.029391730969370436,0.05085201420725616,1784967680.4816031,0.1082522869604255,0.11038729407789385,1784967680.4634702,4198.04150390625,nan,nan,48.28990936279297,nan
15.842915534973145,1784967680.525697,SMC,circle,circle_smc_tune_base_p01,1784967680.5127854,0.34935364413560277,0.9301500073196644,2.8203585296875033,0.11213873410537814,0.11615977674269637,1784967680.4912207,0.3476686000841752,0.9314699738668065,2.8187871662188644,0.034476280212402344,0,0,1784967680.5211089,0.3282898119328196,0.9068331149362215,2.861474525505044,1784967680.5211542,0.01262431888143017,0.028774799222028028,0.041115995817540885,0.010562346657505554,0.029511846456420646,0.04268735928617984,1784967680.5211983,0.10821170815681617,0.11032969316798563,1784967680.514071,4198.09228515625,nan,nan,50.7818717956543,nan
15.883365631103516,1784967680.566147,SMC,circle,circle_smc_tune_base_p01,1784967680.5620651,0.34454014228337754,0.9317589565322419,2.8251946145708873,0.10895763472901063,0.11327282954247105,1784967680.4912207,0.3476686000841752,0.9314699738668065,2.8187871662188644,0.07492637634277344,0,0,1784967680.5615191,0.3240521588942529,0.908042108904128,2.8658812704620145,1784967680.5615566,0.017026926145066755,0.02896563677567551,0.04552274077451113,0.014964648610684583,0.02970960186783557,0.04709410424315008,1784967680.5615988,0.10829676027534953,0.11048294591833956,1784967680.5642767,4198.142578125,nan,nan,50.0063362121582,nan
15.92348575592041,1784967680.6062672,SMC,circle,circle_smc_tune_base_p01,1784967680.5620651,0.34454014228337754,0.9317589565322419,2.8251946145708873,0.10895763472901063,0.11327282954247105,1784967680.5677161,0.33805447188653226,0.9345296346928769,2.8276315452761933,0.03855109214782715,0,0,1784967680.6016128,0.3198823009859,0.9092120853120941,2.8702121582565088,1784967680.6016502,0.016418527442001257,0.02909987106338744,0.045017543685621504,0.009465092411358764,0.029692054956412167,0.04258061298031546,1784967680.601689,0.10828462786003265,0.11047058049163364,1784967680.5642767,4198.142578125,nan,nan,50.0063362121582,nan
15.963381052017212,1784967680.6461625,SMC,circle,circle_smc_tune_base_p01,1784967680.612075,0.3384625905455002,0.9338247502415917,2.831283179707257,0.10879662609853587,0.11388292072321853,1784967680.5677161,0.33805447188653226,0.9345296346928769,2.8276315452761933,0.0784463882446289,0,0,1784967680.6410232,0.31579252879174724,0.9103407018249948,2.8744548035201807,1784967680.641063,0.014416386858401015,0.02928480868814005,0.0431716238129236,0.013703496241425125,0.02988164611268258,0.04682325824398737,1784967680.6411076,0.1082453643037819,0.11041521441670211,1784967680.6193101,4198.1982421875,nan,nan,55.79362869262695,nan
16.00319242477417,1784967680.685974,SMC,circle,circle_smc_tune_base_p01,1784967680.662624,0.33310618127278113,0.9355326613823488,2.8374905570590254,0.10968675918561775,0.1153532471736772,1784967680.5677161,0.33805447188653226,0.9345296346928769,2.8276315452761933,0.11825776100158691,0,0,1784967680.6808505,0.3116163988647379,0.9114739152809376,2.8787819576797267,1784967680.680884,0.013299680644326097,0.029389666664937728,0.04129140062070125,0.018025456109626067,0.030093534766586476,0.05115041240353336,1784967680.6809216,0.10822713650870057,0.11035603557618796,1784967680.6641452,4198.24267578125,nan,nan,44.31801986694336,nan
16.04352593421936,1784967680.7263074,SMC,circle,circle_smc_tune_base_p01,1784967680.712094,0.3271328881444723,0.9375137259179672,2.843019836192676,0.1086837260774196,0.11299685264705518,1784967680.686671,0.32482357185123734,0.9390430965991359,2.8437636551543335,0.03963637351989746,0,0,1784967680.7207372,0.30746129390577825,0.9125822019268404,2.883082332664468,1784967680.7207744,0.011467500347810897,0.029615012142238113,0.04006249647179194,0.00883308795652779,0.030390857168989746,0.0393186775101344,1784967680.7208188,0.10818856140422033,0.11032258362046767,1784967680.71539,4198.29345703125,nan,nan,50.83156204223633,nan
16.08298945426941,1784967680.765771,SMC,circle,circle_smc_tune_base_p01,1784967680.7621374,0.32197771709861506,0.9391055030590969,2.848143132189676,0.10837077161274884,0.11127495106909648,1784967680.686671,0.32482357185123734,0.9390430965991359,2.8437636551543335,0.07909989356994629,0,0,1784967680.7606716,0.30329079483714005,0.9136753812964904,2.8873937283096094,1784967680.7607088,0.01577505096348132,0.029796977274002073,0.04437389211693344,0.013140772729689111,0.0305696182128853,0.043630073155275895,1784967680.7607503,0.1082722903847659,0.11047236231303119,1784967680.7635498,4198.34228515625,nan,nan,49.109554290771484,nan
16.123101472854614,1784967680.805883,SMC,circle,circle_smc_tune_base_p01,1784967680.7621374,0.32197771709861506,0.9391055030590969,2.848143132189676,0.10837077161274884,0.11127495106909648,1784967680.7673013,0.31619527132692987,0.9414608800594074,2.8495420418888027,0.03858160972595215,0,0,1784967680.8014693,0.2990298193133023,0.9147724644383397,2.8917936754760523,1784967680.8015072,0.014928438536664475,0.029930661605474987,0.043650543286376305,0.008754551145259973,0.030500526314147916,0.04225163358724959,1784967680.8015494,0.10825540888462136,0.11045270682972838,1784967680.7635498,4198.34228515625,nan,nan,49.109554290771484,nan
16.163660526275635,1784967680.846442,SMC,circle,circle_smc_tune_base_p01,1784967680.8123207,0.3158502348573323,0.9410352250925352,2.853967334498688,0.10923170011049822,0.11176607440867102,1784967680.7673013,0.31619527132692987,0.9414608800594074,2.8495420418888027,0.07914066314697266,0,0,1784967680.8408394,0.2949053795985088,0.9158153844728995,2.896047933631875,1784967680.8408787,0.012930184254176101,0.03012536568816973,0.0420805991331874,0.013004617456931798,0.030689262918557617,0.046505891743072514,1784967680.8409238,0.10821471658323085,0.11040686549404524,1784967680.8264933,4198.404296875,nan,nan,61.90959167480469,nan
16.203673601150513,1784967680.886455,SMC,circle,circle_smc_tune_base_p01,1784967680.86196,0.3106258511354396,0.9425755332627663,2.859449105245752,0.10941507572435483,0.11154994866237307,1784967680.7673013,0.31619527132692987,0.9414608800594074,2.8495420418888027,0.11915373802185059,0,0,1784967680.8809557,0.2907120064204456,0.9168566272460865,2.900368650489785,1784967680.8809924,0.011965936905886187,0.0302463169988026,0.040919545244033184,0.017320215366344947,0.030899452850484118,0.050826608600982315,1784967680.8810346,0.10819677700556378,0.11037219540809452,1784967680.863184,4198.4423828125,nan,nan,37.81861114501953,nan
16.243582725524902,1784967680.9263642,SMC,circle,circle_smc_tune_base_p01,1784967680.912294,0.3044199240330348,0.9444588863966138,2.865779549598796,0.10928881446665498,0.11211909305014427,1784967680.8873894,0.3021331464583767,0.9458589725244638,2.86614057609268,0.038974761962890625,0,0,1784967680.9206376,0.2865221330205584,0.9178778202168236,2.904681179100015,1784967680.9206774,0.009982521825564052,0.030450505092408618,0.03890162950121879,0.007412144979750718,0.03117224297060219,0.03854060300733498,1784967680.9207244,0.10815787064313669,0.11031173781978758,1784967680.914357,4198.49267578125,nan,nan,50.32762908935547,nan
16.283416509628296,1784967680.966198,SMC,circle,circle_smc_tune_base_p01,1784967680.962459,0.2995975333135434,0.9458334394486385,2.870292924930483,0.10603979420601435,0.1085423469477239,1784967680.8873894,0.3021331464583767,0.9458589725244638,2.86614057609268,0.07880854606628418,0,0,1784967680.9615257,0.2822692135784134,0.9188948336868309,2.9090540123519677,1784967680.9615672,0.01435166094697906,0.030630125573624233,0.04327446275317159,0.011781348664179804,0.0313502860651679,0.042913436259287785,1784967680.9616122,0.10824333097007935,0.11046348627755986,1784967680.9648871,4198.54248046875,nan,nan,49.868553161621094,nan
16.323866605758667,1784967681.006648,SMC,circle,circle_smc_tune_base_p01,1784967680.962459,0.2995975333135434,0.9458334394486385,2.870292924930483,0.10603979420601435,0.1085423469477239,1784967680.9687788,0.2926526586059138,0.9485881228877533,2.875755041536863,0.03786921501159668,0,0,1784967681.0010438,0.27809598622193765,0.9198737078604435,2.9133405085143824,1784967681.0010831,0.01375830482860806,0.030772280378723434,0.043047583583899485,0.006501556263599501,0.03153005086272865,0.0375854669775193,1784967681.0011249,0.10823014766731755,0.11046066213208743,1784967680.9648871,4198.54248046875,nan,nan,49.868553161621094,nan
16.36361813545227,1784967681.0463996,SMC,circle,circle_smc_tune_base_p01,1784967681.012062,0.29336298603726363,0.9476490449793746,2.8766983333739593,0.10744291849463489,0.10971146884206671,1784967680.9687788,0.2926526586059138,0.9485881228877533,2.875755041536863,0.0776207447052002,0,0,1784967681.0416646,0.2738137066918608,0.920858572270595,2.9177345848617335,1784967681.041703,0.011853463203052705,0.03097416925404679,0.041036251487774233,0.01089215239984945,0.031704811980959605,0.041979543324870416,1784967681.0417457,0.1081935612845609,0.1104003473580607,1784967681.0169892,4198.5927734375,nan,nan,50.45608139038086,nan
16.403031826019287,1784967681.0858133,SMC,circle,circle_smc_tune_base_p01,1784967681.0619955,0.2876066033390509,0.9491985974335845,2.8833191975093606,0.11162057089195304,0.11338113426142976,1784967680.9687788,0.2926526586059138,0.9485881228877533,2.875755041536863,0.1170344352722168,0,0,1784967681.0808456,0.2696694337143981,0.9217928603295034,2.9219828692016385,1784967681.080886,0.0103424920636567,0.031078116710553327,0.03866367169227791,0.015136302474418337,0.03189211610073018,0.0462278276647754,1784967681.0809314,0.10816750637154672,0.11032472628009438,1784967681.0656836,4198.6435546875,nan,nan,50.755889892578125,nan
16.443042039871216,1784967681.1258235,SMC,circle,circle_smc_tune_base_p01,1784967681.1126657,0.28087657752565465,0.9510633798895426,2.88933403192151,0.1138222193277742,0.11346719197231356,1784967681.0888002,0.2785521018573674,0.9523033324836606,2.8881380642484094,0.037023305892944336,0,0,1784967681.1206293,0.2654754226654349,0.9227195531587341,2.9262780428466577,1784967681.1206667,0.007839341324814834,0.03129077839184597,0.03694401092514754,0.005240782029987262,0.031917608643957526,0.03813997859824835,1784967681.1207094,0.10811445013727135,0.11027449297723312,1784967681.114588,4198.693359375,nan,nan,49.75839614868164,nan
16.483269214630127,1784967681.1660507,SMC,circle,circle_smc_tune_base_p01,1784967681.1618567,0.27552898618928967,0.9524399699135724,2.8948735595546813,0.11326130803386164,0.1133228625239633,1784967681.0888002,0.2785521018573674,0.9523033324836606,2.8881380642484094,0.07725048065185547,0,0,1784967681.1606407,0.26125775556475106,0.9236324462817382,2.9305933781204008,1784967681.1606736,0.012151374725970145,0.03145947211887792,0.0412593461988906,0.009552610595112783,0.03209145930166863,0.04245531387199142,1784967681.1607099,0.10819972001637962,0.11042396061059229,1784967681.1644225,4198.7431640625,nan,nan,49.96388626098633,nan
16.523473739624023,1784967681.2062552,SMC,circle,circle_smc_tune_base_p01,1784967681.1618567,0.27552898618928967,0.9524399699135724,2.8948735595546813,0.11326130803386164,0.1133228625239633,1784967681.1671877,0.26899873477450525,0.9549305345343229,2.896893252653158,0.03906750679016113,0,0,1784967681.2010758,0.25699238844910033,0.924536313164711,2.9349534655151146,1784967681.2011173,0.011160554507544287,0.03158578064294129,0.040079905960433315,0.004285232927367326,0.03239749717970115,0.03806021286195671,1784967681.201163,0.1081811193813501,0.11038885622011249,1784967681.1644225,4198.7431640625,nan,nan,49.96388626098633,nan
16.563411951065063,1784967681.2461934,SMC,circle,circle_smc_tune_base_p01,1784967681.2119887,0.2695028877820728,0.9540607381558609,2.900792114037669,0.11006444784322375,0.11350186707527711,1784967681.1671877,0.26899873477450525,0.9549305345343229,2.896893252653158,0.07900571823120117,0,0,1784967681.2412028,0.2527491522665045,0.9254162351778579,2.939286979728677,1784967681.2412355,0.009439201024967984,0.03181346709481194,0.038494865691007796,0.008615237959518183,0.03257177417777899,0.04239372707551902,1784967681.2412715,0.10814653055266431,0.11034361109286066,1784967681.21997,4198.7978515625,nan,nan,54.2718620300293,nan
16.604520320892334,1784967681.2873018,SMC,circle,circle_smc_tune_base_p01,1784967681.2619698,0.26478289278640077,0.955211236261592,2.9063763226372448,0.1054642879916689,0.11321393770340989,1784967681.1671877,0.26899873477450525,0.9549305345343229,2.896893252653158,0.12011408805847168,0,0,1784967681.2811353,0.2485176692080957,0.9262746461376358,2.943604658180215,1784967681.2811756,0.009073573826337195,0.031930455744823,0.037228335542970115,0.01292862862207168,0.03276407405210014,0.04671140552705699,1784967681.2812228,0.108142933171044,0.11030529304292644,1784967681.2649498,4198.84375,nan,nan,45.912147521972656,nan
16.64347743988037,1784967681.326259,SMC,circle,circle_smc_tune_base_p01,1784967681.312146,0.25853580169817597,0.95675539216162,2.9119292151165643,0.10436736587862756,0.11332763702899576,1784967681.2882693,0.2542813710122533,0.9580275306972799,2.908401752497474,0.03798961639404297,0,0,1784967681.321021,0.24432757156513651,0.9271059418496385,2.947876425796487,1784967681.3210583,0.007085473816308006,0.032105447639216696,0.03594721067992257,0.002538929115754162,0.03238482081533228,0.039474673299012775,1784967681.3211038,0.10810027997969826,0.11026842194397131,1784967681.3172216,4198.8935546875,nan,nan,50.13953399658203,nan
16.682989597320557,1784967681.365771,SMC,circle,circle_smc_tune_base_p01,1784967681.362286,0.2536440418111398,0.9579074268295786,2.9166947309280737,0.10288734645774546,0.11035488502042631,1784967681.2882693,0.2542813710122533,0.9580275306972799,2.908401752497474,0.07750177383422852,0,0,1784967681.3607013,0.24008586205605298,0.9279285523733953,2.952197168403604,1784967681.3607385,0.011403076179680179,0.032270060716000575,0.040267953287039575,0.0068559239519364506,0.032564663017333656,0.043795415906129787,1784967681.3607814,0.10818612422412655,0.11041793380010134,1784967681.3172216,4198.8935546875,nan,nan,50.13953399658203,nan
16.723740816116333,1784967681.4065223,SMC,circle,circle_smc_tune_base_p01,1784967681.362286,0.2536440418111398,0.9579074268295786,2.9166947309280737,0.10288734645774546,0.11035488502042631,1784967681.3732498,0.24524715254452173,0.9603337047715946,2.918727156038561,0.033272504806518555,0,0,1784967681.400768,0.2358376766541309,0.9287333823253152,2.9565209236678855,1784967681.4008026,0.01085193329827176,0.03241029244748254,0.039826192739811805,0.002192295572434102,0.03289851752531962,0.03779376762932474,1784967681.4008422,0.10817480693571525,0.11040788283957648,1784967681.368827,4198.947265625,nan,nan,53.66516876220703,nan
16.76377534866333,1784967681.4465568,SMC,circle,circle_smc_tune_base_p01,1784967681.4123597,0.2472787691373787,0.9594299652480128,2.9224464717861007,0.10443272352050881,0.11076542724465692,1784967681.3732498,0.24524715254452173,0.9603337047715946,2.918727156038561,0.07330703735351562,0,0,1784967681.4410362,0.2315438769037328,0.9295275427732429,2.960887551361062,1784967681.441079,0.008857891310731308,0.03260796628113055,0.038441079574961456,0.0065554309636473825,0.03307303592410263,0.042160395322501376,1784967681.4411197,0.10813280252104211,0.1103683015285364,1784967681.41743,4198.99462890625,nan,nan,47.08246994018555,nan
16.803134202957153,1784967681.4859157,SMC,circle,circle_smc_tune_base_p01,1784967681.4621396,0.24199244349375798,0.9605962438630403,2.9287947480865317,0.10593848652766114,0.11345466645394867,1784967681.3732498,0.24524715254452173,0.9603337047715946,2.918727156038561,0.11266589164733887,0,0,1784967681.481091,0.22734635056886487,0.9302851755580178,2.965152907424905,1784967681.4811962,0.0079141714700506,0.03272055607258197,0.03635815933837305,0.010816600430715069,0.033261899741192084,0.04642575138634397,1784967681.4812856,0.10811856452798473,0.11030262384703184,1784967681.4641097,4199.04296875,nan,nan,48.63904571533203,nan
16.843687295913696,1784967681.5264688,SMC,circle,circle_smc_tune_base_p01,1784967681.5118766,0.23543642888774927,0.9620603598861523,2.9345539081545535,0.1069225256613015,0.11290117594951234,1784967681.4885883,0.23120858382096507,0.9633274925817675,2.9337173278703084,0.03788042068481445,0,0,1784967681.5208051,0.2230644257241835,0.9310390153701118,2.9695006866988916,1784967681.5208404,0.005730951601888548,0.03290207397108838,0.03494677854433803,0.0013050853150339296,0.033274161508195316,0.03578335882858319,1784967681.5208845,0.10807160057415068,0.11026162841718087,1784967681.5195186,4199.0986328125,nan,nan,55.32244110107422,nan
16.88350772857666,1784967681.5662892,SMC,circle,circle_smc_tune_base_p01,1784967681.5618486,0.23000766747791376,0.9631941576605931,2.9405019479601444,0.10836965051261108,0.11389519709114027,1784967681.4885883,0.23120858382096507,0.9633274925817675,2.9337173278703084,0.07770085334777832,0,0,1784967681.5611224,0.21883125778966273,0.931765425422052,2.9737957315978782,1784967681.561175,0.010023038577281967,0.03306135900200084,0.03924182344332472,0.005597037533782446,0.033437037158291695,0.04007840372756987,1784967681.5612276,0.10815740787822158,0.11041010608151085,1784967681.5642626,4199.14306640625,nan,nan,44.861202239990234,nan
16.9232919216156,1784967681.6060734,SMC,circle,circle_smc_tune_base_p01,1784967681.5618486,0.23000766747791376,0.9631941576605931,2.9405019479601444,0.10836965051261108,0.11389519709114027,1784967681.5694373,0.22170544083509666,0.9651998262751778,2.9411849956911182,0.0366361141204834,0,0,1784967681.601442,0.214507282084071,0.93248811587995,2.9781796885070584,1784967681.6014876,0.009054873063763853,0.03318331241740918,0.037677740546913974,0.0005422088109201815,0.033489931262867395,0.03699469281594015,1784967681.6015408,0.10814066696677802,0.11036203509881078,1784967681.5642626,4199.14306640625,nan,nan,44.861202239990234,nan
16.963238954544067,1784967681.6460204,SMC,circle,circle_smc_tune_base_p01,1784967681.6120732,0.2231617791773286,0.9646326971890514,2.9469071465584595,0.11102143152554005,0.11640750907281694,1784967681.5694373,0.22170544083509666,0.9651998262751778,2.9411849956911182,0.0765831470489502,0,0,1784967681.6409743,0.21027699463317018,0.933176310959405,2.9824655924377224,1784967681.6410134,0.006555883059858964,0.033354794328304994,0.035558445879262816,0.004824827404852836,0.03365762850058275,0.041280596746604115,1784967681.6410627,0.1080890706213907,0.11029710800691893,1784967681.6194518,4199.1982421875,nan,nan,55.14718246459961,nan
17.00308632850647,1784967681.6858678,SMC,circle,circle_smc_tune_base_p01,1784967681.6626892,0.21775170202727706,0.9656993472938082,2.95240086053222,0.11037622155486325,0.11516713259422637,1784967681.5694373,0.22170544083509666,0.9651998262751778,2.9411849956911182,0.11643052101135254,0,0,1784967681.6804905,0.20604562826836925,0.9338460832454206,2.986749642425515,1784967681.6805236,0.005506707492123729,0.03348639673033636,0.034348781893295044,0.009104835914538215,0.03384359458701768,0.04556464673439686,1784967681.6805732,0.10806845594750511,0.11026117262078772,1784967681.6667664,4199.24560546875,nan,nan,47.37622833251953,nan
17.04324507713318,1784967681.7260265,SMC,circle,circle_smc_tune_base_p01,1784967681.712331,0.2111249577293564,0.9670031212862749,2.9584020667009585,0.11109258483162637,0.11623158817477042,1784967681.688143,0.20780125681746334,0.9678719473036083,2.955203414509088,0.03788352012634277,0,0,1784967681.7210038,0.20173862135752174,0.9345087651063504,2.9911073351440214,1784967681.7210402,0.0033098572928162004,0.03366053087421844,0.032705268443062874,-0.00022496517983132056,0.0339088021863856,0.03590392063493342,1784967681.7210822,0.10802168145584329,0.11021219331057604,1784967681.7211564,4199.2998046875,nan,nan,54.04203796386719,nan
17.08311367034912,1784967681.7658951,SMC,circle,circle_smc_tune_base_p01,1784967681.761918,0.20573893147854566,0.967988847238433,2.9646676637572247,0.11084624460434696,0.11786783625453331,1784967681.688143,0.20780125681746334,0.9678719473036083,2.955203414509088,0.07775211334228516,0,0,1784967681.7607079,0.19749433935049066,0.9351430192667702,2.9953987494048855,1784967681.760746,0.0075986623709737335,0.03381006045921041,0.036996682703926975,0.004063339665837395,0.03407204937880228,0.04019533489579752,1784967681.7607884,0.10810846358253993,0.11036022477210458,1784967681.7211564,4199.2998046875,nan,nan,54.04203796386719,nan
17.123372316360474,1784967681.8061538,SMC,circle,circle_smc_tune_base_p01,1784967681.761918,0.20573893147854566,0.967988847238433,2.9646676637572247,0.11084624460434696,0.11786783625453331,1784967681.767896,0.19855863031346627,0.9694939393480235,2.962251466139584,0.03825783729553223,0,0,1784967681.8006976,0.19322772146446832,0.9357618611692484,2.999710016303994,1784967681.8007421,0.006643845300941102,0.03392592411028668,0.03504235254676935,-0.0007717655111872373,0.03414199855619267,0.03745855016441002,1784967681.8007913,0.10809314888301363,0.1102989425552352,1784967681.766219,4199.3447265625,nan,nan,45.02885055541992,nan
17.163360357284546,1784967681.8461418,SMC,circle,circle_smc_tune_base_p01,1784967681.8119504,0.199518058497813,0.969160706004333,2.9692870391713124,0.10895657754601898,0.11507916013372445,1784967681.767896,0.19855863031346627,0.9694939393480235,2.962251466139584,0.07824587821960449,0,0,1784967681.840649,0.18895046638022295,0.9363634116104831,3.0040293684539576,1784967681.8406892,0.00478787168235568,0.03412349348284709,0.0347423292826452,0.0035441938911763378,0.03431307873097024,0.04177790231437361,1784967681.8407369,0.10804973588627799,0.1102955274255164,1784967681.8242097,4199.40234375,nan,nan,57.54076385498047,nan
17.20370316505432,1784967681.8864846,SMC,circle,circle_smc_tune_base_p01,1784967681.862043,0.19421574056283974,0.970074890670408,2.9751948563441335,0.10840676165576245,0.115552094518251,1784967681.767896,0.19855863031346627,0.9694939393480235,2.962251466139584,0.11858868598937988,0,0,1784967681.880891,0.18463969589494256,0.9369506304524239,3.0083799543914576,1784967681.8809326,0.003957374647669183,0.03425283101246189,0.03318509804732406,0.00789057466508225,0.03450423916964901,0.046128488251873545,1784967681.8809772,0.10803551490918285,0.11024793096865954,1784967681.8648753,4199.44384765625,nan,nan,41.4178352355957,nan
17.2429621219635,1784967681.9257436,SMC,circle,circle_smc_tune_base_p01,1784967681.9123373,0.18737692338181955,0.9712771200891781,2.9815854908119896,0.10997451276127387,0.11745543792552493,1784967681.8895478,0.18337594195999848,0.9723273656709295,2.9786974635598082,0.03619575500488281,0,0,1784967681.9206953,0.18037186490329793,0.9375131984964667,3.012684706741311,1784967681.9207354,0.0015361306668151059,0.03444870894795243,0.031099215929321296,-0.002681704761186485,0.03484048183633319,0.0339872431815027,1784967681.920778,0.10798464463867508,0.11018493082924245,1784967681.9155173,4199.49462890625,nan,nan,50.63431930541992,nan
17.283798933029175,1784967681.9665804,SMC,circle,circle_smc_tune_base_p01,1784967681.9619172,0.18194540348346688,0.9721455448056919,2.987874855811321,0.11032984919613435,0.11896935883042817,1784967681.8895478,0.18337594195999848,0.9723273656709295,2.9786974635598082,0.07703256607055664,0,0,1784967681.9611213,0.17606179430983315,0.9380623808433156,3.017029627853372,1784967681.961162,0.005878643661394641,0.03459324497338598,0.03544413704138227,0.0016603727002034033,0.034997558537438675,0.038332164293563675,1784967681.9612074,0.10807325505979816,0.11033457940049228,1784967681.9155173,4199.49462890625,nan,nan,50.63431930541992,nan
17.323327779769897,1784967682.0061092,SMC,circle,circle_smc_tune_base_p01,1784967681.9619172,0.18194540348346688,0.9721455448056919,2.987874855811321,0.11032984919613435,0.11896935883042817,1784967681.9685392,0.17303017278218946,0.9740621709611108,2.9904572924044293,0.03756999969482422,0,0,1784967682.0011122,0.17177156722133324,0.9385901504559043,3.021352198654153,1784967682.0011551,0.004916101285998158,0.0347174794938266,0.03347734284283188,-0.004096431968744639,0.03525716341121409,0.030894906249723686,1784967682.001203,0.10805747252871256,0.11027316074455529,1784967681.9741533,4199.552734375,nan,nan,58.40720748901367,nan
17.363065481185913,1784967682.045847,SMC,circle,circle_smc_tune_base_p01,1784967682.0122013,0.17520537690640434,0.9732518435865464,2.9942099284893744,0.1101044340383145,0.11930672751785427,1784967681.9685392,0.17303017278218946,0.9740621709611108,2.9904572924044293,0.07730770111083984,0,0,1784967682.0410256,0.16748521165751706,0.9390986585973615,3.0256686153945704,1784967682.0410628,0.0026210832195665713,0.03491662811801441,0.03145868690519604,0.00021762377653804406,0.035399808340950974,0.03521132299014118,1784967682.0411046,0.10800946935943004,0.11021251050077369,1784967682.0154185,4199.59423828125,nan,nan,41.522586822509766,nan
17.403955459594727,1784967682.086737,SMC,circle,circle_smc_tune_base_p01,1784967682.0621698,0.17027443013882915,0.973990650889773,2.999146969416823,0.10652459362769831,0.11602070671404989,1784967681.9685392,0.17303017278218946,0.9740621709611108,2.9904572924044293,0.11819767951965332,0,0,1784967682.0809789,0.16319142976162537,0.9395892511243877,3.0299903364715357,1784967682.0811658,0.0021274862125989355,0.035058508276544206,0.0308433670547128,0.004536323812939792,0.03556128277435994,0.03953304406710645,1784967682.08122,0.10799969282373097,0.11019672917770856,1784967682.0697174,4199.6484375,nan,nan,54.211082458496094,nan
17.44331407546997,1784967682.1260955,SMC,circle,circle_smc_tune_base_p01,1784967682.1124768,0.16406876931590214,0.9748956141184647,3.0046288254726643,0.10573306717143138,0.11566032465375041,1784967682.089163,0.16113704148725,0.9753470797261095,3.000663651920631,0.03693246841430664,0,0,1784967682.1210299,0.15892032406753387,0.9400586161814183,3.0342871580657738,1784967682.1210666,0.00034372591367628873,0.035213701399277667,0.02965833259310946,-0.002761981541553418,0.03524997806280153,0.033623506145142645,1784967682.1211138,0.10796075360221202,0.11016240113307957,1784967682.118713,4199.69775390625,nan,nan,49.01724624633789,nan
17.483553647994995,1784967682.166335,SMC,circle,circle_smc_tune_base_p01,1784967682.161991,0.15880846093261775,0.9756138265824988,3.010634434230231,0.10626071986983757,0.11656670872228564,1784967682.089163,0.16113704148725,0.9753470797261095,3.000663651920631,0.07717204093933105,0,0,1784967682.1616204,0.15455139776317595,0.9405195278717747,3.038680333190896,1784967682.161669,0.004734668739884963,0.03535362186305761,0.03405150771823173,0.001628371958710264,0.03540730823136512,0.03801668127026492,1784967682.1617236,0.1080510248199528,0.11031350431937631,1784967682.118713,4199.69775390625,nan,nan,49.01724624633789,nan
17.5230610370636,1784967682.2058425,SMC,circle,circle_smc_tune_base_p01,1784967682.161991,0.15880846093261775,0.9756138265824988,3.010634434230231,0.10626071986983757,0.11656670872228564,1784967682.1719236,0.1521238158574881,0.9766423394246652,3.008535088691683,0.03391885757446289,0,0,1784967682.2011662,0.150292184665761,0.9409501954617666,3.0429612675246975,1784967682.201201,0.003916830151558402,0.03547890535926195,0.03232683329446662,-0.0029196676609869283,0.03561965123692497,0.034426178833014465,1784967682.2012398,0.10803757753366004,0.11026019128845761,1784967682.1679235,4199.7470703125,nan,nan,49.28047180175781,nan
17.563114404678345,1784967682.2458959,SMC,circle,circle_smc_tune_base_p01,1784967682.212621,0.15256774788630373,0.9764902334541613,3.014778646136351,0.10650179885013043,0.1121630719698118,1784967682.1719236,0.1521238158574881,0.9766423394246652,3.008535088691683,0.07397222518920898,0,0,1784967682.2409692,0.14602198972220515,0.9413634941602841,3.047251420074441,1784967682.2410152,0.0020505622842426465,0.035672537864319696,0.03247277393809034,0.001367612973980783,0.035776512408656674,0.038716331382758096,1784967682.2410643,0.10799227652178156,0.11027151039341367,1784967682.2166932,4199.79541015625,nan,nan,48.68035125732422,nan
17.60310173034668,1784967682.2858832,SMC,circle,circle_smc_tune_base_p01,1784967682.2624452,0.14705142438471133,0.9771954766911746,3.0201665663945017,0.10829162173826556,0.11151501387839849,1784967682.1719236,0.1521238158574881,0.9766423394246652,3.008535088691683,0.11395955085754395,0,0,1784967682.2809086,0.14173151970714593,0.9417601433381918,3.051560189300515,1784967682.2809565,0.0009885256122515312,0.035818808644751406,0.03139362290601344,0.005672780653365364,0.03595256573250925,0.04302510060883202,1784967682.2810059,0.10797050876932993,0.11024041438502549,1784967682.2732046,4199.85205078125,nan,nan,56.50636291503906,nan
17.643134355545044,1784967682.3259158,SMC,circle,circle_smc_tune_base_p01,1784967682.3123538,0.14033615349391823,0.9779566525264156,3.0272364468556177,0.11190527252150498,0.11481655155093175,1784967682.291993,0.138119155904226,0.9780896632511744,3.027334056540347,0.03392291069030762,0,0,1784967682.3211637,0.13736685451906028,0.9421445320521947,3.0559417515334864,1784967682.3211954,-0.0011365132091318134,0.03591703004130036,0.028705304677868693,-0.0033507137715176483,0.03579652401431384,0.028607694993139532,1784967682.321232,0.10792823103434919,0.1101540778239723,1784967682.3157368,4199.89453125,nan,nan,42.55091094970703,nan
17.68309187889099,1784967682.3658733,SMC,circle,circle_smc_tune_base_p01,1784967682.36241,0.13482442880422948,0.9785938728813427,3.03245276005774,0.11156719908105928,0.1131143198565951,1784967682.291993,0.138119155904226,0.9780896632511744,3.027334056540347,0.07388043403625488,0,0,1784967682.3614078,0.13305582761562118,0.9425052890069284,3.0602678499755642,1784967682.3614469,0.003187520951873874,0.03605054826859633,0.03303140311994657,0.0009733334015611479,0.03592962017336321,0.03293379343521741,1784967682.3614902,0.10801758788566536,0.11030273171295144,1784967682.3157368,4199.89453125,nan,nan,42.55091094970703,nan
17.72394347190857,1784967682.406725,SMC,circle,circle_smc_tune_base_p01,1784967682.36241,0.13482442880422948,0.9785938728813427,3.03245276005774,0.11156719908105928,0.1131143198565951,1784967682.3800683,0.12833782801538712,0.9794635477043886,3.036581734872289,0.026656627655029297,0,0,1784967682.401273,0.12877154623421627,0.9428452115691822,3.064565598541238,1784967682.4013147,0.0021230048054106552,0.036195262447095644,0.032112838483497885,-0.004269590807180396,0.03637115955181449,0.027983863668948672,1784967682.4013588,0.10799527024330982,0.11027693669768646,1784967682.3711262,4199.94970703125,nan,nan,55.11690902709961,nan
17.763427019119263,1784967682.4462085,SMC,circle,circle_smc_tune_base_p01,1784967682.4120128,0.1287521658378623,0.9792669797455084,3.0380971306031586,0.11042876838194635,0.11211423225011208,1784967682.3800683,0.12833782801538712,0.9794635477043886,3.036581734872289,0.06614017486572266,0,0,1784967682.4411383,0.12447667535375351,0.9431673862150161,3.068872539573648,1784967682.4411807,0.0005231327973848772,0.03634813343244419,0.03077540897048925,3.5391137128958864e-05,0.036500939524982956,0.03229080470135859,1784967682.4412296,0.10796141443066828,0.11023745141343111,1784967682.4158201,4199.99462890625,nan,nan,44.903743743896484,nan
17.80363965034485,1784967682.486421,SMC,circle,circle_smc_tune_base_p01,1784967682.4620636,0.12362545909295632,0.9797959459006418,3.0435515305824343,0.1078044512388704,0.11160327387625714,1784967682.3800683,0.12833782801538712,0.9794635477043886,3.036581734872289,0.1063528060913086,0,0,1784967682.4804358,0.12021829653161131,0.9434684666657341,3.0731415520248193,1784967682.4804733,-0.0001650831579378953,0.03648653521277462,0.029590021442384984,0.004301870990679583,0.03664787246860147,0.036559817152530094,1784967682.4805522,0.10794876070798266,0.11020255188850532,1784967682.47924,4200.05810546875,nan,nan,63.38236999511719,nan
17.843131065368652,1784967682.5259125,SMC,circle,circle_smc_tune_base_p01,1784967682.5119793,0.11716034266594816,0.9803758657921514,3.050876559724131,0.10687485743723742,0.11435515833785684,1784967682.4909103,0.11290091487663123,0.9807885123827501,3.0532841518321523,0.03500223159790039,0,0,1784967682.5204704,0.11590969418534658,0.9437545119197183,3.077459642463662,1784967682.52055,-0.0020720855402262778,0.03658406951920454,0.026583082739530806,-0.006263223197999039,0.03662433587652401,0.0241754906315097,1784967682.520605,0.10791211253859248,0.11010557174195784,1784967682.5165532,4200.095703125,nan,nan,37.446170806884766,nan
17.883037090301514,1784967682.5658185,SMC,circle,circle_smc_tune_base_p01,1784967682.5618463,0.11184009236971286,0.9808508823110865,3.0570417000668377,0.10695298420305335,0.11585988578110658,1784967682.4909103,0.11290091487663123,0.9807885123827501,3.0532841518321523,0.07490825653076172,0,0,1784967682.5610962,0.11153797782181318,0.944025655807526,3.081839762741067,1784967682.561135,0.0023062182251706296,0.03671008185587196,0.030963203016936,-0.001884628736000184,0.036739806688567925,0.0285556109089149,1784967682.5611815,0.10800358249660191,0.11025577616242693,1784967682.5165532,4200.095703125,nan,nan,37.446170806884766,nan
17.92374324798584,1784967682.6065247,SMC,circle,circle_smc_tune_base_p01,1784967682.5618463,0.11184009236971286,0.9808508823110865,3.0570417000668377,0.10695298420305335,0.11585988578110658,1784967682.5687299,0.10348330303869774,0.9817480111514734,3.0666115110323235,0.03779482841491699,0,0,1784967682.6009724,0.10725088324835041,0.9442728907735154,3.0861339836654444,1784967682.6010156,0.001483794583361753,0.03683488372340285,0.029092283598606716,-0.006564289280386937,0.03708759110837484,0.019522472633120902,1784967682.6010733,0.1079899108012717,0.11019757224406698,1784967682.567986,4200.14599609375,nan,nan,50.65053176879883,nan
17.96348261833191,1784967682.646264,SMC,circle,circle_smc_tune_base_p01,1784967682.6122708,0.1052871900093798,0.9813850518713371,3.064073639196429,0.10688443216026142,0.1154621543808917,1784967682.5687299,0.10348330303869774,0.9817480111514734,3.0666115110323235,0.07753419876098633,0,0,1784967682.6406069,0.1029544089814689,0.9445021417328515,3.0904365730819485,1784967682.6406393,-0.000530488726404663,0.03695280110247312,0.026362933885519357,-0.0022627137177258423,0.03718083705760828,0.02382506204962498,1784967682.6406782,0.1079497402128704,0.11011052449959975,1784967682.6159728,4200.19482421875,nan,nan,48.809532165527344,nan
18.003403186798096,1784967682.6861846,SMC,circle,circle_smc_tune_base_p01,1784967682.6621335,0.09972573088310693,0.9818206367241484,3.06955111157035,0.1086356610030548,0.11455401818798003,1784967682.5687299,0.10348330303869774,0.9817480111514734,3.0666115110323235,0.11745476722717285,0,0,1784967682.6814322,0.09858157415844948,0.9447164378044521,3.0948146591720365,1784967682.6814725,-0.0015295431987890856,0.037090310994732964,0.025263547601686476,0.0021138875614014415,0.03729471611299683,0.028203148139712923,1784967682.6815214,0.10792882746708485,0.11007846195321398,1784967682.6687455,4200.24755859375,nan,nan,52.72149658203125,nan
18.043004512786865,1784967682.725786,SMC,circle,circle_smc_tune_base_p01,1784967682.71313,0.09253803183871685,0.9823245269394804,3.077166941787929,0.11229461747893424,0.11806224688159042,1784967682.6886,0.08930604450905712,0.9827424581825839,3.0778072108774674,0.0371859073638916,0,0,1784967682.7203975,0.09434040907786623,0.9449059542669362,3.0990600596008084,1784967682.7204323,-0.0042076888356654156,0.03722490428765245,0.021893117812879392,-0.007435908630298526,0.03743865806906481,0.02125284872334099,1784967682.7204714,0.10787313383693414,0.1099706007366844,1784967682.7162871,4200.29541015625,nan,nan,47.5100212097168,nan
18.083733558654785,1784967682.766515,SMC,circle,circle_smc_tune_base_p01,1784967682.7623446,0.08698996033219988,0.9826849933648388,3.082542533305458,0.11250259348721561,0.11663256627175778,1784967682.6886,0.08930604450905712,0.9827424581825839,3.0778072108774674,0.07791495323181152,0,0,1784967682.7613857,0.08993321117662056,0.9450837806281313,3.1034708471832055,1784967682.7614255,0.00020181447769220592,0.0373311873294239,0.026303905395276495,-0.003026338171024966,0.03754211782057232,0.02566363630573809,1784967682.7614706,0.10796748334794343,0.11012116975749,1784967682.7162871,4200.29541015625,nan,nan,47.5100212097168,nan
18.12417960166931,1784967682.806961,SMC,circle,circle_smc_tune_base_p01,1784967682.7623446,0.08698996033219988,0.9826849933648388,3.082542533305458,0.11250259348721561,0.11663256627175778,1784967682.768464,0.0793017708054317,0.9835065225677447,3.089247609779753,0.038496971130371094,0,0,1784967682.8006191,0.08570242809097328,0.9452361760071538,3.107704377227761,1784967682.8006635,-0.0009247841225566672,0.03745953063091042,0.025161843922302918,-0.008394238643592143,0.03788303838328064,0.01845676744800784,1784967682.8007076,0.1079436185917588,0.11008737915177377,1784967682.7801921,4200.35888671875,nan,nan,63.705787658691406,nan
18.16325545310974,1784967682.846037,SMC,circle,circle_smc_tune_base_p01,1784967682.8123143,0.08016564186322966,0.9830993248918886,3.0894738174124283,0.11347446173429193,0.11739000755431551,1784967682.768464,0.0793017708054317,0.9835065225677447,3.089247609779753,0.07757282257080078,0,0,1784967682.8412073,0.0813287069441232,0.9453748708059925,3.1120803003844997,1784967682.8412552,-0.003126750407446581,0.037612638678385865,0.02260648297207135,-0.0040192514641815644,0.03797337164194868,0.022832690604746464,1784967682.8413005,0.10789736229958205,0.11000730405501524,1784967682.816452,4200.3955078125,nan,nan,36.51606369018555,nan
18.20308542251587,1784967682.8858669,SMC,circle,circle_smc_tune_base_p01,1784967682.8618765,0.07451675000537845,0.9833947064216646,3.095059266996744,0.1136940621071643,0.11663820592080001,1784967682.768464,0.0793017708054317,0.9835065225677447,3.089247609779753,0.11740279197692871,0,0,1784967682.8812118,0.0769995448309938,0.9454932897542144,3.1164110851821683,1784967682.881248,-0.004243152086673307,0.037744897879251595,0.02135181818542442,0.0003101768578515655,0.038081621600056466,0.027163475402415038,1784967682.8812888,0.10787354667765738,0.1099698905354892,1784967682.866501,4200.4453125,nan,nan,50.00276184082031,nan
18.243731021881104,1784967682.9265125,SMC,circle,circle_smc_tune_base_p01,1784967682.9120257,0.06806644886199356,0.983729320565656,3.101075127202108,0.11242371975492255,0.1145338278797176,1784967682.8893907,0.06558741385039882,0.9842743868331433,3.1034953119299615,0.03712177276611328,0,0,1784967682.9210584,0.07271269633044264,0.9455920658171404,3.120699074798562,1784967682.9210925,-0.006187238655906359,0.03791775168843879,0.019623947596453917,-0.008593449398924986,0.03838286384617013,0.01720376286860059,1784967682.921182,0.10783071157636587,0.10991805664282976,1784967682.9165552,4200.49560546875,nan,nan,50.024940490722656,nan
18.283360242843628,1784967682.9661417,SMC,circle,circle_smc_tune_base_p01,1784967682.9620209,0.06249728008858049,0.983950439219566,3.1068962647664704,0.11208645244005615,0.11483899338863068,1784967682.8893907,0.06558741385039882,0.9842743868331433,3.1034953119299615,0.0767509937286377,0,0,1784967682.9606564,0.0684142128382822,0.9456726458473499,3.1249983168182154,1784967682.9606893,-0.0018890190163942592,0.03801135406104159,0.023923189616107177,-0.004295015812563529,0.03846606346927131,0.02150300488825385,1784967682.9607253,0.10792375979147305,0.11006448478923829,1784967682.9165552,4200.49560546875,nan,nan,50.024940490722656,nan
18.323274612426758,1784967683.006056,SMC,circle,circle_smc_tune_base_p01,1784967682.9620209,0.06249728008858049,0.983950439219566,3.1068962647664704,0.11208645244005615,0.11483899338863068,1784967682.9680104,0.05665332033891483,0.9846366353040467,3.111748995742098,0.038045644760131836,0,0,1784967683.0010443,0.06406585914834384,0.9457353531589218,3.129347126060464,1784967683.001084,-0.002893294463175839,0.03813767284508236,0.02245086129399354,-0.008570022316834371,0.03866277539992266,0.01759813031836588,1784967683.0011296,0.10790334385278987,0.11001961780463586,1784967682.96684,4200.5458984375,nan,nan,50.291526794433594,nan
18.363011360168457,1784967683.0457928,SMC,circle,circle_smc_tune_base_p01,1784967683.012845,0.0559402679734073,0.9842088986066402,3.1142901412823707,0.11253005825869468,0.1181320582792848,1784967682.9680104,0.05665332033891483,0.9846366353040467,3.111748995742098,0.07778239250183105,0,0,1784967683.0407102,0.059769028156263615,0.9457787397395698,3.133644179397561,1784967683.040749,-0.00487644277553164,0.03831131452904034,0.01935403811519043,-0.004273810033851943,0.03874762225862927,0.021895183655463057,1784967683.0407944,0.1078627387500374,0.10992217842147436,1784967683.017548,4200.59619140625,nan,nan,50.72441864013672,nan
18.40332794189453,1784967683.0861094,SMC,circle,circle_smc_tune_base_p01,1784967683.0622215,0.050571286046889624,0.9843426516206075,3.120691029608035,0.11122128485283227,0.11997040432139203,1784967682.9680104,0.05665332033891483,0.9846366353040467,3.111748995742098,0.11809897422790527,0,0,1784967683.0812538,0.05541251862492713,0.9458038778690065,3.1380007649001858,1784967683.0813055,-0.005645639409239902,0.038429173433897554,0.01730973529215074,8.15096944983473e-05,0.0388524902042559,0.02625176915808769,1784967683.081358,0.10784832520362982,0.10985796362420161,1784967683.0675552,4200.646484375,nan,nan,50.044219970703125,nan
18.443419933319092,1784967683.1262014,SMC,circle,circle_smc_tune_base_p01,1784967683.1121974,0.0442434577458297,0.984554900799941,3.1262283958578396,0.10933688520799735,0.11950608434106522,1784967683.0893397,0.041187159368170266,0.9850506809191091,3.1219283219887815,0.03686165809631348,0,0,1784967683.1204147,0.05115237167409703,0.9458101054045123,-3.14092438755528,1784967683.120453,-0.007503360085727203,0.03863407627115936,0.016032523766466935,-0.010734875624006863,0.03903704225932175,0.020332597635525106,1784967683.120577,0.10780603939706783,0.1098222200012542,1784967683.118883,4200.69775390625,nan,nan,51.047386169433594,nan
18.483625888824463,1784967683.1664073,SMC,circle,circle_smc_tune_base_p01,1784967683.162586,0.039337229923691534,0.9846392943212368,3.1308882371033953,0.10504442808252198,0.11508155397026013,1784967683.0893397,0.041187159368170266,0.9850506809191091,3.1219283219887815,0.07706761360168457,0,0,1784967683.1614015,0.04679302638805172,0.945797690176839,-3.136565021138349,1784967683.1614482,-0.0031447200672433816,0.03871346550289148,0.02039189018339751,-0.0063766172809811995,0.039135173173364464,0.024691964052456574,1784967683.161498,0.1079020727204844,0.1099701785228763,1784967683.118883,4200.69775390625,nan,nan,51.047386169433594,nan
18.52294111251831,1784967683.2057226,SMC,circle,circle_smc_tune_base_p01,1784967683.162586,0.039337229923691534,0.9846392943212368,3.1308882371033953,0.10504442808252198,0.11508155397026013,1784967683.1687102,0.030720473669611524,0.9851543987706198,3.1331367634589338,0.037012338638305664,0,0,1784967683.2004683,0.0425106861659984,0.945766990156736,-3.1322825676013615,1784967683.2005005,-0.003589371816612395,0.038836107754786714,0.020014502474829745,-0.01212284261731679,0.039286304928088774,0.01776597611929123,1784967683.2005382,0.10789222446177929,0.10996168700765388,1784967683.1684792,4200.7470703125,nan,nan,49.77461242675781,nan
18.563034296035767,1784967683.2458158,SMC,circle,circle_smc_tune_base_p01,1784967683.2119012,0.03292681044612,0.9847592164476208,3.136955956246967,0.10502700310384705,0.11573044747320325,1784967683.1687102,0.030720473669611524,0.9851543987706198,3.1331367634589338,0.07710552215576172,0,0,1784967683.2408836,0.03815943797590826,0.9457170101516863,-3.127931028943219,1784967683.2409225,-0.005413597527400909,0.0390175245899983,0.018298321989400422,-0.007772172608338299,0.0393730763844704,0.02211751477743309,1784967683.2409668,0.10785199342010067,0.10991052821931328,1784967683.2174141,4200.79638671875,nan,nan,49.14814758300781,nan
18.603276014328003,1784967683.2860575,SMC,circle,circle_smc_tune_base_p01,1784967683.2627802,0.02732708024385559,0.9847722914286071,-3.1394723688452313,0.10683904723036788,0.11853253406725119,1784967683.1687102,0.030720473669611524,0.9851543987706198,3.1331367634589338,0.11734724044799805,0,0,1784967683.2809155,0.033824899548450915,0.9456483922874811,-3.1235959440280583,1784967683.2809525,-0.006414850954436431,0.03913758841513538,0.015876424817172996,-0.0034383693624159685,0.03947834373945552,0.026452599692594416,1784967683.280995,0.10783243257628851,0.10983380044107695,1784967683.273628,4200.8525390625,nan,nan,56.04716491699219,nan
18.644039630889893,1784967683.326821,SMC,circle,circle_smc_tune_base_p01,1784967683.3121467,0.02063739212116953,0.9848305485975934,-3.1344354687072493,0.10832792159879717,0.11704010812266724,1784967683.2905376,0.01664929378649955,0.985128401343238,-3.1386638065653347,0.03628349304199219,0,0,1784967683.3208957,0.02950766381294523,0.9455613633014425,-3.119277827840009,1784967683.3209386,-0.00858899008178035,0.03933166514507663,0.015157640867240474,-0.012742429240049964,0.039604528480973095,0.019385978725325884,1784967683.3209865,0.10778145775543702,0.10981631020041056,1784967683.3175366,4200.896484375,nan,nan,43.96097946166992,nan
18.682942390441895,1784967683.3657238,SMC,circle,circle_smc_tune_base_p01,1784967683.3620436,0.015046545039612617,0.9847844421636018,-3.1282721038060326,0.10963196112314331,0.11808518280397239,1784967683.2905376,0.01664929378649955,0.985128401343238,-3.1386638065653347,0.07518625259399414,0,0,1784967683.3608139,0.025204486369549972,0.9454560561850169,-3.1149733587314272,1784967683.3608503,-0.0042851691576155995,0.039406171190719035,0.019462109975822095,-0.008438961825287679,0.03969723181529718,0.0236904478339075,1784967683.3608887,0.10787670280468759,0.1099622760388847,1784967683.3175366,4200.896484375,nan,nan,43.96097946166992,nan
18.723122596740723,1784967683.405904,SMC,circle,circle_smc_tune_base_p01,1784967683.3620436,0.015046545039612617,0.9847844421636018,-3.1282721038060326,0.10963196112314331,0.11808518280397239,1784967683.3802068,0.007641537119177366,0.9852370356429201,-3.1266357622593133,0.02569723129272461,0,0,1784967683.4008183,0.0208972723881915,0.9453320870768962,-3.1106643577624946,1784967683.400861,-0.005324696769534859,0.03952678758395908,0.017607746043537986,-0.012657420859739001,0.04009874230893833,0.015971404496818664,1784967683.4009097,0.10785546594314836,0.1099044844542499,1784967683.3673449,4200.9462890625,nan,nan,49.683921813964844,nan
18.763144493103027,1784967683.445926,SMC,circle,circle_smc_tune_base_p01,1784967683.4122248,0.008579832488268884,0.9847707805912469,-3.122088254127796,0.1105637571738534,0.11934214367512332,1784967683.3802068,0.007641537119177366,0.9852370356429201,-3.1266357622593133,0.0657191276550293,0,0,1784967683.4407978,0.01656410163550248,0.9451886237695601,-3.1063288093616155,1784967683.44083,-0.007210773251254301,0.03973034660799053,0.015759444766180408,-0.008322589096697685,0.04017738122194864,0.020306952897697794,1784967683.4408662,0.10781353027417566,0.10984965971247236,1784967683.4171531,4200.99609375,nan,nan,49.97697448730469,nan
18.804362773895264,1784967683.4871442,SMC,circle,circle_smc_tune_base_p01,1784967683.462183,0.003274660503122525,0.9846647914987097,-3.1163308845443987,0.10902109122251594,0.11867401332064281,1784967683.3802068,0.007641537119177366,0.9852370356429201,-3.1266357622593133,0.10693740844726562,0,0,1784967683.4807615,0.012257682838314521,0.9450274085151802,-3.1020193706561714,1784967683.4808362,-0.007978952279415074,0.03985163912037205,0.014311513888227267,-0.0040142407928486536,0.040274170207581124,0.024616391603141885,1784967683.480884,0.1077974450848645,0.10980543843361998,1784967683.467893,4201.046875,nan,nan,50.76893615722656,nan
18.84317660331726,1784967683.525958,SMC,circle,circle_smc_tune_base_p01,1784967683.512246,-0.003358051153691831,0.9844933548336404,-3.1115520923834543,0.10826023927996668,0.11706661159848668,1784967683.4909272,-0.00792215843035024,0.9841132112629404,-3.117583785814422,0.03503084182739258,0,0,1784967683.5205781,0.00796213419693026,0.9448480815715272,-3.0977200771381046,1784967683.520616,-0.01012429072948675,0.039967399535432574,0.013832015245349716,-0.014937094047305791,0.03963514076390438,0.019863708676317593,1784967683.520658,0.10774668565634393,0.10979331382602607,1784967683.467893,4201.046875,nan,nan,50.76893615722656,nan
18.883419513702393,1784967683.566201,SMC,circle,circle_smc_tune_base_p01,1784967683.5620642,-0.008390623316419904,0.9843381866584484,-3.1061433780816112,0.10555910358892932,0.11564574197752181,1784967683.4909272,-0.00792215843035024,0.9841132112629404,-3.117583785814422,0.07527375221252441,0,0,1784967683.5606232,0.003634887015839805,0.9446487207452205,-3.093388236622968,1784967683.5606592,-0.005793007921528794,0.040036697030400345,0.018163855760486403,-0.010606308006724845,0.03973056180995916,0.02419554919145428,1784967683.5606976,0.1078431523142784,0.10994001842636289,1784967683.526962,4201.10595703125,nan,nan,59.04307174682617,nan
18.92304825782776,1784967683.6058297,SMC,circle,circle_smc_tune_base_p01,1784967683.5620642,-0.008390623316419904,0.9843381866584484,-3.1061433780816112,0.10555910358892932,0.11564574197752181,1784967683.5667477,-0.018003108414751424,0.9842645779483334,-3.0996565474371542,0.03908205032348633,0,0,1784967683.601103,-0.000713106874921543,0.9444294781627843,-3.0890347152759223,1784967683.6011438,-0.006258254450204191,0.04015574085654338,0.0171086628056889,-0.015604760975676934,0.040524940013082864,0.010621832161231914,1784967683.601194,0.10783399613621591,0.10990881345540775,1784967683.5699286,4201.14892578125,nan,nan,42.804874420166016,nan
18.963249683380127,1784967683.6460311,SMC,circle,circle_smc_tune_base_p01,1784967683.6125493,-0.015152998045567469,0.9840993928206535,-3.098932512460809,0.10576866555992621,0.11738126087779188,1784967683.5667477,-0.018003108414751424,0.9842645779483334,-3.0996565474371542,0.07928347587585449,0,0,1784967683.6411295,-0.005046094484470576,0.9441921067608061,-3.084695227246442,1784967683.641167,-0.00839577411703792,0.040302009344838866,0.014237285214366848,-0.011265631369083921,0.040580447347467866,0.014961320190712168,1784967683.641205,0.1077875557904083,0.10981797648530686,1784967683.61766,4201.1962890625,nan,nan,47.77909469604492,nan
19.003422498703003,1784967683.686204,SMC,circle,circle_smc_tune_base_p01,1784967683.6628726,-0.020549948439919447,0.983861798758063,-3.092669404265366,0.106332847631848,0.11853242964382311,1784967683.5667477,-0.018003108414751424,0.9842645779483334,-3.0996565474371542,0.11945629119873047,0,0,1784967683.6807976,-0.009326455057334204,0.9439390944616517,-3.0804073921252875,1784967683.6808326,-0.009257695062782265,0.040423807393319224,0.012262012140078495,-0.0069784268039433574,0.04065378815389073,0.019249155311866772,1784967683.6808717,0.1077696961453721,0.1097561939844466,1784967683.6677752,4201.24658203125,nan,nan,50.164634704589844,nan
19.043524742126465,1784967683.7263062,SMC,circle,circle_smc_tune_base_p01,1784967683.7122774,-0.0272211046673184,0.9835580842089283,-3.088036953762446,0.10575264266704819,0.11515254403661562,1784967683.688032,-0.03266482538610799,0.9832744768841575,-3.091370643975381,0.038274288177490234,0,0,1784967683.7208295,-0.013616277349507211,0.9436670369215319,-3.076108948331037,1784967683.7208722,-0.011449949380501841,0.04056212074357931,0.011928005431409261,-0.01703620134226957,0.04051375478181863,0.015261695644344098,1784967683.7209835,0.1077175183310274,0.10974967087249962,1784967683.7177222,4201.296875,nan,nan,49.96712875366211,nan
19.08315110206604,1784967683.7659326,SMC,circle,circle_smc_tune_base_p01,1784967683.7625532,-0.032570931531966545,0.9832680010101357,-3.082225074144162,0.10603379250695256,0.11522149264829888,1784967683.688032,-0.03266482538610799,0.9832744768841575,-3.091370643975381,0.07790064811706543,0,0,1784967683.761032,-0.01796569049762331,0.9433722908812786,-3.071749556164899,1784967683.7610645,-0.00709099447769109,0.04062361965830375,0.01628739759754705,-0.012677475678988576,0.04058978473319196,0.019621087810481885,1784967683.7611,0.10781549136590461,0.10989703390852835,1784967683.7177222,4201.296875,nan,nan,49.96712875366211,nan
19.123146057128906,1784967683.8059275,SMC,circle,circle_smc_tune_base_p01,1784967683.7625532,-0.032570931531966545,0.9832680010101357,-3.082225074144162,0.10603379250695256,0.11522149264829888,1784967683.7675562,-0.04253714406451304,0.982569620885271,-3.0805495947549035,0.03837132453918457,0,0,1784967683.8009288,-0.02226278010477656,0.9430623766803434,-3.067441301922956,1784967683.800965,-0.00790448244441507,0.04074640316494445,0.014783772221206082,-0.017826456383865277,0.04067050075218885,0.013108292831947477,1784967683.8010042,0.10779849040055167,0.10985100584620501,1784967683.7709868,4201.35009765625,nan,nan,53.25067138671875,nan
19.163669109344482,1784967683.8464506,SMC,circle,circle_smc_tune_base_p01,1784967683.8123572,-0.03968725626961882,0.9828268522991302,-3.0756024733436886,0.10896258409353979,0.11774647296046997,1784967683.7675562,-0.04253714406451304,0.982569620885271,-3.0805495947549035,0.07889437675476074,0,0,1784967683.840555,-0.02653487823279077,0.9427358089230142,-3.063156736951032,1784967683.840588,-0.010480055620127745,0.04087108074431458,0.01244573639265667,-0.013542392931310814,0.04073584025017184,0.017392857803871564,1784967683.840628,0.10774011436994914,0.10977722723789904,1784967683.8195655,4201.3984375,nan,nan,48.596351623535156,nan
19.20299196243286,1784967683.8857734,SMC,circle,circle_smc_tune_base_p01,1784967683.8620305,-0.0450797686461456,0.9824734888350771,-3.070303727768612,0.10889118278731418,0.1159616598273265,1784967683.7675562,-0.04253714406451304,0.982569620885271,-3.0805495947549035,0.11821722984313965,0,0,1784967683.8805842,-0.03084623648270779,0.9423875649984218,-3.058831333737531,1784967683.8806193,-0.011342116727634317,0.040997940385127496,0.011472394031081024,-0.009217820122800272,0.040820420472649256,0.02171826101737251,1784967683.8806581,0.10772068202194926,0.10974901114720695,1784967683.8718016,4201.45068359375,nan,nan,52.22028732299805,nan
19.24303960800171,1784967683.925821,SMC,circle,circle_smc_tune_base_p01,1784967683.9130085,-0.052116093069801805,0.9819300224207191,-3.063439664566224,0.10987397657577402,0.11698997228193649,1784967683.8872569,-0.056516533788703326,0.9815560438303911,-3.062968627910633,0.038564205169677734,0,0,1784967683.920511,-0.03514696743193424,0.9420214687969746,-3.054515045743146,1784967683.920549,-0.013801530570134614,0.04111157539154477,0.008924618823078045,-0.018198383937607254,0.04109087260461421,0.008453582167486928,1784967683.9205909,0.107664462258523,0.10966787314048743,1784967683.9206593,4201.49755859375,nan,nan,46.83478546142578,nan
19.28344988822937,1784967683.9662313,SMC,circle,circle_smc_tune_base_p01,1784967683.9634151,-0.057577623847784164,0.9814975825203518,-3.057493159965307,0.1094383608051436,0.11714144480765978,1784967683.8872569,-0.056516533788703326,0.9815560438303911,-3.062968627910633,0.07897448539733887,0,0,1784967683.961001,-0.039492489601006264,0.9416325582061353,-3.0501521516849186,1784967683.9610379,-0.009438909039145519,0.04116002894573552,0.013287512881305473,-0.01383574006719836,0.04113727119885006,0.012816476225714357,1784967683.9610822,0.10776393219141413,0.10981491806090136,1784967683.9206593,4201.49755859375,nan,nan,46.83478546142578,nan
19.323549032211304,1784967684.0063305,SMC,circle,circle_smc_tune_base_p01,1784967683.9634151,-0.057577623847784164,0.9814975825203518,-3.057493159965307,0.1094383608051436,0.11714144480765978,1784967683.9699125,-0.06495332913792629,0.9808510968107064,-3.0583113237962714,0.03641796112060547,0,0,1784967684.000874,-0.043768068980109875,0.9412312442687057,-3.045857776265302,1784967684.0009174,-0.010378359805736731,0.04128403383369834,0.01163538370000472,-0.017816053341735267,0.04124483248515722,0.012453547530969278,1784967684.0009646,0.10774360881083171,0.10976398058445677,1784967683.9751856,4201.552734375,nan,nan,55.11357879638672,nan
19.36320424079895,1784967684.0459857,SMC,circle,circle_smc_tune_base_p01,1784967684.0121746,-0.06388425354865546,0.9809756864983492,-3.05210660029088,0.10909389569554599,0.11687641213095423,1784967683.9699125,-0.06495332913792629,0.9808510968107064,-3.0583113237962714,0.07607316970825195,0,0,1784967684.0409837,-0.048092204067127664,0.9408065216810554,-3.041512829404035,1784967684.0410185,-0.01213907771678785,0.041419722610511564,0.010593770886845098,-0.013471574626161147,0.04130837945331609,0.016798494392236574,1784967684.0410583,0.10770260188046836,0.10973378311657855,1784967684.0180588,4201.59716796875,nan,nan,44.38243103027344,nan
19.403103351593018,1784967684.0858848,SMC,circle,circle_smc_tune_base_p01,1784967684.0619435,-0.06907555570876024,0.9805019352478165,-3.0461143542793474,0.10751473156553643,0.11741844913411473,1784967683.9699125,-0.06495332913792629,0.9808510968107064,-3.0583113237962714,0.11597228050231934,0,0,1784967684.0814211,-0.052387742781558666,0.9403658140473715,-3.037194738965192,1784967684.0814662,-0.012785497862545741,0.0415442218571599,0.008919615314155305,-0.009154263453864392,0.04139023485707412,0.021116584831079255,1784967684.081511,0.10768885186476553,0.10968212790571051,1784967684.0760615,4201.65478515625,nan,nan,57.93744659423828,nan
19.443413496017456,1784967684.126195,SMC,circle,circle_smc_tune_base_p01,1784967684.1120687,-0.07532938058103811,0.9799245632967208,-3.041284823321468,0.1050021913674248,0.11401929320595643,1784967684.088583,-0.07942189801385924,0.9795905254286428,-3.043598842500261,0.037611961364746094,0,0,1784967684.1209958,-0.05668970871647683,0.9399056484345165,-3.03286822853581,1784967684.1210334,-0.01453849513509253,0.041684326468995114,0.008416594785658038,-0.01874047910081261,0.04171853707122249,0.010730613964450963,1784967684.1210794,0.10764725082967908,0.10967003070848844,1784967684.1187906,4201.69775390625,nan,nan,42.60930252075195,nan
19.48314642906189,1784967684.165928,SMC,circle,circle_smc_tune_base_p01,1784967684.1627588,-0.08068038859905614,0.9793856189604783,-3.0357413400190043,0.10537130562321598,0.11324412308194387,1784967684.088583,-0.07942189801385924,0.9795905254286428,-3.043598842500261,0.07734489440917969,0,0,1784967684.1607802,-0.060954822449426516,0.9394308274750282,-3.0285767627765323,1784967684.160817,-0.010247272050405563,0.04172965345891451,0.012708060544935673,-0.014449372392624327,0.04177379390344254,0.015022079723728599,1784967684.160858,0.10774534486880026,0.10981459046679501,1784967684.1187906,4201.69775390625,nan,nan,42.60930252075195,nan
19.523546934127808,1784967684.2063284,SMC,circle,circle_smc_tune_base_p01,1784967684.1627588,-0.08068038859905614,0.9793856189604783,-3.0357413400190043,0.10537130562321598,0.11324412308194387,1784967684.1674743,-0.08948581160985575,0.9785009190394488,-3.033907661369537,0.038854122161865234,0,0,1784967684.2009728,-0.06525895372886614,0.9389328635712313,-3.0242439180423406,1784967684.2010164,-0.011061135231728225,0.04185567296583801,0.011497421976663702,-0.019833869943164908,0.04194269017837584,0.009663743327196439,1784967684.2010634,0.10772739453461899,0.10977843649808339,1784967684.1730397,4201.74853515625,nan,nan,50.82767868041992,nan
19.56387186050415,1784967684.2466533,SMC,circle,circle_smc_tune_base_p01,1784967684.2123625,-0.08770659914393458,0.9786430770680156,-3.0294286792549006,0.10949919292787112,0.11500620672632758,1784967684.1674743,-0.08948581160985575,0.9785009190394488,-3.033907661369537,0.07917904853820801,0,0,1784967684.2409937,-0.0695465996227751,0.9384180023068518,-3.019925467114606,1784967684.2410338,-0.013543536077576173,0.04200493843186918,0.009503212140294705,-0.015515724189428785,0.041993745859777984,0.01398219425493119,1784967684.241077,0.10767007837462733,0.10971693835240547,1784967684.2215915,4201.80078125,nan,nan,52.152645111083984,nan
19.60338306427002,1784967684.2861645,SMC,circle,circle_smc_tune_base_p01,1784967684.262279,-0.09340644116909251,0.9780056313849493,-3.0242243738647616,0.11144187546024037,0.11326788252747502,1784967684.1674743,-0.08948581160985575,0.9785009190394488,-3.033907661369537,0.11869025230407715,0,0,1784967684.2813957,-0.07387752896773159,0.9378788600501798,-3.0155611053516056,1784967684.281432,-0.014695753256754061,0.04213752514965662,0.00866326851315602,-0.011151936052892917,0.04206428991242178,0.018346556017931448,1784967684.281476,0.10764324912723372,0.10969335978876042,1784967684.2716982,4201.8486328125,nan,nan,47.8547477722168,nan
19.643290519714355,1784967684.326072,SMC,circle,circle_smc_tune_base_p01,1784967684.3118715,-0.1003466573931441,0.9771858639988767,-3.0174098137330683,0.11390861934164441,0.11559782895678197,1784967684.2869174,-0.10332941710291366,0.9770233615825105,-3.0178419451264347,0.0391545295715332,0,0,1784967684.320452,-0.07807815463136514,0.9373375868982484,-3.011325747113385,1784967684.320495,-0.01716125450623726,0.04229967785825288,0.006084066619683082,-0.02015953991917683,0.0424991755089927,0.006516198013049478,1784967684.3205426,0.10758613104121792,0.10961279148259787,1784967684.2716982,4201.8486328125,nan,nan,47.8547477722168,nan
19.683393478393555,1784967684.366175,SMC,circle,circle_smc_tune_base_p01,1784967684.361782,-0.10602058030789432,0.9764586819033819,-3.010832973142865,0.11416508304139707,0.11830879041562856,1784967684.2869174,-0.10332941710291366,0.9770233615825105,-3.0178419451264347,0.07925748825073242,0,0,1784967684.3605604,-0.08236649782609451,0.9367663381469098,-3.0069995199252753,1784967684.3605928,-0.012835177817251416,0.042335356601237314,0.010410293807793016,-0.015833479052015882,0.04253672368213509,0.010842425201159411,1784967684.360635,0.10768610357751125,0.10975818834696768,1784967684.3405073,4201.91943359375,nan,nan,70.82318115234375,nan
19.72381281852722,1784967684.4065943,SMC,circle,circle_smc_tune_base_p01,1784967684.361782,-0.10602058030789432,0.9764586819033819,-3.010832973142865,0.11416508304139707,0.11830879041562856,1784967684.37659,-0.11216028223022234,0.9759359716976473,-3.0105515045564624,0.030004262924194336,0,0,1784967684.4009988,-0.08668522594549222,0.9361719423219239,-3.0026400762607244,1784967684.401036,-0.013917408664973586,0.04246390291148466,0.008192896882140754,-0.020060819038044728,0.042751842819069054,0.007911428295737988,1784967684.4010768,0.1076623575401123,0.10968855999312084,1784967684.3757548,4201.953125,nan,nan,33.788856506347656,nan
19.762990474700928,1784967684.445772,SMC,circle,circle_smc_tune_base_p01,1784967684.4119399,-0.11208025671340091,0.9757081837511432,-3.0054686857183808,0.11172436558877079,0.11714110079454097,1784967684.37659,-0.11216028223022234,0.9759359716976473,-3.0105515045564624,0.06918191909790039,0,0,1784967684.4406197,-0.09093480501174556,0.9355683211287223,-2.9983478380252504,1784967684.4406557,-0.015502705630157047,0.042638067699633804,0.007120847693130372,-0.01576880118454941,0.042795011447703354,0.012203666531211965,1784967684.4406967,0.10762519692696546,0.10965863051309213,1784967684.4244711,4202.00341796875,nan,nan,50.34001159667969,nan
19.804125547409058,1784967684.486907,SMC,circle,circle_smc_tune_base_p01,1784967684.4622965,-0.11728581872347478,0.9749884165913003,-2.9997708770254663,0.10905430101629231,0.11648959520662137,1784967684.37659,-0.11216028223022234,0.9759359716976473,-3.0105515045564624,0.11031699180603027,0,0,1784967684.4818273,-0.09531928777458232,0.9349260157316351,-2.993916554074445,1784967684.4818718,-0.016083296443573286,0.0427650794466384,0.005854322951021285,-0.01133798151939559,0.04285890523164354,0.016634950482017352,1784967684.4819226,0.10761215014339053,0.10962064674658865,1784967684.4706478,4202.0498046875,nan,nan,46.23495864868164,nan
19.843711853027344,1784967684.5264933,SMC,circle,circle_smc_tune_base_p01,1784967684.512226,-0.1234791330107029,0.9741249466836339,-2.9940683461368836,0.1083099546327465,0.11559297317612417,1784967684.4886022,-0.1258230413225309,0.9739720682169678,-2.995666976330479,0.03789114952087402,0,0,1784967684.522728,-0.09964254523129612,0.9342732284678229,-2.9895442873050357,1784967684.522764,-0.01771987956307388,0.04292258414853333,0.00452405883184781,-0.020129700651019135,0.04308377194155365,0.0061226890254433295,1784967684.5228062,0.10757361766852233,0.10958155476601271,1784967684.52246,4202.099609375,nan,nan,49.99549865722656,nan
19.883711099624634,1784967684.5664926,SMC,circle,circle_smc_tune_base_p01,1784967684.5618618,-0.12889639054994054,0.9733157195383684,-2.988306024257035,0.1090174487665765,0.11566419375212045,1784967684.4886022,-0.1258230413225309,0.9739720682169678,-2.995666976330479,0.07789039611816406,0,0,1784967684.5606964,-0.10375212514934051,0.9336347642455378,-2.9853854042102483,1784967684.560731,-0.013561090141692766,0.04295004711524124,0.008682941926635213,-0.01597096044688556,0.043117883236675175,0.010281572120230729,1784967684.5607743,0.10767046261423104,0.10972109963472922,1784967684.52246,4202.099609375,nan,nan,49.99549865722656,nan
19.923092365264893,1784967684.6058738,SMC,circle,circle_smc_tune_base_p01,1784967684.5618618,-0.12889639054994054,0.9733157195383684,-2.988306024257035,0.1090174487665765,0.11566419375212045,1784967684.5682094,-0.1351269778901127,0.9724427807364172,-2.987593588033442,0.03766441345214844,0,0,1784967684.600676,-0.10802115870624629,0.9329529729634422,-2.9810622669269233,1784967684.60071,-0.01446759276352515,0.04307685428659455,0.007243757330111845,-0.02072765244436415,0.04318025909742351,0.006531321106518551,1784967684.6007476,0.10764994429697138,0.10967735372055688,1784967684.5712771,4202.150390625,nan,nan,50.57106018066406,nan
19.96338963508606,1784967684.646171,SMC,circle,circle_smc_tune_base_p01,1784967684.6122265,-0.13538519435754526,0.972328714428432,-2.982585016826364,0.11063537480148405,0.11535075722436747,1784967684.5682094,-0.1351269778901127,0.9724427807364172,-2.987593588033442,0.07796168327331543,0,0,1784967684.6407173,-0.11227704484961487,0.932254422698236,-2.976749429326215,1784967684.6407542,-0.01647133701551065,0.04322765883412138,0.005835587500149231,-0.016414980944700622,0.0432177274083841,0.010844158707226994,1784967684.6407971,0.10760284899644681,0.10963544154447569,1784967684.6226015,4202.20166015625,nan,nan,51.28898620605469,nan
20.003437519073486,1784967684.686219,SMC,circle,circle_smc_tune_base_p01,1784967684.66228,-0.1405883568602342,0.9715029999039247,-2.977986621568816,0.10867319549186219,0.11152772402242186,1784967684.5682094,-0.1351269778901127,0.9724427807364172,-2.987593588033442,0.11800956726074219,0,0,1784967684.680563,-0.11652505616387199,0.9315383476585786,-2.9724414840747504,1784967684.6806054,-0.01723263991783519,0.04335034014811455,0.0055451374940655995,-0.012107402935748687,0.04327372102650741,0.015152103958691487,1784967684.6806521,0.10758475622453587,0.10962984925473934,1784967684.6695533,4202.24853515625,nan,nan,46.995018005371094,nan
20.043511152267456,1784967684.7262926,SMC,circle,circle_smc_tune_base_p01,1784967684.7122748,-0.14686046981814752,0.9704902505074214,-2.9725883220059153,0.10794279445209289,0.11086424934825845,1784967684.6897576,-0.1498629745277707,0.9701453131340435,-2.9747751092708103,0.036535024642944336,0,0,1784967684.7206898,-0.12080103797039676,0.9307985301986865,-2.9681019702960634,1784967684.7207253,-0.019011970977726476,0.04350944275483762,0.004486351709851899,-0.022125170947724482,0.04362616524931908,0.006673138974746973,1784967684.7207649,0.10754262582136769,0.10959985981548966,1784967684.7246046,4202.30322265625,nan,nan,54.978729248046875,nan
20.083025217056274,1784967684.7658067,SMC,circle,circle_smc_tune_base_p01,1784967684.7619865,-0.15202853891227702,0.9695977838766191,-2.966787827558004,0.10704416192935133,0.11180724090947368,1784967684.6897576,-0.1498629745277707,0.9701453131340435,-2.9747751092708103,0.0760490894317627,0,0,1784967684.7607028,-0.12505245545772192,0.9300439945131801,-2.96378411160008,1784967684.7607422,-0.014694210973359052,0.04353813590596923,0.008804210405835455,-0.0178074840129678,0.043664300346909914,0.010990997670730529,1784967684.7607832,0.1076431532011503,0.10974474487706015,1784967684.7246046,4202.30322265625,nan,nan,54.978729248046875,nan
20.123281955718994,1784967684.8060634,SMC,circle,circle_smc_tune_base_p01,1784967684.7619865,-0.15202853891227702,0.9695977838766191,-2.966787827558004,0.10704416192935133,0.11180724090947368,1784967684.7685392,-0.15921019319225183,0.9686896393964848,-2.96230198423055,0.03752422332763672,0,0,1784967684.8010228,-0.12932756995186812,0.9292661369944588,-2.959438804249921,1784967684.8010597,-0.015340701247175802,0.04366507319601809,0.007349023308083069,-0.02237315928522767,0.04412057861097357,0.002863179980629127,1784967684.8011007,0.10762890674344025,0.10970046988347004,1784967684.7701802,4202.3486328125,nan,nan,44.95869445800781,nan
20.163151264190674,1784967684.8459327,SMC,circle,circle_smc_tune_base_p01,1784967684.8124142,-0.158361725204531,0.9685036179456264,-2.9602263373467017,0.10719542179017703,0.11312881647985634,1784967684.7685392,-0.15921019319225183,0.9686896393964848,-2.96230198423055,0.0773935317993164,0,0,1784967684.841095,-0.13357676991769263,0.9284739543891722,-2.955116387944379,1784967684.8411384,-0.01715814007849007,0.04384365634912774,0.005109949402322567,-0.01805080090296684,0.04414229599988595,0.007185596286170881,1784967684.8411872,0.10758679461570811,0.10963178685838168,1784967684.823833,4202.40283203125,nan,nan,54.226280212402344,nan
20.204665660858154,1784967684.887447,SMC,circle,circle_smc_tune_base_p01,1784967684.8619528,-0.16368083320513183,0.9675277441891521,-2.9549387221197505,0.10791021149363683,0.1120995425321505,1784967684.7685392,-0.15921019319225183,0.9686896393964848,-2.96230198423055,0.11890792846679688,0,0,1784967684.8806725,-0.13777982996652005,0.9276716542775696,-2.9508374362994814,1784967684.8807151,-0.01805494626818977,0.04397031711347449,0.0041012858202691405,-0.013772038563294581,0.044182196923800335,0.011464547931068658,1784967684.880764,0.10756577298138613,0.10960238676445812,1784967684.8707678,4202.44970703125,nan,nan,46.88558578491211,nan
20.24331521987915,1784967684.9260967,SMC,circle,circle_smc_tune_base_p01,1784967684.9120238,-0.17000424344344406,0.9663641577953963,-2.9498318881067562,0.10847442457711345,0.10945857667049161,1784967684.8890715,-0.1725222339334198,0.9661133464560671,-2.950200502665152,0.03702521324157715,0,0,1784967684.9204605,-0.14200619516278934,0.9268460868999969,-2.9465311904956484,1784967684.920497,-0.01995319153692332,0.04412979472318601,0.00330069761110785,-0.02248918075480222,0.04435519185250174,0.0036693121695035025,1784967684.9205406,0.10752053509499308,0.10958101641114312,1784967684.9196799,4202.49853515625,nan,nan,48.99224090576172,nan
20.28343677520752,1784967684.9662182,SMC,circle,circle_smc_tune_base_p01,1784967684.9620724,-0.17545559393344448,0.9652996756082206,-2.9441414532102237,0.10936862486882551,0.11014844306172869,1784967684.8890715,-0.1725222339334198,0.9661133464560671,-2.950200502665152,0.07714676856994629,0,0,1784967684.9614303,-0.14634180908722727,0.9259795205685918,-2.942109819989362,1784967684.961466,-0.015531891782031279,0.044154162445619365,0.007722068117394176,-0.018067890282583012,0.04438118932869937,0.008090682675789827,1784967684.9615052,0.10762401457508769,0.10972920768543379,1784967684.9196799,4202.49853515625,nan,nan,48.99224090576172,nan
20.323248624801636,1784967685.00603,SMC,circle,circle_smc_tune_base_p01,1784967684.9620724,-0.17545559393344448,0.9652996756082206,-2.9441414532102237,0.10936862486882551,0.11014844306172869,1784967684.9677935,-0.18160310926971174,0.9642646316884417,-2.9410605377671972,0.03823661804199219,0,0,1784967685.0014076,-0.15056343067883682,0.9251165570432167,-2.937800896268049,1784967685.001447,-0.016525752311752774,0.0442854639767249,0.006340556942174835,-0.02261972914437539,0.044546394342168914,0.003259641499148369,1784967685.0014904,0.10760121100802487,0.10968753403062999,1784967684.9698558,4202.548828125,nan,nan,50.179908752441406,nan
20.363545894622803,1784967685.0463274,SMC,circle,circle_smc_tune_base_p01,1784967685.0119417,-0.18184670728734828,0.9640269470219593,-2.9375004558859037,0.11085088145698115,0.11290522529842732,1784967684.9677935,-0.18160310926971174,0.9642646316884417,-2.9410605377671972,0.07853388786315918,0,0,1784967685.0406587,-0.15472319768084652,0.9242476767565366,-2.9335513502170234,1784967685.0406985,-0.01849817729625363,0.04445101295741081,0.003949105668880293,-0.018370247891946113,0.04456927553187037,0.007509187550173824,1784967685.040745,0.10755520159246286,0.10961333728754304,1784967685.0208414,4202.599609375,nan,nan,50.88897705078125,nan
20.40294361114502,1784967685.085725,SMC,circle,circle_smc_tune_base_p01,1784967685.0619042,-0.18697019427200515,0.9629694299653682,-2.9326150823479655,0.10863030328212875,0.11044984573791292,1784967684.9677935,-0.18160310926971174,0.9642646316884417,-2.9410605377671972,0.11793160438537598,0,0,1784967685.0807092,-0.15895794431353027,0.9233441589946157,-2.9292212863971376,1784967685.0807457,-0.019182150784890283,0.0445745817535887,0.003393795950827893,-0.014040390079552012,0.044611164833400614,0.011839251370059587,1784967685.0807867,0.10753900641780799,0.10959894592348055,1784967685.0697577,4202.6484375,nan,nan,49.06078338623047,nan
20.44333028793335,1784967685.1261117,SMC,circle,circle_smc_tune_base_p01,1784967685.1124454,-0.19341595764387398,0.9616151416368929,-2.9258016706993697,0.10770538059427642,0.11161554584472527,1784967685.0867972,-0.1973849228283512,0.9611619142672881,-2.923598370290812,0.03931450843811035,0,0,1784967685.1203852,-0.16314734684107157,0.9224314249439843,-2.9249336057712223,1784967685.120418,-0.021176578402011245,0.04475606082962527,0.000868064928147394,-0.025050968788756893,0.0452184848867366,-0.0013352354804103683,1784967685.1204581,0.10749172142737143,0.10952080419192575,1784967685.1197028,4202.69873046875,nan,nan,49.96682357788086,nan
20.48293137550354,1784967685.1657128,SMC,circle,circle_smc_tune_base_p01,1784967685.162142,-0.1984903921674823,0.9604921678846254,-2.919865772099047,0.10658915907050354,0.11287422889124685,1784967685.0867972,-0.1973849228283512,0.9611619142672881,-2.923598370290812,0.07891559600830078,0,0,1784967685.1615539,-0.16746534562360882,0.9214709549039154,-2.920510072331586,1784967685.161595,-0.016753069548340008,0.04476968453526313,0.005291598367783479,-0.020627440655023567,0.045222362248327194,0.0030882979592257165,1784967685.161667,0.10759641427965065,0.10966870943010155,1784967685.1197028,4202.69873046875,nan,nan,49.96682357788086,nan
20.524056911468506,1784967685.2068384,SMC,circle,circle_smc_tune_base_p01,1784967685.162142,-0.1984903921674823,0.9604921678846254,-2.919865772099047,0.10658915907050354,0.11287422889124685,1784967685.1698985,-0.2069232560135881,0.9591217623023544,-2.9133638917628013,0.03693985939025879,0,0,1784967685.200764,-0.17159980506232841,0.9205324971988262,-2.91627043972508,1784967685.200803,-0.017444569104613707,0.04489505501646863,0.0035953323739672527,-0.025676546415182737,0.045580615754127196,-0.002906547962278516,1784967685.2008457,0.1075806323158377,0.10961634624634786,1784967685.1718583,4202.7509765625,nan,nan,52.172576904296875,nan
20.563661813735962,1784967685.2464433,SMC,circle,circle_smc_tune_base_p01,1784967685.212338,-0.20483733312276198,0.9590940554093493,-2.9127415930387888,0.1062153495048497,0.11509530148902111,1784967685.1698985,-0.2069232560135881,0.9591217623023544,-2.9133638917628013,0.07654476165771484,0,0,1784967685.2407618,-0.17580912977454677,0.9195580829808561,-2.911949800114789,1784967685.2407973,-0.019302291980694525,0.04509047826075843,0.000791792923999779,-0.02135591136860254,0.0455773915740002,0.0014140916480123167,1784967685.2408357,0.10753671113791922,0.10952940903949195,1784967685.2202206,4202.79931640625,nan,nan,48.34029769897461,nan
20.603139877319336,1784967685.2859213,SMC,circle,circle_smc_tune_base_p01,1784967685.262465,-0.20983643860459067,0.9579253112957792,-2.9071156391164137,0.10482421728606156,0.11461404127341877,1784967685.1698985,-0.2069232560135881,0.9591217623023544,-2.9133638917628013,0.11602282524108887,0,0,1784967685.2815957,-0.18011409401734535,0.9185416791925682,-2.9075264726688053,1784967685.2816358,-0.01975885152970766,0.04521145907434296,-0.00041083355239157626,-0.016932616603404747,0.04559342942903107,0.0058374190939960435,1784967685.2816813,0.10752577844893992,0.10949335418406504,1784967685.2708669,4202.849609375,nan,nan,50.644386291503906,nan
20.643243551254272,1784967685.326025,SMC,circle,circle_smc_tune_base_p01,1784967685.3125088,-0.21570525342312957,0.9566291413101141,-2.9023851075683305,0.10205227349831046,0.11104276501785765,1784967685.2909405,-0.21980853208205517,0.9562788131951442,-2.9035055385601884,0.03508448600769043,0,0,1784967685.3217492,-0.18430122630184398,0.9175337797644185,-2.903219737630048,1784967685.3217866,-0.021246856136671564,0.04542280614548904,-0.0008346300617176894,-0.025367887582012486,0.04602626053617483,0.00028580093014030084,1784967685.32183,0.10749003783592571,0.10948627253612571,1784967685.3226128,4202.9013671875,nan,nan,51.827335357666016,nan
20.6831636428833,1784967685.365945,SMC,circle,circle_smc_tune_base_p01,1784967685.362049,-0.2205609771782916,0.9554404382124692,-2.8969558796521278,0.10163649998531622,0.11080524942561994,1784967685.2909405,-0.21980853208205517,0.9562788131951442,-2.9035055385601884,0.07500457763671875,0,0,1784967685.3608716,-0.18843283954110612,0.9165205154612998,-2.8989656854678776,1784967685.3609078,-0.016992810734967653,0.04542830405989347,0.0034194221004528735,-0.021113851010531842,0.0460365248104399,0.004539853092310864,1784967685.3609502,0.10759154115081093,0.1096282575386782,1784967685.3226128,4202.9013671875,nan,nan,51.827335357666016,nan
20.723437309265137,1784967685.4062188,SMC,circle,circle_smc_tune_base_p01,1784967685.362049,-0.2205609771782916,0.9554404382124692,-2.8969558796521278,0.10163649998531622,0.11080524942561994,1784967685.391756,-0.22902311285775387,0.9543633488483693,-2.891285288318705,0.014462709426879883,0,0,1784967685.4011168,-0.19263353651065596,0.9154711749343646,-2.8946359048892645,1784967685.4011562,-0.01741519864985929,0.0455433288772866,0.0023199747628632745,-0.025621883856393753,0.046693913159296496,-0.0033506165705596835,1784967685.4011998,0.10758174458925712,0.10959544345467166,1784967685.3861089,4202.96435546875,nan,nan,62.58920669555664,nan
20.763615131378174,1784967685.4463966,SMC,circle,circle_smc_tune_base_p01,1784967685.411919,-0.2267367585232818,0.9540187035651838,-2.890291456317002,0.10507903098781879,0.11376359073558277,1784967685.391756,-0.22902311285775387,0.9543633488483693,-2.891285288318705,0.05464053153991699,0,0,1784967685.441064,-0.1968287777870581,0.9144038802928542,-2.89030702553288,1784967685.441101,-0.01911776144727923,0.045807561950633825,-1.5569215878308285e-05,-0.021293010925394706,0.04668877834784765,0.0009782627858245796,1784967685.441145,0.10754117371217567,0.10952639975782519,1784967685.4206107,4202.99951171875,nan,nan,35.38057327270508,nan
20.803040742874146,1784967685.4858222,SMC,circle,circle_smc_tune_base_p01,1784967685.462379,-0.232128319102834,0.952633090436996,-2.8846289352744066,0.10694455372018691,0.11350443698432054,1784967685.391756,-0.22902311285775387,0.9543633488483693,-2.891285288318705,0.09406614303588867,0,0,1784967685.4808564,-0.20100012702953207,0.9133234608750859,-2.8859980245639467,1784967685.4808884,-0.020115780580971354,0.04593001948252567,-0.0013690892895401596,-0.01698403443477686,0.046702277395290745,0.005287263754758076,1784967685.480925,0.10751712004817643,0.10948536433976619,1784967685.47058,4203.04931640625,nan,nan,49.93705749511719,nan
20.84343910217285,1784967685.5262206,SMC,circle,circle_smc_tune_base_p01,1784967685.5125844,-0.2390290785163619,0.950925263262537,-2.877863260735437,0.11028408080591236,0.11601799510186415,1784967685.487532,-0.24303153634438066,0.9506902355188103,-2.8791923415472813,0.03868865966796875,0,0,1784967685.520649,-0.20514453529913412,0.9122309927358789,-2.8817120433856633,1784967685.5206916,-0.022626037455395473,0.0461895147159766,-0.003848782650226479,-0.02661382729964009,0.046970654669739265,-0.0025197018383820153,1784967685.5207384,0.10745617519315195,0.109411357735525,1784967685.5222871,4203.10107421875,nan,nan,51.752708435058594,nan
20.883093118667603,1784967685.5658746,SMC,circle,circle_smc_tune_base_p01,1784967685.5620062,-0.24440040731802856,0.9494642410238421,-2.871661039924441,0.11110582249364251,0.11754825189153444,1784967685.487532,-0.24303153634438066,0.9506902355188103,-2.8791923415472813,0.07834267616271973,0,0,1784967685.5607586,-0.20932270006609333,0.9111103634823287,-2.8773862024356514,1784967685.5608556,-0.018300206025555987,0.04618222195348359,0.0004770582997855044,-0.022287989997827225,0.04696911129154343,0.0018061391116299674,1784967685.5609047,0.10756078276581733,0.10955530934177564,1784967685.5222871,4203.10107421875,nan,nan,51.752708435058594,nan
20.92310905456543,1784967685.6058905,SMC,circle,circle_smc_tune_base_p01,1784967685.5620062,-0.24440040731802856,0.9494642410238421,-2.871661039924441,0.11110582249364251,0.11754825189153444,1784967685.567131,-0.25132845229528766,0.9484090009200341,-2.873089558410447,0.038759469985961914,0,0,1784967685.6008883,-0.21350151437202003,0.909970147210712,-2.8730546194125797,1784967685.6009274,-0.019248303949569112,0.046303648090341834,-0.001393579488138563,-0.026274179739585363,0.04709660482613763,3.4938997867328674e-05,1784967685.6009681,0.10753793583378267,0.10949700228674011,1784967685.5716984,4203.150390625,nan,nan,49.329715728759766,nan
20.963370084762573,1784967685.6461515,SMC,circle,circle_smc_tune_base_p01,1784967685.6123774,-0.2505625491223431,0.94789038186432,-2.866550566505517,0.1094281435942408,0.1158753610772067,1784967685.567131,-0.25132845229528766,0.9484090009200341,-2.873089558410447,0.07902050018310547,0,0,1784967685.640635,-0.21764576816799375,0.9088201189512088,-2.8687537551929143,1784967685.6406744,-0.021068570415954564,0.04654154330406552,-0.0022031886873974393,-0.021973329104830953,0.047106003795815934,0.0043358032175326855,1784967685.6407158,0.10749409219194195,0.10947794515388894,1784967685.6207652,4203.19921875,nan,nan,48.84585952758789,nan
21.003369331359863,1784967685.6861508,SMC,circle,circle_smc_tune_base_p01,1784967685.6620686,-0.25543982589115444,0.9465077421673548,-2.8609108241738253,0.10675327575347762,0.11547054873124576,1784967685.567131,-0.25132845229528766,0.9484090009200341,-2.873089558410447,0.11901974678039551,0,0,1784967685.681025,-0.221812800854577,0.9076443795197069,-2.8644240261127134,1784967685.6810732,-0.02154551800570055,0.04665756554900001,-0.003513201938888155,-0.01764369489053623,0.0471341497058259,0.008665532297733591,1784967685.6811194,0.1074822410688041,0.1094381454536704,1784967685.6706598,4203.24951171875,nan,nan,50.16599655151367,nan
21.043681621551514,1784967685.726463,SMC,circle,circle_smc_tune_base_p01,1784967685.7122269,-0.26151954762567736,0.9448699850681711,-2.8567671022617493,0.10507065426816262,0.1122939998959568,1784967685.6872568,-0.26525023357534255,0.94425718126741,-2.8627428482961186,0.03920626640319824,0,0,1784967685.7206886,-0.22596337488380414,0.9064538850540954,-2.8601060901691104,1784967685.7207298,-0.02332909761966826,0.04685927191702176,-0.0033389879073610906,-0.02736395230801865,0.04715676605244461,0.002636758127008143,1784967685.7207785,0.10743949962031403,0.10945067613365536,1784967685.720868,4203.2998046875,nan,nan,50.0296745300293,nan
21.083858728408813,1784967685.7666402,SMC,circle,circle_smc_tune_base_p01,1784967685.7619298,-0.26657716303659884,0.9433837898547798,-2.851102046900451,0.10542961564615352,0.11257014272616184,1784967685.6872568,-0.26525023357534255,0.94425718126741,-2.8627428482961186,0.07938337326049805,0,0,1784967685.7613597,-0.2301286569753842,0.9052396357592605,-2.8557674261142396,1784967685.7614133,-0.018990439935606167,0.04685419717823655,0.0009996761475097315,-0.02302534176429285,0.04717761796641254,0.006975422181878965,1784967685.76147,0.10754417547652034,0.10959512911085821,1784967685.720868,4203.2998046875,nan,nan,50.0296745300293,nan
21.12375569343567,1784967685.8065372,SMC,circle,circle_smc_tune_base_p01,1784967685.7619298,-0.26657716303659884,0.9433837898547798,-2.851102046900451,0.10542961564615352,0.11257014272616184,1784967685.769784,-0.2747356876203628,0.9413650136703802,-2.8549697328724983,0.036753177642822266,0,0,1784967685.801634,-0.23434315811225814,0.9039910433769555,-2.8513718563129093,1784967685.8016725,-0.01960055047032576,0.046974865298250436,-0.00026980941245824397,-0.028178514985213052,0.04726882047169173,0.003597876559588986,1784967685.8017147,0.10752958285766777,0.10955683519619307,1784967685.7711005,4203.35009765625,nan,nan,50.40245056152344,nan
21.1631281375885,1784967685.8459096,SMC,circle,circle_smc_tune_base_p01,1784967685.8118339,-0.2731187481105643,0.9415219045825346,-2.8463790334535597,0.10823753048122066,0.11197886418051432,1784967685.769784,-0.2747356876203628,0.9413650136703802,-2.8549697328724983,0.0761256217956543,0,0,1784967685.8408701,-0.23841591870907575,0.9027652604165731,-2.8471186281253487,1784967685.8409035,-0.021925563224107523,0.047176620404406226,-0.0007395946717889679,-0.023925359691974755,0.04729316788536916,0.007851104747149673,1784967685.8409412,0.10747375694460773,0.10954790085775391,1784967685.82212,4203.400390625,nan,nan,50.5590934753418,nan
21.20406413078308,1784967685.8868456,SMC,circle,circle_smc_tune_base_p01,1784967685.862208,-0.2784366829140012,0.939907489545032,-2.841259945511034,0.10899024564729952,0.11028377860186733,1784967685.769784,-0.2747356876203628,0.9413650136703802,-2.8549697328724983,0.11706161499023438,0,0,1784967685.8814137,-0.2425520129766492,0.901501043600395,-2.842793636899152,1784967685.8814557,-0.022916316810189803,0.04730335136611395,-0.001533691388118097,-0.01960058867286156,0.04733647586154237,0.012176095973346346,1784967685.8814952,0.10744988137727955,0.10952565533259986,1784967685.8711145,4203.4501953125,nan,nan,49.43746566772461,nan
21.242968559265137,1784967685.92575,SMC,circle,circle_smc_tune_base_p01,1784967685.912205,-0.28502042802991123,0.9379202577545173,-2.8355523325143728,0.11059967259293023,0.1115284310969184,1784967685.8889349,-0.2886872477078826,0.9370913875939957,-2.8392600702172284,0.03681516647338867,0,0,1784967685.9205544,-0.24663900401971262,0.9002325844537705,-2.838514324765363,1784967685.920665,-0.025243251414991143,0.04750023879807361,-0.002961992250990253,-0.02916649967083427,0.04770682826536286,0.0007457454518653428,1784967685.9207113,0.10739368820288946,0.1094846082182361,1784967685.922248,4203.50048828125,nan,nan,50.36603546142578,nan
21.2830810546875,1784967685.9658625,SMC,circle,circle_smc_tune_base_p01,1784967685.9619684,-0.29025140344754263,0.9362556276512588,-2.8295301625990428,0.1104795913801597,0.11305963892927172,1784967685.8889349,-0.2886872477078826,0.9370913875939957,-2.8392600702172284,0.07692766189575195,0,0,1784967685.96096,-0.2507528763712008,0.8989363794385857,-2.8342010751773503,1784967685.9609978,-0.020930006569308775,0.04749676505028985,0.00135125733702246,-0.024853271593177958,0.04771934688535039,0.005058995039878056,1784967685.9610398,0.10749758124394648,0.10962826741291042,1784967685.922248,4203.50048828125,nan,nan,50.36603546142578,nan
21.323758840560913,1784967686.0065403,SMC,circle,circle_smc_tune_base_p01,1784967685.9619684,-0.29025140344754263,0.9362556276512588,-2.8295301625990428,0.1104795913801597,0.11305963892927172,1784967685.9672554,-0.2973494208549552,0.934570955088135,-2.828831431582913,0.03928494453430176,0,0,1784967686.0007856,-0.2548959213493547,0.8976112282683962,-2.8298512617160463,1784967686.0008192,-0.021783208708869708,0.04763288293189171,-0.00032109911700350935,-0.029021948383354444,0.04822911505403819,-0.001019830133133226,1784967686.0008626,0.10747719742333645,0.10957705946049627,1784967685.9731445,4203.55029296875,nan,nan,50.11860656738281,nan
21.36318612098694,1784967686.0459676,SMC,circle,circle_smc_tune_base_p01,1784967686.0125282,-0.29634484863270105,0.9343777027192092,-2.8245566714734465,0.10857754608735123,0.1104783730650031,1784967685.9672554,-0.2973494208549552,0.934570955088135,-2.828831431582913,0.07871222496032715,0,0,1784967686.040839,-0.25901113672747567,0.8962752717783364,-2.825524622540631,1784967686.040875,-0.023594640111711675,0.04784238963748728,-0.0009679510671847247,-0.02469531541136772,0.04823406251537185,0.0033068090422818663,1784967686.0409153,0.10743367804314237,0.10956248128567675,1784967686.0224154,4203.6005859375,nan,nan,49.986324310302734,nan
21.404417276382446,1784967686.0871987,SMC,circle,circle_smc_tune_base_p01,1784967686.0628114,-0.301325892043795,0.9327377798428784,-2.819084983068712,0.1070470871659055,0.1102118335021267,1784967685.9672554,-0.2973494208549552,0.934570955088135,-2.828831431582913,0.11994338035583496,0,0,1784967686.0804527,-0.26307664087436344,0.8949360864167779,-2.821244228940168,1784967686.080489,-0.024296164460048647,0.04797571920704703,-0.0021592458714558838,-0.020414988577746658,0.0482573777112293,0.007587202642745261,1784967686.0805316,0.10741664028654904,0.10952721577785304,1784967686.073307,4203.650390625,nan,nan,50.04861068725586,nan
21.44313669204712,1784967686.1259181,SMC,circle,circle_smc_tune_base_p01,1784967686.112169,-0.30735296489654623,0.930802166142202,-2.8138879040967395,0.10768974688966032,0.10968217011958431,1784967686.0885906,-0.3098837880568214,0.9304321083949053,-2.816700727381329,0.03732752799987793,0,0,1784967686.1210182,-0.2671850129134803,0.8935631418807428,-2.8169125171710636,1784967686.1210566,-0.02604420510971494,0.0481861875921154,-0.0030246130743241118,-0.0286961896485523,0.048569895925545864,-0.00021178978973468432,1784967686.1211042,0.10737444507039398,0.10950538581725971,1784967686.124065,4203.703125,nan,nan,52.445068359375,nan
21.483062028884888,1784967686.1658435,SMC,circle,circle_smc_tune_base_p01,1784967686.1622598,-0.3127035230796586,0.9289779461157613,-2.8083011962681272,0.10955183337589218,0.1099771337504303,1784967686.0885906,-0.3098837880568214,0.9304321083949053,-2.816700727381329,0.07725286483764648,0,0,1784967686.1606033,-0.2712708532562518,0.8921780629805809,-2.8125982891132026,1784967686.1606412,-0.02172998202098301,0.04818244500676547,0.0012896149835368576,-0.02438197309960403,0.04857828848615829,0.004102438268126285,1784967686.1606908,0.10747839062374134,0.10964906866634341,1784967686.124065,4203.703125,nan,nan,52.445068359375,nan
21.52328372001648,1784967686.2060652,SMC,circle,circle_smc_tune_base_p01,1784967686.1622598,-0.3127035230796586,0.9289779461157613,-2.8083011962681272,0.10955183337589218,0.1099771337504303,1784967686.1733742,-0.3177796542763776,0.9278472574923209,-2.8104210347928866,0.032691001892089844,0,0,1784967686.200874,-0.27537472005632657,0.8907670461631635,-2.8082586208392764,1784967686.2009282,-0.022773731379504322,0.04832048809145397,4.2575428850888386e-05,-0.028044061115764636,0.04885336379981512,0.002162413953610276,1784967686.200989,0.10745343034900788,0.1096121021173435,1784967686.171816,4203.75048828125,nan,nan,47.65694808959961,nan
21.563347101211548,1784967686.2461286,SMC,circle,circle_smc_tune_base_p01,1784967686.2119956,-0.3187827099105677,0.9269770925905009,-2.8031442933843,0.11220971697277293,0.11074232579218227,1784967686.1733742,-0.3177796542763776,0.9278472574923209,-2.8104210347928866,0.0727543830871582,0,0,1784967686.2406263,-0.27944263893586285,0.8893486912316304,-2.8039505210925726,1784967686.2406604,-0.02461481973870791,0.04855562194380763,-0.0008062277082725444,-0.023736004834469505,0.048871959484408645,0.00647051370031404,1784967686.2406971,0.10740920922610456,0.10959164647451783,1784967686.2267926,4203.8056640625,nan,nan,54.98598861694336,nan
21.604034423828125,1784967686.286816,SMC,circle,circle_smc_tune_base_p01,1784967686.262482,-0.3240332876968241,0.9251270605660302,-2.7979792309177443,0.11145908093554673,0.10933604726946691,1784967686.1733742,-0.3177796542763776,0.9278472574923209,-2.8104210347928866,0.11344170570373535,0,0,1784967686.2812963,-0.28353689145735084,0.8879012625562963,-2.7996079431583074,1784967686.281343,-0.025588063854241245,0.048692598349617845,-0.0016287122405631571,-0.01939359246474048,0.048909486689399886,0.01081309163457922,1784967686.2813928,0.10738574322153749,0.10956879620363516,1784967686.2716448,4203.8505859375,nan,nan,44.88118362426758,nan
21.643166065216064,1784967686.3259475,SMC,circle,circle_smc_tune_base_p01,1784967686.3124251,-0.33012912606934636,0.9229965090349193,-2.7918736042921575,0.11113014919850202,0.11013662204829297,1784967686.288337,-0.33245720978116367,0.922664826314651,-2.7922667344443717,0.037610530853271484,0,0,1784967686.3205297,-0.28757269707246547,0.8864548759808132,-2.795320777516523,1784967686.320572,-0.027460044965917467,0.04891100618160797,-0.0034471732243654962,-0.029780270391048056,0.049385377185077316,-0.0030540430721512912,1784967686.3206158,0.1073403172392785,0.10951546109857475,1784967686.2716448,4203.8505859375,nan,nan,44.88118362426758,nan
21.684282779693604,1784967686.3670642,SMC,circle,circle_smc_tune_base_p01,1784967686.362555,-0.3351281877764363,0.9211621504140015,-2.7862647001355474,0.1092588332301175,0.110420509130134,1784967686.288337,-0.33245720978116367,0.922664826314651,-2.7922667344443717,0.07872724533081055,0,0,1784967686.3607829,-0.29165965072206435,0.884970214706078,-2.7909725090076116,1784967686.360819,-0.023111783406074997,0.0489054706722007,0.0009010952845458498,-0.025432006991044767,0.04938155110878267,0.0012942254367600547,1784967686.3608668,0.10744527335173074,0.10966021886522488,1784967686.3317258,4203.91064453125,nan,nan,60.0616455078125,nan
21.723760843276978,1784967686.4065423,SMC,circle,circle_smc_tune_base_p01,1784967686.362555,-0.3351281877764363,0.9211621504140015,-2.7862647001355474,0.1092588332301175,0.110420509130134,1784967686.3770292,-0.34183462159216965,0.9190520643864521,-2.7822558288061283,0.029513120651245117,0,0,1784967686.4010587,-0.29572209860905874,0.8834744724405066,-2.7866434494067813,1784967686.4010992,-0.023833024948486707,0.049042714609878385,-0.00037874927123393576,-0.030656342632581046,0.049520889339085356,-0.004387620600653008,1784967686.4011452,0.10742799965488184,0.10962213217795481,1784967686.3730536,4203.95166015625,nan,nan,41.238433837890625,nan
21.762956380844116,1784967686.4457378,SMC,circle,circle_smc_tune_base_p01,1784967686.4127736,-0.340722513242712,0.9191253966162828,-2.781052080568261,0.1063077694476264,0.10803251088514058,1784967686.3770292,-0.34183462159216965,0.9190520643864521,-2.7822558288061283,0.06870865821838379,0,0,1784967686.4406102,-0.2997463107247682,0.8819730713860408,-2.7823482757617617,1784967686.440646,-0.02523508798661704,0.04921925209826862,-0.001296195193500882,-0.026361183065253854,0.049511268020479476,-9.2446955633374e-05,1784967686.4406846,0.10739426716174699,0.10959743523015893,1784967686.421797,4204.00048828125,nan,nan,48.89305114746094,nan
21.80313515663147,1784967686.4859166,SMC,circle,circle_smc_tune_base_p01,1784967686.4618626,-0.34552646019408156,0.9173134884234844,-2.776068831583202,0.10570624850553081,0.10699398565381417,1784967686.3770292,-0.34183462159216965,0.9190520643864521,-2.7822558288061283,0.1088874340057373,0,0,1784967686.4806464,-0.3037923147522874,0.8804436407891161,-2.778022846799054,1784967686.4807286,-0.025798342949949357,0.049351495026748265,-0.001954015215852145,-0.022035766743858307,0.049520222802218454,0.004232982007074337,1784967686.480775,0.10738063358779176,0.10957991599369654,1784967686.4748943,4204.0537109375,nan,nan,53.063533782958984,nan
21.843444108963013,1784967686.5262256,SMC,circle,circle_smc_tune_base_p01,1784967686.5127213,-0.35175453228623843,0.9149340200379412,-2.7692571379739306,0.10820834103619846,0.10954751845263559,1784967686.4926538,-0.35442392726301486,0.9142041267780435,-2.7683943870580845,0.033571720123291016,0,0,1784967686.5206854,-0.3078276290973403,0.8788982796502428,-2.7737017437030462,1784967686.5207217,-0.027807531768996037,0.04954683224962725,-0.004444605729115647,-0.03051654052264694,0.049864402119003975,-0.005307356644961736,1784967686.5207639,0.10733155249521546,0.10950340755068372,1784967686.5227065,4204.1015625,nan,nan,47.748008728027344,nan
21.883622646331787,1784967686.566404,SMC,circle,circle_smc_tune_base_p01,1784967686.5625615,-0.3568904813806442,0.9129315929476416,-2.764345860390095,0.1090572632110678,0.10774871221950083,1784967686.4926538,-0.35442392726301486,0.9142041267780435,-2.7683943870580845,0.07375025749206543,0,0,1784967686.5613034,-0.31186438336247346,0.8773323120551928,-2.7693718858768133,1784967686.5613425,-0.023477688576005806,0.04953696158938415,-0.00011474790288268366,-0.026186707457012594,0.049850795886717626,-0.0009774988187287725,1784967686.5613856,0.10743653476315349,0.10964740712288339,1784967686.5227065,4204.1015625,nan,nan,47.748008728027344,nan
21.92302417755127,1784967686.6058056,SMC,circle,circle_smc_tune_base_p01,1784967686.5625615,-0.3568904813806442,0.9129315929476416,-2.764345860390095,0.1090572632110678,0.10774871221950083,1784967686.5694778,-0.36319457627283114,0.9103634806677219,-2.761845065332008,0.03632783889770508,0,0,1784967686.600921,-0.31589297846148545,0.8757494108494691,-2.765043470006147,1784967686.6009612,-0.02441814158896643,0.04966955075827924,-0.0006976096160515866,-0.031100795415708343,0.04968214477455089,-0.003198404674138899,1784967686.60101,0.10741393832227035,0.10963239803807426,1784967686.5764253,4204.1552734375,nan,nan,53.52794647216797,nan
21.96311354637146,1784967686.645895,SMC,circle,circle_smc_tune_base_p01,1784967686.6120903,-0.3630622162432743,0.9104647801979077,-2.758446939301075,0.11148005134122375,0.1088140780874843,1784967686.5694778,-0.36319457627283114,0.9103634806677219,-2.761845065332008,0.07641720771789551,0,0,1784967686.6408195,-0.31989936188307766,0.8741552225459553,-2.760731559376874,1784967686.6408546,-0.026459292368241148,0.04981286802395471,-0.002284620075799104,-0.02678889046970758,0.04967764983037341,0.001113505955133931,1784967686.6408927,0.1073646951308847,0.10958427493160519,1784967686.6226628,4204.20166015625,nan,nan,46.561256408691406,nan
22.003308057785034,1784967686.6860895,SMC,circle,circle_smc_tune_base_p01,1784967686.6620233,-0.3683351805610288,0.9083244775077031,-2.752336435943284,0.11237792701701858,0.11102003978852598,1784967686.5694778,-0.36319457627283114,0.9103634806677219,-2.761845065332008,0.11661171913146973,0,0,1784967686.6822224,-0.32389725914854717,0.8725444124629492,-2.7564213481952335,1784967686.6822581,-0.0275350425424148,0.04996762297984684,-0.004084912251949735,-0.022478705649239636,0.049691738200415475,0.005423717136774364,1784967686.682397,0.10733825790879728,0.1095294236909299,1784967686.6735811,4204.25244140625,nan,nan,50.94035720825195,nan
22.0437171459198,1784967686.7264986,SMC,circle,circle_smc_tune_base_p01,1784967686.71264,-0.37446588291895233,0.905796952736792,-2.7450466931990722,0.11195379763195114,0.11384230792220455,1784967686.689954,-0.37716253970880775,0.9049825643506004,-2.7433811146272453,0.0365445613861084,0,0,1784967686.72056,-0.3278849605645018,0.8709177055310314,-2.752114613156476,1784967686.7206008,-0.02949469537783963,0.05016380326092062,-0.0070679199574037455,-0.03221255801344829,0.05050787581111222,-0.008733498529230664,1784967686.7206495,0.1072894297255655,0.10943652944345056,1784967686.7220843,4204.30126953125,nan,nan,48.51892852783203,nan
22.0838623046875,1784967686.7666438,SMC,circle,circle_smc_tune_base_p01,1784967686.762647,-0.3793179235965145,0.9037576005185787,-2.739432275672863,0.10952873614014338,0.11357699600392272,1784967686.689954,-0.37716253970880775,0.9049825643506004,-2.7433811146272453,0.0766897201538086,0,0,1784967686.7614005,-0.3318891597680398,0.8692640586442671,-2.7477823864032414,1784967686.7614398,-0.025162524059033672,0.050142567624959514,-0.0027356932041691095,-0.027880428073295632,0.05047942463622464,-0.00440127177599603,1784967686.761483,0.10739569528590064,0.10958022914735968,1784967686.7220843,4204.30126953125,nan,nan,48.51892852783203,nan
22.1233229637146,1784967686.8061044,SMC,circle,circle_smc_tune_base_p01,1784967686.762647,-0.3793179235965145,0.9037576005185787,-2.739432275672863,0.10952873614014338,0.11357699600392272,1784967686.7686298,-0.38601292511067276,0.9011510529117726,-2.7332500161509174,0.037474632263183594,0,0,1784967686.8007455,-0.3358717026760667,0.8675991598511582,-2.7434658409167914,1784967686.8007822,-0.025827298550674897,0.05027879864656702,-0.004033565243928283,-0.03269554104391888,0.050703780046787036,-0.010215824765873904,1784967686.8008244,0.10737926627495178,0.10954150778008796,1784967686.7732575,4204.3515625,nan,nan,50.47893142700195,nan
22.163427352905273,1784967686.8462088,SMC,circle,circle_smc_tune_base_p01,1784967686.8118625,-0.38480137115240026,0.9014273167567907,-2.7336825320506115,0.10607818652509513,0.11128046972585927,1784967686.7686298,-0.38601292511067276,0.9011510529117726,-2.7332500161509174,0.07757902145385742,0,0,1784967686.8413978,-0.3399204895946404,0.8658858088686476,-2.739069447140851,1784967686.8414376,-0.02709946459747762,0.050429270576666685,-0.005386915090239697,-0.028299292112997226,0.05066853180351699,-0.00581943098993376,1784967686.8414817,0.10734804583532372,0.10950141184954756,1784967686.8238342,4204.40234375,nan,nan,51.03178024291992,nan
22.2034170627594,1784967686.8861985,SMC,circle,circle_smc_tune_base_p01,1784967686.8623638,-0.3895701186738481,0.899362410196271,-2.7283084117094187,0.10501312236823462,0.11052712226069031,1784967686.7686298,-0.38601292511067276,0.9011510529117726,-2.7332500161509174,0.1175687313079834,0,0,1784967686.8806212,-0.34381558725740646,0.8642176335073144,-2.7348321577121406,1784967686.8806572,-0.02778749091392936,0.05056172289749493,-0.006523746002721875,-0.02406203487076075,0.05065285054847951,-0.0015821415612231602,1784967686.880701,0.10733080202607345,0.1094679325631591,1784967686.8744702,4204.45263671875,nan,nan,50.09931182861328,nan
22.243799924850464,1784967686.9265814,SMC,circle,circle_smc_tune_base_p01,1784967686.912808,-0.39563671312493887,0.8967541093359949,-2.7211884815365157,0.10675422147797634,0.11368078565965496,1784967686.890675,-0.39871413004294787,0.8960164004575476,-2.720824603117138,0.035906314849853516,0,0,1784967686.921207,-0.34777184563893027,0.8625032147209152,-2.730520401578107,1784967686.9212582,-0.029718189886475004,0.05080352853156828,-0.009331920041591335,-0.03281001812010065,0.051397983126544027,-0.00969579846096913,1784967686.9213104,0.10728206090134158,0.1093823869496659,1784967686.923536,4204.50146484375,nan,nan,48.979679107666016,nan
22.28336191177368,1784967686.9661434,SMC,circle,circle_smc_tune_base_p01,1784967686.9621403,-0.40043378770480287,0.8946031354790962,-2.715526824636638,0.10668524798641613,0.11385429423424379,1784967686.890675,-0.39871413004294787,0.8960164004575476,-2.720824603117138,0.07546830177307129,0,0,1784967686.9613633,-0.3517959935640813,0.8607385307955053,-2.726126325230756,1784967686.9614,-0.02532422891718611,0.05077217760712932,-0.004937843694240219,-0.02841606884963304,0.05136503333664358,-0.005301722113618013,1784967686.9614375,0.10739090186444393,0.10952781113042964,1784967686.923536,4204.50146484375,nan,nan,48.979679107666016,nan
22.323131561279297,1784967687.005913,SMC,circle,circle_smc_tune_base_p01,1784967686.9621403,-0.40043378770480287,0.8946031354790962,-2.715526824636638,0.10668524798641613,0.11385429423424379,1784967686.9723363,-0.4075772711386445,0.8920578295201976,-2.7157516491120495,0.03357672691345215,0,0,1784967687.001093,-0.35571749575127964,0.8589985183991817,-2.721836121182599,1784967687.0011315,-0.026003511959161736,0.05090238588975761,-0.006309296545961018,-0.03357189845248215,0.05152942838146263,-0.00608447207054974,1784967687.0011756,0.10737376613007402,0.10948643631145988,1784967686.9777303,4204.556640625,nan,nan,54.92182922363281,nan
22.363986253738403,1784967687.0467677,SMC,circle,circle_smc_tune_base_p01,1784967687.0122743,-0.40633490051130156,0.8920277872757842,-2.7100580807907733,0.10736323907957486,0.11384766576111846,1784967686.9723363,-0.4075772711386445,0.8920578295201976,-2.7157516491120495,0.0744314193725586,0,0,1784967687.0404458,-0.35961807276030777,0.85724775801598,-2.717560645680585,1784967687.0404766,-0.02788678537011581,0.0511315913320714,-0.007502564889811936,-0.029296459505755733,0.05151255427222589,-0.0018089965685357257,1784967687.0405123,0.10732767758745897,0.10945430088140864,1784967687.0224793,4204.6015625,nan,nan,44.89025115966797,nan
22.403446674346924,1784967687.0862281,SMC,circle,circle_smc_tune_base_p01,1784967687.0622673,-0.4111005092944845,0.8898321079161547,-2.7047540318015195,0.10649147120420731,0.11258399853865624,1784967686.9723363,-0.4075772711386445,0.8920578295201976,-2.7157516491120495,0.1138918399810791,0,0,1784967687.0815823,-0.3636508672011389,0.8554165229615049,-2.7131315504123354,1784967687.0816271,-0.028433376396514012,0.051258600539338464,-0.008377518610815926,-0.024867368221945872,0.05151435049501408,0.002620098699714024,1784967687.0816755,0.1073138091164729,0.10942936939761741,1784967687.0789251,4204.65625,nan,nan,54.95262145996094,nan
22.443049669265747,1784967687.1258311,SMC,circle,circle_smc_tune_base_p01,1784967687.1122322,-0.4171140244584465,0.8871130155134889,-2.698906811651146,0.10715962473180687,0.11282613931836855,1784967687.091692,-0.42100804976485684,0.88592012431012,-2.7002749880165293,0.034139156341552734,0,0,1784967687.1208096,-0.36749372319277085,0.8536514308611322,-2.708902706723371,1784967687.1208494,-0.03050325203388148,0.051491781485017096,-0.009995895072225203,-0.034604131727086,0.05203465953365219,-0.008627718706841758,1784967687.120892,0.10726252642852492,0.10938319621375973,1784967687.1232378,4204.70166015625,nan,nan,45.222137451171875,nan
22.48410677909851,1784967687.1668882,SMC,circle,circle_smc_tune_base_p01,1784967687.161953,-0.42192832181096424,0.8848233290021363,-2.6931838361497884,0.10716591130802881,0.11318879712009233,1784967687.091692,-0.42100804976485684,0.88592012431012,-2.7002749880165293,0.0751962661743164,0,0,1784967687.161288,-0.3714387532823187,0.8518188761043135,-2.704552816014447,1784967687.1613343,-0.0261534977890551,0.05145776158214624,-0.005646004363301317,-0.030254335008213215,0.052006590891718676,-0.004277827997917871,1784967687.1613793,0.10737059467991081,0.1095270585739615,1784967687.1232378,4204.70166015625,nan,nan,45.222137451171875,nan
22.524049520492554,1784967687.206831,SMC,circle,circle_smc_tune_base_p01,1784967687.161953,-0.42192832181096424,0.8848233290021363,-2.6931838361497884,0.10716591130802881,0.11318879712009233,1784967687.1678872,-0.4293435496116902,0.8824099364480245,-2.686915998395734,0.03894376754760742,0,0,1784967687.2009766,-0.37533836112904106,0.8499868544648037,-2.7002443042804387,1784967687.2010849,-0.026881253593398602,0.05159072203197748,-0.00706046813065031,-0.034279122955030925,0.05284655483350814,-0.013328305884704681,1784967687.2011418,0.10735215801358901,0.1094843417967109,1784967687.1835566,4204.76171875,nan,nan,60.25632858276367,nan
22.563621044158936,1784967687.2464025,SMC,circle,circle_smc_tune_base_p01,1784967687.2119439,-0.42760254729575503,0.8822140139361314,-2.687380919869682,0.10538721618820925,0.11079176682489626,1784967687.1678872,-0.4293435496116902,0.8824099364480245,-2.686915998395734,0.07851529121398926,0,0,1784967687.2408974,-0.37922857576216096,0.8481387476244697,-2.695937414746442,1784967687.2409403,-0.028518534202106337,0.05184455712133075,-0.008556494876760024,-0.02997250566361216,0.05279842698001029,-0.009021416350707858,1784967687.2409873,0.10731160166862333,0.10944293540815235,1784967687.2256544,4204.8037109375,nan,nan,41.61954879760742,nan
22.603169441223145,1784967687.285951,SMC,circle,circle_smc_tune_base_p01,1784967687.2619035,-0.43227692757609615,0.8799281753161767,-2.6820785571122627,0.10495597002058532,0.11004003064244108,1784967687.1678872,-0.4293435496116902,0.8824099364480245,-2.686915998395734,0.11806368827819824,0,0,1784967687.2811239,-0.38314388119354814,0.8462579214721326,-2.6915937810947086,1784967687.2811735,-0.029103198677412727,0.05196870276902265,-0.009515223982445862,-0.025628977321226064,0.05276867508504888,-0.004677782698974565,1784967687.2812247,0.10729663413630873,0.10941511595955256,1784967687.2748876,4204.853515625,nan,nan,50.02725601196289,nan
22.64293122291565,1784967687.3257127,SMC,circle,circle_smc_tune_base_p01,1784967687.3124382,-0.4383116187857643,0.8770912648566811,-2.6764877641348335,0.10705227754085184,0.1111042077544955,1784967687.290345,-0.441571483865373,0.8763717834441138,-2.6805089157372204,0.035367727279663086,0,0,1784967687.3215606,-0.3870264547716651,0.8443720847607235,-2.687277441601911,1784967687.321609,-0.031162279328261364,0.05224581458042532,-0.010789677467077485,-0.034611666197314164,0.05292611338183559,-0.006768525864690567,1784967687.3216894,0.10724581883155822,0.1093818712371116,1784967687.2748876,4204.853515625,nan,nan,50.02725601196289,nan
22.683878421783447,1784967687.3666599,SMC,circle,circle_smc_tune_base_p01,1784967687.3622727,-0.44323601843957783,0.8746100523904078,-2.670580516696098,0.10833670674714829,0.1123072937658621,1784967687.290345,-0.441571483865373,0.8763717834441138,-2.6805089157372204,0.07631492614746094,0,0,1784967687.3608196,-0.39088030362616366,0.8424796526846184,-2.6829840189029355,1784967687.3608618,-0.026869020286969084,0.05220870716400743,-0.006496254768102005,-0.030318292652100204,0.05290627006437276,-0.002475103165715087,1784967687.3609102,0.10735286464952237,0.10952374841319684,1784967687.3259127,4204.90234375,nan,nan,48.98371124267578,nan
22.723432540893555,1784967687.406214,SMC,circle,circle_smc_tune_base_p01,1784967687.3622727,-0.44323601843957783,0.8746100523904078,-2.670580516696098,0.10833670674714829,0.1123072937658621,1784967687.3743284,-0.4510059776214434,0.871549507183899,-2.6658311591099686,0.031885623931884766,0,0,1784967687.4008443,-0.39474156652099146,0.8405629189660094,-2.6786731897403384,1784967687.400891,-0.02776366866827633,0.0523459440967592,-0.008092673044240328,-0.03582358420720883,0.05331532069128657,-0.012842030630369816,1784967687.4009433,0.1073301354379843,0.10947510903508396,1784967687.3739817,4204.95263671875,nan,nan,50.209598541259766,nan
22.763104915618896,1784967687.4458864,SMC,circle,circle_smc_tune_base_p01,1784967687.4124396,-0.44912741480556523,0.8717065610361392,-2.6642213818563203,0.10867079991971858,0.11317067916127661,1784967687.3743284,-0.4510059776214434,0.871549507183899,-2.6658311591099686,0.07155799865722656,0,0,1784967687.4409108,-0.398622646649089,0.8386153732710929,-2.674330869298139,1784967687.4409535,-0.029655014401428037,0.05259599257635568,-0.010109487441818832,-0.03148151439857132,0.05326898526833806,-0.008499710188170528,1784967687.4410028,0.10728276080760678,0.1094162168378179,1784967687.4242504,4205.001953125,nan,nan,49.334712982177734,nan
22.803321599960327,1784967687.486103,SMC,circle,circle_smc_tune_base_p01,1784967687.4621305,-0.45361155687152177,0.8693931218015506,-2.6596347116136676,0.10609733364153108,0.10979333820784032,1784967687.3743284,-0.4510059776214434,0.871549507183899,-2.6658311591099686,0.11177468299865723,0,0,1784967687.4808562,-0.40247883228422077,0.8366593572111061,-2.6700069595386173,1784967687.4809,-0.03013555917297022,0.05270581506167822,-0.010372247924949729,-0.027157694846601365,0.05324158159110971,-0.004175800428648735,1784967687.4809473,0.1072709371214736,0.10941111890455761,1784967687.4732342,4205.05224609375,nan,nan,50.00212478637695,nan
22.843315839767456,1784967687.5260973,SMC,circle,circle_smc_tune_base_p01,1784967687.5119896,-0.4596144897845345,0.8663205548123949,-2.6533148827929036,0.1065351930609926,0.11137155995312566,1784967687.4889352,-0.46420328374454,0.8645118103785142,-2.6539128364790203,0.037162065505981445,0,0,1784967687.52066,-0.40630045479022336,0.8347001220056867,-2.6657123781253484,1784967687.5207028,-0.03225054503958256,0.05293524764188829,-0.01239749533244483,-0.037183572421450685,0.053468273831592535,-0.011799541646328127,1784967687.5207503,0.10721768733926518,0.10935125841031478,1784967687.4732342,4205.05224609375,nan,nan,50.00212478637695,nan
22.88308596611023,1784967687.5658674,SMC,circle,circle_smc_tune_base_p01,1784967687.5619998,-0.4644727881500554,0.8637229904680112,-2.646932366658999,0.10802923599761464,0.11414638734278039,1784967687.4889352,-0.46420328374454,0.8645118103785142,-2.6539128364790203,0.07693219184875488,0,0,1784967687.5609837,-0.4101508752727616,0.8327050920341056,-2.661375799756208,1784967687.561053,-0.027914196948874346,0.052890888696138186,-0.008060916963304354,-0.03284719858137651,0.05342650782894327,-0.007462963277187651,1784967687.5611017,0.10732655045958321,0.10949433239109446,1784967687.5479355,4205.126953125,nan,nan,74.64949035644531,nan
22.92377471923828,1784967687.6065562,SMC,circle,circle_smc_tune_base_p01,1784967687.5619998,-0.4644727881500554,0.8637229904680112,-2.646932366658999,0.10802923599761464,0.11414638734278039,1784967687.5690098,-0.4723345383461385,0.8603404452984179,-2.645145314953892,0.037546396255493164,0,0,1784967687.6011283,-0.4139878686790377,0.8306958780300082,-2.657044577222028,1784967687.6012032,-0.0287542440347488,0.05303499505022832,-0.010112210563029134,-0.03718322600905888,0.053856679560963405,-0.011899262268135757,1784967687.6012647,0.10730437632288647,0.10943075948290663,1784967687.5749424,4205.15234375,nan,nan,25.51526641845703,nan
22.963721990585327,1784967687.6465034,SMC,circle,circle_smc_tune_base_p01,1784967687.611877,-0.4703857155512654,0.8606488242849268,-2.641469203105066,0.10856471048497168,0.11291792903606722,1784967687.5690098,-0.4723345383461385,0.8603404452984179,-2.645145314953892,0.07749366760253906,0,0,1784967687.6410544,-0.41780753069690535,0.828674635078192,-2.6527230878879213,1784967687.641097,-0.03080587917147375,0.05327111887767986,-0.011253884782855383,-0.03286194495814921,0.053814595358977355,-0.00757777293402917,1784967687.6411436,0.10725381987623914,0.10940057446982748,1784967687.6251318,4205.20361328125,nan,nan,51.35757827758789,nan
23.00341033935547,1784967687.6861918,SMC,circle,circle_smc_tune_base_p01,1784967687.6619773,-0.4752279086623695,0.8579968200235186,-2.6358345858370003,0.10914715326202128,0.11283895838703889,1784967687.5690098,-0.4723345383461385,0.8603404452984179,-2.645145314953892,0.11718201637268066,0,0,1784967687.680684,-0.42159163630525454,0.826651301208651,-2.648432008366742,1784967687.680728,-0.03173542462506378,0.053406498537226066,-0.01259742252974183,-0.02857093204205215,0.05379128534698028,-0.003286693412849928,1784967687.6807773,0.10722978038938918,0.10936030253358281,1784967687.6746356,4205.25244140625,nan,nan,49.037010192871094,nan
23.044058561325073,1784967687.72684,SMC,circle,circle_smc_tune_base_p01,1784967687.7118502,-0.48108774355000716,0.8548350354177185,-2.630788643611629,0.11047059743120433,0.11240551102784843,1784967687.689341,-0.48382204864586265,0.8536984531696833,-2.635647625467957,0.03749895095825195,0,0,1784967687.7211664,-0.42541814165170044,0.8245839898392322,-2.6440827613879825,1784967687.7212021,-0.03377437892765892,0.053605239129757856,-0.013294117776353698,-0.03697701561626955,0.0537714482166613,-0.008435135920025427,1784967687.7212465,0.10717987143364936,0.10934370404511347,1784967687.6746356,4205.25244140625,nan,nan,49.037010192871094,nan
23.08298373222351,1784967687.7657652,SMC,circle,circle_smc_tune_base_p01,1784967687.762077,-0.4857710317069543,0.8522064185947855,-2.6255082225329907,0.1091597666547669,0.11120974189648299,1784967687.689341,-0.48382204864586265,0.8536984531696833,-2.635647625467957,0.07642412185668945,0,0,1784967687.7614172,-0.42924909624771024,0.8224926606247225,-2.6397181421329163,1784967687.7614589,-0.029410032588750423,0.05355674135448498,-0.00892949852128755,-0.03261248514884093,0.05374415721012629,-0.004070516664959278,1784967687.7615018,0.10728985350551265,0.10948757476110658,1784967687.728541,4205.3076171875,nan,nan,54.86747360229492,nan
23.123370885849,1784967687.8061523,SMC,circle,circle_smc_tune_base_p01,1784967687.762077,-0.4857710317069543,0.8522064185947855,-2.6255082225329907,0.1091597666547669,0.11120974189648299,1784967687.7680337,-0.49243500914924176,0.8489902335938031,-2.6226927829908657,0.038118600845336914,0,0,1784967687.801345,-0.433027603273231,0.8204086269232407,-2.635403012852826,1784967687.8013792,-0.030182502419770156,0.053684125640740654,-0.009894790319835423,-0.03741299221419567,0.054280900198581394,-0.012710229861960352,1784967687.8014154,0.1072703330137857,0.10945964451069684,1784967687.7739632,4205.3525390625,nan,nan,45.21413040161133,nan
23.16301465034485,1784967687.845796,SMC,circle,circle_smc_tune_base_p01,1784967687.8120222,-0.4913854586161037,0.8490781307158292,-2.6192947343165955,0.10867557798840755,0.11247758682552773,1784967687.7680337,-0.49243500914924176,0.8489902335938031,-2.6226927829908657,0.07776236534118652,0,0,1784967687.8415585,-0.436804316350607,0.8183042566497606,-2.631079592328229,1784967687.841603,-0.03195186191880124,0.05390000868239724,-0.011784858011633313,-0.03308981559063476,0.05423529539372092,-0.008386809337363132,1784967687.8416488,0.10722565572531527,0.10940383835569213,1784967687.8248413,4205.40380859375,nan,nan,51.013736724853516,nan
23.203659057617188,1784967687.8864405,SMC,circle,circle_smc_tune_base_p01,1784967687.861958,-0.4958923930134241,0.8464783645655802,-2.6139159903861904,0.10704042503261105,0.11170236127544535,1784967687.7680337,-0.49243500914924176,0.8489902335938031,-2.6226927829908657,0.11840677261352539,0,0,1784967687.8810427,-0.4405361046267189,0.8162038249509266,-2.6267972932864803,1784967687.8810918,-0.03258262552315973,0.054029981740223144,-0.012881302900289883,-0.028807603343130397,0.05420854980499383,-0.0041045102956145385,1784967687.8811452,0.1072090570012598,0.10937162262799778,1784967687.8739567,4205.45263671875,nan,nan,48.97996139526367,nan
23.24302315711975,1784967687.9258046,SMC,circle,circle_smc_tune_base_p01,1784967687.9122825,-0.5015783981475285,0.8432119738736803,-2.608152967588736,0.10735916700126306,0.11196712303549713,1784967687.8888435,-0.5046971282725993,0.8417366941773192,-2.610368068534336,0.03696107864379883,0,0,1784967687.9213011,-0.4443183336807319,0.8140534519714118,-2.6224465013553284,1784967687.9213433,-0.03447747439914953,0.054223962796191495,-0.014293533766592592,-0.038033792211868055,0.05445540731077392,-0.012078432820992635,1784967687.9213881,0.10716150832644475,0.10933101430098663,1784967687.9248664,4205.50390625,nan,nan,51.02022171020508,nan
23.283170461654663,1784967687.965952,SMC,circle,circle_smc_tune_base_p01,1784967687.9618652,-0.5061244492848619,0.8405162242068803,-2.6023476778517205,0.10706899405830399,0.1127913318020414,1784967687.8888435,-0.5046971282725993,0.8417366941773192,-2.610368068534336,0.07710838317871094,0,0,1784967687.9610603,-0.44802830393138504,0.8119229285281867,-2.6181682964374207,1784967687.96111,-0.030199588749817315,0.05417196496834963,-0.010015328848684835,-0.03375580187727942,0.05441288555129793,-0.007800227903084878,1784967687.9611619,0.10726979334743564,0.1094718878706555,1784967687.9248664,4205.50390625,nan,nan,51.02022171020508,nan
23.32352566719055,1784967688.0063071,SMC,circle,circle_smc_tune_base_p01,1784967687.9618652,-0.5061244492848619,0.8405162242068803,-2.6023476778517205,0.10706899405830399,0.1127913318020414,1784967687.96909,-0.5127310447186632,0.836711076821343,-2.602960686309067,0.037217140197753906,0,0,1784967688.001266,-0.4517864311760589,0.8097431502836895,-2.613823761563459,1784967688.0013094,-0.030825657776955322,0.054308204843216884,-0.011476083711738472,-0.03848201564270666,0.05441185030553679,-0.010863075254392118,1784967688.0013573,0.10725307246454795,0.10942773737104929,1784967687.9747171,4205.5537109375,nan,nan,49.7983512878418,nan
23.36295175552368,1784967688.0457332,SMC,circle,circle_smc_tune_base_p01,1784967688.0123086,-0.5115241530293742,0.8373252391719408,-2.5977153324181663,0.10557389077636989,0.10986879132451229,1784967687.96909,-0.5127310447186632,0.836711076821343,-2.602960686309067,0.07664322853088379,0,0,1784967688.0404994,-0.45546216005849316,0.8075899775256923,-2.60956381283299,1784967688.0405483,-0.032585997966799785,0.054454435793107686,-0.011848480414823559,-0.03422223257902865,0.05437464824450707,-0.006603126523923031,1784967688.040602,0.10721035526712444,0.10942019851260947,1784967688.0270348,4205.60400390625,nan,nan,50.34657669067383,nan
23.40381932258606,1784967688.0866008,SMC,circle,circle_smc_tune_base_p01,1784967688.0629332,-0.5160132236433221,0.8346098818693841,-2.592593294050013,0.10484763306421503,0.10843289786914191,1784967687.96909,-0.5127310447186632,0.836711076821343,-2.602960686309067,0.11751079559326172,0,0,1784967688.0807426,-0.4592073906292411,0.8053743776772008,-2.605212299924055,1784967688.0808303,-0.03320197501073936,0.05458247177602961,-0.012619005874041633,-0.029870765751592216,0.05435538256463751,-0.002251613614987935,1784967688.0808852,0.10719455379114941,0.10939878219673294,1784967688.0760946,4205.65380859375,nan,nan,49.82121658325195,nan
23.443339347839355,1784967688.1261208,SMC,circle,circle_smc_tune_base_p01,1784967688.111919,-0.5215933576218167,0.8311680080168233,-2.5877187632359058,0.10667356016689623,0.10793224569894913,1784967688.0883253,-0.5245394290799095,0.829054359367816,-2.5917877179042748,0.0377955436706543,0,0,1784967688.1217182,-0.4629897220391914,0.8031144133384045,-2.6008062244464543,1784967688.121765,-0.03508620442373909,0.05468407937432744,-0.013087461210548488,-0.03892474452876346,0.054278094109663604,-0.009018506542179507,1784967688.1218197,0.10714868201723718,0.10938655393879262,1784967688.0760946,4205.65380859375,nan,nan,49.82121658325195,nan
23.483002185821533,1784967688.1657836,SMC,circle,circle_smc_tune_base_p01,1784967688.1625743,-0.5264813273080897,0.8281401154548143,-2.5821904762578605,0.10916475847699512,0.10812273585409149,1784967688.0883253,-0.5245394290799095,0.829054359367816,-2.5917877179042748,0.07745838165283203,0,0,1784967688.1611621,-0.4666385864943241,0.8009126809834172,-2.5965445505191465,1784967688.1612,-0.030824789520571532,0.0546373867840137,-0.008825787283240683,-0.034663174912866156,0.05424874136209727,-0.004756832614871698,1784967688.161241,0.10725599877466709,0.10952705331669244,1784967688.126512,4205.70361328125,nan,nan,49.884796142578125,nan
23.523112297058105,1784967688.2058938,SMC,circle,circle_smc_tune_base_p01,1784967688.1625743,-0.5264813273080897,0.8281401154548143,-2.5821904762578605,0.10916475847699512,0.10812273585409149,1784967688.1695108,-0.5328925093337532,0.8237127338560035,-2.5778107505453813,0.03638291358947754,0,0,1784967688.2017791,-0.4703756924298441,0.7986356290001672,-2.5921683698703437,1784967688.2018316,-0.03189616513088498,0.05478130735923323,-0.009977893612483246,-0.03944085494082652,0.05460432716629869,-0.014357619324962378,1784967688.2018836,0.10722911592997114,0.10949344712489166,1784967688.17635,4205.75390625,nan,nan,50.31064987182617,nan
23.56306028366089,1784967688.2458417,SMC,circle,circle_smc_tune_base_p01,1784967688.2119775,-0.5324449423463488,0.82431507829124,-2.574872560604285,0.11389278663435029,0.11315942391111929,1784967688.1695108,-0.5328925093337532,0.8237127338560035,-2.5778107505453813,0.07633090019226074,0,0,1784967688.2414389,-0.4740283778351415,0.79638825746032,-2.587879685025373,1784967688.2414794,-0.03429108119217727,0.05492289214604276,-0.01300712442108809,-0.03515249323731985,0.054551949613045866,-0.010068934479991576,1784967688.2415264,0.10716787817476539,0.10939719225749849,1784967688.2262983,4205.8037109375,nan,nan,49.82209777832031,nan
23.60344696044922,1784967688.2862284,SMC,circle,circle_smc_tune_base_p01,1784967688.2623637,-0.537532748021928,0.8210478968444634,-2.567676793740959,0.11612551908343582,0.11801634894730458,1784967688.1695108,-0.5328925093337532,0.8237127338560035,-2.5778107505453813,0.11671757698059082,0,0,1784967688.2810776,-0.47767643723451014,0.7941220919507506,-2.583585052113691,1784967688.2811205,-0.03564753289258857,0.055109257923928345,-0.01590825837273213,-0.030857998373702733,0.05451792955351734,-0.005774301568309603,1784967688.2811708,0.10713079357382098,0.10930669998503988,1784967688.2759776,4205.8544921875,nan,nan,51.0164794921875,nan
23.64303755760193,1784967688.325819,SMC,circle,circle_smc_tune_base_p01,1784967688.3119435,-0.5429365105218952,0.8176034743306181,-2.5632684615924264,0.11448788382101703,0.11557176739916289,1784967688.2893674,-0.544729158473315,0.8164765719880808,-2.5693723822823724,0.03645157814025879,0,0,1784967688.3204715,-0.4812876521418723,0.791857343549646,-2.5793224254657416,1784967688.3205051,-0.03755012577391746,0.05525787766566877,-0.016053963873315258,-0.04000401196153656,0.055050977843155206,-0.009950043183369228,1784967688.3205457,0.10708487987350777,0.10930679712641178,1784967688.2759776,4205.8544921875,nan,nan,51.0164794921875,nan
23.68306827545166,1784967688.3658497,SMC,circle,circle_smc_tune_base_p01,1784967688.3620348,-0.5473474975887979,0.8147157513411961,-2.557703330720035,0.11111284770091476,0.1148362006511476,1784967688.2893674,-0.544729158473315,0.8164765719880808,-2.5693723822823724,0.07648229598999023,0,0,1784967688.3609838,-0.4849747360141441,0.7895227955947031,-2.5749583984424254,1784967688.3610215,-0.03318652209358036,0.05519734208899334,-0.01168993684999897,-0.035640120068123476,0.055017078319582025,-0.005586016160052942,1784967688.3610654,0.1071961442041168,0.10945024684129981,1784967688.3262117,4205.9033203125,nan,nan,48.55483627319336,nan
23.7239089012146,1784967688.4066904,SMC,circle,circle_smc_tune_base_p01,1784967688.3620348,-0.5473474975887979,0.8147157513411961,-2.557703330720035,0.11111284770091476,0.1148362006511476,1784967688.3790452,-0.5527193963047708,0.8114227968937102,-2.5536437722479772,0.027645111083984375,0,0,1784967688.401347,-0.48863792647090154,0.7871809607338907,-2.570610619168439,1784967688.401387,-0.033803668082861525,0.05533796579907155,-0.012907288448404055,-0.039875047714181884,0.05571428870819725,-0.016966846920461798,1784967688.4014308,0.1071797157937729,0.10941435591168891,1784967688.3803265,4205.958984375,nan,nan,55.56410598754883,nan
23.76372981071472,1784967688.4465113,SMC,circle,circle_smc_tune_base_p01,1784967688.4126878,-0.5523372440650454,0.8114323980735728,-2.551599546275972,0.10836510683458066,0.11478660488765441,1784967688.3790452,-0.5527193963047708,0.8114227968937102,-2.5536437722479772,0.06746602058410645,0,0,1784967688.440755,-0.4922350316220552,0.7848594504524957,-2.566329427342572,1784967688.4407864,-0.03515760357723217,0.0555188292070449,-0.014729881066600115,-0.035594329689757356,0.05565081705747531,-0.01268565509459485,1784967688.44082,0.10714450137858889,0.1093596316046815,1784967688.4249282,4206.00390625,nan,nan,44.83053207397461,nan
23.802891731262207,1784967688.4856732,SMC,circle,circle_smc_tune_base_p01,1784967688.4619076,-0.5566516405657946,0.808535003817987,-2.545922994511765,0.1073655015176671,0.11487182371661223,1784967688.3790452,-0.5527193963047708,0.8114227968937102,-2.5536437722479772,0.1066279411315918,0,0,1784967688.4807956,-0.4958585103597106,0.7824987717993527,-2.562004796605267,1784967688.4808283,-0.03571493773828422,0.05566087746642634,-0.016081802093502073,-0.031269941776373975,0.055605308374456056,-0.008361024357289804,1784967688.4808655,0.10712887607990507,0.10931930251243081,1784967688.4249282,4206.00390625,nan,nan,44.83053207397461,nan
23.842935800552368,1784967688.5257173,SMC,circle,circle_smc_tune_base_p01,1784967688.5122335,-0.5620837400393209,0.8048610315683797,-2.539203670441666,0.10837294921071465,0.11661752522036112,1784967688.4925983,-0.5648750536388965,0.8032357064215755,-2.5393327098823413,0.03311896324157715,0,0,1784967688.5209816,-0.49944491378586453,0.7801401746127163,-2.557712326626935,1784967688.5210242,-0.03760626351724745,0.05586154551482096,-0.018508656185268983,-0.04083443114941088,0.05609862764297682,-0.01837961674459354,1784967688.5211363,0.10707895140457067,0.10924509631098507,1784967688.525166,4206.103515625,nan,nan,42.29270935058594,nan
23.88324213027954,1784967688.5660236,SMC,circle,circle_smc_tune_base_p01,1784967688.5620234,-0.5663401894305055,0.801940849026758,-2.5344213414383754,0.10662485142941318,0.11323232757442404,1784967688.4925983,-0.5648750536388965,0.8032357064215755,-2.5393327098823413,0.07342529296875,0,0,1784967688.5614042,-0.5031145358859881,0.7777039235504295,-2.5533076158572823,1784967688.5614364,-0.03320214189115708,0.05578972421705933,-0.014103945415616437,-0.036430300292207354,0.05602737465120287,-0.013974905974940999,1784967688.561473,0.1071924070237551,0.1093895259600481,1784967688.525166,4206.103515625,nan,nan,42.29270935058594,nan
23.92343521118164,1784967688.6062167,SMC,circle,circle_smc_tune_base_p01,1784967688.5620234,-0.5663401894305055,0.801940849026758,-2.5344213414383754,0.10662485142941318,0.11323232757442404,1784967688.569605,-0.5727714041585621,0.7977413935373816,-2.530574964539594,0.03661155700683594,0,0,1784967688.600801,-0.5066471410679128,0.7753365429418602,-2.549055108647504,1784967688.6008413,-0.03384482576122303,0.055906859098595565,-0.014633767209128568,-0.04130635046673521,0.056286596189575114,-0.01848014410790988,1784967688.6009731,0.10717616044238719,0.1093757697296489,1784967688.5825312,4206.16064453125,nan,nan,57.11735153198242,nan
23.963280200958252,1784967688.6460617,SMC,circle,circle_smc_tune_base_p01,1784967688.6123652,-0.5716969194519628,0.7982303981440109,-2.528068534226297,0.10728385435181137,0.11399787700145597,1784967688.569605,-0.5727714041585621,0.7977413935373816,-2.530574964539594,0.07645654678344727,0,0,1784967688.6408365,-0.5102313466395112,0.7729122371349517,-2.5447280059863706,1784967688.640879,-0.035678739526281006,0.05608969124410672,-0.016659471760073433,-0.036979827173068414,0.056215995805397864,-0.014153041446776536,1784967688.6410232,0.10712872354602554,0.10931434064946778,1784967688.6272252,4206.205078125,nan,nan,44.298065185546875,nan
24.00308585166931,1784967688.6858673,SMC,circle,circle_smc_tune_base_p01,1784967688.661998,-0.5761257493208776,0.7950964099576594,-2.5218968071187366,0.10801628031194918,0.11567825485808529,1784967688.569605,-0.5727714041585621,0.7977413935373816,-2.530574964539594,0.11626219749450684,0,0,1784967688.6809444,-0.5138020981186819,0.7704744547307332,-2.5404044567157418,1784967688.6809845,-0.03643476275700874,0.056240432441529015,-0.018507649597005127,-0.03265659210860143,0.05616415225535758,-0.009829492176147703,1784967688.6810281,0.10710706943475119,0.10925775942815079,1784967688.6853285,4206.26318359375,nan,nan,58.152801513671875,nan
24.043434858322144,1784967688.7262163,SMC,circle,circle_smc_tune_base_p01,1784967688.712342,-0.5813727158539566,0.7913210956050956,-2.515920794108786,0.10752163439584064,0.11451292857487334,1784967688.6897235,-0.5840511903764785,0.7893558857176902,-2.515573458770733,0.03649282455444336,0,0,1784967688.7212205,-0.5173893753122163,0.7680024967021035,-2.536047948460736,1784967688.7212586,-0.038206614918955065,0.05637268397117176,-0.020127154351949894,-0.041509040718370645,0.0563627922370203,-0.020474489690003317,1784967688.7213018,0.1070611664539361,0.10920818432064072,1784967688.6853285,4206.26318359375,nan,nan,58.152801513671875,nan
24.083184003829956,1784967688.7659655,SMC,circle,circle_smc_tune_base_p01,1784967688.7621624,-0.5856315613841845,0.7882380894534985,-2.5103956125543094,0.10678040509600811,0.11391505701562082,1784967688.6897235,-0.5840511903764785,0.7893558857176902,-2.515573458770733,0.07624197006225586,0,0,1784967688.7614527,-0.5209384736272105,0.7655340629113204,-2.531724836926618,1784967688.7614994,-0.03388420440166906,0.056295020923139906,-0.015804042817831654,-0.0371866574369369,0.056283627867785124,-0.016151378155885077,1784967688.7615461,0.10717329191553839,0.10934969927017694,1784967688.7264018,4206.3046875,nan,nan,41.56019592285156,nan
24.123820543289185,1784967688.806602,SMC,circle,circle_smc_tune_base_p01,1784967688.7621624,-0.5856315613841845,0.7882380894534985,-2.5103956125543094,0.10678040509600811,0.11391505701562082,1784967688.7710783,-0.5916706060918514,0.7837301847179752,-2.506896226247722,0.03552365303039551,0,0,1784967688.8008652,-0.5244244054088336,0.7630873015375446,-2.527465918164411,1784967688.8009107,-0.03457209402251226,0.05642382821364389,-0.017070305610101588,-0.041910271064613244,0.05649521494420788,-0.02056969191668889,1784967688.8009617,0.10715453477754099,0.10931178408678474,1784967688.775853,4206.3544921875,nan,nan,49.94498062133789,nan
24.162956953048706,1784967688.8457384,SMC,circle,circle_smc_tune_base_p01,1784967688.8121593,-0.5905345937163229,0.7846270426293342,-2.5046847270238564,0.10461926497454016,0.1126590869448246,1784967688.7710783,-0.5916706060918514,0.7837301847179752,-2.506896226247722,0.07466006278991699,0,0,1784967688.8406088,-0.527944153786726,0.7605942182011812,-2.523152668576398,1784967688.8406465,-0.03602624400429637,0.056544226615259374,-0.0184679415525415,-0.037597755983199074,0.05641579933929372,-0.016256442328675735,1784967688.8406904,0.10711695316463436,0.1092692095020906,1784967688.8289447,4206.40576171875,nan,nan,51.08796310424805,nan
24.20390510559082,1784967688.8866866,SMC,circle,circle_smc_tune_base_p01,1784967688.8620846,-0.5943990855744359,0.7817632421250154,-2.499480150837795,0.1015748765098215,0.11128501729574537,1784967688.7710783,-0.5916706060918514,0.7837301847179752,-2.506896226247722,0.11560821533203125,0,0,1784967688.8805187,-0.5314495396182344,0.758088544762571,-2.518843822102704,1784967688.8805661,-0.03623353059896252,0.0566592260062675,-0.019363671264909232,-0.03328934127891489,0.05635503796501526,-0.011947595854981952,1784967688.880666,0.10711014850296452,0.10924318515804528,1784967688.8779993,4206.45556640625,nan,nan,50.029632568359375,nan
24.242973566055298,1784967688.925755,SMC,circle,circle_smc_tune_base_p01,1784967688.9124088,-0.5993062274838071,0.7781072375195054,-2.4943531022193435,0.1010294294973907,0.11120295237676928,1784967688.8918648,-0.6022049509573475,0.7758775847566605,-2.4990886800475507,0.0338902473449707,0,0,1784967688.9205859,-0.5349612980028815,0.7555553255797182,-2.514513732533613,1784967688.9206226,-0.03773275464049917,0.05678994549464807,-0.0201606303142694,-0.04165798800914662,0.056562488592222265,-0.015425052486062185,1784967688.9206636,0.10707246627723677,0.10922097717267928,1784967688.8779993,4206.45556640625,nan,nan,50.029632568359375,nan
24.283739805221558,1784967688.9665213,SMC,circle,circle_smc_tune_base_p01,1784967688.9621277,-0.6033710987188325,0.7750262772309727,-2.4887241653781236,0.10159816031978783,0.11152964653605038,1784967688.8918648,-0.6022049509573475,0.7758775847566605,-2.4990886800475507,0.07465648651123047,0,0,1784967688.9606109,-0.5384546550657532,0.7530123348853021,-2.5101928096820494,1784967688.960645,-0.033412535133513735,0.05671217241405516,-0.01583970746270591,-0.03733744864493875,0.05650517504292897,-0.011104129634498694,1784967688.9606826,0.10718455103810844,0.1093624154983783,1784967688.9275532,4206.50634765625,nan,nan,50.77008056640625,nan
24.323019981384277,1784967689.0058014,SMC,circle,circle_smc_tune_base_p01,1784967688.9621277,-0.6033710987188325,0.7750262772309727,-2.4887241653781236,0.10159816031978783,0.11152964653605038,1784967688.9678106,-0.610626231667994,0.7696913677462411,-2.4845973987709176,0.03799080848693848,0,0,1784967689.000716,-0.5419453411872344,0.7504481120259341,-2.505861509900251,1784967689.0007515,-0.03386278024467665,0.05683768122713663,-0.01713734452212723,-0.04263101988855857,0.05718359687190511,-0.02126411112933324,1784967689.00079,0.10717143447908979,0.10932334455683365,1784967688.9764502,4206.5546875,nan,nan,48.04057312011719,nan
24.363356351852417,1784967689.0461378,SMC,circle,circle_smc_tune_base_p01,1784967689.012913,-0.6089860580925722,0.7707325402701257,-2.4816487136595002,0.10627464056439066,0.11468136180188404,1784967688.9678106,-0.610626231667994,0.7696913677462411,-2.4845973987709176,0.07832717895507812,0,0,1784967689.0414095,-0.5454721604180868,0.7478335910535151,-2.501471270184674,1784967689.0414498,-0.03613895122709895,0.05702940712680857,-0.01982255652517395,-0.03824158187751237,0.05709988456987094,-0.016873871413756625,1784967689.041497,0.10711144744297824,0.10924022835338781,1784967689.026461,4206.6044921875,nan,nan,50.09035873413086,nan
24.40376091003418,1784967689.0865424,SMC,circle,circle_smc_tune_base_p01,1784967689.0620577,-0.6135493196364598,0.767182990865117,-2.4756054194522563,0.11034244849367703,0.11600800665871526,1784967688.9678106,-0.610626231667994,0.7696913677462411,-2.4845973987709176,0.11873173713684082,0,0,1784967689.0813437,-0.5489275669457501,0.7452486281672764,-2.497155960660139,1784967689.0813828,-0.03726071830637137,0.05717277375703321,-0.021550541207882468,-0.0339267429693712,0.05703638188142003,-0.01255856188922122,1784967689.0814278,0.10708066473662009,0.10918740775163836,1784967689.0782783,4206.65625,nan,nan,51.45833969116211,nan
24.44304347038269,1784967689.125825,SMC,circle,circle_smc_tune_base_p01,1784967689.1118891,-0.6191438397635718,0.7627583594080672,-2.468297328309813,0.11191548520890829,0.1171667315788043,1784967689.09015,-0.6231930049649358,0.7598402752136753,-2.4643913876138015,0.0356748104095459,0,0,1784967689.121402,-0.552375356538606,0.7426460712382966,-2.4928361707736633,1784967689.121446,-0.03965633790609646,0.05735773140095349,-0.024538842463850408,-0.04441614736281546,0.057775304693500604,-0.028444783159861764,1784967689.121495,0.10701573316324656,0.10909396296457011,1784967689.0782783,4206.65625,nan,nan,51.45833969116211,nan
24.483107089996338,1784967689.1658885,SMC,circle,circle_smc_tune_base_p01,1784967689.1620903,-0.6235586291705345,0.759220491472486,-2.461938758388159,0.11218697365130373,0.11872155170109701,1784967689.09015,-0.6231930049649358,0.7598402752136753,-2.4643913876138015,0.07573843002319336,0,0,1784967689.1615748,-0.5558139165456242,0.7400270803034719,-2.488513805966535,1784967689.1616178,-0.035335058650701634,0.05726101513834374,-0.020216477656722187,-0.04009527883792773,0.057661710551074934,-0.024122418352733543,1784967689.1616662,0.10712988922173787,0.10923481791605405,1784967689.1270006,4206.70458984375,nan,nan,48.45808792114258,nan
24.523393392562866,1784967689.2061749,SMC,circle,circle_smc_tune_base_p01,1784967689.1620903,-0.6235586291705345,0.759220491472486,-2.461938758388159,0.11218697365130373,0.11872155170109701,1784967689.170882,-0.6301721480647708,0.7543357730548568,-2.4581420534029714,0.035292863845825195,0,0,1784967689.2011693,-0.5592126085337932,0.7374152630189769,-2.484227464299359,1784967689.2012045,-0.036342604265713147,0.05740290475994604,-0.022288705911200243,-0.04433707750234793,0.05792912453052858,-0.026085410896387714,1784967689.2012594,0.10710095214198524,0.10917047329495819,1784967689.1780372,4206.7548828125,nan,nan,50.474971771240234,nan
24.56312346458435,1784967689.245905,SMC,circle,circle_smc_tune_base_p01,1784967689.2129633,-0.6288508460904448,0.7549774710617552,-2.4549773542218083,0.11183471047752362,0.12057494310131836,1784967689.170882,-0.6301721480647708,0.7543357730548568,-2.4581420534029714,0.07502293586730957,0,0,1784967689.2406828,-0.5625981645278302,0.7347903889742669,-2.479943543057599,1784967689.2407176,-0.03844250652938009,0.05761171572851116,-0.024966188835790604,-0.040054387438810755,0.05782656255398677,-0.021801489654627467,1784967689.2407565,0.10704372281999179,0.10908818422975736,1784967689.2279084,4206.8056640625,nan,nan,50.546295166015625,nan
24.60330319404602,1784967689.2860847,SMC,circle,circle_smc_tune_base_p01,1784967689.2619283,-0.6326894929502986,0.751824802631527,-2.449551611170418,0.10808241184478712,0.11900541377449085,1784967689.170882,-0.6301721480647708,0.7543357730548568,-2.4581420534029714,0.11520266532897949,0,0,1784967689.2807143,-0.5660076142856498,0.732123403174878,-2.475614895444074,1784967689.280755,-0.038769733046673444,0.05771937181126516,-0.02606328427365634,-0.035726577780088434,0.05774156571223403,-0.017472842041102776,1784967689.2808034,0.10703284656481417,0.1090552029179203,1784967689.2771277,4206.85546875,nan,nan,50.0621223449707,nan
24.642945528030396,1784967689.325727,SMC,circle,circle_smc_tune_base_p01,1784967689.3122118,-0.6373290947293898,0.748033675833489,-2.4444347937281696,0.10456465187177302,0.11677594466014263,1784967689.2954113,-0.6404100915685557,0.7457276819382188,-2.4470328283565492,0.030315637588500977,0,0,1784967689.3210113,-0.5693826662440291,0.7294597753348514,-2.4713153701831483,1784967689.3210561,-0.040167280690895826,0.057864466519171445,-0.026880576454978655,-0.044160663289355,0.05796012207829875,-0.02428254182659906,1784967689.3211,0.10699696908172546,0.1090327963354731,1784967689.2771277,4206.85546875,nan,nan,50.0621223449707,nan
24.683377504348755,1784967689.366159,SMC,circle,circle_smc_tune_base_p01,1784967689.3622994,-0.6410464614638459,0.7449241305614577,-2.439587231448427,0.10156613698443201,0.11343406846067508,1784967689.2954113,-0.6404100915685557,0.7457276819382188,-2.4470328283565492,0.07074761390686035,0,0,1784967689.360704,-0.5727774238762116,0.7267567170760755,-2.466975907902875,1784967689.3607345,-0.03582914664098265,0.057757245734892014,-0.022541114174705168,-0.03982226531717026,0.05786417226568286,-0.01994307954632557,1784967689.3607717,0.10711266414362554,0.10917387105200622,1784967689.3349996,4206.91064453125,nan,nan,55.17780303955078,nan
24.723204612731934,1784967689.405986,SMC,circle,circle_smc_tune_base_p01,1784967689.3622994,-0.6410464614638459,0.7449241305614577,-2.439587231448427,0.10156613698443201,0.11343406846067508,1784967689.382226,-0.647798984928439,0.7395220922983246,-2.4364364826562572,0.023760080337524414,0,0,1784967689.401645,-0.5762088722903087,0.723999852289237,-2.462574184041181,1784967689.4016843,-0.03599480099021625,0.05784559354630603,-0.022986952592753962,-0.044455828149823476,0.05822167556806714,-0.026137701384923773,1784967689.401726,0.10710759243320907,0.10916195469845173,1784967689.3775854,4206.9560546875,nan,nan,44.994720458984375,nan
24.763421773910522,1784967689.4462032,SMC,circle,circle_smc_tune_base_p01,1784967689.412863,-0.6461506636808911,0.7406407891941581,-2.4333054503275453,0.10542210611250076,0.11493325936419148,1784967689.382226,-0.647798984928439,0.7395220922983246,-2.4364364826562572,0.06397724151611328,0,0,1784967689.4416115,-0.5795454282075276,0.7212952678596644,-2.4582791391421943,1784967689.4416587,-0.038000241835675096,0.05802144610913934,-0.024973688814649005,-0.04016202245273414,0.0581186466349526,-0.021842656485937084,1784967689.4417086,0.10705431694914896,0.10910159190981635,1784967689.4325502,4207.0107421875,nan,nan,54.948219299316406,nan
24.80316185951233,1784967689.4859433,SMC,circle,circle_smc_tune_base_p01,1784967689.4623544,-0.6506312582881552,0.7367878181234632,-2.4268863151894062,0.11065823804506025,0.11736238144834903,1784967689.382226,-0.647798984928439,0.7395220922983246,-2.4364364826562572,0.10371732711791992,0,0,1784967689.4809887,-0.5828656610054599,0.7185802183041982,-2.453990145306745,1784967689.481036,-0.03924920752012468,0.058165217916733736,-0.02710383011733875,-0.03587386397947165,0.05803416687826894,-0.017553662650487745,1784967689.4810817,0.10701835209716157,0.10903537959331316,1784967689.4770663,4207.05517578125,nan,nan,44.27849197387695,nan
24.84330677986145,1784967689.5260882,SMC,circle,circle_smc_tune_base_p01,1784967689.5123076,-0.6558555281762718,0.732298593215765,-2.4212650505640387,0.11225865801803707,0.1160031339677475,1784967689.4916222,-0.6588200663238283,0.7300266592046841,-2.4223895346891604,0.03446602821350098,0,0,1784967689.5209742,-0.5861908737859542,0.7158371537230209,-2.4496795221378,1784967689.5210161,-0.0415007601216596,0.058325208707900325,-0.02841447157376109,-0.0452933502888245,0.058522252982361925,-0.02728998744863942,1784967689.5210683,0.1069603860518782,0.10899702457113797,1784967689.4770663,4207.05517578125,nan,nan,44.27849197387695,nan
24.8834867477417,1784967689.5662682,SMC,circle,circle_smc_tune_base_p01,1784967689.5629551,-0.660089008272683,0.7285668236395973,-2.415122341233571,0.11187340729604395,0.1168746988974804,1784967689.4916222,-0.6588200663238283,0.7300266592046841,-2.4223895346891604,0.07464599609375,0,0,1784967689.5616367,-0.5895612866202846,0.7130320875149755,-2.445294535260358,1784967689.561679,-0.03711728421100524,0.05821023894643958,-0.02402948469631916,-0.040909747867900415,0.05841221244162436,-0.02290500057119749,1784967689.561724,0.10707800620797166,0.10913935847500401,1784967689.5379784,4207.1162109375,nan,nan,61.06743621826172,nan
24.92384910583496,1784967689.6066306,SMC,circle,circle_smc_tune_base_p01,1784967689.5629551,-0.660089008272683,0.7285668236395973,-2.415122341233571,0.11187340729604395,0.1168746988974804,1784967689.570067,-0.6655120646183988,0.7240650133697378,-2.416461016883456,0.03656363487243652,0,0,1784967689.6013258,-0.5928437820258308,0.7102760152967202,-2.4410084253360416,1784967689.6013653,-0.03811799369163216,0.058339460742715996,-0.02588608410247062,-0.04524049172291522,0.05851592664804903,-0.024547408452585632,1784967689.6014102,0.10704898534703587,0.10908177922134152,1784967689.5792212,4207.15771484375,nan,nan,41.651302337646484,nan
24.963681936264038,1784967689.6464634,SMC,circle,circle_smc_tune_base_p01,1784967689.6119657,-0.6648473263284639,0.7243925037082162,-2.4094503358949364,0.11094786667998194,0.11788549986733514,1784967689.570067,-0.6655120646183988,0.7240650133697378,-2.416461016883456,0.07639646530151367,0,0,1784967689.640763,-0.5960918203483969,0.7075251354027582,-2.436752004246869,1784967689.640799,-0.03986126127438228,0.05850561995007339,-0.027301668351932484,-0.04098514348332838,0.05842050916690388,-0.020290987363412952,1784967689.6408455,0.10700308165040197,0.10904013171993802,1784967689.6404963,4207.21875,nan,nan,60.901451110839844,nan
25.00361919403076,1784967689.6864007,SMC,circle,circle_smc_tune_base_p01,1784967689.6617877,-0.6687227180907956,0.7208919372974691,-2.403385009759397,0.10851890018305083,0.11852085853393879,1784967689.570067,-0.6655120646183988,0.7240650133697378,-2.416461016883456,0.1163337230682373,0,0,1784967689.6808026,-0.5993906732745158,0.7047067831018455,-2.432413159947553,1784967689.6808383,-0.040391231489578294,0.05862968594063975,-0.029028150188155966,-0.0366470149863226,0.05834188688196433,-0.01595214306409698,1784967689.6808774,0.10698511143012018,0.10898671785841613,1784967689.6404963,4207.21875,nan,nan,60.901451110839844,nan
25.04343342781067,1784967689.726215,SMC,circle,circle_smc_tune_base_p01,1784967689.7122352,-0.6732107846385275,0.7168920824713525,-2.398287392062353,0.10683823759867458,0.1170510939412172,1784967689.68948,-0.6746390401242611,0.7159519234409824,-2.40305217235326,0.036734819412231445,0,0,1784967689.720527,-0.6026468377140461,0.7019004844819047,-2.4281145616580635,1784967689.7205634,-0.04180651612571557,0.05878974251745381,-0.029827169595710412,-0.043775210830072464,0.058856189661553496,-0.02506238930480365,1784967689.7206035,0.10694860553211576,0.10896541909739145,1784967689.6867602,4207.263671875,nan,nan,44.80293273925781,nan
25.083288431167603,1784967689.76607,SMC,circle,circle_smc_tune_base_p01,1784967689.7621386,-0.6768090414818603,0.7135938906983991,-2.3937092670441,0.10351577930077538,0.11289360534046473,1784967689.68948,-0.6746390401242611,0.7159519234409824,-2.40305217235326,0.07658982276916504,0,0,1784967689.7607572,-0.6059194013598483,0.6990553360269595,-2.423778137784162,1784967689.7607934,-0.037471754263488435,0.05866981693934624,-0.02549074572180876,-0.039439926757217136,0.05875691955452097,-0.020725965430901994,1784967689.7608373,0.10706559177924482,0.10910596904058459,1784967689.7281423,4207.3056640625,nan,nan,42.40202713012695,nan
25.123193979263306,1784967689.8059754,SMC,circle,circle_smc_tune_base_p01,1784967689.7621386,-0.6768090414818603,0.7135938906983991,-2.3937092670441,0.10351577930077538,0.11289360534046473,1784967689.7687905,-0.681245665194507,0.7096717967013988,-2.3952036893656183,0.037184953689575195,0,0,1784967689.8010647,-0.6091774904223486,0.6961978783465101,-2.4194445205737733,1784967689.8011115,-0.0377518901613534,0.058748980703562145,-0.02573525352967332,-0.043759842263666276,0.0588255428864335,-0.02424083120815501,1784967689.801168,0.10705819223318049,0.10910045757246296,1784967689.7811866,4207.3583984375,nan,nan,52.39653396606445,nan
25.16305947303772,1784967689.845841,SMC,circle,circle_smc_tune_base_p01,1784967689.8123121,-0.6812724403143293,0.7094984141597354,-2.3885694716023695,0.10395305843855226,0.11227634465364547,1784967689.7687905,-0.681245665194507,0.7096717967013988,-2.3952036893656183,0.07705044746398926,0,0,1784967689.841312,-0.61244439601621,0.6933074624925297,-2.4150825019885684,1784967689.841352,-0.0391465041875432,0.05888121778367294,-0.026513030386198896,-0.03939888844986555,0.05872932541379215,-0.019878812622950104,1784967689.8413966,0.10702252732087868,0.1090789395799158,1784967689.8324492,4207.41064453125,nan,nan,52.28685760498047,nan
25.203664779663086,1784967689.8864462,SMC,circle,circle_smc_tune_base_p01,1784967689.8622854,-0.6852911107524916,0.7057117024191526,-2.3822158366502584,0.1064163522791773,0.11472277882358886,1784967689.7687905,-0.681245665194507,0.7096717967013988,-2.3952036893656183,0.11765575408935547,0,0,1784967689.8814478,-0.6156834009400793,0.6904165054441415,-2.410740979771771,1784967689.881482,-0.039953770938076796,0.05901586654164348,-0.028525143121512553,-0.03505805032104191,0.05865244959297532,-0.015537290406152593,1784967689.8815198,0.10699717355210571,0.1090163574473377,1784967689.8771646,4207.45556640625,nan,nan,45.1579475402832,nan
25.243919610977173,1784967689.926701,SMC,circle,circle_smc_tune_base_p01,1784967689.9120252,-0.6902456539413713,0.7010352066383237,-2.3761374419158643,0.10833014664593435,0.11446580732851047,1784967689.8916204,-0.6935660597725287,0.6982094256908011,-2.375839103491378,0.035080671310424805,0,0,1784967689.9206514,-0.6188234766398077,0.6875895896314513,-2.4065158697177553,1784967689.9206946,-0.04218417581503967,0.05918114005320694,-0.03037842780189104,-0.046518560033131165,0.05945803750312606,-0.03067676622637716,1784967689.9207454,0.10693774977345777,0.10896009040837719,1784967689.8771646,4207.45556640625,nan,nan,45.1579475402832,nan
25.283350467681885,1784967689.966132,SMC,circle,circle_smc_tune_base_p01,1784967689.9623752,-0.6943125840384226,0.6971147574955651,-2.370093568131424,0.10977701179664572,0.11539187025772234,1784967689.8916204,-0.6935660597725287,0.6982094256908011,-2.375839103491378,0.07451152801513672,0,0,1784967689.9607604,-0.6220282558845598,0.6846795110738466,-2.4021869903613715,1784967689.9608037,-0.03785702268003214,0.059059021400992215,-0.026049548445507224,-0.04219144352338028,0.05933462790031631,-0.026347886869993342,1784967689.9608507,0.10705479026313716,0.10910031576518284,1784967689.9281058,4207.50634765625,nan,nan,50.38090515136719,nan
25.323137283325195,1784967690.0059187,SMC,circle,circle_smc_tune_base_p01,1784967689.9623752,-0.6943125840384226,0.6971147574955651,-2.370093568131424,0.10977701179664572,0.11539187025772234,1784967689.971765,-0.700930140938364,0.6914000416531685,-2.361308721061825,0.03415369987487793,0,0,1784967690.0014107,-0.6252636694570886,0.6817157852967273,-2.3977993255664494,1784967690.0014489,-0.038762512061992764,0.0591806438650747,-0.027705757435025454,-0.04696451471253104,0.06011267824195161,-0.03649060450462427,1784967690.0014942,0.10702825147621778,0.10904916288100164,1784967689.9909832,4207.56982421875,nan,nan,63.551170349121094,nan
25.36399507522583,1784967690.0467765,SMC,circle,circle_smc_tune_base_p01,1784967690.0119264,-0.6991565053060838,0.6924244933283072,-2.362547234545202,0.11057829229256722,0.11782717281423556,1784967689.971765,-0.700930140938364,0.6914000416531685,-2.361308721061825,0.0750114917755127,0,0,1784967690.0408485,-0.6284014767736998,0.6788163825825395,-2.3935270429660465,1784967690.0408864,-0.04078712015469671,0.05939583798696567,-0.030979808420844357,-0.04269475624761593,0.05996593524721454,-0.03221832190422136,1784967690.0409296,0.10696928684057347,0.10894720098553738,1784967690.0280838,4207.60693359375,nan,nan,37.20273208618164,nan
25.40357494354248,1784967690.0863564,SMC,circle,circle_smc_tune_base_p01,1784967690.0620728,-0.7030013821363407,0.6886197494818931,-2.3568231254322445,0.1095923891755027,0.1172247423903286,1784967689.971765,-0.700930140938364,0.6914000416531685,-2.361308721061825,0.11459136009216309,0,0,1784967690.0809386,-0.6315574731205578,0.6758749544004532,-2.389212840657392,1784967690.0809777,-0.041543956218353946,0.059504299330811805,-0.03238971522514733,-0.03838250645906624,0.059836264691939575,-0.027904119595566716,1784967690.0810204,0.10694629894604725,0.10890381947018882,1784967690.0280838,4207.60693359375,nan,nan,37.20273208618164,nan
25.443814992904663,1784967690.1265965,SMC,circle,circle_smc_tune_base_p01,1784967690.1123402,-0.7076007318800761,0.6841036089740241,-2.3513064125444507,0.10904501639447815,0.11670191000936614,1784967690.0918603,-0.7099501006338155,0.6821521245065365,-2.3547396097818836,0.03473615646362305,0,0,1784967690.1214452,-0.6347197158747349,0.6729020305929521,-2.3848725544025084,1784967690.1215467,-0.043322806243407445,0.059667849897530954,-0.03356614185805773,-0.04656815195251558,0.059804533708882474,-0.03013294462062488,1784967690.1216063,0.1068994173248598,0.1088700569346491,1784967690.0929365,4207.671875,nan,nan,64.88216400146484,nan
25.483447074890137,1784967690.1662285,SMC,circle,circle_smc_tune_base_p01,1784967690.162603,-0.7111782370650818,0.6804992480965318,-2.3466263590320033,0.10607197842899607,0.11280089277847415,1784967690.0918603,-0.7099501006338155,0.6821521245065365,-2.3547396097818836,0.07436823844909668,0,0,1784967690.1612904,-0.637868671286258,0.6699157472120171,-2.3805327573825505,1784967690.161365,-0.03898515137295052,0.05953161906471109,-0.029226344838099827,-0.04223005493926252,0.05968319567439077,-0.025793147600666977,1784967690.1614134,0.10701823397169527,0.1090101758075537,1784967690.1273043,4207.7060546875,nan,nan,34.46625518798828,nan
25.523158311843872,1784967690.2059398,SMC,circle,circle_smc_tune_base_p01,1784967690.162603,-0.7111782370650818,0.6804992480965318,-2.3466263590320033,0.10607197842899607,0.11280089277847415,1784967690.1695986,-0.7159415841351094,0.6763785388924849,-2.342690104482795,0.036341190338134766,0,0,1784967690.2005277,-0.6409423393504445,0.6669756756745316,-2.376279348950544,1784967690.2005594,-0.03953315217009597,0.05960787043948227,-0.029652989918540484,-0.045573481997435834,0.06030222461563932,-0.0335892444677488,1784967690.2005985,0.10700372563727253,0.10899849601736472,1784967690.1789753,4207.7578125,nan,nan,51.36992645263672,nan
25.563640594482422,1784967690.246422,SMC,circle,circle_smc_tune_base_p01,1784967690.2121494,-0.7153877345013928,0.6762792282766495,-2.3408117949028986,0.10481500944587636,0.11198546726467146,1784967690.1695986,-0.7159415841351094,0.6763785388924849,-2.342690104482795,0.07682347297668457,0,0,1784967690.2408106,-0.6440679394954496,0.663960095933741,-2.371936178784528,1784967690.2408485,-0.040805110598573675,0.05977639275173795,-0.031124383881629306,-0.04123245857201262,0.06016579492880439,-0.02924607430173287,1784967690.2408893,0.10696837029575564,0.10895506696233695,1784967690.2317398,4207.810546875,nan,nan,53.044960021972656,nan
25.603904962539673,1784967690.2866864,SMC,circle,circle_smc_tune_base_p01,1784967690.261888,-0.718952561638599,0.6725969336887194,-2.33549796979288,0.10414953521168953,0.1111421592039489,1784967690.1695986,-0.7159415841351094,0.6763785388924849,-2.342690104482795,0.11708784103393555,0,0,1784967690.2805867,-0.6471528102358919,0.6609579492161299,-2.3676316066791196,1784967690.2806234,-0.04130996612992891,0.059867829085309646,-0.032133636886239714,-0.03692946962796581,0.06004918212200172,-0.024941502196324628,1784967690.2806656,0.10695280679717098,0.10892447307330233,1784967690.2790806,4207.85791015625,nan,nan,47.21272277832031,nan
25.643428564071655,1784967690.32621,SMC,circle,circle_smc_tune_base_p01,1784967690.3122723,-0.7236083513439688,0.667717544030084,-2.328907585632412,0.10535183888208796,0.11245591764683024,1784967690.2888515,-0.7267910825965668,0.664506427032854,-2.3283884855965082,0.03735852241516113,0,0,1784967690.3206398,-0.6502416541837135,0.6579258659301238,-2.3633032680560726,1784967690.3206742,-0.04333327080149484,0.06000647343297367,-0.034395682423660645,-0.047822059402076976,0.060134594114415844,-0.034914782459564364,1784967690.3207135,0.10689612239853968,0.10885369303364377,1784967690.2790806,4207.85791015625,nan,nan,47.21272277832031,nan
25.68346929550171,1784967690.3662508,SMC,circle,circle_smc_tune_base_p01,1784967690.3624141,-0.7274145328228696,0.6636840544277187,-2.322922623124199,0.10731324480458626,0.11359307615525774,1784967690.2888515,-0.7267910825965668,0.664506427032854,-2.3283884855965082,0.07739925384521484,0,0,1784967690.3607023,-0.6533106811568559,0.6548870687056492,-2.3589843278934146,1784967690.3607404,-0.03901657786336428,0.05986727138110669,-0.030076742261002654,-0.04350543930533178,0.05999315128594536,-0.030595842296906373,1784967690.360782,0.10701475685065644,0.1089930176373368,1784967690.3297389,4207.90869140625,nan,nan,50.828697204589844,nan
25.723687887191772,1784967690.4064693,SMC,circle,circle_smc_tune_base_p01,1784967690.3624141,-0.7274145328228696,0.6636840544277187,-2.322922623124199,0.10731324480458626,0.11359307615525774,1784967690.376676,-0.7336734553713338,0.6573344448295231,-2.319065710226465,0.029793262481689453,0,0,1784967690.4012868,-0.6563918243211804,0.6518096974589492,-2.354629596333661,1784967690.401339,-0.039851112764710275,0.05997594757694147,-0.03170697320946214,-0.04853130929530219,0.06039607064507105,-0.035563886107196296,1784967690.4013898,0.10698928990550614,0.10894229914558265,1784967690.3778737,4207.95654296875,nan,nan,48.03996276855469,nan
25.763341426849365,1784967690.446123,SMC,circle,circle_smc_tune_base_p01,1784967690.4123328,-0.7320243086841648,0.6587936740513334,-2.317293271937053,0.10898637442789294,0.11230236920983194,1784967690.376676,-0.7336734553713338,0.6573344448295231,-2.319065710226465,0.06944680213928223,0,0,1784967690.4405549,-0.6594012910727958,0.6487778728178801,-2.350357725720563,1784967690.4405916,-0.04196389573493173,0.060111982300345396,-0.03306445378350986,-0.044261828460039565,0.060253297466225736,-0.0312920154940981,1784967690.4406335,0.10693383594300931,0.10890158428389451,1784967690.4279077,4208.0068359375,nan,nan,49.97200012207031,nan
25.803106546401978,1784967690.485888,SMC,circle,circle_smc_tune_base_p01,1784967690.4620273,-0.7357770193724841,0.65472988857632,-2.3117824537966096,0.10982533391638352,0.11206418895484124,1784967690.376676,-0.7336734553713338,0.6573344448295231,-2.319065710226465,0.10921192169189453,0,0,1784967690.480849,-0.6624581514222652,0.6456716088553868,-2.3459995952655457,1784967690.4808867,-0.042808166485301384,0.06020938225202968,-0.03421714146893606,-0.03990554821905126,0.06012643745354293,-0.02693388503908078,1784967690.480927,0.10690938628312699,0.10886640802610312,1784967690.477924,4208.056640625,nan,nan,50.04956817626953,nan
25.843369245529175,1784967690.5261507,SMC,circle,circle_smc_tune_base_p01,1784967690.5122523,-0.7402605422925996,0.649793975264012,-2.305264534555087,0.11028996196686755,0.1133754097908321,1784967690.4885106,-0.7424149034068864,0.6474894387781784,-2.305336532096379,0.03764009475708008,0,0,1784967690.5210478,-0.6654877744465788,0.6425661266053674,-2.341661085705915,1784967690.5210855,-0.04474773557277716,0.060339446208065334,-0.03639655115082796,-0.047906318077123575,0.060390453393895066,-0.036324553609536014,1784967690.5211272,0.10685452796022016,0.10879809650190791,1784967690.477924,4208.056640625,nan,nan,50.04956817626953,nan
25.883294105529785,1784967690.5660756,SMC,circle,circle_smc_tune_base_p01,1784967690.5620768,-0.7438233577704073,0.6458453522652364,-2.30011817027361,0.10893755399440382,0.11170270206097759,1784967690.4885106,-0.7424149034068864,0.6474894387781784,-2.305336532096379,0.07756495475769043,0,0,1784967690.5613701,-0.6685105578093784,0.6394406112189408,-2.337312971692242,1784967690.5614047,-0.040402170943987153,0.06019067206307884,-0.032048437137154995,-0.04356074274822386,0.0602419921192627,-0.03197643959586305,1784967690.5614448,0.10697488911896966,0.10893807449753079,1784967690.5309987,4208.10986328125,nan,nan,53.175262451171875,nan
25.92376708984375,1784967690.6065485,SMC,circle,circle_smc_tune_base_p01,1784967690.5620768,-0.7438233577704073,0.6458453522652364,-2.30011817027361,0.10893755399440382,0.11170270206097759,1784967690.5687666,-0.7484559950431064,0.6410918062111779,-2.2981334546135925,0.03778195381164551,0,0,1784967690.6009145,-0.6714614028355272,0.6363630709944014,-2.333049315076032,1784967690.6009562,-0.04114917169904243,0.06027364140799499,-0.03293114480242165,-0.04766027587968526,0.06065497728162207,-0.03491586046243933,1784967690.6010034,0.10695386431518342,0.10891141655351912,1784967690.5781932,4208.15673828125,nan,nan,47.00000762939453,nan
25.963526964187622,1784967690.6463084,SMC,circle,circle_smc_tune_base_p01,1784967690.6120021,-0.7482663472749934,0.6409136911584863,-2.293876774694275,0.11119251938073241,0.11344658051285633,1784967690.5687666,-0.7484559950431064,0.6410918062111779,-2.2981334546135925,0.07754182815551758,0,0,1784967690.640569,-0.6744189958195401,0.6332519587728643,-2.3287567163516663,1784967690.6406102,-0.043120058788915984,0.060438348671804046,-0.03487994165739128,-0.04336998503400435,0.06051433598773625,-0.03062326173807373,1784967690.6406555,0.1068994282916078,0.10885194690048042,1784967690.6294496,4208.20849609375,nan,nan,51.38601303100586,nan
26.00306487083435,1784967690.6858463,SMC,circle,circle_smc_tune_base_p01,1784967690.6624537,-0.7521635026568741,0.6364782686883608,-2.287597869406475,0.11339108466615168,0.1152765796482177,1784967690.5687666,-0.7484559950431064,0.6410918062111779,-2.2981334546135925,0.1170797348022461,0,0,1784967690.6807938,-0.6774036096997127,0.6300851251498163,-2.3244050746966987,1784967690.6808312,-0.04429564606350154,0.060562443965610176,-0.03680720529022352,-0.03902010749049776,0.06039055971261279,-0.02627162008310613,1784967690.6808746,0.10686375515390634,0.10879184128917956,1784967690.678953,4208.2578125,nan,nan,49.528831481933594,nan
26.04332447052002,1784967690.726106,SMC,circle,circle_smc_tune_base_p01,1784967690.7123995,-0.7563760284065435,0.6316540564768754,-2.281904562991752,0.11222032342221434,0.1133685923341215,1784967690.6890044,-0.7579307410396736,0.6301280065423841,-2.281379946045148,0.03710150718688965,0,0,1784967690.720533,-0.6803348131741158,0.6269479035024125,-2.3201115747501033,1784967690.7205672,-0.04606454486645476,0.06068337495632404,-0.0382070117583515,-0.04820352248532669,0.06089056985008673,-0.0387316287049555,1784967690.7206066,0.1068156326216269,0.10874921210659909,1784967690.678953,4208.2578125,nan,nan,49.528831481933594,nan
26.08293867111206,1784967690.7657201,SMC,circle,circle_smc_tune_base_p01,1784967690.7619011,-0.7598054041574446,0.6276637690934395,-2.276573947268448,0.10994985309613627,0.11242570115432801,1784967690.6890044,-0.7579307410396736,0.6301280065423841,-2.281379946045148,0.07671570777893066,0,0,1784967690.7611573,-0.6833099181233548,0.623735889471623,-2.315733411412397,1784967690.761192,-0.041689224592807696,0.06052571679450476,-0.03382884842064504,-0.04382828552391352,0.060730616342905934,-0.034353465367249036,1784967690.7612298,0.10693766738967087,0.10888989561246198,1784967690.734677,4208.3134765625,nan,nan,55.77500534057617,nan
26.123061656951904,1784967690.805843,SMC,circle,circle_smc_tune_base_p01,1784967690.7619011,-0.7598054041574446,0.6276637690934395,-2.276573947268448,0.10994985309613627,0.11242570115432801,1784967690.7669342,-0.7646872192402274,0.622588656775671,-2.27048683266034,0.038908958435058594,0,0,1784967690.8008897,-0.6862111484781919,0.6205762752648637,-2.311443851094403,1784967690.800931,-0.042340794746040154,0.06061026429596737,-0.034869903825955006,-0.048997538556326235,0.0613333887618675,-0.0409570184340633,1784967690.800984,0.1069181684283817,0.10885801201566708,1784967690.778476,4208.35693359375,nan,nan,43.5611457824707,nan
26.163490295410156,1784967690.8462718,SMC,circle,circle_smc_tune_base_p01,1784967690.8123174,-0.7639545971188129,0.6228123396990122,-2.2692380098173506,0.10866321268825571,0.11543419651830497,1784967690.7669342,-0.7646872192402274,0.622588656775671,-2.27048683266034,0.07933759689331055,0,0,1784967690.840585,-0.6891007356412091,0.6174021084139864,-2.307151406865277,1784967690.840646,-0.0439895077836118,0.060805381222563855,-0.03791339704792662,-0.0447083300212686,0.061166837530495975,-0.0366645742049374,1784967690.8406913,0.10686664012412588,0.10876306613915457,1784967690.8379197,4208.41455078125,nan,nan,57.396121978759766,nan
26.203097105026245,1784967690.8858786,SMC,circle,circle_smc_tune_base_p01,1784967690.8625057,-0.7672774846636545,0.6188399947177857,-2.2634919103496682,0.10655858426221582,0.11527187100381071,1784967690.7669342,-0.7646872192402274,0.622588656775671,-2.27048683266034,0.11894440650939941,0,0,1784967690.880431,-0.6919829360280769,0.6142085960248324,-2.30284958992497,1784967690.8804657,-0.04452015163685767,0.06089889166741585,-0.039357679575301674,-0.04040907828903032,0.06101839564763526,-0.03236275726463011,1784967690.880506,0.10684787970299418,0.10871804040307047,1784967690.8797362,4208.4580078125,nan,nan,43.29278564453125,nan
26.243427753448486,1784967690.9262092,SMC,circle,circle_smc_tune_base_p01,1784967690.9120436,-0.7714131537493655,0.6139649068924636,-2.25761383857444,0.10681007661504932,0.11565150621651024,1784967690.8891773,-0.7738486750238609,0.6117767934407743,-2.2598745520209813,0.03703188896179199,0,0,1784967690.921167,-0.6948713258724362,0.6109803156883723,-2.29851777515904,1784967690.9212112,-0.04622571402715913,0.06107980486278845,-0.04090393658459979,-0.04960110438712592,0.06146370066448618,-0.03864322313805868,1784967690.9212692,0.10680024633029585,0.10867252894260629,1784967690.8797362,4208.4580078125,nan,nan,43.29278564453125,nan
26.28425669670105,1784967690.9670382,SMC,circle,circle_smc_tune_base_p01,1784967690.9621024,-0.774723562362066,0.6099233728032053,-2.2522476204760085,0.1058354962120314,0.11423132079647916,1784967690.8891773,-0.7738486750238609,0.6117767934407743,-2.2598745520209813,0.07786083221435547,0,0,1784967690.9608665,-0.6977559477941713,0.6077279538868094,-2.294170485119977,1784967690.9609048,-0.041881687545928845,0.0609114752754013,-0.0365566465455367,-0.04525670846203359,0.061305192097963424,-0.03429593309899559,1784967690.9609442,0.1069226825612832,0.10881182762432882,1784967690.9402688,4208.5185546875,nan,nan,60.71284484863281,nan
26.323166131973267,1784967691.0059476,SMC,circle,circle_smc_tune_base_p01,1784967690.9621024,-0.774723562362066,0.6099233728032053,-2.2522476204760085,0.1058354962120314,0.11423132079647916,1784967690.967955,-0.7796717226075178,0.6046874719094082,-2.251803738795386,0.03799247741699219,0,0,1784967691.0005698,-0.700590532479517,0.604504059536575,-2.2898776546527535,1784967691.000607,-0.042488980785556324,0.06098984823438572,-0.03763003417674504,-0.0496451223886129,0.06155672258315231,-0.038073915857367524,1784967691.0006511,0.1069038084322252,0.10877866046858801,1784967690.981521,4208.55859375,nan,nan,40.10087966918945,nan
26.363375425338745,1784967691.046157,SMC,circle,circle_smc_tune_base_p01,1784967691.0121627,-0.7787576948941434,0.605069853866562,-2.246814961984174,0.10575572992856548,0.11341377512930727,1784967690.967955,-0.7796717226075178,0.6046874719094082,-2.251803738795386,0.0782017707824707,0,0,1784967691.041228,-0.7034693746512504,0.6012010497947062,-2.285496143918195,1784967691.041267,-0.044089380330908944,0.06115084097524154,-0.0386811819340207,-0.0452664356731683,0.061399533993808604,-0.03369240512280891,1784967691.0413065,0.10686106831864246,0.10874898863470736,1784967691.0301373,4208.60791015625,nan,nan,49.15906524658203,nan
26.403064727783203,1784967691.0858462,SMC,circle,circle_smc_tune_base_p01,1784967691.062222,-0.7820204696933221,0.6009875816575216,-2.241019629593062,0.10526525802108426,0.11380376264560232,1784967690.967955,-0.7796717226075178,0.6046874719094082,-2.251803738795386,0.11789107322692871,0,0,1784967691.0808294,-0.7062739399927642,0.5979549532486413,-2.2812063003589302,1784967691.0808632,-0.04467417095651287,0.061245016500055746,-0.04018667076586846,-0.0409787299444968,0.06126422277656186,-0.02940256156354426,1784967691.0809028,0.10684062333357547,0.10870194485780624,1784967691.0834036,4208.66064453125,nan,nan,53.01375961303711,nan
26.443323850631714,1784967691.1261053,SMC,circle,circle_smc_tune_base_p01,1784967691.1125546,-0.785934960549226,0.5961519948644906,-2.236931158303995,0.10408740154695012,0.11000426682821683,1784967691.08773,-0.7880215645294409,0.5938017667884229,-2.2417895525770155,0.0383753776550293,0,0,1784967691.1216888,-0.7091306484641406,0.5946193453915627,-2.2768145929385804,1784967691.1217315,-0.046256365734057135,0.0613318840273735,-0.039883434634585324,-0.049691877963686466,0.061279379377051954,-0.03502504036156485,1784967691.121779,0.10680396143673587,0.10871494831309293,1784967691.0834036,4208.66064453125,nan,nan,53.01375961303711,nan
26.483901977539062,1784967691.1666834,SMC,circle,circle_smc_tune_base_p01,1784967691.1619473,-0.7891358800346855,0.592070134977376,-2.2315247397844353,0.10441775873933869,0.1099089246342926,1784967691.08773,-0.7880215645294409,0.5938017667884229,-2.2417895525770155,0.07895350456237793,0,0,1784967691.1606238,-0.7118620291546165,0.591402138128539,-2.272594297986188,1784967691.1606603,-0.04203908435662617,0.06117250763912701,-0.035663139682192924,-0.04547387204821592,0.06114049400484887,-0.03080474540917244,1784967691.1607032,0.10692238883972484,0.10885031226523113,1784967691.1296244,4208.70849609375,nan,nan,47.72404479980469,nan
26.52344250679016,1784967691.206224,SMC,circle,circle_smc_tune_base_p01,1784967691.1619473,-0.7891358800346855,0.592070134977376,-2.2315247397844353,0.10441775873933869,0.1099089246342926,1784967691.1678066,-0.7936944596229164,0.5861747621987222,-2.23617775737493,0.03841733932495117,0,0,1784967691.2007363,-0.7146447745339228,0.5880959130818572,-2.2682728601504945,1784967691.20078,-0.042576776496752636,0.06125305985455866,-0.03674812036605912,-0.05031338725826098,0.06100087373132523,-0.03209510277556449,1784967691.2008293,0.10690524265519154,0.10881683131628332,1784967691.183099,4208.76171875,nan,nan,53.25247573852539,nan
26.563804626464844,1784967691.246586,SMC,circle,circle_smc_tune_base_p01,1784967691.2126522,-0.7932206346617265,0.5868656936589869,-2.2267881141545365,0.10648794336006331,0.10981523911832065,1784967691.1678066,-0.7936944596229164,0.5861747621987222,-2.23617775737493,0.07877945899963379,0,0,1784967691.2406857,-0.7174119559060137,0.5847791988259964,-2.2639533792544984,1784967691.2407267,-0.04458573181774559,0.06134673384664445,-0.037165265099961875,-0.04599584497364588,0.060871587917573695,-0.02777562187956839,1784967691.2407713,0.10685536314717968,0.10880604895822275,1784967691.2310135,4208.81005859375,nan,nan,48.04829788208008,nan
26.602973699569702,1784967691.2857552,SMC,circle,circle_smc_tune_base_p01,1784967691.2627976,-0.7965693888997185,0.5824945439383533,-2.2207870207324576,0.10770616487146946,0.11142292687646642,1784967691.1678066,-0.7936944596229164,0.5861747621987222,-2.23617775737493,0.11794853210449219,0,0,1784967691.280509,-0.7201615443020066,0.5814544985998049,-2.259638996701398,1784967691.2805521,-0.04541245367865301,0.061456891080321666,-0.03885197596894052,-0.04168288146139644,0.06076107238282192,-0.023461239326468153,1784967691.2806017,0.10682859965854569,0.10875349717037937,1784967691.2791164,4208.85791015625,nan,nan,48.08424377441406,nan
26.643320083618164,1784967691.3261015,SMC,circle,circle_smc_tune_base_p01,1784967691.312132,-0.8005950910714943,0.5772544967793583,-2.2155893093618495,0.10831076322817437,0.11161507759842519,1784967691.2892675,-0.8030430294373991,0.5742255550503556,-2.220077950187567,0.036834001541137695,0,0,1784967691.3207645,-0.7229143304767447,0.5780964420542589,-2.2552968307544377,1784967691.3208075,-0.047361603476909035,0.06157830749964444,-0.03970752139258815,-0.05153019468133465,0.061483584796496064,-0.0352188805668705,1784967691.3208559,0.1067781915909307,0.10872902620356854,1784967691.2791164,4208.85791015625,nan,nan,48.08424377441406,nan
26.682948112487793,1784967691.3657296,SMC,circle,circle_smc_tune_base_p01,1784967691.3628356,-0.8036105979136755,0.5732508170709523,-2.211015169531751,0.10469913923834082,0.10803741176075343,1784967691.2892675,-0.8030430294373991,0.5742255550503556,-2.220077950187567,0.0764620304107666,0,0,1784967691.3605962,-0.7256261934282628,0.5747589949879096,-2.2509965072681095,1784967691.360637,-0.04306431586725585,0.061416836795113866,-0.03540719790626001,-0.04723222558069899,0.06134140463444281,-0.030918557080542364,1784967691.360683,0.10689876532965167,0.10886698796296179,1784967691.3304026,4208.9091796875,nan,nan,51.219642639160156,nan
26.7232506275177,1784967691.406032,SMC,circle,circle_smc_tune_base_p01,1784967691.3628356,-0.8036105979136755,0.5732508170709523,-2.211015169531751,0.10469913923834082,0.10803741176075343,1784967691.378573,-0.8088622159836315,0.5668073948281975,-2.2087994995390217,0.027459144592285156,0,0,1784967691.4012697,-0.7283646419809053,0.5713588315566608,-2.246630703549542,1784967691.4013114,-0.043432442672002115,0.06147484377341619,-0.03561553401779083,-0.051599868189718325,0.06195182482720969,-0.0378312040105202,1784967691.4013567,0.10688913143787368,0.10886197699185418,1784967691.3820248,4208.9609375,nan,nan,51.68466567993164,nan
26.763350009918213,1784967691.4461315,SMC,circle,circle_smc_tune_base_p01,1784967691.4119365,-0.8073204231200856,0.5683465759627504,-2.2056323159147038,0.10438926878545282,0.10810142194577561,1784967691.378573,-0.8088622159836315,0.5668073948281975,-2.2087994995390217,0.06755852699279785,0,0,1784967691.4406893,-0.7310426424043535,0.5680040965259835,-2.2423381563235902,1784967691.4407244,-0.04496043818293701,0.061619608254842216,-0.03670584040888647,-0.04731005706266487,0.061798678203838206,-0.03353865678456858,1784967691.4407659,0.10684820244106084,0.10883045892819852,1784967691.4307442,4209.009765625,nan,nan,48.76284408569336,nan
26.80427646636963,1784967691.487058,SMC,circle,circle_smc_tune_base_p01,1784967691.4624853,-0.8106013116896649,0.5638668047830087,-2.199408741656715,0.10648684063471973,0.110613195898008,1784967691.378573,-0.8088622159836315,0.5668073948281975,-2.2087994995390217,0.10848498344421387,0,0,1784967691.480705,-0.733715666800663,0.5646259024931468,-2.2380303398181582,1784967691.4807456,-0.04582451814194552,0.06174214246679279,-0.03862159816144306,-0.04300436531722455,0.06166350076486803,-0.029230840279136583,1784967691.4807897,0.10681967367278145,0.10877068481017832,1784967691.4829597,4209.0615234375,nan,nan,52.081764221191406,nan
26.843862295150757,1784967691.5266438,SMC,circle,circle_smc_tune_base_p01,1784967691.5121098,-0.8147179793991015,0.5582281563827424,-2.193309097084673,0.1079707741992575,0.11017425105936463,1784967691.488163,-0.8180148373532294,0.5541418802537339,-2.1917331769653643,0.03848075866699219,0,0,1784967691.520825,-0.7363842714455884,0.5612232155138474,-2.233706018071332,1784967691.5208666,-0.04810792777190518,0.06189319402356172,-0.04039692098665926,-0.05325193900388869,0.062272992475020626,-0.041972841105967884,1784967691.520915,0.10675729851076557,0.10871654243456341,1784967691.4829597,4209.0615234375,nan,nan,52.081764221191406,nan
26.883200645446777,1784967691.565982,SMC,circle,circle_smc_tune_base_p01,1784967691.562182,-0.8179516103054214,0.5537103005281749,-2.1876964246579718,0.10907570098665287,0.11048257260849476,1784967691.488163,-0.8180148373532294,0.5541418802537339,-2.1917331769653643,0.0778191089630127,0,0,1784967691.5615454,-0.7390857723632196,0.557747458296604,-2.2293038564731265,1784967691.5615838,-0.0437089805409422,0.06172509078033064,-0.035994759388453534,-0.04885326215254406,0.062097957053958146,-0.03757067950776216,1784967691.5616262,0.10688102839457765,0.10885767771306257,1784967691.5307286,4209.109375,nan,nan,47.9027214050293,nan
26.923081159591675,1784967691.6058626,SMC,circle,circle_smc_tune_base_p01,1784967691.562182,-0.8179516103054214,0.5537103005281749,-2.1876964246579718,0.10907570098665287,0.11048257260849476,1784967691.5674398,-0.8236613230270708,0.5465936346272463,-2.1838645935445173,0.03842282295227051,0,0,1784967691.600769,-0.7416705848806242,0.5543920239109044,-2.225068266492048,1784967691.600817,-0.044685357680433,0.06182619506003005,-0.03737184183407605,-0.053553999847290784,0.0625720793771074,-0.04120367294753047,1784967691.6008706,0.10685214084680697,0.1088151451075318,1784967691.5858128,4209.16455078125,nan,nan,54.9081916809082,nan
26.96303105354309,1784967691.6458125,SMC,circle,circle_smc_tune_base_p01,1784967691.6126328,-0.8220243759066987,0.5480485139021558,-2.1810082114782925,0.11021370987520362,0.1127673763778448,1784967691.5674398,-0.8236613230270708,0.5465936346272463,-2.1838645935445173,0.07837271690368652,0,0,1784967691.6406138,-0.7442894069714352,0.550962207844213,-2.220752956967511,1784967691.6406512,-0.04693318325524395,0.06203620972693334,-0.03974474548921858,-0.049241982792779165,0.06240362666488632,-0.03688836342299374,1784967691.640694,0.10678831401115631,0.10874304880792382,1784967691.6298985,4209.208984375,nan,nan,44.238304138183594,nan
27.003092765808105,1784967691.6858742,SMC,circle,circle_smc_tune_base_p01,1784967691.6622865,-0.8250879706252653,0.5436470616808937,-2.175157643764324,0.10941641404370882,0.1135959100391953,1784967691.5674398,-0.8236613230270708,0.5465936346272463,-2.1838645935445173,0.11843442916870117,0,0,1784967691.6813748,-0.7469443750039142,0.5474534575886303,-2.216352932553449,1784967691.681415,-0.04753620506835277,0.06213871091468818,-0.04119528878912471,-0.04484460889498717,0.062251027803308434,-0.032488339008931444,1784967691.6814609,0.10676750323936372,0.10869811407085211,1784967691.684309,4209.2626953125,nan,nan,54.07237243652344,nan
27.043421983718872,1784967691.7262034,SMC,circle,circle_smc_tune_base_p01,1784967691.7119682,-0.8288340912201475,0.5382788888941865,-2.168528176768584,0.1088542326187238,0.1148956323870253,1784967691.6880705,-0.8312416167549328,0.5355312118184226,-2.168054813822628,0.03813290596008301,0,0,1784967691.7208958,-0.7494893055032779,0.5440597540926145,-2.2121110082675606,1784967691.7209308,-0.04943133386930892,0.06233423340989501,-0.04358283149897657,-0.05302776081125661,0.06280312899573001,-0.04405619444493247,1784967691.7209795,0.1067110932090514,0.10862504673036395,1784967691.684309,4209.2626953125,nan,nan,54.07237243652344,nan
27.083436489105225,1784967691.766218,SMC,circle,circle_smc_tune_base_p01,1784967691.7627435,-0.8317344470120629,0.5340217415583051,-2.1636192912972683,0.10619123713570272,0.11192059208087922,1784967691.6880705,-0.8312416167549328,0.5355312118184226,-2.168054813822628,0.07814741134643555,0,0,1784967691.7615092,-0.7521173284869702,0.5405234919833165,-2.207705138783612,1784967691.761547,-0.045029239483683446,0.06215197115785979,-0.03917696201502796,-0.04862575319501857,0.06261878297582583,-0.03965032496098386,1784967691.7615912,0.10683642779752621,0.10876583363809439,1784967691.7308326,4209.3095703125,nan,nan,46.931922912597656,nan
27.123247146606445,1784967691.8060286,SMC,circle,circle_smc_tune_base_p01,1784967691.7627435,-0.8317344470120629,0.5340217415583051,-2.1636192912972683,0.10619123713570272,0.11192059208087922,1784967691.7703593,-0.8365057170753092,0.5278810080034549,-2.1599125891420945,0.03566932678222656,0,0,1784967691.8016653,-0.7546831180910434,0.5370392961521055,-2.2033781391193057,1784967691.8017068,-0.045551585207313346,0.06221789139244898,-0.03975884782203743,-0.05307729614144082,0.06294134238056479,-0.04346554997721119,1784967691.8018444,0.10682141183619952,0.10874863478568038,1784967691.7930574,4209.3720703125,nan,nan,62.06875991821289,nan
27.16311764717102,1784967691.845899,SMC,circle,circle_smc_tune_base_p01,1784967691.812899,-0.835386100863484,0.5286870950247807,-2.157223861573302,0.10648088333035517,0.1131916814907942,1784967691.7703593,-0.8365057170753092,0.5278810080034549,-2.1599125891420945,0.07553982734680176,0,0,1784967691.8404536,-0.7571679710406685,0.5336346485334202,-2.199163148503461,1784967691.8404877,-0.047405981353480064,0.0624117541062032,-0.04193928693015891,-0.04886591297617153,0.0627670683894862,-0.039250559361366566,1784967691.8405275,0.10676728956397832,0.1086824155725348,1784967691.8308709,4209.40966796875,nan,nan,37.766021728515625,nan
27.203606605529785,1784967691.886388,SMC,circle,circle_smc_tune_base_p01,1784967691.8623075,-0.8383615908820432,0.5241925915944106,-2.1514144573148344,0.10739464432336533,0.11388430216262184,1784967691.7703593,-0.8365057170753092,0.5278810080034549,-2.1599125891420945,0.1160287857055664,0,0,1784967691.8809125,-0.7597153550805096,0.5301127610770937,-2.194816553692975,1784967691.8809562,-0.04809066926247839,0.0625105298517061,-0.04340209637814052,-0.04452230892543246,0.06260594560441059,-0.034903964550880406,1784967691.8810046,0.1067441178384941,0.10863694778245218,1784967691.8308709,4209.40966796875,nan,nan,37.766021728515625,nan
27.243377923965454,1784967691.9261594,SMC,circle,circle_smc_tune_base_p01,1784967691.9119797,-0.8419262503873556,0.5189181984377186,-2.1463776577382796,0.10762157477805437,0.11081612795174933,1784967691.8900933,-0.8439846162230459,0.5168007167249787,-2.146614062811203,0.03606605529785156,0,0,1784967691.9206004,-0.762222237945017,0.5266151123165549,-2.190513294797101,1784967691.9206321,-0.049841447500282965,0.06267218038127623,-0.04413563705882151,-0.05275311732367949,0.06323383172907956,-0.04389923198589817,1784967691.9206705,0.10669863279349034,0.10861788477741516,1784967691.8900337,4209.46826171875,nan,nan,58.71908187866211,nan
27.283354997634888,1784967691.9661365,SMC,circle,circle_smc_tune_base_p01,1784967691.9622211,-0.8449774831552593,0.5142098328787126,-2.1410021234500447,0.1091638910515093,0.11017772563033125,1784967691.8900933,-0.8439846162230459,0.5168007167249787,-2.146614062811203,0.07604312896728516,0,0,1784967691.9606268,-0.7647217165851581,0.5230958591950741,-2.186196749310651,1784967691.9606645,-0.0455287078941308,0.06249103652932246,-0.03981909157237151,-0.048440335014716,0.06305370743569921,-0.03958268649944818,1784967691.9607086,0.106821702080049,0.10875573149856503,1784967691.9342854,4209.51171875,nan,nan,43.37961959838867,nan
27.323539972305298,1784967692.0063214,SMC,circle,circle_smc_tune_base_p01,1784967691.9622211,-0.8449774831552593,0.5142098328787126,-2.1410021234500447,0.1091638910515093,0.11017772563033125,1784967691.9672391,-0.8490510227078926,0.5092587982519132,-2.1371340608875085,0.03908228874206543,0,0,1784967692.0011477,-0.7672435045422634,0.5195122817677245,-2.181814800839582,1784967692.0011785,-0.046424761402601086,0.0625733883047566,-0.0408126773895372,-0.052546052419339594,0.06353358425095165,-0.044680739952073445,1784967692.0012138,0.10679587178044042,0.10872535703050731,1784967691.9870977,4209.56591796875,nan,nan,54.08185958862305,nan
27.363490104675293,1784967692.0462716,SMC,circle,circle_smc_tune_base_p01,1784967692.012634,-0.8486497912604039,0.5086174160421412,-2.1343457075122907,0.11150093342791359,0.11242068953174997,1784967691.9672391,-0.8490510227078926,0.5092587982519132,-2.1371340608875085,0.07903242111206055,0,0,1784967692.0413373,-0.7697275302753428,0.5159494413360125,-2.1774715019275335,1784967692.0413764,-0.04835772177482482,0.06280137433729212,-0.04312579441524277,-0.04820668054721543,0.06334901030950923,-0.04033744104002501,1784967692.041422,0.10673899919808989,0.10865585266406831,1784967692.0314074,4209.60986328125,nan,nan,43.90570831298828,nan
27.403232097625732,1784967692.0860136,SMC,circle,circle_smc_tune_base_p01,1784967692.0622125,-0.8515346774255014,0.5040464149719959,-2.1291462213930745,0.11056401953933997,0.11118481583838158,1784967691.9672391,-0.8490510227078926,0.5092587982519132,-2.1371340608875085,0.1187744140625,0,0,1784967692.0806563,-0.7721382537757349,0.5124599075574613,-2.1732302213718087,1784967692.0806956,-0.04919896548146047,0.06288116364550632,-0.044083999978734134,-0.04396850003686682,0.06318696170971977,-0.0360961604843002,1784967692.0807395,0.10671429827402072,0.10862657212222573,1784967692.0815482,4209.65966796875,nan,nan,49.983158111572266,nan
27.443326950073242,1784967692.1261084,SMC,circle,circle_smc_tune_base_p01,1784967692.1120799,-0.8549414078121372,0.4987313778229276,-2.123324566914434,0.10941049829048094,0.11088191194600636,1784967692.0893397,-0.8568138428042618,0.49685943622519296,-2.123587318711343,0.03676867485046387,0,0,1784967692.1206799,-0.7745787134930333,0.5088947916442687,-2.1689098135043765,1784967692.1207144,-0.05082873335136298,0.06307057542646653,-0.045585246589942674,-0.05342159188049638,0.06366788667649982,-0.0453224947930333,1784967692.120753,0.10666791703571446,0.1085828442945508,1784967692.0815482,4209.65966796875,nan,nan,49.983158111572266,nan
27.483407735824585,1784967692.1661892,SMC,circle,circle_smc_tune_base_p01,1784967692.162075,-0.8576450815796866,0.49433994120465663,-2.118226246859499,0.107029066649588,0.10940412938672486,1784967692.0893397,-0.8568138428042618,0.49685943622519296,-2.123587318711343,0.07684946060180664,0,0,1784967692.16076,-0.7770125358387303,0.5053061468286614,-2.164573698620953,1784967692.160794,-0.04649670812143781,0.06288237279553169,-0.041249131706519115,-0.04908951734953059,0.06348082229946189,-0.04098637990960974,1784967692.160832,0.10679221152537363,0.10872110803630042,1784967692.131315,4209.70947265625,nan,nan,49.86294174194336,nan
27.523629426956177,1784967692.206411,SMC,circle,circle_smc_tune_base_p01,1784967692.162075,-0.8576450815796866,0.49433994120465663,-2.118226246859499,0.107029066649588,0.10940412938672486,1784967692.172375,-0.8611741428275791,0.4892630176630638,-2.1181724207977712,0.03403592109680176,0,0,1784967692.200925,-0.7794227443934292,0.5017189900715067,-2.1602520290424017,1784967692.200962,-0.04701500423833301,0.06295056610968192,-0.04202578218290265,-0.053183460197902294,0.06332426040592312,-0.04207960824463042,1784967692.2010036,0.10677628095062344,0.1086974927975593,1784967692.1821547,4209.75927734375,nan,nan,49.832759857177734,nan
27.563308477401733,1784967692.24609,SMC,circle,circle_smc_tune_base_p01,1784967692.2120347,-0.8608744328737993,0.4891474351694584,-2.113050583257752,0.10686555056986173,0.10901917766488362,1784967692.172375,-0.8611741428275791,0.4892630176630638,-2.1181724207977712,0.0737149715423584,0,0,1784967692.2405918,-0.7818068185352895,0.4981374638951674,-2.1559495683719296,1784967692.2406228,-0.048504666458905894,0.06308570032410413,-0.042898985114177446,-0.04888443204116328,0.06315251590599412,-0.037777147574158405,1784967692.2406569,0.10673652580671283,0.10867289050699755,1784967692.2315388,4209.8095703125,nan,nan,50.44751739501953,nan
27.60318684577942,1784967692.2859683,SMC,circle,circle_smc_tune_base_p01,1784967692.2618268,-0.8636964377233982,0.48444644785575725,-2.107397700894301,0.10807355951871284,0.10975436345930352,1784967692.172375,-0.8611741428275791,0.4892630176630638,-2.1181724207977712,0.11359333992004395,0,0,1784967692.281277,-0.7842105855092905,0.4944921981668499,-2.151583095173993,1784967692.2813199,-0.04926842911842832,0.06317863320552448,-0.04418539427969215,-0.044520728018129105,0.06299712898666456,-0.033410674376221916,1784967692.2813616,0.10671214800288928,0.10863310796419441,1784967692.2814295,4209.859375,nan,nan,49.71254348754883,nan
27.64330267906189,1784967692.3260841,SMC,circle,circle_smc_tune_base_p01,1784967692.31207,-0.8670184968314921,0.4789556753817727,-2.1018731226816265,0.10869398639935121,0.10818837083902824,1784967692.287948,-0.8684849956207503,0.4773142593526009,-2.101454177239896,0.03813624382019043,0,0,1784967692.3205974,-0.7865455567126101,0.49091777143841187,-2.147313593487897,1784967692.3206344,-0.05107095888902015,0.06333042705999585,-0.04544047080627057,-0.053202297839467526,0.06378591297653616,-0.04585941624800105,1784967692.3206768,0.10666281500641175,0.10859633187512417,1784967692.2814295,4209.859375,nan,nan,49.71254348754883,nan
27.683720111846924,1784967692.3665016,SMC,circle,circle_smc_tune_base_p01,1784967692.3618467,-0.8698116917536471,0.474193548040426,-2.0966920948381578,0.10950329420070777,0.10750365424492032,1784967692.287948,-0.8684849956207503,0.4773142593526009,-2.101454177239896,0.07855367660522461,0,0,1784967692.3605247,-0.7888903854063907,0.4872943780406369,-2.142997665982404,1784967692.3605652,-0.04675907677529291,0.06314368136249486,-0.04112454330077764,-0.04889049434039732,0.06359736085211955,-0.041543488742508135,1784967692.3606067,0.10678646871247133,0.1087339712687239,1784967692.331535,4209.90966796875,nan,nan,50.121131896972656,nan
27.723320722579956,1784967692.4061022,SMC,circle,circle_smc_tune_base_p01,1784967692.3618467,-0.8698116917536471,0.474193548040426,-2.0966920948381578,0.10950329420070777,0.10750365424492032,1784967692.379801,-0.8734191083994163,0.4684584476109739,-2.0928098676564337,0.026301145553588867,0,0,1784967692.4011445,-0.791246171185503,0.4836191756138251,-2.1386322485019353,1784967692.4011834,-0.047590929379212735,0.0632177737516807,-0.04194015366377757,-0.05411518136541608,0.06366935235830733,-0.04582238084550161,1784967692.4012234,0.10676284688665046,0.1087092540029301,1784967692.380938,4209.9599609375,nan,nan,50.193885803222656,nan
27.76349663734436,1784967692.446278,SMC,circle,circle_smc_tune_base_p01,1784967692.4129956,-0.8731103700212365,0.46853903375381134,-2.0904041410266974,0.11110058170924539,0.10932230670860674,1784967692.379801,-0.8734191083994163,0.4684584476109739,-2.0928098676564337,0.06647706031799316,0,0,1784967692.4406188,-0.7935424827158271,0.48000242402171994,-2.1343480955173164,1784967692.4406567,-0.04945900217044643,0.06337400974362038,-0.04394395449061905,-0.04983511801970598,0.06348227889679184,-0.04153822786088268,1784967692.4406996,0.10670872288613119,0.10864766850843338,1784967692.4318192,4210.009765625,nan,nan,50.03018569946289,nan
27.803027629852295,1784967692.485809,SMC,circle,circle_smc_tune_base_p01,1784967692.4624567,-0.8757246843380753,0.46396575223818076,-2.0855208669061085,0.10936727784298926,0.10758475060597911,1784967692.379801,-0.8734191083994163,0.4684584476109739,-2.0928098676564337,0.10600805282592773,0,0,1784967692.4811163,-0.7958703122043118,0.47630071835277527,-2.12997528801457,1784967692.4811528,-0.05004862044561057,0.06343506703249381,-0.04445442110846143,-0.045465699351935035,0.06331024549105,-0.03716542035813619,1784967692.4811926,0.10669213612218888,0.10863268819746774,1784967692.4318192,4210.009765625,nan,nan,50.03018569946289,nan
27.843388080596924,1784967692.5261695,SMC,circle,circle_smc_tune_base_p01,1784967692.511972,-0.8788676169726967,0.45851001553873594,-2.0791247191490956,0.10886160986283916,0.10858286702253665,1784967692.4909616,-0.880729696969812,0.4564220895558267,-2.07710997968129,0.03520798683166504,0,0,1784967692.5214815,-0.7981446698524828,0.4726489909307353,-2.1256732135821967,1784967692.5215225,-0.05164051932665717,0.06363459421243729,-0.046548494433101155,-0.05424120659940448,0.06435441351486103,-0.04856323390090677,1784967692.521572,0.10664364349546457,0.1085695366593112,1784967692.4861577,4210.0615234375,nan,nan,51.67258834838867,nan
27.883511066436768,1784967692.5662925,SMC,circle,circle_smc_tune_base_p01,1784967692.5628314,-0.8815324210843741,0.45371199321929917,-2.0736213436475275,0.10848382866671878,0.10851326500854377,1784967692.4909616,-0.880729696969812,0.4564220895558267,-2.07710997968129,0.07533097267150879,0,0,1784967692.5608406,-0.8003930176585694,0.4690042561155138,-2.1213907857944156,1784967692.5608885,-0.047362316601996746,0.06344448588244953,-0.042266066645320066,-0.04996339557622462,0.06415568611266528,-0.04428080611312568,1784967692.5609353,0.1067668520604951,0.10870594730790431,1784967692.531979,4210.10986328125,nan,nan,48.42274475097656,nan
27.923765420913696,1784967692.6065469,SMC,circle,circle_smc_tune_base_p01,1784967692.5628314,-0.8815324210843741,0.45371199321929917,-2.0736213436475275,0.10848382866671878,0.10851326500854377,1784967692.5678113,-0.885100234365368,0.44852834040207784,-2.069232986136338,0.03873562812805176,0,0,1784967692.6013992,-0.8026785474546989,0.46526306248265165,-2.117006700139203,1784967692.6014457,-0.04812123503407559,0.06352721720905781,-0.04338535649167552,-0.05410055918841737,0.06439343826675939,-0.04777371400286512,1784967692.6014988,0.10674346268721087,0.10867139535724607,1784967692.5830112,4210.16064453125,nan,nan,50.680763244628906,nan
27.963370084762573,1784967692.6461515,SMC,circle,circle_smc_tune_base_p01,1784967692.6121738,-0.8845829292416884,0.44827918878779116,-2.0674109321050143,0.10841536700744522,0.109577634406874,1784967692.5678113,-0.885100234365368,0.44852834040207784,-2.069232986136338,0.07834029197692871,0,0,1784967692.641375,-0.8049264332089947,0.4615471380838178,-2.1126637617160466,1784967692.641416,-0.049617672237843816,0.06371249830626936,-0.045252829611032386,-0.04976213910301851,0.06419545931630677,-0.04343077557970876,1784967692.6414607,0.10669861253228653,0.10861532228984123,1784967692.633238,4210.2109375,nan,nan,50.31964111328125,nan
28.003420114517212,1784967692.6862016,SMC,circle,circle_smc_tune_base_p01,1784967692.6621473,-0.8870544119161645,0.44369819129538063,-2.0618725245545777,0.10680874218473822,0.10977811091670399,1784967692.5678113,-0.885100234365368,0.44852834040207784,-2.069232986136338,0.11839032173156738,0,0,1784967692.6814759,-0.8071495637728925,0.4578359072079362,-2.1083376117755552,1784967692.6815102,-0.05014814666382795,0.06379516560215745,-0.04646508722097753,-0.0454396757771595,0.06401697986416391,-0.03910462563921736,1784967692.6815484,0.10667987922056281,0.10857766927937267,1784967692.6820025,4210.26025390625,nan,nan,49.4021110534668,nan
28.043975591659546,1784967692.726757,SMC,circle,circle_smc_tune_base_p01,1784967692.7122424,-0.8898821364228588,0.43851686059177264,-2.0562019820161312,0.10448741969585466,0.11002699885232667,1784967692.6997352,-0.8917773937248141,0.4357988411248011,-2.056937996187461,0.02702188491821289,0,0,1784967692.7208536,-0.8093159365992797,0.45418401062018887,-2.1040914903690005,1784967692.7208922,-0.051446916834966855,0.06394987796862314,-0.047889508352869196,-0.05478258484059273,0.06431776400671707,-0.04715349418153947,1784967692.720929,0.10664145379227581,0.10853534565385846,1784967692.6820025,4210.26025390625,nan,nan,49.4021110534668,nan
28.083132028579712,1784967692.7659135,SMC,circle,circle_smc_tune_base_p01,1784967692.7619674,-0.8921126287083513,0.4342714831419801,-2.050879864115785,0.10144765934601621,0.10953279465995874,1784967692.6997352,-0.8917773937248141,0.4357988411248011,-2.056937996187461,0.0661783218383789,0,0,1784967692.7610996,-0.8115110314365186,0.4504472567296127,-2.099757692914167,1784967692.76114,-0.047117652004344444,0.06375179462872596,-0.04355571089803556,-0.050453175390456045,0.06412286712045151,-0.042819696726705825,1784967692.7611878,0.10676674914891965,0.10867320279102301,1784967692.7320163,4210.31005859375,nan,nan,49.93506622314453,nan
28.1234712600708,1784967692.8062527,SMC,circle,circle_smc_tune_base_p01,1784967692.7619674,-0.8921126287083513,0.4342714831419801,-2.050879864115785,0.10144765934601621,0.10953279465995874,1784967692.7767549,-0.8965343301732177,0.42686724588103614,-2.0489675653204253,0.029497861862182617,0,0,1784967692.8009448,-0.8136781743788917,0.44672130517731823,-2.0954473272372867,1784967692.8009844,-0.04726765793429461,0.06381794581525005,-0.044567463121501845,-0.05575396902829777,0.06442686676492601,-0.04647976191686132,1784967692.8010275,0.1067583359883784,0.10864168275645827,1784967692.781568,4210.3603515625,nan,nan,50.080780029296875,nan
28.16352081298828,1784967692.8463023,SMC,circle,circle_smc_tune_base_p01,1784967692.8126252,-0.8949825462264244,0.4289139019101191,-2.045984354081464,0.10002593397359462,0.1070968637385165,1784967692.7767549,-0.8965343301732177,0.42686724588103614,-2.0489675653204253,0.06954741477966309,0,0,1784967692.8405256,-0.8158195458372084,0.4430029593545295,-2.0911564537097598,1784967692.8405643,-0.048745604450598265,0.0639464480408468,-0.045172099628295825,-0.051467315024058075,0.06423669624071225,-0.042188888389334434,1784967692.8406096,0.10671993622505294,0.1086258116137517,1784967692.83294,4210.41162109375,nan,nan,51.335289001464844,nan
28.203503608703613,1784967692.886285,SMC,circle,circle_smc_tune_base_p01,1784967692.861955,-0.8974225019083578,0.42414669261841115,-2.0400710813688394,0.1032388085665674,0.10919314557383299,1784967692.7767549,-0.8965343301732177,0.42686724588103614,-2.0489675653204253,0.10953021049499512,0,0,1784967692.8816118,-0.8180173594242726,0.43914779821221006,-2.0867188097049385,1784967692.8816535,-0.04928958042531559,0.06403707585024891,-0.04664772833609909,-0.047033218989435625,0.06405937068564756,-0.03775124438451316,1784967692.8816931,0.10669956680566414,0.10857964491713833,1784967692.8822277,4210.4609375,nan,nan,49.42438888549805,nan
28.243231773376465,1784967692.9260132,SMC,circle,circle_smc_tune_base_p01,1784967692.912059,-0.90068669154243,0.41779939949756956,-2.0338676462618044,0.10894995731015164,0.11257378295713381,1784967692.898905,-0.9030330883717113,0.41368455453462577,-2.0372404346781536,0.027108192443847656,0,0,1784967692.9214828,-0.8201250216388158,0.4354129913013091,-2.08243033085362,1784967692.9215202,-0.051745354920722283,0.06420934136102108,-0.048562684591815675,-0.056692098803435384,0.06427968907027723,-0.045189896175466426,1784967692.921562,0.10663078645369177,0.10852155522564018,1784967692.8822277,4210.4609375,nan,nan,49.42438888549805,nan
28.283345460891724,1784967692.966127,SMC,circle,circle_smc_tune_base_p01,1784967692.9618533,-0.9031983443680642,0.4127625572115586,-2.0285187075124202,0.11051862402412875,0.11170895428983335,1784967692.898905,-0.9030330883717113,0.41368455453462577,-2.0372404346781536,0.06722187995910645,0,0,1784967692.9606192,-0.8221915006457203,0.4317144160368399,-2.0781936079074526,1784967692.960659,-0.04751320378338312,0.06401264051293123,-0.04432596164564817,-0.05245930830883375,0.0640972634642606,-0.040953173229298916,1784967692.9607046,0.10675360177258163,0.10865622262890944,1784967692.9338098,4210.5126953125,nan,nan,51.50178527832031,nan
28.3236300945282,1784967693.0064116,SMC,circle,circle_smc_tune_base_p01,1784967692.9618533,-0.9031983443680642,0.4127625572115586,-2.0285187075124202,0.11051862402412875,0.11170895428983335,1784967692.9789214,-0.9072726534069335,0.4054301784435841,-2.0260753205358073,0.02749013900756836,0,0,1784967693.0010717,-0.824297252072292,0.42790725182590966,-2.07384289322392,1784967693.0011117,-0.048452592955197514,0.06408658499519122,-0.045324185711499876,-0.05667287724868435,0.0646399337780821,-0.04776757268811283,1784967693.001156,0.10672622554034467,0.10862541330945638,1784967692.9834363,4210.5625,nan,nan,49.62590789794922,nan
28.363327026367188,1784967693.0461085,SMC,circle,circle_smc_tune_base_p01,1784967693.012105,-0.9061587002095904,0.40686500714977764,-2.0226863713404937,0.11077706060026699,0.11226595096473617,1784967692.9789214,-0.9072726534069335,0.4054301784435841,-2.0260753205358073,0.06718707084655762,0,0,1784967693.0404866,-0.826352562647849,0.4241531244621526,-2.0695629631091736,1784967693.0405228,-0.05040147275452442,0.06424632391744275,-0.04687659176867997,-0.052397404771700504,0.06444471870730209,-0.04348764257336635,1784967693.040567,0.10667172597892836,0.10857899107162543,1784967693.0349214,4210.61376953125,nan,nan,51.419063568115234,nan
28.40345573425293,1784967693.0862372,SMC,circle,circle_smc_tune_base_p01,1784967693.0624468,-0.9084579513110843,0.4020914800588433,-2.0165772631889287,0.1086162570272631,0.11379862099890023,1784967692.9789214,-0.9072726534069335,0.4054301784435841,-2.0260753205358073,0.1073157787322998,0,0,1784967693.080548,-0.8284123770112557,0.42035204433655265,-2.065239645581403,1784967693.0805879,-0.050988696946526496,0.06434978598585249,-0.04866238239247434,-0.04807778184333454,0.06426610434712199,-0.03916432504559575,1784967693.0806355,0.10664842302243883,0.1085229134531126,1784967693.0349214,4210.61376953125,nan,nan,51.419063568115234,nan
28.443013191223145,1784967693.1257946,SMC,circle,circle_smc_tune_base_p01,1784967693.1127498,-0.911166973946884,0.3965776210336286,-2.010650538041772,0.10556135628018745,0.11305221055402961,1784967693.0986557,-0.9135052973851971,0.39298182828170025,-2.0096372349399454,0.027138948440551758,0,0,1784967693.1212008,-0.8304833368304863,0.4164903650249647,-2.060857697110334,1784967693.1212432,-0.05237302706417202,0.06452466743603213,-0.05020715906856177,-0.05655622107138315,0.06516664094674685,-0.05122046217038844,1784967693.121289,0.10660695496569629,0.10847725027891568,1784967693.0878465,4210.6669921875,nan,nan,53.119972229003906,nan
28.48322319984436,1784967693.1660047,SMC,circle,circle_smc_tune_base_p01,1784967693.1620486,-0.9133288406910591,0.39196441889556666,-2.005043668376742,0.10467057627044607,0.11316362566742902,1784967693.0986557,-0.9135052973851971,0.39298182828170025,-2.0096372349399454,0.06734895706176758,0,0,1784967693.1608927,-0.8324940433852057,0.4127016917434202,-2.0565685230304385,1784967693.1609344,-0.048088809334021286,0.06431859821430465,-0.045917984988666394,-0.05227221435125941,0.06495623062044159,-0.04693128809049307,1784967693.1609802,0.1067320316671665,0.10861335377418795,1784967693.1411135,4210.7197265625,nan,nan,53.10898208618164,nan
28.52350902557373,1784967693.2062905,SMC,circle,circle_smc_tune_base_p01,1784967693.1620486,-0.9133288406910591,0.39196441889556666,-2.005043668376742,0.10467057627044607,0.11316362566742902,1784967693.1799831,-0.9177701953418431,0.3839301766746284,-2.0011497847873727,0.026307344436645508,0,0,1784967693.2007802,-0.8344937993969139,0.40889425053400275,-2.0522678648044255,1784967693.2008216,-0.048526609633425546,0.06439527228485413,-0.047224196427683385,-0.05743005930185984,0.06526830313266753,-0.051118080017052765,1784967693.2008674,0.10671495701236253,0.10857236919523902,1784967693.1895278,4210.76806640625,nan,nan,48.38920974731445,nan
28.563472270965576,1784967693.2462537,SMC,circle,circle_smc_tune_base_p01,1784967693.2124488,-0.9161579183380666,0.3860366634472008,-1.9988025073259108,0.1059601924870431,0.11418132313266512,1784967693.1799831,-0.9177701953418431,0.3839301766746284,-2.0011497847873727,0.06627058982849121,0,0,1784967693.240688,-0.8364858660801768,0.405061409710842,-2.0479482551623964,1784967693.2407243,-0.050377116763843405,0.06458887665799688,-0.04914574783648562,-0.0531156288437961,0.06505690713273907,-0.04679847037502372,1784967693.2407672,0.10666054900254421,0.10851477096071704,1784967693.2325988,4210.8115234375,nan,nan,43.079063415527344,nan
28.60381269454956,1784967693.2865942,SMC,circle,circle_smc_tune_base_p01,1784967693.262164,-0.9183810079344156,0.38113450526464093,-1.9926976533072631,0.10684552409280255,0.1156162915275568,1784967693.1799831,-0.9177701953418431,0.3839301766746284,-2.0011497847873727,0.10661101341247559,0,0,1784967693.281056,-0.8384794393188968,0.40118465047071983,-2.0435889402438785,1784967693.281091,-0.05101134454233973,0.0646847100788742,-0.050891286936615376,-0.04876065599967406,0.06486246436230939,-0.042439155456505784,1784967693.2811303,0.10663590206638776,0.10845978077140862,1784967693.282762,4210.86181640625,nan,nan,50.297122955322266,nan
28.64344596862793,1784967693.3262274,SMC,circle,circle_smc_tune_base_p01,1784967693.3121238,-0.921174211070492,0.3750591369626709,-1.9869719293148784,0.10779290130534133,0.11629356741128626,1784967693.3004575,-0.9235922049160654,0.37047489390139027,-1.9896980460728808,0.025769948959350586,0,0,1784967693.3212254,-0.8404232376821459,0.397364164816194,-2.039302392583051,1784967693.3212707,-0.05304593830267765,0.06484105489811484,-0.0523304632681727,-0.05839391419962628,0.06504045499174477,-0.049604346510170316,1784967693.3213198,0.10657905344548164,0.10841701972099807,1784967693.282762,4210.86181640625,nan,nan,50.297122955322266,nan
28.68382239341736,1784967693.3666039,SMC,circle,circle_smc_tune_base_p01,1784967693.3619676,-0.9231721101101851,0.37054514445528997,-1.9822375021848109,0.10440746594856061,0.1127200421214643,1784967693.3004575,-0.9235922049160654,0.37047489390139027,-1.9896980460728808,0.0661463737487793,0,0,1784967693.3608713,-0.8423715994947809,0.39349352361466106,-2.034969032864728,1784967693.360914,-0.048718033071731594,0.06462376850671228,-0.04799710354984965,-0.054065432703204935,0.06483496776811015,-0.04527098679184726,1784967693.3609598,0.10670639010129583,0.10855422216522875,1784967693.3325622,4210.91162109375,nan,nan,49.75217056274414,nan
28.7235906124115,1784967693.406372,SMC,circle,circle_smc_tune_base_p01,1784967693.3619676,-0.9231721101101851,0.37054514445528997,-1.9822375021848109,0.10440746594856061,0.1127200421214643,1784967693.389673,-0.9276220645660639,0.36192443223429915,-1.9792047176351768,0.01669907569885254,0,0,1784967693.40096,-0.844298999070821,0.3896228979928719,-2.0306450716067936,1784967693.400997,-0.04902940154888129,0.06466100918503467,-0.048407569421982766,-0.05851206289088312,0.06546966278480981,-0.05144035397161684,1784967693.401039,0.10669678126051498,0.10854178132543506,1784967693.383882,4210.96240234375,nan,nan,51.186283111572266,nan
28.76329255104065,1784967693.446074,SMC,circle,circle_smc_tune_base_p01,1784967693.4120731,-0.9257314521406229,0.3648942762190154,-1.9768471882816399,0.10358974837692714,0.11191085810717907,1784967693.389673,-0.9276220645660639,0.36192443223429915,-1.9792047176351768,0.05640101432800293,0,0,1784967693.4404843,-0.8461904878441284,0.3857830761148553,-2.0263646522571235,1784967693.4405222,-0.050607725677840144,0.06482256600923117,-0.04951746397548362,-0.05423684754015039,0.06525872312684444,-0.047159934621946675,1784967693.4405632,0.10665303475754809,0.10851017006779158,1784967693.4328907,4211.01171875,nan,nan,49.07007598876953,nan
28.80376124382019,1784967693.4865427,SMC,circle,circle_smc_tune_base_p01,1784967693.462182,-0.9278315487941078,0.3599761961012427,-1.9706670633891266,0.10479656909392715,0.11383301773646315,1784967693.389673,-0.9276220645660639,0.36192443223429915,-1.9792047176351768,0.09686970710754395,0,0,1784967693.4811337,-0.8481054417066569,0.3818528170801739,-2.0219926944781923,1784967693.4812024,-0.051188119363674414,0.06492006725801902,-0.05132563108906573,-0.04986931397922323,0.06506216532495751,-0.042787976843015496,1784967693.48125,0.10662926305896647,0.10845314787229844,1784967693.4829974,4211.06201171875,nan,nan,50.2278938293457,nan
28.843607664108276,1784967693.5263891,SMC,circle,circle_smc_tune_base_p01,1784967693.5122058,-0.9304554031746284,0.3539509865927113,-1.967223544717131,0.10582672721280167,0.11006914282456223,1784967693.4977672,-0.932367798038408,0.3495324565387049,-1.9746196459717935,0.028621912002563477,0,0,1784967693.5208426,-0.8499693564545345,0.3779848380269306,-2.017699040036359,1784967693.5208845,-0.053247624138472505,0.06496399198786368,-0.050475495319228125,-0.05854122167408648,0.06459076213134507,-0.04307939406456551,1784967693.520931,0.10658450634452203,0.10848294988895452,1784967693.4829974,4211.06201171875,nan,nan,50.2278938293457,nan
28.88347339630127,1784967693.5662549,SMC,circle,circle_smc_tune_base_p01,1784967693.5628057,-0.932577483503331,0.3488638999001735,-1.9616242848540217,0.10701124152554796,0.11015855520443188,1784967693.4977672,-0.932367798038408,0.3495324565387049,-1.9746196459717935,0.06848764419555664,0,0,1784967693.5606136,-0.8518209583452858,0.37409979385894343,-2.013395317654767,1784967693.5606482,-0.04894892906610977,0.06475610157469058,-0.04617177293763608,-0.05424110661094354,0.06441467069834447,-0.03877567168297347,1784967693.5606914,0.10671012719088145,0.10861947762123515,1784967693.5332706,4211.1123046875,nan,nan,50.152469635009766,nan
28.92313575744629,1784967693.6059172,SMC,circle,circle_smc_tune_base_p01,1784967693.5628057,-0.932577483503331,0.3488638999001735,-1.9616242848540217,0.10701124152554796,0.11015855520443188,1784967693.5787647,-0.935607475930662,0.342546005204713,-1.9626941209587472,0.027152538299560547,0,0,1784967693.6012602,-0.8536852714255063,0.3701439811580561,-2.0090222011615415,1784967693.601305,-0.04972974399150128,0.0648365294214172,-0.04739791630751977,-0.05679527346624549,0.0651704900978981,-0.04632808020279433,1784967693.6013517,0.10668519448080056,0.10858128710379658,1784967693.5839903,4211.1630859375,nan,nan,50.79277420043945,nan
28.963441133499146,1784967693.6462226,SMC,circle,circle_smc_tune_base_p01,1784967693.6119564,-0.9349847434244927,0.3431965506740467,-1.9566511188216271,0.10770211233671381,0.1101667326293174,1784967693.5787647,-0.935607475930662,0.342546005204713,-1.9626941209587472,0.06745791435241699,0,0,1784967693.640846,-0.8555036679031334,0.36624177915487655,-2.004717114072003,1784967693.6408796,-0.05126367542941738,0.06496429406399351,-0.04806599525037569,-0.05249438965640403,0.06498037256133596,-0.042022993113255636,1784967693.640919,0.10664493745279321,0.10856327662712059,1784967693.6354473,4211.21435546875,nan,nan,51.425872802734375,nan
29.00342583656311,1784967693.6862073,SMC,circle,circle_smc_tune_base_p01,1784967693.6619968,-0.936963162027477,0.3382979118987141,-1.9509410645432743,0.10685327709874115,0.11081920743312554,1784967693.5787647,-0.935607475930662,0.342546005204713,-1.9626941209587472,0.10744261741638184,0,0,1784967693.680541,-0.8572934181136724,0.3623576052389374,-2.0004404283572814,1784967693.6805847,-0.051903941577058646,0.06505472917230587,-0.0494993638140071,-0.04822110839181097,0.0648098437981768,-0.03774630739853423,1784967693.6806316,0.10662202231634663,0.10851851217860996,1784967693.6839955,4211.26318359375,nan,nan,48.6889533996582,nan
29.043034315109253,1784967693.7258158,SMC,circle,circle_smc_tune_base_p01,1784967693.7119946,-0.9393496855154702,0.3323449815715843,-1.9457593877083053,0.10731337629177892,0.11029164566041885,1784967693.698229,-0.9407930707489897,0.32870275373317087,-1.9482598106989197,0.027586698532104492,0,0,1784967693.720669,-0.8590899259919855,0.35841418838206046,-1.996107068638959,1784967693.7207017,-0.05365213471608747,0.06513586556500005,-0.05034768093065378,-0.05773263753136032,0.06500089057660496,-0.0478472579400393,1784967693.7207398,0.10657549367519516,0.10849293948781154,1784967693.6839955,4211.26318359375,nan,nan,48.6889533996582,nan
29.08345651626587,1784967693.766238,SMC,circle,circle_smc_tune_base_p01,1784967693.7618663,-0.9412530348432522,0.3275132086656099,-1.9410371549838417,0.10602506468238126,0.10763577220215675,1784967693.698229,-0.9407930707489897,0.32870275373317087,-1.9482598106989197,0.0680088996887207,0,0,1784967693.7605982,-0.8608601635007025,0.3544834929645727,-1.9917961364795354,1784967693.7606387,-0.0493462109696044,0.06492819276514224,-0.046036748771230096,-0.05342620797613354,0.06480398504545647,-0.043536325780615615,1784967693.7606838,0.10670126450749541,0.10862971479979706,1784967693.7380614,4211.31689453125,nan,nan,53.76186752319336,nan
29.123255729675293,1784967693.8060372,SMC,circle,circle_smc_tune_base_p01,1784967693.7618663,-0.9412530348432522,0.3275132086656099,-1.9410371549838417,0.10602506468238126,0.10763577220215675,1784967693.7792485,-0.9448963553908379,0.31825646491461174,-1.932929244081893,0.026788711547851562,0,0,1784967693.8012059,-0.8626283836051778,0.3505114375501837,-1.9874482799579287,1784967693.8012447,-0.04988941426104372,0.06497538502253022,-0.04641112497408706,-0.05930806549518501,0.06550538763083931,-0.05451903587603568,1784967693.8012877,0.1066863593386595,0.10861880866828144,1784967693.7929168,4211.37158203125,nan,nan,54.93523406982422,nan
29.163401126861572,1784967693.8461826,SMC,circle,circle_smc_tune_base_p01,1784967693.8121872,-0.943688711544395,0.3211453219608512,-1.934273371819817,0.10789179585532849,0.10914279848862253,1784967693.7792485,-0.9448963553908379,0.31825646491461174,-1.932929244081893,0.06693410873413086,0,0,1784967693.8405225,-0.8643574513711083,0.3465817213626574,-1.983154986004987,1784967693.84056,-0.051978890843165135,0.0651049472922315,-0.04888161418517001,-0.05502066145674292,0.06528064051776192,-0.05022574192309403,1784967693.8406022,0.10662350405043715,0.10854077777023538,1784967693.8387346,4211.41748046875,nan,nan,45.894161224365234,nan
29.20355796813965,1784967693.8863394,SMC,circle,circle_smc_tune_base_p01,1784967693.8619869,-0.9457163970056602,0.3157913865742487,-1.928564266226833,0.1106511255340165,0.11006894573394593,1784967693.7792485,-0.9448963553908379,0.31825646491461174,-1.932929244081893,0.10709095001220703,0,0,1784967693.8812973,-0.8661110104162568,0.3425488943292014,-1.9787574077655459,1784967693.8813357,-0.052939806352363436,0.06519477508726432,-0.050193141538712904,-0.05062815748293412,0.0650695195887429,-0.045828163683652834,1784967693.8813777,0.10659342822853138,0.10850005445161838,1784967693.8847902,4211.4638671875,nan,nan,46.16571044921875,nan
29.24368715286255,1784967693.9264686,SMC,circle,circle_smc_tune_base_p01,1784967693.9118788,-0.9480375426283371,0.30946916965986065,-1.9227623629674242,0.11212919987833267,0.10902850680225884,1784967693.9004092,-0.9493627673308555,0.30562578818681413,-1.9203963933977974,0.026059389114379883,0,0,1784967693.9210112,-0.8677998021769531,0.3386184836963638,-1.974479537587323,1784967693.9210484,-0.0550238446358305,0.06526985539308579,-0.051717174619898776,-0.05893407748038164,0.06532847582194864,-0.05408314418952554,1784967693.9210894,0.10653502794600975,0.1084517560257729,1784967693.8847902,4211.4638671875,nan,nan,46.16571044921875,nan
29.283536434173584,1784967693.966318,SMC,circle,circle_smc_tune_base_p01,1784967693.9619713,-0.9500246825580315,0.30404473872211224,-1.9174333055808328,0.11338618871357525,0.10857954826262999,1784967693.9004092,-0.9493627673308555,0.30562578818681413,-1.9203963933977974,0.06590867042541504,0,0,1784967693.9608746,-0.8694780929123604,0.33466589191514173,-1.9701853939105656,1784967693.9609227,-0.05073497894846038,0.06505708157599845,-0.047423030943141375,-0.054645727213044615,0.06510555528415753,-0.04978900051276813,1784967693.9609792,0.10666094029475205,0.1085878016877619,1784967693.9352574,4211.513671875,nan,nan,50.1312255859375,nan
29.32356858253479,1784967694.00635,SMC,circle,circle_smc_tune_base_p01,1784967693.9619713,-0.9500246825580315,0.30404473872211224,-1.9174333055808328,0.11338618871357525,0.10857954826262999,1784967693.9778106,-0.952142590049671,0.2974127759293805,-1.9128872828504802,0.028539419174194336,0,0,1784967694.0009527,-0.8711510399516915,0.33067820515153895,-1.9658609949161197,1784967694.000989,-0.051845597583235425,0.0651339162286229,-0.04842768933528685,-0.058507106505361,0.06513937716142434,-0.0529737120656395,1784967694.0010293,0.10662908738767345,0.10855687422977786,1784967693.987262,4211.56298828125,nan,nan,48.97874450683594,nan
29.36363458633423,1784967694.046416,SMC,circle,circle_smc_tune_base_p01,1784967694.0120265,-0.9521744067043149,0.2979182113973826,-1.9110396314279312,0.11355480029788005,0.11051678685221124,1784967693.9778106,-0.952142590049671,0.2974127759293805,-1.9128872828504802,0.06860542297363281,0,0,1784967694.040837,-0.8728138076760115,0.3266661314598814,-1.9615180049945498,1784967694.040873,-0.053583840464414806,0.06521747946015018,-0.05047837356661855,-0.054169723123215975,0.06491883870984935,-0.0486307221440696,1784967694.0409117,0.1065764214685704,0.10849130352978438,1784967694.0362127,4211.615234375,nan,nan,52.25678634643555,nan
29.40299963951111,1784967694.085781,SMC,circle,circle_smc_tune_base_p01,1784967694.0620408,-0.9539160718083249,0.29296870505563366,-1.9056014696668584,0.11018113497618975,0.11021342343378704,1784967693.9778106,-0.952142590049671,0.2974127759293805,-1.9128872828504802,0.1079704761505127,0,0,1784967694.0807002,-0.8744437646724721,0.322684653866129,-1.957215801816144,1784967694.0807369,-0.05417937062901126,0.06529533684305135,-0.05161433214928568,-0.049872169565895824,0.06471894608410192,-0.04432851896566392,1784967694.0807784,0.10655586891774796,0.10845603348979219,1784967694.0362127,4211.615234375,nan,nan,52.25678634643555,nan
29.443915128707886,1784967694.1266966,SMC,circle,circle_smc_tune_base_p01,1784967694.1119936,-0.9558252189236449,0.2873091615761943,-1.8990037310505261,0.10697212395933857,0.11128870993541141,1784967694.1006968,-0.956944434191214,0.28388185670667077,-1.896045174351061,0.025999784469604492,0,0,1784967694.1213431,-0.8760641049107931,0.3186774692502757,-1.9528934112598082,1784967694.121381,-0.05540464765951652,0.06539213295673882,-0.05388968020928209,-0.05881619383769825,0.06552112376356416,-0.056848236908747296,1784967694.1214266,0.10651350513233653,0.10838341509158189,1784967694.087478,4211.66357421875,nan,nan,48.69889450073242,nan
29.4833984375,1784967694.16618,SMC,circle,circle_smc_tune_base_p01,1784967694.1623642,-0.9574368688849343,0.28256100999758443,-1.893813156853693,0.10397602560189473,0.10987414400692813,1784967694.1006968,-0.956944434191214,0.28388185670667077,-1.896045174351061,0.06548309326171875,0,0,1784967694.1611488,-0.8776749638135213,0.31464352519840866,-1.9485497261096623,1784967694.1611907,-0.05106677372765238,0.06516758726128806,-0.04954599505913615,-0.05447900322085322,0.06528374522358339,-0.05250455175860136,1784967694.1612394,0.1066418650418099,0.10852071974007173,1784967694.1385653,4211.71728515625,nan,nan,53.676612854003906,nan
29.52322483062744,1784967694.2060063,SMC,circle,circle_smc_tune_base_p01,1784967694.1623642,-0.9574368688849343,0.28256100999758443,-1.893813156853693,0.10397602560189473,0.10987414400692813,1784967694.1778333,-0.9596553651292481,0.2753485030411461,-1.891989340382973,0.028172969818115234,0,0,1784967694.2008576,-0.8792471493271201,0.3106565648499876,-1.9442639766742371,1784967694.2009017,-0.05146218130453235,0.0652275734821821,-0.050450819820544224,-0.058887164691343974,0.06514938397094086,-0.052274636291264054,1784967694.2009394,0.10662749139745323,0.10849255845538792,1784967694.1884027,4211.76513671875,nan,nan,47.50754928588867,nan
29.563392162322998,1784967694.2461736,SMC,circle,circle_smc_tune_base_p01,1784967694.2125833,-0.9594692735278806,0.27639468375184456,-1.8877331644891986,0.10690287104367045,0.1118511511558237,1784967694.1778333,-0.9596553651292481,0.2753485030411461,-1.891989340382973,0.06834030151367188,0,0,1784967694.2407756,-0.8808112180946501,0.3066396812055762,-1.9399533277560856,1784967694.2408204,-0.05325299837867492,0.06531437605301176,-0.052220163266887054,-0.05458193203064264,0.06493342781906494,-0.04796398737311258,1784967694.2408674,0.10657470644452445,0.1084364737595375,1784967694.2443118,4211.82080078125,nan,nan,55.79924392700195,nan
29.603233098983765,1784967694.2860146,SMC,circle,circle_smc_tune_base_p01,1784967694.262079,-0.9612672819569745,0.2708843466295141,-1.8817648912526577,0.11095873093576333,0.11331446655863268,1784967694.1778333,-0.9596553651292481,0.2753485030411461,-1.891989340382973,0.10818123817443848,0,0,1784967694.2811642,-0.8823742362252762,0.3025734680578642,-1.9355970512439395,1784967694.281222,-0.054309001151510716,0.0654128846302452,-0.053832159991281874,-0.05023022428885035,0.06473404183832206,-0.043607710860966487,1784967694.281269,0.10654013508069751,0.10838602415463211,1784967694.2850394,4211.8642578125,nan,nan,43.26573944091797,nan
29.643301963806152,1784967694.3260834,SMC,circle,circle_smc_tune_base_p01,1784967694.312027,-0.9631426785649904,0.264790443509505,-1.8766374527451035,0.1112874253158953,0.11056410572220919,1784967694.2973597,-0.963470376896144,0.26220366823828456,-1.8763641925253962,0.028723716735839844,0,0,1784967694.3207355,-0.8838944950850958,0.29856688831283484,-1.9313117395450254,1784967694.320772,-0.05607027761431391,0.06540066342682768,-0.05467428679992192,-0.05861793337671198,0.0649503089048809,-0.054947547019629235,1784967694.3208127,0.10649293255186118,0.10835754588756352,1784967694.2850394,4211.8642578125,nan,nan,43.26573944091797,nan
29.683104038238525,1784967694.3658855,SMC,circle,circle_smc_tune_base_p01,1784967694.3619876,-0.9647423608828003,0.2597119257187945,-1.8715420759875177,0.1094591398332082,0.10912376716381242,1784967694.2973597,-0.963470376896144,0.26220366823828456,-1.8763641925253962,0.06852579116821289,0,0,1784967694.3607817,-0.8854111833620135,0.2945172452672881,-1.926987392048993,1784967694.3608289,-0.05175189435477691,0.06517368732800807,-0.050349939303889535,-0.05429961230194216,0.06472215277219197,-0.05062319952359684,1784967694.3608809,0.10662108716876262,0.10849412493413728,1784967694.3347378,4211.9130859375,nan,nan,49.27255630493164,nan
29.723185539245605,1784967694.405967,SMC,circle,circle_smc_tune_base_p01,1784967694.3619876,-0.9647423608828003,0.2597119257187945,-1.8715420759875177,0.1094591398332082,0.10912376716381242,1784967694.3908658,-0.9664339774460464,0.25291701611646805,-1.8667903643291743,0.015101194381713867,0,0,1784967694.4010997,-0.8869186250708796,0.2904385292373911,-1.9226390205432555,1784967694.4011395,-0.052401390658297256,0.06522846216636707,-0.05109694455573788,-0.05908369947782004,0.06511276116281046,-0.055848656214081194,1784967694.401216,0.10660140881895457,0.10847105058702097,1784967694.385095,4211.9638671875,nan,nan,50.316932678222656,nan
29.763070106506348,1784967694.4458516,SMC,circle,circle_smc_tune_base_p01,1784967694.4122713,-0.9664159012461837,0.25408849811068407,-1.8658826406298137,0.10747517560242226,0.1088641143367223,1784967694.3908658,-0.9664339774460464,0.25291701611646805,-1.8667903643291743,0.054985761642456055,0,0,1784967694.4407263,-0.8883926022800428,0.2863966810978216,-1.9183367916156435,1784967694.4407678,-0.053602653549404175,0.0652549569148024,-0.052454150985829846,-0.054787674952476564,0.06488185322851353,-0.05154642728646919,1784967694.440815,0.10656499272893394,0.10842669353096575,1784967694.4353147,4212.013671875,nan,nan,49.95377731323242,nan
29.8035888671875,1784967694.4863703,SMC,circle,circle_smc_tune_base_p01,1784967694.4624262,-0.9679334105892857,0.24905442366542946,-1.8601290619687614,0.10643570985368189,0.10984609327556237,1784967694.3908658,-0.9664339774460464,0.25291701611646805,-1.8667903643291743,0.0955045223236084,0,0,1784967694.4807549,-0.8898572443410582,0.28232595470904065,-1.91401059017674,1784967694.4807925,-0.05416470856562204,0.0653380965441149,-0.053881528207978535,-0.050466750992932116,0.06466829800135221,-0.04722022584756558,1784967694.4808335,0.10654331108938991,0.10838188561120454,1784967694.4848516,4212.06396484375,nan,nan,50.245025634765625,nan
29.84291172027588,1784967694.5256932,SMC,circle,circle_smc_tune_base_p01,1784967694.5128124,-0.9696974852995326,0.2428468536389482,-1.852296377347402,0.10783610716255176,0.11440647512085257,1784967694.4993424,-0.9705418679644567,0.2396059038925989,-1.8491004836642537,0.026350736618041992,0,0,1784967694.520932,-0.8913089784502572,0.27823554918428345,-1.9096702009250308,1784967694.5209665,-0.055771879351338725,0.0654722479534576,-0.05737382357762888,-0.05891057274382748,0.0655716760127795,-0.06056971726077709,1784967694.5210073,0.10648376884654256,0.10826994747919429,1784967694.4848516,4212.06396484375,nan,nan,50.245025634765625,nan
29.883444786071777,1784967694.5662262,SMC,circle,circle_smc_tune_base_p01,1784967694.5618193,-0.9711214428008079,0.23793277203619564,-1.8475956626233034,0.10649423288174245,0.11132857652050114,1784967694.4993424,-0.9705418679644567,0.2396059038925989,-1.8491004836642537,0.06688380241394043,0,0,1784967694.561119,-0.8927386079015951,0.27415135815332053,-1.905343021016278,1784967694.5611541,-0.05145129612816794,0.0652334648778731,-0.053046643668876126,-0.05459077470931089,0.06531908605550261,-0.056242537352024335,1784967694.5611966,0.10661325141606177,0.10840622737363323,1784967694.5347188,4212.11376953125,nan,nan,49.87263488769531,nan
29.923274755477905,1784967694.6060562,SMC,circle,circle_smc_tune_base_p01,1784967694.5618193,-0.9711214428008079,0.23793277203619564,-1.8475956626233034,0.10649423288174245,0.11132857652050114,1784967694.5766096,-0.973006635971485,0.23053796303926014,-1.8438881292609957,0.02944660186767578,0,0,1784967694.6016989,-0.894164292924458,0.2700209255433556,-1.9009734579135558,1784967694.601741,-0.051897432225135945,0.06525878516358906,-0.05337779529025233,-0.05928435160298158,0.06527162507750935,-0.0570853286525601,1784967694.601788,0.10660064194595649,0.1083960329957779,1784967694.5867367,4212.1640625,nan,nan,50.2142219543457,nan
29.962884426116943,1784967694.645666,SMC,circle,circle_smc_tune_base_p01,1784967694.6125994,-0.9727839416427182,0.23193879737884074,-1.8419536326806596,0.10548827309061376,0.11017183465462646,1784967694.5766096,-0.973006635971485,0.23053796303926014,-1.8438881292609957,0.06905627250671387,0,0,1784967694.641367,-0.8955544260111274,0.2659360676410982,-1.8966585346271183,1784967694.6413975,-0.053440729008744275,0.06530161524027604,-0.05470490194645872,-0.054975939236537555,0.06503473488995323,-0.05277040536612265,1784967694.6414332,0.10655586098088837,0.10835322377646057,1784967694.6357086,4212.2138671875,nan,nan,50.05461502075195,nan
30.003096342086792,1784967694.6858778,SMC,circle,circle_smc_tune_base_p01,1784967694.6629827,-0.974150628363851,0.22697351190347573,-1.8360462777672115,0.10422393162233698,0.11136226448515463,1784967694.5766096,-0.973006635971485,0.23053796303926014,-1.8438881292609957,0.1092681884765625,0,0,1784967694.681029,-0.8969115065284718,0.261891518558004,-1.8923923803378726,1784967694.6810741,-0.05394509273627521,0.06538406610406619,-0.05634610257066108,-0.0507152565160261,0.06481880070727589,-0.04850425107687695,1784967694.6811206,0.10653391943216166,0.1083012654511135,1784967694.6357086,4212.2138671875,nan,nan,50.05461502075195,nan
30.043794870376587,1784967694.7265763,SMC,circle,circle_smc_tune_base_p01,1784967694.7121181,-0.9757170348439478,0.22082331785455636,-1.8297522410160958,0.10397234567393938,0.1132964988058054,1784967694.697478,-0.9765503344718774,0.21571544814458604,-1.8303464052658567,0.0290982723236084,0,0,1784967694.7208312,-0.8982616198508888,0.25780985427907765,-1.8880932155658388,1784967694.7208667,-0.05558744429497814,0.06540169130215308,-0.05834097454974296,-0.0607769410206027,0.06486312746854182,-0.057746810299982076,1784967694.7209048,0.10648215532053136,0.10823535722508033,1784967694.6870308,4212.26513671875,nan,nan,51.00331497192383,nan
30.083126068115234,1784967694.7659075,SMC,circle,circle_smc_tune_base_p01,1784967694.7619312,-0.9770149220624194,0.21588216306474098,-1.8238827346727002,0.10341890948137157,0.11405851474255267,1784967694.697478,-0.9765503344718774,0.21571544814458604,-1.8303464052658567,0.06842947006225586,0,0,1784967694.7612174,-0.8996146898282544,0.2536590214143355,-1.8837274118472715,1784967694.7612562,-0.05122852651026895,0.06515664522318496,-0.053975170831175756,-0.05641787840769927,0.06462067134579107,-0.05338100658141487,1784967694.761304,0.10661323432389291,0.10837271581306697,1784967694.7369902,4212.31494140625,nan,nan,49.92869186401367,nan
30.12321424484253,1784967694.8059957,SMC,circle,circle_smc_tune_base_p01,1784967694.7619312,-0.9770149220624194,0.21588216306474098,-1.8238827346727002,0.10341890948137157,0.11405851474255267,1784967694.7776935,-0.979035987516117,0.2049678736421037,-1.8207609954004593,0.02830219268798828,0,0,1784967694.8014808,-0.9009412576693301,0.24952857116679658,-1.8793891597797059,1784967694.801522,-0.05162290640822636,0.06522544539004663,-0.05550642510700565,-0.062494074765485526,0.0646446688670899,-0.058628164379246554,1784967694.8015683,0.10659472094300022,0.10832396734276803,1784967694.7857935,4212.3642578125,nan,nan,49.48285675048828,nan
30.163492441177368,1784967694.846274,SMC,circle,circle_smc_tune_base_p01,1784967694.8126626,-0.9785827838012319,0.20941661231295994,-1.818584093556883,0.10289486517952134,0.1115138953784565,1784967694.7776935,-0.979035987516117,0.2049678736421037,-1.8207609954004593,0.06858038902282715,0,0,1784967694.840685,-0.9022226443527299,0.2454791726679471,-1.87514185390965,1784967694.8407207,-0.05368919456853555,0.06518319984883904,-0.05655776035276694,-0.05825355059277028,0.06440480478996204,-0.05438085850919072,1784967694.840761,0.10653877123649337,0.10828751464986906,1784967694.83619,4212.4150390625,nan,nan,50.55242919921875,nan
30.203152894973755,1784967694.8859344,SMC,circle,circle_smc_tune_base_p01,1784967694.8622665,-0.9798741219231529,0.20426557790920075,-1.8125866922816594,0.10449749829456967,0.1130779183637446,1784967694.7776935,-0.979035987516117,0.2049678736421037,-1.8207609954004593,0.10824084281921387,0,0,1784967694.880874,-0.9035123470009865,0.24134186410272032,-1.870808185200849,1784967694.8809223,-0.0542819305496691,0.06526288135662016,-0.058221492919189544,-0.053925791378420115,0.06417862948753893,-0.05004718980038958,1784967694.8809693,0.10651423928671395,0.10823471294791435,1784967694.83619,4212.4150390625,nan,nan,50.55242919921875,nan
30.24301505088806,1784967694.9257965,SMC,circle,circle_smc_tune_base_p01,1784967694.9119282,-0.9814937326266596,0.1973750685912237,-1.8061155552177206,0.1085687834622195,0.116521389052783,1784967694.8986895,-0.9823605330183447,0.1917908534561656,-1.809079390370572,0.02710700035095215,0,0,1784967694.9212081,-0.9047729651752203,0.23723558329119113,-1.8665127540637638,1784967694.92125,-0.05664966730699407,0.0653127245220335,-0.06039719884604322,-0.06247402045580837,0.0646687785695472,-0.05743336369319185,1784967694.921296,0.10644348548912723,0.10816385085586634,1784967694.886903,4212.46484375,nan,nan,50.04742431640625,nan
30.283106803894043,1784967694.9658883,SMC,circle,circle_smc_tune_base_p01,1784967694.9625654,-0.9827698379449159,0.19205084991949115,-1.8008352323672698,0.1083895305283751,0.1144329800574106,1784967694.8986895,-0.9823605330183447,0.1917908534561656,-1.809079390370572,0.0671987533569336,0,0,1784967694.9610386,-0.9060333986649141,0.23306569435037183,-1.8621565290500304,1784967694.9610915,-0.052300826276451065,0.06505925252797043,-0.05604097383230977,-0.05812444727794802,0.06442819691782264,-0.0530771386794584,1784967694.9611368,0.10657523264921907,0.10830060928985535,1784967694.9371035,4212.51513671875,nan,nan,49.99209976196289,nan
30.322998046875,1784967695.0057795,SMC,circle,circle_smc_tune_base_p01,1784967694.9625654,-0.9827698379449159,0.19205084991949115,-1.8008352323672698,0.1083895305283751,0.1144329800574106,1784967694.978953,-0.9839387867194367,0.18390179225298234,-1.802509547709753,0.02682662010192871,0,0,1784967695.0008771,-0.907258407520688,0.22894878439651617,-1.8578612266589787,1784967695.0009224,-0.053143720894262544,0.06510897497961834,-0.05702599429170885,-0.06145237202694136,0.06428621957702822,-0.05535167894922566,1784967695.0009725,0.1065489922247468,0.10826943268959698,1784967694.986673,4212.56494140625,nan,nan,49.85765075683594,nan
30.36371421813965,1784967695.0464957,SMC,circle,circle_smc_tune_base_p01,1784967695.012993,-0.9841640353679271,0.18578759852693824,-1.7961443550160834,0.10805414190972112,0.11243771512647954,1784967694.978953,-0.9839387867194367,0.18390179225298234,-1.802509547709753,0.06754279136657715,0,0,1784967695.040704,-0.9084747161882283,0.22479569279006317,-1.8535336862613347,1784967695.0407379,-0.054934274915491875,0.0650594335622154,-0.05738933124525136,-0.05713095476403378,0.0640561554421258,-0.05102413855158172,1784967695.0407794,0.10650377530145529,0.10825567007723214,1784967695.0382407,4212.6162109375,nan,nan,51.20991134643555,nan
30.402989625930786,1784967695.085771,SMC,circle,circle_smc_tune_base_p01,1784967695.0623589,-0.9853113060344794,0.18071771891018928,-1.79011639662391,0.10691553374541286,0.11400301238576827,1784967694.978953,-0.9839387867194367,0.18390179225298234,-1.802509547709753,0.10681819915771484,0,0,1784967695.080753,-0.909672007663664,0.22064099108597351,-1.849209905247846,1784967695.0807884,-0.05542347623163202,0.06514145685853753,-0.05909350862393591,-0.05281233764299811,0.06384497000462126,-0.046700357538092874,1784967695.0808294,0.10648132112956535,0.10820159827448672,1784967695.0382407,4212.6162109375,nan,nan,51.20991134643555,nan
30.44350576400757,1784967695.1262872,SMC,circle,circle_smc_tune_base_p01,1784967695.1120732,-0.9866652686808758,0.17441820383015033,-1.7844335538699152,0.10597644145123666,0.11416320958153807,1784967695.0985093,-0.987486790133187,0.16927805239943386,-1.786206638579941,0.027777910232543945,0,0,1784967695.1208847,-0.9108470445535244,0.2164963712302735,-1.8449019342471742,1784967695.1209283,-0.05719623605571006,0.06517335239680071,-0.06046838037725899,-0.0625086589799505,0.06477567281205567,-0.05869529566723308,1784967695.1209805,0.1064299035384544,0.1081568324006514,1784967695.086968,4212.6650390625,nan,nan,49.15256118774414,nan
30.483490228652954,1784967695.1662717,SMC,circle,circle_smc_tune_base_p01,1784967695.1620846,-0.9877449853951944,0.1694030500172866,-1.7787764165868447,0.1046270917537892,0.11398058797770383,1784967695.0985093,-0.987486790133187,0.16927805239943386,-1.786206638579941,0.06776237487792969,0,0,1784967695.1607645,-0.9120088344150672,0.21233002545543234,-1.8405766340304999,1784967695.1608024,-0.0528782891772122,0.0649213056701983,-0.05614308016058467,-0.058190271988932035,0.06453128256322649,-0.05436999545055876,1784967695.160844,0.10656075531001143,0.10829260751698712,1784967695.1372347,4212.71533203125,nan,nan,50.169952392578125,nan
30.523733139038086,1784967695.2065146,SMC,circle,circle_smc_tune_base_p01,1784967695.1620846,-0.9877449853951944,0.1694030500172866,-1.7787764165868447,0.1046270917537892,0.11398058797770383,1784967695.1767437,-0.9897547335166281,0.16041888030975457,-1.7776868944057715,0.029770851135253906,0,0,1784967695.2014267,-0.9131682632555704,0.208101047386196,-1.8361915956546453,1784967695.2014623,-0.05326295063649121,0.064979077978604,-0.057415179067800574,-0.06239753757650157,0.06515845139767076,-0.05850470124887374,1784967695.2015018,0.10654372693001998,0.10825212996369345,1784967695.188068,4212.76611328125,nan,nan,50.538429260253906,nan
30.563164949417114,1784967695.2459464,SMC,circle,circle_smc_tune_base_p01,1784967695.2124114,-0.9890529113820995,0.16331100805821003,-1.7736830500238179,0.10273710467104522,0.11200348813122735,1784967695.1767437,-0.9897547335166281,0.16041888030975457,-1.7776868944057715,0.06920266151428223,0,0,1784967695.2405634,-0.9142733521312936,0.20400096154393407,-1.8319451910068179,1784967695.240661,-0.05492326921774584,0.0650468238644301,-0.05826214098299998,-0.05815788371773005,0.0649191597451472,-0.05425829660104631,1784967695.2407067,0.10649859162215936,0.10822615609604767,1784967695.238077,4212.81640625,nan,nan,50.3293571472168,nan
30.60305094718933,1784967695.2858324,SMC,circle,circle_smc_tune_base_p01,1784967695.262215,-0.9900410883239343,0.15846906368950214,-1.7681536508242501,0.10137257718571632,0.11183816251147118,1784967695.1767437,-0.9897547335166281,0.16041888030975457,-1.7776868944057715,0.10908865928649902,0,0,1784967695.2807553,-0.9153823848901765,0.19981488214159568,-1.827614689450421,1784967695.280793,-0.05518219776288851,0.06510240972453124,-0.059461038626170915,-0.0538332600213684,0.06469367292108728,-0.0499277950446495,1784967695.2808347,0.10648476028346242,0.10818804570327868,1784967695.238077,4212.81640625,nan,nan,50.3293571472168,nan
30.643256664276123,1784967695.3260381,SMC,circle,circle_smc_tune_base_p01,1784967695.312544,-0.991350484090055,0.15215904665655508,-1.7623888296877848,0.10304600677065277,0.11252884856174479,1784967695.3014362,-0.9925607497977113,0.14758865007590627,-1.7640043243044987,0.02460193634033203,0,0,1784967695.3205726,-0.9164652962505255,0.19565498081473628,-1.8233161426593443,1784967695.3206108,-0.05695988027078036,0.06523235152585574,-0.06092731297155951,-0.06178292602540228,0.0654504411977961,-0.05931181835484556,1784967695.3206847,0.10643256945250891,0.1081435012851432,1784967695.2872014,4212.86572265625,nan,nan,49.287567138671875,nan
30.68355417251587,1784967695.3663356,SMC,circle,circle_smc_tune_base_p01,1784967695.362275,-0.9923470836965524,0.14700709479224797,-1.7570744057762986,0.104015022097085,0.11156341650853506,1784967695.3014362,-0.9925607497977113,0.14758865007590627,-1.7640043243044987,0.06489944458007812,0,0,1784967695.3606224,-0.9175374199003921,0.19146243278646244,-1.8189886795093202,1784967695.360661,-0.05263989004984083,0.06497820082061802,-0.05659984982153543,-0.05746253086274858,0.06520326974211302,-0.05498435520482148,1784967695.3607042,0.10656369749397715,0.10827927836663609,1784967695.3406882,4212.9189453125,nan,nan,53.335121154785156,nan
30.72318720817566,1784967695.4059687,SMC,circle,circle_smc_tune_base_p01,1784967695.362275,-0.9923470836965524,0.14700709479224797,-1.7570744057762986,0.104015022097085,0.11156341650853506,1784967695.3890178,-0.9940183826086032,0.1381918692897401,-1.7554093370063901,0.01695084571838379,0,0,1784967695.4015002,-0.9186093992124791,0.1871928954588554,-1.8145866209079407,1784967695.4015365,-0.0531470151683559,0.06501953142697668,-0.057512215131642064,-0.062010905003191105,0.06513265696368033,-0.05917728390155052,1784967695.4015753,0.10654590749912073,0.10825024387651115,1784967695.3888865,4212.96728515625,nan,nan,48.20024108886719,nan
30.763749837875366,1784967695.4465313,SMC,circle,circle_smc_tune_base_p01,1784967695.4128704,-0.993547583796406,0.14068850881729147,-1.7516043091020292,0.10569509884711698,0.11167960293553197,1784967695.3890178,-0.9940183826086032,0.1381918692897401,-1.7554093370063901,0.05751347541809082,0,0,1784967695.441347,-0.9196417382352422,0.18300403059664888,-1.8102724185992864,1784967695.4413805,-0.05491580209238631,0.0650917204575184,-0.058668109497257204,-0.057703717520469225,0.06488679383014481,-0.054863081592896316,1784967695.4414234,0.10649620891327796,0.10821412036534205,1784967695.3888865,4212.96728515625,nan,nan,48.20024108886719,nan
30.803030252456665,1784967695.4858117,SMC,circle,circle_smc_tune_base_p01,1784967695.4620497,-0.9944825083768037,0.13557416453972,-1.7461108377276973,0.10569509884711698,0.11167960293553197,1784967695.3890178,-0.9940183826086032,0.1381918692897401,-1.7554093370063901,0.09679388999938965,0,0,1784967695.4810834,-0.920649966197,0.17883591663728385,-1.8059840942432068,1784967695.481118,-0.055476336587617796,0.06515519594092943,-0.059873256515509565,-0.053421354302260776,0.06466082288409347,-0.0505747572368167,1784967695.4811583,0.10647504617409631,0.10817606464751399,1784967695.481369,4213.06005859375,nan,nan,92.93840026855469,nan
30.84320378303528,1784967695.5259852,SMC,circle,circle_smc_tune_base_p01,1784967695.5120854,-0.9956007332659977,0.1292487531399241,-1.7406319199021696,0.10743355044509177,0.1116285166992167,1784967695.5010884,-0.9961846317478101,0.12578225042606508,-1.7423338327652111,0.024896860122680664,0,0,1784967695.5208013,-0.9216408292812741,0.17466131161269766,-1.8016935039569522,1784967695.5208375,-0.057259914279095006,0.06522016621585157,-0.06106158405478257,-0.06088612687288331,0.06510622599318494,-0.059359671191741015,1784967695.5208776,0.10642448468725134,0.10813861940536897,1784967695.488991,4213.06591796875,nan,nan,5.861441135406494,nan
30.883124351501465,1784967695.5659058,SMC,circle,circle_smc_tune_base_p01,1784967695.5618188,-0.9965041178800607,0.12398082273299106,-1.735078391189402,0.10743355044509177,0.1116285166992167,1784967695.5010884,-0.9961846317478101,0.12578225042606508,-1.7423338327652111,0.06481742858886719,0,0,1784967695.5611653,-0.9226288803358409,0.17041695566654688,-1.797335656743207,1784967695.561202,-0.052909623018694014,0.06496371303545662,-0.056703736841037466,-0.05653540545205042,0.064857176997279,-0.05500182397799592,1784967695.5612397,0.10655658862098362,0.10827533253981397,1784967695.56145,4213.13916015625,nan,nan,73.53618621826172,nan
30.923261642456055,1784967695.606043,SMC,circle,circle_smc_tune_base_p01,1784967695.5618188,-0.9965041178800607,0.12398082273299106,-1.735078391189402,0.10743355044509177,0.1116285166992167,1784967695.5791483,-0.997648599516271,0.11733424730894661,-1.733598460660536,0.026894807815551758,0,0,1784967695.6011295,-0.9235878085443581,0.1662153265400363,-1.7930259862949038,1784967695.6011672,-0.053590891916687575,0.06502736179902346,-0.05794759510550174,-0.06023878696280729,0.06515864648249664,-0.05942752563436793,1784967695.6012123,0.10653254144471526,0.10823599222311739,1784967695.5880291,4213.166015625,nan,nan,26.779645919799805,nan
30.96295166015625,1784967695.645733,SMC,circle,circle_smc_tune_base_p01,1784967695.6119847,-0.997492834378174,0.11806415825885085,-1.7299954970570528,0.10610419120670389,0.10996867603769754,1784967695.5791483,-0.997648599516271,0.11733424730894661,-1.733598460660536,0.06658482551574707,0,0,1784967695.6407216,-0.9245261373384008,0.16202081630395335,-1.7887277999927191,1784967695.6407597,-0.054968038531934896,0.0650756590695772,-0.058732302935666336,-0.055947652821585085,0.06491258789522214,-0.055129339332183225,1784967695.6408017,0.10649454851024934,0.1082114452044637,1784967695.6378767,4213.216796875,nan,nan,50.51398468017578,nan
31.003007888793945,1784967695.6857893,SMC,circle,circle_smc_tune_base_p01,1784967695.6621916,-0.9983420497994498,0.11270990121265036,-1.7241863765137522,0.10685304592719981,0.1109404947452341,1784967695.5791483,-0.997648599516271,0.11733424730894661,-1.733598460660536,0.10664105415344238,0,0,1784967695.6807032,-0.9254485359138946,0.15781259845663378,-1.7844196744968077,1784967695.6807427,-0.05571048255816214,0.0651464488548898,-0.060233297983055545,-0.051645574357459464,0.06468447066422349,-0.050821213836271806,1784967695.6807866,0.10646709293376855,0.1081637716957278,1784967695.6378767,4213.216796875,nan,nan,50.51398468017578,nan
31.04319143295288,1784967695.725973,SMC,circle,circle_smc_tune_base_p01,1784967695.711962,-0.9992971972426253,0.10642323264587594,-1.7175804063873958,0.10841640335649251,0.11416493048484222,1784967695.6983116,-0.999772323811651,0.10350122218605338,-1.7187265062689339,0.02766132354736328,0,0,1784967695.721248,-0.9263536578659766,0.1535963907255308,-1.7801074033786437,1784967695.7212963,-0.057334427462008924,0.06525971351151072,-0.06252699699124786,-0.06036931048170566,0.06523321831861903,-0.06138089710970984,1784967695.721349,0.10641292274616716,0.10809109055067542,1784967695.6874955,4213.2666015625,nan,nan,49.757293701171875,nan
31.083390712738037,1784967695.7661722,SMC,circle,circle_smc_tune_base_p01,1784967695.7622473,-1.000052065209766,0.10128677435116366,-1.71225340183943,0.10628815676848696,0.11274544060101334,1784967695.6983116,-0.999772323811651,0.10350122218605338,-1.7187265062689339,0.06786060333251953,0,0,1784967695.761189,-0.9272540746773557,0.14931145317206218,-1.7757288795520447,1784967695.7612247,-0.05296387502833294,0.06499568378623602,-0.058148473164648884,-0.05599845831411725,0.06497419785528165,-0.05700237328311086,1784967695.7612636,0.10654633121490506,0.1082282403540529,1784967695.7378972,4213.31689453125,nan,nan,50.35662841796875,nan
31.123588800430298,1784967695.8063703,SMC,circle,circle_smc_tune_base_p01,1784967695.7622473,-1.000052065209766,0.10128677435116366,-1.71225340183943,0.10628815676848696,0.11274544060101334,1784967695.776339,-1.0012017782527738,0.09321069776214788,-1.7059670454072497,0.030031204223632812,0,0,1784967695.8011003,-0.9281199755421676,0.14510005396670794,-1.771429380040326,1784967695.8011715,-0.053517058074871574,0.0650365550258322,-0.05917597820089604,-0.06126450444124927,0.06542259296545672,-0.06546233463307627,1784967695.8012338,0.10652654877597754,0.10819535256083121,1784967695.788411,4213.36669921875,nan,nan,49.88920974731445,nan
31.16360116004944,1784967695.8463826,SMC,circle,circle_smc_tune_base_p01,1784967695.8120937,-1.0009057128132501,0.09507545212165804,-1.7057789438426085,0.10578045900881954,0.11331561772545175,1784967695.776339,-1.0012017782527738,0.09321069776214788,-1.7059670454072497,0.07004356384277344,0,0,1784967695.8406208,-0.9289662445696973,0.1408925976178087,-1.7671376567889834,1784967695.8406532,-0.05508149391087322,0.06511932847570694,-0.06135871294637485,-0.056981384310613545,0.06515103792243301,-0.06117061138173363,1784967695.8406918,0.10647480377363655,0.10812535385097774,1784967695.8380704,4213.4169921875,nan,nan,50.21467590332031,nan
31.20366334915161,1784967695.8864448,SMC,circle,circle_smc_tune_base_p01,1784967695.8623347,-1.0016278723556236,0.0897356818507047,-1.700389922208038,0.10635831178897331,0.11228730117911329,1784967695.776339,-1.0012017782527738,0.09321069776214788,-1.7059670454072497,0.11010575294494629,0,0,1784967695.881261,-0.9298108210630269,0.13659732837587793,-1.7627601371814399,1784967695.8813004,-0.055749688592346525,0.06515884432116736,-0.06237021497340178,-0.05261148037134615,0.06489299359419308,-0.05679309177419012,1784967695.8813398,0.1064520132002802,0.10809295431159219,1784967695.8380704,4213.4169921875,nan,nan,50.21467590332031,nan
31.243486404418945,1784967695.9262679,SMC,circle,circle_smc_tune_base_p01,1784967695.9119606,-1.0024492554744417,0.0831967903218932,-1.6951515143063063,0.10901543778672922,0.11204928763665606,1784967695.8965325,-1.0026058594593104,0.07978094957477397,-1.6983285766221963,0.029735326766967773,0,0,1784967695.9210222,-0.9306184502054109,0.13239392560565255,-1.7584798465778013,1784967695.9210625,-0.05772675638290736,0.06517395417829436,-0.06332833227149504,-0.06134154432202798,0.06471110629639158,-0.06015126995560505,1784967695.9211044,0.10639806442073775,0.10806152073022664,1784967695.8878293,4213.466796875,nan,nan,49.92668533325195,nan
31.28326439857483,1784967695.9660459,SMC,circle,circle_smc_tune_base_p01,1784967695.9621954,-1.0031370605336556,0.0776206434490425,-1.6893231152001582,0.11014803008507866,0.11272365023717142,1784967695.8965325,-1.0026058594593104,0.07978094957477397,-1.6983285766221963,0.06951332092285156,0,0,1784967695.9608994,-0.9314131421900729,0.1281598122799105,-1.7541717983295106,1784967695.9609506,-0.053426769942054676,0.06491057685543702,-0.05902028402320437,-0.057040742817837636,0.06446139160466006,-0.05584322170731437,1784967695.961001,0.10652970884618683,0.10819634309440776,1784967695.9396925,4213.5185546875,nan,nan,51.705406188964844,nan
31.32335114479065,1784967696.0061326,SMC,circle,circle_smc_tune_base_p01,1784967695.9621954,-1.0031370605336556,0.0776206434490425,-1.6893231152001582,0.11014803008507866,0.11272365023717142,1784967695.9776351,-1.003987927151646,0.07098850573786111,-1.6824144616526122,0.02849745750427246,0,0,1784967696.0010157,-0.9321945847087705,0.1238946967582662,-1.7498356834460875,1784967696.001055,-0.054338300349518004,0.06497285587808847,-0.06051256824592932,-0.06057377425245446,0.06545354795746586,-0.06742122179347532,1784967696.0010977,0.10649820549334647,0.1081486762544053,1784967695.992471,4213.57080078125,nan,nan,52.40818405151367,nan
31.363059520721436,1784967696.045841,SMC,circle,circle_smc_tune_base_p01,1784967696.012365,-1.0038359233702143,0.07155364057676156,-1.6833060855860613,0.10848361105792262,0.11121587579152764,1784967695.9776351,-1.003987927151646,0.07098850573786111,-1.6824144616526122,0.0682058334350586,0,0,1784967696.0402887,-0.9329436662544919,0.11970473843196779,-1.7455792881061216,1784967696.0403233,-0.05580591412139536,0.06503799114901067,-0.0622732025200603,-0.05632645178346245,0.06517583266682939,-0.0631648264535094,1784967696.0403845,0.10645131633101974,0.10809215962096501,1784967696.0396574,4213.61767578125,nan,nan,46.88294219970703,nan
31.402995109558105,1784967696.0857766,SMC,circle,circle_smc_tune_base_p01,1784967696.0621476,-1.0044298527871522,0.06622341209068286,-1.6777251832013633,0.10818649344217429,0.11136365531648122,1784967695.9776351,-1.003987927151646,0.07098850573786111,-1.6824144616526122,0.10814142227172852,0,0,1784967696.0806746,-0.9336922712408797,0.11541076027374425,-1.7412205396701481,1784967696.0807068,-0.05645590030828151,0.06508403786396973,-0.06349535646878479,-0.05197580986352798,0.06491017737617145,-0.0588060780175359,1784967696.0807426,0.10642742187122613,0.10805295604650617,1784967696.0396574,4213.61767578125,nan,nan,46.88294219970703,nan
31.443217039108276,1784967696.1259985,SMC,circle,circle_smc_tune_base_p01,1784967696.112061,-1.0050943192723703,0.06001216916160844,-1.6711069106080312,0.11011922857783693,0.11377179209902706,1784967696.0968723,-1.0054164561654058,0.05851081401168989,-1.6710646853996536,0.02912616729736328,0,0,1784967696.1208992,-0.9344187006273319,0.1111341552190185,-1.73688267384068,1784967696.1209373,-0.05794263067324908,0.06520085950335605,-0.06577576323264878,-0.059465937894442364,0.06537353869572421,-0.06581798844102638,1784967696.1209812,0.10637583272794152,0.1079808365423569,1784967696.0940216,4213.6728515625,nan,nan,54.902095794677734,nan
31.483410835266113,1784967696.1661923,SMC,circle,circle_smc_tune_base_p01,1784967696.1623583,-1.005650922870877,0.05446350371754257,-1.6658091928662375,0.11036873734113509,0.11230995086791142,1784967696.0968723,-1.0054164561654058,0.05851081401168989,-1.6710646853996536,0.0693199634552002,0,0,1784967696.1605856,-0.9351183517386366,0.10690480782691802,-1.7325958429385804,1784967696.160622,-0.05366447897028859,0.06492826264520632,-0.061488932330549195,-0.05518779770575491,0.06510076119197042,-0.0615311575389268,1784967696.1606622,0.10650794882949274,0.1081146443438219,1784967696.1393394,4213.7177734375,nan,nan,45.09575653076172,nan
31.523325204849243,1784967696.2061067,SMC,circle,circle_smc_tune_base_p01,1784967696.1623583,-1.005650922870877,0.05446350371754257,-1.6658091928662375,0.11036873734113509,0.11230995086791142,1784967696.1780884,-1.0062992462899873,0.04878262144720377,-1.6615780116330596,0.02801823616027832,0,0,1784967696.2010267,-0.9358108135096277,0.10260355770240685,-1.728239205937543,1784967696.201066,-0.05454865610938604,0.06495806177771046,-0.06243001307130558,-0.05998958376730972,0.06531892661888164,-0.06666119430448347,1784967696.2011127,0.10648043524926931,0.10808426829021349,1784967696.1901016,4213.76806640625,nan,nan,50.28292465209961,nan
31.56340980529785,1784967696.2461913,SMC,circle,circle_smc_tune_base_p01,1784967696.211959,-1.0062500050495424,0.04809710615733525,-1.6594764214815223,0.11301325291544637,0.1137885441778424,1784967696.1780884,-1.0062992462899873,0.04878262144720377,-1.6615780116330596,0.06810283660888672,0,0,1784967696.2405365,-0.9364732659696418,0.09837231626230311,-1.7239564176608708,1784967696.2405736,-0.056257354195400934,0.0650499820649968,-0.06447999617934852,-0.055715709870482466,0.06504279386050543,-0.06237840602781119,1784967696.240613,0.10642538710152279,0.10801899952952161,1784967696.2406824,4213.81787109375,nan,nan,49.95673370361328,nan
31.60316824913025,1784967696.2859497,SMC,circle,circle_smc_tune_base_p01,1784967696.2627442,-1.0067719030172075,0.042102077072749405,-1.6533370179140634,0.1152191893484262,0.1150045461465785,1784967696.1780884,-1.0062992462899873,0.04878262144720377,-1.6615780116330596,0.10786128044128418,0,0,1784967696.28089,-0.9371279884948274,0.09406893663561623,-1.7196035142947814,1784967696.280928,-0.05753186754963749,0.06512229678902831,-0.06626649638071802,-0.05137069561274637,0.06478089904108524,-0.0580255026617218,1784967696.280972,0.10638219451859603,0.10796186001361034,1784967696.2406824,4213.81787109375,nan,nan,49.95673370361328,nan
31.643364429473877,1784967696.326146,SMC,circle,circle_smc_tune_base_p01,1784967696.312412,-1.0072379930361746,0.036132898639189344,-1.64808142148771,0.11248181222519543,0.11206947792723737,1784967696.2990272,-1.0073034807389856,0.03425619790963775,-1.6468510229647335,0.027118682861328125,0,0,1784967696.3206766,-0.9377551823443127,0.08982316307030666,-1.7153116622974063,1784967696.3207123,-0.05889464002400448,0.06513007640689016,-0.0672302408096963,-0.06069071099137578,0.06512519501792494,-0.06846063933267275,1784967696.3207507,0.10634254567343707,0.10792999451990647,1784967696.290563,4213.86865234375,nan,nan,50.544498443603516,nan
31.683377265930176,1784967696.3661587,SMC,circle,circle_smc_tune_base_p01,1784967696.3622148,-1.007631749063915,0.030974830473064346,-1.6428836109698912,0.10901537190219432,0.11075690283530264,1784967696.2990272,-1.0073034807389856,0.03425619790963775,-1.6468510229647335,0.06713151931762695,0,0,1784967696.3606591,-0.9383689233011063,0.08554090289290546,-1.7109856411029478,1784967696.36069,-0.05457777659934352,0.06484879298785036,-0.06290421961523784,-0.056374196924938155,0.0648386003507584,-0.0641346181382143,1784967696.360726,0.10647652900488525,0.10806481911242041,1784967696.340418,4213.91796875,nan,nan,49.32456588745117,nan
31.723148822784424,1784967696.4059303,SMC,circle,circle_smc_tune_base_p01,1784967696.3622148,-1.007631749063915,0.030974830473064346,-1.6428836109698912,0.10901537190219432,0.11075690283530264,1784967696.3887463,-1.0081548242560383,0.02516794269333169,-1.6383998310753192,0.017184019088745117,0,0,1784967696.4014668,-0.9389740948717578,0.08118313981065978,-1.7065860544253966,1784967696.4015057,-0.05502296849502524,0.06486309230760577,-0.06370244345550534,-0.06056054274482289,0.06523876369679807,-0.0681862233500774,1784967696.4015474,0.10646039077896309,0.10803868829507002,1784967696.3938806,4213.97216796875,nan,nan,54.379669189453125,nan
31.763363361358643,1784967696.4461448,SMC,circle,circle_smc_tune_base_p01,1784967696.4127374,-1.0080453804914793,0.025183330133733025,-1.6367663238465178,0.10763244151711658,0.11186960185175636,1784967696.3887463,-1.0081548242560383,0.02516794269333169,-1.6383998310753192,0.05739855766296387,0,0,1784967696.4410806,-0.9395444317091619,0.07694117646438636,-1.7023059183169986,1784967696.4411185,-0.05616099133403641,0.06493995452141527,-0.06553959447048086,-0.05628974168284143,0.06495628285106633,-0.06390608724167945,1784967696.4411623,0.10642026554871611,0.10798001200169781,1784967696.4412327,4214.01904296875,nan,nan,46.54651641845703,nan
31.803450345993042,1784967696.4862318,SMC,circle,circle_smc_tune_base_p01,1784967696.4623327,-1.0083838012049346,0.019855789313189924,-1.6307530460854638,0.10762204660510763,0.11344305374997816,1784967696.3887463,-1.0081548242560383,0.02516794269333169,-1.6383998310753192,0.09748554229736328,0,0,1784967696.4809701,-0.9401013178538311,0.07265998053395845,-1.6979886518527654,1784967696.4810042,-0.056800850453869615,0.06499571932666305,-0.06723560576730157,-0.05198070627510029,0.06468987221375946,-0.059588820777446205,1784967696.4810414,0.10639275769666952,0.10792533711864538,1784967696.4412327,4214.01904296875,nan,nan,46.54651641845703,nan
31.84312152862549,1784967696.525903,SMC,circle,circle_smc_tune_base_p01,1784967696.5126066,-1.0087690712132256,0.013623249998960484,-1.623709219735611,0.10847070226814771,0.11584333105743654,1784967696.500943,-1.009259057871823,0.010981438704640377,-1.621597465002106,0.024960041046142578,0,0,1784967696.5213645,-0.9406375632713437,0.06839384881975547,-1.6936889463473943,1784967696.5214002,-0.058297297259129265,0.06513943507510557,-0.0699797266117832,-0.06082289312981805,0.06561760455661658,-0.0720914813452882,1784967696.521442,0.10633652601267256,0.10783865694877741,1784967696.4958472,4214.072265625,nan,nan,53.544063568115234,nan
31.88339114189148,1784967696.5661726,SMC,circle,circle_smc_tune_base_p01,1784967696.5623288,-1.0090432011319783,0.008477583751985141,-1.61881844954662,0.10653520678529796,0.11287898974372008,1784967696.500943,-1.009259057871823,0.010981438704640377,-1.621597465002106,0.06522965431213379,0,0,1784967696.5611677,-0.9411606388119966,0.06408198454756593,-1.6893454671908998,1784967696.5612128,-0.053963803175219364,0.06484513837493414,-0.06563624745528873,-0.056490030190518174,0.06531415724281153,-0.06774800218879373,1784967696.5612614,0.10647231391430492,0.10797362969732151,1784967696.5405304,4214.11865234375,nan,nan,46.33400344848633,nan
31.923381805419922,1784967696.6061633,SMC,circle,circle_smc_tune_base_p01,1784967696.5623288,-1.0090432011319783,0.008477583751985141,-1.61881844954662,0.10653520678529796,0.11287898974372008,1784967696.576928,-1.0102280080146067,0.001377399445270537,-1.6088545722735115,0.029235363006591797,0,0,1784967696.601201,-0.9416636810178727,0.0597792215703538,-1.685013394932904,1784967696.6012402,-0.05447695928137047,0.06483917551226376,-0.06619494538628401,-0.06096833985510621,0.06629254331640322,-0.07615882265939257,1784967696.601286,0.10645602374133407,0.10795480767086599,1784967696.5970256,4214.1748046875,nan,nan,56.151214599609375,nan
31.96302556991577,1784967696.645807,SMC,circle,circle_smc_tune_base_p01,1784967696.612416,-1.0093888517718657,0.0023627079403180885,-1.6113486136221977,0.1057750916996182,0.11503550268041542,1784967696.576928,-1.0102280080146067,0.001377399445270537,-1.6088545722735115,0.0688791275024414,0,0,1784967696.6407886,-0.9421423224886476,0.055526479988310326,-1.6807337995578433,1784967696.6408274,-0.05584631763165625,0.06503592211996187,-0.06938518593564558,-0.05670046594326359,0.06597606125719545,-0.07187922728433183,1784967696.6408699,0.10639982024148334,0.1078550245394772,1784967696.6410806,4214.21875,nan,nan,43.96449279785156,nan
32.00349307060242,1784967696.6862745,SMC,circle,circle_smc_tune_base_p01,1784967696.6622307,-1.0095869196884053,-0.002769634183435897,-1.6054918913105785,0.10472707253559722,0.11546583904002432,1784967696.576928,-1.0102280080146067,0.001377399445270537,-1.6088545722735115,0.10934662818908691,0,0,1784967696.6810293,-0.9426098558068949,0.05120479565258781,-1.6763868957568786,1784967696.6810632,-0.05626528720871378,0.0650644574067341,-0.07089500444630013,-0.05236412185584115,0.06567330251367647,-0.06753232348336713,1784967696.681102,0.10637833727619392,0.10780564843201447,1784967696.6410806,4214.21875,nan,nan,43.96449279785156,nan
32.043070554733276,1784967696.725852,SMC,circle,circle_smc_tune_base_p01,1784967696.7122512,-1.009887146521064,-0.009019351310792213,-1.598248526709741,0.10463639660813723,0.11753686392688432,1784967696.696879,-1.010847933306918,-0.01280801861813164,-1.5953018312612808,0.028973102569580078,0,0,1784967696.720764,-0.9430534784419216,0.04693150903084366,-1.672090640645185,1784967696.720795,-0.05776427950667725,0.06527270467015048,-0.07384211393544393,-0.06138276220736236,0.06631029918466011,-0.0767888093839042,1784967696.7208297,0.10631934753848661,0.10771435302449021,1784967696.6981268,4214.27587890625,nan,nan,57.15383529663086,nan
32.08313059806824,1784967696.765912,SMC,circle,circle_smc_tune_base_p01,1784967696.762299,-1.0100190691039903,-0.014248448948458177,-1.592040590261897,0.10456507912386823,0.11863505604950028,1784967696.696879,-1.010847933306918,-0.01280801861813164,-1.5953018312612808,0.06903314590454102,0,0,1784967696.7609677,-0.9434813035863223,0.04262998451654858,-1.667767889599958,1784967696.7610073,-0.053452632488835194,0.06496311220448511,-0.06951936289021687,-0.05707204618194185,0.06598800297083524,-0.07246605833867714,1784967696.7610822,0.10645626305320671,0.10784812497714227,1784967696.7407608,4214.3193359375,nan,nan,43.12013244628906,nan
32.12313413619995,1784967696.8059156,SMC,circle,circle_smc_tune_base_p01,1784967696.762299,-1.0100190691039903,-0.014248448948458177,-1.592040590261897,0.10456507912386823,0.11863505604950028,1784967696.778314,-1.010822371680917,-0.02286139056370063,-1.5906231072671226,0.02760148048400879,0,0,1784967696.8004944,-0.9438871159700439,0.03836339111391937,-1.6634820371677066,1784967696.8005288,-0.05400478711467793,0.06499941468011841,-0.07144144690580956,-0.06253977197792307,0.06570828919932091,-0.07285892990058396,1784967696.8005683,0.10642839277433787,0.10778526559247696,1784967696.7957838,4214.37109375,nan,nan,51.80391311645508,nan
32.163649559020996,1784967696.846431,SMC,circle,circle_smc_tune_base_p01,1784967696.812343,-1.0102397168812616,-0.02050045921878422,-1.5867059945936974,0.10404491058608022,0.11678345243583253,1784967696.778314,-1.010822371680917,-0.02286139056370063,-1.5906231072671226,0.06811690330505371,0,0,1784967696.840908,-0.9442812965179288,0.034019946816292945,-1.659120739560285,1784967696.8409464,-0.05556283843318629,0.06508270796688953,-0.07241474496658751,-0.058189366539802216,0.06540029699993458,-0.0684976322931623,1784967696.8409903,0.10638344525336271,0.10775559876667673,1784967696.8410685,4214.41943359375,nan,nan,48.38636779785156,nan
32.20339059829712,1784967696.886172,SMC,circle,circle_smc_tune_base_p01,1784967696.8627622,-1.0103160276500371,-0.02584456857569093,-1.5806663140730306,0.10480071320426282,0.11728012495811672,1784967696.778314,-1.010822371680917,-0.02286139056370063,-1.5906231072671226,0.10785794258117676,0,0,1784967696.8807313,-0.9446523851338295,0.029724063245732013,-1.6548088546802184,1784967696.8807619,-0.056214013982160034,0.06511199139186791,-0.07414254060718783,-0.053886970289633636,0.06511444927963267,-0.0641857474130958,1784967696.8808005,0.10635415534011405,0.10769898169282267,1784967696.8410685,4214.41943359375,nan,nan,48.38636779785156,nan
32.24337458610535,1784967696.926156,SMC,circle,circle_smc_tune_base_p01,1784967696.912268,-1.0105008013975785,-0.03238240413708819,-1.5739452562973886,0.10678992863217322,0.11908162584418738,1784967696.899185,-1.011456971668385,-0.03674044155518955,-1.573332375112613,0.026971101760864258,0,0,1784967696.920755,-0.9450039793018126,0.025438734562916527,-1.650509123425641,1784967696.9207897,-0.05802709656463216,0.06531442298212888,-0.07656386712825247,-0.0623475039831002,0.06629508944315177,-0.07717674831302812,1784967696.9208286,0.10629095489681249,0.10762501852846254,1784967696.8925874,4214.4697265625,nan,nan,50.56784439086914,nan
32.28342604637146,1784967696.9662075,SMC,circle,circle_smc_tune_base_p01,1784967696.962091,-1.0105208904173906,-0.03755708815583275,-1.5690219543319623,0.1055595340884353,0.11562044925020562,1784967696.899185,-1.011456971668385,-0.03674044155518955,-1.573332375112613,0.06702256202697754,0,0,1784967696.961474,-0.9453454009213076,0.02104257910797007,-1.6460997263003974,1784967696.961507,-0.053629887794438676,0.0649868462160914,-0.07215447000300879,-0.05795049680437773,0.06596481777228495,-0.07276735118778443,1784967696.9615474,0.10643186619802918,0.10776107920710275,1784967696.9413385,4214.51953125,nan,nan,49.76029586791992,nan
32.323044538497925,1784967697.005826,SMC,circle,circle_smc_tune_base_p01,1784967696.962091,-1.0105208904173906,-0.03755708815583275,-1.5690219543319623,0.1055595340884353,0.11562044925020562,1784967696.9768245,-1.0113522947555267,-0.047416859202560814,-1.5652361572864966,0.029001474380493164,0,0,1784967697.0009482,-0.9456570313682369,0.016791310599590076,-1.6418370481540345,1784967697.000983,-0.05423322061531658,0.06496019119212416,-0.07281509382207219,-0.06384190237313692,0.06605125435785515,-0.07660089086753796,1784967697.0010219,0.10641221913913403,0.10773816991233506,1784967696.9920187,4214.56982421875,nan,nan,50.24644088745117,nan
32.363014698028564,1784967697.0457962,SMC,circle,circle_smc_tune_base_p01,1784967697.012057,-1.0106111161616156,-0.044090933827197004,-1.5631359211504032,0.10534814405776902,0.11501161591580113,1784967696.9768245,-1.0113522947555267,-0.047416859202560814,-1.5652361572864966,0.06897163391113281,0,0,1784967697.0408459,-0.9459537989259506,0.012489963500094212,-1.6375254722644474,1784967697.0408852,-0.05608394076681719,0.0650888485267564,-0.07438955111404422,-0.059542271832008886,0.06573057529172853,-0.07228931497795088,1784967697.0409307,0.10635529771267808,0.10768997658042374,1784967697.0411398,4214.6201171875,nan,nan,50.06425857543945,nan
32.40341544151306,1784967697.086197,SMC,circle,circle_smc_tune_base_p01,1784967697.062116,-1.0105632239462525,-0.04925128779487272,-1.5573605059005788,0.10442173303405937,0.11506409873057348,1784967696.9768245,-1.0113522947555267,-0.047416859202560814,-1.5652361572864966,0.10937237739562988,0,0,1784967697.0816166,-0.946237969288523,0.008092084435605329,-1.6331184183169987,1784967697.081649,-0.05647395986094214,0.0650898808046966,-0.07575791241641983,-0.05514604077587082,0.06542195649469668,-0.06788226103050211,1784967697.0816855,0.10633485305116479,0.1076443989462759,1784967697.0411398,4214.6201171875,nan,nan,50.06425857543945,nan
32.442954301834106,1784967697.1257358,SMC,circle,circle_smc_tune_base_p01,1784967697.1119392,-1.0105789146529467,-0.05616040849528763,-1.5520981482232845,0.10480443676844158,0.1145871467978314,1784967697.0972168,-1.0110399291445404,-0.06332406301994614,-1.5553977348192476,0.0285189151763916,0,0,1784967697.1204832,-0.9464908390396378,0.003898154372623093,-1.628916868786969,1784967697.1205502,-0.05884980382363928,0.06519979294058495,-0.07681872056368455,-0.06622032197661383,0.06557652401475905,-0.07351913396772147,1784967697.1205935,0.10626910112689945,0.10761270241256335,1784967697.092268,4214.6708984375,nan,nan,50.701416015625,nan
32.48341488838196,1784967697.1661963,SMC,circle,circle_smc_tune_base_p01,1784967697.1618083,-1.0104699958747616,-0.061451456753094644,-1.5461167302255872,0.10531141927081704,0.11548430385685947,1784967697.0972168,-1.0110399291445404,-0.06332406301994614,-1.5553977348192476,0.06897950172424316,0,0,1784967697.1606674,-0.9467328538452737,-0.0004223521901312692,-1.624589585881391,1784967697.1607091,-0.05453457748306827,0.06487703954464229,-0.0724914376581065,-0.06190405417569565,0.06526801081292231,-0.06919185106214343,1784967697.160754,0.10640752392583494,0.10774618672955119,1784967697.141472,4214.72021484375,nan,nan,49.518798828125,nan
32.52342772483826,1784967697.2062092,SMC,circle,circle_smc_tune_base_p01,1784967697.1618083,-1.0104699958747616,-0.061451456753094644,-1.5461167302255872,0.10531141927081704,0.11548430385685947,1784967697.1768415,-1.011119551568553,-0.07196830653263928,-1.5436026435079178,0.029367685317993164,0,0,1784967697.2005694,-0.9469552942775308,-0.004726171787713125,-1.620280018429914,1784967697.200609,-0.055140652561443286,0.0648951747704497,-0.07416328820432683,-0.06547262617258656,0.0659688700890657,-0.07667737492199622,1784967697.2006533,0.10637975000900529,0.10769106288553743,1784967697.1914408,4214.77001953125,nan,nan,50.0067138671875,nan
32.562994956970215,1784967697.2457764,SMC,circle,circle_smc_tune_base_p01,1784967697.211828,-1.010425874752843,-0.06823565172329216,-1.5409054195319993,0.10639319194874056,0.11309237544924203,1784967697.1768415,-1.011119551568553,-0.07196830653263928,-1.5436026435079178,0.06893491744995117,0,0,1784967697.2410095,-0.9471620563630476,-0.009094471509008668,-1.615906824689069,1784967697.2410457,-0.057224030506105215,0.06500307875040767,-0.07500140515706977,-0.061111563452451494,0.06564340892989905,-0.07230418118115134,1784967697.241084,0.10632300425276071,0.10766672245311126,1784967697.2421036,4214.82080078125,nan,nan,50.83629608154297,nan
32.603410482406616,1784967697.286192,SMC,circle,circle_smc_tune_base_p01,1784967697.2628396,-1.0102483817017849,-0.07391081427700011,-1.534976311276948,0.1084147230110031,0.11363866912056979,1784967697.1768415,-1.011119551568553,-0.07196830653263928,-1.5436026435079178,0.10935044288635254,0,0,1784967697.2812545,-0.9473485707243212,-0.013435616060855436,-1.6115616718341494,1784967697.281292,-0.05818381487513109,0.0650252220823514,-0.07658536055720155,-0.05677709531946827,0.06533892636694483,-0.0679590283262317,1784967697.281337,0.10628701607911237,0.10761466205083833,1784967697.2421036,4214.82080078125,nan,nan,50.83629608154297,nan
32.643245458602905,1784967697.326027,SMC,circle,circle_smc_tune_base_p01,1784967697.3119264,-1.0100900370265598,-0.08074494384572968,-1.5282671582171952,0.11046632804046243,0.11658653721774305,1784967697.2967372,-1.0106004549421197,-0.08564862466043335,-1.5287566539075585,0.029289722442626953,0,0,1784967697.3214765,-0.9475138622074726,-0.017712865293111116,-1.607281226735272,1784967697.3215218,-0.060314572638499646,0.06519948549710793,-0.0790140685180769,-0.06522437702797797,0.06588600932667056,-0.07852457282771351,1784967697.3215728,0.10621549157714566,0.10753951389930104,1784967697.2922761,4214.87109375,nan,nan,50.03005599975586,nan
32.68371105194092,1784967697.3664925,SMC,circle,circle_smc_tune_base_p01,1784967697.3621793,-1.009865635093426,-0.08604435823863117,-1.5231372892842825,0.10832001422257817,0.11405667797295868,1784967697.2967372,-1.0106004549421197,-0.08564862466043335,-1.5287566539075585,0.06975531578063965,0,0,1784967697.3605525,-0.9476608909591555,-0.021992249803830397,-1.6029993139316228,1784967697.3605902,-0.05604530879617412,0.06487064588724094,-0.0747321557144276,-0.06095495273155769,0.06555925954236795,-0.07424266002406421,1784967697.3606331,0.10635346858722707,0.10767128300576044,1784967697.3477938,4214.9267578125,nan,nan,55.66215133666992,nan
32.7231228351593,1784967697.4059043,SMC,circle,circle_smc_tune_base_p01,1784967697.3621793,-1.009865635093426,-0.08604435823863117,-1.5231372892842825,0.10832001422257817,0.11405667797295868,1784967697.3916001,-1.00965049920535,-0.09516931832442907,-1.5237067625211986,0.014304161071777344,0,0,1784967697.401075,-0.9477914633943396,-0.026339223769224512,-1.5986503759433417,1784967697.4011214,-0.05668006520096825,0.06484810007202667,-0.0755130866590592,-0.06584195716581404,0.06503044598125857,-0.07494361342214306,1784967697.4011679,0.10633190450873131,0.10764450044709892,1784967697.403104,4214.98193359375,nan,nan,55.21639633178711,nan
32.763195514678955,1784967697.445977,SMC,circle,circle_smc_tune_base_p01,1784967697.4120412,-1.0096199865587452,-0.09234030497970878,-1.5184353366378245,0.1078947294399001,0.11267415806498474,1784967697.3916001,-1.00965049920535,-0.09516931832442907,-1.5237067625211986,0.054376840591430664,0,0,1784967697.4407516,-0.9479021365438842,-0.03064450746376241,-1.5943436666537905,1784967697.4407885,-0.058381110706360866,0.06486224136026418,-0.07590833001596597,-0.061546655540153115,0.06471723649692143,-0.07063690413259183,1784967697.4408278,0.10628785069456483,0.10763179704480993,1784967697.403104,4214.98193359375,nan,nan,55.21639633178711,nan
32.803128719329834,1784967697.4859102,SMC,circle,circle_smc_tune_base_p01,1784967697.4628155,-1.0093179427515264,-0.09787977743185285,-1.5120837957699684,0.10850479865377517,0.11487207702145659,1784967697.3916001,-1.00965049920535,-0.09516931832442907,-1.5237067625211986,0.09431004524230957,0,0,1784967697.4808514,-0.9479948383697658,-0.034979936960130686,-1.5900072427798888,1784967697.4808934,-0.05919309218476355,0.06490832689255274,-0.07792344700992038,-0.057220395580463185,0.06442055938677387,-0.06630048025869018,1784967697.4809403,0.10625164023472009,0.10756616266275441,1784967697.4540975,4215.03271484375,nan,nan,51.007598876953125,nan
32.8430449962616,1784967697.5258265,SMC,circle,circle_smc_tune_base_p01,1784967697.5125544,-1.008939244989216,-0.10435331977220733,-1.5065035756825707,0.10897340532463942,0.11435791399941203,1784967697.4996693,-1.00870064887401,-0.10836631175748261,-1.5077527153981347,0.026157140731811523,0,0,1784967697.5208788,-0.9480684605124328,-0.03929701008704656,-1.5856895385791445,1784967697.520925,-0.06101104437874232,0.06492478953747698,-0.07918596289657387,-0.06511214870427998,0.06486323141709187,-0.0779368231810098,1784967697.520966,0.10619730932662715,0.10752462755469677,1784967697.4930992,4215.07177734375,nan,nan,38.93522644042969,nan
32.8836236000061,1784967697.566405,SMC,circle,circle_smc_tune_base_p01,1784967697.5618114,-1.0085801225583904,-0.10982016501025112,-1.5005256047294757,0.10999934570696447,0.11557804938077648,1784967697.4996693,-1.00870064887401,-0.10836631175748261,-1.5077527153981347,0.06673574447631836,0,0,1784967697.560665,-0.9481232653158655,-0.043597650551929365,-1.5813885456134467,1784967697.5607066,-0.05672281045021836,0.0645937884061758,-0.07488496993087601,-0.060823504654777066,0.06453758714594619,-0.07363583021531195,1784967697.5607529,0.10633597506309221,0.10765696061584333,1784967697.5541868,4215.1328125,nan,nan,61.04326629638672,nan
32.923118114471436,1784967697.6058996,SMC,circle,circle_smc_tune_base_p01,1784967697.5618114,-1.0085801225583904,-0.10982016501025112,-1.5005256047294757,0.10999934570696447,0.11557804938077648,1784967697.5773368,-1.0079635328261545,-0.11727377548126547,-1.5017929064271227,0.02856278419494629,0,0,1784967697.6009777,-0.9481598827709865,-0.04794797595670386,-1.577038062672772,1784967697.6010206,-0.05747720977603206,0.06461535042547767,-0.07651245794329632,-0.06503743621805266,0.06444125177107773,-0.07524515624564931,1784967697.6010695,0.10630457671952849,0.10760342974940604,1784967697.5929332,4215.17138671875,nan,nan,38.65958023071289,nan
32.96327614784241,1784967697.6460576,SMC,circle,circle_smc_tune_base_p01,1784967697.6119287,-1.0081333206382315,-0.11624165758222693,-1.495440413844826,0.11020195012841258,0.11467849576999155,1784967697.5773368,-1.0079635328261545,-0.11727377548126547,-1.5017929064271227,0.06872081756591797,0,0,1784967697.6407127,-0.9481774481913041,-0.05223306813075307,-1.5727529312183048,1784967697.6407592,-0.059313183841228495,0.0646045848764326,-0.07731251737347877,-0.06076375278241586,0.06412827673045594,-0.07096002479118213,1784967697.6408086,0.10625387415978234,0.10757640225009846,1784967697.6435199,4215.22216796875,nan,nan,50.667118072509766,nan
33.00295090675354,1784967697.6857324,SMC,circle,circle_smc_tune_base_p01,1784967697.6626642,-1.0077227753170725,-0.12161866352404592,-1.4899507573425295,0.10855845194493777,0.11355687708918866,1784967697.5773368,-1.0079635328261545,-0.11727377548126547,-1.5017929064271227,0.10839557647705078,0,0,1784967697.6806293,-0.9481765596046017,-0.05655725767122573,-1.5684287382175113,1784967697.680667,-0.06004009543846014,0.064605922924776,-0.07847798087498181,-0.056449792644626684,0.06383101606860254,-0.06663583179038857,1784967697.6807103,0.10622663351471733,0.10753759806832647,1784967697.6435199,4215.22216796875,nan,nan,50.667118072509766,nan
33.04332709312439,1784967697.7261086,SMC,circle,circle_smc_tune_base_p01,1784967697.711987,-1.0072232505889998,-0.1278418186522835,-1.4847317885147548,0.10817135228679038,0.11274232736853747,1784967697.6962678,-1.0069194195915059,-0.13115934351211647,-1.4870630355952394,0.029840707778930664,0,0,1784967697.7205155,-0.9481570748595085,-0.06086608250546241,-1.5641198659946112,1784967697.7205486,-0.06165061127968042,0.06460467844171565,-0.07938807747985632,-0.06513236576774176,0.0644354764927582,-0.07705683039937172,1784967697.720585,0.10618023082695716,0.10750722003206198,1784967697.69762,4215.275390625,nan,nan,53.18099594116211,nan
33.08324837684631,1784967697.7660298,SMC,circle,circle_smc_tune_base_p01,1784967697.7626004,-1.0067711441337361,-0.13310828911546901,-1.4798647594509078,0.10658429097439018,0.10985999601558545,1784967697.6962678,-1.0069194195915059,-0.13115934351211647,-1.4870630355952394,0.06976199150085449,0,0,1784967697.761115,-0.9481183721346862,-0.06523397721780091,-1.559751796345868,1784967697.7611647,-0.05729555648984459,0.06426778098474788,-0.07502000783111318,-0.06077653742163531,0.06410873265082848,-0.07268876075062858,1784967697.761216,0.10632113706726572,0.10764159243845449,1784967697.7430356,4215.32177734375,nan,nan,46.2238883972168,nan
33.12337136268616,1784967697.8061528,SMC,circle,circle_smc_tune_base_p01,1784967697.7626004,-1.0067711441337361,-0.13310828911546901,-1.4798647594509078,0.10658429097439018,0.10985999601558545,1784967697.777445,-1.0059348841957898,-0.14057184076003673,-1.476639407051825,0.02870774269104004,0,0,1784967697.8013144,-0.9480609502385391,-0.06957830944408258,-1.5554070812274603,1784967697.8013582,-0.057936254297734226,0.06423655985656984,-0.07554232177655251,-0.0652378830548473,0.06429224163862733,-0.07876767417563535,1784967697.8014078,0.10630151772644647,0.10762314126933391,1784967697.7973053,4215.3759765625,nan,nan,54.49268341064453,nan
33.16323924064636,1784967697.8460207,SMC,circle,circle_smc_tune_base_p01,1784967697.8119116,-1.006169323711361,-0.13935042319633684,-1.4741128347270769,0.10738514899958228,0.11019687430391865,1784967697.777445,-1.0059348841957898,-0.14057184076003673,-1.476639407051825,0.06857562065124512,0,0,1784967697.8414478,-0.9479845534408715,-0.07392744853638204,-1.5510572677661563,1784967697.8414838,-0.0595006890713174,0.06422850694843471,-0.07694443303907939,-0.060900825762465804,0.06395940330330276,-0.07441786071433132,1784967697.8415222,0.10625243709182718,0.10757613579697851,1784967697.84295,4215.421875,nan,nan,45.67232131958008,nan
33.20318126678467,1784967697.8859627,SMC,circle,circle_smc_tune_base_p01,1784967697.8619318,-1.0056326383197458,-0.14478031683425943,-1.468319615047754,0.10811806134937081,0.11117093633347831,1784967697.777445,-1.0059348841957898,-0.14057184076003673,-1.476639407051825,0.10851764678955078,0,0,1784967697.8805895,-0.9478921798499624,-0.07815386352140023,-1.5468298402835512,1784967697.880623,-0.06037021983421844,0.06425325970345414,-0.0785102252357972,-0.05668444686845105,0.06365400924967587,-0.07019043323172625,1784967697.8806624,0.10621843746267388,0.10752476781558856,1784967697.84295,4215.421875,nan,nan,45.67232131958008,nan
33.24311947822571,1784967697.925901,SMC,circle,circle_smc_tune_base_p01,1784967697.9122872,-1.0049322019762075,-0.1510162742125367,-1.4621669055500957,0.10758364154398554,0.11144240600074054,1784967697.8969734,-1.0043851212585448,-0.1540614326820002,-1.4612858473926542,0.02892756462097168,0,0,1784967697.92119,-0.9477774022934065,-0.08254030663485144,-1.5424418922473573,1784967697.921226,-0.06187585526721444,0.06424179167358304,-0.08027498669726163,-0.06490593900998219,0.06408529003383462,-0.08115604485470307,1784967697.9212668,0.10616718633240674,0.10746556016587738,1784967697.9004261,4215.47900390625,nan,nan,57.40287399291992,nan
33.28341317176819,1784967697.9661946,SMC,circle,circle_smc_tune_base_p01,1784967697.9622831,-1.0043509848538192,-0.1562568323534601,-1.4564526719884454,0.10666818252728577,0.1119145677332126,1784967697.8969734,-1.0043851212585448,-0.1540614326820002,-1.4612858473926542,0.06922125816345215,0,0,1784967697.9604726,-0.9476481220596731,-0.08678105585249224,-1.538199169736066,1784967697.9605086,-0.05764608658606092,0.06391054522501632,-0.07603226418597031,-0.06067646381788391,0.06375031704211667,-0.07691332234341175,1784967697.9605927,0.10630447539719964,0.10759594270130153,1784967697.9430325,4215.52197265625,nan,nan,42.61322784423828,nan
33.32329535484314,1784967698.0060768,SMC,circle,circle_smc_tune_base_p01,1784967697.9622831,-1.0043509848538192,-0.1562568323534601,-1.4564526719884454,0.10666818252728577,0.1119145677332126,1784967697.977763,-1.0034371059158167,-0.1632959944598307,-1.452110021615241,0.028313875198364258,0,0,1784967698.0012667,-0.9474948894303328,-0.09118260736691532,-1.5337949482013367,1784967698.0013018,-0.058162306208473284,0.06390943968550998,-0.07734227621289125,-0.06498207465945127,0.06408745709009607,-0.0816849265860957,1784967698.00134,0.10628124694382614,0.10755223878242062,1784967697.9931052,4215.57177734375,nan,nan,50.07893371582031,nan
33.363242626190186,1784967698.046024,SMC,circle,circle_smc_tune_base_p01,1784967698.012868,-1.0036258697237443,-0.1622901293902369,-1.4505716697344646,0.10521015540116796,0.11128414129018502,1784967697.977763,-1.0034371059158167,-0.1632959944598307,-1.452110021615241,0.06826114654541016,0,0,1784967698.0408742,-0.9473276757587803,-0.09545282429557281,-1.5295214553882268,1784967698.0409145,-0.05960271675763802,0.06390796625728831,-0.0789497856537622,-0.060722099104711186,0.06374786718629441,-0.07741143377298587,1784967698.0409577,0.10623312388429045,0.10749860602011753,1784967698.0438783,4215.623046875,nan,nan,50.93346405029297,nan
33.40393686294556,1784967698.0867183,SMC,circle,circle_smc_tune_base_p01,1784967698.0627007,-1.0029984522943356,-0.16743030944822762,-1.4450868368587597,0.10467072026063014,0.11107291623256844,1784967697.977763,-1.0034371059158167,-0.1632959944598307,-1.452110021615241,0.10895538330078125,0,0,1784967698.0809302,-0.947140143386318,-0.09976771353646482,-1.5252024894763612,1784967698.080972,-0.06012522809035481,0.06390097422312764,-0.08011565261760144,-0.056415359611640896,0.06342316348949417,-0.07309246786112022,1784967698.081016,0.10621057991344558,0.10745951072018421,1784967698.0438783,4215.623046875,nan,nan,50.93346405029297,nan
33.443363904953,1784967698.1261454,SMC,circle,circle_smc_tune_base_p01,1784967698.1119745,-1.0021517646293097,-0.1738121506064788,-1.4393470595163762,0.10611559662276886,0.11218680535572191,1784967698.0979395,-1.0013565293274633,-0.17802055080475532,-1.4413975785608135,0.02820587158203125,0,0,1784967698.1212418,-0.9469354757337078,-0.10405174066662466,-1.5209135728885317,1784967698.1212862,-0.061921328702437425,0.06388350652636218,-0.08156651337215548,-0.06632802483537574,0.06351085788227873,-0.07951599432771816,1784967698.121339,0.10615482006396884,0.10741056643847356,1784967698.093358,4215.67236328125,nan,nan,49.278865814208984,nan
33.483646631240845,1784967698.166428,SMC,circle,circle_smc_tune_base_p01,1784967698.1622472,-1.0014638389559054,-0.17904014859357256,-1.434465021067556,0.10553923454388033,0.10954843617907312,1784967698.0979395,-1.0013565293274633,-0.17802055080475532,-1.4413975785608135,0.06848859786987305,0,0,1784967698.1604605,-0.9467112871430441,-0.10835603680484532,-1.516603438954511,1784967698.1604962,-0.05762478118930987,0.06354159244779495,-0.0772563794381349,-0.06203078525409942,0.06317775466884916,-0.07520586039369757,1784967698.1605365,0.10629486392476914,0.10754284043365533,1784967698.1479738,4215.72705078125,nan,nan,54.689605712890625,nan
33.52307748794556,1784967698.205859,SMC,circle,circle_smc_tune_base_p01,1784967698.1622472,-1.0014638389559054,-0.17904014859357256,-1.434465021067556,0.10553923454388033,0.10954843617907312,1784967698.1813211,-1.0002419825508462,-0.18755714650952676,-1.4289686496867522,0.02453780174255371,0,0,1784967698.2008507,-0.9464660454657272,-0.11270204859540096,-1.5122505098392154,1784967698.200884,-0.0582478505983489,0.06350345424327819,-0.07778548877165936,-0.06650212794329688,0.06381695755933063,-0.0832818601524632,1784967698.2009215,0.10627548485314654,0.10752393218238729,1784967698.1936615,4215.7724609375,nan,nan,45.5967903137207,nan
33.56317353248596,1784967698.245955,SMC,circle,circle_smc_tune_base_p01,1784967698.2120776,-1.0005466303027606,-0.18550707209797637,-1.428196595702493,0.10773516633256647,0.1106722373306736,1784967698.1813211,-1.0002419825508462,-0.18755714650952676,-1.4289686496867522,0.06463384628295898,0,0,1784967698.240649,-0.9462048490832324,-0.11699992375856619,-1.5079447017718934,1784967698.2406857,-0.060088904859428936,0.0635262313733745,-0.07974810606940053,-0.062210485635969974,0.06346801519397108,-0.07897605208514125,1784967698.2407262,0.10621462119151087,0.10745927084346579,1784967698.2435272,4215.822265625,nan,nan,50.090633392333984,nan
33.603312730789185,1784967698.2860942,SMC,circle,circle_smc_tune_base_p01,1784967698.262098,-0.999752480655341,-0.1909682704847342,-1.4223471544486586,0.10878175573673063,0.11173273155605003,1784967698.1813211,-1.0002419825508462,-0.18755714650952676,-1.4289686496867522,0.10477304458618164,0,0,1784967698.2811775,-0.9459210539813128,-0.12135749666122189,-1.5035778938342717,1784967698.281218,-0.060883257192761324,0.06353511882155832,-0.0812307393856131,-0.057856550606624375,0.06313300620592714,-0.07460924414751946,1784967698.2812645,0.10618268232807641,0.10741014598119818,1784967698.2435272,4215.822265625,nan,nan,50.090633392333984,nan
33.643617391586304,1784967698.3263988,SMC,circle,circle_smc_tune_base_p01,1784967698.3118832,-0.9988197385824967,-0.19725915573800523,-1.4154914174174853,0.10810207174639726,0.11322464577397946,1784967698.296119,-0.9986022282532767,-0.200975556239522,-1.4126421627758874,0.030279874801635742,0,0,1784967698.320949,-0.9456234386145344,-0.1256411562944598,-1.499283904652753,1784967698.3209965,-0.06252755948774923,0.06363401982495755,-0.08379248723526776,-0.06605027195782825,0.06418243950618917,-0.08664174187686567,1784967698.3210518,0.10612041658727678,0.107328051086323,1784967698.2939994,4215.873046875,nan,nan,50.3763313293457,nan
33.68309760093689,1784967698.365879,SMC,circle,circle_smc_tune_base_p01,1784967698.3620696,-0.9980141719136262,-0.20233759993165348,-1.4097143250059925,0.10572923343280687,0.113555828537682,1784967698.296119,-0.9986022282532767,-0.200975556239522,-1.4126421627758874,0.06976008415222168,0,0,1784967698.3616927,-0.9453002122165384,-0.13001849658835735,-1.4948946434070252,1784967698.3617425,-0.058152905959858586,0.063276263114532,-0.07940322598953986,-0.06167665552578404,0.06381221976293745,-0.08225248063113778,1784967698.3617964,0.10626404599667211,0.10746243457083307,1784967698.3448293,4215.923828125,nan,nan,50.871761322021484,nan
33.72304081916809,1784967698.4058223,SMC,circle,circle_smc_tune_base_p01,1784967698.3620696,-0.9980141719136262,-0.20233759993165348,-1.4097143250059925,0.10572923343280687,0.113555828537682,1784967698.383837,-0.9974137538502529,-0.21046880595055892,-1.4011246287668895,0.021985292434692383,0,0,1784967698.4010124,-0.9449683037908052,-0.13426342607991543,-1.49063675461308,1784967698.4010482,-0.058685077336319044,0.06327731796252607,-0.08092242960708762,-0.06625521596001993,0.06456029361192696,-0.08951212584619062,1784967698.4010887,0.1062381353319581,0.10741182961184795,1784967698.3952856,4215.97412109375,nan,nan,50.151580810546875,nan
33.76334047317505,1784967698.446122,SMC,circle,circle_smc_tune_base_p01,1784967698.4120746,-0.9971228668258683,-0.20818601595889236,-1.403529552009398,0.10314336050579401,0.11206442208507207,1784967698.383837,-0.9974137538502529,-0.21046880595055892,-1.4011246287668895,0.06228494644165039,0,0,1784967698.440773,-0.9446154162930396,-0.1385412592264521,-1.486344387631574,1784967698.4408097,-0.05993090464332629,0.0633696391847923,-0.08281483562217606,-0.06197922325036795,0.06418576409013964,-0.08521975886468458,1784967698.440851,0.10619152186529468,0.10735182678542055,1784967698.3952856,4215.97412109375,nan,nan,50.151580810546875,nan
33.80316495895386,1784967698.4859464,SMC,circle,circle_smc_tune_base_p01,1784967698.4621046,-0.9962325129041284,-0.21342629349808398,-1.3978616088618692,0.10440317967967554,0.11225426433263333,1784967698.383837,-0.9974137538502529,-0.21046880595055892,-1.4011246287668895,0.10210943222045898,0,0,1784967698.4806192,-0.944242143310035,-0.1428403135396783,-1.4820291553546572,1784967698.480697,-0.060586928560146865,0.06336089633888194,-0.08416754649278801,-0.05767887183655861,0.06382774394313961,-0.0809045265877677,1784967698.480744,0.1061635939985392,0.1073064449948698,1784967698.4468791,4216.02587890625,nan,nan,51.89651870727539,nan
33.84336757659912,1784967698.526149,SMC,circle,circle_smc_tune_base_p01,1784967698.5120313,-0.9951909544144908,-0.220031381926731,-1.3913007414282519,0.10808247128813381,0.11457233850831862,1784967698.4974637,-0.9953555152757144,-0.2238510104663345,-1.3914924335985779,0.028685331344604492,0,0,1784967698.5214353,-0.9438429861543498,-0.14721627080892544,-1.4776350275088934,1784967698.5214736,-0.0624779327994985,0.06352292629156946,-0.08633428608064153,-0.06621915249989084,0.0643540816190745,-0.08614259391031553,1784967698.5215175,0.10609828467053006,0.10723962134036426,1784967698.494329,4216.0732421875,nan,nan,47.40498352050781,nan
33.88333702087402,1784967698.5661185,SMC,circle,circle_smc_tune_base_p01,1784967698.5621517,-0.9942263533407716,-0.22537633086109313,-1.3865126512615347,0.10819098023072615,0.11128523161449565,1784967698.4974637,-0.9953555152757144,-0.2238510104663345,-1.3914924335985779,0.06865477561950684,0,0,1784967698.5607612,-0.9434377121734141,-0.1514564029724184,-1.4733755680133485,1784967698.560799,-0.05823356824351141,0.06316468436299098,-0.08207482658509657,-0.06197471934971284,0.06399665330852639,-0.08188313441477058,1784967698.5608425,0.10623883954816024,0.10736966192592981,1784967698.544282,4216.123046875,nan,nan,49.84175491333008,nan
33.92335653305054,1784967698.606138,SMC,circle,circle_smc_tune_base_p01,1784967698.5621517,-0.9942263533407716,-0.22537633086109313,-1.3865126512615347,0.10819098023072615,0.11128523161449565,1784967698.5770087,-0.9935309048489258,-0.2329586299625981,-1.3814188758812702,0.0291292667388916,0,0,1784967698.6012576,-0.9430045413204389,-0.15579116375927196,-1.4690192142535834,1784967698.6013012,-0.059020927614919914,0.06310546419058385,-0.08250656299204873,-0.06627637456823149,0.06414961750272388,-0.08760033837231318,1784967698.601349,0.10621611024036275,0.10735329670661783,1784967698.604999,4216.18408203125,nan,nan,60.86048126220703,nan
33.9632453918457,1784967698.6460268,SMC,circle,circle_smc_tune_base_p01,1784967698.6117609,-0.9931258719748961,-0.2316541497761221,-1.380131498269549,0.1088270901780335,0.11262224584725584,1784967698.5770087,-0.9935309048489258,-0.2329586299625981,-1.3814188758812702,0.06901812553405762,0,0,1784967698.641383,-0.9425541355842548,-0.16010855695736836,-1.4646783872653624,1784967698.6414268,-0.06066513982199602,0.06321402679571274,-0.08454688899581342,-0.061951381612267015,0.06377923218307094,-0.08325951138409216,1784967698.6414762,0.10615826499571195,0.10728890459332997,1784967698.604999,4216.18408203125,nan,nan,60.86048126220703,nan
34.00353765487671,1784967698.686319,SMC,circle,circle_smc_tune_base_p01,1784967698.6617215,-0.992117960204289,-0.23682871347567205,-1.3741695900337196,0.10734161006146531,0.11378886956975504,1784967698.5770087,-0.9935309048489258,-0.2329586299625981,-1.3814188758812702,0.10931038856506348,0,0,1784967698.680861,-0.9420939337632102,-0.16434331271110353,-1.4604186960269596,1784967698.6808996,-0.061315888432511116,0.06322102791880022,-0.08624910599323998,-0.05770570458831962,0.06343402410348556,-0.0789998201456894,1784967698.6809406,0.10612696658661443,0.10723239739751868,1784967698.6548293,4216.23388671875,nan,nan,49.854740142822266,nan
34.04332160949707,1784967698.726103,SMC,circle,circle_smc_tune_base_p01,1784967698.7120233,-0.9909647619392337,-0.24300130154334298,-1.3680166895715413,0.10566442119125409,0.11382025661785752,1784967698.697883,-0.9907308758048673,-0.24728959365324682,-1.3671118457079054,0.028220176696777344,0,0,1784967698.7206511,-0.9416095283940842,-0.16862963450041513,-1.4561050859500553,1784967698.7206852,-0.06290804535700252,0.06332189010446294,-0.08808839637851396,-0.06709767769546285,0.0640171663950521,-0.08899324024214983,1784967698.720724,0.10607146124908778,0.10717444979086496,1784967698.6946814,4216.2734375,nan,nan,39.53540802001953,nan
34.083433866500854,1784967698.7662153,SMC,circle,circle_smc_tune_base_p01,1784967698.7623043,-0.9899279005239014,-0.24802172822672044,-1.3625826015106544,0.10401859028693858,0.1128016212881445,1784967698.697883,-0.9907308758048673,-0.24728959365324682,-1.3671118457079054,0.06833243370056152,0,0,1784967698.760446,-0.9411077599621933,-0.17290444375494604,-1.4518009258319522,1784967698.7604775,-0.05861977199027802,0.06295246182440498,-0.08378423626041087,-0.06280974035910052,0.06364385804891544,-0.08468908012404675,1784967698.7605145,0.10621427806413541,0.1073056075187998,1784967698.7449,4216.32373046875,nan,nan,50.53577423095703,nan
34.123703718185425,1784967698.8064852,SMC,circle,circle_smc_tune_base_p01,1784967698.7623043,-0.9899279005239014,-0.24802172822672044,-1.3625826015106544,0.10401859028693858,0.1128016212881445,1784967698.775988,-0.9888817798430242,-0.25626396778963917,-1.3580422980633877,0.030497074127197266,0,0,1784967698.8011289,-0.9405777510935598,-0.1772564743095564,-1.4474167371799134,1784967698.8011613,-0.05903555165205968,0.06291233624572166,-0.08483413566925901,-0.06702659680886064,0.06389756286163686,-0.08937443911652566,1784967698.8012094,0.10619475092807439,0.10726927335254875,1784967698.7947888,4216.37353515625,nan,nan,49.690223693847656,nan
34.16292691230774,1784967698.8457084,SMC,circle,circle_smc_tune_base_p01,1784967698.8121817,-0.9887396053582023,-0.2540149203361474,-1.3571731689457067,0.1026477466221782,0.11039407123865262,1784967698.775988,-0.9888817798430242,-0.25626396778963917,-1.3580422980633877,0.06972026824951172,0,0,1784967698.840998,-0.9400389659558905,-0.18152594546659867,-1.4431134010364197,1784967698.8410325,-0.060516606425135074,0.0629614493370139,-0.085940232090713,-0.06273962308360762,0.06352268999734917,-0.085071102973032,1784967698.8410702,0.10614901778691647,0.10723404057487669,1784967698.7947888,4216.37353515625,nan,nan,49.690223693847656,nan
34.20352220535278,1784967698.8863037,SMC,circle,circle_smc_tune_base_p01,1784967698.8619955,-0.9875931345972999,-0.2592588354378229,-1.3513243110740976,0.10478418101721589,0.11159135972832653,1784967698.775988,-0.9888817798430242,-0.25626396778963917,-1.3580422980633877,0.11031556129455566,0,0,1784967698.8810656,-0.9394793627047306,-0.18581151325883086,-1.4387914482165958,1784967698.8811078,-0.06121044930477755,0.062950179323828,-0.08746713714249821,-0.0584325198529197,0.0631647670157954,-0.08074915015320805,1784967698.881152,0.10611808553089355,0.10718276807271099,1784967698.845872,4216.4248046875,nan,nan,51.20298385620117,nan
34.24311089515686,1784967698.9258924,SMC,circle,circle_smc_tune_base_p01,1784967698.9120548,-0.9862387935449176,-0.2658439784503899,-1.3454024996684495,0.10906577708338178,0.11393840359492245,1784967698.8961015,-0.9861556967061088,-0.2692062309088633,-1.3491309018669169,0.029790878295898438,0,0,1784967698.92119,-0.9389049972418935,-0.19006724984789047,-1.4344971242953923,1784967698.9212317,-0.06328140287750442,0.06307190277776631,-0.08909462462694286,-0.06681437619419536,0.06349366942465333,-0.08536622242847547,1784967698.9212792,0.10605288578324056,0.10713257593836079,1784967698.8962443,4216.474609375,nan,nan,49.72178268432617,nan
34.28300476074219,1784967698.9657862,SMC,circle,circle_smc_tune_base_p01,1784967698.9627695,-0.9850101580169602,-0.27120681508456335,-1.3402034928112294,0.10878220768191665,0.11192429391787388,1784967698.8961015,-0.9861556967061088,-0.2692062309088633,-1.3491309018669169,0.06968474388122559,0,0,1784967698.9611688,-0.9383029418326141,-0.1943870226893165,-1.430135594945111,1784967698.9612052,-0.058936340141615674,0.06269330280608709,-0.08473309527666162,-0.06246793208889676,0.06313127218835095,-0.08100469307819425,1784967698.961246,0.10619805608584325,0.10726534025098085,1784967698.9489117,4216.52783203125,nan,nan,53.363014221191406,nan
34.32298421859741,1784967699.0057657,SMC,circle,circle_smc_tune_base_p01,1784967698.9627695,-0.9850101580169602,-0.27120681508456335,-1.3402034928112294,0.10878220768191665,0.11192429391787388,1784967698.9762084,-0.9842608386610223,-0.27845569973982176,-1.3368106864976756,0.029557228088378906,0,0,1784967699.0005434,-0.9376956105635696,-0.19861125730931192,-1.42586792145268,1784967699.0005755,-0.05986006863621353,0.06265423842236711,-0.08566442864145052,-0.06687223804608174,0.0638087708196528,-0.08905723495500428,1784967699.000612,0.10616732733354069,0.10723299365936388,1784967698.995069,4216.57373046875,nan,nan,46.124691009521484,nan
34.36306190490723,1784967699.0458434,SMC,circle,circle_smc_tune_base_p01,1784967699.0122683,-0.9836788656089792,-0.277344588861406,-1.3342701177021292,0.1087368085878141,0.11243032622906687,1784967698.9762084,-0.9842608386610223,-0.27845569973982176,-1.3368106864976756,0.06963491439819336,0,0,1784967699.041192,-0.9370567767305342,-0.20292251673850234,-1.4215095850040103,1784967699.041234,-0.061425188005347665,0.06276312825986284,-0.08723946730188104,-0.0625303426136049,0.06343060341564907,-0.08469889850633461,1784967699.041275,0.10611507694446283,0.10718412203193273,1784967698.995069,4216.57373046875,nan,nan,46.124691009521484,nan
34.40299415588379,1784967699.0857756,SMC,circle,circle_smc_tune_base_p01,1784967699.0621247,-0.9824038125404357,-0.28257867459682057,-1.3280566805139113,0.1084252514408596,0.11452622899261893,1784967698.9762084,-0.9842608386610223,-0.27845569973982176,-1.3368106864976756,0.10956716537475586,0,0,1784967699.080556,-0.9364120101550095,-0.2071479459912518,-1.4172352424670838,1784967699.0805948,-0.06216461331901824,0.06277421091120147,-0.08917856195317242,-0.05827056294338653,0.06307810736163019,-0.08042455596940812,1784967699.0806367,0.10607888175841944,0.10711985496526763,1784967699.0517082,4216.630859375,nan,nan,56.79744338989258,nan
34.443241119384766,1784967699.1260226,SMC,circle,circle_smc_tune_base_p01,1784967699.1121216,-0.9809878303148643,-0.28869925554971254,-1.32183812703344,0.1082679223820765,0.11639909597395712,1784967699.1054485,-0.9806429270315261,-0.2926969683607899,-1.3227060395264598,0.020574092864990234,0,0,1784967699.1212807,-0.9357297338355013,-0.21149276651155324,-1.4128371749927189,1784967699.121314,-0.063674843222505,0.06288602060175336,-0.09099904795927882,-0.06768940622718182,0.06347804034188972,-0.09013113546625906,1784967699.1213517,0.10602494760851565,0.10706289908808249,1784967699.1054432,4216.6748046875,nan,nan,44.06525802612305,nan
34.48317790031433,1784967699.1659594,SMC,circle,circle_smc_tune_base_p01,1784967699.1619027,-0.9796793269164724,-0.29382057913801995,-1.3159179634747078,0.1072780679408776,0.1168306366496902,1784967699.1054485,-0.9806429270315261,-0.2926969683607899,-1.3227060395264598,0.060510873794555664,0,0,1784967699.1605995,-0.9350530424988854,-0.21568375606393758,-1.4085919033099794,1784967699.1606364,-0.0594463304170777,0.06250921289537904,-0.08675377627653935,-0.06346056797829001,0.06310490275606473,-0.0858858637835196,1784967699.1606786,0.10616712714813435,0.10719184788729466,1784967699.1541195,4216.73291015625,nan,nan,58.16435241699219,nan
34.52371072769165,1784967699.2064922,SMC,circle,circle_smc_tune_base_p01,1784967699.1619027,-0.9796793269164724,-0.29382057913801995,-1.3159179634747078,0.1072780679408776,0.1168306366496902,1784967699.1770723,-0.97819648864877,-0.30129017844091965,-1.318920518100436,0.029419898986816406,0,0,1784967699.2009914,-0.9343397921532361,-0.21998353932504272,-1.4042333608676574,1784967699.2010293,-0.06002030547660579,0.062491157705589204,-0.08831539739294958,-0.06781113052804734,0.06273619344787301,-0.0853128427672214,1784967699.2010717,0.10613860744148058,0.10713919201042132,1784967699.1969314,4216.775390625,nan,nan,42.47026824951172,nan
34.562950134277344,1784967699.2457316,SMC,circle,circle_smc_tune_base_p01,1784967699.2122648,-0.9782353021902094,-0.29974119238134017,-1.3121094709599879,0.10504706172645989,0.11187671086979825,1784967699.1770723,-0.97819648864877,-0.30129017844091965,-1.318920518100436,0.06865930557250977,0,0,1784967699.24099,-0.9336171088532204,-0.22422627839131132,-1.3999295097400328,1784967699.2410312,-0.061588446778014706,0.06245117000545336,-0.08782003878004496,-0.06352215628958141,0.062378693911734576,-0.08100899163959686,1784967699.2410753,0.10610567747329587,0.10715437104084695,1784967699.2455328,4216.82470703125,nan,nan,49.046051025390625,nan
34.60314893722534,1784967699.2859304,SMC,circle,circle_smc_tune_base_p01,1784967699.262178,-0.9769049934753371,-0.30475128563189463,-1.3067094775457453,0.1045437135798415,0.11124482591430067,1784967699.1770723,-0.97819648864877,-0.30129017844091965,-1.318920518100436,0.10885810852050781,0,0,1784967699.2807107,-0.9328759567859386,-0.2284670848991142,-1.395624422650495,1784967699.2807443,-0.06214671740974298,0.062414909023638644,-0.08891494510474973,-0.05923045082589257,0.06203956202529144,-0.07670390455005904,1784967699.2807837,0.10608184312738646,0.10711666546396297,1784967699.2455328,4216.82470703125,nan,nan,49.046051025390625,nan
34.64340829849243,1784967699.3261898,SMC,circle,circle_smc_tune_base_p01,1784967699.3121393,-0.9752813307912855,-0.3110067065076247,-1.3015218062058567,0.1063713521558673,0.11155350902893256,1784967699.297855,-0.9745563378738348,-0.3147597045486471,-1.305556429919875,0.028334856033325195,0,0,1784967699.3207042,-0.9321133735850795,-0.23272219360179772,-1.3913015171100283,1784967699.3207424,-0.06397939865439807,0.062438562107731396,-0.08977971090417158,-0.0680425979074638,0.062464096007019826,-0.08574508719015328,1784967699.3207867,0.10602952530825328,0.107088628373452,1784967699.2992945,4216.8779296875,nan,nan,53.267372131347656,nan
34.68366289138794,1784967699.3664443,SMC,circle,circle_smc_tune_base_p01,1784967699.3619273,-0.9738600907206465,-0.31613902095445984,-1.296073470296309,0.10660937963800465,0.11118029624226985,1784967699.297855,-0.9745563378738348,-0.3147597045486471,-1.305556429919875,0.06858944892883301,0,0,1784967699.3607438,-0.9313318948226432,-0.23697670004461857,-1.3869758306552555,1784967699.3607783,-0.05967030847233482,0.06206004403552197,-0.08545402444939887,-0.06373201562359708,0.06210296652586736,-0.08141940073538056,1784967699.3608186,0.10617382342442144,0.10722020065287077,1784967699.3461916,4216.9248046875,nan,nan,47.27012634277344,nan
34.7231559753418,1784967699.4059374,SMC,circle,circle_smc_tune_base_p01,1784967699.3619273,-0.9738600907206465,-0.31613902095445984,-1.296073470296309,0.10660937963800465,0.11118029624226985,1784967699.3878903,-0.97164671654515,-0.3249393274900021,-1.296092420100364,0.018047094345092773,0,0,1784967699.4013772,-0.9305234316566573,-0.2412728866956054,-1.382604233365216,1784967699.401414,-0.060302308135615115,0.06202125209321868,-0.08653076306890695,-0.06937423158511148,0.06227691279437139,-0.08651181326485191,1784967699.4014537,0.10614866788896249,0.1071830163008104,1784967699.3965273,4216.97509765625,nan,nan,49.94768524169922,nan
34.76348376274109,1784967699.4462652,SMC,circle,circle_smc_tune_base_p01,1784967699.4128735,-0.9721324227317497,-0.3224575599485954,-1.2909841821331882,0.1077648429962144,0.11074591921975459,1784967699.3878903,-0.97164671654515,-0.3249393274900021,-1.296092420100364,0.058374881744384766,0,0,1784967699.4406552,-0.9297180482877585,-0.24545338451388102,-1.3783468595554018,1784967699.4406946,-0.062295483645506446,0.06203140262179954,-0.08736267742221361,-0.06513200932791485,0.06191808874270889,-0.08225443945503774,1784967699.44074,0.10609302963559987,0.10715562417331953,1784967699.3965273,4216.97509765625,nan,nan,49.94768524169922,nan
34.8032865524292,1784967699.486068,SMC,circle,circle_smc_tune_base_p01,1784967699.4619672,-0.9706992130721436,-0.3274314745040287,-1.2857847432239142,0.1067789478781319,0.10992076546850982,1784967699.3878903,-0.97164671654515,-0.3249393274900021,-1.296092420100364,0.09817767143249512,0,0,1784967699.4811325,-0.928871879340897,-0.24974576837423362,-1.3739718633700992,1784967699.481204,-0.06279120860887324,0.06198273070288952,-0.08818712014618502,-0.060771032557569875,0.0615681706097696,-0.07787944326973517,1784967699.4812498,0.10607332680777205,0.10712652035189014,1784967699.4464114,4217.025390625,nan,nan,50.28794860839844,nan
34.843207597732544,1784967699.525989,SMC,circle,circle_smc_tune_base_p01,1784967699.5122857,-0.9688620264216404,-0.33367772926006484,-1.2797807357160929,0.10669180554523418,0.11133047152111605,1784967699.496392,-0.9676333306040452,-0.3378638185421632,-1.2813226734826453,0.029597043991088867,0,0,1784967699.5208218,-0.9280258665504619,-0.2539415879141976,-1.369691598515668,1784967699.5208607,-0.06466654764122476,0.06199743386558657,-0.08991086279957504,-0.06912471936187059,0.06191498344885489,-0.08836892503302263,1784967699.5209048,0.10601176283899096,0.10706955236886705,1784967699.4974597,4217.076171875,nan,nan,50.84864807128906,nan
34.88339972496033,1784967699.5661812,SMC,circle,circle_smc_tune_base_p01,1784967699.5622501,-0.9673254170382226,-0.33875848975521305,-1.2735884584624335,0.10646523056076994,0.11350280503466946,1784967699.496392,-0.9676333306040452,-0.3378638185421632,-1.2813226734826453,0.06978917121887207,0,0,1784967699.5605094,-0.9271592398034134,-0.25814652832195556,-1.36539827881352,1784967699.5605433,-0.06038975537941014,0.061621117906878464,-0.08561754309742708,-0.06484735192868693,0.06154526248240088,-0.08407560533087466,1784967699.5605817,0.10615504797681499,0.10720011916031505,1784967699.546998,4217.1259765625,nan,nan,49.698707580566406,nan
34.92365646362305,1784967699.606438,SMC,circle,circle_smc_tune_base_p01,1784967699.5622501,-0.9673254170382226,-0.33875848975521305,-1.2735884584624335,0.10646523056076994,0.11350280503466946,1784967699.5754683,-0.9652104509614913,-0.34625803990881004,-1.2740718740901111,0.030969619750976562,0,0,1784967699.6013236,-0.9262521525173912,-0.26245300729367516,-1.3609973016788148,1784967699.6013615,-0.06093171693964475,0.061618711304872835,-0.08740884321638132,-0.06875170583882084,0.0617594968691912,-0.08692542758870368,1784967699.6014059,0.10612532489367926,0.10714032893628304,1784967699.5972338,4217.17626953125,nan,nan,50.24275588989258,nan
34.96371293067932,1784967699.6464944,SMC,circle,circle_smc_tune_base_p01,1784967699.6123977,-0.965555820916477,-0.34466627844358577,-1.2689180802504882,0.1050006435679336,0.11087153198405025,1784967699.5754683,-0.9652104509614913,-0.34625803990881004,-1.2740718740901111,0.07102608680725098,0,0,1784967699.640668,-0.9253573803241082,-0.2666117068172654,-1.3567434297610907,1784967699.640704,-0.06257336310977575,0.06158737700989326,-0.0878253495106025,-0.06451312229167933,0.0613992073754731,-0.08267155567097961,1784967699.640743,0.10608198917457184,0.10712540091664302,1784967699.5972338,4217.17626953125,nan,nan,50.24275588989258,nan
35.00299596786499,1784967699.6857774,SMC,circle,circle_smc_tune_base_p01,1784967699.6618423,-0.9640049746737871,-0.3496204756568978,-1.2632912263582259,0.10496628307400166,0.11135612434394351,1784967699.5754683,-0.9652104509614913,-0.34625803990881004,-1.2740718740901111,0.11030912399291992,0,0,1784967699.6809452,-0.9244236905815169,-0.2708622620468789,-1.3523915306140568,1784967699.6809776,-0.06308326850430765,0.061563264177980345,-0.08910030425583093,-0.060175318114317075,0.06104927707630827,-0.07831965652394568,1784967699.6810153,0.1060575864280994,0.10708209866407165,1784967699.64668,4217.2255859375,nan,nan,49.4233283996582,nan
35.043113708496094,1784967699.7258952,SMC,circle,circle_smc_tune_base_p01,1784967699.7118707,-0.9620488135942791,-0.35584827775626693,-1.2575292900957,0.10647603872551425,0.11255708745814712,1784967699.6967008,-0.9608948999277929,-0.3598086953325448,-1.2601627864367038,0.029194355010986328,0,0,1784967699.7210605,-0.9234876189619254,-0.2750375931146307,-1.3481125532199523,1784967699.7210984,-0.06499443999954653,0.061587784932319034,-0.09058326312425224,-0.06927998553761076,0.06152827028616866,-0.0879497667832485,1784967699.721144,0.10599734864231321,0.10703348406026889,1784967699.697436,4217.27587890625,nan,nan,50.44805145263672,nan
35.08356070518494,1784967699.7663422,SMC,circle,circle_smc_tune_base_p01,1784967699.7618377,-0.9603992883622173,-0.3609243167737598,-1.251988725687581,0.10659073004423378,0.11225469582148541,1784967699.6967008,-0.9608948999277929,-0.3598086953325448,-1.2601627864367038,0.0696413516998291,0,0,1784967699.7606368,-0.9225223901620383,-0.2792578035163785,-1.3437833648730895,1784967699.7606716,-0.060682166494661356,0.06120550271952678,-0.08625407477738944,-0.06496672024853364,0.06115734574236702,-0.0836205784363857,1784967699.7607114,0.10614212968541205,0.10716504759807124,1784967699.7467115,4217.32568359375,nan,nan,49.60345458984375,nan
35.123536109924316,1784967699.8063176,SMC,circle,circle_smc_tune_base_p01,1784967699.7618377,-0.9603992883622173,-0.3609243167737598,-1.251988725687581,0.10659073004423378,0.11225469582148541,1784967699.7781413,-0.9576464357562812,-0.3695591414825737,-1.246745912890187,0.028176307678222656,0,0,1784967699.8005178,-0.9215454355830777,-0.2834460506314898,-1.3394826808978701,1784967699.8005533,-0.06139598654141194,0.06118035989435044,-0.08749395521028913,-0.0701363318355758,0.06164123284038585,-0.09273676800768316,1784967699.8005962,0.10611337958586771,0.10712288015613537,1784967699.7970798,4217.3759765625,nan,nan,50.27996063232422,nan
35.16341829299927,1784967699.8461998,SMC,circle,circle_smc_tune_base_p01,1784967699.8118124,-0.9583158109441788,-0.36719302093176215,-1.2453121507654439,0.10779164477096259,0.11431795579102975,1784967699.7781413,-0.9576464357562812,-0.3695591414825737,-1.246745912890187,0.06805849075317383,0,0,1784967699.841261,-0.9205318047873587,-0.2877078240666228,-1.3351020198871277,1784967699.841302,-0.06322980703394815,0.061216984117140695,-0.08978986912168385,-0.06577361981672625,0.06124512169055421,-0.08835610699694074,1784967699.8413463,0.10604741713766291,0.10704757049984856,1784967699.7970798,4217.3759765625,nan,nan,50.27996063232422,nan
35.20384097099304,1784967699.8866224,SMC,circle,circle_smc_tune_base_p01,1784967699.8620877,-0.9565741715803173,-0.37234944763378797,-1.2399377386849961,0.10799319621373005,0.11304109994903115,1784967699.7781413,-0.9576464357562812,-0.3695591414825737,-1.246745912890187,0.10848116874694824,0,0,1784967699.8807957,-0.9195198131580764,-0.29188217982616604,-1.3308067432452824,1784967699.8808284,-0.06406572710728733,0.061184877843483795,-0.09086900456028624,-0.061494297615276555,0.06087529124136288,-0.08406083035509539,1784967699.8808665,0.10601684177584123,0.10701052910943992,1784967699.8468895,4217.42578125,nan,nan,50.06747055053711,nan
35.243934869766235,1784967699.9267163,SMC,circle,circle_smc_tune_base_p01,1784967699.9121327,-0.9544297494833948,-0.37864541237236926,-1.2334563005642996,0.10885334618461831,0.11411913709639686,1784967699.8979464,-0.9532215703141458,-0.38296190779707406,-1.232255075297434,0.028769969940185547,0,0,1784967699.9206984,-0.9184856471915785,-0.29606921483871845,-1.3264938798953676,1784967699.9207323,-0.06602535587299403,0.061249157304615706,-0.09303757933106804,-0.07042447614294962,0.06162237909009262,-0.09423880459793366,1784967699.9207702,0.10594830500654268,0.10694038593245159,1784967699.8468895,4217.42578125,nan,nan,50.06747055053711,nan
35.28309416770935,1784967699.9658756,SMC,circle,circle_smc_tune_base_p01,1784967699.9620552,-0.952597690452885,-0.38385116863096147,-1.2276932601872668,0.10943010882839692,0.11432352835065887,1784967699.8979464,-0.9532215703141458,-0.38296190779707406,-1.232255075297434,0.06792926788330078,0,0,1784967699.9611545,-0.9174198534729365,-0.30030523430527095,-1.3221258359958317,1784967699.9611862,-0.06167533075731792,0.060852851028238904,-0.08866953543153211,-0.06607493021868854,0.061220847740815494,-0.08987076069839772,1784967699.9612222,0.1060955066871676,0.10707277718655689,1784967699.9612885,4217.5400390625,nan,nan,11.864900588989258,nan
35.323373556137085,1784967700.006155,SMC,circle,circle_smc_tune_base_p01,1784967699.9620552,-0.952597690452885,-0.38385116863096147,-1.2276932601872668,0.10943010882839692,0.11432352835065887,1784967699.9759572,-0.9504396328060216,-0.391398368368729,-1.2220694784615207,0.030197858810424805,0,0,1784967700.0003803,-0.9163673196637403,-0.3044137294925441,-1.317884658436933,1784967700.0004141,-0.06261915938886994,0.060842315717105785,-0.09019139824966625,-0.0701063413012687,0.06174423724232086,-0.09581517997541233,1784967700.0004573,0.10605817548930659,0.10702169724891465,1784967699.9981158,4217.57666015625,nan,nan,37.04202651977539,nan
35.363120555877686,1784967700.045902,SMC,circle,circle_smc_tune_base_p01,1784967700.0125887,-0.9505334201513712,-0.38976406621791904,-1.2219796070818936,0.10718012507981672,0.11190219054274797,1784967699.9759572,-0.9504396328060216,-0.391398368368729,-1.2220694784615207,0.06994485855102539,0,0,1784967700.0414631,-0.915251493927234,-0.3086921119806987,-1.3134631591846129,1784967700.0415027,-0.06413075337140942,0.06086643207830462,-0.0914835521027193,-0.0657042016184482,0.06133096977186775,-0.09139368072309216,1784967700.0415463,0.10600923805350375,0.10697942933251951,1784967699.9981158,4217.57666015625,nan,nan,37.04202651977539,nan
35.40335154533386,1784967700.086133,SMC,circle,circle_smc_tune_base_p01,1784967700.0618656,-0.9487559050477734,-0.3946476253927201,-1.2167472894073228,0.10639453381113015,0.11091250959675854,1784967699.9759572,-0.9504396328060216,-0.391398368368729,-1.2220694784615207,0.11017584800720215,0,0,1784967700.0804393,-0.914169149126052,-0.31276989450005716,-1.3092441774417545,1784967700.080471,-0.06480821864542058,0.06082845795618547,-0.09249688803443168,-0.061502027981903386,0.0609547819568615,-0.08717469898023378,1784967700.080507,0.10598292564462855,0.10694438566405846,1784967700.0518596,4217.630859375,nan,nan,53.81450271606445,nan
35.44303607940674,1784967700.1258175,SMC,circle,circle_smc_tune_base_p01,1784967700.1119993,-0.9465736940446617,-0.4007412196491489,-1.2109797899370804,0.10815004199269189,0.11191045572534115,1784967700.099717,-0.9457378571662961,-0.40417926079704836,-1.2127642621841677,0.026100635528564453,0,0,1784967700.120695,-0.9130381071468865,-0.31695877636160813,-1.3049052816440245,1784967700.1207309,-0.06660917122042709,0.06088802592576019,-0.09392549170694409,-0.07023065088693224,0.06119103065386784,-0.09214101945985687,1784967700.1207707,0.10592534212056615,0.1068987511406272,1784967700.0982819,4217.6767578125,nan,nan,46.139469146728516,nan
35.48319745063782,1784967700.165979,SMC,circle,circle_smc_tune_base_p01,1784967700.1624734,-0.9446509610473898,-0.40586601383989024,-1.2060391146196028,0.10823806941330567,0.10941583851874372,1784967700.099717,-0.9457378571662961,-0.40417926079704836,-1.2127642621841677,0.06626200675964355,0,0,1784967700.1608975,-0.9118889213708175,-0.32114263689107947,-1.3005664630939153,1784967700.1609488,-0.06228860789275778,0.06049047164067871,-0.08958667315683488,-0.06590938501412309,0.0608011869230186,-0.08780220090974766,1784967700.1609957,0.106071971503219,0.10703012661612812,1784967700.1530614,4217.73193359375,nan,nan,55.0782356262207,nan
35.523661851882935,1784967700.2064433,SMC,circle,circle_smc_tune_base_p01,1784967700.1624734,-0.9446509610473898,-0.40586601383989024,-1.2060391146196028,0.10823806941330567,0.10941583851874372,1784967700.1766434,-0.9424894077604303,-0.4132649267996772,-1.196124043876926,0.029799938201904297,0,0,1784967700.2005517,-0.9107348430591524,-0.32527443026444414,-1.296276516537824,1784967700.200589,-0.06319085318993155,0.06043362040883095,-0.09023740191822127,-0.07026524435671906,0.06175334238221496,-0.100152472660898,1784967700.200632,0.10604400722493545,0.10700654061635366,1784967700.1977842,4217.7763671875,nan,nan,44.64156723022461,nan
35.56348633766174,1784967700.2462678,SMC,circle,circle_smc_tune_base_p01,1784967700.2121255,-0.9423692377044142,-0.4119130818335796,-1.1988280803316083,0.10939426262740963,0.11135857444856398,1784967700.1766434,-0.9424894077604303,-0.4132649267996772,-1.196124043876926,0.06962442398071289,0,0,1784967700.2407486,-0.9095507967730869,-0.3294440355912921,-1.2919420496036198,1784967700.2407873,-0.06490144573314792,0.06054746893985599,-0.09311396927201153,-0.06595157199709488,0.06132930822906352,-0.09581800572669374,1784967700.240833,0.10597451207241734,0.10691444998892814,1784967700.1977842,4217.7763671875,nan,nan,44.64156723022461,nan
35.60347247123718,1784967700.286254,SMC,circle,circle_smc_tune_base_p01,1784967700.2619104,-0.9403916982997128,-0.41697264342770834,-1.1932006802645916,0.10924857006889047,0.11164514223434632,1784967700.1766434,-0.9424894077604303,-0.4132649267996772,-1.196124043876926,0.10961055755615234,0,0,1784967700.2810965,-0.9083418964633634,-0.3336318085505961,-1.287583275418439,1784967700.2811298,-0.06565345638671415,0.06051866009951955,-0.09438259515384749,-0.06161189657062886,0.06092175515220796,-0.09145923154151302,1784967700.2811682,0.1059436380222739,0.10687120216485574,1784967700.2572207,4217.8359375,nan,nan,59.49721145629883,nan
35.6432785987854,1784967700.32606,SMC,circle,circle_smc_tune_base_p01,1784967700.3119438,-0.9381471898059058,-0.4228718597960466,-1.1871385739224074,0.10831946273291922,0.11166912924972547,1784967700.296446,-0.9375684929506308,-0.42625361532057754,-1.1860936082031435,0.029613971710205078,0,0,1784967700.3208268,-0.9071316664326174,-0.3377570856495429,-1.2832841363956116,1784967700.3208647,-0.06731750435687367,0.0606204674618369,-0.09614556247320416,-0.0706058798868438,0.0614234962999384,-0.0971905281924681,1784967700.3209093,0.10588558997041925,0.10681583016628776,1784967700.2981853,4217.876953125,nan,nan,40.95969772338867,nan
35.683605432510376,1784967700.366387,SMC,circle,circle_smc_tune_base_p01,1784967700.3623106,-0.9361799899090285,-0.4277345187269623,-1.1817977081080326,0.10645228463715359,0.11067903303423587,1784967700.296446,-0.9375684929506308,-0.42625361532057754,-1.1860936082031435,0.06994080543518066,0,0,1784967700.360529,-0.9059068236887236,-0.34186676420800155,-1.2789958120395328,1784967700.3605652,-0.0630481157064791,0.06021795267576515,-0.09185723811712543,-0.06633691418151202,0.061016520369660376,-0.09290220383638936,1784967700.3606105,0.10603152689492445,0.10694535715195466,1784967700.348236,4217.92724609375,nan,nan,50.0494384765625,nan
35.723381996154785,1784967700.4061635,SMC,circle,circle_smc_tune_base_p01,1784967700.3623106,-0.9361799899090285,-0.4277345187269623,-1.1817977081080326,0.10645228463715359,0.11067903303423587,1784967700.385262,-0.9341410470735976,-0.4347067502243027,-1.1778216491075857,0.02090144157409668,0,0,1784967700.4008026,-0.9046475902001161,-0.3460261479434171,-1.2746499897052435,1784967700.4008374,-0.06364483981678766,0.060165475583588326,-0.0928522815972108,-0.07062667104671787,0.061204465164783825,-0.09682834059765777,1784967700.4008782,0.10600729474336776,0.10691043979954591,1784967700.40002,4217.97900390625,nan,nan,51.734580993652344,nan
35.76316571235657,1784967700.4459472,SMC,circle,circle_smc_tune_base_p01,1784967700.4119706,-0.9340364519622649,-0.4332092010058755,-1.1766009109861615,0.10490796660991716,0.10881822058909386,1784967700.385262,-0.9341410470735976,-0.4347067502243027,-1.1778216491075857,0.060685157775878906,0,0,1784967700.4408605,-0.9033753685063193,-0.35016363942806356,-1.2703213163425116,1784967700.4408977,-0.06490059261155669,0.060204488330483925,-0.09372040535635005,-0.06631738178211326,0.06079530766741535,-0.09249966723492586,1784967700.440933,0.10596842307472454,0.10688280276580446,1784967700.40002,4217.97900390625,nan,nan,51.734580993652344,nan
35.80300545692444,1784967700.485787,SMC,circle,circle_smc_tune_base_p01,1784967700.4620738,-0.9320182657380905,-0.4380609867325693,-1.1711502500942035,0.10490796660991716,0.10881822058909386,1784967700.385262,-0.9341410470735976,-0.4347067502243027,-1.1778216491075857,0.10052490234375,0,0,1784967700.4811242,-0.9020795149672671,-0.35431381032130654,-1.2659735370685248,1784967700.4811587,-0.06549885672466069,0.060164924352474836,-0.09482328697432131,-0.06198733007672047,0.060403125227191004,-0.08815188796093909,1784967700.481196,0.10594285252719009,0.10684472124593845,1784967700.4630938,4218.041015625,nan,nan,62.1326904296875,nan
35.84323573112488,1784967700.5260172,SMC,circle,circle_smc_tune_base_p01,1784967700.5127623,-0.9295321672513344,-0.44418576781207425,-1.1645572685788022,0.1077264271111907,0.10963643190743778,1784967700.4985635,-0.929007174580377,-0.44756699441867087,-1.1613665539162512,0.02745366096496582,0,0,1784967700.52133,-0.9007889585703401,-0.3583852616288484,-1.2617024389316225,1784967700.5213735,-0.06745941340235917,0.06030859350031774,-0.09714517035282033,-0.07057739658165814,0.06138794889829559,-0.10033588501537127,1784967700.521425,0.10587176678165597,0.10677211410491658,1784967700.5002115,4218.07763671875,nan,nan,36.886722564697266,nan
35.88324546813965,1784967700.566027,SMC,circle,circle_smc_tune_base_p01,1784967700.5619256,-0.9274015172522967,-0.4491313507398638,-1.1593167756201628,0.10849030321603638,0.10910320456196143,1784967700.4985635,-0.929007174580377,-0.44756699441867087,-1.1613665539162512,0.06746339797973633,0,0,1784967700.5608768,-0.8994589875302503,-0.36251916178637705,-1.2573598609973573,1784967700.560912,-0.06313640925709095,0.05989678208730566,-0.09280259241855515,-0.06625572841237325,0.06096234613222959,-0.0959933070811061,1784967700.5609539,0.10601999451374776,0.10690313965562502,1784967700.5481966,4218.126953125,nan,nan,49.19663619995117,nan
35.92332196235657,1784967700.6061034,SMC,circle,circle_smc_tune_base_p01,1784967700.5619256,-0.9274015172522967,-0.4491313507398638,-1.1593167756201628,0.10849030321603638,0.10910320456196143,1784967700.5759697,-0.9251329227944716,-0.45660049068769404,-1.1531080767738426,0.030133724212646484,0,0,1784967700.6013262,-0.8981011888654844,-0.366677308649423,-1.2529856372882506,1784967700.601357,-0.06385247801794189,0.059833430050394674,-0.09366886166808787,-0.07122702554304793,0.06118499930036435,-0.09987756051440799,1784967700.601393,0.10599409863382134,0.10687215227941023,1784967700.5992153,4218.17822265625,nan,nan,50.984596252441406,nan
35.96331453323364,1784967700.646096,SMC,circle,circle_smc_tune_base_p01,1784967700.61186,-0.9248709755329815,-0.4551381699881455,-1.1524257377938876,0.10966270682961138,0.11194435492885982,1784967700.5759697,-0.9251329227944716,-0.45660049068769404,-1.1531080767738426,0.07012629508972168,0,0,1784967700.640463,-0.8967721993182318,-0.37068869126589216,-1.248759832005658,1784967700.640494,-0.06575014242481197,0.0599847851737742,-0.09633409421177054,-0.06702140228165243,0.06077252300331597,-0.09565175523181546,1784967700.6405287,0.10592125010005109,0.10678835636540013,1784967700.5992153,4218.17822265625,nan,nan,50.984596252441406,nan
36.00297141075134,1784967700.6857529,SMC,circle,circle_smc_tune_base_p01,1784967700.6625583,-0.9226774015991793,-0.46005359880755375,-1.1467587542268007,0.10815710987815079,0.11192411748165056,1784967700.5759697,-0.9251329227944716,-0.45660049068769404,-1.1531080767738426,0.10978317260742188,0,0,1784967700.6805525,-0.8953953264185914,-0.37478586185829144,-1.2444374929477358,1784967700.6805906,-0.06649097154609658,0.05994872220042742,-0.09767873872093502,-0.06271794249880486,0.06036901371916128,-0.09132941617389312,1784967700.6806417,0.10588940485847625,0.10674233278264975,1784967700.6486094,4218.2275390625,nan,nan,49.47886657714844,nan
36.04343366622925,1784967700.7262151,SMC,circle,circle_smc_tune_base_p01,1784967700.7120204,-0.920234363126965,-0.4658354702406132,-1.1403189511961374,0.10648557679084242,0.11317296332482961,1784967700.6964185,-0.9195443486990073,-0.47020767756621057,-1.138936411088153,0.029796600341796875,0,0,1784967700.7212026,-0.8939821535392518,-0.37893123033667914,-1.2400578619052551,1784967700.7212431,-0.06802050455013614,0.060122677770227936,-0.09973891070911778,-0.07219692033401144,0.06142003202958515,-0.10112145081710211,1784967700.7212884,0.10583076914521365,0.106679458902037,1784967700.7010415,4218.27978515625,nan,nan,52.41990280151367,nan
36.08338642120361,1784967700.7661679,SMC,circle,circle_smc_tune_base_p01,1784967700.762005,-0.9181316907096913,-0.4704022028903504,-1.1348917044936249,0.10385167258179014,0.1123541832716131,1784967700.6964185,-0.9195443486990073,-0.47020767756621057,-1.138936411088153,0.06974935531616211,0,0,1784967700.760887,-0.8925798566749685,-0.38298703489310915,-1.2357664733935974,1784967700.7609227,-0.06374953962774825,0.059704532188798176,-0.09544752219746,-0.06792653759627382,0.06099598206935673,-0.09683006230544432,1784967700.7609608,0.10597843202614536,0.10680856699971127,1784967700.748835,4218.32763671875,nan,nan,47.70240783691406,nan
36.12365508079529,1784967700.8064365,SMC,circle,circle_smc_tune_base_p01,1784967700.762005,-0.9181316907096913,-0.4704022028903504,-1.1348917044936249,0.10385167258179014,0.1123541832716131,1784967700.7766573,-0.9156356480633382,-0.4789442189282063,-1.1312215119818256,0.02977919578552246,0,0,1784967700.8009639,-0.891151914014721,-0.38706016682944944,-1.2314502883960394,1784967700.801007,-0.06415690602400392,0.05964641426535297,-0.09655858390241455,-0.07272971286938833,0.061257825042902184,-0.1002287764142138,1784967700.8010538,0.1059571530665887,0.10676959434543128,1784967700.8018696,4218.380859375,nan,nan,53.27633285522461,nan
36.16370892524719,1784967700.8464904,SMC,circle,circle_smc_tune_base_p01,1784967700.8121219,-0.9156556901866133,-0.4761046375572219,-1.1289011169641274,0.1025853149253437,0.11268583490918584,1784967700.7766573,-0.9156356480633382,-0.4789442189282063,-1.1312215119818256,0.06983304023742676,0,0,1784967700.8407686,-0.8897099874006182,-0.39111708496496245,-1.2271447378207825,1784967700.8408098,-0.06572811792262226,0.0597986463310928,-0.09824362085665507,-0.0684448563451356,0.060836230824154784,-0.09592322583895685,1784967700.8408563,0.10590174655528202,0.10671850084914793,1784967700.8018696,4218.380859375,nan,nan,53.27633285522461,nan
36.20321822166443,1784967700.8859997,SMC,circle,circle_smc_tune_base_p01,1784967700.8621025,-0.9134504931843415,-0.48075876325869565,-1.1230706358941642,0.1027971381310315,0.11338472929018892,1784967700.7766573,-0.9156356480633382,-0.4789442189282063,-1.1312215119818256,0.10934233665466309,0,0,1784967700.8810575,-0.888236549496324,-0.3952065108868193,-1.2227979627658512,1784967700.8810985,-0.06620417801910772,0.059765689613841405,-0.09972732687168694,-0.0641171726836259,0.06042931835928341,-0.09157645078402554,1784967700.8811464,0.1058744855467784,0.10666794542473848,1784967700.8601406,4218.43896484375,nan,nan,58.0562858581543,nan
36.24332022666931,1784967700.9261017,SMC,circle,circle_smc_tune_base_p01,1784967700.9121363,-0.9108192008087295,-0.48656460246404265,-1.119051215161443,0.10308783611765204,0.10971886884297528,1784967700.8960738,-0.909411882768895,-0.4909685072749689,-1.123462307271094,0.03002786636352539,0,0,1784967700.9209018,-0.8867583849140486,-0.3992540397735209,-1.2184889617969177,1784967700.9209497,-0.06804873086276884,0.0597614210575661,-0.09943774663547478,-0.0728910114428062,0.060096796628259466,-0.0950266545258236,1784967700.9210021,0.10583332554416276,0.1066774558140697,1784967700.9060512,4218.48486328125,nan,nan,45.810054779052734,nan
36.28336262702942,1784967700.966144,SMC,circle,circle_smc_tune_base_p01,1784967700.9621582,-0.9084748831401931,-0.49137970207042014,-1.1132578441227785,0.10484614876625081,0.11077595026366242,1784967700.8960738,-0.909411882768895,-0.4909685072749689,-1.123462307271094,0.07007026672363281,0,0,1784967700.960731,-0.8852617954988831,-0.4032978400259075,-1.2141771026660584,1784967700.9607666,-0.06375726215317015,0.059342617197361086,-0.09512588750461548,-0.06859773710785498,0.05969692684490924,-0.0907147953949643,1784967700.9608052,0.10598155161009527,0.10680722432309152,1784967700.9503965,4218.529296875,nan,nan,44.324344635009766,nan
36.32375764846802,1784967701.006539,SMC,circle,circle_smc_tune_base_p01,1784967700.9621582,-0.9084748831401931,-0.49137970207042014,-1.1132578441227785,0.10484614876625081,0.11077595026366242,1784967700.9787257,-0.9053810939403657,-0.5002608220815625,-1.108464185392167,0.027813434600830078,0,0,1784967701.0013566,-0.8837204558387692,-0.40740753945123076,-1.2097878671695377,1784967701.0013893,-0.06439995326313348,0.05930220725800421,-0.09653002304675919,-0.07344361622397039,0.06080255401003118,-0.10132368177737061,1784967701.0014257,0.1059516172683408,0.1067590728070415,1784967700.9990747,4218.578125,nan,nan,48.803955078125,nan
36.363237142562866,1784967701.0460186,SMC,circle,circle_smc_tune_base_p01,1784967701.0124292,-0.9055771340986619,-0.4975522550335734,-1.1063265134336222,0.10812987541404412,0.1143118754436768,1784967700.9787257,-0.9053810939403657,-0.5002608220815625,-1.108464185392167,0.06729292869567871,0,0,1784967701.0409148,-0.8822085969380165,-0.4113862403239186,-1.2055316005756043,1784967701.0409603,-0.0665696078644913,0.05949082222276626,-0.09920508714198206,-0.06920827597614006,0.0603810436836799,-0.09706741518343721,1784967701.0410092,0.10587131606656462,0.10667619116935947,1784967700.9990747,4218.578125,nan,nan,48.803955078125,nan
36.40320944786072,1784967701.085991,SMC,circle,circle_smc_tune_base_p01,1784967701.062221,-0.9031495914831733,-0.502398412562644,-1.1010725473418246,0.10842331046518922,0.1127889292541938,1784967700.9787257,-0.9053810939403657,-0.5002608220815625,-1.108464185392167,0.10726523399353027,0,0,1784967701.0807667,-0.880660053878854,-0.41540949344917133,-1.201220616917768,1784967701.080814,-0.067387776485929,0.05942843536951689,-0.10014806957594335,-0.06491669832882942,0.05997249428270156,-0.09275643152560087,1784967701.0808666,0.10584154554885652,0.10664267885978579,1784967701.0500336,4218.62890625,nan,nan,51.07941436767578,nan
36.44330167770386,1784967701.1260831,SMC,circle,circle_smc_tune_base_p01,1784967701.112922,-0.9001545802417221,-0.5086007494130316,-1.0949813328859597,0.10963183642178662,0.11350862670026783,1784967701.0986493,-0.8987459956534785,-0.5134013291614812,-1.0955507541259946,0.02743387222290039,0,0,1784967701.121139,-0.8790785028477854,-0.4194659916496323,-1.196866709332624,1784967701.1211746,-0.0695794694020681,0.05956428055119738,-0.10188537644666429,-0.07452646411938615,0.06046870308340342,-0.1013159552066294,1784967701.1212144,0.10577002345882444,0.10658929680348443,1784967701.1010454,4218.6787109375,nan,nan,49.94793701171875,nan
36.48334336280823,1784967701.1661248,SMC,circle,circle_smc_tune_base_p01,1784967701.1621497,-0.8976958799902854,-0.5133522941844467,-1.0891411460916407,0.10918821815243696,0.11437618657299892,1784967701.0986493,-0.8987459956534785,-0.5134013291614812,-1.0955507541259946,0.06747555732727051,0,0,1784967701.160796,-0.8775001588612115,-0.4234630891891362,-1.192569269757428,1784967701.1608353,-0.06530338958174395,0.05913637886800448,-0.09758793687146827,-0.07025014133600734,0.060043236360124264,-0.09701851563143338,1784967701.1608803,0.10591886275629704,0.10671828139988454,1784967701.1494696,4218.728515625,nan,nan,49.46171188354492,nan
36.523287296295166,1784967701.2060688,SMC,circle,circle_smc_tune_base_p01,1784967701.1621497,-0.8976958799902854,-0.5133522941844467,-1.0891411460916407,0.10918821815243696,0.11437618657299892,1784967701.1764116,-0.8945449228298752,-0.5212574044949961,-1.0911329646213512,0.02965712547302246,0,0,1784967701.2011244,-0.8758964920489181,-0.4274736479866945,-1.1882499691058783,1784967701.2011654,-0.06600968531396931,0.059102255727913444,-0.09910882301423762,-0.07459440189676264,0.059823341272991507,-0.09711700448452708,1784967701.2012527,0.10588578340714937,0.10666644775712253,1784967701.2008018,4218.77880859375,nan,nan,50.2551155090332,nan
36.56314945220947,1784967701.245931,SMC,circle,circle_smc_tune_base_p01,1784967701.2122514,-0.8948600939089911,-0.5190806002988567,-1.0847129646489502,0.1076781332663962,0.11168359053974843,1784967701.1764116,-0.8945449228298752,-0.5212574044949961,-1.0911329646213512,0.0695192813873291,0,0,1784967701.2405584,-0.874286863973037,-0.4314493900952117,-1.1839607435275694,1784967701.2405982,-0.06786970681932546,0.05912858604779809,-0.09924777887861924,-0.07032450893852508,0.059416595675234635,-0.09282777890621818,1784967701.2406418,0.10583965693797003,0.10666269357230596,1784967701.2008018,4218.77880859375,nan,nan,50.2551155090332,nan
36.60330080986023,1784967701.2860823,SMC,circle,circle_smc_tune_base_p01,1784967701.2624962,-0.8924164218501685,-0.523691371773636,-1.0791086896829094,0.1060184551663754,0.11166113763507998,1784967701.1764116,-0.8945449228298752,-0.5212574044949961,-1.0911329646213512,0.10967063903808594,0,0,1784967701.2810476,-0.872630422147264,-0.43549038992992484,-1.1795934206058167,1784967701.2810886,-0.06841120749599731,0.05908304047167515,-0.10048473092290731,-0.06597511893208953,0.059021265739307535,-0.0884604559844655,1784967701.2811341,0.10581334187248323,0.1066199436516256,1784967701.2521098,4218.8291015625,nan,nan,50.60958480834961,nan
36.6438729763031,1784967701.3266544,SMC,circle,circle_smc_tune_base_p01,1784967701.3119957,-0.8895922042496377,-0.5292207973318518,-1.0754815382983336,0.10505739748020036,0.10885990621150456,1784967701.3025596,-0.8877552867202666,-0.5334599107783625,-1.081931686874918,0.024094820022583008,0,0,1784967701.3214898,-0.8709696527507331,-0.4394922536040745,-1.1752606273700377,1784967701.321527,-0.0700934299621318,0.059033228439419744,-0.09977908907170407,-0.07507797430836241,0.05894892599816006,-0.09332894049511964,1784967701.321572,0.10578058677240988,0.10664180464559052,1784967701.3083026,4218.884765625,nan,nan,55.602073669433594,nan
36.683067083358765,1784967701.3658485,SMC,circle,circle_smc_tune_base_p01,1784967701.361851,-0.8870945861712363,-0.5338313112563101,-1.0699549424412187,0.10506473623539854,0.1091889644802971,1784967701.3025596,-0.8877552867202666,-0.5334599107783625,-1.081931686874918,0.06328892707824707,0,0,1784967701.3609526,-0.869302345321431,-0.4434613633480415,-1.1709555402804999,1784967701.3609867,-0.06580884566047095,0.05861360529251173,-0.09547400198216627,-0.07079077252233201,0.05855694759401355,-0.08902385340558183,1784967701.3610256,0.10592873609551581,0.10677132011034485,1784967701.351511,4218.9287109375,nan,nan,44.09952163696289,nan
36.72358059883118,1784967701.406362,SMC,circle,circle_smc_tune_base_p01,1784967701.361851,-0.8870945861712363,-0.5338313112563101,-1.0699549424412187,0.10506473623539854,0.1091889644802971,1784967701.3872786,-0.883177293717864,-0.5424966833995029,-1.0652245401243932,0.019083499908447266,0,0,1784967701.400898,-0.8676176420177184,-0.4474240160231875,-1.1666496292163517,1784967701.400933,-0.06644253100326443,0.058574415037143265,-0.09669468677513303,-0.07564319742571678,0.059657535368898534,-0.10142508909195858,1784967701.4009712,0.10590087995068356,0.10672932427540034,1784967701.351511,4218.9287109375,nan,nan,44.09952163696289,nan
36.763285636901855,1784967701.446067,SMC,circle,circle_smc_tune_base_p01,1784967701.4123402,-0.8840545931726947,-0.5395560184814424,-1.0638717800102362,0.10604209652579256,0.11032187153800704,1784967701.3872786,-0.883177293717864,-0.5424966833995029,-1.0652245401243932,0.05878853797912598,0,0,1784967701.440865,-0.8659089879751669,-0.45139532865922655,-1.1623263374377875,1784967701.4408996,-0.06826422981040817,0.05866485443862694,-0.09845455742755127,-0.07134119071103763,0.05922909527139755,-0.0971017973133943,1784967701.4409368,0.105838642974812,0.10667367656703586,1784967701.4067333,4218.98486328125,nan,nan,55.88203811645508,nan
36.80316185951233,1784967701.4859433,SMC,circle,circle_smc_tune_base_p01,1784967701.4621558,-0.8815662634522101,-0.5440488766044771,-1.059337843078792,0.10473169555380701,0.10696411847646269,1784967701.3872786,-0.883177293717864,-0.5424966833995029,-1.0652245401243932,0.09866476058959961,0,0,1784967701.4804535,-0.8641994288309938,-0.45532211550330237,-1.1580435491611143,1784967701.4804904,-0.06887234732101528,0.05857170694763002,-0.09870570608232221,-0.06707770116144035,0.05882301123242566,-0.09281900903672113,1784967701.4805312,0.10582137859040709,0.10666220002884359,1784967701.4514499,4219.02880859375,nan,nan,44.09718704223633,nan
36.842981815338135,1784967701.5257633,SMC,circle,circle_smc_tune_base_p01,1784967701.511913,-0.8783345052628352,-0.5498511072081442,-1.0530672573472948,0.10578781641823039,0.10800189848426889,1784967701.4978845,-0.876001094461847,-0.5546531231789369,-1.0510841126616732,0.027878761291503906,0,0,1784967701.5207517,-0.8624465742632565,-0.45930134134765116,-1.1536953578998228,1784967701.5207906,-0.07081972962322938,0.05861955599396993,-0.10062810055252802,-0.07603015010124968,0.059119401145449314,-0.10261124523814956,1784967701.5208323,0.10575398295657897,0.1065997151813814,1784967701.5093255,4219.087890625,nan,nan,59.034061431884766,nan
36.883339405059814,1784967701.5661209,SMC,circle,circle_smc_tune_base_p01,1784967701.5621762,-0.8756335148988035,-0.554569960027327,-1.0468946394254701,0.10691395209157689,0.11063824548117304,1784967701.4978845,-0.876001094461847,-0.5546531231789369,-1.0510841126616732,0.0682363510131836,0,0,1784967701.5610828,-0.8606751803864134,-0.4632757038830858,-1.1493441024829532,1784967701.5611198,-0.06648954871295115,0.0581918561994343,-0.09627684513565837,-0.07170082589599108,0.05868311482232456,-0.09825998982127994,1784967701.561163,0.10590409887623553,0.10673050036879253,1784967701.5551555,4219.13330078125,nan,nan,45.49722671508789,nan
36.923415660858154,1784967701.606197,SMC,circle,circle_smc_tune_base_p01,1784967701.5621762,-0.8756335148988035,-0.554569960027327,-1.0468946394254701,0.10691395209157689,0.11063824548117304,1784967701.5779138,-0.8721786273907203,-0.5617809659448159,-1.041968091002395,0.028283357620239258,0,0,1784967701.6009614,-0.8589140864092579,-0.4671815142960782,-1.1450596147586485,1784967701.6010005,-0.06730327517724037,0.05819406229811679,-0.09816497533317836,-0.0749848046042955,0.05918009275209337,-0.10309152375625352,1784967701.601042,0.10586477556056818,0.10666763623216462,1784967701.6011162,4219.1796875,nan,nan,46.4572868347168,nan
36.96299624443054,1784967701.6457777,SMC,circle,circle_smc_tune_base_p01,1784967701.6118574,-0.8724664523345647,-0.5601628368107112,-1.0403115834159902,0.10818973103354329,0.11299499036873008,1784967701.5779138,-0.8721786273907203,-0.5617809659448159,-1.041968091002395,0.06786394119262695,0,0,1784967701.640859,-0.8571206225798709,-0.4711138675760148,-1.1407375846912047,1784967701.6409001,-0.06904600353317876,0.05829118980359055,-0.10042600127521452,-0.07068477339200448,0.058744608654942826,-0.09876949368880972,1784967701.6409478,0.10579874286498242,0.1065955062842792,1784967701.6011162,4219.1796875,nan,nan,46.4572868347168,nan
37.00346922874451,1784967701.6862507,SMC,circle,circle_smc_tune_base_p01,1784967701.6618176,-0.8697536939068838,-0.5647828359831458,-1.034892173961514,0.107761564562408,0.11220637981113926,1784967701.5779138,-0.8721786273907203,-0.5617809659448159,-1.041968091002395,0.1083369255065918,0,0,1784967701.6809251,-0.8553053033095079,-0.4750489437736753,-1.136403967480817,1784967701.6809661,-0.06977623825908746,0.05824263023186946,-0.10151179351930306,-0.0663713646651702,0.058326620748401274,-0.09443587647842211,1784967701.681013,0.10576939716522851,0.10655769455708554,1784967701.6515484,4219.22998046875,nan,nan,49.93758773803711,nan
37.04297685623169,1784967701.7257583,SMC,circle,circle_smc_tune_base_p01,1784967701.7121005,-0.8667377775524566,-0.5700201713932687,-1.0310092111803015,0.10571556491963602,0.1071314735101021,1784967701.6981328,-0.8654429288281612,-0.5728369790133353,-1.033433563604811,0.027625560760498047,0,0,1784967701.7211573,-0.8534691744086071,-0.47898415828366375,-1.1320614667941717,1784967701.7211936,-0.0712728974924318,0.058170315413571864,-0.10105225561387021,-0.07449632159326693,0.05832684478769795,-0.09862790318936066,1784967701.721234,0.10573849539045571,0.10657060199332338,1784967701.7026024,4219.2802734375,nan,nan,50.610984802246094,nan
37.08314752578735,1784967701.765929,SMC,circle,circle_smc_tune_base_p01,1784967701.7618663,-0.8640130885458315,-0.5745650229464805,-1.0256024867636198,0.10603629080372913,0.10738229628964445,1784967701.6981328,-0.8654429288281612,-0.5728369790133353,-1.033433563604811,0.06779623031616211,0,0,1784967701.7606575,-0.8516451598676356,-0.48284985455093066,-1.1277870470096254,1784967701.7606895,-0.0670193747615978,0.05774820043549648,-0.09677783582932387,-0.07024178800796609,0.057915043078152845,-0.09435348340481431,1784967701.760727,0.10588616835362791,0.10669901215353908,1784967701.7607908,4219.33837890625,nan,nan,57.997413635253906,nan
37.12343764305115,1784967701.806219,SMC,circle,circle_smc_tune_base_p01,1784967701.7618663,-0.8640130885458315,-0.5745650229464805,-1.0256024867636198,0.10603629080372913,0.10738229628964445,1784967701.7779136,-0.8605610601503448,-0.5810632905090778,-1.022714032245987,0.028305530548095703,0,0,1784967701.8009746,-0.8497812048674469,-0.4867565650379761,-1.1234584508945133,1784967701.8010163,-0.06769815855129609,0.05770468890885931,-0.0978559641308936,-0.07487631901894043,0.05833952861633203,-0.10074441864852646,1784967701.8010626,0.10585856404928833,0.10666162415926553,1784967701.8012857,4219.3798828125,nan,nan,41.500484466552734,nan
37.163278579711914,1784967701.84606,SMC,circle,circle_smc_tune_base_p01,1784967701.8128288,-0.8606780513695171,-0.5801441271305717,-1.0194534315970787,0.1080727567880038,0.10933267475665195,1784967701.7779136,-0.8605610601503448,-0.5810632905090778,-1.022714032245987,0.0681464672088623,0,0,1784967701.8413596,-0.8478749109999941,-0.4907076202189903,-1.1190715585757876,1784967701.8413954,-0.06947728021432759,0.0577556638424914,-0.09961812697870887,-0.07051071635872881,0.05790789594187343,-0.09635752632980066,1784967701.8414347,0.1057971046478168,0.10660458456212608,1784967701.8012857,4219.3798828125,nan,nan,41.500484466552734,nan
37.20355176925659,1784967701.8863332,SMC,circle,circle_smc_tune_base_p01,1784967701.8625605,-0.8578937134996453,-0.5846809534961093,-1.0148074314024582,0.10760682995311065,0.10658310904447556,1784967701.7779136,-0.8605610601503448,-0.5810632905090778,-1.022714032245987,0.10841965675354004,0,0,1784967701.8809931,-0.845995677453248,-0.49455981597781445,-1.114785422902265,1784967701.881028,-0.07026740845728764,0.057670390999623664,-0.09997799149980667,-0.06624359253527166,0.057504677436837376,-0.092071390656278,1784967701.8810673,0.10577426931687345,0.1065897466499939,1784967701.8514411,4219.4296875,nan,nan,49.632041931152344,nan
37.242992877960205,1784967701.9257743,SMC,circle,circle_smc_tune_base_p01,1784967701.9120634,-0.8545328918305236,-0.5902091330834012,-1.0082880524332583,0.10803431076311094,0.10788130729799655,1784967701.897006,-0.8529144438479487,-0.594091242841987,-1.0050782386562165,0.028768301010131836,0,0,1784967701.9208868,-0.8440983373979303,-0.4984071744876593,-1.1104956565906188,1784967701.9209287,-0.0720922719403977,0.0577856717075505,-0.10220760415736052,-0.07605123585432744,0.05873137317314461,-0.10541741793440229,1784967701.920971,0.1057061710798917,0.10651926891833967,1784967701.9013274,4219.47998046875,nan,nan,50.305171966552734,nan
37.28346085548401,1784967701.9662423,SMC,circle,circle_smc_tune_base_p01,1784967701.9626405,-0.8516686344149442,-0.5947403496041889,-1.002770980935551,0.10700771527145586,0.10805590556986382,1784967701.897006,-0.8529144438479487,-0.594091242841987,-1.0050782386562165,0.06923627853393555,0,0,1784967701.9610915,-0.8421568082861477,-0.5023016284566612,-1.1061440664340643,1784967701.9611304,-0.06776243884648323,0.05735110020892635,-0.09785601400080603,-0.07172281995651036,0.0582829059791406,-0.1010658277778478,1784967701.9611719,0.10585702079599707,0.10664983620693734,1784967701.952224,4219.52978515625,nan,nan,49.97089767456055,nan
37.32368230819702,1784967702.0064638,SMC,circle,circle_smc_tune_base_p01,1784967701.9626405,-0.8516686344149442,-0.5947403496041889,-1.002770980935551,0.10700771527145586,0.10805590556986382,1784967701.9763956,-0.8478523847595603,-0.6023033411515969,-0.9918946146219567,0.030068159103393555,0,0,1784967702.0010467,-0.8402171228159547,-0.5061505478062014,-1.1018340097476627,1784967702.0010865,-0.06851754224940979,0.05731174839951091,-0.09906302881211171,-0.07630875556442135,0.05899687040241373,-0.10993939512570594,1784967702.0011322,0.10582608409577397,0.1066082906529133,1784967702.0013504,4219.580078125,nan,nan,50.007991790771484,nan
37.363242864608765,1784967702.0460243,SMC,circle,circle_smc_tune_base_p01,1784967702.012161,-0.8483300249186356,-0.6000648110402746,-0.9954509108746666,0.10599846761829537,0.11015063883363022,1784967701.9763956,-0.8478523847595603,-0.6023033411515969,-0.9918946146219567,0.06962871551513672,0,0,1784967702.0411644,-0.8382460661264333,-0.5100199717606032,-1.0974914833118101,1784967702.0411985,-0.07006108630530197,0.057456100559868516,-0.10204057243714348,-0.07199142511092717,0.05852979014428053,-0.10559686868985341,1784967702.041237,0.10575675859445696,0.10651385093742416,1784967702.0013504,4219.580078125,nan,nan,50.007991790771484,nan
37.40321612358093,1784967702.0859976,SMC,circle,circle_smc_tune_base_p01,1784967702.0619204,-0.8455134355886068,-0.6044056568135209,-0.9903048611925583,0.10511942541753547,0.10898909118771193,1784967701.9763956,-0.8478523847595603,-0.6023033411515969,-0.9918946146219567,0.10960197448730469,0,0,1784967702.0814893,-0.8362530996600923,-0.5138907014158944,-1.0931378074695257,1784967702.0815296,-0.07060929947408903,0.05738499629625893,-0.10283294627696736,-0.06766101475527347,0.05808033541690784,-0.101243192847569,1784967702.0815728,0.10573485063507888,0.10648506833397639,1784967702.0519216,4219.6298828125,nan,nan,50.22134780883789,nan
37.44362831115723,1784967702.1264098,SMC,circle,circle_smc_tune_base_p01,1784967702.1122975,-0.8422016161029642,-0.6096556132318071,-0.9852867887173193,0.10432833309965955,0.10557529083531976,1784967702.0997593,-0.8406705776671481,-0.6133646587936942,-0.9832417811897756,0.026650428771972656,0,0,1784967702.121007,-0.8343050989356446,-0.5176345751992182,-1.0889174610187198,1784967702.1211104,-0.0723293441175899,0.057434244170949125,-0.10363067230140044,-0.07614746992906092,0.05836378198754213,-0.10567567982894421,1784967702.1211607,0.10568469147648542,0.10646011906231828,1784967702.1032584,4219.68212890625,nan,nan,51.946189880371094,nan
37.48347282409668,1784967702.1662543,SMC,circle,circle_smc_tune_base_p01,1784967702.1621788,-0.8392442030755735,-0.614112939440114,-0.9801526406149632,0.10559992668442937,0.10509831673081121,1784967702.0997593,-0.8406705776671481,-0.6133646587936942,-0.9832417811897756,0.06649494171142578,0,0,1784967702.1604362,-0.8322990638451113,-0.5214501483552304,-1.084606683354535,1784967702.160473,-0.06804074527668134,0.056997557469651884,-0.09931989463721559,-0.07185977308269792,0.057918325988569296,-0.10136490216475935,1784967702.160517,0.10583478001240733,0.10658925542774787,1784967702.1522567,4219.72998046875,nan,nan,48.071712493896484,nan
37.52298092842102,1784967702.2057624,SMC,circle,circle_smc_tune_base_p01,1784967702.1621788,-0.8392442030755735,-0.614112939440114,-0.9801526406149632,0.10559992668442937,0.10509831673081121,1784967702.1788692,-0.8357844186379693,-0.6208707872514856,-0.9722173847286432,0.026893138885498047,0,0,1784967702.2015312,-0.8302244608872393,-0.525354657410173,-1.0801852356006292,1784967702.2015696,-0.06869800928904066,0.056920751029597795,-0.10003259498566597,-0.07577656115461989,0.058413671085051216,-0.10796785087198602,1784967702.2016113,0.10581134613057636,0.10656293853479773,1784967702.2032745,4219.78173828125,nan,nan,51.3975715637207,nan
37.563060998916626,1784967702.2458425,SMC,circle,circle_smc_tune_base_p01,1784967702.2120838,-0.8356841129112502,-0.6195519068691165,-0.9730080120578174,0.10870377336622351,0.10879968284841289,1784967702.1788692,-0.8357844186379693,-0.6208707872514856,-0.9722173847286432,0.06697320938110352,0,0,1784967702.2405863,-0.828223448812909,-0.5290816652012557,-1.0759550272037173,1784967702.240621,-0.07058213112538841,0.05708492710013655,-0.10294701514589988,-0.0715700331014834,0.05796672798511273,-0.1037376424750741,1784967702.240658,0.10573423736399115,0.10647126373180789,1784967702.2032745,4219.78173828125,nan,nan,51.3975715637207,nan
37.60306119918823,1784967702.2858427,SMC,circle,circle_smc_tune_base_p01,1784967702.262048,-0.8325873733525928,-0.6240985053398446,-0.9677944895671311,0.10932346118156185,0.10802328878560054,1784967702.1788692,-0.8357844186379693,-0.6208707872514856,-0.9722173847286432,0.10697340965270996,0,0,1784967702.2806878,-0.826154146847021,-0.5328965521543866,-1.071615049939313,1784967702.2807195,-0.07146890210194676,0.057020861975743686,-0.1038205603721818,-0.06725242556543581,0.05752668451469019,-0.09939766521066971,1784967702.2807543,0.1057032187014553,0.10644001005345206,1784967702.2528477,4219.8310546875,nan,nan,49.610252380371094,nan
37.64331245422363,1784967702.326094,SMC,circle,circle_smc_tune_base_p01,1784967702.311983,-0.8290164509769675,-0.6293571888711571,-0.9611871660261385,0.10963043417349382,0.10972846701388864,1784967702.2997704,-0.8276186158324481,-0.6322737073345486,-0.9586119704513045,0.026323556900024414,0,0,1784967702.3214629,-0.8240428740977748,-0.5367485887172041,-1.0672223640491156,1784967702.3215005,-0.07307957788523019,0.05710047798017597,-0.10603519802297712,-0.07612242917811972,0.05782049802477461,-0.1086103935978111,1784967702.321543,0.10563951177332073,0.10636884266523997,1784967702.3046002,4219.88232421875,nan,nan,51.41539764404297,nan
37.683223485946655,1784967702.366005,SMC,circle,circle_smc_tune_base_p01,1784967702.3624814,-0.8259667041283059,-0.6337223398506246,-0.9559180435521014,0.10760689414211842,0.10875216056297246,1784967702.2997704,-0.8276186158324481,-0.6322737073345486,-0.9586119704513045,0.06623458862304688,0,0,1784967702.3611748,-0.8219683504405273,-0.5404949296324808,-1.0629399877597472,1784967702.3612194,-0.06882029597933466,0.0566563650395104,-0.10175282173360867,-0.07186430507162744,0.0573654180849122,-0.10432801730844266,1784967702.36127,0.10578969873665409,0.10649678477686339,1784967702.357166,4219.935546875,nan,nan,52.83152389526367,nan
37.72320890426636,1784967702.4059904,SMC,circle,circle_smc_tune_base_p01,1784967702.3624814,-0.8259667041283059,-0.6337223398506246,-0.9559180435521014,0.10760689414211842,0.10875216056297246,1784967702.3898597,-0.8221238375644588,-0.6402437716440967,-0.9508145850978775,0.016130685806274414,0,0,1784967702.4013364,-0.819854457934958,-0.5442738760313129,-1.058609975438275,1784967702.4013786,-0.06953950628101285,0.05659191019355845,-0.10269193188617354,-0.07679029299768865,0.05760748084372846,-0.10779539034039744,1784967702.401421,0.10576208794482472,0.10646333261024617,1784967702.357166,4219.935546875,nan,nan,52.83152389526367,nan
37.763627767562866,1784967702.4464092,SMC,circle,circle_smc_tune_base_p01,1784967702.4124699,-0.8225473501677393,-0.6386805795504215,-0.9501340095677362,0.10673841364934697,0.10890810972183805,1784967702.3898597,-0.8221238375644588,-0.6402437716440967,-0.9508145850978775,0.0565495491027832,0,0,1784967702.4408576,-0.8177476449470695,-0.5480023907508389,-1.054327393155255,1784967702.4408915,-0.07097472837584973,0.05664061286879245,-0.10419338358751884,-0.07253159452275763,0.05715585015469404,-0.1035128080573775,1784967702.4409287,0.10571089858601808,0.10641490764270913,1784967702.4063458,4219.98486328125,nan,nan,49.47063446044922,nan
37.80306816101074,1784967702.4858496,SMC,circle,circle_smc_tune_base_p01,1784967702.4619694,-0.8194763087946841,-0.6429625711849086,-0.9444067791028555,0.10660152317015267,0.1100893441706339,1784967702.3898597,-0.8221238375644588,-0.6402437716440967,-0.9508145850978775,0.09598994255065918,0,0,1784967702.4805667,-0.8156208993897942,-0.5517287951971763,-1.0500368028690004,1784967702.4806058,-0.07165284933583285,0.056606848037277877,-0.10563002376614483,-0.06826303234864656,0.056721668477487684,-0.09922221777112283,1784967702.480669,0.10567837572830048,0.1063658941423711,1784967702.4543407,4220.03271484375,nan,nan,47.98284912109375,nan
37.84338021278381,1784967702.5261617,SMC,circle,circle_smc_tune_base_p01,1784967702.5124059,-0.8159080460917967,-0.6480807872263428,-0.9391346922844804,0.10493560934601111,0.10842825016495712,1784967702.4985855,-0.8141437548159624,-0.6517438555451479,-0.9392616246655788,0.027576208114624023,0,0,1784967702.5205302,-0.8134631867150153,-0.5554719303942796,-1.045716292004743,1784967702.5205631,-0.07329608507705165,0.056657405636786985,-0.10658159972026249,-0.07730143021860408,0.0573867199912376,-0.10645466733916409,1784967702.5205991,0.10562805400490191,0.10633586019721748,1784967702.5098493,4220.087890625,nan,nan,55.181190490722656,nan
37.883158445358276,1784967702.56594,SMC,circle,circle_smc_tune_base_p01,1784967702.5622764,-0.8128798314735659,-0.6522139903172478,-0.9338454355983941,0.10394076742772938,0.10801628778345926,1784967702.4985855,-0.8141437548159624,-0.6517438555451479,-0.9392616246655788,0.06735444068908691,0,0,1784967702.5606496,-0.8112865911703555,-0.5592103753790895,-1.0413903738071106,1784967702.5606952,-0.06899373210323212,0.056206519888343645,-0.10225568152263022,-0.07299902004744244,0.056936380354332385,-0.1021287491415318,1784967702.5607395,0.10578000613710546,0.10646502794552377,1784967702.5543509,4220.1318359375,nan,nan,44.02225112915039,nan
37.92327642440796,1784967702.606058,SMC,circle,circle_smc_tune_base_p01,1784967702.5622764,-0.8128798314735659,-0.6522139903172478,-0.9338454355983941,0.10394076742772938,0.10801628778345926,1784967702.5768442,-0.8085335249760719,-0.6592287258027211,-0.9325204298536808,0.029213666915893555,0,0,1784967702.60147,-0.8090561006510393,-0.5630032338577804,-1.0369902721454285,1784967702.6015072,-0.06944352913415218,0.05613177573235773,-0.10314483654703444,-0.07759237712221212,0.05691257679903734,-0.10446984229174772,1784967702.601549,0.10575936615943089,0.10643289797284411,1784967702.5543509,4220.1318359375,nan,nan,44.02225112915039,nan
37.96392250061035,1784967702.646704,SMC,circle,circle_smc_tune_base_p01,1784967702.6121776,-0.8092105523200145,-0.6573304835081485,-0.9285487964565174,0.1045598647072027,0.10791075537697405,1784967702.5768442,-0.8085335249760719,-0.6592287258027211,-0.9325204298536808,0.06985974311828613,0,0,1784967702.6410012,-0.8068747325315602,-0.5666760235274625,-1.0327185302783637,1784967702.641039,-0.07119254820371308,0.056172130534063974,-0.10416973382184624,-0.07334298632982134,0.05647619540169349,-0.10019810042468291,1784967702.6410804,0.10570593652694908,0.10640007989040726,1784967702.5543509,4220.1318359375,nan,nan,44.02225112915039,nan
38.00304627418518,1784967702.6858277,SMC,circle,circle_smc_tune_base_p01,1784967702.661998,-0.8060800124419196,-0.6615005414035611,-0.9229442384484232,0.10459701507196544,0.1086938456593819,1784967702.5768442,-0.8085335249760719,-0.6592287258027211,-0.9325204298536808,0.10898351669311523,0,0,1784967702.6806486,-0.8046642980932934,-0.5703616918857203,-1.0284208332111027,1784967702.6806846,-0.07181811591422918,0.05612889064539648,-0.10547659476267945,-0.06906593429946824,0.05605548459533038,-0.09590040335742189,1784967702.6807284,0.10567615513779703,0.1063550765294239,1784967702.6771357,4220.255859375,nan,nan,31.91860008239746,nan
38.043017864227295,1784967702.7257993,SMC,circle,circle_smc_tune_base_p01,1784967702.7121418,-0.8020385344010961,-0.6669642195735722,-0.9171243105568198,0.10648628431471799,0.10996152403950164,1784967702.6958022,-0.7993333014896048,-0.6713720321276037,-0.9188737165766232,0.02999711036682129,0,0,1784967702.7209039,-0.8024147924549545,-0.5740760338295675,-1.0240784097720763,1784967702.7209394,-0.07396866511406336,0.05618712665886519,-0.10695409921525656,-0.07921200666968316,0.05658148876393281,-0.10520469319545311,1784967702.7209787,0.1056076249751822,0.10630776758145362,1784967702.7031825,4220.28173828125,nan,nan,25.927745819091797,nan
38.08323287963867,1784967702.7660143,SMC,circle,circle_smc_tune_base_p01,1784967702.7620366,-0.798914555544677,-0.6710492675384568,-0.9123997412823759,0.10488838767790308,0.10727770520020063,1784967702.6958022,-0.7993333014896048,-0.6713720321276037,-0.9188737165766232,0.07021212577819824,0,0,1784967702.7605119,-0.8001784874731857,-0.5777328794311241,-1.0197919651080751,1784967702.7605436,-0.06970574615128423,0.05573868308171652,-0.10266765455125537,-0.07494830972057338,0.05614050344528867,-0.10091824853145193,1784967702.7605805,0.10575836693662095,0.10643570095101537,1784967702.7529829,4220.33203125,nan,nan,49.97380447387695,nan
38.1233594417572,1784967702.806141,SMC,circle,circle_smc_tune_base_p01,1784967702.7620366,-0.798914555544677,-0.6710492675384568,-0.9123997412823759,0.10488838767790308,0.10727770520020063,1784967702.778021,-0.7938572473348304,-0.6788005168119686,-0.9087474317708041,0.028119802474975586,0,0,1784967702.8008108,-0.7979016855084389,-0.5814201460614756,-1.0154583993961002,1784967702.8008468,-0.07027460735907129,0.05564067651434628,-0.10305865811372428,-0.07929349897190592,0.05667305451831556,-0.10671096762529608,1784967702.8008864,0.1057403781787387,0.10641940061335406,1784967702.8018286,4220.380859375,nan,nan,48.93667984008789,nan
38.16345143318176,1784967702.846233,SMC,circle,circle_smc_tune_base_p01,1784967702.811871,-0.7950602969814615,-0.6761688949503035,-0.9064838543719168,0.10485050584309615,0.10841024898528674,1784967702.778021,-0.7938572473348304,-0.6788005168119686,-0.9087474317708041,0.06821179389953613,0,0,1784967702.84064,-0.7956228968725902,-0.5850752105520387,-1.0111511493732117,1784967702.8406723,-0.07206863131984023,0.05571793459536269,-0.1046672950012949,-0.07500977476018886,0.056223520365000126,-0.10240371760240764,1784967702.8407083,0.10567930962645974,0.10636835465313559,1784967702.8018286,4220.380859375,nan,nan,48.93667984008789,nan
38.20338749885559,1784967702.886169,SMC,circle,circle_smc_tune_base_p01,1784967702.8620598,-0.791806448826347,-0.6803106754541678,-0.9007243706639624,0.1049758106414978,0.10954983027680305,1784967702.778021,-0.7938572473348304,-0.6788005168119686,-0.9087474317708041,0.10814785957336426,0,0,1784967702.8808372,-0.7933119793677692,-0.5887463658084948,-1.0068132062961246,1784967702.8808756,-0.0727009963792214,0.05568531717219785,-0.1060888356321622,-0.07069360849473531,0.05578943581096203,-0.0980657745253205,1784967702.8809164,0.10564798447813042,0.10631988271800119,1784967702.851937,4220.4306640625,nan,nan,49.99641036987305,nan
38.24322557449341,1784967702.926007,SMC,circle,circle_smc_tune_base_p01,1784967702.9122195,-0.7878298075874045,-0.6854896956090925,-0.894617782217297,0.10605624955608,0.11092141446651557,1784967702.897812,-0.7856765616301756,-0.6893599397919762,-0.8950429024004806,0.02819514274597168,0,0,1784967702.921584,-0.7909755403342438,-0.5924225227373552,-1.0024573932696959,1784967702.9216287,-0.07455825018840495,0.05578944012710273,-0.10783961105239881,-0.07894848797133691,0.056498480046523074,-0.10741449086921528,1784967702.9216735,0.10558322373850039,0.10626499430249013,1784967702.9020133,4220.48095703125,nan,nan,50.08384704589844,nan
38.283684492111206,1784967702.966466,SMC,circle,circle_smc_tune_base_p01,1784967702.9618194,-0.7844724676318425,-0.6896593501096508,-0.88863025905889,0.10688283058375846,0.11261561222910797,1784967702.897812,-0.7856765616301756,-0.6893599397919762,-0.8950429024004806,0.06865406036376953,0,0,1784967702.9611866,-0.7886369803318007,-0.5960669566402106,-0.9981271749545721,1784967702.961226,-0.07025219073730203,0.0553326980107225,-0.1035093927372751,-0.07464223473905862,0.05604356856414322,-0.10308427255409158,1784967702.9612696,0.10573589731389592,0.10639411017578158,1784967702.9532754,4220.5322265625,nan,nan,51.25313949584961,nan
38.322986125946045,1784967703.0057676,SMC,circle,circle_smc_tune_base_p01,1784967702.9618194,-0.7844724676318425,-0.6896593501096508,-0.88863025905889,0.10688283058375846,0.11261561222910797,1784967702.975838,-0.7796078308837361,-0.6967878744287619,-0.8898551993612254,0.029929637908935547,0,0,1784967703.0015082,-0.7862911872260665,-0.5996881305043423,-0.9938125864078187,1784967703.0015604,-0.07098311900112221,0.055312972394381314,-0.10518232734892863,-0.07965195413575184,0.055933833451163574,-0.1039573870465933,1784967703.0016375,0.10569953634054262,0.10633768816818176,1784967703.0029466,4220.58154296875,nan,nan,49.454864501953125,nan
38.3629789352417,1784967703.0457604,SMC,circle,circle_smc_tune_base_p01,1784967703.0120351,-0.7805874648437114,-0.6946311473715103,-0.88445192684665,0.10522188091852218,0.10875170655414618,1784967702.975838,-0.7796078308837361,-0.6967878744287619,-0.8898551993612254,0.06992244720458984,0,0,1784967703.0406196,-0.7839627206665114,-0.6032490287037857,-0.9895579677631041,1784967703.0406618,-0.07282920825820031,0.0552990993466904,-0.10510604091645413,-0.07541937847491145,0.05550133399332917,-0.09970276840187874,1784967703.0407095,0.10565609487916562,0.1063397686143412,1784967703.0029466,4220.58154296875,nan,nan,49.454864501953125,nan
38.403061389923096,1784967703.0858428,SMC,circle,circle_smc_tune_base_p01,1784967703.0626163,-0.7772883857445132,-0.6986558255769575,-0.8791958899238714,0.10414425743750223,0.10789514093763973,1784967702.975838,-0.7796078308837361,-0.6967878744287619,-0.8898551993612254,0.11000490188598633,0,0,1784967703.08084,-0.781560922598012,-0.6068877579894306,-0.9851980348636291,1784967703.0808718,-0.07340707705679242,0.05523616422138258,-0.10600214493975767,-0.07108016558553704,0.055076815116547266,-0.09534283550240374,1784967703.080908,0.10563202954297442,0.10630780064272083,1784967703.0544913,4220.6328125,nan,nan,51.41501998901367,nan
38.44299864768982,1784967703.12578,SMC,circle,circle_smc_tune_base_p01,1784967703.1120913,-0.7731198806105695,-0.7038303527836531,-0.8728693228664964,0.10521913352562491,0.11035869034612154,1784967703.0968704,-0.7701125748407655,-0.7085390937090119,-0.8730992390644471,0.028909683227539062,0,0,1784967703.1209378,-0.7791664885060707,-0.6104813179697367,-0.9808798156787539,1784967703.1209812,-0.07540752684576003,0.05535619805168795,-0.1080104928122575,-0.08096072954433861,0.056059441731444754,-0.10778057661430684,1784967703.12103,0.10556085318146317,0.10624485684131435,1784967703.1043959,4220.681640625,nan,nan,48.532936096191406,nan
38.48308062553406,1784967703.165862,SMC,circle,circle_smc_tune_base_p01,1784967703.1618772,-0.769804706023624,-0.7077907597913089,-0.8679237772276103,0.10445519398008313,0.1083870221790667,1784967703.0968704,-0.7701125748407655,-0.7085390937090119,-0.8730992390644471,0.06899166107177734,0,0,1784967703.1605978,-0.7767667656330797,-0.6140493993679682,-0.9765798269321107,1784967703.1606307,-0.07113161269523283,0.05490184916714726,-0.10371050406561422,-0.07668471104465976,0.055606075960828436,-0.10348058786766355,1784967703.160667,0.10571254480060623,0.10637304483671776,1784967703.1600237,4220.73828125,nan,nan,56.567359924316406,nan
38.523193359375,1784967703.2059748,SMC,circle,circle_smc_tune_base_p01,1784967703.1618772,-0.769804706023624,-0.7077907597913089,-0.8679237772276103,0.10445519398008313,0.1083870221790667,1784967703.1758618,-0.7640889726176029,-0.7156233437830002,-0.8645381343488179,0.03011298179626465,0,0,1784967703.2008147,-0.7743395937775006,-0.6176249133637878,-0.9722583118487977,1784967703.2008505,-0.07172690894317638,0.05482422459450627,-0.10433453462118748,-0.08120934118411778,0.05580152778584572,-0.10772017749997986,1784967703.2008905,0.10569125969833293,0.10634965633244396,1784967703.203138,4220.78125,nan,nan,43.222808837890625,nan
38.563536405563354,1784967703.2463179,SMC,circle,circle_smc_tune_base_p01,1784967703.212565,-0.7655322090938971,-0.7129591820613953,-0.8619678988363944,0.10559656052774179,0.10912915547757632,1784967703.1758618,-0.7640889726176029,-0.7156233437830002,-0.8645381343488179,0.07045602798461914,0,0,1784967703.240628,-0.7719086580673966,-0.6211729579750358,-0.9679573703815125,1784967703.2406652,-0.0738279363173403,0.05490724772437414,-0.10598947154511817,-0.07693234767914241,0.0553483219292382,-0.10341923603269464,1784967703.2407072,0.10562207372849464,0.1062972592059752,1784967703.203138,4220.78125,nan,nan,43.222808837890625,nan
38.6032395362854,1784967703.286021,SMC,circle,circle_smc_tune_base_p01,1784967703.2621753,-0.7620965734417706,-0.7169551698021023,-0.8562775179687173,0.1059108731114278,0.11010574200101553,1784967703.1758618,-0.7640889726176029,-0.7156233437830002,-0.8645381343488179,0.11015915870666504,0,0,1784967703.2804253,-0.7694539350165746,-0.6247228222065213,-0.9636414428760196,1784967703.280459,-0.07449405201619005,0.05487779994263293,-0.10736392490730229,-0.07263853203149585,0.05491203245853893,-0.09910330852720171,1784967703.2804956,0.10559028177791903,0.10625046250117769,1784967703.2554915,4220.8330078125,nan,nan,51.7255973815918,nan
38.64348864555359,1784967703.32627,SMC,circle,circle_smc_tune_base_p01,1784967703.3120148,-0.7577819150237433,-0.7220476153944853,-0.8502278649798882,0.10716310237440686,0.11166755384089506,1784967703.2965806,-0.7550192450092413,-0.7260651781759128,-0.8513727026754389,0.029689550399780273,0,0,1784967703.3205593,-0.7669769959263291,-0.6282719260700609,-0.9593134647418647,1784967703.3205962,-0.07653296284052963,0.05496485258714125,-0.10908559976197651,-0.08143825644197539,0.05544653597948993,-0.10794076206642589,1784967703.3206348,0.10552126377250644,0.10619597509417215,1784967703.302811,4220.88134765625,nan,nan,48.353057861328125,nan
38.68318200111389,1784967703.3659635,SMC,circle,circle_smc_tune_base_p01,1784967703.362413,-0.7542079839160748,-0.7261075717543952,-0.8442245030094626,0.10719111180819495,0.11297703383531159,1784967703.2965806,-0.7550192450092413,-0.7260651781759128,-0.8513727026754389,0.06938290596008301,0,0,1784967703.3604796,-0.7644926172696169,-0.6317991153317771,-0.9549991594363834,1784967703.3605118,-0.07224330159135348,0.05450440957741077,-0.10477129445649513,-0.07714807087152932,0.05499100423632644,-0.10362645676094451,1784967703.3605478,0.10567394348753756,0.10632443717069719,1784967703.3598423,4220.93701171875,nan,nan,55.52466583251953,nan
38.72354006767273,1784967703.4063215,SMC,circle,circle_smc_tune_base_p01,1784967703.362413,-0.7542079839160748,-0.7261075717543952,-0.8442245030094626,0.10719111180819495,0.11297703383531159,1784967703.388711,-0.7490796870668771,-0.7328933795289765,-0.8419616631149087,0.017610549926757812,0,0,1784967703.4009624,-0.7619792926976294,-0.6353348109668796,-0.950661190610089,1784967703.40101,-0.07301122666364686,0.054492642826673245,-0.10643668760062641,-0.08136506179589122,0.055351611035859644,-0.1086995274951803,1784967703.4010606,0.10563655437926298,0.10626853184086822,1784967703.4038465,4220.98193359375,nan,nan,45.21133804321289,nan
38.76307678222656,1784967703.4458582,SMC,circle,circle_smc_tune_base_p01,1784967703.4118528,-0.7502885050228186,-0.7306690905493777,-0.8397733068529667,0.10538818168053457,0.10917991980029573,1784967703.388711,-0.7490796870668771,-0.7328933795289765,-0.8419616631149087,0.05714726448059082,0,0,1784967703.440635,-0.7594676807030387,-0.6388359442687298,-0.9463523441363952,1784967703.44067,-0.0744973314780798,0.054476890739251216,-0.10657903728342855,-0.07708065221889887,0.05489339298157466,-0.10439068102148652,1784967703.440709,0.10559925353084357,0.10626326178186075,1784967703.4038465,4220.98193359375,nan,nan,45.21133804321289,nan
38.80315446853638,1784967703.485936,SMC,circle,circle_smc_tune_base_p01,1784967703.4618049,-0.7467551251688325,-0.734603513791261,-0.8343188757084007,0.10558044793942983,0.10917236790301246,1784967703.388711,-0.7490796870668771,-0.7328933795289765,-0.8419616631149087,0.09722495079040527,0,0,1784967703.4809976,-0.7569160632478262,-0.642360521150036,-0.9420010887195257,1784967703.4810333,-0.07516214713532064,0.054430377474923436,-0.10768221301112503,-0.07275211121089217,0.05444940359883318,-0.10003942560461698,1784967703.481074,0.1055705584950089,0.10622493881545994,1784967703.4541237,4221.03173828125,nan,nan,49.64751052856445,nan
38.84341835975647,1784967703.5261998,SMC,circle,circle_smc_tune_base_p01,1784967703.511998,-0.7423597876712398,-0.7395593693529408,-0.8275298953838702,0.10765816132997749,0.11210686814523738,1784967703.4984324,-0.7400034976510423,-0.7431224081104182,-0.8266330400471799,0.027767419815063477,0,0,1784967703.5206347,-0.7543848592078575,-0.6458252828284763,-0.9377102151919988,1784967703.520673,-0.07715017954799878,0.054575920677054225,-0.11018031980812858,-0.08131841718553712,0.05532512245622849,-0.11107717514481896,1784967703.5207167,0.10549351464314079,0.10614652002896419,1784967703.5036669,4221.08154296875,nan,nan,49.906009674072266,nan
38.88346815109253,1784967703.5662496,SMC,circle,circle_smc_tune_base_p01,1784967703.562046,-0.7387239364881383,-0.7435170026742215,-0.8223221912585664,0.10749345836507139,0.11066699873412504,1784967703.4984324,-0.7400034976510423,-0.7431224081104182,-0.8266330400471799,0.06781721115112305,0,0,1784967703.5609903,-0.751801651620656,-0.6493293323712269,-0.9333568998386046,1784967703.561029,-0.07282223319766744,0.05410666059428614,-0.10582700445473438,-0.0769908934341495,0.0548519810209241,-0.10672385979142474,1784967703.561073,0.10564806544448771,0.10627598853798506,1784967703.5552406,4221.13330078125,nan,nan,51.39594650268555,nan
38.923569440841675,1784967703.606351,SMC,circle,circle_smc_tune_base_p01,1784967703.562046,-0.7387239364881383,-0.7435170026742215,-0.8223221912585664,0.10749345836507139,0.11066699873412504,1784967703.5762942,-0.7335910561801403,-0.7497876534741783,-0.8248349672213201,0.03005671501159668,0,0,1784967703.6007802,-0.7492440603835748,-0.6527674436546436,-0.92907181988255,1784967703.6008267,-0.07365392300159526,0.054048636388888384,-0.10674962862398363,-0.08187846667822074,0.054349373027136015,-0.10423685266122994,1784967703.6008763,0.10561753388929526,0.10624330025883015,1784967703.6029475,4221.181640625,nan,nan,48.62345886230469,nan
38.963921785354614,1784967703.6467032,SMC,circle,circle_smc_tune_base_p01,1784967703.6119187,-0.7344053724464864,-0.7483045977181427,-0.8178574492829513,0.10809019789188304,0.10911938915832715,1784967703.5762942,-0.7335910561801403,-0.7497876534741783,-0.8248349672213201,0.07040905952453613,0,0,1784967703.6411345,-0.7466264479727767,-0.6562546606933797,-0.9247114749957703,1784967703.6411777,-0.0755238266831223,0.054024968268568556,-0.10685402571281899,-0.07754081325497587,0.05390514314494877,-0.09987650777445023,1784967703.6412246,0.1055714543105209,0.10623903141852499,1784967703.6029475,4221.181640625,nan,nan,48.62345886230469,nan
39.003087520599365,1784967703.685869,SMC,circle,circle_smc_tune_base_p01,1784967703.6619062,-0.7307874601750677,-0.7521680421114504,-0.8128219190928542,0.10707351068760733,0.10764530924822224,1784967703.5762942,-0.7335910561801403,-0.7497876534741783,-0.8248349672213201,0.10957479476928711,0,0,1784967703.6808083,-0.7440350348497577,-0.6596760448401482,-0.9204194685031555,1784967703.6808472,-0.07627753207320684,0.05396300487201361,-0.10759754941030131,-0.07326929074859573,0.05348635091555395,-0.09558450128183538,1784967703.6808908,0.10554477158044125,0.10621218184872375,1784967703.6562052,4221.23486328125,nan,nan,53.1851921081543,nan
39.043503761291504,1784967703.7262852,SMC,circle,circle_smc_tune_base_p01,1784967703.7118921,-0.72641723683391,-0.7568438121173334,-0.8074196793199551,0.10739927519518748,0.10768297366936165,1784967703.6973436,-0.7240377982590549,-0.7597341686714388,-0.8088195877772281,0.028941631317138672,0,0,1784967703.7210822,-0.741415743787039,-0.6631034937392674,-0.916105755429425,1784967703.721125,-0.078097351736258,0.05397227206841909,-0.1086860761094699,-0.08190657805461368,0.05413679709776017,-0.1072861676521969,1784967703.7211676,0.10548840742711596,0.10617620653196497,1784967703.70449,4221.2822265625,nan,nan,47.358184814453125,nan
39.08347415924072,1784967703.7662556,SMC,circle,circle_smc_tune_base_p01,1784967703.7621663,-0.7225824652373928,-0.7608413144266585,-0.8015372964926128,0.10868807327966593,0.10933010792977133,1784967703.6973436,-0.7240377982590549,-0.7597341686714388,-0.8088195877772281,0.06891202926635742,0,0,1784967703.7604518,-0.7387878727367423,-0.6665116317889812,-0.9118021360446601,1784967703.760485,-0.07381813463579441,0.05351465625794598,-0.10438245672470503,-0.07762672452719975,0.05368517224594463,-0.10298254826743204,1784967703.7605238,0.10564053114505818,0.10630440665110803,1784967703.7580016,4221.33642578125,nan,nan,54.369171142578125,nan
39.12326383590698,1784967703.8060453,SMC,circle,circle_smc_tune_base_p01,1784967703.7621663,-0.7225824652373928,-0.7608413144266585,-0.8015372964926128,0.10868807327966593,0.10933010792977133,1784967703.7773757,-0.7176734044798452,-0.7666671019752106,-0.7996171169303715,0.02866959571838379,0,0,1784967703.8014104,-0.7360828571489932,-0.6699884069893759,-0.9073970132877014,1784967703.8014464,-0.07466203143946062,0.053498527390080916,-0.10585971679508854,-0.08215830054154491,0.05418202343828479,-0.10777989635732987,1784967703.8014927,0.10560353704700991,0.10625462701983308,1784967703.8051054,4221.38330078125,nan,nan,46.454246520996094,nan
39.16350531578064,1784967703.8462868,SMC,circle,circle_smc_tune_base_p01,1784967703.8118315,-0.7182182282602536,-0.7654504776092516,-0.7965456360441959,0.10888736343062619,0.10760790892354385,1784967703.7773757,-0.7176734044798452,-0.7666671019752106,-0.7996171169303715,0.06891107559204102,0,0,1784967703.8406868,-0.7334593480463563,-0.6733304824713492,-0.9031482139636664,1784967703.840723,-0.07651703717664837,0.05351194500528732,-0.10660257791947048,-0.0779331971946837,0.05373394950781321,-0.10353109703329488,1784967703.840765,0.10555051011167917,0.10623031223619389,1784967703.8051054,4221.38330078125,nan,nan,46.454246520996094,nan
39.20340895652771,1784967703.8861904,SMC,circle,circle_smc_tune_base_p01,1784967703.8617547,-0.7144022207183229,-0.7693476500329234,-0.790952104919939,0.10902531236768438,0.10837889988984827,1784967703.7773757,-0.7176734044798452,-0.7666671019752106,-0.7996171169303715,0.10881471633911133,0,0,1784967703.880945,-0.7307566804638184,-0.6767430755691091,-0.8987950273563048,1784967703.8809798,-0.07734393385497104,0.053488236660307165,-0.10784292243636584,-0.07360235443946078,0.05329348981372907,-0.09917791042593327,1784967703.8810198,0.10551632883799889,0.10618817714079805,1784967703.8619394,4221.43896484375,nan,nan,55.79229736328125,nan
39.243573904037476,1784967703.9263554,SMC,circle,circle_smc_tune_base_p01,1784967703.9118643,-0.7099889751885431,-0.7739580718930401,-0.7848904245737436,0.10947059501221236,0.11002692494491653,1784967703.896792,-0.7084869385914054,-0.7765603477996907,-0.7856409852433318,0.029563426971435547,0,0,1784967703.9207633,-0.7280720621666754,-0.6801029055154277,-0.8944943691302918,1784967703.9207985,-0.07912508370687232,0.05361913295465012,-0.1096039445565482,-0.08206768185834995,0.05433701162078371,-0.10885338388695996,1784967703.920838,0.10545294380670568,0.10613383961327007,1784967703.9037817,4221.482421875,nan,nan,43.387046813964844,nan
39.28322792053223,1784967703.9660094,SMC,circle,circle_smc_tune_base_p01,1784967703.962139,-0.7060947635340681,-0.7778483310691128,-0.779357998104207,0.10947059501221236,0.11002692494491653,1784967703.896792,-0.7084869385914054,-0.7765603477996907,-0.7856409852433318,0.06921744346618652,0,0,1784967703.9608996,-0.7253572373097845,-0.683470650407457,-0.8901686311771057,1784967703.960937,-0.07482429235974486,0.053155265031793165,-0.10527820660336207,-0.07776654356164309,0.05387637183311491,-0.10452764593377382,1784967703.9609768,0.10560626053470533,0.10626256861428103,1784967703.962852,4221.5419921875,nan,nan,59.65926742553711,nan
39.323360443115234,1784967704.006142,SMC,circle,circle_smc_tune_base_p01,1784967703.962139,-0.7060947635340681,-0.7778483310691128,-0.779357998104207,0.10947059501221236,0.11002692494491653,1784967703.9788609,-0.7014233241668704,-0.7836702728754691,-0.7704032677969652,0.02728104591369629,0,0,1784967704.0016685,-0.7225797310215918,-0.6868855453143938,-0.8857668043185856,1784967704.0017052,-0.07565755304368396,0.0531217207248199,-0.10640880621437854,-0.08258574386953481,0.05472176851664845,-0.11536353652162035,1784967704.0017478,0.10557336240065614,0.1062237638170147,1784967703.962852,4221.5419921875,nan,nan,59.65926742553711,nan
39.363259077072144,1784967704.0460405,SMC,circle,circle_smc_tune_base_p01,1784967704.0122178,-0.7018225587926753,-0.7821631843415192,-0.7728219210331875,0.10714183360254631,0.10999842769773384,1784967703.9788609,-0.7014233241668704,-0.7836702728754691,-0.7704032677969652,0.06717967987060547,0,0,1784967704.0408561,-0.7198957033975408,-0.6901565642699214,-0.8815355402042055,1784967704.0408936,-0.07717453833542162,0.05325361326353599,-0.10871361917101807,-0.07838158707203507,0.05424361068065034,-0.11113227240724033,1784967704.0409334,0.1055102322410416,0.10615133313641727,1784967704.0063353,4221.58251953125,nan,nan,40.43111801147461,nan
39.40321445465088,1784967704.085996,SMC,circle,circle_smc_tune_base_p01,1784967704.0621376,-0.6980667523242315,-0.7858290386074859,-0.7678577405003272,0.10620424760938472,0.10814683879944997,1784967703.9788609,-0.7014233241668704,-0.7836702728754691,-0.7704032677969652,0.10713505744934082,0,0,1784967704.0814426,-0.7171049533297977,-0.6935279507187107,-0.8771589475680968,1784967704.0814862,-0.07780802592730325,0.053177580090446534,-0.10930120706776958,-0.07403094465921918,0.05376775027728074,-0.10675567977113154,1784967704.0815318,0.10548812467542062,0.10612921243408924,1784967704.0551243,4221.63330078125,nan,nan,50.88915252685547,nan
39.443270444869995,1784967704.126052,SMC,circle,circle_smc_tune_base_p01,1784967704.1122026,-0.6934735753794778,-0.7902874218904727,-0.7623528055537384,0.10687461216771958,0.10793526676455832,1784967704.0985458,-0.6908153433403165,-0.7930375071161597,-0.7628792615136574,0.027506113052368164,0,0,1784967704.120648,-0.7143849103030373,-0.6967852348388248,-0.8729152980853699,1784967704.1207528,-0.0796982933639105,0.0531801179634522,-0.11056249253163153,-0.08354810504031587,0.05328919730614021,-0.11003603657171257,1784967704.1208093,0.10542781361349027,0.10608725418106069,1784967704.104456,4221.6826171875,nan,nan,49.51699447631836,nan
39.48309683799744,1784967704.1658783,SMC,circle,circle_smc_tune_base_p01,1784967704.1618488,-0.6895832731710906,-0.7939927656416218,-0.7566373552527896,0.10747012115767861,0.10918559978631101,1784967704.0985458,-0.6908153433403165,-0.7930375071161597,-0.7628792615136574,0.06733250617980957,0,0,1784967704.1611857,-0.7115642207962514,-0.700133599121045,-0.8685371862460756,1784967704.161232,-0.07534586987513764,0.05270657553185979,-0.10618438069233715,-0.07919543285546901,0.05281794629935023,-0.1056579247324182,1784967704.1612766,0.10558341435983279,0.10621740649465075,1784967704.1557407,4221.73388671875,nan,nan,51.20669937133789,nan
39.52365589141846,1784967704.2064373,SMC,circle,circle_smc_tune_base_p01,1784967704.1618488,-0.6895832731710906,-0.7939927656416218,-0.7566373552527896,0.10747012115767861,0.10918559978631101,1784967704.1814754,-0.6848470642024929,-0.7993407216434248,-0.7486638288576434,0.02496194839477539,0,0,1784967704.2008035,-0.7088000479805192,-0.7033862305830328,-0.8642686630298279,1784967704.200843,-0.07617304039113132,0.05269247144489123,-0.10763130777703822,-0.08286036292798753,0.05399231465654561,-0.11560483417218446,1784967704.2008877,0.10554688778583488,0.1061687054555951,1784967704.204122,4221.7822265625,nan,nan,48.404335021972656,nan
39.56326913833618,1784967704.2460506,SMC,circle,circle_smc_tune_base_p01,1784967704.2119057,-0.6852324172945352,-0.7981676530902058,-0.7505778155731095,0.106137855304672,0.10812067096402406,1784967704.1814754,-0.6848470642024929,-0.7993407216434248,-0.7486638288576434,0.0645751953125,0,0,1784967704.2407744,-0.70598475338702,-0.706670314161753,-0.8599430280734686,1784967704.2408152,-0.0775828828375202,0.052757167995479304,-0.10936521250035902,-0.07856253498110176,0.05350265810428438,-0.11127919921582519,1784967704.2408595,0.10549277383910681,0.10611306518317068,1784967704.204122,4221.7822265625,nan,nan,48.404335021972656,nan
39.60306429862976,1784967704.2858458,SMC,circle,circle_smc_tune_base_p01,1784967704.2632122,-0.6812662275498657,-0.8018634275507401,-0.7451810409652904,0.10591095041108504,0.10759231541792366,1784967704.1814754,-0.6848470642024929,-0.7993407216434248,-0.7486638288576434,0.1043703556060791,0,0,1784967704.280712,-0.7031597033105661,-0.7099370958143566,-0.8556241394092228,1784967704.2807455,-0.07842663587389506,0.05271657740118839,-0.1104430984439324,-0.07426933691465756,0.05303231709763072,-0.1069603105515794,1784967704.280785,0.1054597553802617,0.10607578263190853,1784967704.2549076,4221.8330078125,nan,nan,50.50436782836914,nan
39.64381289482117,1784967704.3265944,SMC,circle,circle_smc_tune_base_p01,1784967704.3119133,-0.676699086179069,-0.8061480472483682,-0.7402279187252305,0.10709082941510643,0.10804927817464555,1784967704.2956176,-0.6743729669494883,-0.8085951582450235,-0.7441805281393136,0.03097677230834961,0,0,1784967704.3209848,-0.7003012429976627,-0.7132137047352429,-0.851275922398725,1784967704.3210201,-0.08010596698820494,0.052696184660001644,-0.11104800367349443,-0.08368241961884108,0.05260370537523914,-0.10709539425941139,1784967704.3210585,0.10541223123275607,0.1060549393662169,1784967704.3051562,4221.8828125,nan,nan,50.094215393066406,nan
39.682961225509644,1784967704.3657427,SMC,circle,circle_smc_tune_base_p01,1784967704.3622754,-0.6726758248995199,-0.8098155893702608,-0.7345863437189882,0.10752422637158614,0.10874035980158099,1784967704.2956176,-0.6743729669494883,-0.8085951582450235,-0.7441805281393136,0.07012510299682617,0,0,1784967704.3608663,-0.697453016403345,-0.716450187513876,-0.8469646297504092,1784967704.3609018,-0.0758202130861623,0.052227645440625525,-0.10673671102517868,-0.07939484724747398,0.0521521096829914,-0.10278410161109564,1784967704.360944,0.10556569156209769,0.10618303114718156,1784967704.3540118,4221.9326171875,nan,nan,49.81313705444336,nan
39.72295331954956,1784967704.4057348,SMC,circle,circle_smc_tune_base_p01,1784967704.3622754,-0.6726758248995199,-0.8098155893702608,-0.7345863437189882,0.10752422637158614,0.10874035980158099,1784967704.3882463,-0.6670436493715968,-0.8154455831322113,-0.7307063095672952,0.017488479614257812,0,0,1784967704.4016001,-0.6945460513434942,-0.7197246182075978,-0.842586002926984,1784967704.401641,-0.07661626916194547,0.05219805733403117,-0.10799965920799581,-0.08436489599692734,0.052928721538976785,-0.11187969335968884,1784967704.401685,0.10553196948943254,0.10613994660420117,1784967704.4054792,4221.98291015625,nan,nan,50.250816345214844,nan
39.762988328933716,1784967704.4457698,SMC,circle,circle_smc_tune_base_p01,1784967704.4118245,-0.6681050142996674,-0.8140019886618383,-0.7287806972704307,0.10804457516368629,0.10977357662848465,1784967704.3882463,-0.6670436493715968,-0.8154455831322113,-0.7307063095672952,0.057523488998413086,0,0,1784967704.4409447,-0.6917057098581041,-0.7228963114313472,-0.8383283973743103,1784967704.4409866,-0.07827859781436125,0.05224651546932006,-0.10954770010387958,-0.0801329098909583,0.052462383401900986,-0.1076220878070151,1784967704.4410317,0.10547392374442173,0.10608996051218135,1784967704.4054792,4221.98291015625,nan,nan,50.250816345214844,nan
39.804001331329346,1784967704.4867828,SMC,circle,circle_smc_tune_base_p01,1784967704.4620245,-0.6643352619654661,-0.8173687905762649,-0.7238254947363104,0.10466468138504444,0.10783186463502838,1784967704.3882463,-0.6670436493715968,-0.8154455831322113,-0.7307063095672952,0.09853649139404297,0,0,1784967704.4809508,-0.6888103342693837,-0.7261016919011607,-0.834008942227521,1784967704.4809954,-0.07878079913205824,0.05217564712552676,-0.11018344749121056,-0.07583745698584254,0.05200768779388122,-0.10330263266022577,1784967704.4810426,0.10545434263006956,0.10606640665447721,1784967704.4570427,4222.0341796875,nan,nan,50.99434280395508,nan
39.84369707107544,1784967704.5264785,SMC,circle,circle_smc_tune_base_p01,1784967704.5122678,-0.6597897412229335,-0.8214646187985833,-0.7181475730977604,0.10289442135263256,0.1080937286639349,1784967704.5066466,-0.6563857322049625,-0.8250156117224531,-0.717639472100648,0.01983189582824707,0,0,1784967704.521502,-0.6859015052886199,-0.7292941371515627,-0.829690027814069,1784967704.521579,-0.0803101706334092,0.05222545741780102,-0.11154245471630853,-0.08518323112118578,0.052702928671054125,-0.11205055571342093,1784967704.5216446,0.10540139936264425,0.10602276675671642,1784967704.5086389,4222.0849609375,nan,nan,51.14931869506836,nan
39.88298749923706,1784967704.565769,SMC,circle,circle_smc_tune_base_p01,1784967704.5622232,-0.655925274803769,-0.8248334446472232,-0.7123846668789579,0.1026822948891984,0.1093668388040731,1784967704.5066466,-0.6563857322049625,-0.8250156117224531,-0.717639472100648,0.059122323989868164,0,0,1784967704.5605094,-0.6829954549866484,-0.7324560717629524,-0.8253954978992131,1784967704.5605447,-0.07604131536235961,0.05175659334461428,-0.10724792480145262,-0.08091461463146703,0.05223189564886349,-0.10775602579856504,1784967704.560588,0.1055544892090536,0.10615028895143871,1784967704.559168,4222.13720703125,nan,nan,52.0673828125,nan
39.92298150062561,1784967704.605763,SMC,circle,circle_smc_tune_base_p01,1784967704.5622232,-0.655925274803769,-0.8248334446472232,-0.7123846668789579,0.1026822948891984,0.1093668388040731,1784967704.5799437,-0.6489359122104719,-0.8312275406884381,-0.7101400670341425,0.02581930160522461,0,0,1784967704.6016347,-0.6799931005618174,-0.7356943686860838,-0.8209795347263003,1784967704.6017847,-0.07647955582840932,0.051729224237511695,-0.1085948678473424,-0.08583164668542999,0.05219256966647519,-0.11083946769215781,1784967704.601858,0.10552830258713661,0.10610447854633898,1784967704.6055925,4222.18310546875,nan,nan,45.68832015991211,nan
39.96344971656799,1784967704.6462312,SMC,circle,circle_smc_tune_base_p01,1784967704.6121368,-0.6510623296134644,-0.8290770234560458,-0.7066333139143127,0.10401407660180882,0.11037467280604271,1784967704.5799437,-0.6489359122104719,-0.8312275406884381,-0.7101400670341425,0.06628751754760742,0,0,1784967704.6415174,-0.6770498346913059,-0.738841286754095,-0.8166707140018128,1784967704.641559,-0.07835283217604168,0.05175589133912854,-0.11003740008750008,-0.08154825308004499,0.051725187025976,-0.10653064696767034,1784967704.6416025,0.10546634711447132,0.10605728304172095,1784967704.6055925,4222.18310546875,nan,nan,45.68832015991211,nan
40.00345230102539,1784967704.6862338,SMC,circle,circle_smc_tune_base_p01,1784967704.6616273,-0.6470728605287034,-0.8324795778184836,-0.70092048397753,0.10488282658794845,0.11124491770559364,1784967704.5799437,-0.6489359122104719,-0.8312275406884381,-0.7101400670341425,0.10629010200500488,0,0,1784967704.6812704,-0.6741001914553211,-0.7419679421592007,-0.8123722959567695,1784967704.6813056,-0.07902850148805018,0.05174291023211705,-0.11145181197923949,-0.07727323374629289,0.0512773266259481,-0.10223222892262707,1784967704.6813488,0.10543324865381455,0.10600970327509592,1784967704.6610982,4222.2392578125,nan,nan,56.184654235839844,nan
40.043001890182495,1784967704.7257833,SMC,circle,circle_smc_tune_base_p01,1784967704.7119832,-0.6421063091013078,-0.8367577053152615,-0.6948702080868814,0.10401225741948612,0.11040721029455314,1784967704.6977556,-0.6380872784560129,-0.8409054282590736,-0.6924010446163653,0.028027772903442383,0,0,1784967704.7215064,-0.6711038144650674,-0.745116756113765,-0.8080256496478697,1784967704.7215438,-0.08095044494437949,0.05182609720188762,-0.11315544156098833,-0.08656359413334949,0.05265268779573684,-0.1156246050315044,1784967704.7215843,0.1053665024515784,0.1059556885213633,1784967704.70644,4222.283203125,nan,nan,44.007957458496094,nan
40.08331346511841,1784967704.766095,SMC,circle,circle_smc_tune_base_p01,1784967704.7617018,-0.6381836544401785,-0.8400286358184269,-0.6895276910653463,0.10329415931719084,0.1098475640401944,1784967704.6977556,-0.6380872784560129,-0.8409054282590736,-0.6924010446163653,0.06833934783935547,0,0,1784967704.7610686,-0.6681483565843642,-0.7481959013414627,-0.8037576414157537,1784967704.7611117,-0.07670871614721139,0.051353229959272,-0.1088874333288723,-0.082323045851929,0.05216934848344613,-0.11135659679938836,1784967704.761159,0.10551937360491292,0.10608219322101332,1784967704.761264,4222.33935546875,nan,nan,56.109886169433594,nan
40.123392820358276,1784967704.8061743,SMC,circle,circle_smc_tune_base_p01,1784967704.7617018,-0.6381836544401785,-0.8400286358184269,-0.6895276910653463,0.10329415931719084,0.1098475640401944,1784967704.7769754,-0.630985239960144,-0.8467850700336543,-0.6869274642005647,0.029198884963989258,0,0,1784967704.800878,-0.6651655500826803,-0.7512770450171347,-0.7994692140628479,1784967704.8009207,-0.0772791410717613,0.051310836257399794,-0.1099415229975016,-0.08699595167956084,0.05217068941461689,-0.11254174986228316,1784967704.8009725,0.10549325231670542,0.10604564377532993,1784967704.8050444,4222.3828125,nan,nan,43.78533172607422,nan
40.16340780258179,1784967704.8461893,SMC,circle,circle_smc_tune_base_p01,1784967704.8119001,-0.6331761523839159,-0.8442573290981001,-0.6835734730793086,0.10402421551302797,0.11108309304617012,1784967704.7769754,-0.630985239960144,-0.8467850700336543,-0.6869274642005647,0.0692138671875,0,0,1784967704.8408978,-0.6621326705814281,-0.7543829829367102,-0.7951281038333556,1784967704.8409405,-0.07921231895804863,0.051393448700671605,-0.11155463075404702,-0.08268125927675044,0.051692528460017484,-0.10820063963279092,1784967704.840986,0.10542760141919066,0.10599462726488748,1784967704.8050444,4222.3828125,nan,nan,43.78533172607422,nan
40.2031683921814,1784967704.8859499,SMC,circle,circle_smc_tune_base_p01,1784967704.862796,-0.6290748058541948,-0.8475982401072685,-0.6779246424471423,0.10402421551302797,0.11108309304617012,1784967704.7769754,-0.630985239960144,-0.8467850700336543,-0.6869274642005647,0.10897445678710938,0,0,1784967704.8808692,-0.6591037571768403,-0.7574581156621537,-0.7908117643405579,1784967704.880909,-0.07992272652481419,0.05137448527584827,-0.11288712189341554,-0.07838916901310759,0.05123567086696782,-0.10388430013999318,1784967704.8809555,0.10539443591525063,0.10594957877941442,1784967704.8640316,4222.4423828125,nan,nan,59.325653076171875,nan
40.2433660030365,1784967704.9261475,SMC,circle,circle_smc_tune_base_p01,1784967704.9127917,-0.6240412948625422,-0.8517507256961766,-0.6718687118295675,0.10437765312646304,0.11206988318867704,1784967704.8968556,-0.6203846016504627,-0.8554228448777766,-0.67238785590342,0.029291868209838867,0,0,1784967704.9209566,-0.6560623625845707,-0.7605193804121572,-0.7864965063144347,1784967704.9210007,-0.08184852210525241,0.051471609354834816,-0.11462779448486717,-0.0870231981986258,0.05202435168391005,-0.1141086504110147,1784967704.9210474,0.1053268773535498,0.10589479382899893,1784967704.9062715,4222.484375,nan,nan,41.793155670166016,nan
40.28346633911133,1784967704.9662478,SMC,circle,circle_smc_tune_base_p01,1784967704.9618917,-0.6199988064658117,-0.8549644417535153,-0.6665337203328909,0.1047249904971964,0.11146708229093497,1784967704.8968556,-0.6203846016504627,-0.8554228448777766,-0.67238785590342,0.06939220428466797,0,0,1784967704.9612508,-0.6529762768031451,-0.7635987982309822,-0.7821368309070256,1784967704.961291,-0.07751638414894213,0.050982405633762926,-0.11026811907745804,-0.0826908068588927,0.051537397032407034,-0.10974897500360559,1784967704.9613352,0.105483682666377,0.10602380955187683,1784967704.9551055,4222.533203125,nan,nan,48.9743537902832,nan
40.32335662841797,1784967705.006138,SMC,circle,circle_smc_tune_base_p01,1784967704.9618917,-0.6199988064658117,-0.8549644417535153,-0.6665337203328909,0.1047249904971964,0.11146708229093497,1784967704.9787855,-0.6129410274043303,-0.8611371290728543,-0.6667938601963386,0.027352571487426758,0,0,1784967705.001519,-0.6498997818864944,-0.7666420927298581,-0.7778094192554141,1784967705.0015898,-0.07810789871682272,0.05093193326595366,-0.1112756989225232,-0.0874848294275664,0.051397140449315724,-0.11101555905907556,1784967705.0016496,0.10545745690686373,0.10598854114478101,1784967705.005091,4222.583984375,nan,nan,50.72316360473633,nan
40.363985538482666,1784967705.046767,SMC,circle,circle_smc_tune_base_p01,1784967705.0121036,-0.6148363305738762,-0.8591247728363919,-0.6612539894683499,0.10647697988091513,0.11158087127883702,1784967704.9787855,-0.6129410274043303,-0.8611371290728543,-0.6667938601963386,0.06798148155212402,0,0,1784967705.0408297,-0.6468534945088555,-0.7696297156418722,-0.7735425954867987,1784967705.0408757,-0.08022821688617772,0.05096957194203339,-0.11228860601844881,-0.08324327618380066,0.05093347728293915,-0.10674873529046014,1784967705.040924,0.1053943664283174,0.10595603219745282,1784967705.005091,4222.583984375,nan,nan,50.72316360473633,nan
40.403321743011475,1784967705.0861032,SMC,circle,circle_smc_tune_base_p01,1784967705.062057,-0.6105945898204402,-0.862418662335961,-0.6554713636929825,0.10699520502302355,0.11233050172969258,1784967704.9787855,-0.6129410274043303,-0.8611371290728543,-0.6667938601963386,0.10731768608093262,0,0,1784967705.0811844,-0.6437253917254002,-0.7726712096961063,-0.7691795984317447,1784967705.0812228,-0.08096883097793736,0.050953937043911324,-0.11370823473876213,-0.07890411401810267,0.0504780820638414,-0.10238573823540609,1784967705.0812647,0.10535930363057837,0.1059081900768383,1784967705.0560534,4222.63427734375,nan,nan,50.228004455566406,nan
40.44330549240112,1784967705.126087,SMC,circle,circle_smc_tune_base_p01,1784967705.1125317,-0.605534297285667,-0.8664602029018852,-0.6508261386639872,0.1061127465781534,0.10886137307110484,1784967705.098055,-0.6021216540107802,-0.8699146046717302,-0.6517803550165743,0.02803206443786621,0,0,1784967705.120915,-0.6406394285801393,-0.7756458769511542,-0.7648933597613959,1784967705.1209536,-0.08294836841263098,0.05098215588586073,-0.11406722109740874,-0.0878054970649166,0.051579130169236015,-0.11311300474482165,1784967705.1209962,0.10530738878389778,0.10589716449294839,1784967705.1072726,4222.68505859375,nan,nan,50.917179107666016,nan
40.48327946662903,1784967705.166061,SMC,circle,circle_smc_tune_base_p01,1784967705.162011,-0.6013307670708529,-0.869656925527515,-0.6454002492655384,0.10638241402707382,0.10899403865167785,1784967705.098055,-0.6021216540107802,-0.8699146046717302,-0.6517803550165743,0.06800603866577148,0,0,1784967705.1606255,-0.6375199451089049,-0.7786270812656317,-0.7605784107257512,1784967705.1606596,-0.07866041427689217,0.05050027870050615,-0.10975227206176395,-0.08351708506631018,0.05110134483859749,-0.10879805570917689,1784967705.1606998,0.1054623424191738,0.10602493355462474,1784967705.1552494,4222.7333984375,nan,nan,48.42786407470703,nan
40.52364110946655,1784967705.2064226,SMC,circle,circle_smc_tune_base_p01,1784967705.162011,-0.6013307670708529,-0.869656925527515,-0.6454002492655384,0.10638241402707382,0.10899403865167785,1784967705.1779532,-0.5943943552482684,-0.8755571796744295,-0.6419697596714745,0.028469324111938477,0,0,1784967705.2007818,-0.6343909983848572,-0.7815916169714104,-0.7562680965472846,1784967705.20082,-0.07938335424223503,0.050465439013935014,-0.11086784728174616,-0.08829818256784,0.051309739733378414,-0.11429833687581002,1784967705.2008662,0.10543172840763446,0.10598658639107296,1784967705.2050138,4222.783203125,nan,nan,49.89327621459961,nan
40.563427686691284,1784967705.2462091,SMC,circle,circle_smc_tune_base_p01,1784967705.2118816,-0.5961451393427597,-0.8736323060495507,-0.6391480899882996,0.10702476573428693,0.11117309622327994,1784967705.1779532,-0.5943943552482684,-0.8755571796744295,-0.6419697596714745,0.06825590133666992,0,0,1784967705.240929,-0.6312259828862627,-0.784564447815639,-0.7519258533527043,1784967705.2409682,-0.08128607154654796,0.05056009816673026,-0.1127777633644047,-0.08398321062967498,0.05082387606156427,-0.10995609368122983,1784967705.241011,0.1053630454413828,0.10592607782674418,1784967705.2050138,4222.783203125,nan,nan,49.89327621459961,nan
40.60382890701294,1784967705.2866104,SMC,circle,circle_smc_tune_base_p01,1784967705.262165,-0.5918916487494883,-0.876784328169343,-0.6332872076145725,0.10626501444539775,0.11214273162504305,1784967705.1779532,-0.5943943552482684,-0.8755571796744295,-0.6419697596714745,0.1086571216583252,0,0,1784967705.2809682,-0.6280719748482999,-0.787501361829072,-0.747616182904401,1784967705.2810073,-0.08200192891105769,0.05055835964506912,-0.11432897528982855,-0.07969856083570623,0.050360187837779416,-0.1056464232329265,1784967705.2811208,0.10532688202648541,0.10587431281184136,1784967705.2551048,4222.833984375,nan,nan,50.591522216796875,nan
40.64358949661255,1784967705.326371,SMC,circle,circle_smc_tune_base_p01,1784967705.3122315,-0.586856887302176,-0.8805801310906848,-0.6277025286397999,0.10569915610697794,0.11220133816412431,1784967705.3003023,-0.5836980079485027,-0.8835067206315091,-0.629052732921626,0.026068687438964844,0,0,1784967705.3213625,-0.6249149124715059,-0.7904158561088546,-0.7433195158054019,1784967705.3214562,-0.08375565036970718,0.050626088076561965,-0.11561698716560198,-0.08810009678094916,0.05102073326816252,-0.1142667828837759,1784967705.3215227,0.10526883457570076,0.105833636697032,1784967705.3103366,4222.8857421875,nan,nan,52.04182434082031,nan
40.68337845802307,1784967705.36616,SMC,circle,circle_smc_tune_base_p01,1784967705.361923,-0.5828525505498354,-0.8834924889827774,-0.6229754989540608,0.10279656827994421,0.10917403936579467,1784967705.3003023,-0.5836980079485027,-0.8835067206315091,-0.629052732921626,0.0658576488494873,0,0,1784967705.361323,-0.6216700057288536,-0.7933854189052523,-0.7389209075976988,1784967705.3613644,-0.0793853062754694,0.050128277401484754,-0.11121837895789889,-0.08372908452449136,0.05052882390236868,-0.1098681746760728,1784967705.3614094,0.10542748638687084,0.10596366328145286,1784967705.356658,4222.93505859375,nan,nan,49.06423568725586,nan
40.72332262992859,1784967705.406104,SMC,circle,circle_smc_tune_base_p01,1784967705.361923,-0.5828525505498354,-0.8834924889827774,-0.6229754989540608,0.10279656827994421,0.10917403936579467,1784967705.3884225,-0.5763713413997524,-0.8886661016921278,-0.6204796903721012,0.017681598663330078,0,0,1784967705.4012368,-0.6184840328297623,-0.7962756829790086,-0.7346192709018375,1784967705.401575,-0.07982498403146997,0.05004343816465198,-0.11164377194777675,-0.08798101654564978,0.05068341915319842,-0.1141395805297364,1784967705.401691,0.10541182529290025,0.10594665554056251,1784967705.356658,4222.93505859375,nan,nan,49.06423568725586,nan
40.763463258743286,1784967705.4462447,SMC,circle,circle_smc_tune_base_p01,1784967705.411654,-0.5779971721183982,-0.8870534996158465,-0.6177318136537874,0.10308043042534934,0.10876374207610767,1784967705.3884225,-0.5763713413997524,-0.8886661016921278,-0.6204796903721012,0.057822227478027344,0,0,1784967705.4416325,-0.6152619278668234,-0.7991734635936469,-0.7302857824374815,1784967705.4416852,-0.08127704553423779,0.0500560148381622,-0.11255396878369417,-0.08367466953580989,0.050199199870629416,-0.10980609206538039,1784967705.4417422,0.10536597942141887,0.10591673486848227,1784967705.410275,4222.9892578125,nan,nan,54.080631256103516,nan
40.803250789642334,1784967705.4860322,SMC,circle,circle_smc_tune_base_p01,1784967705.4620388,-0.5735722370961568,-0.890191066204089,-0.6119367730367781,0.10531649252891533,0.10990769417283647,1784967705.3884225,-0.5763713413997524,-0.8886661016921278,-0.6204796903721012,0.0976097583770752,0,0,1784967705.481374,-0.6120541010116167,-0.8020334593759525,-0.7259881368686341,1784967705.4814196,-0.0821413054270845,0.050054204966283364,-0.11405136383185599,-0.07940190825452473,0.04973742065829807,-0.1055084464965329,1784967705.4814675,0.10532695320848473,0.10586676137114757,1784967705.4550703,4223.03369140625,nan,nan,44.650577545166016,nan
40.84348511695862,1784967705.5262666,SMC,circle,circle_smc_tune_base_p01,1784967705.5125036,-0.5681958327236147,-0.8940037564254738,-0.6067779723548188,0.10718860264576499,0.1084186125023232,1784967705.499049,-0.5648726098428188,-0.8965324463280228,-0.607760167476166,0.027217626571655273,0,0,1784967705.5212543,-0.6088096181761276,-0.8049011105920997,-0.7216579958011293,1784967705.5212936,-0.0841722286684071,0.0500379554366866,-0.11488002344631054,-0.08839342359916491,0.0501334723956888,-0.11389782832496333,1784967705.521339,0.10526798927224786,0.10583859773301253,1784967705.505453,4223.083984375,nan,nan,50.32472229003906,nan
40.883662939071655,1784967705.5664444,SMC,circle,circle_smc_tune_base_p01,1784967705.562153,-0.5636352456497168,-0.8971634239092662,-0.6010759826537909,0.10933957928709093,0.10955141950689785,1784967705.499049,-0.5648726098428188,-0.8965324463280228,-0.607760167476166,0.06739544868469238,0,0,1784967705.5607584,-0.6055972982114355,-0.8077158205507672,-0.7173869749118469,1784967705.5608573,-0.07992832743045912,0.04955744113978692,-0.11060900255702812,-0.08414905244955567,0.0496571266689881,-0.10962680743568087,1784967705.5609255,0.10542173844602377,0.10596494795275863,1784967705.5554492,4223.1337890625,nan,nan,49.812461853027344,nan
40.923293590545654,1784967705.606075,SMC,circle,circle_smc_tune_base_p01,1784967705.562153,-0.5636352456497168,-0.8971634239092662,-0.6010759826537909,0.10933957928709093,0.10955141950689785,1784967705.578758,-0.5577251698962788,-0.9014118509840514,-0.5983017079924894,0.027317047119140625,0,0,1784967705.601091,-0.602317831458943,-0.8105644879279066,-0.7130430322696351,1784967705.6011364,-0.08087690883169658,0.04954436169556742,-0.11196704961584415,-0.08801548846844623,0.049950201492667705,-0.11474132427714567,1784967705.6011868,0.10538268365257886,0.10591924373599078,1784967705.6056929,4223.1845703125,nan,nan,50.48629379272461,nan
40.96351456642151,1784967705.646296,SMC,circle,circle_smc_tune_base_p01,1784967705.6122773,-0.5582533597243013,-0.9008654652529393,-0.5948836189436542,0.1113050359599007,0.11170796581186886,1784967705.578758,-0.5577251698962788,-0.9014118509840514,-0.5983017079924894,0.06753802299499512,0,0,1784967705.6410096,-0.5990481504700274,-0.8133799113902875,-0.7087282377292301,1784967705.641052,-0.0828147922107539,0.04959483115942802,-0.11384461878557596,-0.08372801369611989,0.04946545091921077,-0.11042652973674072,1784967705.6410964,0.10531332830708968,0.10585834041246174,1784967705.6056929,4223.1845703125,nan,nan,50.48629379272461,nan
41.0031623840332,1784967705.6859438,SMC,circle,circle_smc_tune_base_p01,1784967705.6621082,-0.5538154665625757,-0.9038741261255828,-0.5900082906816158,0.10958398743402682,0.10926844694432719,1784967705.578758,-0.5577251698962788,-0.9014118509840514,-0.5983017079924894,0.10718584060668945,0,0,1784967705.6812007,-0.5957421004964627,-0.8162018104169098,-0.7043816171695376,1784967705.6812458,-0.08361641550829257,0.049523455375124745,-0.11437332648792187,-0.0794068401767616,0.04899583409694505,-0.10607990917704824,1784967705.6812932,0.10528758780714449,0.10583833762957343,1784967705.6564543,4223.23486328125,nan,nan,50.59224319458008,nan
41.04315972328186,1784967705.7259412,SMC,circle,circle_smc_tune_base_p01,1784967705.7121742,-0.5486640866303646,-0.907349874320269,-0.5843074604586811,0.10854199876254138,0.10948664819170298,1784967705.6995935,-0.5462213070502481,-0.9092250427604817,-0.5847083440966501,0.026347637176513672,0,0,1784967705.7207572,-0.592481102648893,-0.8189610537700688,-0.7001099010516791,1784967705.7207997,-0.08530473015984374,0.049554187546359,-0.11580244059299805,-0.08839656780524272,0.04973533148118055,-0.11540155695502907,1784967705.7209096,0.1052293442823771,0.10579172489844536,1784967705.7053525,4223.2841796875,nan,nan,49.130027770996094,nan
41.08355355262756,1784967705.766335,SMC,circle,circle_smc_tune_base_p01,1784967705.761894,-0.5443359986318329,-0.9102011695412819,-0.5784663813870884,0.10649227511786595,0.11090035193717489,1784967705.6995935,-0.5462213070502481,-0.9092250427604817,-0.5847083440966501,0.0667414665222168,0,0,1784967705.7608323,-0.5891640382939716,-0.8217433470793911,-0.6957804552127506,1784967705.7608724,-0.08100321182732692,0.04906325778680904,-0.11147299475406947,-0.08409485301266673,0.04924612616935041,-0.11107211111610049,1784967705.7609167,0.10538560113638891,0.10591967543442465,1784967705.7563353,4223.3349609375,nan,nan,50.91627883911133,nan
41.123610496520996,1784967705.806392,SMC,circle,circle_smc_tune_base_p01,1784967705.761894,-0.5443359986318329,-0.9102011695412819,-0.5784663813870884,0.10649227511786595,0.11090035193717489,1784967705.777895,-0.5383483381413895,-0.9145384110009336,-0.5728590404300505,0.028496980667114258,0,0,1784967705.8017824,-0.5858034604938789,-0.8245373262349326,-0.6914101196338323,1784967705.8018649,-0.08155668460929485,0.049054578163867824,-0.11294373824674386,-0.08866304159964503,0.04991040924342584,-0.11855107920378172,1784967705.801958,0.10535453195856978,0.1058703613305708,1784967705.7563353,4223.3349609375,nan,nan,50.91627883911133,nan
41.163779497146606,1784967705.846561,SMC,circle,circle_smc_tune_base_p01,1784967705.811778,-0.5393190705960805,-0.9134940689139945,-0.5715279716837867,0.10442677200734665,0.11408322300472351,1784967705.777895,-0.5383483381413895,-0.9145384110009336,-0.5728590404300505,0.06866598129272461,0,0,1784967705.8408954,-0.5825033634254035,-0.8272569786266818,-0.6871337686587957,1784967705.8409421,-0.08296842734069393,0.0491727460388663,-0.11560579697500906,-0.08441563762930687,0.04941371083788947,-0.11427472822874518,1784967705.840993,0.10528786733841251,0.10578556496879524,1784967705.8069866,4223.3857421875,nan,nan,50.7419319152832,nan
41.20315718650818,1784967705.8859386,SMC,circle,circle_smc_tune_base_p01,1784967705.8620307,-0.5350612798909711,-0.9162199702755128,-0.5653159099471146,0.10262787650568646,0.11577400688089297,1784967705.777895,-0.5383483381413895,-0.9145384110009336,-0.5728590404300505,0.10804367065429688,0,0,1784967705.8817525,-0.5790899655105768,-0.8300452060597157,-0.6827263284732485,1784967705.8817945,-0.08334099898634056,0.049182243065938866,-0.11741041852613399,-0.08003585055882304,0.04892079830965669,-0.10986728804319801,1784967705.8819058,0.10525626963065918,0.10572572748466016,1784967705.8556466,4223.43408203125,nan,nan,48.546146392822266,nan
41.24412679672241,1784967705.9269083,SMC,circle,circle_smc_tune_base_p01,1784967705.9130464,-0.5298023989848328,-0.919638032695395,-0.5601340607608689,0.10232862149407154,0.11345975050260383,1784967705.9000583,-0.5263746328134307,-0.9222379464312361,-0.5615227751233154,0.026849985122680664,0,0,1784967705.9214242,-0.5757648727493472,-0.8327373109050585,-0.6784480463077218,1784967705.921465,-0.0851090015097893,0.04920103966626939,-0.11831398554685292,-0.08946305305493626,0.04945828240655699,-0.11692527118440643,1784967705.9215088,0.10520236257003449,0.10569623513731388,1784967705.9069636,4223.48583984375,nan,nan,51.404998779296875,nan
41.283644914627075,1784967705.9664264,SMC,circle,circle_smc_tune_base_p01,1784967705.962145,-0.525392659519777,-0.9224050901251011,-0.5547513417207823,0.10403610944918217,0.1127786483333673,1784967705.9000583,-0.5263746328134307,-0.9222379464312361,-0.5615227751233154,0.06636810302734375,0,0,1784967705.9610493,-0.5724229822481184,-0.8354194089664567,-0.6741629663516664,1784967705.9610898,-0.08085280760632932,0.04870435506885435,-0.11402890559079748,-0.08520617350275697,0.048967508923780136,-0.112640191228351,1784967705.9611342,0.10535815316023836,0.1058225149826019,1784967705.956542,4223.53515625,nan,nan,49.31024932861328,nan
41.323742151260376,1784967706.0065236,SMC,circle,circle_smc_tune_base_p01,1784967705.962145,-0.525392659519777,-0.9224050901251011,-0.5547513417207823,0.10403610944918217,0.1127786483333673,1784967705.977686,-0.5186502691228977,-0.9275269180036616,-0.5491053719560901,0.02883768081665039,0,0,1784967706.0008454,-0.5690545715297244,-0.8380990886589392,-0.6698586774875308,1784967706.0008864,-0.0815206625375058,0.04866462804772037,-0.11510733576674848,-0.08966901590081361,0.0499739727238816,-0.1207533055314407,1784967706.0009308,0.10532881001324654,0.10578524307603239,1784967705.956542,4223.53515625,nan,nan,49.31024932861328,nan
41.36362385749817,1784967706.0464053,SMC,circle,circle_smc_tune_base_p01,1784967706.012064,-0.5198967398193071,-0.9259084277419906,-0.5483072553784006,0.10663377753257106,0.11371534039149697,1784967705.977686,-0.5186502691228977,-0.9275269180036616,-0.5491053719560901,0.06871938705444336,0,0,1784967706.0407515,-0.5656729363710187,-0.8407655964596997,-0.6655521999408391,1784967706.0407948,-0.08344591252577585,0.04880104068814661,-0.1172449445624385,-0.08539279357789899,0.04946442111401474,-0.11644682798474905,1784967706.0408378,0.10525584368343546,0.1057185365375236,1784967706.0072553,4223.5859375,nan,nan,51.08182907104492,nan
41.4033739566803,1784967706.0861554,SMC,circle,circle_smc_tune_base_p01,1784967706.0627172,-0.5151059114556892,-0.9288377082041188,-0.5428555933801186,0.10857528792464977,0.11260734695473712,1784967705.977686,-0.5186502691228977,-0.9275269180036616,-0.5491053719560901,0.10846948623657227,0,0,1784967706.080952,-0.5622529833216383,-0.8434384204437415,-0.6612116819430975,1784967706.0809948,-0.08448490233123307,0.048766648578661934,-0.11835608856297897,-0.08108058983906022,0.048969480890977704,-0.11210630998700744,1784967706.0810409,0.10521680412096307,0.10568035200052277,1784967706.057334,4223.634765625,nan,nan,48.866539001464844,nan
41.443769693374634,1784967706.1265512,SMC,circle,circle_smc_tune_base_p01,1784967706.112017,-0.5095124244229065,-0.9322612189258654,-0.537491276091883,0.11029298347792728,0.11244136364340684,1784967706.0974488,-0.5064783328933282,-0.9343311948731567,-0.5398045162230112,0.029102325439453125,0,0,1784967706.1213868,-0.558840261385734,-0.8460818775927127,-0.656894904713788,1784967706.121426,-0.08649473019394274,0.04877269749280218,-0.11940362862190501,-0.09027389521884799,0.048788701539646914,-0.1170903884907768,1784967706.121472,0.10515515051652027,0.1056456356290299,1784967706.1120713,4223.689453125,nan,nan,54.60335922241211,nan
41.48318314552307,1784967706.1659646,SMC,circle,circle_smc_tune_base_p01,1784967706.1625206,-0.5048684212545447,-0.9350268396035658,-0.5319902241056885,0.10879750188982916,0.11183941082023473,1784967706.0974488,-0.5064783328933282,-0.9343311948731567,-0.5398045162230112,0.06851577758789062,0,0,1784967706.160914,-0.5554062377523146,-0.8487181615302147,-0.6525656391193062,1784967706.1609573,-0.0821951867325433,0.04826630106948208,-0.11507436302742324,-0.08597319184555977,0.04829225233882032,-0.11276112289629503,1784967706.1610138,0.10531303037331242,0.10577306460140196,1784967706.1574023,4223.7353515625,nan,nan,45.65654373168945,nan
41.523488998413086,1784967706.2062705,SMC,circle,circle_smc_tune_base_p01,1784967706.1625206,-0.5048684212545447,-0.9350268396035658,-0.5319902241056885,0.10879750188982916,0.11183941082023473,1784967706.1764789,-0.49921983822441746,-0.9389008413688793,-0.5277324058817424,0.029791593551635742,0,0,1784967706.2009943,-0.5519633168025955,-0.8513376728304809,-0.6482394891788152,1784967706.2010334,-0.0830376346174708,0.04823439705221212,-0.11624926507312673,-0.08966246186965227,0.04908997808599878,-0.12050708329707283,1784967706.2010767,0.10527816806475249,0.10573283773263618,1784967706.1574023,4223.7353515625,nan,nan,45.65654373168945,nan
41.563230991363525,1784967706.2460124,SMC,circle,circle_smc_tune_base_p01,1784967706.2119207,-0.4995017319180217,-0.9382381038507637,-0.5258756442453276,0.10927321980913854,0.11257759673732079,1784967706.1764789,-0.49921983822441746,-0.9389008413688793,-0.5277324058817424,0.0695335865020752,0,0,1784967706.2410574,-0.5485149646949692,-0.8539378595165459,-0.6439206777621893,1784967706.2410996,-0.0847070345723414,0.04830679533995415,-0.11804503351686169,-0.08537386351055798,0.04858004948812057,-0.11618827188044689,1784967706.241147,0.10521543453045348,0.10567539206076974,1784967706.2142115,4223.79296875,nan,nan,57.96234130859375,nan
41.60339307785034,1784967706.2861745,SMC,circle,circle_smc_tune_base_p01,1784967706.2622614,-0.49494151776120066,-0.9408737367600332,-0.5199642115955502,0.1074972166994082,0.11342399005447,1784967706.1764789,-0.49921983822441746,-0.9389008413688793,-0.5277324058817424,0.1096956729888916,0,0,1784967706.2819736,-0.5449790550360138,-0.8565799297207496,-0.6395066972781802,1784967706.2820208,-0.08530572476663752,0.048292177044972615,-0.11954248568263004,-0.08098852818474714,0.04807802741646419,-0.1117742913964378,1784967706.282072,0.10518189922092316,0.10562498971207808,1784967706.2562096,4223.8349609375,nan,nan,41.81459426879883,nan
41.64335751533508,1784967706.326139,SMC,circle,circle_smc_tune_base_p01,1784967706.3119445,-0.4905464679479556,-0.9434024520541348,-0.5153285767020314,0.1051028747710175,0.11016425253695511,1784967706.3092136,-0.48674244034002195,-0.9462495614862302,-0.5129531424296863,0.016925334930419922,0,0,1784967706.3217497,-0.5415502029920636,-0.8591188889797029,-0.635240156750837,1784967706.321795,-0.08591661413467289,0.048202027017595725,-0.11991158004880564,-0.0905135426639202,0.04901982795552161,-0.12228701432115074,1784967706.3218405,0.10516247668817601,0.10560968156562633,1784967706.3065224,4223.88525390625,nan,nan,50.03003692626953,nan
41.683101415634155,1784967706.3658829,SMC,circle,circle_smc_tune_base_p01,1784967706.3624625,-0.48529537381838767,-0.9464578263024409,-0.5093173358759169,0.10499229690326323,0.11047377389367395,1784967706.3092136,-0.48674244034002195,-0.9462495614862302,-0.5129531424296863,0.05666923522949219,0,0,1784967706.36132,-0.5380922115489033,-0.8616565934391365,-0.6309509054233219,1784967706.3613706,-0.08165707564404831,0.047698062146511996,-0.11562232872129054,-0.08625521332521427,0.04850574626209615,-0.11799776299363561,1784967706.3614378,0.10531913381802802,0.10573585778084071,1784967706.3583126,4223.93603515625,nan,nan,51.15039825439453,nan
41.72484993934631,1784967706.4076314,SMC,circle,circle_smc_tune_base_p01,1784967706.3624625,-0.48529537381838767,-0.9464578263024409,-0.5093173358759169,0.10499229690326323,0.11047377389367395,1784967706.3973455,-0.47792918898043424,-0.9512760346422645,-0.5044044158586326,0.01028585433959961,0,0,1784967706.4012246,-0.5346060351325594,-0.8641919907090782,-0.6266402565051703,1784967706.401271,-0.08316331862983355,0.0477814970421389,-0.11732292062925341,-0.09170496079515475,0.0488476791983809,-0.1222358406465377,1784967706.401324,0.10526164050306731,0.10568195254709618,1784967706.3583126,4223.93603515625,nan,nan,51.15039825439453,nan
41.763813734054565,1784967706.4465952,SMC,circle,circle_smc_tune_base_p01,1784967706.4121265,-0.479982699039256,-0.9495113729235594,-0.5033462403828844,0.10615201626125052,0.11186949144477079,1784967706.3973455,-0.47792918898043424,-0.9512760346422645,-0.5044044158586326,0.04924964904785156,0,0,1784967706.4413784,-0.5311146735728469,-0.8667082390438534,-0.6223366371204044,1784967706.4415472,-0.08473112269693635,0.04786934976079177,-0.11899039673751999,-0.087432336909255,0.04833212478560127,-0.11793222126177183,1784967706.441767,0.10520278415715793,0.10562929843410906,1784967706.4093735,4223.98779296875,nan,nan,51.58443069458008,nan
41.80321741104126,1784967706.4859989,SMC,circle,circle_smc_tune_base_p01,1784967706.462173,-0.47528921296042376,-0.9520910242250049,-0.49750224238336305,0.10661386155170129,0.11276745426002154,1784967706.3973455,-0.47792918898043424,-0.9512760346422645,-0.5044044158586326,0.0886533260345459,0,0,1784967706.4812179,-0.5275770483249567,-0.8692346525654253,-0.6179895015765811,1784967706.4812634,-0.08549108007640499,0.047858868342958064,-0.12048725919321801,-0.08311429820712996,0.04783002973141108,-0.11358508571794845,1784967706.4813108,0.10516523428772745,0.10557905363832466,1784967706.4578001,4224.0361328125,nan,nan,48.453125,nan
41.84322381019592,1784967706.5260053,SMC,circle,circle_smc_tune_base_p01,1784967706.511795,-0.4697644907909205,-0.9552007876646932,-0.4918421868553129,0.10597540219283291,0.1128714485455408,1784967706.5100708,-0.4651181633066378,-0.9583800343858879,-0.4916859917837825,0.015934467315673828,0,0,1784967706.5209744,-0.5240772700372962,-0.8717112917606316,-0.6137020526935244,1784967706.521026,-0.08730273742155566,0.04794377910097171,-0.12185986583821151,-0.09289212578242537,0.048566451201855,-0.12201606090974193,1784967706.5210807,0.10510383548621803,0.10553613044209201,1784967706.506733,4224.08544921875,nan,nan,49.18891525268555,nan
41.88325786590576,1784967706.5660393,SMC,circle,circle_smc_tune_base_p01,1784967706.5618794,-0.46538317395562356,-0.957550852819832,-0.48682398614276345,0.10261967581648967,0.11057722505177627,1784967706.5100708,-0.4651181633066378,-0.9583800343858879,-0.4916859917837825,0.055968523025512695,0,0,1784967706.561129,-0.5205252258722863,-0.874201995907504,-0.6093637748767524,1784967706.561171,-0.08299550070466533,0.04742576678248858,-0.11752158802143953,-0.08858497002904747,0.04804776612054647,-0.11767778309296996,1784967706.5612133,0.10526315449781957,0.10566347262536831,1784967706.5571544,4224.1357421875,nan,nan,50.2806282043457,nan
41.92383527755737,1784967706.6066167,SMC,circle,circle_smc_tune_base_p01,1784967706.5618794,-0.46538317395562356,-0.957550852819832,-0.48682398614276345,0.10261967581648967,0.11057722505177627,1784967706.5905697,-0.45721507127958216,-0.9629235819914449,-0.48147799509731554,0.016047000885009766,0,0,1784967706.6017628,-0.5169277402495103,-0.8767012412101397,-0.6049833456088687,1784967706.6018147,-0.08337944318847731,0.047343114234727465,-0.11815935946610523,-0.09285269520054196,0.04876752894411395,-0.12350535051155315,1784967706.6018703,0.10524584187949973,0.10563945849228741,1784967706.5571544,4224.1357421875,nan,nan,50.2806282043457,nan
41.96319341659546,1784967706.6459749,SMC,circle,circle_smc_tune_base_p01,1784967706.6123362,-0.46002985728360984,-0.9605096450139817,-0.4809849838723041,0.10135346240532664,0.1104540501934156,1784967706.5905697,-0.45721507127958216,-0.9629235819914449,-0.48147799509731554,0.0554051399230957,0,0,1784967706.6409733,-0.5134391882674147,-0.8791025934943791,-0.6007481933643011,1784967706.6410239,-0.08501267571432514,0.0474606114703956,-0.11976320949199698,-0.0886487102693867,0.04825469522503536,-0.11927019826698554,1784967706.6410785,0.10518608689420554,0.10558991339927995,1784967706.607514,4224.185546875,nan,nan,49.867733001708984,nan
42.00330638885498,1784967706.6860878,SMC,circle,circle_smc_tune_base_p01,1784967706.663095,-0.4555156359201875,-0.9628665807105814,-0.47573466619075355,0.10086180272123174,0.10917483670715934,1784967706.5905697,-0.45721507127958216,-0.9629235819914449,-0.48147799509731554,0.09551811218261719,0,0,1784967706.6813827,-0.5098364526091193,-0.881559789784592,-0.596387281994977,1784967706.6814346,-0.08552667446976298,0.04739971867615105,-0.12065261580422348,-0.08431766225807769,0.04774524360228173,-0.1149092868976615,1784967706.6814919,0.1051622320354672,0.10555823676239759,1784967706.6572673,4224.23583984375,nan,nan,50.096229553222656,nan
42.04360795021057,1784967706.7263894,SMC,circle,circle_smc_tune_base_p01,1784967706.7122576,-0.4508872822107411,-0.9652437456296279,-0.4698938446123786,0.10308114489452232,0.11074925980312486,1784967706.713618,-0.44607131004459566,-0.9693697881737909,-0.45984260542328304,0.012771368026733398,0,0,1784967706.7210498,-0.5062749563198128,-0.8839663328126754,-0.5920889411975525,1784967706.7211053,-0.08618628923567165,0.04738919523704941,-0.12219509658517391,-0.09185249076023919,0.04981314237818855,-0.13224633577426947,1784967706.721164,0.10512622320377384,0.10550646995506252,1784967706.7073452,4224.2861328125,nan,nan,50.4050178527832,nan
42.08370661735535,1784967706.766488,SMC,circle,circle_smc_tune_base_p01,1784967706.7618847,-0.4452273796077265,-0.9682705658479996,-0.46163761512602836,0.10638076161944092,0.11517574377804707,1784967706.713618,-0.44607131004459566,-0.9693697881737909,-0.45984260542328304,0.05287003517150879,0,0,1784967706.7612352,-0.5026647070027694,-0.8863831599581549,-0.5877444063235908,1784967706.761275,-0.08187301276066909,0.046869003318112126,-0.11785056171121223,-0.08754466064833984,0.049249623692294915,-0.12790180090030778,1784967706.761321,0.10528592256641912,0.10563394805356333,1784967706.7574165,4224.3359375,nan,nan,50.02016067504883,nan
42.123552322387695,1784967706.8063338,SMC,circle,circle_smc_tune_base_p01,1784967706.7618847,-0.4452273796077265,-0.9682705658479996,-0.46163761512602836,0.10638076161944092,0.11517574377804707,1784967706.7930849,-0.4379623573235573,-0.9736360423408557,-0.45499078577397284,0.013248920440673828,0,0,1784967706.80234,-0.4990809972955421,-0.8887598532584441,-0.5834442115832952,1784967706.8024037,-0.08363170760155295,0.04720066777295282,-0.12180659645726684,-0.09219992380583941,0.04938248348732359,-0.12845342580932234,1784967706.8024666,0.10519263938711765,0.10551313571052287,1784967706.7574165,4224.3359375,nan,nan,50.02016067504883,nan
42.16352725028992,1784967706.8463087,SMC,circle,circle_smc_tune_base_p01,1784967706.811941,-0.4397921573631796,-0.9711918633242513,-0.45601701391651334,0.10607611289746581,0.11294814391406108,1784967706.7930849,-0.4379623573235573,-0.9736360423408557,-0.45499078577397284,0.05322384834289551,0,0,1784967706.8418803,-0.4953986980423202,-0.8911789177329342,-0.5790383935977605,1784967706.841925,-0.08516006117915277,0.047348947279352925,-0.12302137968124721,-0.08782917533287138,0.04882772362209645,-0.12404760782378771,1784967706.8422291,0.10513993868570301,0.10547758558660353,1784967706.8092613,4224.3876953125,nan,nan,51.422935485839844,nan
42.203288316726685,1784967706.8860698,SMC,circle,circle_smc_tune_base_p01,1784967706.8620307,-0.43507455112441684,-0.9735020386322535,-0.4502812194090937,0.10556579975327739,0.11326452296694675,1784967706.7930849,-0.4379623573235573,-0.9736360423408557,-0.45499078577397284,0.09298491477966309,0,0,1784967706.8812296,-0.4918339177766844,-0.8934987468876641,-0.5747852426578189,1784967706.881277,-0.08592079420198895,0.047326203275097956,-0.12450402324872523,-0.08360759942427112,0.04831045918553939,-0.1197944568838461,1784967706.881327,0.10510191408274773,0.10542740600087909,1784967706.8573327,4224.43603515625,nan,nan,48.51254653930664,nan
42.243372678756714,1784967706.9261541,SMC,circle,circle_smc_tune_base_p01,1784967706.912415,-0.4291683076955035,-0.97656504280458,-0.4435988670358855,0.10644190859617798,0.11457972602961543,1784967706.9079025,-0.4243292565444499,-0.9803985790048639,-0.4405828321600541,0.018251657485961914,0,0,1784967706.9221678,-0.48817443726602616,-0.8958578476418005,-0.570431257825055,1784967706.9222147,-0.08793404338375618,0.04757077560982126,-0.1268323907891695,-0.09380198164722478,0.049239522741656286,-0.12984842566500088,1784967706.9222677,0.10502207822868384,0.10535794616068839,1784967706.9113524,4224.48974609375,nan,nan,53.74671173095703,nan
42.28315353393555,1784967706.965935,SMC,circle,circle_smc_tune_base_p01,1784967706.9619741,-0.42450739638813595,-0.9787723727388215,-0.4376391869660217,0.10532662181005013,0.11546215911620437,1784967706.9079025,-0.4243292565444499,-0.9803985790048639,-0.4405828321600541,0.05803251266479492,0,0,1784967706.9610267,-0.48457650089570214,-0.8981553754374194,-0.5661623226215035,1784967706.9610667,-0.08369825846898732,0.04703982716377582,-0.12256345558561793,-0.08956781735438157,0.0486958014548252,-0.12557949046144934,1784967706.961112,0.10518107949881121,0.10548254571927193,1784967706.9573638,4224.5361328125,nan,nan,46.26935577392578,nan
42.32313346862793,1784967707.005915,SMC,circle,circle_smc_tune_base_p01,1784967706.9619741,-0.42450739638813595,-0.9787723727388215,-0.4376391869660217,0.10532662181005013,0.11546215911620437,1784967706.9880762,-0.4155580576106362,-0.9844900665765365,-0.4328149380905325,0.017838716506958008,0,0,1784967707.0012836,-0.48091797360998423,-0.9004695139484366,-0.561833340268293,1784967707.0013387,-0.08427907974353296,0.04701624862568555,-0.12419415330227129,-0.09457355020439244,0.048859139217861836,-0.1290184021777605,1784967707.0013943,0.10514546597435043,0.10542740317744714,1784967706.9573638,4224.5361328125,nan,nan,46.26935577392578,nan
42.36386203765869,1784967707.0466435,SMC,circle,circle_smc_tune_base_p01,1784967707.0122993,-0.41861673322045134,-0.9817203711854974,-0.43147822291471727,0.10606708826050944,0.11593281787859132,1784967706.9880762,-0.4155580576106362,-0.9844900665765365,-0.4328149380905325,0.05856728553771973,0,0,1784967707.0413637,-0.47724297324245746,-0.902771839171683,-0.5574967104007389,1784967707.0414104,-0.08627044027946418,0.04719446853436902,-0.12601848748602162,-0.0902717671836073,0.048310511860720856,-0.12468177231020638,1784967707.0414596,0.10507308811555582,0.10537253270161158,1784967707.0147693,4224.59375,nan,nan,57.490745544433594,nan
42.40309929847717,1784967707.0858808,SMC,circle,circle_smc_tune_base_p01,1784967707.0619037,-0.4141585194135707,-0.9837760134242762,-0.42656954355558724,0.10296039947276842,0.11287954584410358,1784967706.9880762,-0.4155580576106362,-0.9844900665765365,-0.4328149380905325,0.09780454635620117,0,0,1784967707.080856,-0.4736115462412851,-0.9050251548875708,-0.5532229858447695,1784967707.0809019,-0.08670865072784087,0.04709532894250143,-0.12665344228918224,-0.08603009552305092,0.047788098897306244,-0.12040804775423698,1784967707.0809512,0.10505393058880241,0.10534806288844398,1784967707.0572767,4224.63623046875,nan,nan,42.564453125,nan
42.44326305389404,1784967707.1260445,SMC,circle,circle_smc_tune_base_p01,1784967707.1119478,-0.40829962806796033,-0.9866159505367624,-0.42023201689885126,0.10383943085265697,0.11380634109500302,1784967707.106851,-0.4032441786840123,-0.9901451156311997,-0.4182978836530026,0.019193410873413086,0,0,1784967707.120749,-0.4699236462367893,-0.9072916008676303,-0.5488943124820376,1784967707.1207883,-0.08862451476636987,0.04728178770021703,-0.12866229558318631,-0.09458604368065962,0.04862444490828868,-0.130596428829035,1784967707.120834,0.10498032885997971,0.10528731640390102,1784967707.116337,4224.6953125,nan,nan,59.079933166503906,nan
42.4831006526947,1784967707.165882,SMC,circle,circle_smc_tune_base_p01,1784967707.162402,-0.40312773966742993,-0.9889186257614639,-0.41390247582819606,0.10776053488788123,0.11595252218967653,1784967707.106851,-0.4032441786840123,-0.9901451156311997,-0.4182978836530026,0.059031009674072266,0,0,1784967707.1608808,-0.4662409027400052,-0.9095330177810367,-0.5445830970813417,1784967707.1609187,-0.08434775491413082,0.04673784412861598,-0.12435108018249043,-0.09031034388651217,0.04807223053584135,-0.12628521342833907,1784967707.1609616,0.10514171700216636,0.10541289213153751,1784967707.1580756,4224.73681640625,nan,nan,41.71971893310547,nan
42.52378058433533,1784967707.206562,SMC,circle,circle_smc_tune_base_p01,1784967707.162402,-0.40312773966742993,-0.9889186257614639,-0.41390247582819606,0.10776053488788123,0.11595252218967653,1784967707.1877224,-0.3949191265239862,-0.9939325642244519,-0.4128953609236952,0.018839597702026367,0,0,1784967707.2009296,-0.4625299373394731,-0.911769688562957,-0.5402502008487373,1784967707.2009761,-0.08541434434256351,0.04674365603648955,-0.12634772502054126,-0.09489791782848635,0.048128422661787656,-0.1273548399250421,1784967707.2010174,0.10508915953992548,0.10534653103386495,1784967707.1580756,4224.73681640625,nan,nan,41.71971893310547,nan
42.563257932662964,1784967707.2460394,SMC,circle,circle_smc_tune_base_p01,1784967707.212062,-0.3972039937015842,-0.9917225548162789,-0.4088406535579579,0.10923121830243288,0.11456466579334014,1784967707.1877224,-0.3949191265239862,-0.9939325642244519,-0.4128953609236952,0.058316946029663086,0,0,1784967707.240918,-0.45880962549014526,-0.9139900750951206,-0.5359176651050233,1784967707.2409534,-0.08743046012638991,0.046834889919330304,-0.12707701154706535,-0.0905992912675099,0.0475874547350761,-0.12302230418132803,1784967707.240991,0.10503081920778574,0.10532526261240883,1784967707.2080784,4224.787109375,nan,nan,50.1300048828125,nan
42.603520154953,1784967707.2863016,SMC,circle,circle_smc_tune_base_p01,1784967707.2622144,-0.39212704870100645,-0.993919225828667,-0.40294072608302267,0.10981872076698414,0.11514418917732383,1784967707.1877224,-0.3949191265239862,-0.9939325642244519,-0.4128953609236952,0.09857916831970215,0,0,1784967707.281361,-0.45507242620251387,-0.9161986166243103,-0.531576657872358,1784967707.281403,-0.08838041080547002,0.04681363721993795,-0.1286359317893353,-0.0862899494022184,0.04706411269618172,-0.11868129694866275,1784967707.2814476,0.10498655264676067,0.10527259018102009,1784967707.2587438,4224.8369140625,nan,nan,49.80834197998047,nan
42.643187284469604,1784967707.3259687,SMC,circle,circle_smc_tune_base_p01,1784967707.3135977,-0.3869680339498549,-0.9961099969720798,-0.39673269646114356,0.10941922080949976,0.11609246275136617,1784967707.310663,-0.3818261585543183,-0.9993577013864865,-0.4019690184811289,0.015305757522583008,0,0,1784967707.3209846,-0.45137209284416757,-0.9183638875196423,-0.5272893634845401,1784967707.3210294,-0.08944332593748316,0.04682127488966574,-0.13055666702339655,-0.09568990211079478,0.04732945694777786,-0.12532034500341122,1784967707.3210776,0.1049342344972287,0.10520882026220897,1784967707.3077006,4224.88623046875,nan,nan,49.5203857421875,nan
42.683183431625366,1784967707.365965,SMC,circle,circle_smc_tune_base_p01,1784967707.3620255,-0.3814095476762157,-0.9986400066404283,-0.39278414145012197,0.1075357526916161,0.11323020062876014,1784967707.310663,-0.3818261585543183,-0.9993577013864865,-0.4019690184811289,0.05530190467834473,0,0,1784967707.360815,-0.4476329977250051,-0.920530289135613,-0.5229680028964669,1784967707.3608565,-0.08515753973506063,0.04626795319394991,-0.12623530643532338,-0.09140127730703139,0.046798584491936884,-0.12099898441533802,1784967707.360899,0.10509685210922416,0.10533442155862088,1784967707.3586798,4224.93701171875,nan,nan,50.75684356689453,nan
42.72343444824219,1784967707.406216,SMC,circle,circle_smc_tune_base_p01,1784967707.3620255,-0.3814095476762157,-0.9986400066404283,-0.39278414145012197,0.1075357526916161,0.11323020062876014,1784967707.3960516,-0.3737683307932922,-1.0027619942876518,-0.39173470009288724,0.010164260864257812,0,0,1784967707.4006932,-0.44390081115971114,-0.9226712457684466,-0.518665336232343,1784967707.4007287,-0.08681032099397029,0.0462642281802239,-0.12588119478222104,-0.09539784528723802,0.047247686877400705,-0.12693063613945577,1784967707.4007702,0.10506199358013306,0.10534610111326675,1784967707.3586798,4224.93701171875,nan,nan,50.75684356689453,nan
42.76354432106018,1784967707.4463258,SMC,circle,circle_smc_tune_base_p01,1784967707.4119484,-0.37592953407934804,-1.0010560119109246,-0.38799301034690903,0.10575787178176707,0.11165087427996805,1784967707.3960516,-0.3737683307932922,-1.0027619942876518,-0.39173470009288724,0.05027413368225098,0,0,1784967707.440617,-0.4401538205628832,-0.9247993039525582,-0.514356206517377,1784967707.4406524,-0.08830081471400926,0.046290502306725906,-0.12636319617046798,-0.09112221994809977,0.04671140511656982,-0.12262150642448977,1784967707.4406903,0.10501967368701484,0.10533091020454192,1784967707.408985,4224.98779296875,nan,nan,50.653717041015625,nan
42.80315971374512,1784967707.4859412,SMC,circle,circle_smc_tune_base_p01,1784967707.4618692,-0.3712966011644445,-1.002954759666877,-0.3830930541673481,0.10301266514585362,0.10919280361166031,1784967707.3960516,-0.3737683307932922,-1.0027619942876518,-0.39173470009288724,0.0898895263671875,0,0,1784967707.481286,-0.43632672687125673,-0.9269508932343423,-0.5099657608081485,1784967707.4813259,-0.08872585053587248,0.046186885680075875,-0.12687270664080036,-0.08676357547984694,0.04618395752548164,-0.11823106071526124,1784967707.4813673,0.1050025240069501,0.10531047263464252,1784967707.4590433,4225.0380859375,nan,nan,50.245845794677734,nan
42.84327507019043,1784967707.5260565,SMC,circle,circle_smc_tune_base_p01,1784967707.5117936,-0.36566933948196456,-1.0053160867454127,-0.37841220900703837,0.10317167387520154,0.10845119250977256,1784967707.5078568,-0.36144721851001166,-1.0073981983252054,-0.38154803559315875,0.018199682235717773,0,0,1784967707.521105,-0.43257206531925907,-0.9290403495940736,-0.5056688619662906,1784967707.5211484,-0.09034924525087724,0.046162503019628515,-0.1272566529592522,-0.09518735393449056,0.04623920352211827,-0.12412082637313182,1784967707.52119,0.10495830781073574,0.10529686166867921,1784967707.5080223,4225.0869140625,nan,nan,48.79457092285156,nan
42.88359093666077,1784967707.5663724,SMC,circle,circle_smc_tune_base_p01,1784967707.5619676,-0.360860837307341,-1.0072278163930106,-0.3729728217896333,0.10317167387520154,0.10845119250977256,1784967707.5078568,-0.36144721851001166,-1.0073981983252054,-0.38154803559315875,0.05851554870605469,0,0,1784967707.560642,-0.4288290306099094,-0.9311023787020507,-0.5013954206515934,1784967707.5606768,-0.08610921390300275,0.04562920474794285,-0.122983211644555,-0.09094567110542096,0.04571920385373612,-0.11984738505843462,1784967707.560717,0.1051176647764268,0.10542153310344626,1784967707.561378,4225.14013671875,nan,nan,53.56786346435547,nan
42.92346549034119,1784967707.606247,SMC,circle,circle_smc_tune_base_p01,1784967707.5619676,-0.360860837307341,-1.0072278163930106,-0.3729728217896333,0.10317167387520154,0.10845119250977256,1784967707.5876768,-0.35250274483067784,-1.0111986223084248,-0.37013538683164404,0.0185701847076416,0,0,1784967707.600863,-0.4250277201340884,-0.9331752477915968,-0.49706566582218703,1784967707.6009076,-0.0867389749572108,0.045579841942913715,-0.12409284403255372,-0.09583777092873602,0.04650420063999213,-0.126930278990543,1784967707.6009583,0.10508778330678457,0.10538289993034533,1784967707.561378,4225.14013671875,nan,nan,53.56786346435547,nan
42.9631450176239,1784967707.6459265,SMC,circle,circle_smc_tune_base_p01,1784967707.6122856,-0.3548783101694999,-1.0096659209331833,-0.368034655235556,0.10522973480336978,0.10635066102389529,1784967707.5876768,-0.35250274483067784,-1.0111986223084248,-0.37013538683164404,0.058249711990356445,0,0,1784967707.6410344,-0.4212072841977619,-0.9352371076813367,-0.4927243495990423,1784967707.641075,-0.0886655130894317,0.045580783520118684,-0.12468969436348631,-0.09153020050079388,0.04596398405674808,-0.12258896276739828,1784967707.641119,0.10503354881291574,0.10536303630522108,1784967707.608082,4225.18701171875,nan,nan,46.64438247680664,nan
43.003241539001465,1784967707.686023,SMC,circle,circle_smc_tune_base_p01,1784967707.6620507,-0.3499958897501466,-1.01154860116137,-0.36274608377727907,0.10522973480336978,0.10635066102389529,1784967707.5876768,-0.35250274483067784,-1.0111986223084248,-0.37013538683164404,0.09834623336791992,0,0,1784967707.6817615,-0.4173299305183944,-0.9373078651954171,-0.4883286768008859,1784967707.6819365,-0.08929614209150308,0.045516578633729377,-0.1255825930236068,-0.08716634825028674,0.04543606192918704,-0.11819328996924183,1784967707.6819956,0.1050063779256017,0.10533113285367075,1784967707.6640947,4225.2431640625,nan,nan,55.985862731933594,nan
43.04303574562073,1784967707.7258172,SMC,circle,circle_smc_tune_base_p01,1784967707.7118812,-0.3436856125820209,-1.014064933124153,-0.3567016175276207,0.10923589670731397,0.10838666108331406,1784967707.7066066,-0.33942034433447305,-1.0165146037478014,-0.3563297646319716,0.0192105770111084,0,0,1784967707.722345,-0.41350582542511827,-0.9393288031679355,-0.48400340233341704,1784967707.7223911,-0.09152205009928256,0.04565156720105501,-0.12730178480579635,-0.09635694242419136,0.04649350455975812,-0.12767363770144546,1784967707.7224398,0.10492954177868222,0.10527832607984196,1784967707.708124,4225.287109375,nan,nan,44.03314971923828,nan
43.08322048187256,1784967707.766002,SMC,circle,circle_smc_tune_base_p01,1784967707.762015,-0.33858791562931556,-1.015961633704047,-0.35121005708285613,0.10884020658985857,0.10858944105169839,1784967707.7066066,-0.33942034433447305,-1.0165146037478014,-0.3563297646319716,0.05939531326293945,0,0,1784967707.7614472,-0.4097001982590256,-0.9413190406841087,-0.479708769421735,1784967707.7614875,-0.08726101137545902,0.045115477197266704,-0.12300715189411432,-0.09209610334158014,0.045955830113482206,-0.12337900478976342,1784967707.7615328,0.10508970442846315,0.10540361084343841,1784967707.7580469,4225.3369140625,nan,nan,49.787105560302734,nan
43.12323474884033,1784967707.8060162,SMC,circle,circle_smc_tune_base_p01,1784967707.762015,-0.33858791562931556,-1.015961633704047,-0.35121005708285613,0.10884020658985857,0.10858944105169839,1784967707.7879486,-0.3307926993246546,-1.0196810859122118,-0.347259712816871,0.018067598342895508,0,0,1784967707.8017619,-0.4058445063039251,-0.9433143059895001,-0.4753674017001777,1784967707.8018088,-0.08814422224691867,0.04507415332230378,-0.12415734461732159,-0.09656120000160719,0.04626654796791294,-0.1281076888833067,1784967707.801861,0.10505319492719249,0.1053638936234994,1784967707.7580469,4225.3369140625,nan,nan,49.787105560302734,nan
43.16386675834656,1784967707.8466482,SMC,circle,circle_smc_tune_base_p01,1784967707.8120332,-0.33277193837909574,-1.0181958746504136,-0.34548695212711084,0.10761122055216227,0.10917330562531641,1784967707.7879486,-0.3307926993246546,-1.0196810859122118,-0.347259712816871,0.058699607849121094,0,0,1784967707.8412077,-0.4020618715318265,-0.9452512111843125,-0.4711177011539125,1784967707.8412547,-0.08989870382577171,0.04516903601958773,-0.12563074902680166,-0.09234518297983117,0.045732574162491706,-0.12385798833704148,1784967707.841309,0.10499126489913199,0.10531794289975953,1784967707.8096664,4225.38818359375,nan,nan,51.501338958740234,nan
43.20305681228638,1784967707.8858383,SMC,circle,circle_smc_tune_base_p01,1784967707.8616343,-0.32810871261179586,-1.0198809961038862,-0.3408789064716265,0.10375559187140852,0.10622429657794734,1784967707.7879486,-0.3307926993246546,-1.0196810859122118,-0.347259712816871,0.09788966178894043,0,0,1784967707.8812666,-0.39820014902751244,-0.9472077514979527,-0.46678861580387593,1784967707.8813183,-0.09035425530329033,0.04505905557110705,-0.12590970933224943,-0.08804811679542887,0.04520705260623468,-0.11952890298700491,1784967707.881424,0.1049765524760273,0.10530497820796192,1784967707.8603473,4225.43896484375,nan,nan,50.7414665222168,nan
43.24339842796326,1784967707.92618,SMC,circle,circle_smc_tune_base_p01,1784967707.9118807,-0.32233206775172,-1.022036012075743,-0.33596550544007747,0.1034707903801797,0.10528893380742277,1784967707.9108663,-0.3178232229610272,-1.0242066166025874,-0.3367370501301096,0.01531362533569336,0,0,1784967707.9213014,-0.3943408005228781,-0.9491421678549199,-0.4624716068317085,1784967707.921353,-0.09201460480705104,0.04507862711751441,-0.12650610139163104,-0.0970221633448858,0.04556655529665772,-0.1257345567015989,1784967707.9214013,0.10492859655710261,0.10528575085752945,1784967707.908665,4225.48681640625,nan,nan,47.98128128051758,nan
43.28340530395508,1784967707.9661868,SMC,circle,circle_smc_tune_base_p01,1784967707.9624364,-0.31723270001255865,-1.0238156901399111,-0.3304662458335892,0.10524054377650625,0.1059355752800785,1784967707.9108663,-0.3178232229610272,-1.0242066166025874,-0.3367370501301096,0.05532050132751465,0,0,1784967707.9612677,-0.39046052791164176,-0.9510661235451804,-0.45814053879276817,1784967707.9613068,-0.08771697741857938,0.04454148666525361,-0.1221750333526907,-0.09272412280773984,0.045032730815534064,-0.12140348866265854,1784967707.9613519,0.10508975078327011,0.10541221511041876,1784967707.961427,4225.5400390625,nan,nan,52.98968505859375,nan
43.323158264160156,1784967708.0059397,SMC,circle,circle_smc_tune_base_p01,1784967707.9624364,-0.31723270001255865,-1.0238156901399111,-0.3304662458335892,0.10524054377650625,0.1059355752800785,1784967707.9866834,-0.30856538813454576,-1.0276277349356127,-0.3237269233877155,0.0192563533782959,0,0,1784967708.0014715,-0.3865586053980712,-0.9529797687460929,-0.4537946134616518,1784967708.001512,-0.08855988974253806,0.04450791891362406,-0.1233283676280626,-0.09768764815603581,0.04596068094675837,-0.13006769007393626,1784967708.0015526,0.10505426929326579,0.10537265170951872,1784967707.961427,4225.5400390625,nan,nan,52.98968505859375,nan
43.36320614814758,1784967708.0459876,SMC,circle,circle_smc_tune_base_p01,1784967708.0120316,-0.3111825433119657,-1.025980006024789,-0.3248398133940627,0.10666908624051212,0.10501130512628642,1784967707.9866834,-0.30856538813454576,-1.0276277349356127,-0.3237269233877155,0.059304237365722656,0,0,1784967708.0408664,-0.38272920227308926,-0.9548374585206559,-0.4495383983661319,1784967708.0409095,-0.090510542674927,0.044587309164911174,-0.1246985849720692,-0.09346622276431406,0.04541762730828032,-0.12581147497841638,1784967708.0409565,0.10498914868336125,0.1053296241397614,1784967708.0088866,4225.587890625,nan,nan,47.63701629638672,nan
43.40347743034363,1784967708.086259,SMC,circle,circle_smc_tune_base_p01,1784967708.0617852,-0.3060505140513796,-1.0277069601978408,-0.3195130329073715,0.10771143027737935,0.10537009160594918,1784967707.9866834,-0.30856538813454576,-1.0276277349356127,-0.3237269233877155,0.09957551956176758,0,0,1784967708.0810442,-0.37880794176070975,-0.9567189099385337,-0.44518912563816593,1784967708.081082,-0.09137271456008036,0.04454181855760257,-0.12567609273079444,-0.08915015275427403,0.04488126631770211,-0.1214622022504504,1784967708.0811253,0.104955274919591,0.10529552419422694,1784967708.0592806,4225.63818359375,nan,nan,50.492366790771484,nan
43.44324088096619,1784967708.1260223,SMC,circle,circle_smc_tune_base_p01,1784967708.111777,-0.29974883216394393,-1.0299116374333148,-0.3119516285886548,0.1081188212966428,0.10818389237701673,1784967708.106904,-0.2944483519182271,-1.0328833482074202,-0.3043176511997692,0.019118309020996094,0,0,1784967708.1210005,-0.37492778767275703,-0.958560049788468,-0.4408943124820379,1784967708.1210585,-0.09344953879074389,0.04483422922983747,-0.12894268389338315,-0.09905193757372907,0.04679322525890068,-0.1365766612822687,1784967708.1211267,0.10486063867014918,0.10519638484454848,1784967708.1083593,4225.6875,nan,nan,49.20578384399414,nan
43.48307394981384,1784967708.1658554,SMC,circle,circle_smc_tune_base_p01,1784967708.1619,-0.2947132138785044,-1.0315339133258963,-0.30659318801917346,0.10680580282046136,0.1079505671867537,1784967708.106904,-0.2944483519182271,-1.0328833482074202,-0.3043176511997692,0.058951377868652344,0,0,1784967708.1606455,-0.371031921870983,-0.9603881666140628,-0.43659084759251177,1784967708.160684,-0.08918062201299214,0.0442900500147944,-0.124639219003857,-0.0947872993979817,0.046216473402888564,-0.13227319639274254,1784967708.160726,0.10502186402803987,0.10532169436703125,1784967708.1607983,4225.73779296875,nan,nan,50.631385803222656,nan
43.5231728553772,1784967708.2059543,SMC,circle,circle_smc_tune_base_p01,1784967708.1619,-0.2947132138785044,-1.0315339133258963,-0.30659318801917346,0.10680580282046136,0.1079505671867537,1784967708.186367,-0.28580146952805535,-1.0356783302656494,-0.2937891958235354,0.019587278366088867,0,0,1784967708.2011533,-0.3670763896087301,-0.9622234154729837,-0.4322302967120797,1784967708.2011902,-0.08990745805741862,0.04423825606910421,-0.12563710869290623,-0.09906372953401286,0.04677194278763487,-0.13844110088854425,1784967708.2012312,0.10499096873349172,0.10528670491253993,1784967708.1607983,4225.73779296875,nan,nan,50.631385803222656,nan
43.56408405303955,1784967708.2468655,SMC,circle,circle_smc_tune_base_p01,1784967708.212424,-0.288661231328188,-1.0335563137634376,-0.2988789243444901,0.10534714003893397,0.11084089500376709,1784967708.186367,-0.28580146952805535,-1.0356783302656494,-0.2937891958235354,0.06049847602844238,0,0,1784967708.2411628,-0.36314585514926834,-0.9640263653594199,-0.42790597496525273,1784967708.2411985,-0.09165553602639041,0.04451556611510476,-0.12902705062076264,-0.09477950455903869,0.046184451686575284,-0.13411677914171732,1784967708.241266,0.1049025227332391,0.10518295051647807,1784967708.2113273,4225.7890625,nan,nan,51.1026611328125,nan
43.60307598114014,1784967708.2858574,SMC,circle,circle_smc_tune_base_p01,1784967708.2617812,-0.2836949409315911,-1.0350864691777921,-0.29341124913134997,0.10534714003893397,0.11084089500376709,1784967708.186367,-0.28580146952805535,-1.0356783302656494,-0.2937891958235354,0.09949040412902832,0,0,1784967708.280702,-0.3592397194492871,-0.9657978013781578,-0.42361692963139075,1784967708.2807388,-0.09235583422344348,0.04447845469019409,-0.13020568050004078,-0.09052775876301006,0.045620058772814956,-0.12982773380785534,1784967708.2807815,0.10486926260744,0.10514242580633844,1784967708.2617884,4225.83984375,nan,nan,50.82356262207031,nan
43.64334726333618,1784967708.3261287,SMC,circle,circle_smc_tune_base_p01,1784967708.3126438,-0.2777524062537818,-1.0370315710161413,-0.28648051552371856,0.10426632229420198,0.11287282492423444,1784967708.3067355,-0.2733548497732463,-1.03955259745644,-0.28321236714227777,0.019393205642700195,0,0,1784967708.3215122,-0.3552343452852327,-0.9675933284367986,-0.419227513890424,1784967708.3215535,-0.09394582701720944,0.04471355493173945,-0.13274699836670545,-0.0987260442130026,0.04621208042482791,-0.13601514674814624,1784967708.3216007,0.10479512135977008,0.10506555188550114,1784967708.3092935,4225.88818359375,nan,nan,48.1563835144043,nan
43.68312311172485,1784967708.3659046,SMC,circle,circle_smc_tune_base_p01,1784967708.3624134,-0.27277679597476484,-1.038497305681316,-0.2808653514749953,0.10426632229420198,0.11287282492423444,1784967708.3067355,-0.2733548497732463,-1.03955259745644,-0.28321236714227777,0.05916905403137207,0,0,1784967708.360683,-0.35135226461526003,-0.9693134940050897,-0.41498139248386884,1784967708.3607163,-0.08973588225822056,0.0441604861866709,-0.12850087696015028,-0.09451792944427617,0.04564525593370565,-0.13176902534159105,1784967708.3607962,0.10495589145845323,0.10518865364088402,1784967708.3092935,4225.88818359375,nan,nan,48.1563835144043,nan
43.723294496536255,1784967708.406076,SMC,circle,circle_smc_tune_base_p01,1784967708.3624134,-0.27277679597476484,-1.038497305681316,-0.2808653514749953,0.10426632229420198,0.11287282492423444,1784967708.39488,-0.2645428117632494,-1.0421439028965394,-0.2746469823721686,0.011195898056030273,0,0,1784967708.4006202,-0.34740717669632315,-0.9710414326309783,-0.41067447720066613,1784967708.4006553,-0.09040396322445775,0.044126091702516704,-0.12980912572567083,-0.09904219080266638,0.04596421101938815,-0.13602749482849752,1784967708.400694,0.10492165978588679,0.10514389886589486,1784967708.3670735,4225.94580078125,nan,nan,57.92947769165039,nan
43.76348686218262,1784967708.4462683,SMC,circle,circle_smc_tune_base_p01,1784967708.4125319,-0.26707835667508784,-1.0402962340787472,-0.2752525311188903,0.10340366873478266,0.11152606070962139,1784967708.39488,-0.2645428117632494,-1.0421439028965394,-0.2746469823721686,0.05138826370239258,0,0,1784967708.441247,-0.3433960721986864,-0.9727775834020098,-0.4063037553836495,1784967708.4412892,-0.09179574877123739,0.04423462896279415,-0.13105122426475918,-0.0947105619643974,0.04538096973296233,-0.13165677301148088,1784967708.4413345,0.10487080973094938,0.1051061134899345,1784967708.4113498,4225.98779296875,nan,nan,41.888893127441406,nan
43.80331063270569,1784967708.486092,SMC,circle,circle_smc_tune_base_p01,1784967708.4624197,-0.26203215176424755,-1.0417184185690485,-0.26949941018303475,0.10422596537676157,0.11220568182139089,1784967708.39488,-0.2645428117632494,-1.0421439028965394,-0.2746469823721686,0.09121203422546387,0,0,1784967708.481286,-0.3394220154061147,-0.9744772276829239,-0.4019814935733461,1784967708.481324,-0.09249931866530864,0.04420910305293153,-0.13248208339031137,-0.09042449314196148,0.04482281910672261,-0.1273345112011775,1784967708.4813628,0.10483362065917959,0.10505756732208733,1784967708.4602535,4226.0380859375,nan,nan,50.2810173034668,nan
43.84305262565613,1784967708.525834,SMC,circle,circle_smc_tune_base_p01,1784967708.5118027,-0.2559364729288048,-1.0435788043329204,-0.2637662729086506,0.10426403088635405,0.11110182005006507,1784967708.5076556,-0.2504954842192756,-1.0462759922830118,-0.26110109892616445,0.018178462982177734,0,0,1784967708.5216522,-0.33546075713499723,-0.976151233002611,-0.3976810413409855,1784967708.521709,-0.09435353723661306,0.044362136613899754,-0.13391476843233485,-0.10018780724593254,0.045814656443425306,-0.13657994241482102,1784967708.5217571,0.1047685705133393,0.10501491227271884,1784967708.5100543,4226.087890625,nan,nan,49.829776763916016,nan
43.88305163383484,1784967708.565833,SMC,circle,circle_smc_tune_base_p01,1784967708.561938,-0.2508932814868748,-1.0449411726154614,-0.25832860539035063,0.10424644636579423,0.1106239007185203,1784967708.5076556,-0.2504954842192756,-1.0462759922830118,-0.26110109892616445,0.05817747116088867,0,0,1784967708.5609171,-0.3314869379143117,-0.9778104281687644,-0.39337474403873984,1784967708.5609558,-0.09008457026439842,0.04379637271595554,-0.12960847113008925,-0.09592036329270627,0.04523751702859645,-0.1322736451125754,1784967708.5610006,0.10493212822165043,0.10513959671952887,1784967708.5606465,4226.13818359375,nan,nan,50.002769470214844,nan
43.92314410209656,1784967708.6059256,SMC,circle,circle_smc_tune_base_p01,1784967708.561938,-0.2508932814868748,-1.0449411726154614,-0.25832860539035063,0.10424644636579423,0.1106239007185203,1784967708.5858836,-0.2411316685851372,-1.0487150013049407,-0.25473996980661295,0.020041942596435547,0,0,1784967708.6010995,-0.3274831863155596,-0.979461852406194,-0.38904377899662484,1784967708.6011407,-0.09077619530895677,0.04374056769138814,-0.13071517360627422,-0.10101621798813017,0.0452582252205497,-0.1343038091900119,1784967708.601188,0.10490001566907058,0.1051008464695038,1784967708.5606465,4226.13818359375,nan,nan,50.002769470214844,nan
43.963338136672974,1784967708.6461196,SMC,circle,circle_smc_tune_base_p01,1784967708.6115873,-0.24478751376471852,-1.0467109272863426,-0.2530891446692337,0.10357933136065475,0.10918115340194331,1784967708.5858836,-0.2411316685851372,-1.0487150013049407,-0.25473996980661295,0.06023597717285156,0,0,1784967708.6406863,-0.3235102684033786,-0.9810805553662685,-0.38475375519291455,1784967708.6407251,-0.09264850085994202,0.04382776636644009,-0.1316646105236808,-0.09676360761329365,0.04469291025549431,-0.1300137853863016,1784967708.6407697,0.10484166678516041,0.10507210519475864,1784967708.6102653,4226.18896484375,nan,nan,51.1932373046875,nan
44.00340461730957,1784967708.686186,SMC,circle,circle_smc_tune_base_p01,1784967708.662153,-0.2398091047088521,-1.047998464422981,-0.2476926508013977,0.10264765291697137,0.1087389123667448,1784967708.5858836,-0.2411316685851372,-1.0487150013049407,-0.25473996980661295,0.10030245780944824,0,0,1784967708.6807456,-0.3194900858341927,-0.9826983393423258,-0.38042026672855855,1784967708.6807883,-0.09325865289947227,0.043772008727288814,-0.13272761592716084,-0.09246548944433523,0.044140395017294234,-0.1256802969219456,1784967708.6808362,0.1048118905828368,0.10503481309333759,1784967708.6601186,4226.2392578125,nan,nan,49.82754898071289,nan
44.04366397857666,1784967708.7264454,SMC,circle,circle_smc_tune_base_p01,1784967708.7118475,-0.23369961829772795,-1.0497330192756102,-0.24152607509254564,0.10347569539765623,0.11047398945604413,1784967708.707905,-0.22853365067743742,-1.0523210609254172,-0.24031653613859813,0.018540382385253906,0,0,1784967708.72133,-0.31542255106676453,-0.9843146308324933,-0.37604336510197217,1784967708.7213736,-0.09499792698050744,0.04397268648005477,-0.13451729000942653,-0.10057816240125034,0.04537167390385629,-0.135726828963374,1784967708.721421,0.10474439760776592,0.10498184654902094,1784967708.7112353,4226.2890625,nan,nan,50.065223693847656,nan
44.08315062522888,1784967708.765932,SMC,circle,circle_smc_tune_base_p01,1784967708.7617974,-0.22871008708087803,-1.0509634198991147,-0.23616531603455815,0.10314123323493064,0.10988723238559467,1784967708.707905,-0.22853365067743742,-1.0523210609254172,-0.24031653613859813,0.058027029037475586,0,0,1784967708.7607002,-0.31146229597838726,-0.9858685377226641,-0.3717891584445623,1784967708.760731,-0.09078095116444296,0.04341111550941448,-0.13026308335201664,-0.09636186891166934,0.04480500274872706,-0.13147262230596418,1784967708.7607715,0.10490625469218062,0.1051049344052466,1784967708.7604518,4226.3388671875,nan,nan,49.98979568481445,nan
44.12337136268616,1784967708.8061528,SMC,circle,circle_smc_tune_base_p01,1784967708.7617974,-0.22871008708087803,-1.0509634198991147,-0.23616531603455815,0.10314123323493064,0.10988723238559467,1784967708.787189,-0.21973664008460259,-1.0545900382047753,-0.23067069907211038,0.01896381378173828,0,0,1784967708.8011453,-0.3073878112449939,-0.9874470260777755,-0.36741959534184004,1784967708.8011804,-0.09135513405648729,0.04334461956498641,-0.1312542793072819,-0.10068051946775312,0.045324881499878684,-0.13674889626972966,1784967708.801216,0.10487851654996848,0.10506967800859016,1784967708.7604518,4226.3388671875,nan,nan,49.98979568481445,nan
44.16365575790405,1784967708.8464372,SMC,circle,circle_smc_tune_base_p01,1784967708.8120363,-0.22259778591210044,-1.0526119222452575,-0.2300898409188787,0.103783980168798,0.11062233367605745,1784967708.787189,-0.21973664008460259,-1.0545900382047753,-0.23067069907211038,0.05924820899963379,0,0,1784967708.8410327,-0.3033671739914634,-0.9889846319548997,-0.3631149717380196,1784967708.8410745,-0.09315194211908981,0.043529780608796254,-0.13302513081914089,-0.09641483212584095,0.04474724211505903,-0.13244427266590922,1784967708.8411186,0.10481019466281002,0.10501682165965517,1784967708.8117,4226.39013671875,nan,nan,50.977256774902344,nan
44.203203439712524,1784967708.885985,SMC,circle,circle_smc_tune_base_p01,1784967708.8616831,-0.2174302568929388,-1.0538262492263004,-0.22486882201689629,0.10498870022526997,0.10962761902405425,1784967708.787189,-0.21973664008460259,-1.0545900382047753,-0.23067069907211038,0.09879589080810547,0,0,1784967708.8804433,-0.2993715141664508,-0.9904930796602742,-0.35884405384556334,1784967708.8804808,-0.0940001866079157,0.04346751578500821,-0.13397523182866705,-0.09218012708974319,0.044192277995211984,-0.12817335477345296,1784967708.880522,0.10477617887440177,0.10498307613187803,1784967708.8610864,4226.43896484375,nan,nan,49.143043518066406,nan
44.24305248260498,1784967708.925834,SMC,circle,circle_smc_tune_base_p01,1784967708.9116116,-0.21097244876285584,-1.0555017482827076,-0.21951764458009013,0.1066553654713448,0.11019243169497517,1784967708.9055452,-0.20549365275375037,-1.0579181669011362,-0.22149021440552039,0.020288705825805664,0,0,1784967708.9209478,-0.2952826849960386,-0.9920165654615534,-0.3544806190539982,1784967708.9209871,-0.0961114713376285,0.04360240187015703,-0.13496297447390807,-0.10207309616533447,0.04456651683192979,-0.1329904046484778,1784967708.921028,0.10471120657855726,0.10495464757987497,1784967708.911158,4226.4892578125,nan,nan,50.011531829833984,nan
44.283451557159424,1784967708.966233,SMC,circle,circle_smc_tune_base_p01,1784967708.9620612,-0.2056388831925829,-1.0566864009333403,-0.21346802309093071,0.10752534986699559,0.11198913774438601,1784967708.9055452,-0.20549365275375037,-1.0579181669011362,-0.22149021440552039,0.06068778038024902,0,0,1784967708.961529,-0.2911651642533539,-0.9935302589983223,-0.3500936752368598,1784967708.9615624,-0.09176314019555425,0.043021659699687485,-0.13057603065676968,-0.09772362792926573,0.04399435317254232,-0.1286034608313394,1784967708.9615998,0.10487828668037774,0.10508152096809725,1784967708.9616683,4226.5390625,nan,nan,50.099220275878906,nan
44.32390356063843,1784967709.006685,SMC,circle,circle_smc_tune_base_p01,1784967708.9620612,-0.2056388831925829,-1.0566864009333403,-0.21346802309093071,0.10752534986699559,0.11198913774438601,1784967708.9871197,-0.19686840982710538,-1.0601514263464973,-0.21140797587375126,0.019565343856811523,0,0,1784967709.0009072,-0.28717491092589675,-0.9949776485034346,-0.34584902153507735,1784967709.0009449,-0.09275835879788535,0.04303464671756798,-0.13238099844414664,-0.10197180965374611,0.044773155964071415,-0.13444104566132611,1784967709.0009873,0.10482884525186438,0.10502178827578071,1784967708.9616683,4226.5390625,nan,nan,50.099220275878906,nan
44.36430907249451,1784967709.0470905,SMC,circle,circle_smc_tune_base_p01,1784967709.0123823,-0.19932915643087198,-1.0582654451472822,-0.20806250475746735,0.10813632587948366,0.11173866010380204,1784967708.9871197,-0.19686840982710538,-1.0601514263464973,-0.21140797587375126,0.059970855712890625,0,0,1784967709.041264,-0.2830791249097715,-0.9964434317288463,-0.34149884758488214,1784967709.0413125,-0.09471396850483717,0.04318891910421742,-0.1334363428274148,-0.09765963525116025,0.04419945266491001,-0.1300908717111309,1784967709.0413642,0.10476680662212388,0.10499175254256009,1784967709.0138535,4226.591796875,nan,nan,52.393821716308594,nan
44.40315818786621,1784967709.0859396,SMC,circle,circle_smc_tune_base_p01,1784967709.062104,-0.19440655681825805,-1.059312408675798,-0.20342896080605583,0.10569447522714333,0.10869076808104393,1784967708.9871197,-0.19686840982710538,-1.0601514263464973,-0.21140797587375126,0.09881997108459473,0,0,1784967709.0812812,-0.2789880575378345,-0.9978875081064137,-0.3371603895236641,1784967709.0813153,-0.09524699221068893,0.04307039759221419,-0.1337314287176083,-0.09335662933305505,0.04364598279696129,-0.12575241364991285,1784967709.0813572,0.10474976948160493,0.10497796562915353,1784967709.063273,4226.64208984375,nan,nan,50.45917892456055,nan
44.443243980407715,1784967709.1260254,SMC,circle,circle_smc_tune_base_p01,1784967709.112177,-0.18855202211248182,-1.0606952529378018,-0.19908921522736256,0.10413282835943413,0.10702567309190793,1784967709.1084318,-0.18422571469642074,-1.062491578215663,-0.20235747408576418,0.0175936222076416,0,0,1784967709.1206977,-0.27497231300188485,-0.9992856280204296,-0.33290821705357065,1784967709.1207335,-0.09685862891400937,0.043104694811581704,-0.1338190018262081,-0.10159804405109239,0.043678080190043475,-0.13055074296780647,1784967709.1207755,0.10470982873903821,0.10497618976617912,1784967709.110059,4226.68896484375,nan,nan,46.849849700927734,nan
44.48336410522461,1784967709.1661456,SMC,circle,circle_smc_tune_base_p01,1784967709.162155,-0.18345375619597812,-1.061723889266267,-0.1937437290144706,0.10413282835943413,0.10702567309190793,1784967709.1084318,-0.18422571469642074,-1.062491578215663,-0.20235747408576418,0.05771374702453613,0,0,1784967709.1611516,-0.27084218216040257,-1.0007036462191021,-0.32854143486515525,1784967709.1611898,-0.09252962922188547,0.04253152987448183,-0.1294522196377927,-0.09726719423103944,0.04311906658048038,-0.12618396077939106,1784967709.1612322,0.10487562654485598,0.10510264367455631,1784967709.1651719,4226.74267578125,nan,nan,53.450565338134766,nan
44.523136615753174,1784967709.205918,SMC,circle,circle_smc_tune_base_p01,1784967709.162155,-0.18345375619597812,-1.061723889266267,-0.1937437290144706,0.10413282835943413,0.10702567309190793,1784967709.1864197,-0.17541718452482416,-1.0645076471129624,-0.19264033192137336,0.019498348236083984,0,0,1784967709.201708,-0.2666996744852066,-1.0021057070133637,-0.3241680866290715,1784967709.2017534,-0.09316693605273973,0.04247508203055071,-0.1304243576146009,-0.10154087830540674,0.04377151053513932,-0.13152775470769812,1784967709.201799,0.10484672720044003,0.10506835748053166,1784967709.1651719,4226.74267578125,nan,nan,53.450565338134766,nan
44.56315994262695,1784967709.2459414,SMC,circle,circle_smc_tune_base_p01,1784967709.2118778,-0.17736152214282208,-1.0630866185181527,-0.18866471590629605,0.10538430792291825,0.10708029203274877,1784967709.1864197,-0.17541718452482416,-1.0645076471129624,-0.19264033192137336,0.05952167510986328,0,0,1784967709.2410471,-0.2626633181131277,-1.0034524597695107,-0.31991297874943325,1784967709.2410822,-0.09497239739279294,0.04257784657404953,-0.1312482628431372,-0.09732134856694331,0.043222434461325954,-0.1272726468280599,1784967709.2411249,0.10479178726944945,0.10504431945769707,1784967709.2113774,4226.7900390625,nan,nan,47.758026123046875,nan
44.60355472564697,1784967709.2863362,SMC,circle,circle_smc_tune_base_p01,1784967709.2621636,-0.17214700972910174,-1.0640824021512378,-0.18332342029012808,0.10546118635869861,0.10694253463659734,1784967709.1864197,-0.17541718452482416,-1.0645076471129624,-0.19264033192137336,0.09991645812988281,0,0,1784967709.2805896,-0.25860197978203603,-1.0047883240405069,-0.3156375804950387,1784967709.2806249,-0.09581547738966045,0.04253990877337058,-0.13231416020491063,-0.09307938359360701,0.04268882828153921,-0.12299724857366533,1784967709.280664,0.10475642697407271,0.105007524952282,1784967709.2664626,4226.84521484375,nan,nan,54.975860595703125,nan
44.64377975463867,1784967709.3265612,SMC,circle,circle_smc_tune_base_p01,1784967709.3118427,-0.16627386854664147,-1.0653395195243298,-0.17822099410714018,0.1042293268254043,0.10526084738600909,1784967709.308245,-0.16189526018244993,-1.0672636169920988,-0.17644472655956167,0.018316268920898438,0,0,1784967709.3213503,-0.2544910675094847,-1.0061209394532213,-0.31131606541172574,1784967709.3213933,-0.09731810641960795,0.04264153587043991,-0.13309507130458556,-0.10189057414243065,0.043939975558645206,-0.1348713388521641,1784967709.3214395,0.1047092046036821,0.10498488215219515,1784967709.3134534,4226.89013671875,nan,nan,44.95305633544922,nan
44.68333458900452,1784967709.366116,SMC,circle,circle_smc_tune_base_p01,1784967709.362159,-0.16113284576680595,-1.0662648893900615,-0.1729106906595637,0.10409219810254113,0.10531308441903484,1784967709.308245,-0.16189526018244993,-1.0672636169920988,-0.17644472655956167,0.057871103286743164,0,0,1784967709.3607776,-0.2503735510918075,-1.007436057234025,-0.3069936233569772,1784967709.3608217,-0.09303266606522197,0.042077198031705225,-0.12877262924983704,-0.09760614296305758,0.04336802652556315,-0.13054889679741555,1784967709.3608692,0.10487300365877072,0.10511015229272894,1784967709.3134534,4226.89013671875,nan,nan,44.95305633544922,nan
44.72322130203247,1784967709.4060028,SMC,circle,circle_smc_tune_base_p01,1784967709.362159,-0.16113284576680595,-1.0662648893900615,-0.1729106906595637,0.10409219810254113,0.10531308441903484,1784967709.3999205,-0.15262621305933252,-1.068572177036223,-0.17223534776618157,0.006082296371459961,0,0,1784967709.4010637,-0.2462319545235625,-1.0087391211999557,-0.3026518693973206,1784967709.4010992,-0.0937274532163796,0.042026620499719475,-0.1297411787377569,-0.10247525369215238,0.04290514871787729,-0.130416521631139,1784967709.401134,0.10484284568093294,0.10507618139206541,1784967709.369125,4226.947265625,nan,nan,56.98966598510742,nan
44.76304388046265,1784967709.4458253,SMC,circle,circle_smc_tune_base_p01,1784967709.4118853,-0.15518437061787035,-1.0674324537319946,-0.1683069788818192,0.10519525129613774,0.10490526607272067,1784967709.3999205,-0.15262621305933252,-1.068572177036223,-0.17223534776618157,0.04590487480163574,0,0,1784967709.4408472,-0.24211095107484915,-1.0100161310485583,-0.2983375383426339,1784967709.4408908,-0.0953162977469798,0.0420436426138505,-0.13003055946081468,-0.09819636370586524,0.04235331172837133,-0.1261021905764523,1784967709.4409359,0.10480066547791946,0.10506710277176785,1784967709.4244435,4227.00244140625,nan,nan,55.387508392333984,nan
44.803460359573364,1784967709.4862418,SMC,circle,circle_smc_tune_base_p01,1784967709.462037,-0.14984698933713275,-1.0683315863715712,-0.16277393380959718,0.1062371946063848,0.10582810991318903,1784967709.3999205,-0.15262621305933252,-1.068572177036223,-0.17223534776618157,0.08632135391235352,0,0,1784967709.4811482,-0.23794864368770363,-1.011286199137655,-0.2939857679416325,1784967709.4811916,-0.09618163941892983,0.04201392558023927,-0.13121183413203533,-0.09387797062291427,0.04181539266647733,-0.12175042017545093,1784967709.4812393,0.10476328027869151,0.1050267363816068,1784967709.4614573,4227.03955078125,nan,nan,36.81727600097656,nan
44.843324422836304,1784967709.5261059,SMC,circle,circle_smc_tune_base_p01,1784967709.5122414,-0.14363172736528856,-1.0694454917264442,-0.15766922624052543,0.10685235347154229,0.10557281524879304,1784967709.507621,-0.13941611052123037,-1.0706649252301952,-0.15867974902230025,0.018484830856323242,0,0,1784967709.5209122,-0.23383965275460517,-1.0125206154377275,-0.2896953578998238,1784967709.5209522,-0.09802714087538596,0.042054619191326,-0.13202613165929838,-0.10242493141398744,0.04249352320036941,-0.13101560887752356,1784967709.520998,0.10470744651815643,0.10500094958440091,1784967709.516296,4227.09326171875,nan,nan,53.8533935546875,nan
44.88345766067505,1784967709.566239,SMC,circle,circle_smc_tune_base_p01,1784967709.561779,-0.13874995324680736,-1.0702274112375998,-0.15332207253182656,0.10430292447378994,0.10262235218021504,1784967709.507621,-0.13941611052123037,-1.0706649252301952,-0.15867974902230025,0.05861806869506836,0,0,1784967709.5607321,-0.22970719395766048,-1.013742733947568,-0.2853859706927919,1784967709.5607688,-0.09375404825707467,0.04149652526027697,-0.1277167444522665,-0.09815127701088797,0.04193974761097544,-0.12670622167049167,1784967709.56081,0.1048702748855492,0.10512599269360035,1784967709.5612955,4227.14013671875,nan,nan,47.006004333496094,nan
44.92323541641235,1784967709.6060169,SMC,circle,circle_smc_tune_base_p01,1784967709.561779,-0.13874995324680736,-1.0702274112375998,-0.15332207253182656,0.10430292447378994,0.10262235218021504,1784967709.588674,-0.13037396588635544,-1.0723120814076925,-0.14709371241624472,0.017342805862426758,0,0,1784967709.600998,-0.22553648058522224,-1.014956567571088,-0.2810422082950262,1784967709.6010373,-0.09420952778442418,0.041368253065668804,-0.12772013576319963,-0.10254111990552806,0.04278875903544154,-0.13394849587878147,1784967709.601081,0.10485929672560614,0.10512160391008231,1784967709.5612955,4227.14013671875,nan,nan,47.006004333496094,nan
44.96327543258667,1784967709.646057,SMC,circle,circle_smc_tune_base_p01,1784967709.6121755,-0.13262788847890541,-1.0712547278466114,-0.14730532816670114,0.10479277249151002,0.10392299056132766,1784967709.588674,-0.13037396588635544,-1.0723120814076925,-0.14709371241624472,0.057382822036743164,0,0,1784967709.6413317,-0.2213580074536663,-1.0161529906971274,-0.2766958194781924,1784967709.6413748,-0.09585664441475414,0.041481793255709484,-0.12939049131149125,-0.09823241683846831,0.04221766894835667,-0.12960210706194766,1784967709.64142,0.1047966385816625,0.10506971006480727,1784967709.6171894,4227.1953125,nan,nan,54.9336051940918,nan
45.0032525062561,1784967709.686034,SMC,circle,circle_smc_tune_base_p01,1784967709.6622827,-0.12711881182744833,-1.0720622668596005,-0.14127645850040274,0.10707124196024545,0.10665544341469659,1784967709.588674,-0.13037396588635544,-1.0723120814076925,-0.14709371241624472,0.09735989570617676,0,0,1784967709.681458,-0.217177176099983,-1.0173304586224101,-0.2723523403216988,1784967709.6815002,-0.09686773905792366,0.041505673565949266,-0.13107588182129606,-0.09392415916246673,0.04166567499894749,-0.12525862790545408,1784967709.6815467,0.10474873393809503,0.10501432639148844,1784967709.662292,4227.240234375,nan,nan,45.05230712890625,nan
45.043328523635864,1784967709.72611,SMC,circle,circle_smc_tune_base_p01,1784967709.712077,-0.12075646390702041,-1.073101160811665,-0.13597522900560086,0.10830351357415949,0.10567093234806361,1784967709.7085557,-0.11628873875840097,-1.0746121481893531,-0.13432664053227458,0.017554283142089844,0,0,1784967709.7208583,-0.2130722146355395,-1.0184675237960632,-0.2680928035785348,1784967709.720899,-0.09886958997909277,0.041615337358823404,-0.13211757457293397,-0.10343068381641589,0.042677320632777134,-0.13376616304626024,1784967709.7209442,0.10468592720844536,0.10498325875952964,1784967709.713395,4227.29150390625,nan,nan,51.51191329956055,nan
45.08318018913269,1784967709.7659616,SMC,circle,circle_smc_tune_base_p01,1784967709.7621598,-0.11544674828400328,-1.0738261834068332,-0.13070723886356495,0.1075049723681092,0.10559945200818087,1784967709.7085557,-0.11628873875840097,-1.0746121481893531,-0.13432664053227458,0.057405948638916016,0,0,1784967709.7608445,-0.20891126361772994,-1.0196009182138681,-0.2637802492190986,1784967709.760886,-0.09459340709175612,0.041056449004166586,-0.12780502021349774,-0.09915542811655884,0.04211138337498123,-0.129453608686824,1784967709.7609322,0.10484891554004439,0.10510838095968895,1784967709.7610106,4227.33984375,nan,nan,47.94292068481445,nan
45.123387813568115,1784967709.8061693,SMC,circle,circle_smc_tune_base_p01,1784967709.7621598,-0.11544674828400328,-1.0738261834068332,-0.13070723886356495,0.1075049723681092,0.10559945200818087,1784967709.7861655,-0.10700714426902966,-1.0759348404332685,-0.12379363308713032,0.020003795623779297,0,0,1784967709.8011532,-0.2047208747521576,-1.0207228846046315,-0.25944225464359794,1784967709.8012104,-0.09543385360001272,0.04101474841297064,-0.12873501578003302,-0.10378340605913476,0.04272397240563529,-0.13564862155646762,1784967709.8012607,0.10481589674486404,0.10507599108776458,1784967709.7610106,4227.33984375,nan,nan,47.94292068481445,nan
45.16340088844299,1784967709.8461823,SMC,circle,circle_smc_tune_base_p01,1784967709.8121858,-0.10914458814430375,-1.0747582928213855,-0.12448357036574996,0.10805198512813927,0.10680831677271203,1784967709.7861655,-0.10700714426902966,-1.0759348404332685,-0.12379363308713032,0.06001687049865723,0,0,1784967709.8412726,-0.2005203760741272,-1.0218280401131272,-0.2550988012363107,1784967709.8413105,-0.09724065762102697,0.04117524471070398,-0.1306152308705607,-0.09947859028520276,0.04214594213428276,-0.13130516814918036,1784967709.8413813,0.10474627493976656,0.10501866712800477,1784967709.8134894,4227.39013671875,nan,nan,50.66044998168945,nan
45.20348620414734,1784967709.8862677,SMC,circle,circle_smc_tune_base_p01,1784967709.8618717,-0.1040196319684435,-1.0753945398187827,-0.11892588420299337,0.10660706156917146,0.10763765290660839,1784967709.7861655,-0.10700714426902966,-1.0759348404332685,-0.12379363308713032,0.10010218620300293,0,0,1784967709.8807445,-0.19638485936306038,-1.0228970735940235,-0.2508273426105172,1784967709.880785,-0.09794142036634572,0.04116791673502299,-0.13190145840752382,-0.09524271945837183,0.04159573363817165,-0.1270337095233869,1784967709.880828,0.10471127551209375,0.10497554861091664,1784967709.8611877,4227.43994140625,nan,nan,49.766605377197266,nan
45.24338459968567,1784967709.926166,SMC,circle,circle_smc_tune_base_p01,1784967709.9125407,-0.09788627264975595,-1.0762751564697146,-0.11294820222662547,0.10596644004526017,0.10896802293721809,1784967709.9061952,-0.09390900556942805,-1.0777575688680272,-0.11284662124881042,0.01997089385986328,0,0,1784967709.9211273,-0.19216173624951471,-1.0239693376331214,-0.2464702163745545,1784967709.92117,-0.09957004746429472,0.041346914867666354,-0.13352201414792902,-0.10368474726930697,0.04238214351791666,-0.13362359512574407,1784967709.921219,0.10464902937470137,0.10492749669065791,1784967709.9160533,4227.49462890625,nan,nan,54.415672302246094,nan
45.283474922180176,1784967709.9662564,SMC,circle,circle_smc_tune_base_p01,1784967709.9621122,-0.09305275229967071,-1.0768276699213166,-0.10838954957313729,0.10309066786061291,0.10613767607312766,1784967709.9061952,-0.09390900556942805,-1.0777575688680272,-0.11284662124881042,0.06006121635437012,0,0,1784967709.9606564,-0.18800860014523746,-1.0250047601328134,-0.24218995152012404,1784967709.9606915,-0.09532667399351262,0.04078618245288863,-0.12924174929349858,-0.0994414307801648,0.04182098006000629,-0.12934333027131362,1784967709.9607296,0.10481142943879618,0.105051481105313,1784967709.961568,4227.54052734375,nan,nan,45.844757080078125,nan
45.32304120063782,1784967710.0058227,SMC,circle,circle_smc_tune_base_p01,1784967709.9621122,-0.09305275229967071,-1.0768276699213166,-0.10838954957313729,0.10309066786061291,0.10613767607312766,1784967709.9871876,-0.08469158028335624,-1.0790777759871886,-0.1041475259959441,0.018635034561157227,0,0,1784967710.0009663,-0.18379571691925167,-1.026035818314275,-0.23785272942081928,1784967710.001008,-0.0957049813268409,0.04067744297336415,-0.129463179847682,-0.10408135304408049,0.042451750501420554,-0.13370520342487519,1784967710.0010514,0.10479926528258476,0.10504047543752273,1784967709.961568,4227.54052734375,nan,nan,45.844757080078125,nan
45.36360168457031,1784967710.0463831,SMC,circle,circle_smc_tune_base_p01,1784967710.0121322,-0.0869598915332629,-1.0776588659885766,-0.10290669238587315,0.10368770344756655,0.1060881233264516,1784967709.9871876,-0.08469158028335624,-1.0790777759871886,-0.1041475259959441,0.059195518493652344,0,0,1784967710.0413496,-0.17955342613364467,-1.0270545347909805,-0.2334898353625923,1784967710.0413947,-0.09730203229812395,0.0408249371879852,-0.13058314297671916,-0.09975614380810593,0.04187957969248507,-0.1293423093666482,1784967710.0414424,0.10474525325254523,0.1050080598070422,1784967710.0161684,4227.59423828125,nan,nan,53.85029220581055,nan
45.403448820114136,1784967710.0862303,SMC,circle,circle_smc_tune_base_p01,1784967710.0620697,-0.0814741551293974,-1.0782235727445628,-0.09740148416571455,0.10609164500460515,0.10677610806178416,1784967709.9871876,-0.08469158028335624,-1.0790777759871886,-0.1041475259959441,0.09904265403747559,0,0,1784967710.0814922,-0.17531335131112624,-1.0280531889788251,-0.22913373909489224,1784967710.0815299,-0.0982733662766331,0.04080695563127809,-0.13173225492917767,-0.09543522419067307,0.041327132095750285,-0.12498621309894814,1784967710.081573,0.10470571065852244,0.10496915669007001,1784967710.0765524,4227.65380859375,nan,nan,59.570945739746094,nan
45.44364356994629,1784967710.126425,SMC,circle,circle_smc_tune_base_p01,1784967710.1118867,-0.07505074298796975,-1.0790166225439004,-0.09136535436954282,0.10803304299203954,0.10676684622881169,1784967710.1083608,-0.07072596747704987,-1.080683864140369,-0.0873686532330142,0.018064260482788086,0,0,1784967710.1215386,-0.17117336215626766,-1.0290094885265761,-0.22488473377720397,1784967710.1215756,-0.10028426581201025,0.04102849496321226,-0.13351937940766115,-0.10457324596617215,0.042712485540136506,-0.1375160805441898,1784967710.121624,0.10463192601514112,0.10491697051851837,1784967710.1193943,4227.69677734375,nan,nan,42.91203689575195,nan
45.483322858810425,1784967710.1661043,SMC,circle,circle_smc_tune_base_p01,1784967710.1621172,-0.06959734529682085,-1.079514596531612,-0.08612545275386385,0.10841544390124437,0.10636512952814933,1784967710.1083608,-0.07072596747704987,-1.080683864140369,-0.0873686532330142,0.05774354934692383,0,0,1784967710.1610115,-0.1669568608127765,-1.0299644435572606,-0.2205614419986397,1784967710.1610525,-0.09599822265451369,0.040462229352063936,-0.12919608762909687,-0.10028950022882875,0.04212909446368397,-0.1331927887656255,1784967710.161098,0.10479594773692505,0.1050422047240989,1784967710.1617763,4227.740234375,nan,nan,43.68287658691406,nan
45.52342438697815,1784967710.2062058,SMC,circle,circle_smc_tune_base_p01,1784967710.1621172,-0.06959734529682085,-1.079514596531612,-0.08612545275386385,0.10841544390124437,0.10636512952814933,1784967710.1884744,-0.061337124626504834,-1.081473841574598,-0.08103729778276032,0.017731428146362305,0,0,1784967710.2014358,-0.16268644880837457,-1.0309121036555617,-0.2161871410419132,1784967710.2014697,-0.09692480702266978,0.04041491420217912,-0.13006168828804934,-0.10510962700659614,0.042191719140718356,-0.13514984325915286,1784967710.201508,0.10476162528279379,0.10501177419713766,1784967710.1617763,4227.740234375,nan,nan,43.68287658691406,nan
45.56323981285095,1784967710.2460213,SMC,circle,circle_smc_tune_base_p01,1784967710.2122643,-0.06337957487492123,-1.0802042891866475,-0.0807731041723914,0.10818279647886182,0.10538698251026657,1784967710.1884744,-0.061337124626504834,-1.081473841574598,-0.08103729778276032,0.05754685401916504,0,0,1784967710.2410486,-0.15851665390778402,-1.0318185496519263,-0.2119199567844057,1784967710.2410903,-0.09873091456336622,0.04055182001721179,-0.1311468526120143,-0.10088014066491298,0.04162578703981587,-0.13088265900164536,1784967710.2411377,0.10470301565434033,0.10498016558017324,1784967710.213426,4227.791015625,nan,nan,50.83720016479492,nan
45.603123903274536,1784967710.2859054,SMC,circle,circle_smc_tune_base_p01,1784967710.2619991,-0.05806636252176182,-1.080633634430581,-0.07554360262098501,0.10782090166304985,0.10534307118935221,1784967710.1884744,-0.061337124626504834,-1.081473841574598,-0.08103729778276032,0.09743094444274902,0,0,1784967710.2808888,-0.15429354370497816,-1.032717618909041,-0.20760220108524788,1784967710.2809222,-0.0995690419056015,0.040516920365799916,-0.13205859846426288,-0.09659811112413358,0.04107152327045667,-0.12656490330248754,1784967710.2809603,0.10466997924233945,0.10494861073005124,1784967710.2617798,4227.84033203125,nan,nan,49.196800231933594,nan
45.64406180381775,1784967710.3268433,SMC,circle,circle_smc_tune_base_p01,1784967710.311993,-0.051732741297175255,-1.0812776395806702,-0.06951080605140465,0.10815355974137496,0.1069285320461793,1784967710.3073452,-0.04739572574712458,-1.082755998027756,-0.06831354370448897,0.019498109817504883,0,0,1784967710.3211148,-0.15004891236745976,-1.0336020894280473,-0.20326639519230422,1784967710.321149,-0.10139004485974917,0.04073188406659779,-0.13375558914089958,-0.10576901844686333,0.04203210904445492,-0.13495285148781525,1784967710.3211856,0.1046019882771079,0.1048992098308566,1784967710.2617798,4227.84033203125,nan,nan,49.196800231933594,nan
45.683380126953125,1784967710.3661616,SMC,circle,circle_smc_tune_base_p01,1784967710.3621593,-0.04663560896216379,-1.081632040448171,-0.06485167467926325,0.10570955809605138,0.10453297931274864,1784967710.3073452,-0.04739572574712458,-1.082755998027756,-0.06831354370448897,0.05881643295288086,0,0,1784967710.3605933,-0.14586820823292945,-1.0344544927749115,-0.19899967442051406,1784967710.3606348,-0.09716023318154221,0.04017190934116088,-0.1294888683691094,-0.10153988023673438,0.04146707052731524,-0.13068613071602508,1784967710.3606832,0.10476398102773206,0.10502276803240171,1784967710.362232,4227.94140625,nan,nan,37.006614685058594,nan
45.72325897216797,1784967710.4060404,SMC,circle,circle_smc_tune_base_p01,1784967710.3621593,-0.04663560896216379,-1.081632040448171,-0.06485167467926325,0.10570955809605138,0.10453297931274864,1784967710.3955293,-0.03863359340438862,-1.0834427192518836,-0.06279143527521328,0.010511159896850586,0,0,1784967710.4008822,-0.14159631923258287,-1.0353063212444045,-0.19464368114964017,1784967710.4009175,-0.09776328526223473,0.040074291129645875,-0.12979200647037692,-0.1057803813375279,0.041580604218716184,-0.1318522458744269,1784967710.4009569,0.10474527536927555,0.10500940948864229,1784967710.362232,4227.94140625,nan,nan,37.006614685058594,nan
45.76335334777832,1784967710.4461348,SMC,circle,circle_smc_tune_base_p01,1784967710.4127564,-0.0406937778660287,-1.08219814434643,-0.06006048555423271,0.10506665470604694,0.10366435973378398,1784967710.3955293,-0.03863359340438862,-1.0834427192518836,-0.06279143527521328,0.05060553550720215,0,0,1784967710.4409928,-0.13734346558109078,-1.0361351596325816,-0.19031081066624211,1784967710.441028,-0.09924032198147736,0.04017859117963125,-0.1302503251120094,-0.1014838991723485,0.04102026658922749,-0.12751937539102884,1784967710.441068,0.10470340876486994,0.10499760886892073,1784967710.4121814,4227.99072265625,nan,nan,49.45772171020508,nan
45.80336260795593,1784967710.486144,SMC,circle,circle_smc_tune_base_p01,1784967710.4623358,-0.035718297503281544,-1.082494620664815,-0.05485635767122633,0.10349159992460101,0.10388454496786366,1784967710.3955293,-0.03863359340438862,-1.0834427192518836,-0.06279143527521328,0.09061479568481445,0,0,1784967710.4808304,-0.13310748185634802,-1.036941720712193,-0.18599871979252325,1784967710.4808624,-0.09974030144392086,0.040144640874280574,-0.13114236212129693,-0.09720565159292566,0.040481103774679034,-0.12320728451730997,1784967710.480898,0.10467885378864406,0.10496674262509945,1784967710.463435,4228.041015625,nan,nan,50.47024917602539,nan
45.84305024147034,1784967710.5258317,SMC,circle,circle_smc_tune_base_p01,1784967710.5121412,-0.029436324361772546,-1.0830050442301644,-0.04965948065929182,0.1032995755182664,0.10375955923542837,1784967710.507478,-0.023679224499549324,-1.0843626986276664,-0.049526110044420577,0.018353700637817383,0,0,1784967710.521346,-0.12883673196909018,-1.037735763158646,-0.18165477715031145,1784967710.5213952,-0.10152499403805748,0.04027933001932165,-0.13199529649101965,-0.1073368736083717,0.04136384958413792,-0.13212866710589088,1784967710.521445,0.10462393638833431,0.10494280111761006,1784967710.5166788,4228.09228515625,nan,nan,51.09447479248047,nan
45.883299350738525,1784967710.5660808,SMC,circle,circle_smc_tune_base_p01,1784967710.5622609,-0.024300264040815547,-1.0832591765113906,-0.04446939987504709,0.10306232130326905,0.10373376235068393,1784967710.507478,-0.023679224499549324,-1.0843626986276664,-0.049526110044420577,0.05860280990600586,0,0,1784967710.5606258,-0.12464352604086826,-1.0384967366719144,-0.17739307747379776,1784967710.560661,-0.09729918338504821,0.03972744147143805,-0.12773359681450594,-0.10311113659866095,0.04081139744219928,-0.1278669674293772,1784967710.560702,0.10478495980717796,0.1050664614885644,1784967710.5166788,4228.09228515625,nan,nan,51.09447479248047,nan
45.923075675964355,1784967710.6058571,SMC,circle,circle_smc_tune_base_p01,1784967710.5622609,-0.024300264040815547,-1.0832591765113906,-0.04446939987504709,0.10306232130326905,0.10373376235068393,1784967710.5864193,-0.01424396164744747,-1.0848838322128278,-0.03937236425061027,0.019437789916992188,0,0,1784967710.6008656,-0.12036972827150771,-1.0392533636022234,-0.17305281696812205,1784967710.6009023,-0.09793075705878007,0.0396915652155853,-0.12858341709307497,-0.10783963536234283,0.041417762519054435,-0.13368045271751175,1784967710.6009471,0.10475807174850134,0.10503693827075035,1784967710.567686,4228.146484375,nan,nan,54.497291564941406,nan
45.96334385871887,1784967710.6461253,SMC,circle,circle_smc_tune_base_p01,1784967710.6122584,-0.018027762712121115,-1.0836800769097485,-0.03908431089304554,0.10271665229279112,0.10319552375362313,1784967710.5864193,-0.01424396164744747,-1.0848838322128278,-0.03937236425061027,0.05970597267150879,0,0,1784967710.6409302,-0.11610388097160951,-1.039989527281962,-0.16872391186253055,1784967710.64097,-0.09970839837576871,0.03982492175718921,-0.129639600969485,-0.10354811704088228,0.04085008246305156,-0.12935154761192028,1784967710.6410131,0.10470072176741758,0.10500617735959014,1784967710.6173282,4228.19580078125,nan,nan,48.89479064941406,nan
46.0032262802124,1784967710.6860077,SMC,circle,circle_smc_tune_base_p01,1784967710.6625683,-0.012697883963121387,-1.08388487516967,-0.0336832279731916,0.10388780247391183,0.10388243542291391,1784967710.5864193,-0.01424396164744747,-1.0848838322128278,-0.03937236425061027,0.09958839416503906,0,0,1784967710.6815348,-0.11178255842767282,-1.040715897125554,-0.16434196339146137,1784967710.6815813,-0.10048226662158509,0.03980763084771799,-0.13065873541826978,-0.09920155197508601,0.040294372280299105,-0.1249695991408511,1784967710.6816292,0.10466786427139922,0.10497162984764827,1784967710.6634982,4228.24072265625,nan,nan,45.344661712646484,nan
46.0430691242218,1784967710.7258506,SMC,circle,circle_smc_tune_base_p01,1784967710.7128546,-0.006098013026054778,-1.0842328635320617,-0.027093167682963708,0.10622456649854387,0.10654256493511904,1784967710.7069845,-0.0012137373343749785,-1.0853778146565947,-0.024610493956112915,0.01886606216430664,0,0,1784967710.7205474,-0.10761427592162498,-1.0413981134959385,-0.16011821804539242,1784967710.7205818,-0.10263939378077593,0.040068969131417644,-0.1330250503624287,-0.10745057097801165,0.04134807761355758,-0.1355077240892795,1784967710.7206206,0.10458249697542173,0.1049014639589663,1784967710.7167044,4228.29541015625,nan,nan,54.61040496826172,nan
46.08356213569641,1784967710.7663436,SMC,circle,circle_smc_tune_base_p01,1784967710.7619271,-0.0008024452881452235,-1.084370924247798,-0.02154056819497098,0.10687426991743927,0.10763982954754975,1784967710.7069845,-0.0012137373343749785,-1.0853778146565947,-0.024610493956112915,0.059359073638916016,0,0,1784967710.7609007,-0.10330413464418897,-1.0420845569175354,-0.15575375328556554,1784967710.7609322,-0.09831223866251763,0.03949953872737995,-0.12866058560260182,-0.10312484290377318,0.04076790606112105,-0.13114325932945262,1784967710.760968,0.104747847181896,0.10502796510415927,1784967710.7628744,4228.3408203125,nan,nan,45.42339324951172,nan
46.123668909072876,1784967710.8064504,SMC,circle,circle_smc_tune_base_p01,1784967710.7619271,-0.0008024452881452235,-1.084370924247798,-0.02154056819497098,0.10687426991743927,0.10763982954754975,1784967710.7882583,0.008427791790864642,-1.0852801731818982,-0.02249554948395999,0.018192052841186523,0,0,1784967710.8011575,-0.09902036221742039,-1.0427477084266463,-0.15141895161167643,1784967710.8011928,-0.0990916498311638,0.039498053559108154,-0.12987838341670543,-0.10837767856950967,0.04010480202954413,-0.12892340212771644,1784967710.801231,0.1047121868247348,0.10498732233808009,1784967710.7628744,4228.3408203125,nan,nan,45.42339324951172,nan
46.16304540634155,1784967710.8458269,SMC,circle,circle_smc_tune_base_p01,1784967710.8118832,0.005471258050059758,-1.0846231150092707,-0.017075386818350843,0.10650018654761066,0.10645403494636618,1784967710.7882583,0.008427791790864642,-1.0852801731818982,-0.02249554948395999,0.05756855010986328,0,0,1784967710.8405557,-0.09480604224071798,-1.043381572173131,-0.14715722618595645,1784967710.8405938,-0.10096686285436957,0.03952334012275383,-0.1300818393676056,-0.10415016696494943,0.039565894107493255,-0.12466167670199646,1784967710.840639,0.10466433366303532,0.10498138335850495,1784967710.820023,4228.3984375,nan,nan,57.3297233581543,nan
46.20331692695618,1784967710.8860984,SMC,circle,circle_smc_tune_base_p01,1784967710.8619587,0.010311639286375535,-1.0847114719886248,-0.012867785189602124,0.1029051075106984,0.10269935310882324,1784967710.7882583,0.008427791790864642,-1.0852801731818982,-0.02249554948395999,0.0978400707244873,0,0,1784967710.881023,-0.09049093444319145,-1.0440115827857082,-0.1427963663150458,1784967710.8810666,-0.10131793138367505,0.03939944963787432,-0.12992858112544367,-0.09982197971136934,0.03903310543064198,-0.12030081683108582,1784967710.8811114,0.10465805379393037,0.10498236228374769,1784967710.8620985,4228.44091796875,nan,nan,42.77653884887695,nan
46.2430944442749,1784967710.925876,SMC,circle,circle_smc_tune_base_p01,1784967710.9116554,0.01664431493740921,-1.0848738513218739,-0.008260585220455693,0.10266016020564614,0.10171366947821193,1784967710.9095426,0.02319772857263469,-1.0853446817347046,-0.009322686813362882,0.016333341598510742,0,0,1784967710.921359,-0.08622723717325531,-1.0446152284549648,-0.13849014626041914,1784967710.9213998,-0.1032005982966793,0.039407479746928896,-0.13022956103996344,-0.10979991301904499,0.03970756343526838,-0.12916745944705627,1784967710.92145,0.10460865337396258,0.10497259729023219,1784967710.912882,4228.4912109375,nan,nan,50.200252532958984,nan
46.28344488143921,1784967710.9662263,SMC,circle,circle_smc_tune_base_p01,1784967710.9618855,0.02186677497614228,-1.0849097231203888,-0.00252879908163494,0.1031994440486517,0.10381285821060894,1784967710.9095426,0.02319772857263469,-1.0853446817347046,-0.009322686813362882,0.05668377876281738,0,0,1784967710.9607067,-0.08196929879162163,-1.045199385135323,-0.13419232044712562,1784967710.9607494,-0.09893797976810033,0.03885851565993278,-0.1259317352266699,-0.10553671383918843,0.039163126990982365,-0.12486963363376273,1784967710.9607985,0.10477024434004406,0.10509755934777543,1784967710.9645271,4228.54248046875,nan,nan,51.45743942260742,nan
46.323585510253906,1784967711.006367,SMC,circle,circle_smc_tune_base_p01,1784967710.9618855,0.02186677497614228,-1.0849097231203888,-0.00252879908163494,0.1031994440486517,0.10381285821060894,1784967710.9869049,0.032517323928968236,-1.0857526378752052,0.00205516125403471,0.019462108612060547,0,0,1784967711.0015252,-0.07760047828689554,-1.0457793922828038,-0.12978516350285066,1784967711.0015619,-0.09956588786460051,0.038878673291226906,-0.12725636442121574,-0.11003541825662866,0.04019947085635977,-0.13184032475688537,1784967711.0016024,0.10473711234289286,0.10505407696233371,1784967710.9645271,4228.54248046875,nan,nan,51.45743942260742,nan
46.36343765258789,1784967711.046219,SMC,circle,circle_smc_tune_base_p01,1784967711.0121012,0.028671855329561506,-1.0850200771258292,0.0037621477107153403,0.10620004180612536,0.1067200947853922,1784967710.9869049,0.032517323928968236,-1.0857526378752052,0.00205516125403471,0.05931425094604492,0,0,1784967711.0409374,-0.07336535992637394,-1.0463229617504293,-0.12551530132786337,1784967711.0409706,-0.10189090923130034,0.03908071969119852,-0.1292774490385787,-0.1058014259621351,0.03964719869163402,-0.12757046258189808,1784967711.0410085,0.10465339080997581,0.10499344235508733,1784967711.0132864,4228.59130859375,nan,nan,48.57804870605469,nan
46.403563261032104,1784967711.0863447,SMC,circle,circle_smc_tune_base_p01,1784967711.0626554,0.034273706969936917,-1.084994460408655,0.009649092770257911,0.10785176169201835,0.10834412185855771,1784967710.9869049,0.032517323928968236,-1.0857526378752052,0.00205516125403471,0.09943985939025879,0,0,1784967711.0814922,-0.06902443984366835,-1.0468610505866298,-0.12114115486637657,1784967711.081534,-0.10292539096504731,0.03912835256526695,-0.1307902476366345,-0.10146162090532075,0.03910018970731199,-0.12319631612041126,1784967711.0815794,0.10460737784913,0.10494460349762108,1784967711.0637124,4228.64208984375,nan,nan,50.947696685791016,nan
46.443302392959595,1784967711.1260839,SMC,circle,circle_smc_tune_base_p01,1784967711.1122582,0.040603377972537526,-1.0851023065365308,0.015427224338167895,0.10678609939898882,0.10786173850927365,1784967711.1070974,0.046124989800407995,-1.08625178748498,0.01835847959042212,0.01898646354675293,0,0,1784967711.1215148,-0.06474181746384233,-1.047373035068839,-0.11682803402439591,1784967711.1215527,-0.10475062479911791,0.0393499012858517,-0.1322552583625638,-0.1101344101696428,0.04090743256413061,-0.13518651361481804,1784967711.1215935,0.10454282249989087,0.1049031547641096,1784967711.1166182,4228.6923828125,nan,nan,50.099239349365234,nan
46.48312020301819,1784967711.1659017,SMC,circle,circle_smc_tune_base_p01,1784967711.1627219,0.04578647362453142,-1.0850193524180398,0.020879707598124946,0.10530077545915799,0.1078941252728683,1784967711.1070974,0.046124989800407995,-1.08625178748498,0.01835847959042212,0.05880427360534668,0,0,1784967711.1610754,-0.060492361409696604,-1.047862550195087,-0.11255047283665244,1784967711.1611125,-0.10050922597873842,0.0387948896991036,-0.12797769717482033,-0.10589465644914431,0.0403399907570169,-0.13090895242707457,1784967711.161156,0.10470455732294877,0.10502723975080944,1784967711.1625595,4228.74169921875,nan,nan,49.16179656982422,nan
46.523269176483154,1784967711.2060506,SMC,circle,circle_smc_tune_base_p01,1784967711.1627219,0.04578647362453142,-1.0850193524180398,0.020879707598124946,0.10530077545915799,0.1078941252728683,1784967711.1889434,0.054715662751651455,-1.0855356330126833,0.018558538864585188,0.017107248306274414,0,0,1784967711.201258,-0.05621248720975203,-1.04833696619274,-0.10824438152805829,1784967711.201303,-0.10121086594913736,0.03880394418459935,-0.12912408912618323,-0.11021873433212154,0.03925080724349485,-0.1268029203926435,1784967711.2013462,0.10467184583572459,0.1049893285019472,1784967711.1625595,4228.74169921875,nan,nan,49.16179656982422,nan
46.56311273574829,1784967711.2458942,SMC,circle,circle_smc_tune_base_p01,1784967711.21252,0.05194225816163109,-1.0850143238442813,0.02514843476292686,0.10502995501931026,0.10674446740395284,1784967711.1889434,0.054715662751651455,-1.0855356330126833,0.018558538864585188,0.05695080757141113,0,0,1784967711.2414563,-0.051861589956483156,-1.0488001456507154,-0.10386889610783115,1784967711.2414947,-0.10286039089624784,0.03881295622643251,-0.129017330870758,-0.10587718176452812,0.03870696588646495,-0.12242743497241634,1784967711.241538,0.10463374127975769,0.10499318751185581,1784967711.2137926,4228.7919921875,nan,nan,50.304534912109375,nan
46.60332798957825,1784967711.2861094,SMC,circle,circle_smc_tune_base_p01,1784967711.2620828,0.05701405403579407,-1.0848876329244324,0.030230178183139795,0.10410303972103747,0.10605980727247115,1784967711.1889434,0.054715662751651455,-1.0855356330126833,0.018558538864585188,0.09716606140136719,0,0,1784967711.2812827,-0.047585086215365724,-1.0492366561567357,-0.09957016907230923,1784967711.2813265,-0.10347377797656138,0.03879625699767862,-0.12980034725544903,-0.10160951498979989,0.038191169444505374,-0.11812870793689442,1784967711.2813747,0.10460810695113339,0.10496653032474099,1784967711.2636285,4228.8427734375,nan,nan,50.76849365234375,nan
46.643123626708984,1784967711.325905,SMC,circle,circle_smc_tune_base_p01,1784967711.312242,0.06344921824747844,-1.0847646239975086,0.03682585157701474,0.10564356011912497,0.10845885506697456,1784967711.3065917,0.06816762217768138,-1.085268864015886,0.039246570412965934,0.019313335418701172,0,0,1784967711.321308,-0.04327221860391983,-1.0496580779806095,-0.09523675785557309,1784967711.3213437,-0.1053565439832733,0.03901196350818864,-0.13206260943258782,-0.10995678431463093,0.03995587289328829,-0.13448332826853904,1784967711.3213832,0.10453102215199384,0.10489831180252003,1784967711.314401,4228.892578125,nan,nan,50.22038650512695,nan
46.68327307701111,1784967711.3660545,SMC,circle,circle_smc_tune_base_p01,1784967711.3620417,0.06870993446156178,-1.0845693071768883,0.042234300858927,0.10568847643086406,0.10849278991788362,1784967711.3065917,0.06816762217768138,-1.085268864015886,0.039246570412965934,0.059462785720825195,0,0,1784967711.3614712,-0.03896382216230476,-1.050060236115744,-0.09090962944523386,1784967711.3615127,-0.10106587508174922,0.038451453524985434,-0.1277354810222486,-0.1056674848202514,0.03938497805946,-0.13015619985819982,1784967711.3615606,0.10469453328381637,0.10502386575009123,1784967711.3642128,4228.94189453125,nan,nan,49.19321060180664,nan
46.72317409515381,1784967711.4059556,SMC,circle,circle_smc_tune_base_p01,1784967711.3620417,0.06870993446156178,-1.0845693071768883,0.042234300858927,0.10568847643086406,0.10849278991788362,1784967711.3948164,0.07690625709336255,-1.0850521537651359,0.04265042718769651,0.011139154434204102,0,0,1784967711.4009519,-0.0347130092281438,-1.0504386000160562,-0.08664200745121532,1784967711.4009924,-0.10188965972277617,0.03846696887355918,-0.12887630831014232,-0.11004192537753028,0.03934124269132643,-0.12929243463891182,1784967711.4010344,0.10465899730636395,0.1049863553521139,1784967711.3642128,4228.94189453125,nan,nan,49.19321060180664,nan
46.76311445236206,1784967711.445896,SMC,circle,circle_smc_tune_base_p01,1784967711.4120176,0.07480048385370774,-1.0844386649776823,0.04713394669179927,0.1063355570571109,0.10837276462639647,1784967711.3948164,0.07690625709336255,-1.0850521537651359,0.04265042718769651,0.051079511642456055,0,0,1784967711.4405575,-0.03044311886895268,-1.050800264447289,-0.0823568244983346,1784967711.4405963,-0.10354179572178424,0.038559751594073426,-0.12949077119013389,-0.10579133848715738,0.03879784971407864,-0.1250072516860311,1784967711.44064,0.10461079699030766,0.10496896601346464,1784967711.4261603,4229.00341796875,nan,nan,61.251121520996094,nan
46.803197622299194,1784967711.485979,SMC,circle,circle_smc_tune_base_p01,1784967711.462177,0.08004189069148669,-1.0841825763533448,0.0527822443825759,0.10568904720130687,0.10909034587362056,1784967711.3948164,0.07690625709336255,-1.0850521537651359,0.04265042718769651,0.09116268157958984,0,0,1784967711.4806726,-0.02612225024350412,-1.051147497006234,-0.0780220228244455,1784967711.4807127,-0.10427343434567951,0.03859005283349278,-0.1308042672070214,-0.10148920435081207,0.03826670189918181,-0.120672450012142,1784967711.4807556,0.10457482733028639,0.10492619285421571,1784967711.4645696,4229.04296875,nan,nan,39.64805603027344,nan
46.843233823776245,1784967711.5260153,SMC,circle,circle_smc_tune_base_p01,1784967711.5118,0.08602478094526203,-1.0839953599077365,0.057809735526416245,0.1039174954729555,0.10682815980302612,1784967711.5088968,0.09128879792152758,-1.0845465578720308,0.059847818711018824,0.017118453979492188,0,0,1784967711.5206647,-0.02182089703167578,-1.0514744472691757,-0.07370825825230144,1784967711.5207064,-0.10578654151974756,0.03869764399082969,-0.1315179937787177,-0.11092907710625509,0.03977822827236913,-0.13355607696332028,1784967711.52075,0.1045284314976307,0.10490598834040374,1784967711.5195098,4229.09814453125,nan,nan,55.28656768798828,nan
46.88323140144348,1784967711.5660129,SMC,circle,circle_smc_tune_base_p01,1784967711.5620008,0.09121136122512696,-1.0836930966150786,0.06299798265245503,0.10380642220970632,0.10626199023023138,1784967711.5088968,0.09128879792152758,-1.0845465578720308,0.059847818711018824,0.057116031646728516,0,0,1784967711.5609946,-0.01748619281857411,-1.0517850618570344,-0.06936243591801207,1784967711.561036,-0.10147702505282138,0.03813709973872821,-0.12717217144442833,-0.1066207120247476,0.03920890203749241,-0.1292102546290309,1784967711.5610821,0.10469239867206391,0.10503216427647666,1784967711.5640328,4229.14208984375,nan,nan,43.93986129760742,nan
46.923349142074585,1784967711.6061306,SMC,circle,circle_smc_tune_base_p01,1784967711.5620008,0.09121136122512696,-1.0836930966150786,0.06299798265245503,0.10380642220970632,0.10626199023023138,1784967711.5865977,0.10049431498282449,-1.0840886131612142,0.06814630475648516,0.01953291893005371,0,0,1784967711.6008003,-0.013198665682816024,-1.0520736776877346,-0.06506520233646931,1784967711.6008406,-0.10221226472361511,0.03812996606725325,-0.12806318498892433,-0.11124908098860202,0.0396823880985033,-0.13321150709295448,1784967711.6009681,0.10466250564676238,0.1050022260359443,1784967711.5640328,4229.14208984375,nan,nan,43.93986129760742,nan
46.96324133872986,1784967711.6460228,SMC,circle,circle_smc_tune_base_p01,1784967711.6119673,0.09776185723019713,-1.083393038847195,0.06911585756682756,0.1065148496387197,0.10794561087686678,1784967711.5865977,0.10049431498282449,-1.0840886131612142,0.06814630475648516,0.05942511558532715,0,0,1784967711.6406038,-0.008892075212072692,-1.0523449530609736,-0.060750073056378605,1784967711.6406424,-0.10425508384696117,0.03833956740042741,-0.12986593062320617,-0.10697095848631283,0.039118491240709166,-0.12889637781286375,1784967711.6406832,0.10458843858304732,0.10494912122590737,1784967711.621348,4229.2001953125,nan,nan,57.94492721557617,nan
47.00322151184082,1784967711.686003,SMC,circle,circle_smc_tune_base_p01,1784967711.6622252,0.10328725586655864,-1.0830079053231743,0.07449247340692336,0.10787033685560418,0.10778254556201852,1784967711.5865977,0.10049431498282449,-1.0840886131612142,0.06814630475648516,0.09940528869628906,0,0,1784967711.6813319,-0.004517487063054437,-1.05260141788269,-0.05636797009006969,1784967711.6813807,-0.10524280983864033,0.03834537852018263,-0.13086044349699305,-0.10262398762914005,0.03856474035339657,-0.12451427484655485,1784967711.6814344,0.1045507708159676,0.10491616450077298,1784967711.6666331,4229.24560546875,nan,nan,45.57941818237305,nan
47.04307794570923,1784967711.7258594,SMC,circle,circle_smc_tune_base_p01,1784967711.712235,0.10960117784480101,-1.082674024741833,0.08014753166993524,0.10874975019963548,0.10844122244288694,1784967711.7058072,0.11327742951101175,-1.083313958343155,0.08000077096367147,0.020052194595336914,0,0,1784967711.7214873,-0.00022865446557585045,-1.0528341882332417,-0.052072822194256824,1784967711.7215319,-0.10708823855274409,0.038537216711323756,-0.1322203538641921,-0.11070724626607381,0.03945317616917815,-0.1320735931579283,1784967711.7215812,0.10448721681320657,0.10487722876157106,1784967711.7148798,4229.29248046875,nan,nan,46.62824630737305,nan
47.083136796951294,1784967711.7659183,SMC,circle,circle_smc_tune_base_p01,1784967711.7620494,0.1146443453830328,-1.0822714256748753,0.08500606204407386,0.10618860113026632,0.10664068549062097,1784967711.7058072,0.11327742951101175,-1.083313958343155,0.08000077096367147,0.060111045837402344,0,0,1784967711.7608058,0.004065150643949522,-1.0530487271589604,-0.04777365742222297,1784967711.7608407,-0.10282539332581976,0.0379795969120669,-0.12792118909215822,-0.10644431924838231,0.03889618199410044,-0.12777442838589445,1784967711.7608767,0.10464974803697251,0.10500194692733028,1784967711.7646549,4229.34375,nan,nan,51.40811538696289,nan
47.12345337867737,1784967711.8062348,SMC,circle,circle_smc_tune_base_p01,1784967711.7620494,0.1146443453830328,-1.0822714256748753,0.08500606204407386,0.10618860113026632,0.10664068549062097,1784967711.7880325,0.12282999776737481,-1.082598115023234,0.09404038686221268,0.01820230484008789,0,0,1784967711.8006458,0.008359478259802433,-1.0532447887160399,-0.04347485313908119,1784967711.8006797,-0.10343661991282674,0.03794580732508114,-0.12848091518315508,-0.11120839568396795,0.03997261976688724,-0.13751524000129386,1784967711.8007164,0.10462735000305108,0.10498216307139753,1784967711.7646549,4229.34375,nan,nan,51.40811538696289,nan
47.16324830055237,1784967711.8460298,SMC,circle,circle_smc_tune_base_p01,1784967711.8129137,0.12059362810199559,-1.081857622541365,0.09166944185963818,0.10412599313725203,0.10790422808398027,1784967711.7880325,0.12282999776737481,-1.082598115023234,0.09404038686221268,0.05799722671508789,0,0,1784967711.8413303,0.012749473681465506,-1.0534261018593252,-0.039081111531414935,1784967711.8413723,-0.10478869605871302,0.038184318630650686,-0.13075055339105313,-0.1068548232677389,0.03937987911972324,-0.1331214983936276,1784967711.84142,0.10456321754032397,0.10491445884131992,1784967711.814301,4229.39306640625,nan,nan,49.43826675415039,nan
47.20324754714966,1784967711.886029,SMC,circle,circle_smc_tune_base_p01,1784967711.8621833,0.1254822640191468,-1.0814009367183872,0.0973563192914611,0.10255973350426711,0.10912385202265218,1784967711.7880325,0.12282999776737481,-1.082598115023234,0.09404038686221268,0.09799647331237793,0,0,1784967711.88081,0.01702756137608641,-1.0535842089347984,-0.03480009994999403,1784967711.8808446,-0.10523726973918765,0.03822708369497195,-0.13215641924145513,-0.10261048501740527,0.0388207503448096,-0.12884048681220675,1784967711.8808825,0.10453255016162741,0.10486902214845056,1784967711.8672082,4229.4462890625,nan,nan,53.04404830932617,nan
47.243186235427856,1784967711.9259677,SMC,circle,circle_smc_tune_base_p01,1784967711.9118059,0.13172760698741817,-1.080923410192377,0.10347324102813722,0.10336341917328996,0.11057762349545089,1784967711.9073164,0.1369855516231154,-1.0813406636041878,0.10454434994577162,0.018651247024536133,0,0,1784967711.921329,0.02137392419767581,-1.0537260626589668,-0.030451419453778848,1784967711.9213676,-0.10695426858323978,0.03845016839932408,-0.1339246604819161,-0.11209871823806573,0.03952836893555316,-0.13499576939955046,1784967711.9214103,0.10446601031632156,0.10481751693058027,1784967711.9141915,4229.4931640625,nan,nan,46.91023635864258,nan
47.28324007987976,1784967711.9660215,SMC,circle,circle_smc_tune_base_p01,1784967711.9625854,0.13710003554598096,-1.0803651448707616,0.1090968205913924,0.10446083377600673,0.11060412868084725,1784967711.9073164,0.1369855516231154,-1.0813406636041878,0.10454434994577162,0.05870509147644043,0,0,1784967711.9608161,0.025651337945363784,-1.0538471965375185,-0.02617228756443548,1784967711.9608572,-0.10271224469036076,0.03788787392337178,-0.1296455285925727,-0.10785729905708134,0.03896153111340215,-0.13071663751020707,1784967711.9608982,0.10462854669315351,0.10494141151102664,1784967711.964075,4229.54296875,nan,nan,49.96160888671875,nan
47.32310914993286,1784967712.0058906,SMC,circle,circle_smc_tune_base_p01,1784967711.9625854,0.13710003554598096,-1.0803651448707616,0.1090968205913924,0.10446083377600673,0.11060412868084725,1784967711.9865193,0.14571190803921716,-1.0804196991789201,0.11432022119676524,0.01937127113342285,0,0,1784967712.0008664,0.02996411270448296,-1.0539507889318143,-0.021858265500226428,1784967712.000904,-0.10362297363768418,0.037922335071203454,-0.13095508609161882,-0.11197291327640285,0.03949964590874234,-0.13617848669699167,1784967712.0009444,0.10458831264255118,0.10489890829931948,1784967711.964075,4229.54296875,nan,nan,49.96160888671875,nan
47.363440990448,1784967712.0462224,SMC,circle,circle_smc_tune_base_p01,1784967712.0121515,0.14324079930138253,-1.0798146894856302,0.11433651976046025,0.10488997355729827,0.10848776115340622,1784967711.9865193,0.14571190803921716,-1.0804196991789201,0.11432022119676524,0.05970311164855957,0,0,1784967712.0409894,0.034301700726468765,-1.0540362029538615,-0.017519833188214727,1784967712.0410314,-0.1052867975135748,0.038038767534173124,-0.13185635294867498,-0.10767338190711881,0.03891999479972988,-0.13184005438497995,1784967712.0410776,0.10453562703349709,0.10487274715284994,1784967712.014676,4229.5927734375,nan,nan,49.969520568847656,nan
47.40334701538086,1784967712.0861285,SMC,circle,circle_smc_tune_base_p01,1784967712.0622373,0.14857886727828443,-1.0792004613961563,0.11983988461494124,0.10574735692304471,0.10872172249713086,1784967711.9865193,0.14571190803921716,-1.0804196991789201,0.11432022119676524,0.0996091365814209,0,0,1784967712.081114,0.03863240933812806,-1.0541027028408727,-0.013188610654034672,1784967712.0811565,-0.10615738055565777,0.038062207655982616,-0.1330284952689759,-0.10337852748184678,0.03835991910860076,-0.12750883185079992,1784967712.0812035,0.10449801594606818,0.10483445707956689,1784967712.0663047,4229.64453125,nan,nan,51.28327560424805,nan
47.443461656570435,1784967712.126243,SMC,circle,circle_smc_tune_base_p01,1784967712.1120594,0.15493444706667284,-1.078557386619963,0.12627077374844178,0.10699688795718691,0.11043042885381406,1784967712.1090012,0.15965940973676201,-1.0789170543375375,0.1287725382015824,0.017241954803466797,0,0,1784967712.1208532,0.04292626220877693,-1.0541501155660977,-0.008894492726483594,1784967712.1208923,-0.10804268249553062,0.038318756694697045,-0.13516526647492538,-0.11258613379799425,0.03955238885729553,-0.137667030928066,1784967712.1209347,0.1044219156559706,0.10477178300732572,1784967712.1151223,4229.693359375,nan,nan,48.91121292114258,nan
47.48305940628052,1784967712.1658409,SMC,circle,circle_smc_tune_base_p01,1784967712.1619313,0.16009024271712458,-1.077907770451552,0.13107183422515603,0.10598540248517664,0.10807982934400645,1784967712.1090012,0.15965940973676201,-1.0789170543375375,0.1287725382015824,0.056839704513549805,0,0,1784967712.1606498,0.047232200843356775,-1.0541791443741364,-0.0045884529163029665,1784967712.1606846,-0.1037746816381155,0.03774768850475183,-0.13085922666474473,-0.10831957497351581,0.038970644932764496,-0.13336099111788535,1784967712.1607268,0.10458602304106267,0.10489628206133357,1784967712.1151223,4229.693359375,nan,nan,48.91121292114258,nan
47.52337956428528,1784967712.206161,SMC,circle,circle_smc_tune_base_p01,1784967712.1619313,0.16009024271712458,-1.077907770451552,0.13107183422515603,0.10598540248517664,0.10807982934400645,1784967712.1851501,0.1689160633429246,-1.0776127082779232,0.1351357978486207,0.021010875701904297,0,0,1784967712.2013087,0.051595362043973525,-1.0541896459311981,-0.00022527561680376685,1784967712.2013698,-0.10446436823225001,0.03769461941552367,-0.1312971098419598,-0.11309542466652463,0.039015531810738205,-0.13536107346542448,1784967712.2014384,0.10456328943069408,0.10487991698578546,1784967712.168673,4229.74609375,nan,nan,53.0414924621582,nan
47.56343173980713,1784967712.2462132,SMC,circle,circle_smc_tune_base_p01,1784967712.212385,0.16649859896049987,-1.0771659863023144,0.1369707007286145,0.10702648540347272,0.10896102528332118,1784967712.1851501,0.1689160633429246,-1.0776127082779232,0.1351357978486207,0.06106305122375488,0,0,1784967712.241144,0.05591995554897844,-1.0541812690668688,0.004099329371294513,1784967712.24118,-0.10640458456392167,0.03786816590363262,-0.13287137135732,-0.10880912971395233,0.03844120199700751,-0.1310364684773262,1784967712.2412205,0.10449433248771715,0.10483322648487708,1784967712.2143166,4229.79345703125,nan,nan,47.00309371948242,nan
47.603426694869995,1784967712.2862082,SMC,circle,circle_smc_tune_base_p01,1784967712.2621808,0.17182948262415057,-1.0764288675339082,0.14250100652537984,0.10739084481350358,0.1093036512847246,1784967712.1851501,0.1689160633429246,-1.0776127082779232,0.1351357978486207,0.1010580062866211,0,0,1784967712.281066,0.06023638742354964,-1.0541542582566565,0.008415849108538187,1784967712.2811062,-0.10729855412285978,0.03789719512112129,-0.13408515741684165,-0.10452841152662172,0.037886435818929365,-0.12671994874008252,1784967712.2811496,0.10445543161226732,0.10479373459014266,1784967712.271469,4229.85009765625,nan,nan,57.02460479736328,nan
47.64323616027832,1784967712.3260176,SMC,circle,circle_smc_tune_base_p01,1784967712.31199,0.17825728356637993,-1.0756487480632042,0.14868671838691785,0.10919006537897784,0.11054196243970262,1784967712.30519,0.1822902292001357,-1.0761132219064764,0.1501746616428814,0.020827531814575195,0,0,1784967712.321643,0.06461440406130858,-1.0541078277271838,0.012794115443072162,1784967712.3216784,-0.10919793796869301,0.038138243988317264,-0.1358926029438457,-0.11305913392485167,0.039363300563498446,-0.13738054619980924,1784967712.3217175,0.10438357597162384,0.10474152136814906,1784967712.3143566,4229.89306640625,nan,nan,42.97269821166992,nan
47.683109283447266,1784967712.3658907,SMC,circle,circle_smc_tune_base_p01,1784967712.3620136,0.18374374052839676,-1.0748218734438937,0.15455172228544542,0.10978910087916277,0.11164448031825543,1784967712.30519,0.1822902292001357,-1.0761132219064764,0.1501746616428814,0.06070065498352051,0,0,1784967712.3608124,0.06884722861455739,-1.0540447083988413,0.017027413744768547,1784967712.3608484,-0.10500246590787883,0.03757361850613986,-0.13165930464214934,-0.10886450663874041,0.038792433084299346,-0.13314724789811286,1784967712.360886,0.10454524685315854,0.10486381046213301,1784967712.3649497,4229.94384765625,nan,nan,50.74308395385742,nan
47.723509073257446,1784967712.4062905,SMC,circle,circle_smc_tune_base_p01,1784967712.3620136,0.18374374052839676,-1.0748218734438937,0.15455172228544542,0.10978910087916277,0.11164448031825543,1784967712.392212,0.19173253557107411,-1.0747133940166396,0.15711014308515547,0.014078617095947266,0,0,1784967712.401063,0.07317306772377974,-1.0539616821813909,0.021354052920184087,1784967712.4011045,-0.10604158175821304,0.03763248865262689,-0.13319766936526134,-0.11385232984923198,0.039046484454154276,-0.1357560901649714,1784967712.4011488,0.10449837021040895,0.10481449397624552,1784967712.3649497,4229.94384765625,nan,nan,50.74308395385742,nan
47.76293420791626,1784967712.4457157,SMC,circle,circle_smc_tune_base_p01,1784967712.4122107,0.18958558106762863,-1.0740686232534122,0.15925582097429888,0.10716075624693949,0.10897250227308593,1784967712.392212,0.19173253557107411,-1.0747133940166396,0.15711014308515547,0.05350375175476074,0,0,1784967712.4406722,0.07747549491314865,-1.0538605312888056,0.025657672304949062,1784967712.440706,-0.10748672733480522,0.03773117868909159,-0.13359814866934983,-0.10958706668105338,0.03847321198048169,-0.1314524707802064,1784967712.4407427,0.10445793411835487,0.10480443433399139,1784967712.4152713,4229.994140625,nan,nan,50.235713958740234,nan
47.803213596343994,1784967712.485995,SMC,circle,circle_smc_tune_base_p01,1784967712.4618616,0.19449009145371293,-1.073278842865363,0.16444386530512534,0.10463369246446003,0.1082339154261413,1784967712.392212,0.19173253557107411,-1.0747133940166396,0.15711014308515547,0.09378314018249512,0,0,1784967712.4808242,0.08180655621566246,-1.053739992544408,0.02999041404231548,1784967712.4808602,-0.10796480098899972,0.037721976790928285,-0.13445345126280986,-0.10529048855738496,0.03791460834439653,-0.12711972904284,1784967712.4808967,0.10443411705985725,0.10477561751760395,1784967712.4644713,4230.04345703125,nan,nan,49.128204345703125,nan
47.843327045440674,1784967712.5261085,SMC,circle,circle_smc_tune_base_p01,1784967712.511808,0.20069350396180644,-1.072341229657499,0.17040153992972798,0.10420554307927843,0.10921352680237825,1784967712.5085368,0.20629937124827652,-1.0720632863102606,0.17153105794491455,0.017571687698364258,0,0,1784967712.5216527,0.086144800549103,-1.0536004236202745,0.03433090629085076,1784967712.5216973,-0.10971163632312853,0.03789432833232369,-0.13607063363887723,-0.11523980533738272,0.03870123285392993,-0.1372001516540638,1784967712.5217414,0.10436864069989946,0.10472745648978155,1784967712.5157323,4230.09423828125,nan,nan,50.96735763549805,nan
47.88335633277893,1784967712.5661378,SMC,circle,circle_smc_tune_base_p01,1784967712.5627282,0.20585759832881886,-1.0714493730890327,0.17598097943430266,0.10375301184611294,0.10928770282288765,1784967712.5085368,0.20629937124827652,-1.0720632863102606,0.17153105794491455,0.057600975036621094,0,0,1784967712.5610507,0.09045965293021863,-1.0534429057257642,0.03864863624080137,1784967712.561089,-0.10543256542732692,0.03731786044370047,-0.13175290368892661,-0.11096138830195049,0.03811993204640135,-0.13288242170411318,1784967712.5611343,0.10453359693337,0.10485216522515912,1784967712.5157323,4230.09423828125,nan,nan,50.96735763549805,nan
47.923202991485596,1784967712.6059844,SMC,circle,circle_smc_tune_base_p01,1784967712.5627282,0.20585759832881886,-1.0714493730890327,0.17598097943430266,0.10375301184611294,0.10928770282288765,1784967712.5887055,0.21502376634738282,-1.0701712434245947,0.17883478390917276,0.01727890968322754,0,0,1784967712.6007996,0.09473854109068569,-1.0532682736013936,0.04293108977778878,1784967712.6008396,-0.1062198145243054,0.03735436068912305,-0.13304988965651388,-0.11536012031466933,0.038030099196339644,-0.13590369413138398,1784967712.600884,0.1044962110372773,0.1048101490344203,1784967712.5662873,4230.14501953125,nan,nan,50.80958938598633,nan
47.9633104801178,1784967712.646092,SMC,circle,circle_smc_tune_base_p01,1784967712.6126103,0.2120805671057619,-1.0703875864881673,0.18164532036772607,0.10476105215110716,0.11009377693027468,1784967712.5887055,0.21502376634738282,-1.0701712434245947,0.17883478390917276,0.05738639831542969,0,0,1784967712.6410706,0.09908541870284882,-1.053072067022515,0.04728239669307197,1784967712.6411133,-0.10800811450472245,0.03744299638245448,-0.1343629236746541,-0.11104766647507093,0.03744994070243193,-0.1315523872161008,1784967712.6411602,0.10443438768847095,0.10476933575692668,1784967712.6145604,4230.193359375,nan,nan,48.39963150024414,nan
48.0033438205719,1784967712.6861253,SMC,circle,circle_smc_tune_base_p01,1784967712.6619618,0.21705315459704697,-1.0694786700291972,0.18651041434655732,0.10393561853022062,0.10821042782555315,1784967712.5887055,0.21502376634738282,-1.0701712434245947,0.17883478390917276,0.09741973876953125,0,0,1784967712.6807096,0.10337637146825396,-1.0528597901695194,0.05157860030635295,1784967712.680743,-0.10862366518910438,0.03740985901051215,-0.13493181404020438,-0.10678738694268765,0.0368955442709752,-0.12725618360281982,1784967712.6807806,0.1044113666910825,0.10474926816567692,1784967712.6685126,4230.24755859375,nan,nan,53.97195816040039,nan
48.043163776397705,1784967712.7259452,SMC,circle,circle_smc_tune_base_p01,1784967712.712094,0.22329494076860731,-1.0683669513792717,0.19241348557652357,0.10548216817619865,0.10924194081447368,1784967712.710844,0.22796999057799333,-1.067945335797559,0.1932076347874317,0.015101194381713867,0,0,1784967712.7208965,0.10769915162577515,-1.0526272465586295,0.05590763415797692,1784967712.7209332,-0.11045265592993958,0.037554434803594744,-0.13650585141854665,-0.11509181377021697,0.03812601425908436,-0.13730000062945477,1784967712.7209759,0.10434447001525791,0.10470161944616826,1784967712.715773,4230.29443359375,nan,nan,46.81489562988281,nan
48.08307194709778,1784967712.7658534,SMC,circle,circle_smc_tune_base_p01,1784967712.7626724,0.2286347473814954,-1.067318534767229,0.1985097564397894,0.10632049116336664,0.11117560540181629,1784967712.710844,0.22796999057799333,-1.067945335797559,0.1932076347874317,0.05500936508178711,0,0,1784967712.7609587,0.11200633696709739,-1.0523768689790016,0.06022209395869702,1784967712.7610064,-0.10617707794776605,0.03697653566426808,-0.13219139161782656,-0.11081669607438636,0.037544719855466556,-0.13298554082873468,1784967712.7610562,0.10450949699387735,0.10482617146821471,1784967712.715773,4230.29443359375,nan,nan,46.81489562988281,nan
48.1233971118927,1784967712.8061786,SMC,circle,circle_smc_tune_base_p01,1784967712.7626724,0.2286347473814954,-1.067318534767229,0.1985097564397894,0.10632049116336664,0.11117560540181629,1784967712.7877078,0.23757749073520118,-1.0659953110032523,0.19962102760065087,0.01847076416015625,0,0,1784967712.8011274,0.11634845286836015,-1.052105580119859,0.06457267989619694,1784967712.8011627,-0.107081041235812,0.03705801576511897,-0.13393707654359246,-0.11606734265975177,0.03765336922556635,-0.13504834770445395,1784967712.801201,0.10446278871654094,0.10477069797405088,1784967712.7701483,4230.34912109375,nan,nan,54.804115295410156,nan
48.163241386413574,1784967712.8460228,SMC,circle,circle_smc_tune_base_p01,1784967712.8120134,0.23469024825615278,-1.0661746449676588,0.20328738426163873,0.10578444600724737,0.10955610732918962,1784967712.7877078,0.23757749073520118,-1.0659953110032523,0.19962102760065087,0.05831503868103027,0,0,1784967712.840938,0.12061189767341451,-1.051820746676606,0.06884563197596957,1784967712.8410053,-0.1088313597579589,0.03708961581173023,-0.13444175228566918,-0.1118320803311498,0.037087114244073585,-0.1307753956246813,1784967712.8410656,0.10441348901122631,0.10475492878420203,1784967712.815548,4230.39404296875,nan,nan,44.73491287231445,nan
48.20366549491882,1784967712.886447,SMC,circle,circle_smc_tune_base_p01,1784967712.8621976,0.23965395316349442,-1.0651483698831639,0.2087161041593657,0.1040768477278123,0.10932479697877162,1784967712.7877078,0.23757749073520118,-1.0659953110032523,0.19962102760065087,0.0987391471862793,0,0,1784967712.881002,0.12497454785631079,-1.051510334594556,0.07321931495173903,1784967712.881035,-0.10936474812037386,0.03710409514743341,-0.13549678920762667,-0.10749451047485668,0.03652625773766133,-0.12640171264891187,1784967712.8810728,0.10438535540407752,0.10472024353132689,1784967712.8652358,4230.4443359375,nan,nan,50.38423538208008,nan
48.243098735809326,1784967712.9258802,SMC,circle,circle_smc_tune_base_p01,1784967712.9118252,0.245713506337664,-1.063936506754714,0.21424857271166778,0.10288493862622922,0.10898802083797503,1784967712.9082162,0.25165589594490156,-1.0631599869926616,0.21520757585614514,0.017663955688476562,0,0,1784967712.9215038,0.12926222327886816,-1.0511865623824774,0.07751920070155614,1784967712.9215457,-0.11107798439789693,0.03721751992859659,-0.13672937201011165,-0.11701337865563119,0.03783441847273155,-0.13768837515458898,1784967712.9215891,0.10432617440185007,0.10468293826394949,1784967712.9156742,4230.494140625,nan,nan,50.04259490966797,nan
48.28305530548096,1784967712.9658368,SMC,circle,circle_smc_tune_base_p01,1784967712.9620051,0.2507308618607689,-1.0628388330376266,0.2199938309382392,0.1027090182623299,0.10992153427465322,1784967712.9082162,0.25165589594490156,-1.0631599869926616,0.21520757585614514,0.05762052536010742,0,0,1784967712.9608054,0.13355090487595578,-1.0508441567823485,0.08182153262599431,1784967712.960847,-0.10681455739339465,0.03664026641974766,-0.13242704008567344,-0.11275050719948333,0.03725307659005202,-0.13338604323015082,1784967712.9608927,0.10449084002891382,0.10480710754446913,1784967712.9156742,4230.494140625,nan,nan,50.04259490966797,nan
48.32337832450867,1784967713.0061598,SMC,circle,circle_smc_tune_base_p01,1784967712.9620051,0.2507308618607689,-1.0628388330376266,0.2199938309382392,0.1027090182623299,0.10992153427465322,1784967712.987521,0.2606919422326035,-1.0616159279136947,0.22662155616662974,0.01863884925842285,0,0,1784967713.0008712,0.13785487685067233,-1.050481852187788,0.08614073028071864,1784967713.000911,-0.107458952942108,0.03669136683620072,-0.13385310065752057,-0.1171945708198017,0.0384492502433734,-0.1404808258859111,1784967713.000956,0.1044549295579317,0.10476127553928934,1784967712.967553,4230.54638671875,nan,nan,52.254398345947266,nan
48.363107681274414,1784967713.0458891,SMC,circle,circle_smc_tune_base_p01,1784967713.0124915,0.25714208997685706,-1.0615099972376267,0.2269099450931023,0.10450108414032588,0.11292482520799445,1784967712.987521,0.2606919422326035,-1.0616159279136947,0.22662155616662974,0.05836820602416992,0,0,1784967713.0406632,0.14215693609174485,-1.0501009892379474,0.09045961894496443,1784967713.0406964,-0.1094709894772007,0.0369845040578118,-0.1364503261481379,-0.11291693587396626,0.037853759210337595,-0.1361619372216653,1784967713.040732,0.1043688458939376,0.10468447259698913,1784967713.01544,4230.59423828125,nan,nan,47.87244415283203,nan
48.40353870391846,1784967713.0863202,SMC,circle,circle_smc_tune_base_p01,1784967713.0619183,0.2620082812326144,-1.0603903827595047,0.2318543839438501,0.1032579020825396,0.11080519975213422,1784967712.987521,0.2606919422326035,-1.0616159279136947,0.22662155616662974,0.09879922866821289,0,0,1784967713.080474,0.14643952054864628,-1.049703240776649,0.09476063765986861,1784967713.0805063,-0.11002064739762157,0.0369568748137371,-0.1370937462839815,-0.108654483811727,0.037279097669888274,-0.13186091850676113,1784967713.0805447,0.10434617950491071,0.10466210428432518,1784967713.069981,4230.64892578125,nan,nan,54.2951545715332,nan
48.44325661659241,1784967713.126038,SMC,circle,circle_smc_tune_base_p01,1784967713.1120064,0.2684795866915789,-1.0589798237104044,0.23747999849095489,0.10442245092749183,0.11090824969124266,1784967713.1074512,0.274892080107293,-1.0581968355544569,0.23745143485702677,0.01858687400817871,0,0,1784967713.121214,0.15076803890708446,-1.0492823362300898,0.09910957564815057,1784967713.1212764,-0.11212647013091684,0.037117441199964046,-0.13837042284280432,-0.11854427255985933,0.03786160780168993,-0.1383418592088762,1784967713.121325,0.10427670909920406,0.10462490061190532,1784967713.1157975,4230.6943359375,nan,nan,45.76072311401367,nan
48.48332071304321,1784967713.1661022,SMC,circle,circle_smc_tune_base_p01,1784967713.1622264,0.2736227852456359,-1.0577301525282479,0.24328052270091172,0.10480296267961889,0.11168985334583703,1784967713.1074512,0.274892080107293,-1.0581968355544569,0.23745143485702677,0.058650970458984375,0,0,1784967713.161124,0.1550845949046178,-1.048843658948663,0.10344836844905345,1784967713.1611743,-0.10782786239182954,0.03652831902032752,-0.13403163004190144,-0.11424564799505532,0.03727260840615158,-0.1340030664079733,1784967713.1612296,0.10444350088034289,0.1047498896326142,1784967713.1157975,4230.6943359375,nan,nan,45.76072311401367,nan
48.52334928512573,1784967713.2061307,SMC,circle,circle_smc_tune_base_p01,1784967713.1622264,0.2736227852456359,-1.0577301525282479,0.24328052270091172,0.10480296267961889,0.11168985334583703,1784967713.1877747,0.28404893976413,-1.0561911560535653,0.2507117697960577,0.0183560848236084,0,0,1784967713.2007792,0.1593457288666129,-1.0483920424358766,0.10773337115748813,1784967713.200813,-0.1086624982589759,0.03659108343394192,-0.1355471515434236,-0.11886959019166582,0.03849334369780912,-0.14297839863856956,1784967713.2008576,0.10440147453311349,0.10470146439635061,1784967713.1739044,4230.7529296875,nan,nan,58.33425521850586,nan
48.563647985458374,1784967713.2464294,SMC,circle,circle_smc_tune_base_p01,1784967713.2121434,0.27995538739925757,-1.0562665113332206,0.2500008904448785,0.105266822722678,0.11349729464921213,1784967713.1877747,0.28404893976413,-1.0561911560535653,0.2507117697960577,0.05865478515625,0,0,1784967713.2410688,0.16367945113935,-1.047913780828478,0.11209340705379021,1784967713.2411072,-0.11059466756878782,0.03686028981644415,-0.1379074833910883,-0.11455270344351043,0.03788148447713047,-0.13861836274226746,1784967713.24115,0.10432035701276679,0.10463176021417853,1784967713.216746,4230.79541015625,nan,nan,42.69008255004883,nan
48.60330533981323,1784967713.2860868,SMC,circle,circle_smc_tune_base_p01,1784967713.2626805,0.28512314666029787,-1.0549407073308938,0.25600954142801907,0.10537754866793937,0.11440030249640697,1784967713.1877747,0.28404893976413,-1.0561911560535653,0.2507117697960577,0.0983121395111084,0,0,1784967713.2809203,0.16795741645145967,-1.0474229010215508,0.11639944686397084,1784967713.2809563,-0.11144340708224586,0.03694174826637056,-0.13961009456404821,-0.11028669998113826,0.037295681903313144,-0.13431232293208684,1784967713.2809966,0.1042745538225922,0.1045777217900774,1784967713.2659252,4230.8447265625,nan,nan,49.260501861572266,nan
48.64304494857788,1784967713.3258264,SMC,circle,circle_smc_tune_base_p01,1784967713.3121576,0.2910412894720649,-1.053543738681073,0.2608993126434848,0.10447032669621624,0.11185232247470983,1784967713.31086,0.29624891298756456,-1.0530616486620379,0.2612506992065714,0.014966487884521484,0,0,1784967713.3220417,0.17231379892707532,-1.0469038285975627,0.12078664817317429,1784967713.3220804,-0.11299679958638534,0.03704090576999927,-0.1401126644703105,-0.1181392123197131,0.03795994938893728,-0.1404640510333971,1784967713.3221264,0.10422970579464573,0.10456427470998962,1784967713.31598,4230.89453125,nan,nan,50.01375961303711,nan
48.6828670501709,1784967713.3656485,SMC,circle,circle_smc_tune_base_p01,1784967713.3622448,0.2960737433754489,-1.0521983175485725,0.2664311890105404,0.1043432800145951,0.11163915554517853,1784967713.31086,0.29624891298756456,-1.0530616486620379,0.2612506992065714,0.05478858947753906,0,0,1784967713.360696,0.1765155961851781,-1.0463847969328222,0.1250203842113826,1784967713.360734,-0.10880331392939945,0.03645852092141803,-0.13587892843210223,-0.11394593156382346,0.03737609104182826,-0.1362303149951888,1784967713.3607714,0.1043932470140602,0.10468598641631052,1784967713.31598,4230.89453125,nan,nan,50.01375961303711,nan
48.723475217819214,1784967713.4062567,SMC,circle,circle_smc_tune_base_p01,1784967713.3622448,0.2960737433754489,-1.0521983175485725,0.2664311890105404,0.1043432800145951,0.11163915554517853,1784967713.3927076,0.30512275452409415,-1.0508518209222868,0.2693292855417184,0.013549089431762695,0,0,1784967713.400819,0.18079326772365745,-1.0458378249843474,0.12933288707240528,1784967713.4008656,-0.10953834115026818,0.036488296071621476,-0.13709830193813513,-0.11851320769126263,0.03791544600889307,-0.13999639846931314,1784967713.4009893,0.10435768761324417,0.10464633313778288,1784967713.3657942,4230.94482421875,nan,nan,49.9322395324707,nan
48.76307511329651,1784967713.4458566,SMC,circle,circle_smc_tune_base_p01,1784967713.4123087,0.30221496168637296,-1.0506717478853864,0.2721729888585317,0.10590359093839201,0.11259387090979912,1784967713.3927076,0.30512275452409415,-1.0508518209222868,0.2693292855417184,0.05314898490905762,0,0,1784967713.4412622,0.18510449769449744,-1.0452675757380923,0.13368167056544752,1784967713.4413204,-0.11134673574119065,0.03668746778903419,-0.13849131829308417,-0.11420566462187988,0.037317984068903486,-0.1356476149762709,1784967713.441388,0.10429362104021839,0.10460653831653166,1784967713.4164762,4230.9951171875,nan,nan,50.59928512573242,nan
48.80337905883789,1784967713.4861605,SMC,circle,circle_smc_tune_base_p01,1784967713.462309,0.30738811431492974,-1.049222578773073,0.27806298594512174,0.10645050016304966,0.11345473592068936,1784967713.3927076,0.30512275452409415,-1.0508518209222868,0.2693292855417184,0.09345293045043945,0,0,1784967713.4811578,0.18940853972681315,-1.0446792316770552,0.13802574195369186,1784967713.481197,-0.11220073455765649,0.03675346497338949,-0.1400372439914299,-0.10990023560472252,0.036739877220373446,-0.13130354358802657,1784967713.4812393,0.10424994859601273,0.10455720736606532,1784967713.4659073,4231.044921875,nan,nan,49.60052490234375,nan
48.843849658966064,1784967713.526631,SMC,circle,circle_smc_tune_base_p01,1784967713.5122683,0.3136024936930909,-1.0476113836428185,0.28360121119330933,0.10688237231852027,0.11338420512811298,1784967713.5072196,0.31871473675985484,-1.0471441557941905,0.2826597931758176,0.019411563873291016,0,0,1784967713.5203202,0.19360614364604367,-1.044087075227975,0.14226491107448047,1784967713.520412,-0.11421682137909298,0.036960282581073374,-0.14133630011882886,-0.11929125464364888,0.037829913799130095,-0.1403948821013371,1784967713.5204604,0.10418188947971743,0.10452079941540815,1784967713.5195687,4231.09814453125,nan,nan,53.484989166259766,nan
48.88302493095398,1784967713.5658064,SMC,circle,circle_smc_tune_base_p01,1784967713.5624094,0.31839017445403467,-1.0462203600516786,0.2883068047438944,0.1041093931965192,0.11009282169449444,1784967713.5072196,0.31871473675985484,-1.0471441557941905,0.2826597931758176,0.058586835861206055,0,0,1784967713.5609913,0.19793936572383153,-1.0434567319666606,0.14664374389155796,1784967713.561028,-0.10988031483662994,0.036352946422354177,-0.13695746730175135,-0.1149541782657209,0.03722666037433117,-0.13601604928425962,1784967713.5610712,0.1043515579418782,0.10464651597068676,1784967713.5195687,4231.09814453125,nan,nan,53.484989166259766,nan
48.92361307144165,1784967713.6063945,SMC,circle,circle_smc_tune_base_p01,1784967713.5624094,0.31839017445403467,-1.0462203600516786,0.2883068047438944,0.1041093931965192,0.11009282169449444,1784967713.5872176,0.32780131386364586,-1.0445814595052605,0.2936235443262815,0.019176959991455078,0,0,1784967713.6007457,0.2021791871277676,-1.0428212035773081,0.1509309352825496,1784967713.6007826,-0.11044809357942892,0.03630105321823006,-0.1373758694613448,-0.1197362210776389,0.03804279943200457,-0.1426926090437319,1784967713.6008213,0.10433175246038753,0.10463083945856284,1784967713.5667374,4231.1455078125,nan,nan,47.33345413208008,nan
48.9633104801178,1784967713.646092,SMC,circle,circle_smc_tune_base_p01,1784967713.6121647,0.32439469660763337,-1.0445773701657397,0.2939668624910553,0.10397768593359816,0.10950586360739314,1784967713.5872176,0.32780131386364586,-1.0445814595052605,0.2936235443262815,0.05887436866760254,0,0,1784967713.6410046,0.20647750331290815,-1.0421579166993296,0.15528013076289657,1784967713.6410394,-0.11215774271641327,0.036482310485227806,-0.13868673172815874,-0.11542989649536352,0.03743366882036997,-0.13834341356338495,1784967713.6410787,0.1042712413537924,0.10459318595856897,1784967713.5667374,4231.1455078125,nan,nan,47.33345413208008,nan
49.00353956222534,1784967713.686321,SMC,circle,circle_smc_tune_base_p01,1784967713.6627097,0.32942500736921815,-1.0430545037367058,0.29950206884314695,0.10397768593359816,0.10950586360739314,1784967713.5872176,0.32780131386364586,-1.0445814595052605,0.2936235443262815,0.09910345077514648,0,0,1784967713.6806269,0.21071287283706075,-1.041485603435564,0.15956853236659516,1784967713.6806693,-0.11296459272833989,0.036524418175465256,-0.1399335364765518,-0.11118121210691076,0.036851396463071694,-0.13405501195968636,1784967713.6807158,0.10423317877820198,0.10455302938996378,1784967713.5667374,4231.1455078125,nan,nan,47.33345413208008,nan
49.04327726364136,1784967713.7260587,SMC,circle,circle_smc_tune_base_p01,1784967713.7123563,0.3355989924278859,-1.0412564210718265,0.3051209742263727,0.10584231032461341,0.108649277723923,1784967713.7064905,0.34026253708012005,-1.0405981489129938,0.30714650610246375,0.019568204879760742,0,0,1784967713.720757,0.2149860178381191,-1.0407884036741637,0.16389818419917532,1784967713.7207968,-0.1149013393803095,0.03667957044850959,-0.14122279002719737,-0.11947112161290885,0.03769474195188402,-0.14324832190328843,1784967713.720841,0.10416718725045512,0.10451522601404374,1784967713.7167985,4231.29541015625,nan,nan,22.754215240478516,nan
49.08320474624634,1784967713.7659862,SMC,circle,circle_smc_tune_base_p01,1784967713.7620397,0.3407384524800158,-1.0396341565796627,0.3106728109118664,0.10673066865643034,0.10915741834103869,1784967713.7064905,0.34026253708012005,-1.0405981489129938,0.30714650610246375,0.05949568748474121,0,0,1784967713.7608807,0.219262298273457,-1.0400716572912074,0.1682341188381524,1784967713.760916,-0.11060726094457389,0.03607857949443036,-0.1368868553882203,-0.1151782693115008,0.03708505444386851,-0.13891238726431138,1784967713.7609558,0.10433515215595332,0.10463972413687367,1784967713.7167985,4231.29541015625,nan,nan,22.754215240478516,nan
49.12311887741089,1784967713.8059003,SMC,circle,circle_smc_tune_base_p01,1784967713.7620397,0.3407384524800158,-1.0396341565796627,0.3106728109118664,0.10673066865643034,0.10915741834103869,1784967713.7873673,0.34884678228947136,-1.037904334683925,0.3139878294926128,0.018532991409301758,0,0,1784967713.8007398,0.22349781174591932,-1.0393429324268229,0.17253186740382606,1784967713.8007743,-0.11153908237090555,0.03611766541604014,-0.13814094350804032,-0.1196649106438679,0.03734626005893039,-0.14145596208878672,1784967713.8008115,0.1042942219966241,0.10459922406359999,1784967713.7734168,4231.3525390625,nan,nan,57.00505447387695,nan
49.163634300231934,1784967713.8464158,SMC,circle,circle_smc_tune_base_p01,1784967713.8124688,0.3467221005233465,-1.0378204953585732,0.316399141919479,0.10684020933370408,0.10978382035005842,1784967713.7873673,0.34884678228947136,-1.037904334683925,0.3139878294926128,0.05904841423034668,0,0,1784967713.8411632,0.2277969956678242,-1.0385840645353661,0.17689751662715444,1784967713.8412006,-0.11325947892760749,0.03627745905974622,-0.13950162529232454,-0.1153415367224099,0.03674020659073953,-0.13709031286545834,1784967713.841241,0.10423259764921013,0.10455919445891405,1784967713.8164454,4231.3955078125,nan,nan,43.09800720214844,nan
49.20324635505676,1784967713.8860278,SMC,circle,circle_smc_tune_base_p01,1784967713.8623056,0.3516766754442028,-1.036192761264876,0.32202871816767525,0.10601552962451885,0.11028671557549959,1784967713.7873673,0.34884678228947136,-1.037904334683925,0.3139878294926128,0.09866046905517578,0,0,1784967713.8806815,0.23201253737665295,-1.037821146643997,0.18118154086574087,1784967713.8807182,-0.11402820910324524,0.036328020963151055,-0.14084717730193438,-0.11109646484419732,0.0361638383433016,-0.1328062886268719,1784967713.8807597,0.10419384467889001,0.10451602812204056,1784967713.874467,4231.453125,nan,nan,57.87359619140625,nan
49.24346399307251,1784967713.9262455,SMC,circle,circle_smc_tune_base_p01,1784967713.9123363,0.3576898310350354,-1.034324103895025,0.32791606490523434,0.1060474322839909,0.11083852651166014,1784967713.907408,0.36245152519358986,-1.0336926099712824,0.32869148373004875,0.018837451934814453,0,0,1784967713.921492,0.23633797181699412,-1.0370189308392557,0.18558074130519372,1784967713.9215307,-0.11575362015389792,0.036532660034574206,-0.14233532360004064,-0.12043588601557828,0.037561817254105435,-0.14311074242485503,1784967713.9215727,0.1041297542595236,0.10447324454781778,1784967713.917038,4231.49560546875,nan,nan,42.45261764526367,nan
49.28325915336609,1784967713.9660406,SMC,circle,circle_smc_tune_base_p01,1784967713.9621854,0.36252639528419944,-1.0326823720204552,0.3327846067218965,0.1047380187497978,0.10865472218031572,1784967713.907408,0.36245152519358986,-1.0336926099712824,0.32869148373004875,0.058632612228393555,0,0,1784967713.9609253,0.24052339061901284,-1.03622392275794,0.1898409990261409,1784967713.9609616,-0.11153517007575188,0.03593730523629103,-0.13807506587909343,-0.11621789885492687,0.036963191569533704,-0.13885048470390784,1784967713.961001,0.1042952953796137,0.10459540797857325,1784967713.917038,4231.49560546875,nan,nan,42.45261764526367,nan
49.32334089279175,1784967714.0061224,SMC,circle,circle_smc_tune_base_p01,1784967713.9621854,0.36252639528419944,-1.0326823720204552,0.3327846067218965,0.1047380187497978,0.10865472218031572,1784967713.9856215,0.37110811549813516,-1.0304783444865875,0.34109795490342254,0.020500898361206055,0,0,1784967714.001269,0.244779816627396,-1.0353964564697093,0.19417711390956402,1784967714.0013356,-0.11217319751619079,0.03589981613844464,-0.1386074928123325,-0.12069548240955402,0.037624824876381226,-0.14692084099385852,1784967714.0013826,0.1042720531555107,0.10457641077753707,1784967713.9671354,4231.5458984375,nan,nan,50.369850158691406,nan
49.3635938167572,1784967714.0463753,SMC,circle,circle_smc_tune_base_p01,1784967714.012293,0.36868753482083527,-1.0306150664531233,0.33958752505769985,0.10690902676385308,0.11058643242372482,1784967713.9856215,0.37110811549813516,-1.0304783444865875,0.34109795490342254,0.060753822326660156,0,0,1784967714.0413065,0.24903402828037413,-1.034550257294176,0.19851467074855275,1784967714.04135,-0.11413115587792573,0.03614590726973525,-0.14107285430914712,-0.11640329240370846,0.036999145416331945,-0.1425832841548698,1784967714.0413961,0.10418794968760128,0.10450243509868627,1784967714.0173295,4231.59619140625,nan,nan,50.08824920654297,nan
49.403536558151245,1784967714.086318,SMC,circle,circle_smc_tune_base_p01,1784967714.0620823,0.37391639202171234,-1.028762040215672,0.3454371650205892,0.10852002875878122,0.1117198534944363,1784967713.9856215,0.37110811549813516,-1.0304783444865875,0.34109795490342254,0.10069656372070312,0,0,1784967714.0806112,0.2532017274261331,-1.033702640430789,0.20276769294246197,1784967714.0806525,-0.11525667637886389,0.036226210525069275,-0.14266947207812722,-0.11219215649386756,0.03640374230456081,-0.13833026196096057,1784967714.0806985,0.10413655566605307,0.10445189128156473,1784967714.0672119,4231.64599609375,nan,nan,49.88943862915039,nan
49.44411492347717,1784967714.1268964,SMC,circle,circle_smc_tune_base_p01,1784967714.1118407,0.37987629814367646,-1.0267199618415939,0.35116908975991995,0.10891960150634095,0.1119189551181632,1784967714.1082706,0.38396050796459325,-1.0259303913530522,0.35155755249756,0.018625736236572266,0,0,1784967714.1213124,0.25744180992612475,-1.03282133516884,0.20709840049251027,1784967714.1213617,-0.11706130412607615,0.03638793395996184,-0.14407068926740968,-0.12115346614242473,0.0370985673806666,-0.1444591520050497,1784967714.1214108,0.10407162245060582,0.10441057482308506,1784967714.118459,4231.6962890625,nan,nan,50.20882034301758,nan
49.483251094818115,1784967714.1660326,SMC,circle,circle_smc_tune_base_p01,1784967714.1625469,0.3847954753000555,-1.024911124829643,0.35687102746079274,0.10687675831327123,0.11202351576244564,1784967714.1082706,0.38396050796459325,-1.0259303913530522,0.35155755249756,0.05776190757751465,0,0,1784967714.1610353,0.26169077495011395,-1.0319189413357284,0.2114421371410697,1784967714.1610808,-0.11276122869588728,0.035773629719534204,-0.13972695261885024,-0.1168536296709846,0.03648259276755757,-0.14011541535649027,1784967714.1611311,0.10424116911889654,0.10453488923668947,1784967714.118459,4231.6962890625,nan,nan,50.20882034301758,nan
49.52349901199341,1784967714.2062805,SMC,circle,circle_smc_tune_base_p01,1784967714.1625469,0.3847954753000555,-1.024911124829643,0.35687102746079274,0.10687675831327123,0.11202351576244564,1784967714.1881757,0.39252096952197396,-1.022555257626372,0.3539324282207682,0.01810479164123535,0,0,1784967714.2010188,0.2659084146348011,-1.0310040977704207,0.21575785865291117,1784967714.2011707,-0.11352506584888723,0.03582341325009028,-0.14111316880788158,-0.1216930093897009,0.03595738339361226,-0.13817456956785706,1784967714.2012267,0.1042018835703309,0.10449034148140696,1784967714.1718671,4231.7509765625,nan,nan,54.48904800415039,nan
49.563512325286865,1784967714.2462938,SMC,circle,circle_smc_tune_base_p01,1784967714.21202,0.390047956706398,-1.0230636558882422,0.3601062214586374,0.10246144908439607,0.10683066530474425,1784967714.1881757,0.39252096952197396,-1.022555257626372,0.3539324282207682,0.05811810493469238,0,0,1784967714.2405581,0.2700875657282005,-1.030078777767738,0.2200382265041678,1784967714.2406015,-0.1147380034995472,0.03570571230999453,-0.14006799495446962,-0.1174521885997096,0.03537690083917721,-0.1338942017166004,1784967714.2406487,0.1041885905311657,0.10452125724518416,1784967714.2236958,4231.80224609375,nan,nan,51.64143753051758,nan
49.60310363769531,1784967714.285885,SMC,circle,circle_smc_tune_base_p01,1784967714.2625134,0.39451836159121767,-1.021381682252458,0.36476034067913954,0.09953916401214975,0.1043516232689497,1784967714.1881757,0.39252096952197396,-1.022555257626372,0.3539324282207682,0.09770941734313965,0,0,1784967714.2806325,0.2743089091034997,-1.0291250379170862,0.22436597289546498,1784967714.2806752,-0.11506303787103868,0.0356478518319656,-0.14039436778367456,-0.1131619407193697,0.03480845319854247,-0.12956645532530323,1784967714.2807214,0.10417586298462708,0.10450844946827637,1784967714.2679753,4231.84619140625,nan,nan,43.96405029296875,nan
49.643608808517456,1784967714.3263903,SMC,circle,circle_smc_tune_base_p01,1784967714.3127277,0.40045563541735,-1.0192162197232884,0.3704700552803151,0.10081356189282686,0.1050053401631188,1784967714.3096118,0.4060329522543206,-1.0177918352897029,0.37178325105016685,0.01677846908569336,0,0,1784967714.3205688,0.2785215461536086,-1.028154094725651,0.2286890586803769,1784967714.320604,-0.11689773711466392,0.03581517543733169,-0.14178099659993823,-0.1225643309108174,0.036667695520474816,-0.14309419236978999,1784967714.3206456,0.10411077151728831,0.10446780596124644,1784967714.31844,4231.8974609375,nan,nan,50.83210372924805,nan
49.68312120437622,1784967714.3659027,SMC,circle,circle_smc_tune_base_p01,1784967714.361896,0.4054217942670227,-1.017282498244288,0.3760213802198774,0.1035860011830431,0.10631438361165939,1784967714.3096118,0.4060329522543206,-1.0177918352897029,0.37178325105016685,0.05629086494445801,0,0,1784967714.3613818,0.2827907754425899,-1.0271505109350587,0.233074663538775,1784967714.361421,-0.1125547928621408,0.03520498336420089,-0.1373953917415401,-0.11822219170437973,0.03605180083909494,-0.13870858751139184,1784967714.361466,0.10428090292324699,0.10459365305408869,1784967714.31844,4231.8974609375,nan,nan,50.83210372924805,nan
49.7233943939209,1784967714.4061759,SMC,circle,circle_smc_tune_base_p01,1784967714.361896,0.4054217942670227,-1.017282498244288,0.3760213802198774,0.1035860011830431,0.10631438361165939,1784967714.3962455,0.4144730498683296,-1.0144767113292918,0.37945743792817527,0.00993037223815918,0,0,1784967714.4013848,0.28700553379012195,-1.0261403205836506,0.2374087957332944,1784967714.401424,-0.113395669315204,0.03524619046770605,-0.138612584486583,-0.12272060342354497,0.03638215127431986,-0.14204864219488084,1784967714.4014652,0.1042426378543978,0.1045544535327041,1784967714.3672032,4231.9462890625,nan,nan,49.008182525634766,nan
49.7634642124176,1784967714.4462457,SMC,circle,circle_smc_tune_base_p01,1784967714.4129217,0.41161076495060206,-1.0149392498981535,0.38191586551206136,0.10694640543751144,0.10821959378380537,1784967714.3962455,0.4144730498683296,-1.0144767113292918,0.37945743792817527,0.05000019073486328,0,0,1784967714.4405425,0.2911168461348238,-1.0251362839518998,0.2416409353206965,1784967714.4405751,-0.11561303308421692,0.03544559995464013,-0.14027493019136486,-0.11852983442251655,0.035791868347568256,-0.13781650260747877,1784967714.4406118,0.10416446737681104,0.10450568899210917,1784967714.4286056,4232.00732421875,nan,nan,61.12822723388672,nan
49.803351163864136,1784967714.4861326,SMC,circle,circle_smc_tune_base_p01,1784967714.462798,0.41646254491676277,-1.0129898321541622,0.38677217130656727,0.10613567634881463,0.10638036670429844,1784967714.3962455,0.4144730498683296,-1.0144767113292918,0.37945743792817527,0.08988714218139648,0,0,1784967714.4809523,0.29535471323288465,-1.0240820127717039,0.24600797500117785,1784967714.480988,-0.11634574996862128,0.035409177203964845,-0.14076419630538942,-0.11420290533760767,0.0352013685961812,-0.13344946292699741,1784967714.4810297,0.1041394814256764,0.1044881660299525,1784967714.4783058,4232.05712890625,nan,nan,49.85004425048828,nan
49.8433837890625,1784967714.5261652,SMC,circle,circle_smc_tune_base_p01,1784967714.5119722,0.42224917042792065,-1.0107076432197897,0.39188916814719865,0.10542410353794107,0.10573699717751898,1784967714.5101867,0.4276509342784466,-1.008982846364812,0.3923064101513307,0.015978574752807617,0,0,1784967714.5203931,0.29948405792714294,-1.0230358047351098,0.2502677949856131,1784967714.5204253,-0.11816674433778294,0.03549474533343593,-0.14162137316158557,-0.12380273995277502,0.03601548851248923,-0.14203861516571764,1784967714.5204647,0.10408275001077727,0.10446244573906167,1784967714.5195515,4232.09814453125,nan,nan,41.1010627746582,nan
49.88311195373535,1784967714.5658934,SMC,circle,circle_smc_tune_base_p01,1784967714.5625105,0.4269997385906605,-1.008738810414564,0.39723103371791896,0.10410783638312508,0.10574760188229748,1784967714.5101867,0.4276509342784466,-1.008982846364812,0.3923064101513307,0.05570673942565918,0,0,1784967714.5608032,0.30370439929800896,-1.0219471670775562,0.25462628592952247,1784967714.5608358,-0.11385056167723656,0.034888956197774115,-0.13726288221767619,-0.11948681042859838,0.03540789853690737,-0.13768012422180825,1784967714.5608754,0.10425176362128186,0.10458753579933659,1784967714.5195515,4232.09814453125,nan,nan,41.1010627746582,nan
49.923314571380615,1784967714.606096,SMC,circle,circle_smc_tune_base_p01,1784967714.5625105,0.4269997385906605,-1.008738810414564,0.39723103371791896,0.10410783638312508,0.10574760188229748,1784967714.5896099,0.43667041651928884,-1.0052923958466637,0.4023116992741838,0.016486167907714844,0,0,1784967714.601471,0.3079462151456166,-1.020833188098306,0.2590119422863342,1784967714.6015093,-0.11446241903573026,0.03490515785275153,-0.13821909143158478,-0.1245315873806457,0.0361015233411975,-0.14329975698784964,1784967714.6015508,0.10422289938842821,0.10455620221403888,1784967714.5686908,4232.1474609375,nan,nan,49.288822174072266,nan
49.96328783035278,1784967714.6460693,SMC,circle,circle_smc_tune_base_p01,1784967714.6121137,0.4329199512135119,-1.006319433433291,0.4031855419876781,0.10486389104930449,0.10723331468419359,1784967714.5896099,0.43667041651928884,-1.0052923958466637,0.4023116992741838,0.05645942687988281,0,0,1784967714.641056,0.3120690648180088,-1.0197313618407544,0.2632794870327328,1784967714.641096,-0.11642273249145413,0.03507939459866771,-0.1399060549549453,-0.12030649673810564,0.035501090509571245,-0.13903221224145101,1784967714.64114,0.10415059735273727,0.10450577798812408,1784967714.6255026,4232.20458984375,nan,nan,56.77309799194336,nan
50.0031418800354,1784967714.6859233,SMC,circle,circle_smc_tune_base_p01,1784967714.6620338,0.437766103602149,-1.0042415469442285,0.40891332363836563,0.10514912600423044,0.10849664272508786,1784967714.5896099,0.43667041651928884,-1.0052923958466637,0.4023116992741838,0.0963134765625,0,0,1784967714.6812165,0.3162646284820193,-1.01859071636819,0.2676273435543395,1784967714.6812594,-0.1171895053611948,0.03514437298805523,-0.14128598008402612,-0.11599929818312432,0.03490790659136892,-0.13468435571984433,1784967714.6813064,0.10411131047520548,0.1044619464301343,1784967714.6684783,4232.24755859375,nan,nan,42.93940353393555,nan
50.0434365272522,1784967714.726218,SMC,circle,circle_smc_tune_base_p01,1784967714.7128487,0.44372141973040763,-1.0018138744617018,0.41539314147062356,0.10445634976656712,0.1084152061368783,1784967714.7071867,0.4494892536172794,-1.0005823722589102,0.42076206577278685,0.019031286239624023,0,0,1784967714.7215989,0.3204713148740771,-1.0174273437583026,0.2719919370601988,1784967714.7216334,-0.11906944765545854,0.035451874500460265,-0.14340120441042475,-0.12464516020968719,0.037322454617314045,-0.14877012871258805,1784967714.7216759,0.10403378399326137,0.10440168900300119,1784967714.6684783,4232.24755859375,nan,nan,42.93940353393555,nan
50.08323693275452,1784967714.7660184,SMC,circle,circle_smc_tune_base_p01,1784967714.7620134,0.44837713247142236,-0.9997512642868782,0.4208304766889051,0.10411186800378748,0.10878419881831382,1784967714.7071867,0.4494892536172794,-1.0005823722589102,0.42076206577278685,0.05883169174194336,0,0,1784967714.7608197,0.3245564771073034,-1.0162786286690275,0.2762355350445122,1784967714.7608569,-0.11486813326019975,0.03485433439277049,-0.13915760642611133,-0.12044711449865106,0.0367023666911632,-0.14452653072827465,1784967714.760896,0.1041991498703781,0.1045232242655553,1784967714.734606,4232.3134765625,nan,nan,66.17695617675781,nan
50.1234290599823,1784967714.8062105,SMC,circle,circle_smc_tune_base_p01,1784967714.7620134,0.44837713247142236,-0.9997512642868782,0.4208304766889051,0.10411186800378748,0.10878419881831382,1784967714.7862487,0.4580377552276295,-0.9965796316965352,0.4279639808041865,0.019961833953857422,0,0,1784967714.8011477,0.32872971079497904,-1.0150857974374465,0.280575898547015,1784967714.8011844,-0.11547262511949928,0.03488160358667733,-0.14025457814189013,-0.12532650631495312,0.036828186763868884,-0.14738808225717157,1784967714.8012314,0.10416814446293945,0.10448756751482624,1784967714.7690547,4232.34814453125,nan,nan,34.488582611083984,nan
50.16302967071533,1784967714.8458111,SMC,circle,circle_smc_tune_base_p01,1784967714.8124588,0.4544005445578644,-0.9971745093251305,0.4275526299495144,0.10514900421277218,0.1109662302707075,1784967714.7862487,0.4580377552276295,-0.9965796316965352,0.4279639808041865,0.05956244468688965,0,0,1784967714.841397,0.3329139136202093,-1.013870123440377,0.28493312777980306,1784967714.841434,-0.11747355349552017,0.03518109231394609,-0.1426195021697113,-0.12101513763903814,0.03619769751720831,-0.14303085302438345,1784967714.8414762,0.10408411782392508,0.1044187196714745,1784967714.8196356,4232.3984375,nan,nan,50.56553649902344,nan
50.20362877845764,1784967714.8864102,SMC,circle,circle_smc_tune_base_p01,1784967714.861967,0.4590308894035374,-0.9950602284881785,0.43297494836471506,0.1043365336955738,0.11073699585389828,1784967714.7862487,0.4580377552276295,-0.9965796316965352,0.4279639808041865,0.10016155242919922,0,0,1784967714.8804243,0.33696970205901355,-1.0126728537725698,0.2891619457195611,1784967714.8804545,-0.11818735483683222,0.03522622860931954,-0.14381300264515395,-0.11682824014400296,0.035603758224133635,-0.1388020350846254,1784967714.8804893,0.10404858933848041,0.10438044086547218,1784967714.8679676,4232.44677734375,nan,nan,48.23582458496094,nan
50.24317932128906,1784967714.9259608,SMC,circle,circle_smc_tune_base_p01,1784967714.9118145,0.46496373650275197,-0.9924783844762363,0.4386703620277708,0.10411885464815186,0.11078515084004316,1784967714.908552,0.471338053508893,-0.9905753265060331,0.4394307558401293,0.01740884780883789,0,0,1784967714.9211402,0.34111390780230755,-1.0114301864584028,0.2934884561489432,1784967714.9211805,-0.12017289560071562,0.03544610035589503,-0.14518190587882762,-0.12672423362516053,0.036527002624889546,-0.1459422996911861,1784967714.9212258,0.1039796478973017,0.10434213981590225,1784967714.9181929,4232.4970703125,nan,nan,50.169761657714844,nan
50.28333258628845,1784967714.966114,SMC,circle,circle_smc_tune_base_p01,1784967714.9619157,0.4694358530270733,-0.9903834730175767,0.4434633684127349,0.10209216386931015,0.10826870335113893,1784967714.908552,0.471338053508893,-0.9905753265060331,0.4394307558401293,0.05756211280822754,0,0,1784967714.9611275,0.3452921078881125,-1.0101575034849959,0.2978561910580015,1784967714.9611645,-0.11584974476368903,0.03482364975694231,-0.14081417096976934,-0.12240155734549243,0.03590126490905732,-0.14157456478212782,1784967714.9612117,0.10415062818207724,0.1044669826262391,1784967714.9181929,4232.4970703125,nan,nan,50.169761657714844,nan
50.32352542877197,1784967715.006307,SMC,circle,circle_smc_tune_base_p01,1784967714.9619157,0.4694358530270733,-0.9903834730175767,0.4434633684127349,0.10209216386931015,0.10826870335113893,1784967714.989126,0.47888557778885543,-0.9873747685295713,0.4505935985162269,0.017180919647216797,0,0,1784967715.0010648,0.349410898546354,-1.0088833586342665,0.3021675609539362,1784967715.001101,-0.11635282040515825,0.03478874314622962,-0.14129580745879872,-0.12591863967546837,0.03702442701136627,-0.14842603756229064,1784967715.001145,0.1041312414525924,0.10444976452291437,1784967714.9681187,4232.546875,nan,nan,50.093833923339844,nan
50.36357545852661,1784967715.046357,SMC,circle,circle_smc_tune_base_p01,1784967715.0118635,0.4751671341227178,-0.9878274014729508,0.44984769861282203,0.10278982170442078,0.1097148425221349,1784967714.989126,0.47888557778885543,-0.9873747685295713,0.4505935985162269,0.05723094940185547,0,0,1784967715.040608,0.3534968831921156,-1.007600098603965,0.3064503234814022,1784967715.0406425,-0.11816341382601085,0.03510010179947406,-0.1433973751314198,-0.12168162257564863,0.03640015709650263,-0.14414327503482463,1784967715.0406828,0.10405558790664307,0.10439009088893514,1784967715.0182543,4232.59716796875,nan,nan,50.12138366699219,nan
50.403048515319824,1784967715.08583,SMC,circle,circle_smc_tune_base_p01,1784967715.0619032,0.47996222924678433,-0.9855009945146515,0.4560123299643269,0.10412506231143542,0.11194928499895301,1784967714.989126,0.47888557778885543,-0.9873747685295713,0.4505935985162269,0.09670400619506836,0,0,1784967715.080351,0.35759640792425706,-1.0062932257149377,0.31075311889155866,1784967715.0803823,-0.11901825843274356,0.03521881976812245,-0.14525921107276824,-0.1174221334433452,0.03579124650429447,-0.13984047962466822,1784967715.0804176,0.10400615100560018,0.1043319869565118,1784967715.0687833,4232.64794921875,nan,nan,50.53631591796875,nan
50.44316601753235,1784967715.1259475,SMC,circle,circle_smc_tune_base_p01,1784967715.1118221,0.485549611142218,-0.9829909892184319,0.4602408667386157,0.10452030501031778,0.10912614431180587,1784967715.1101158,0.4900192030549094,-0.9820280512254073,0.4577337122992043,0.015831708908081055,0,0,1784967715.1207957,0.3617364683203249,-1.0049536682605256,0.3151045030544608,1784967715.1208327,-0.12068486269584441,0.035315966958667594,-0.1451363636841549,-0.12520803946438872,0.03612465641232816,-0.14262920924474348,1784967715.1208718,0.10396807215576433,0.10433932010915042,1784967715.1209412,4232.69921875,nan,nan,51.50349807739258,nan
50.48311686515808,1784967715.1658983,SMC,circle,circle_smc_tune_base_p01,1784967715.1624277,0.4903092779395113,-0.9806289102761939,0.4655790690361357,0.10472999002169094,0.10852156617041506,1784967715.1101158,0.4900192030549094,-0.9820280512254073,0.4577337122992043,0.05578255653381348,0,0,1784967715.1607947,0.3658340395763199,-1.0036082214806612,0.31941731490596287,1784967715.160831,-0.1164160630871045,0.03470142067414082,-0.14082355183265283,-0.12093771251127067,0.035520814587942706,-0.13831639739324142,1784967715.1608746,0.10413689434510297,0.1044625956280496,1784967715.1209412,4232.69921875,nan,nan,51.50349807739258,nan
50.52322816848755,1784967715.2060096,SMC,circle,circle_smc_tune_base_p01,1784967715.1624277,0.4903092779395113,-0.9806289102761939,0.4655790690361357,0.10472999002169094,0.10852156617041506,1784967715.1898139,0.4991014228760776,-0.9778589614372594,0.47400075977553024,0.01619577407836914,0,0,1784967715.201357,0.3699718101281787,-1.002229665955978,0.32377868976100443,1784967715.2014046,-0.11722640805242945,0.03472273117579506,-0.14180037927513128,-0.12601697686715277,0.037257343818695804,-0.1502220700145258,1784967715.201455,0.10410258759379115,0.10443074506335545,1784967715.1698937,4232.7490234375,nan,nan,49.65511703491211,nan
50.5634982585907,1784967715.2462797,SMC,circle,circle_smc_tune_base_p01,1784967715.211889,0.495920750995345,-0.9779869719917624,0.47226613685595475,0.10526619915549115,0.11057816853060741,1784967715.1898139,0.4991014228760776,-0.9778589614372594,0.47400075977553024,0.056465864181518555,0,0,1784967715.2413085,0.37405904363968,-1.0008482210009115,0.3280930723141046,1784967715.2413602,-0.11892239675207286,0.03507671559081071,-0.14417306454185014,-0.12174980384005561,0.036620867347620684,-0.14590768746142563,1784967715.2414176,0.10402536825047246,0.10436345503496536,1784967715.2203445,4232.79931640625,nan,nan,50.29331970214844,nan
50.60318303108215,1784967715.2859645,SMC,circle,circle_smc_tune_base_p01,1784967715.262,0.5005808415454567,-0.97560093449821,0.47783105292402056,0.10497201374520398,0.11065396707550015,1784967715.1898139,0.4991014228760776,-0.9778589614372594,0.47400075977553024,0.09615063667297363,0,0,1784967715.280795,0.37812350895601343,-0.999454944222956,0.3323897136638975,1784967715.2808287,-0.11971079448276988,0.035130297026552945,-0.14544133926012304,-0.11749748816710723,0.03600531076592815,-0.14161104611163275,1784967715.2808683,0.10398668117943739,0.10432296525888099,1784967715.2685292,4232.84716796875,nan,nan,48.234375,nan
50.64304041862488,1784967715.3258219,SMC,circle,circle_smc_tune_base_p01,1784967715.312384,0.5063225703468043,-0.9727913002607057,0.4828755200878292,0.10522044254594043,0.10964613815024868,1784967715.308233,0.5113916736517371,-0.9711000450573707,0.4814516024047549,0.01758885383605957,0,0,1784967715.3209634,0.3822084896604594,-0.9980349272930733,0.3367144731472346,1784967715.3210006,-0.1216446176399767,0.03527226572804302,-0.14616104694059456,-0.12697074855368268,0.035947349261008926,-0.14473712925752025,1784967715.3210394,0.10392897663592807,0.10430370729291495,1784967715.323267,4232.90234375,nan,nan,54.768550872802734,nan
50.68345522880554,1784967715.3662367,SMC,circle,circle_smc_tune_base_p01,1784967715.36228,0.5108189320183254,-0.9704282640266201,0.4882287436174158,0.10393118278219421,0.10924620727295425,1784967715.308233,0.5113916736517371,-0.9711000450573707,0.4814516024047549,0.05800366401672363,0,0,1784967715.3610456,0.3862930905774531,-0.9965951987930555,0.3410453866909362,1784967715.3610928,-0.11735853007833956,0.034650786670593195,-0.141830133396893,-0.12268378040243465,0.03533197386740417,-0.14040621571381867,1784967715.3611403,0.10409896247561193,0.10442735510912333,1784967715.323267,4232.90234375,nan,nan,54.768550872802734,nan
50.72324085235596,1784967715.4060223,SMC,circle,circle_smc_tune_base_p01,1784967715.36228,0.5108189320183254,-0.9704282640266201,0.4882287436174158,0.10393118278219421,0.10924620727295425,1784967715.397712,0.5188594134123169,-0.9666969343537974,0.4830641655547035,0.008310317993164062,0,0,1784967715.401178,0.3903883294225623,-0.9951317088903219,0.34539427318080373,1784967715.401212,-0.11794755694315381,0.03467223732114886,-0.1428344704366121,-0.1269786899280206,0.0344930156496812,-0.13766989237389976,1784967715.4012492,0.10406943934859017,0.10439459222948455,1784967715.370189,4232.94921875,nan,nan,47.04728317260742,nan
50.76326513290405,1784967715.4460466,SMC,circle,circle_smc_tune_base_p01,1784967715.4122968,0.5161155602059115,-0.9677488204730619,0.49142119975587867,0.10346286048686829,0.10592611255567325,1784967715.397712,0.5188594134123169,-0.9666969343537974,0.4830641655547035,0.048334598541259766,0,0,1784967715.440977,0.3944126968701416,-0.993673934593529,0.34967453803523507,1784967715.4410193,-0.11953445238955744,0.034571855290293184,-0.1417466617206436,-0.12273767880368497,0.03391468711261347,-0.1333896275194684,1784967715.4410648,0.10404801427563036,0.10442750645232166,1784967715.423715,4233.00244140625,nan,nan,53.29882049560547,nan
50.80342078208923,1784967715.4862022,SMC,circle,circle_smc_tune_base_p01,1784967715.4620283,0.5204066999610952,-0.9654592655305042,0.4955771575378868,0.10135897312624176,0.10217752655335946,1784967715.397712,0.5188594134123169,-0.9666969343537974,0.4830641655547035,0.08849024772644043,0,0,1784967715.4810724,0.3985007822255001,-0.9921730812673871,0.3540294240902282,1784967715.4811037,-0.11994342588743225,0.03447107942272572,-0.14154773344765859,-0.11842023065308534,0.03334491167775161,-0.1290347414644753,1784967715.4811592,0.10404123192980629,0.1044307781991689,1784967715.469435,4233.04833984375,nan,nan,45.78153610229492,nan
50.84295964241028,1784967715.525741,SMC,circle,circle_smc_tune_base_p01,1784967715.512486,0.5261636663032129,-0.9624838655955346,0.502214590070663,0.10311863710853275,0.10421552789907784,1784967715.506376,0.5313713526632796,-0.960851114427021,0.5066025164570753,0.01936507225036621,0,0,1784967715.520878,0.4025117365000014,-0.9906808635727141,0.3583089679668754,1784967715.520916,-0.12195635446264684,0.03480686778732972,-0.14390562210378766,-0.12714826771962007,0.0364408099216003,-0.14829354849019993,1784967715.5209548,0.10395669929529909,0.10436337485611807,1784967715.469435,4233.04833984375,nan,nan,45.78153610229492,nan
50.88315010070801,1784967715.5659316,SMC,circle,circle_smc_tune_base_p01,1784967715.562519,0.5311121512580911,-0.9597534162631279,0.5082363240550898,0.10685252054897652,0.10695333094437189,1784967715.506376,0.5313713526632796,-0.960851114427021,0.5066025164570753,0.0595555305480957,0,0,1784967715.5608225,0.40655281369353014,-0.989157629733051,0.3626275991390562,1784967715.560862,-0.11768103902250247,0.03419676607317362,-0.13958699093160687,-0.12287567051047252,0.03581195437162254,-0.14397491731801915,1784967715.560905,0.1041251978509914,0.10448699250471889,1784967715.5258915,4233.1044921875,nan,nan,56.42518615722656,nan
50.9232816696167,1784967715.6060631,SMC,circle,circle_smc_tune_base_p01,1784967715.562519,0.5311121512580911,-0.9597534162631279,0.5082363240550898,0.10685252054897652,0.10695333094437189,1784967715.5883315,0.5392146131239537,-0.9565606558659283,0.5148037574152772,0.017731666564941406,0,0,1784967715.6008852,0.4105924664952595,-0.9876149628172843,0.36695179213984974,1784967715.6009185,-0.11884496150943055,0.03430940564253041,-0.14128453191524004,-0.1272413724975197,0.036299582759995806,-0.14785196527542743,1784967715.6009579,0.10407160155153404,0.10443416245757635,1784967715.5694973,4233.1484375,nan,nan,43.75743865966797,nan
50.963594913482666,1784967715.6463764,SMC,circle,circle_smc_tune_base_p01,1784967715.6127503,0.5368869116141685,-0.956686260087961,0.5141174338333907,0.10898574338370709,0.1069103855972728,1784967715.5883315,0.5392146131239537,-0.9565606558659283,0.5148037574152772,0.0580449104309082,0,0,1784967715.640662,0.41459409735619224,-0.9860670328395709,0.3712423824261044,1784967715.6407008,-0.12093214654002235,0.034556882958973224,-0.14287505140728632,-0.12299625049152398,0.035676625363953274,-0.14356137498917276,1784967715.6407413,0.10399718522963536,0.10438939438505623,1784967715.620292,4233.19921875,nan,nan,50.714881896972656,nan
51.003098487854004,1784967715.68588,SMC,circle,circle_smc_tune_base_p01,1784967715.6620905,0.5417101886185365,-0.9539596112224334,0.5193562808200276,0.11016466287982234,0.1067907662051238,1784967715.5883315,0.5392146131239537,-0.9565606558659283,0.5148037574152772,0.0975484848022461,0,0,1784967715.6810737,0.41867526163170954,-0.9844679548691936,0.3756256441067076,1784967715.6811073,-0.12195334408767813,0.03457938918713034,-0.14373063671331998,-0.11865672001469059,0.035059027242405894,-0.13917811330856955,1784967715.681147,0.10395948012023135,0.10436162508246034,1784967715.6693778,4233.24853515625,nan,nan,49.10884475708008,nan
51.04341101646423,1784967715.7261925,SMC,circle,circle_smc_tune_base_p01,1784967715.7122843,0.5473098790921733,-0.9509225822991225,0.5253230712074666,0.1109919588378489,0.10843955650443192,1784967715.7094338,0.5508904567893729,-0.9500071717348317,0.5257031954543074,0.01675868034362793,0,0,1784967715.721149,0.42265618947589545,-0.9828882195486998,0.3799085611294124,1784967715.7211876,-0.12387616015796662,0.03485744173402151,-0.14541451007805417,-0.12741937049877286,0.03590953411642535,-0.14579463432489503,1784967715.7212336,0.10388713230439621,0.10431476438853224,1784967715.7191193,4233.2978515625,nan,nan,49.56188201904297,nan
51.08356785774231,1784967715.7663493,SMC,circle,circle_smc_tune_base_p01,1784967715.7620075,0.5517852183514009,-0.948323200913319,0.5305467358732121,0.10846961222346019,0.10788343073905579,1784967715.7094338,0.5508904567893729,-0.9500071717348317,0.5257031954543074,0.0569155216217041,0,0,1784967715.7606483,0.4266476460583244,-0.9812844419599241,0.38421017207606734,1784967715.7606828,-0.11961862122582068,0.03424328341165204,-0.14111289913139924,-0.12316206533068635,0.0352937574446861,-0.1414930233782401,1784967715.7607226,0.10405564233758359,0.10443767947600842,1784967715.7191193,4233.2978515625,nan,nan,49.56188201904297,nan
51.12352395057678,1784967715.8063054,SMC,circle,circle_smc_tune_base_p01,1784967715.7620075,0.5517852183514009,-0.948323200913319,0.5305467358732121,0.10846961222346019,0.10788343073905579,1784967715.7873182,0.5587252244897907,-0.9456851466921787,0.5368546362264428,0.018987178802490234,0,0,1784967715.8011675,0.43068759531149703,-0.9796408198808882,0.3885716756771422,1784967715.8012092,-0.12029727077854276,0.03426359886156851,-0.1419750601960699,-0.12739163957380273,0.03630416496760415,-0.14828296054930062,1784967715.8012488,0.10402621907252854,0.10440961795551662,1784967715.7694051,4233.3486328125,nan,nan,50.54733657836914,nan
51.16314101219177,1784967715.8459225,SMC,circle,circle_smc_tune_base_p01,1784967715.812218,0.5568544655183579,-0.9455062819289526,0.5365769609076596,0.10569181349841536,0.10835123796563693,1784967715.7873182,0.5587252244897907,-0.9456851466921787,0.5368546362264428,0.05860424041748047,0,0,1784967715.8408587,0.43466053653646697,-0.9780043777417278,0.39286844577296676,1784967715.8409026,-0.12163415885183262,0.034534242599119996,-0.14370851513469285,-0.1231406705963218,0.03567849124721903,-0.14398619045347605,1784967715.8409522,0.10396748274988139,0.10436085758214757,1784967715.8192592,4233.3984375,nan,nan,49.821041107177734,nan
51.20339894294739,1784967715.8861804,SMC,circle,circle_smc_tune_base_p01,1784967715.862275,0.5610157232419135,-0.9430306073933649,0.5414547924955642,0.10244971627586077,0.10653335990590532,1784967715.7873182,0.5587252244897907,-0.9456851466921787,0.5368546362264428,0.0988621711730957,0,0,1784967715.8805668,0.4386365012603942,-0.9763466469157637,0.3971761592815734,1784967715.8806007,-0.12204460339749998,0.034521692365916096,-0.14427863321399076,-0.1188762156676279,0.03506956502968206,-0.1396784769448694,1784967715.8806396,0.10394879660688452,0.10434143530506418,1784967715.8695283,4233.4482421875,nan,nan,50.21320343017578,nan
51.24381494522095,1784967715.9265964,SMC,circle,circle_smc_tune_base_p01,1784967715.9126744,0.5663237363471059,-0.939983123465123,0.5485680467597622,0.10228968250455352,0.10866167821665318,1784967715.9068854,0.5709090064918193,-0.9385687869287854,0.5542806329333849,0.019711017608642578,0,0,1784967715.921519,0.4426648022002647,-0.9746465356095257,0.401548529047808,1784967715.9215615,-0.1235905078787655,0.03490659677044336,-0.1470195177119542,-0.12803225590484527,0.03682283710091963,-0.1527321038855769,1784967715.9216034,0.10386873279913651,0.10426290263528297,1784967715.8695283,4233.4482421875,nan,nan,50.21320343017578,nan
51.28329062461853,1784967715.966072,SMC,circle,circle_smc_tune_base_p01,1784967715.9626212,0.5707773919557017,-0.9372544075311331,0.5539996595509287,0.10318962715639755,0.108678191542696,1784967715.9068854,0.5709090064918193,-0.9385687869287854,0.5542806329333849,0.059186697006225586,0,0,1784967715.9609747,0.4466153929370881,-0.9729590118939154,0.4058444494198177,1784967715.9610097,-0.11933959287549847,0.034286415268283535,-0.14272359733994455,-0.12378495308381136,0.03617838213192705,-0.14843618351356724,1784967715.9610486,0.10403773436144818,0.10438542726427796,1784967715.933188,4233.51220703125,nan,nan,63.69953536987305,nan
51.323410987854004,1784967716.0061924,SMC,circle,circle_smc_tune_base_p01,1784967715.9626212,0.5707773919557017,-0.9372544075311331,0.5539996595509287,0.10318962715639755,0.108678191542696,1784967715.9856532,0.5783712570305095,-0.9333725897080597,0.550458306555276,0.020539283752441406,0,0,1784967716.0014424,0.45061799092324606,-0.9712287495512351,0.4102050260494561,1784967716.0014787,-0.1200604737956677,0.034322298934324695,-0.1437946335014726,-0.12868389754673712,0.03456067637252162,-0.14025328050581987,1784967716.0015192,0.10400391878893839,0.10435092218109507,1784967715.9701414,4233.54931640625,nan,nan,36.94953155517578,nan
51.363434076309204,1784967716.0462155,SMC,circle,circle_smc_tune_base_p01,1784967716.0119855,0.5761287346846253,-0.9341040176116219,0.5572352989735397,0.10459596141425168,0.10431262400721276,1784967715.9856532,0.5783712570305095,-0.9333725897080597,0.550458306555276,0.0605623722076416,0,0,1784967716.0414486,0.45458602037218765,-0.9694929251444955,0.41453611983760363,1784967716.041487,-0.12187091850750376,0.03424157415982068,-0.1426991791359361,-0.12439403466699253,0.033964504793452394,-0.1359221867176723,1784967716.041528,0.10397735762370233,0.10438474650079616,1784967716.025336,4233.6044921875,nan,nan,55.22769546508789,nan
51.40363597869873,1784967716.0864174,SMC,circle,circle_smc_tune_base_p01,1784967716.0621278,0.580818248733593,-0.9311747521662186,0.5626668373680547,0.10668346010360799,0.10498359113730786,1784967715.9856532,0.5783712570305095,-0.9333725897080597,0.550458306555276,0.10076427459716797,0,0,1784967716.0809186,0.4584849805343484,-0.967767315643469,0.41879987945064,1784967716.0809593,-0.12299389865803398,0.034306633513683314,-0.14386695791741466,-0.120168381687494,0.033395755821581094,-0.13165842710463593,1784967716.0810034,0.10393239699416633,0.10434798918654228,1784967716.0692525,4233.6484375,nan,nan,43.941585540771484,nan
51.443461418151855,1784967716.1262429,SMC,circle,circle_smc_tune_base_p01,1784967716.1120892,0.5863372053369177,-0.9278258462643126,0.5701268000367419,0.10845122945312279,0.10894346572007695,1784967716.1063828,0.590324709024302,-0.9265953052760335,0.575127394949795,0.019860029220581055,0,0,1784967716.120912,0.46241542860877727,-0.9660075904347845,0.4231062797497127,1784967716.1209488,-0.12492955312381426,0.03474275595922857,-0.1470205202870292,-0.12876960607418214,0.03650343530891299,-0.15202111520008232,1784967716.120989,0.10383657985149196,0.10425740785573998,1784967716.0692525,4233.6484375,nan,nan,43.941585540771484,nan
51.483245611190796,1784967716.166027,SMC,circle,circle_smc_tune_base_p01,1784967716.1622176,0.5907998730375754,-0.924957146214906,0.5754953620395029,0.10745826547411372,0.10863257678899868,1784967716.1063828,0.590324709024302,-0.9265953052760335,0.575127394949795,0.059644222259521484,0,0,1784967716.1609359,0.46637020088724845,-0.9642164069718847,0.4274477762173025,1784967716.160968,-0.12063352591120771,0.034116088454985885,-0.14267902381943937,-0.12447676627185707,0.03585529303756867,-0.14767961873249252,1784967716.1610043,0.10400736459505273,0.10438123548785155,1784967716.1267807,4233.70556640625,nan,nan,57.43600082397461,nan
51.52303457260132,1784967716.205816,SMC,circle,circle_smc_tune_base_p01,1784967716.1622176,0.5907998730375754,-0.924957146214906,0.5754953620395029,0.10745826547411372,0.10863257678899868,1784967716.1928768,0.5977734423587641,-0.9217780885946191,0.5788780635097135,0.012939214706420898,0,0,1784967716.2010026,0.470278174816508,-0.9624260334912577,0.4317463487575865,1784967716.2010503,-0.1215008589927595,0.03416048184437042,-0.14374901328191642,-0.12896123880628596,0.035725306934156625,-0.147131714752127,1784967716.2011025,0.10397005546781617,0.1043470489520818,1784967716.1696937,4233.74853515625,nan,nan,42.97264862060547,nan
51.56317758560181,1784967716.245959,SMC,circle,circle_smc_tune_base_p01,1784967716.2120981,0.5957218410657815,-0.9219381864951111,0.580661997943776,0.10551809763111407,0.10784487746499909,1784967716.1928768,0.5977734423587641,-0.9217780885946191,0.5788780635097135,0.05308222770690918,0,0,1784967716.240596,0.4741817308674492,-0.9606173335842434,0.4360485776851985,1784967716.2406354,-0.12283815862095578,0.034334553924267194,-0.14461342025857754,-0.12470414909830829,0.035103750488849006,-0.142829485824515,1784967716.2406805,0.10392454668926258,0.10432403778885632,1784967716.229689,4233.80859375,nan,nan,59.71308517456055,nan
51.60319423675537,1784967716.2859757,SMC,circle,circle_smc_tune_base_p01,1784967716.2621207,0.5998259561097895,-0.9192370226128019,0.5858706902141835,0.10273133898595684,0.1072091400128029,1784967716.1928768,0.5977734423587641,-0.9217780885946191,0.5788780635097135,0.09309887886047363,0,0,1784967716.280886,0.47812414755623633,-0.9587698598181817,0.4404024080227226,1784967716.2809205,-0.1232644137311861,0.034351997470594746,-0.14546828219146085,-0.12039331744341923,0.03449339067077449,-0.13847565548699087,1784967716.2809603,0.10390097255862404,0.1042961238426378,1784967716.2712412,4233.85009765625,nan,nan,41.81273651123047,nan
51.64329957962036,1784967716.326081,SMC,circle,circle_smc_tune_base_p01,1784967716.3119814,0.6049786430065024,-0.9159973541270169,0.590616472322238,0.1026891354685831,0.10653365655712757,1784967716.3072002,0.6093689272078108,-0.9140802705407876,0.5881464445845824,0.018880844116210938,0,0,1784967716.3206072,0.48200548577795455,-0.9569304959330406,0.4446975301693292,1784967716.320639,-0.1249357702852744,0.034481484888188016,-0.1459189421529088,-0.12973678230610444,0.03501364513845661,-0.1434489144152532,1784967716.3207393,0.10385379396745804,0.10428541809117597,1784967716.3199217,4233.89892578125,nan,nan,48.50490188598633,nan
51.68314599990845,1784967716.3659275,SMC,circle,circle_smc_tune_base_p01,1784967716.3620567,0.6092356384111836,-0.913144506578206,0.5955130752257631,0.10257447886253131,0.10507899390698953,1784967716.3072002,0.6093689272078108,-0.9140802705407876,0.5881464445845824,0.058727264404296875,0,0,1784967716.3608603,0.4859074896971197,-0.9550606969734219,0.44902440108760344,1784967716.360905,-0.12065353455652243,0.03386161401617379,-0.14159207123463458,-0.12545302854369444,0.03440435338764283,-0.139122043496979,1784967716.360955,0.10402351367912563,0.10440898475938463,1784967716.3199217,4233.89892578125,nan,nan,48.50490188598633,nan
51.72332549095154,1784967716.406107,SMC,circle,circle_smc_tune_base_p01,1784967716.3620567,0.6092356384111836,-0.913144506578206,0.5955130752257631,0.10257447886253131,0.10507899390698953,1784967716.3954701,0.6179794927408969,-0.9080275020024954,0.6019815419710746,0.01063680648803711,0,0,1784967716.4005818,0.48977590361348655,-0.9531864371634595,0.4533229478786802,1784967716.4006202,-0.12135689601767137,0.03385983213021677,-0.14219012734708292,-0.131239795541868,0.035378040592303886,-0.14865859409239435,1784967716.4006608,0.10399749897107734,0.1043889901594378,1784967716.377142,4233.9560546875,nan,nan,57.45112991333008,nan
51.763006925582886,1784967716.4457884,SMC,circle,circle_smc_tune_base_p01,1784967716.4119573,0.614549565433908,-0.909625922741389,0.601726722423533,0.10438544356100875,0.10711539157087133,1784967716.3954701,0.6179794927408969,-0.9080275020024954,0.6019815419710746,0.050318241119384766,0,0,1784967716.4405937,0.4936645222142104,-0.9512816296249892,0.4576530374477714,1784967716.4406261,-0.12323263308521615,0.03408973061033292,-0.1440736849757616,-0.12695608892716903,0.034745977288754774,-0.14432850452330315,1784967716.4406626,0.10392346410406246,0.10433386818781905,1784967716.4202044,4233.9990234375,nan,nan,42.87855529785156,nan
51.80335307121277,1784967716.4861345,SMC,circle,circle_smc_tune_base_p01,1784967716.46272,0.618964825855665,-0.9065820359831853,0.6076957627577914,0.10483623152810688,0.10887599336941445,1784967716.3954701,0.6179794927408969,-0.9080275020024954,0.6019815419710746,0.09066438674926758,0,0,1784967716.4804242,0.4975209073659961,-0.9493719262588939,0.46195637359126507,1784967716.4804573,-0.12413336643188758,0.034212678734926096,-0.1457393891665263,-0.1226961772152534,0.03413620225476875,-0.14002516837980947,1784967716.4804971,0.10387586952629145,0.10428244298561333,1784967716.4732268,4234.05224609375,nan,nan,53.207176208496094,nan
51.84345078468323,1784967716.5262322,SMC,circle,circle_smc_tune_base_p01,1784967716.5121899,0.6242140043972653,-0.9030563138414561,0.6124128488217766,0.10382506294979962,0.10622150913058248,1784967716.5089827,0.6299085052752905,-0.899842271063009,0.6132737942221949,0.017249584197998047,0,0,1784967716.5215964,0.5014315533583706,-0.9474141808686355,0.46632969607814245,1784967716.5216327,-0.12596721523375756,0.0342842724375431,-0.14608315274363415,-0.1324442683481945,0.03504182583896924,-0.14694409814405243,1784967716.5216784,0.1038264591867475,0.10427337065646362,1784967716.5213375,4234.09912109375,nan,nan,47.05034255981445,nan
51.883225440979004,1784967716.566007,SMC,circle,circle_smc_tune_base_p01,1784967716.562038,0.628358674584144,-0.9001415541263594,0.6174950768221373,0.1030457410963822,0.10551989728645525,1784967716.5089827,0.6299085052752905,-0.899842271063009,0.6132737942221949,0.057024240493774414,0,0,1784967716.5610867,0.5052811379928834,-0.9454660451858315,0.4706441558788634,1784967716.561125,-0.12169736796772095,0.03366545192914782,-0.14176869294291322,-0.12817495543522536,0.03441932945500713,-0.14262963834333148,1784967716.5611675,0.10399576813603907,0.10439655863287449,1784967716.5213375,4234.09912109375,nan,nan,47.05034255981445,nan
51.92342734336853,1784967716.6062088,SMC,circle,circle_smc_tune_base_p01,1784967716.562038,0.628358674584144,-0.9001415541263594,0.6174950768221373,0.1030457410963822,0.10551989728645525,1784967716.5871155,0.637204207039495,-0.8951748697026338,0.6231381213942778,0.01909327507019043,0,0,1784967716.6011317,0.5091233579271904,-0.9435007653753085,0.4749598258922904,1784967716.6011846,-0.12232104248728122,0.03368448460700728,-0.14253525092984692,-0.13221052637055677,0.035503138153062865,-0.1481782955019874,1784967716.6012266,0.10396907102780606,0.10437164112257201,1784967716.5805252,4234.1591796875,nan,nan,60.07879638671875,nan
51.96294641494751,1784967716.6457279,SMC,circle,circle_smc_tune_base_p01,1784967716.6122222,0.6336145440928468,-0.896558615868009,0.6235618251904913,0.10325419404132154,0.10683174556087195,1784967716.5871155,0.637204207039495,-0.8951748697026338,0.6231381213942778,0.05861234664916992,0,0,1784967716.6408203,0.5129572205442092,-0.9415188390472558,0.47927567615016436,1784967716.6408615,-0.12420370742237197,0.033956596660827294,-0.14428614904032694,-0.12794060889930275,0.03487517372359068,-0.14386244524411346,1784967716.6409001,0.10389686140085384,0.10432234825401668,1784967716.6263287,4234.205078125,nan,nan,45.884063720703125,nan
52.003183364868164,1784967716.6859648,SMC,circle,circle_smc_tune_base_p01,1784967716.662165,0.6377691075782932,-0.8935603599159756,0.6290710145445867,0.10300028727850903,0.10741233247814451,1784967716.5871155,0.637204207039495,-0.8951748697026338,0.6231381213942778,0.09884929656982422,0,0,1784967716.6806571,0.5167713462283792,-0.9395262392846807,0.4835789350460382,1784967716.6806946,-0.12488174142757388,0.03402750322673819,-0.14549207949854848,-0.12368048995530848,0.034267394872790485,-0.1395591863482396,1784967716.6807365,0.10386178411146942,0.10428451412427299,1784967716.6712766,4234.25048828125,nan,nan,44.99360275268555,nan
52.043474435806274,1784967716.726256,SMC,circle,circle_smc_tune_base_p01,1784967716.7121809,0.6429971848209751,-0.8899243991155114,0.63561287412736,0.10443572619076616,0.1094257693413676,1784967716.7075114,0.647594035798131,-0.8878918049142382,0.6383518524175317,0.018744468688964844,0,0,1784967716.7207692,0.5205869152039827,-0.9375119098101925,0.4878935750912043,1784967716.720808,-0.12675583955115513,0.0343773533231252,-0.14771929903615572,-0.1315640068778614,0.03583120966063068,-0.15045827732632738,1784967716.7208493,0.10378166746271097,0.10422193514289899,1784967716.7209184,4234.29931640625,nan,nan,49.181671142578125,nan
52.083556175231934,1784967716.7663376,SMC,circle,circle_smc_tune_base_p01,1784967716.762073,0.6470247075774807,-0.8869545582102777,0.6404479934278465,0.10291688505723212,0.10733982940791288,1784967716.7075114,0.647594035798131,-0.8878918049142382,0.6383518524175317,0.05882620811462402,0,0,1784967716.76078,0.5244117526828055,-0.9354714866182153,0.49222863425715935,1784967716.760817,-0.12246662253482105,0.03374860382725586,-0.14338423987020066,-0.12727652807944065,0.03519071446559931,-0.14612321816037233,1784967716.7608573,0.1039525136166569,0.10434547879856851,1784967716.7209184,4234.29931640625,nan,nan,49.181671142578125,nan
52.123472929000854,1784967716.8062544,SMC,circle,circle_smc_tune_base_p01,1784967716.762073,0.6470247075774807,-0.8869545582102777,0.6404479934278465,0.10291688505723212,0.10733982940791288,1784967716.7889714,0.6556140566380131,-0.882162230957385,0.6467283486698566,0.017282962799072266,0,0,1784967716.8006914,0.5281959229474013,-0.9334317241935035,0.49652754153712725,1784967716.8007271,-0.12305291276896366,0.033740001090218394,-0.14392045189071928,-0.13258115390586012,0.03586334282910144,-0.15020080713272937,1784967716.8007655,0.10393015219718298,0.10432731830664997,1784967716.771275,4234.35009765625,nan,nan,50.80774688720703,nan
52.16312313079834,1784967716.8459046,SMC,circle,circle_smc_tune_base_p01,1784967716.8120582,0.6521677256565876,-0.8833062835536816,0.6466611340880104,0.10358915503182295,0.10874070873800121,1784967716.7889714,0.6556140566380131,-0.882162230957385,0.6467283486698566,0.05693316459655762,0,0,1784967716.8406832,0.5319970157320976,-0.9313616304679644,0.5008557771633482,1784967716.8407214,-0.12486279170621786,0.03405288736858684,-0.14580535692466223,-0.12830026141449724,0.035224943371254085,-0.14587257150650845,1784967716.8407633,0.10385732843607767,0.10427491768146416,1784967716.8212495,4234.400390625,nan,nan,49.97470474243164,nan
52.2034478187561,1784967716.8862293,SMC,circle,circle_smc_tune_base_p01,1784967716.8620286,0.6563689808736658,-0.8801268613615996,0.65229953149741,0.10427000192851618,0.10942619070519836,1784967716.7889714,0.6556140566380131,-0.882162230957385,0.6467283486698566,0.09725785255432129,0,0,1784967716.880571,0.5357809562087559,-0.9292796152938488,0.5051746915768003,1784967716.880604,-0.12566658308556175,0.034137586430630626,-0.14712483992060976,-0.12402587387485496,0.0346063935534615,-0.14155365709305634,1784967716.880642,0.1038172401021775,0.10423375821700069,1784967716.8722208,4234.451171875,nan,nan,50.98719787597656,nan
52.24329447746277,1784967716.926076,SMC,circle,circle_smc_tune_base_p01,1784967716.912425,0.661746960273008,-0.8762086503779549,0.6579803943585685,0.10527724673871967,0.10976788488631192,1784967716.90842,0.6673022787176468,-0.8731820855566483,0.6580743136915066,0.01765584945678711,0,0,1784967716.9210067,0.5395819446152974,-0.9271667084815045,0.5095234750698415,1784967716.9210408,-0.12782236606701664,0.03438687931992358,-0.14845691928872695,-0.13406537539956837,0.035401954388528716,-0.14855083862166507,1784967716.9210799,0.1037443167569095,0.10419766533437322,1784967716.9212694,4234.5,nan,nan,49.01185607910156,nan
52.28330731391907,1784967716.9660888,SMC,circle,circle_smc_tune_base_p01,1784967716.9623806,0.6657618737171849,-0.8730970625669051,0.6635401895152433,0.10395698372429027,0.11002839394844385,1784967716.90842,0.6673022787176468,-0.8731820855566483,0.6580743136915066,0.05766868591308594,0,0,1784967716.960705,0.5433241290804726,-0.9250652754653654,0.5138153270672177,1784967716.9607449,-0.12357637307609574,0.03376117266839405,-0.1441650672913508,-0.12981944119332534,0.03477584895893004,-0.14425898662428893,1784967716.9607892,0.10391379690705681,0.10431987017923477,1784967716.9212694,4234.5,nan,nan,49.01185607910156,nan
52.323296546936035,1784967717.006078,SMC,circle,circle_smc_tune_base_p01,1784967716.9623806,0.6657618737171849,-0.8730970625669051,0.6635401895152433,0.10395698372429027,0.11002839394844385,1784967716.9878194,0.6740899232305086,-0.8678474805964307,0.6621643924896895,0.01825857162475586,0,0,1784967717.0008311,0.5470831641142891,-0.9229330338064347,0.5181369966457694,1784967717.0008752,-0.12419153300369232,0.033833759362336194,-0.1454031928694739,-0.13403356696269025,0.03464300738844142,-0.1440273958439201,1784967717.0009198,0.10387974045766632,0.1042810188830954,1784967716.970717,4234.5498046875,nan,nan,49.492305755615234,nan
52.3634729385376,1784967717.0462544,SMC,circle,circle_smc_tune_base_p01,1784967717.0122192,0.6706701861528026,-0.869457179013881,0.6679663099610131,0.10256610373515397,0.10853694742471762,1784967716.9878194,0.6740899232305086,-0.8678474805964307,0.6621643924896895,0.05843496322631836,0,0,1784967717.04068,0.5508274153148577,-0.9207877533792037,0.5224522804210998,1784967717.040719,-0.12588019253127325,0.033930734078113985,-0.14551402953991333,-0.12976164062963624,0.03403285120402747,-0.1397121120685897,1784967717.040763,0.10383747757059603,0.10428055681794002,1784967717.0213344,4234.60009765625,nan,nan,50.604976654052734,nan
52.40346550941467,1784967717.086247,SMC,circle,circle_smc_tune_base_p01,1784967717.062271,0.6745651945501568,-0.8663783018024294,0.6733219867378875,0.10134807635110146,0.10828385990632691,1784967716.9878194,0.6740899232305086,-0.8678474805964307,0.6621643924896895,0.09842753410339355,0,0,1784967717.0805392,0.5545566092105205,-0.9186296882577759,0.526760895151934,1784967717.0805767,-0.1264004981514546,0.033987968588764905,-0.14656109158595343,-0.12549372908817769,0.0334420354509731,-0.13540349733775547,1784967717.0806184,0.10380853455218031,0.10424756256676038,1784967717.0712512,4234.64990234375,nan,nan,49.7878532409668,nan
52.44337582588196,1784967717.1261573,SMC,circle,circle_smc_tune_base_p01,1784967717.1122537,0.6794396862909192,-0.8627226187384284,0.6777507647397562,0.100834191998792,0.10530578079297667,1784967717.1066134,0.684257253342203,-0.8602475526363658,0.6772748409007516,0.019543886184692383,0,0,1784967717.1206474,0.5582886816629434,-0.9164484030114306,0.5310836719463683,1784967717.1206846,-0.1280631714949342,0.034115244756209175,-0.14666709279338788,-0.13338469707238426,0.03514454752449476,-0.14619116895438333,1784967717.120723,0.1037669579414983,0.10424827173209404,1784967717.1213717,4234.7001953125,nan,nan,50.2286376953125,nan
52.48325753211975,1784967717.166039,SMC,circle,circle_smc_tune_base_p01,1784967717.1618688,0.6835343643015062,-0.85941929500398,0.683264393131679,0.10274662434810888,0.10627423665853246,1784967717.1066134,0.684257253342203,-0.8602475526363658,0.6772748409007516,0.05942559242248535,0,0,1784967717.1606972,0.5620189303803519,-0.9142464729788057,0.5354153322170585,1784967717.160732,-0.12377665980337932,0.03349149089412388,-0.14233543252269765,-0.12909788900696287,0.034522833786073855,-0.14185950868369313,1784967717.1607714,0.10393719963920084,0.10437186861238087,1784967717.1213717,4234.7001953125,nan,nan,50.2286376953125,nan
52.52324199676514,1784967717.2060235,SMC,circle,circle_smc_tune_base_p01,1784967717.1618688,0.6835343643015062,-0.85941929500398,0.683264393131679,0.10274662434810888,0.10627423665853246,1784967717.1855812,0.6915400447330908,-0.8542956897713667,0.6824713007701436,0.02044224739074707,0,0,1784967717.2014124,0.5657852847531541,-0.9120010384123236,0.5398002418468806,1784967717.2014518,-0.12451261493911225,0.033560306842598774,-0.1434641512847984,-0.1339832545643646,0.03453482902413936,-0.14267105892326307,1784967717.2014952,0.10390217622545139,0.10433653851859334,1784967717.1713214,4234.75048828125,nan,nan,50.00044631958008,nan
52.56360149383545,1784967717.246383,SMC,circle,circle_smc_tune_base_p01,1784967717.211884,0.688779520345498,-0.855355422915128,0.6883133803877164,0.10609557939800941,0.10719777179032218,1784967717.1855812,0.6915400447330908,-0.8542956897713667,0.6824713007701436,0.06080174446105957,0,0,1784967717.2405846,0.5694218220436167,-0.9098116754194289,0.5440449727962828,1784967717.2406228,-0.12677470377389924,0.033762672639694936,-0.14426840759143356,-0.12978038287034785,0.03394020031375422,-0.13842632797386079,1784967717.2406623,0.1038354329766333,0.1043164755016087,1784967717.220972,4234.7998046875,nan,nan,49.57109069824219,nan
52.603076696395874,1784967717.2858582,SMC,circle,circle_smc_tune_base_p01,1784967717.262241,0.6928133061557984,-0.8520413792374647,0.6930259855280944,0.10519822700317959,0.1049164041931134,1784967717.1855812,0.6915400447330908,-0.8542956897713667,0.6824713007701436,0.10027694702148438,0,0,1784967717.2807682,0.5731280745228557,-0.9075586162939668,0.5483823236416192,1784967717.2808096,-0.12754399234044528,0.03375275246967909,-0.14464366188647515,-0.1254832370849722,0.03335103059124503,-0.1340889771285244,1784967717.2808511,0.1038111359543965,0.10430363635277347,1784967717.27192,4234.85009765625,nan,nan,50.417694091796875,nan
52.64299392700195,1784967717.3257754,SMC,circle,circle_smc_tune_base_p01,1784967717.312824,0.6978501208824217,-0.8480404045356471,0.6988055308792528,0.10571294159207145,0.10586151533358322,1784967717.3070374,0.7022552398765333,-0.8456407162406664,0.69938506441973,0.0187380313873291,0,0,1784967717.3214042,0.5768316641816325,-0.9052850960552409,0.5527280687282895,1784967717.3214405,-0.12947879740413912,0.03402444110036416,-0.1460774621509633,-0.13437481537408916,0.03509892272904095,-0.14665699569144053,1784967717.3214848,0.10374227067431527,0.10426489929831335,1784967717.322428,4234.90087890625,nan,nan,50.7889518737793,nan
52.68328881263733,1784967717.3660703,SMC,circle,circle_smc_tune_base_p01,1784967717.362155,0.7018865941880035,-0.8446344439526555,0.7046200154395639,0.10620700469357812,0.1078441045040703,1784967717.3070374,0.7022552398765333,-0.8456407162406664,0.69938506441973,0.05903291702270508,0,0,1784967717.361078,0.5805031109488396,-0.9030093473477238,0.5570476268719051,1784967717.361121,-0.12520389941630466,0.033404924564821976,-0.14175790400734767,-0.13010027713472755,0.03447692885090651,-0.14233743754782494,1784967717.361169,0.10391177601186188,0.10438823401858248,1784967717.322428,4234.90087890625,nan,nan,50.7889518737793,nan
52.72368001937866,1784967717.4064615,SMC,circle,circle_smc_tune_base_p01,1784967717.362155,0.7018865941880035,-0.8446344439526555,0.7046200154395639,0.10620700469357812,0.1078441045040703,1784967717.394792,0.7090760848989635,-0.8399896836696258,0.7074482137780114,0.011669397354125977,0,0,1784967717.4007533,0.5841426776848994,-0.9007316051179666,0.5613411783169127,1784967717.4007933,-0.1260407350794474,0.03352990403996699,-0.14327883712265121,-0.13442819170328213,0.03502853886100865,-0.1461070354610987,1784967717.4008377,0.10386836094879379,0.10434170223057719,1784967717.371096,4234.9501953125,nan,nan,48.9630241394043,nan
52.76308012008667,1784967717.4458616,SMC,circle,circle_smc_tune_base_p01,1784967717.4122064,0.7066800016169806,-0.8407563060453812,0.7098214575648031,0.10679049554155687,0.10763762435556687,1784967717.394792,0.7090760848989635,-0.8399896836696258,0.7074482137780114,0.05106949806213379,0,0,1784967717.4408305,0.5878055824525557,-0.8984172111044175,0.565673997301898,1784967717.4408672,-0.12774117800393628,0.0337357221068896,-0.14414746026290506,-0.13014018425742893,0.034407022062218455,-0.14177421647611332,1784967717.4409118,0.1038141147620042,0.10431960872813281,1784967717.4233432,4235.00244140625,nan,nan,52.197715759277344,nan
52.803415298461914,1784967717.4861968,SMC,circle,circle_smc_tune_base_p01,1784967717.4619443,0.7107197070152563,-0.837275977697966,0.7153458454438936,0.1069300835370776,0.1082032499337684,1784967717.394792,0.7090760848989635,-0.8399896836696258,0.7074482137780114,0.09140467643737793,0,0,1784967717.4809666,0.5914580348114475,-0.8960872182759215,0.5700063528011651,1784967717.4810066,-0.12859966517459698,0.033826536803942,-0.1453394926427285,-0.12584998326515773,0.03380415370118694,-0.1374418609768463,1784967717.4810543,0.10377494186704316,0.10428290147204045,1784967717.4714904,4235.05029296875,nan,nan,48.06937026977539,nan
52.843406677246094,1784967717.5261881,SMC,circle,circle_smc_tune_base_p01,1784967717.5118828,0.7154640752525564,-0.833312871941084,0.7206081674930033,0.10616978265297766,0.10706272072517002,1784967717.5081697,0.7195388595413756,-0.8308333132910986,0.7217064252388419,0.018018484115600586,0,0,1784967717.5211592,0.5950967916272362,-0.8937437318220106,0.5743344596813535,1784967717.5211987,-0.13031933322942857,0.034015337421869206,-0.14627370781164972,-0.1349789154532393,0.03498916131531448,-0.14737196555748833,1784967717.5212407,0.103719010712801,0.10425805432034065,1784967717.522061,4235.10107421875,nan,nan,50.625064849853516,nan
52.88305449485779,1784967717.565836,SMC,circle,circle_smc_tune_base_p01,1784967717.5625587,0.7194826756035857,-0.8297773987154349,0.7260149620362076,0.10597696602571305,0.10700609255418363,1784967717.5081697,0.7195388595413756,-0.8308333132910986,0.7217064252388419,0.05766630172729492,0,0,1784967717.560812,0.5986874304704373,-0.8914093025375978,0.5786172479580258,1784967717.560851,-0.12608095681990086,0.03340018476001384,-0.14199091953497747,-0.13074121719585266,0.03436935419566265,-0.14308917728081605,1784967717.560896,0.10388716823411004,0.10438030884083455,1784967717.522061,4235.10107421875,nan,nan,50.625064849853516,nan
52.92342758178711,1784967717.606209,SMC,circle,circle_smc_tune_base_p01,1784967717.5625587,0.7194826756035857,-0.8297773987154349,0.7260149620362076,0.10597696602571305,0.10700609255418363,1784967717.5860782,0.7265152794939866,-0.8244986902238867,0.7288302258762652,0.02013087272644043,0,0,1784967717.6009738,0.602304884274192,-0.8890352224278496,0.5829441703747126,1784967717.6010177,-0.12696955753763697,0.03347918623060058,-0.14307079166149506,-0.13563640723683082,0.034582528847024875,-0.14588605550155265,1784967717.6010625,0.10384927521220823,0.10434694648563685,1784967717.5794628,4235.158203125,nan,nan,57.0090446472168,nan
52.963051557540894,1784967717.645833,SMC,circle,circle_smc_tune_base_p01,1784967717.6119254,0.7243486390860328,-0.8255758731550248,0.7318506225289236,0.10792189071910759,0.10897301196661396,1784967717.5860782,0.7265152794939866,-0.8244986902238867,0.7288302258762652,0.05975484848022461,0,0,1784967717.6406426,0.6058916897322927,-0.8866590516761342,0.5872466567943906,1784967717.6406798,-0.12894342790381477,0.03371640474383335,-0.14460396573453305,-0.13137829166877132,0.0339662394307459,-0.14158356908187464,1784967717.6407223,0.10377816737066888,0.10430374796697668,1784967717.6228445,4235.201171875,nan,nan,43.177772521972656,nan
53.00314521789551,1784967717.6859267,SMC,circle,circle_smc_tune_base_p01,1784967717.6619394,0.7283379010106633,-0.8219914061354081,0.7369224348958664,0.10765829983136421,0.10770533578918083,1784967717.5860782,0.7265152794939866,-0.8244986902238867,0.7288302258762652,0.09984850883483887,0,0,1784967717.6803982,0.6094727698279885,-0.8842644266665168,0.5915546020458551,1784967717.680434,-0.1298726301534306,0.033763122399633194,-0.1453678328500113,-0.1271121564680782,0.033367529118590956,-0.13727562383041014,1784967717.680475,0.10374394738236369,0.1042798429849874,1784967717.6754785,4235.25439453125,nan,nan,53.20496368408203,nan
53.0434410572052,1784967717.7262225,SMC,circle,circle_smc_tune_base_p01,1784967717.7119904,0.7331590429483266,-0.8177615579752535,0.7426080293294549,0.10838025808065661,0.10793243366148791,1784967717.705786,0.7368401754744905,-0.815455849827985,0.7434135560926481,0.020436525344848633,0,0,1784967717.720863,0.6130764482715738,-0.8818320548588627,0.5959023555706355,1784967717.7209108,-0.1317909574084421,0.034000024420286296,-0.14670567375881938,-0.1360339528988132,0.03490020664956834,-0.1475112005220126,1784967717.7209618,0.10367688206444177,0.1042431450220489,1784967717.723505,4235.30126953125,nan,nan,46.68851852416992,nan
53.0830602645874,1784967717.7658417,SMC,circle,circle_smc_tune_base_p01,1784967717.7620232,0.737047282745618,-0.8141831846469266,0.748082030994458,0.1073606251802797,0.10818021918114991,1784967717.705786,0.7368401754744905,-0.815455849827985,0.7434135560926481,0.06005573272705078,0,0,1784967717.7606533,0.6166332887801694,-0.8794088356089853,0.60020620669826,1784967717.7606924,-0.1275319974984122,0.03338005150045728,-0.14240182263119494,-0.13177549377527142,0.0342768032250614,-0.14320734939438817,1784967717.7607346,0.10384605417762405,0.10436594096230874,1784967717.723505,4235.30126953125,nan,nan,46.68851852416992,nan
53.12301421165466,1784967717.8057957,SMC,circle,circle_smc_tune_base_p01,1784967717.7620232,0.737047282745618,-0.8141831846469266,0.748082030994458,0.1073606251802797,0.10818021918114991,1784967717.786166,0.7428711528126613,-0.8097724709221958,0.7497871031247512,0.019629716873168945,0,0,1784967717.8009012,0.6202118694115588,-0.8769480852199819,0.6045491966198299,1784967717.8009424,-0.12833458910484336,0.03346908711299135,-0.14353283437462816,-0.13554526762151067,0.03442881621795806,-0.1452379065049213,1784967717.8009818,0.1038093880554918,0.1043312084246121,1784967717.777006,4235.35595703125,nan,nan,54.90533447265625,nan
53.163384675979614,1784967717.8461661,SMC,circle,circle_smc_tune_base_p01,1784967717.812595,0.7414805088019675,-0.8101999837501501,0.75340312590525,0.10581735164030068,0.10821991878173479,1784967717.786166,0.7428711528126613,-0.8097724709221958,0.7497871031247512,0.06000018119812012,0,0,1784967717.8410504,0.6237784831377398,-0.8744726852681082,0.6088906673382135,1784967717.841085,-0.12981828164562234,0.033644624480842725,-0.1445124585670365,-0.13124815562317724,0.03380981147864059,-0.14089643578653765,1784967717.8411248,0.10375859454649491,0.1043044055304602,1784967717.8215923,4235.400390625,nan,nan,44.645687103271484,nan
53.20321011543274,1784967717.8859916,SMC,circle,circle_smc_tune_base_p01,1784967717.8622625,0.7451371387293532,-0.8067617216819435,0.7587714135555136,0.1041037579991491,0.10819532238829209,1784967717.786166,0.7428711528126613,-0.8097724709221958,0.7497871031247512,0.09982562065124512,0,0,1784967717.880804,0.6273074256714857,-0.8720007477915871,0.6131992563198422,1784967717.8808358,-0.13039331903333912,0.03372764679760495,-0.1455721572356714,-0.1269809723011857,0.033213945058351596,-0.13658784680490899,1784967717.8808727,0.1037282520677372,0.10427184965206444,1784967717.879059,4235.45751953125,nan,nan,56.77830123901367,nan
53.2431583404541,1784967717.9259398,SMC,circle,circle_smc_tune_base_p01,1784967717.9124918,0.7493765665911352,-0.8028581418014125,0.7627775851625997,0.10202465184475706,0.10436553466192956,1784967717.9054754,0.7523487827144342,-0.800585450889681,0.7610490068762324,0.020464420318603516,0,0,1784967717.9208198,0.630819995546938,-0.869517668841224,0.6175008672664972,1784967717.9208586,-0.13176408389006156,0.03372505418145307,-0.14527671789610253,-0.13554183622893368,0.03390143675141972,-0.14354813960973523,1784967717.920903,0.10369997749612933,0.10428161120951168,1784967717.9217932,4235.50048828125,nan,nan,43.34854507446289,nan
53.2832407951355,1784967717.9660223,SMC,circle,circle_smc_tune_base_p01,1784967717.9621809,0.7530907837385651,-0.7992998712676306,0.7681580344669924,0.10254120163481344,0.10500218094096193,1784967717.9054754,0.7523487827144342,-0.800585450889681,0.7610490068762324,0.060546875,0,0,1784967717.960881,0.6343492693237747,-0.8669998541225101,0.6218362096737236,1784967717.9609158,-0.12747306346605616,0.03310674352295905,-0.1409413754888762,-0.13124975341782824,0.03329054437771378,-0.1392127972025089,1784967717.9609551,0.1038697395374228,0.10440551226780276,1784967717.9217932,4235.50048828125,nan,nan,43.34854507446289,nan
53.32348108291626,1784967718.0062625,SMC,circle,circle_smc_tune_base_p01,1784967717.9621809,0.7530907837385651,-0.7992998712676306,0.7681580344669924,0.10254120163481344,0.10500218094096193,1784967717.9873981,0.7593371075572715,-0.7935315111792972,0.7641311190608177,0.01886439323425293,0,0,1784967718.001544,0.6379021028907962,-0.864441802504181,0.6262141412685727,1784967718.001586,-0.1281041195805835,0.03318490541134918,-0.1419438931984197,-0.13673764376411,0.03282600420346829,-0.137916977792245,1784967718.001631,0.1038393309386222,0.10437470040709765,1784967717.9717257,4235.55078125,nan,nan,50.007659912109375,nan
53.363091707229614,1784967718.0458732,SMC,circle,circle_smc_tune_base_p01,1784967718.0118756,0.7577281064461472,-0.794909059355652,0.7722535293000099,0.10560115068242704,0.10455112572615577,1784967717.9873981,0.7593371075572715,-0.7935315111792972,0.7641311190608177,0.05847501754760742,0,0,1784967718.0406313,0.6413295839989017,-0.8619515187490834,0.6304507869671203,1784967718.04067,-0.13015989103628642,0.033192019445099204,-0.1418027423328896,-0.13254000578194847,0.032252440520832794,-0.13368033209369734,1784967718.0407116,0.10379214793412683,0.10437964257040698,1784967718.0223026,4235.60107421875,nan,nan,50.53452682495117,nan
53.40342617034912,1784967718.0862076,SMC,circle,circle_smc_tune_base_p01,1784967718.0620656,0.7616352323403455,-0.791101788173626,0.7772779964213615,0.10673199990146348,0.1038115249519315,1784967717.9873981,0.7593371075572715,-0.7935315111792972,0.7641311190608177,0.09880948066711426,0,0,1784967718.0804567,0.6448054933792662,-0.859403283266118,0.6347607149074885,1784967718.0804896,-0.13118187282771643,0.033250539529404335,-0.142517281513873,-0.12826730599425967,0.03168720904485733,-0.12937040415332912,1784967718.0805278,0.10375668676440872,0.10435777526718437,1784967718.0722938,4235.6513671875,nan,nan,49.95989227294922,nan
53.44317054748535,1784967718.125952,SMC,circle,circle_smc_tune_base_p01,1784967718.1121376,0.766233603088783,-0.7866309922183413,0.7822990474839728,0.10767526699257568,0.10401361949373093,1784967718.1077445,0.7695726916885142,-0.7835919467583531,0.7805271358354562,0.018207550048828125,0,0,1784967718.1215363,0.6482927292559268,-0.8568234881524072,0.6390984777401305,1784967718.1215792,-0.1331343785922357,0.03335076375093657,-0.14320056974384232,-0.13770426595517557,0.03330500083088312,-0.14142865809532568,1784967718.121652,0.10369932015590223,0.10433833980023648,1784967718.1222506,4235.701171875,nan,nan,49.9910888671875,nan
53.48296618461609,1784967718.1657476,SMC,circle,circle_smc_tune_base_p01,1784967718.162636,0.7699177793020111,-0.7829657003918039,0.7872496352870241,0.10590005483362673,0.1030072818642133,1784967718.1077445,0.7695726916885142,-0.7835919467583531,0.7805271358354562,0.05800318717956543,0,0,1784967718.1609488,0.6517743451053435,-0.8542243886282125,0.6434432443569518,1784967718.1609848,-0.12883275021705504,0.03274005876371403,-0.13885580312702106,-0.13340156221812738,0.03270191890380375,-0.13708389147850442,1784967718.1610246,0.10386851537552658,0.1044628085212231,1784967718.1222506,4235.701171875,nan,nan,49.9910888671875,nan
53.52313566207886,1784967718.2059171,SMC,circle,circle_smc_tune_base_p01,1784967718.162636,0.7699177793020111,-0.7829657003918039,0.7872496352870241,0.10590005483362673,0.1030072818642133,1784967718.1859615,0.7762670445425978,-0.7773081733243897,0.7960167978915125,0.01995563507080078,0,0,1784967718.2014058,0.6552303240880328,-0.851621016515769,0.6477700637768125,1784967718.2015364,-0.1295824299852664,0.032789611993029065,-0.1394795715102116,-0.13777439357354634,0.034503664110128646,-0.14824673411470002,1784967718.2016141,0.10384117798732924,0.10444366801609392,1784967718.1762679,4235.75537109375,nan,nan,54.01970291137695,nan
53.56318950653076,1784967718.245971,SMC,circle,circle_smc_tune_base_p01,1784967718.211849,0.7742068060885001,-0.7786932875853988,0.7938554442511636,0.10519626762935247,0.10523649881839851,1784967718.1859615,0.7762670445425978,-0.7773081733243897,0.7960167978915125,0.06000947952270508,0,0,1784967718.2405508,0.6586311677567481,-0.8490361851449524,0.6520417283962583,1784967718.240586,-0.13118905833433267,0.033095050781300345,-0.14181371585490532,-0.1335482477002258,0.03388174616376057,-0.14397506949525418,1784967718.2406259,0.10376728041902752,0.1043760444975465,1784967718.2225888,4235.80126953125,nan,nan,46.09482192993164,nan
53.603341817855835,1784967718.2861233,SMC,circle,circle_smc_tune_base_p01,1784967718.2622888,0.777825665584161,-0.7749992048704636,0.7994465682612342,0.10420876879877312,0.10617270532263758,1784967718.1859615,0.7762670445425978,-0.7773081733243897,0.7960167978915125,0.10016179084777832,0,0,1784967718.280559,0.662063247081383,-0.8464042619598249,0.6563667968700739,1784967718.2805955,-0.13189371231797042,0.03322150457959002,-0.14307977139116024,-0.12926660001018958,0.03327045147099345,-0.13965000102143854,1784967718.2806368,0.10373095721444359,0.10433805777294766,1784967718.276889,4235.85595703125,nan,nan,54.398956298828125,nan
53.64317536354065,1784967718.3259568,SMC,circle,circle_smc_tune_base_p01,1784967718.3120124,0.7822656415634419,-0.7705542295151963,0.8036610004266691,0.1043992977597643,0.10527404253710412,1784967718.3055174,0.7860415629837336,-0.7671054301152983,0.7987240617942666,0.02043938636779785,0,0,1784967718.3207912,0.6654947676530937,-0.8437490814680468,0.660705615420184,1784967718.320827,-0.13374095290597893,0.03326080068168665,-0.14295538500648508,-0.13900864208569422,0.03289949213377363,-0.13801844637408256,1784967718.3208656,0.10368853815690847,0.10434351385584005,1784967718.322374,4235.9013671875,nan,nan,45.62246322631836,nan
53.68322968482971,1784967718.3660111,SMC,circle,circle_smc_tune_base_p01,1784967718.3625443,0.7858211943802337,-0.766856595068007,0.809062221618574,0.10328980823615454,0.10552775685584921,1784967718.3055174,0.7860415629837336,-0.7671054301152983,0.7987240617942666,0.06049370765686035,0,0,1784967718.3609774,0.6689089609918395,-0.8410835658087545,0.665037095446429,1784967718.3610191,-0.12945233407016954,0.03265298626477158,-0.13862390498024013,-0.13471707478352413,0.0323128576860864,-0.1336869663478376,1784967718.3610656,0.10385710896599475,0.10446763604281771,1784967718.322374,4235.9013671875,nan,nan,45.62246322631836,nan
53.72362923622131,1784967718.4064107,SMC,circle,circle_smc_tune_base_p01,1784967718.3625443,0.7858211943802337,-0.766856595068007,0.809062221618574,0.10328980823615454,0.10552775685584921,1784967718.392606,0.793165237576968,-0.7611013436020956,0.8266374553563006,0.01380467414855957,0,0,1784967718.4011483,0.6723070736887296,-0.8384068495816178,0.6693628333996153,1784967718.4011912,-0.13012151979236392,0.03276102263747737,-0.13969938821895866,-0.13873407866140222,0.03654712644187104,-0.1572746219566853,1784967718.4012399,0.10382493670063868,0.10443538781395062,1784967718.3793306,4235.9580078125,nan,nan,56.84636688232422,nan
53.76327419281006,1784967718.4460557,SMC,circle,circle_smc_tune_base_p01,1784967718.412537,0.7898976037999653,-0.7627153728878402,0.8167326095516744,0.10069892407185163,0.10657933879663223,1784967718.392606,0.793165237576968,-0.7611013436020956,0.8266374553563006,0.05344963073730469,0,0,1784967718.4414768,0.6757301398796616,-0.835686269531619,0.6737353576610896,1784967718.4415152,-0.13134921200461883,0.03326178108214589,-0.14299725189058474,-0.13441403737638696,0.035871714529244945,-0.15290209769521101,1784967718.4415586,0.10374529565381119,0.10434215097305204,1784967718.423784,4236.00244140625,nan,nan,44.03502655029297,nan
53.80331826210022,1784967718.4860997,SMC,circle,circle_smc_tune_base_p01,1784967718.4624815,0.793314913521951,-0.7590676010928844,0.8221662753307194,0.10047500904711701,0.106948442760132,1784967718.392606,0.793165237576968,-0.7611013436020956,0.8266374553563006,0.09349370002746582,0,0,1784967718.4812675,0.6790875354439949,-0.8329940363057332,0.6780388740490293,1784967718.48131,-0.1319073687597323,0.03336851499134869,-0.1441274012816901,-0.13015933187006629,0.03522541291818947,-0.14859858130727133,1784967718.4813564,0.10371443735877531,0.10430803712365529,1784967718.4726124,4236.05126953125,nan,nan,49.26396179199219,nan
53.84349799156189,1784967718.5262794,SMC,circle,circle_smc_tune_base_p01,1784967718.5121095,0.797895524062521,-0.7543187183066473,0.8288500230461765,0.10279440125579221,0.10946196619340332,1784967718.5057855,0.8028234101990392,-0.7504700010656973,0.8316316955051037,0.02049398422241211,0,0,1784967718.5215333,0.6824565748609859,-0.8302684783280845,0.6823723625133844,1784967718.5215757,-0.13399158854467647,0.03377530517023678,-0.14647766053279213,-0.14006121493177895,0.035196989850380715,-0.14925933299171934,1784967718.5216496,0.10362766388478882,0.10424325482124816,1784967718.5253644,4236.1044921875,nan,nan,52.79694366455078,nan
53.883167028427124,1784967718.5659485,SMC,circle,circle_smc_tune_base_p01,1784967718.5623147,0.801453848687569,-0.7504360142699937,0.8339736312404027,0.10367458996760417,0.10824999829654036,1784967718.5057855,0.8028234101990392,-0.7504700010656973,0.8316316955051037,0.060163021087646484,0,0,1784967718.5614884,0.6857787043137176,-0.8275570935076741,0.686660506625018,1784967718.561578,-0.12974803590302866,0.03315852909853566,-0.1421895164211585,-0.13581939437459217,0.03456841200660426,-0.14497118888008576,1784967718.561646,0.10379612096393206,0.10436563375591257,1784967718.5253644,4236.1044921875,nan,nan,52.79694366455078,nan
53.923165798187256,1784967718.6059473,SMC,circle,circle_smc_tune_base_p01,1784967718.5623147,0.801453848687569,-0.7504360142699937,0.8339736312404027,0.10367458996760417,0.10824999829654036,1784967718.5882332,0.8088591328066135,-0.7440075800057878,0.8451977714901948,0.01771402359008789,0,0,1784967718.600828,0.689082925752535,-0.8248366567495574,0.6909405397365898,1784967718.600863,-0.13060796750580914,0.03323008797226835,-0.14303309150381296,-0.13994991923270128,0.035968034840286385,-0.15425723175360506,1784967718.6009016,0.10376253384118686,0.10433989988228184,1784967718.5854437,4236.1640625,nan,nan,59.75469970703125,nan
53.963505268096924,1784967718.6462867,SMC,circle,circle_smc_tune_base_p01,1784967718.6119113,0.8058575041946183,-0.7457360958653098,0.8412345355646631,0.10529756522496177,0.1106749186729098,1784967718.5882332,0.8088591328066135,-0.7440075800057878,0.8451977714901948,0.05805349349975586,0,0,1784967718.6410499,0.6924290965854834,-0.8220573697744842,0.6952904046963073,1784967718.6410875,-0.1324998718183504,0.0336856716124825,-0.14594413086835578,-0.13565026484983045,0.03530904506726617,-0.1499073667938875,1784967718.6411288,0.10367185994879492,0.10425805135813755,1784967718.6261694,4236.205078125,nan,nan,40.98734664916992,nan
54.00339388847351,1784967718.6861753,SMC,circle,circle_smc_tune_base_p01,1784967718.6622155,0.809205779845237,-0.7419877566163424,0.8462953182667098,0.10330099128266752,0.10898033295223082,1784967718.5882332,0.8088591328066135,-0.7440075800057878,0.8451977714901948,0.09794211387634277,0,0,1784967718.6806567,0.6957171455066518,-0.8193022690202517,0.6995801452587462,1784967718.6806905,-0.13311138291151822,0.03374260943783887,-0.14671517300796355,-0.13140727296843385,0.03467748686062829,-0.14561762623144855,1784967718.6807282,0.10364504187872887,0.10423424788099585,1784967718.672814,4236.251953125,nan,nan,46.727821350097656,nan
54.043219327926636,1784967718.7260008,SMC,circle,circle_smc_tune_base_p01,1784967718.7121232,0.8132863329244419,-0.7375249592983373,0.8519765440220469,0.1021938953628082,0.10946622443852418,1784967718.7077854,0.8172024642233727,-0.7341015002940494,0.8521537804426443,0.018215417861938477,0,0,1784967718.7205966,0.6990055944165672,-0.8165226902328715,0.7038859533260673,1784967718.7206333,-0.13470589691104104,0.033986026894920765,-0.1480905906959796,-0.13985494723784925,0.03470369311985009,-0.14826782711657707,1784967718.720675,0.10358495677222791,0.1041965145399647,1784967718.672814,4236.251953125,nan,nan,46.727821350097656,nan
54.08304405212402,1784967718.7658255,SMC,circle,circle_smc_tune_base_p01,1784967718.7623491,0.8165641203100871,-0.7337636939755657,0.8576845318969192,0.10107948847265752,0.11017369517174823,1784967718.7077854,0.8172024642233727,-0.7341015002940494,0.8521537804426443,0.05804014205932617,0,0,1784967718.7606494,0.7023015431943844,-0.8137122789572262,0.7082174333523124,1784967718.7606838,-0.1304204558596042,0.03335619764906993,-0.14375911066973457,-0.13556961788240168,0.034073104347662926,-0.14393634709033198,1784967718.7607248,0.10375582891601429,0.10431990289931117,1784967718.729139,4236.30810546875,nan,nan,56.2647590637207,nan
54.12329578399658,1784967718.8060772,SMC,circle,circle_smc_tune_base_p01,1784967718.7623491,0.8165641203100871,-0.7337636939755657,0.8576845318969192,0.10107948847265752,0.11017369517174823,1784967718.7855084,0.8233120650992201,-0.7270603460106562,0.8634899058856031,0.02056884765625,0,0,1784967718.8011692,0.7056047914900966,-0.8108707667476728,0.7125746883343076,1784967718.8012128,-0.1309069159399294,0.03347913802298445,-0.14510984356261158,-0.14019040505583577,0.0350119867315395,-0.15091521755129556,1784967718.8012595,0.1037231570781273,0.10427897648201243,1784967718.7727325,4236.3515625,nan,nan,43.70038986206055,nan
54.163490772247314,1784967718.8462722,SMC,circle,circle_smc_tune_base_p01,1784967718.812391,0.8206871722926985,-0.7291080440883676,0.8641424623348695,0.10155205954810853,0.11193029861853615,1784967718.7855084,0.8233120650992201,-0.7270603460106562,0.8634899058856031,0.06076383590698242,0,0,1784967718.8410773,0.7088630754191828,-0.8080432611904084,0.7168887618969293,1784967718.8411233,-0.13263984383482827,0.03379451091517829,-0.14725370043794017,-0.1359239799019232,0.0343725977693539,-0.14660114398867385,1784967718.8411698,0.10364784080896204,0.10421802701590793,1784967718.823373,4236.40234375,nan,nan,50.53607177734375,nan
54.20305681228638,1784967718.8858383,SMC,circle,circle_smc_tune_base_p01,1784967718.8620207,0.8239857703263094,-0.7252315486344194,0.8700091769631174,0.10191932592583242,0.11296788266927961,1784967718.7855084,0.8233120650992201,-0.7270603460106562,0.8634899058856031,0.10032987594604492,0,0,1784967718.8810148,0.7121247752688619,-0.8051879708079035,0.7212236665676446,1784967718.8810458,-0.13324363490496,0.033941794580434885,-0.1487855103954728,-0.13163421546206328,0.03374866658057222,-0.14226623931795856,1784967718.8810818,0.10360895145405744,0.10417187613949873,1784967718.8791268,4236.4580078125,nan,nan,55.69953918457031,nan
54.24322509765625,1784967718.9260066,SMC,circle,circle_smc_tune_base_p01,1784967718.9119403,0.8281699087382032,-0.7204740400412191,0.8741441395778365,0.10156544017061686,0.10873947342800007,1784967718.9069183,0.8327809948570825,-0.716028758653454,0.8728836752455562,0.019088268280029297,0,0,1784967718.9213154,0.7153343828918196,-0.8023537641937648,0.7255055278728813,1784967718.9213579,-0.1352026215502628,0.0340058266516679,-0.1486386117049553,-0.1416144614025242,0.034511701860770426,-0.14737814737267496,1784967718.9214041,0.10356428641354866,0.10417890716489042,1784967718.8791268,4236.4580078125,nan,nan,55.69953918457031,nan
54.283262729644775,1784967718.9660442,SMC,circle,circle_smc_tune_base_p01,1784967718.9619155,0.8315019988870689,-0.7164812440474291,0.8796778092437861,0.10259017016049439,0.10907619490896153,1784967718.9069183,0.8327809948570825,-0.716028758653454,0.8728836752455562,0.05912590026855469,0,0,1784967718.9604669,0.718539444360518,-0.7994990250578224,0.729797611613116,1784967718.9605017,-0.13095651298282338,0.033379315210484886,-0.14434652796472058,-0.1373675665130137,0.03389054298426179,-0.14308606363244025,1784967718.960541,0.103733856254815,0.10430109290819214,1784967718.9449742,4236.52392578125,nan,nan,65.82733154296875,nan
54.32315444946289,1784967719.005936,SMC,circle,circle_smc_tune_base_p01,1784967718.9619155,0.8315019988870689,-0.7164812440474291,0.8796778092437861,0.10259017016049439,0.10907619490896153,1784967718.985648,0.8386235926042084,-0.7089906804441136,0.8848416025673954,0.02028799057006836,0,0,1784967719.0009995,0.721783494469346,-0.7965842904230678,0.7341587547252988,1784967719.001037,-0.13165659790716425,0.03348415263719363,-0.14551905451848735,-0.14178914959961592,0.03492973084819216,-0.15068284784209662,1784967719.00108,0.10369876514849347,0.10426550327062355,1784967718.9730177,4236.5517578125,nan,nan,28.209575653076172,nan
54.3630735874176,1784967719.045855,SMC,circle,circle_smc_tune_base_p01,1784967719.011823,0.8358101590639314,-0.7113910254114396,0.8863005106120142,0.10523689398251382,0.11205316508985973,1784967718.985648,0.8386235926042084,-0.7089906804441136,0.8848416025673954,0.06020712852478027,0,0,1784967719.0409136,0.7249720167110463,-0.7936943845295095,0.7384620393703789,1784967719.040963,-0.13384454995090322,0.03383154106446482,-0.14783847124163527,-0.13753324953159313,0.03429290687687517,-0.1463795631970165,1784967719.0410154,0.10360964332575648,0.10419976899409432,1784967719.023174,4236.60205078125,nan,nan,50.01332092285156,nan
54.403438091278076,1784967719.0862195,SMC,circle,circle_smc_tune_base_p01,1784967719.0621898,0.8391782379345543,-0.7072604232358561,0.8917018530303553,0.10545453869917594,0.11125134345963131,1784967718.985648,0.8386235926042084,-0.7089906804441136,0.8848416025673954,0.1005716323852539,0,0,1784967719.080633,0.7281556790690981,-0.7907838009053733,0.7427756494472831,1784967719.0806732,-0.13472504001914737,0.03393120667170003,-0.14892620358307218,-0.13326442704139857,0.03367294107912903,-0.14206595312011228,1784967719.080717,0.1035711442305448,0.10416683343628759,1784967719.0732253,4236.65234375,nan,nan,50.09075164794922,nan
54.443103551864624,1784967719.125885,SMC,circle,circle_smc_tune_base_p01,1784967719.1119692,0.8433089644256814,-0.7022752563228976,0.8972256836008804,0.10661229979508204,0.11132333750813767,1784967719.1051974,0.8468173361517455,-0.6987505267818155,0.8964146758809313,0.020687580108642578,0,0,1784967719.1208239,0.7313356734219914,-0.7878512528076339,0.7471014131496758,1784967719.1208587,-0.13673292929450415,0.03413759099726851,-0.15012427045120458,-0.1417043904680466,0.034566161592459566,-0.14931326273125545,1784967719.1208982,0.10350367964909578,0.10413377735153546,1784967719.1230881,4236.7021484375,nan,nan,49.97121810913086,nan
54.48309373855591,1784967719.1658752,SMC,circle,circle_smc_tune_base_p01,1784967719.162776,0.846615324182943,-0.6981276481104556,0.902603215576378,0.10575840488440111,0.11038473260527584,1784967719.1051974,0.8468173361517455,-0.6987505267818155,0.8964146758809313,0.06067776679992676,0,0,1784967719.1613045,0.7345314572715842,-0.7848783442600645,0.7514661868999812,1784967719.1613467,-0.13241583738227053,0.033494211585990336,-0.14575949670089913,-0.13738677818994874,0.03392628358725222,-0.14494848898095003,1784967719.1613898,0.10367677483140744,0.10425782382950304,1784967719.1230881,4236.7021484375,nan,nan,49.97121810913086,nan
54.5235641002655,1784967719.2063456,SMC,circle,circle_smc_tune_base_p01,1784967719.162776,0.846615324182943,-0.6981276481104556,0.902603215576378,0.10575840488440111,0.11038473260527584,1784967719.1868598,0.8524761963532548,-0.6920247065771238,0.9088760337458974,0.0194857120513916,0,0,1784967719.2012458,0.7376713989739225,-0.7819318874809312,0.7557720979641293,1784967719.201425,-0.13327974962260458,0.033592227031687995,-0.14683111761224876,-0.1414827769549839,0.03529966720077922,-0.15310393578176817,1784967719.2014947,0.1036391697734684,0.10422537031398131,1784967719.1732938,4236.75244140625,nan,nan,50.17824172973633,nan
54.5633225440979,1784967719.246104,SMC,circle,circle_smc_tune_base_p01,1784967719.2125487,0.8504847355176613,-0.6933600522022159,0.9088611735798244,0.10552549918133512,0.1113155474250226,1784967719.1868598,0.8524761963532548,-0.6920247065771238,0.9088760337458974,0.05924415588378906,0,0,1784967719.2407908,0.74079306296041,-0.7789772244370902,0.7600703357647275,1784967719.2408264,-0.13495657046738338,0.033901140063212584,-0.14879083781509694,-0.13723342223853893,0.03465328941573387,-0.14880569798116994,1784967719.240869,0.10356775570910969,0.10417034340827053,1784967719.2235029,4236.80224609375,nan,nan,50.06818389892578,nan
54.603200912475586,1784967719.2859824,SMC,circle,circle_smc_tune_base_p01,1784967719.2619534,0.8536790909692515,-0.6892474834019331,0.914584897088991,0.10546638346945025,0.11205444216341667,1784967719.1868598,0.8524761963532548,-0.6920247065771238,0.9088760337458974,0.09912252426147461,0,0,1784967719.280866,0.7439192461752147,-0.775992633401183,0.7643924688289976,1784967719.280905,-0.1356956207134906,0.034038846878000004,-0.15019242825999346,-0.1329576822548984,0.03402174152646398,-0.14448356491689984,1784967719.280956,0.1035274738819551,0.10412821395393355,1784967719.2735946,4236.8525390625,nan,nan,50.0552864074707,nan
54.643128871917725,1784967719.3259103,SMC,circle,circle_smc_tune_base_p01,1784967719.3119419,0.856752951325256,-0.6852647424756266,0.919317806489231,0.10378426023247213,0.1093605207453219,1784967719.3121243,0.8604430447354807,-0.6812986184619033,0.9204091719223972,0.013786077499389648,0,0,1784967719.3212192,0.7470294464963401,-0.7729975121886854,0.7687103532741879,1784967719.321269,-0.13629630700880194,0.034052945382567756,-0.1506074532150431,-0.1416498307220184,0.03473696637140926,-0.15169881864820933,1784967719.321324,0.10350634146646967,0.10411484973891749,1784967719.3233862,4236.90234375,nan,nan,49.953643798828125,nan
54.683083295822144,1784967719.3658648,SMC,circle,circle_smc_tune_base_p01,1784967719.3629558,0.8605817608347144,-0.6803538683587548,0.9250867574893964,0.10425229895384489,0.1095068317254961,1784967719.3121243,0.8604430447354807,-0.6812986184619033,0.9204091719223972,0.053740501403808594,0,0,1784967719.3613758,0.7501643946749704,-0.7699521996883408,0.7730809205959648,1784967719.36141,-0.1319737947394187,0.033406635868105765,-0.14623688589326622,-0.1373280263865838,0.03408593980231115,-0.14732825132643246,1784967719.3614485,0.10367988318849675,0.10423899166582798,1784967719.3233862,4236.90234375,nan,nan,49.953643798828125,nan
54.72311186790466,1784967719.4058933,SMC,circle,circle_smc_tune_base_p01,1784967719.3629558,0.8605817608347144,-0.6803538683587548,0.9250867574893964,0.10425229895384489,0.1095068317254961,1784967719.3928618,0.8664158295519838,-0.6735400438767696,0.9279519339267208,0.013031482696533203,0,0,1784967719.400727,0.7532031779264765,-0.7669747246056636,0.7773352817486143,1784967719.40076,-0.1337984424200402,0.03363494626575386,-0.14775147574078204,-0.1426526419785178,0.034603002579800354,-0.1506166521781065,1784967719.4007995,0.10361213346645552,0.10419611568416573,1784967719.3743117,4236.953125,nan,nan,50.9798583984375,nan
54.76306867599487,1784967719.4458501,SMC,circle,circle_smc_tune_base_p01,1784967719.4126883,0.8644192832352483,-0.6753813850132321,0.9307509321109139,0.10582469346480619,0.11059193342541368,1784967719.3928618,0.8664158295519838,-0.6735400438767696,0.9279519339267208,0.052988290786743164,0,0,1784967719.4406693,0.7562756876452927,-0.7639382764812926,0.7816550458858822,1784967719.440707,-0.13561550600803507,0.03384959119094824,-0.14909588622503167,-0.1383803963315961,0.03396405789003864,-0.14629688804083862,1784967719.4407477,0.10354705240579537,0.10415845683219722,1784967719.4236546,4237.00244140625,nan,nan,49.189327239990234,nan
54.803454637527466,1784967719.486236,SMC,circle,circle_smc_tune_base_p01,1784967719.4623318,0.8675967623907322,-0.6711004645525968,0.9365271514284518,0.10639166090249448,0.1115463786849322,1784967719.3928618,0.8664158295519838,-0.6735400438767696,0.9279519339267208,0.09337425231933594,0,0,1784967719.480355,0.7593209492316774,-0.7609027029702172,0.7859548543880794,1784967719.4803855,-0.13649920591114348,0.034000890072128524,-0.15057229704037234,-0.13412518528029194,0.03334639812972411,-0.14199707953864138,1784967719.480421,0.10350204150393624,0.10411428643439187,1784967719.4736733,4237.052734375,nan,nan,50.17928695678711,nan
54.843022108078,1784967719.5258036,SMC,circle,circle_smc_tune_base_p01,1784967719.5126626,0.8713979655960666,-0.6660835782553914,0.942026385241837,0.10672476543324559,0.11153902183752906,1784967719.5072064,0.8743247938496556,-0.6630238988735889,0.9409212777113983,0.018597126007080078,0,0,1784967719.520813,0.7623864681166892,-0.7578203987372566,0.7903020414303155,1784967719.5208476,-0.13830745335983619,0.03420817387606372,-0.15172434381152156,-0.14254173293733396,0.034618196451054184,-0.15061923628108287,1784967719.520886,0.10343990905804956,0.10408279433548474,1784967719.4736733,4237.052734375,nan,nan,50.17928695678711,nan
54.88300395011902,1784967719.5657854,SMC,circle,circle_smc_tune_base_p01,1784967719.5624537,0.8743133467494592,-0.6620794749633434,0.9466295051150995,0.10401691692182508,0.10833630352342927,1784967719.5072064,0.8743247938496556,-0.6630238988735889,0.9409212777113983,0.0585789680480957,0,0,1784967719.561174,0.765448118916868,-0.7547150584212828,0.7946628755520198,1784967719.5612092,-0.13399529335840346,0.033558466078441186,-0.14736350968981723,-0.13822885757220738,0.03397325444968363,-0.14625840215937858,1784967719.5612478,0.10361356934022717,0.10420649854628747,1784967719.526025,4237.10400390625,nan,nan,51.519996643066406,nan
54.92316293716431,1784967719.6059444,SMC,circle,circle_smc_tune_base_p01,1784967719.5624537,0.8743133467494592,-0.6620794749633434,0.9466295051150995,0.10401691692182508,0.10833630352342927,1784967719.5863142,0.8792131283735523,-0.6557488556690692,0.948032023409636,0.01963019371032715,0,0,1784967719.6009762,0.768443724434837,-0.7516503164318292,0.7989484704922052,1784967719.6010182,-0.1345547608729365,0.033560823840308715,-0.14768103462289428,-0.14250768397154961,0.03403690694576124,-0.1490835529174308,1784967719.6010618,0.10359510151343972,0.10419599297391381,1784967719.574324,4237.1533203125,nan,nan,49.02288055419922,nan
54.96296715736389,1784967719.6457486,SMC,circle,circle_smc_tune_base_p01,1784967719.614524,0.8780390710339735,-0.6569799904324471,0.951801377338914,0.10442012102890867,0.10731686245035925,1784967719.5863142,0.8792131283735523,-0.6557488556690692,0.948032023409636,0.05943441390991211,0,0,1784967719.640829,0.7714465509187352,-0.748551641005205,0.8032634195278499,1784967719.6408818,-0.13642841032535813,0.033684141509506695,-0.14853795781106416,-0.13823922851413917,0.03340520741270164,-0.14476860388178614,1784967719.6409242,0.10353647679266517,0.10417153945661475,1784967719.6291976,4237.20751953125,nan,nan,54.084007263183594,nan
55.00340819358826,1784967719.6861897,SMC,circle,circle_smc_tune_base_p01,1784967719.6621172,0.8810601049469199,-0.6527244774739793,0.9573095728067521,0.10628192739698034,0.10866264862681926,1784967719.5863142,0.8792131283735523,-0.6557488556690692,0.948032023409636,0.09987545013427734,0,0,1784967719.6804543,0.7744222733767951,-0.7454543645006076,0.8075585416744564,1784967719.680528,-0.13721391652603884,0.03380532770932399,-0.1497510311322957,-0.13398771866857578,0.032794707677721274,-0.1404734817351796,1784967719.6805732,0.10349815729859937,0.10413514321923427,1784967719.6746433,4237.25341796875,nan,nan,46.23912811279297,nan
55.043785095214844,1784967719.7265666,SMC,circle,circle_smc_tune_base_p01,1784967719.7118788,0.8841401624598358,-0.6483434109844344,0.962636015294052,0.10674562841213149,0.10841123793249463,1784967719.7169492,0.8874668962772564,-0.6446404173011666,0.9663229067712589,0.009617328643798828,0,0,1784967719.7216315,0.7774131929161221,-0.7423142557781065,0.8118951200435969,1784967719.7216754,-0.13810129324277687,0.03389983044048699,-0.1507408952504551,-0.14291287752431292,0.03504148661287962,-0.154427786727662,1784967719.7217176,0.10346085852693779,0.10410529783966772,1784967719.6746433,4237.25341796875,nan,nan,46.23912811279297,nan
55.08317303657532,1784967719.7659545,SMC,circle,circle_smc_tune_base_p01,1784967719.761999,0.8876686301437623,-0.6433826495069248,0.9686641865476951,0.10691155621432509,0.10882490043341164,1784967719.7169492,0.8874668962772564,-0.6446404173011666,0.9663229067712589,0.04900527000427246,0,0,1784967719.7607806,0.7803862164019775,-0.7391657274352488,0.8162254928539602,1784967719.76082,-0.13381863184940165,0.0332588072249015,-0.14641052244009178,-0.1386326086160502,0.034384678082038565,-0.1500974139172987,1784967719.7608616,0.10363287290766206,0.10422827615949365,1784967719.7269237,4237.30517578125,nan,nan,51.393531799316406,nan
55.123504638671875,1784967719.806286,SMC,circle,circle_smc_tune_base_p01,1784967719.761999,0.8876686301437623,-0.6433826495069248,0.9686641865476951,0.10691155621432509,0.10882490043341164,1784967719.7968822,0.8931387037009014,-0.6373797280085425,0.9811134576697843,0.00940394401550293,0,0,1784967719.80083,0.7833403108757455,-0.7360100051890076,0.8205481409023611,1784967719.8008666,-0.1354286240905399,0.033515861899816264,-0.14811604564533407,-0.14303191696959128,0.03640727086292757,-0.16056531676742325,1784967719.800911,0.10356720565080897,0.10417999387514941,1784967719.7741196,4237.35302734375,nan,nan,48.17702102661133,nan
55.16314220428467,1784967719.8459237,SMC,circle,circle_smc_tune_base_p01,1784967719.81217,0.8910267146519611,-0.6386602902907493,0.9754690654809147,0.10495778162393068,0.10919774858070075,1784967719.7968822,0.8931387037009014,-0.6373797280085425,0.9811134576697843,0.0490415096282959,0,0,1784967719.840778,0.7862750748727221,-0.732847670342736,0.8248624462078424,1784967719.8408167,-0.13672645405552486,0.0339123186895159,-0.15060661927307228,-0.13877163161979045,0.035726704821925005,-0.1562510114619419,1784967719.8408594,0.10349603145065998,0.10411018998054812,1784967719.8244154,4237.4033203125,nan,nan,50.173988342285156,nan
55.20315647125244,1784967719.885938,SMC,circle,circle_smc_tune_base_p01,1784967719.8620484,0.8937989467163234,-0.6345553763351033,0.980817334597501,0.10285406713591086,0.10886332913358673,1784967719.7968822,0.8931387037009014,-0.6373797280085425,0.9811134576697843,0.08905577659606934,0,0,1784967719.8807776,0.7892084999433086,-0.7296592417199823,0.8291950077007628,1784967719.8808105,-0.13721500422212893,0.03399925563369275,-0.15162232689673816,-0.13449040386035188,0.03506176226880261,-0.15191844996902149,1784967719.8808477,0.10346779254799744,0.10407923095789849,1784967719.8753016,4237.4541015625,nan,nan,50.96882629394531,nan
55.24332404136658,1784967719.9261055,SMC,circle,circle_smc_tune_base_p01,1784967719.9126136,0.8966247277591813,-0.6303180656222633,0.9865072569833105,0.10209287404295492,0.10944168889984968,1784967719.9163265,0.9009898108927493,-0.6255783964650206,0.9870600656289708,0.009778976440429688,0,0,1784967719.9205902,0.7921006978277201,-0.7264882898647989,0.8334868339489315,1784967719.9206214,-0.13787214966873595,0.03413583468577044,-0.153020423034379,-0.1442138770923425,0.035242065547269844,-0.1535732316800392,1784967719.920658,0.10342911022298439,0.10403718038837971,1784967719.8753016,4237.4541015625,nan,nan,50.96882629394531,nan
55.28303575515747,1784967719.9658172,SMC,circle,circle_smc_tune_base_p01,1784967719.9621694,0.900157378397494,-0.6252286354618152,0.9921269253464575,0.10336347778995553,0.11014879806776649,1784967719.9163265,0.9009898108927493,-0.6255783964650206,0.9870600656289708,0.04949069023132324,0,0,1784967719.9615521,0.7950638148608231,-0.7232110308621905,0.8379050373028132,1784967719.96159,-0.1335040986398441,0.03347204305352447,-0.14860221968049736,-0.13984619368061774,0.03457585932019989,-0.14915502832615757,1784967719.961634,0.10360563294396034,0.10416232744576757,1784967719.9270442,4237.505859375,nan,nan,51.55582809448242,nan
55.32340121269226,1784967720.0061827,SMC,circle,circle_smc_tune_base_p01,1784967719.9621694,0.900157378397494,-0.6252286354618152,0.9921269253464575,0.10336347778995553,0.11014879806776649,1784967719.9969177,0.9059803035123879,-0.6177928123671167,0.9965993691425148,0.009264945983886719,0,0,1784967720.000992,0.7979103166223378,-0.7200351420752008,0.8421698783825249,1784967720.0010273,-0.13529115159925473,0.03374966128473018,-0.14995704696393264,-0.14454497055545062,0.035204652216377495,-0.1544294907599899,1784967720.0010662,0.10354098191292228,0.10412642047735991,1784967719.9746432,4237.5537109375,nan,nan,47.80034637451172,nan
55.362995624542236,1784967720.045777,SMC,circle,circle_smc_tune_base_p01,1784967720.0128546,0.9037083248006265,-0.6199778609233452,0.9979214119062395,0.1050269491544178,0.1106771618373978,1784967719.9969177,0.9059803035123879,-0.6177928123671167,0.9965993691425148,0.048859357833862305,0,0,1784967720.0411808,0.800791039123101,-0.7167931256662825,0.8465068429897638,1784967720.0412197,-0.13714466653850016,0.03400740534821827,-0.15141456891647576,-0.1402581850827361,0.034546850701463766,-0.150092526152751,1784967720.0412643,0.10347286740884112,0.10408642788105808,1784967720.0285726,4237.607421875,nan,nan,53.67427444458008,nan
55.40323781967163,1784967720.0860193,SMC,circle,circle_smc_tune_base_p01,1784967720.0623643,0.9064469251232489,-0.6157374259594413,1.002515770773605,0.10386550317233784,0.10766196405349653,1784967719.9969177,0.9059803035123879,-0.6177928123671167,0.9965993691425148,0.08910155296325684,0,0,1784967720.080464,0.8036044804443699,-0.7135992964452897,0.8507631353329035,1784967720.080515,-0.13782880743416187,0.03401079187249228,-0.1517526354407015,-0.13604840345170485,0.03391936701233511,-0.1458362338096113,1784967720.0805616,0.10345093470104907,0.1040752718810597,1784967720.0753458,4237.654296875,nan,nan,46.95530319213867,nan
55.443037033081055,1784967720.1258185,SMC,circle,circle_smc_tune_base_p01,1784967720.1123629,0.9092690737032921,-0.6113133917991069,1.0077014174114125,0.10424187856683675,0.10703907841064826,1784967720.1220553,0.913598703341738,-0.6064137450292562,1.0137509188150728,0.0037631988525390625,0,0,1784967720.1205466,0.8064448869501533,-0.7103468494129234,0.8550812772701597,1784967720.1205814,-0.13863154329411956,0.0340842238034345,-0.1526201401412528,-0.14487072877010043,0.036006978486506094,-0.15866964154491314,1784967720.1206203,0.10341746559637875,0.10404880278873939,1784967720.0753458,4237.654296875,nan,nan,46.95530319213867,nan
55.483595848083496,1784967720.1663773,SMC,circle,circle_smc_tune_base_p01,1784967720.1627774,0.9127584173685456,-0.6059813975258375,1.0145177087235073,0.10606751490311196,0.109332456650324,1784967720.1220553,0.913598703341738,-0.6064137450292562,1.0137509188150728,0.04432201385498047,0,0,1784967720.1615136,0.8093184102902444,-0.7070274187273498,0.859471697230181,1784967720.161555,-0.13429070569100388,0.033426283558614794,-0.14822972018123148,-0.14053395078256076,0.035322790537790506,-0.15427922158489182,1784967720.1615999,0.10359270324529404,0.10417321877924611,1784967720.1322827,4237.7109375,nan,nan,56.809696197509766,nan
55.52312397956848,1784967720.2059054,SMC,circle,circle_smc_tune_base_p01,1784967720.1627774,0.9127584173685456,-0.6059813975258375,1.0145177087235073,0.10606751490311196,0.109332456650324,1784967720.1948216,0.9185615095749763,-0.5987753023923196,1.021486963853607,0.011083841323852539,0,0,1784967720.20095,0.8121098458058577,-0.7037744001712216,0.8637582191418021,1784967720.2009902,-0.1361937808279146,0.033835785609434,-0.15075948958170526,-0.14513042236643772,0.035971207337762594,-0.15772874471180498,1784967720.2010324,0.10350633723553776,0.1041025432009243,1784967720.1747706,4237.75390625,nan,nan,42.65956115722656,nan
55.56341242790222,1784967720.246194,SMC,circle,circle_smc_tune_base_p01,1784967720.211841,0.9160810172958092,-0.6008827187691241,1.0200391538914577,0.10600666821789372,0.10816367429260117,1784967720.1948216,0.9185615095749763,-0.5987753023923196,1.021486963853607,0.05137228965759277,0,0,1784967720.2408042,0.8149030548986309,-0.7004908584464864,0.868069099802813,1784967720.2408416,-0.13782866081675768,0.03408844118302996,-0.15197005408864472,-0.14087160810538554,0.035303251962092316,-0.15341786405079402,1784967720.2408838,0.10344738602135599,0.10407061290314618,1784967720.2249317,4237.8037109375,nan,nan,50.08863067626953,nan
55.603169202804565,1784967720.2859507,SMC,circle,circle_smc_tune_base_p01,1784967720.2619407,0.9188176086363236,-0.5964207432804323,1.0251902352113202,0.1054268439106632,0.10725159236197623,1784967720.1948216,0.9185615095749763,-0.5987753023923196,1.021486963853607,0.09112906455993652,0,0,1784967720.281204,0.8177176461420095,-0.6971529458374915,0.8724352897594786,1784967720.2812366,-0.1385716272152381,0.034147960104070896,-0.15275494545184165,-0.13655525813118655,0.03464544701165305,-0.14905167409412845,1784967720.281273,0.10341668923585963,0.10404643382174097,1784967720.2755256,4237.85400390625,nan,nan,50.30598831176758,nan
55.643686294555664,1784967720.3264678,SMC,circle,circle_smc_tune_base_p01,1784967720.3127184,0.9215135457633125,-0.591973894785927,1.0303627822615615,0.10435799385264256,0.10639517024621988,1784967720.3167818,0.9260269446849003,-0.5865175489491646,1.039481639691723,0.009685993194580078,0,0,1784967720.3208272,0.8204524462515603,-0.6938811147529262,0.876699564356646,1784967720.3208704,-0.13938070763650515,0.034226388279713554,-0.15366321790491555,-0.1460537460674868,0.03662257829814883,-0.16278207533507705,1784967720.3209138,0.1033823012289859,0.1040187723458266,1784967720.2755256,4237.85400390625,nan,nan,50.30598831176758,nan
55.68322038650513,1784967720.3660018,SMC,circle,circle_smc_tune_base_p01,1784967720.3622174,0.9247451781050624,-0.5867520435772872,1.037558422734701,0.10367439011584663,0.10846396081682753,1784967720.3167818,0.9260269446849003,-0.5865175489491646,1.039481639691723,0.04922008514404297,0,0,1784967720.361629,0.8232649304310893,-0.6904865384591036,0.8811078800152152,1784967720.361667,-0.1350228619645099,0.03356125928939975,-0.1492549022463463,-0.14170214671180695,0.03591773893891149,-0.1583737596765078,1784967720.3617098,0.10355872345606768,0.10414354523476844,1784967720.3267539,4237.904296875,nan,nan,50.17592239379883,nan
55.72314715385437,1784967720.4059286,SMC,circle,circle_smc_tune_base_p01,1784967720.3622174,0.9247451781050624,-0.5867520435772872,1.037558422734701,0.10367439011584663,0.10846396081682753,1784967720.4033744,0.9306906990362822,-0.578729100900526,1.0466183716682786,0.002554178237915039,0,0,1784967720.4008284,0.8259583110052451,-0.6872069401901487,0.8853517097423882,1784967720.4008648,-0.136724081821972,0.03400818746767296,-0.1522067129923128,-0.1463318520844884,0.036377242682099395,-0.16126666192589048,1784967720.4009037,0.10347002363426834,0.10406004914917867,1784967720.375324,4237.9541015625,nan,nan,49.826656341552734,nan
55.7630181312561,1784967720.4457996,SMC,circle,circle_smc_tune_base_p01,1784967720.411965,0.9278449334771105,-0.5817135365092545,1.044039052919955,0.10270569413735768,0.11011736138227093,1784967720.4033744,0.9306906990362822,-0.578729100900526,1.0466183716682786,0.04242515563964844,0,0,1784967720.4407456,0.8286736641653016,-0.6838716348459162,0.8896525739620536,1784967720.44079,-0.13816638822461036,0.0343695632448917,-0.15438647895790147,-0.1420853209512663,0.035695789926825275,-0.15696579770622512,1784967720.4408433,0.10339946119068329,0.10399943614289968,1784967720.4273033,4238.005859375,nan,nan,51.957664489746094,nan
55.80308127403259,1784967720.4858627,SMC,circle,circle_smc_tune_base_p01,1784967720.461968,0.930335010022049,-0.5774149423862328,1.0496368783839,0.10139917778082365,0.11041817200443683,1784967720.4033744,0.9306906990362822,-0.578729100900526,1.0466183716682786,0.0824882984161377,0,0,1784967720.481023,0.831405918062742,-0.6804857598913472,0.8940033658932067,1784967720.481069,-0.13864280178375565,0.034477995455302314,-0.15563351249069335,-0.1377865510582028,0.03502501576621196,-0.15261500577507192,1784967720.481119,0.10336723408318482,0.10396148276548696,1784967720.4753904,4238.05419921875,nan,nan,48.16810989379883,nan
55.84323263168335,1784967720.526014,SMC,circle,circle_smc_tune_base_p01,1784967720.5120347,0.9328670107140081,-0.5729934298754724,1.0551683352310708,0.1015217076163334,0.11042418247172964,1784967720.5173018,0.9380870567502169,-0.5659834802244962,1.0611192464239203,0.008712291717529297,0,0,1784967720.5216408,0.8341217949536831,-0.677090064061444,0.8983515571544982,1784967720.521684,-0.13925174559935513,0.03457858053670809,-0.15681677807657257,-0.14770934329786384,0.03654310516160771,-0.1627676892694221,1784967720.5217302,0.10333273611284931,0.10392539341533785,1784967720.4753904,4238.05419921875,nan,nan,48.16810989379883,nan
55.883020877838135,1784967720.5658023,SMC,circle,circle_smc_tune_base_p01,1784967720.562304,0.9361436646032253,-0.5674601202394599,1.0609601407587086,0.10155296172037491,0.1083968704294596,1784967720.5173018,0.9380870567502169,-0.5659834802244962,1.0611192464239203,0.04850053787231445,0,0,1784967720.5606403,0.8367697279576692,-0.6737499392693189,0.9026139520595879,1784967720.5606768,-0.13504024678363666,0.033921876230517345,-0.15255438317148284,-0.14350182701949382,0.03586135037591206,-0.15850529436433236,1784967720.5607173,0.10350473614949515,0.10404558310196782,1784967720.5402699,4238.119140625,nan,nan,64.78515625,nan
55.92348790168762,1784967720.6062694,SMC,circle,circle_smc_tune_base_p01,1784967720.562304,0.9361436646032253,-0.5674601202394599,1.0609601407587086,0.10155296172037491,0.1083968704294596,1784967720.5976357,0.9427008026659793,-0.5584395343864746,1.0716043590164317,0.008633613586425781,0,0,1784967720.6006734,0.839444350723602,-0.6703462152279309,0.9069428056667659,1784967720.6007133,-0.13699408024598794,0.03418958648949122,-0.15401733509194274,-0.1476812145091799,0.037084484164858315,-0.1646615533496658,1784967720.6007555,0.10343371989802753,0.10400574171325161,1784967720.5771813,4238.15625,nan,nan,37.03562927246094,nan
55.96330428123474,1784967720.6460857,SMC,circle,circle_smc_tune_base_p01,1784967720.6119096,0.9393870090497791,-0.5619349018248188,1.0679033448897488,0.10336535651101982,0.11065714814116327,1784967720.5976357,0.9427008026659793,-0.5584395343864746,1.0716043590164317,0.04844999313354492,0,0,1784967720.6408334,0.842103251817981,-0.666932186362314,0.9112700885723447,1784967720.6408703,-0.13888488170298147,0.03463450325516488,-0.1566332563174041,-0.14341094151743664,0.036384400812004405,-0.160334270444087,1784967720.6409094,0.10334463448994155,0.10393337489792535,1784967720.6330466,4238.21142578125,nan,nan,55.5876579284668,nan
56.00306558609009,1784967720.685847,SMC,circle,circle_smc_tune_base_p01,1784967720.6621034,0.9419451858473669,-0.5572568807131693,1.074092564816183,0.1044700279166095,0.1128373641861201,1784967720.5976357,0.9427008026659793,-0.5584395343864746,1.0716043590164317,0.0882112979888916,0,0,1784967720.680662,0.8447389920546379,-0.663517566008027,0.9155836471508356,1784967720.6806984,-0.13974163010636376,0.03482318432048684,-0.15850891766534736,-0.13915123669593635,0.035704935144931935,-0.15602071186559607,1784967720.6807387,0.10329228505523994,0.10387714222183798,1784967720.6763575,4238.25537109375,nan,nan,43.66374969482422,nan
56.04326915740967,1784967720.7260506,SMC,circle,circle_smc_tune_base_p01,1784967720.7123291,0.9444256971797599,-0.5526690975063315,1.0796870893881834,0.10425674441605096,0.11261214427085238,1784967720.7200167,0.9486609696027941,-0.547358729433148,1.0799127353166322,0.006033897399902344,0,0,1784967720.720514,0.8473487922439,-0.6601062953247139,0.9198787435482358,1784967720.720547,-0.140521112757012,0.03493556664093637,-0.1598083458399475,-0.14719305823382473,0.03619909534017225,-0.1600339917683964,1784967720.7205834,0.10325133561190622,0.10383757402669963,1784967720.6763575,4238.25537109375,nan,nan,43.66374969482422,nan
56.0835657119751,1784967720.7663472,SMC,circle,circle_smc_tune_base_p01,1784967720.7620533,0.9474674661434801,-0.5473404282343143,1.0852264814878985,0.10421666824418768,0.11287925967579607,1784967720.7200167,0.9486609696027941,-0.547358729433148,1.0799127353166322,0.04633045196533203,0,0,1784967720.7606275,0.8499634790834155,-0.6566579316172411,0.924206309695086,1784967720.7606628,-0.13624721259434236,0.03425617211101774,-0.1554807796930974,-0.14291931148256837,0.03551873643938755,-0.15570642562154624,1784967720.7607024,0.1034272838250415,0.10395917974726401,1784967720.7345662,4238.3134765625,nan,nan,58.00772476196289,nan
56.12320399284363,1784967720.8059855,SMC,circle,circle_smc_tune_base_p01,1784967720.7620533,0.9474674661434801,-0.5473404282343143,1.0852264814878985,0.10421666824418768,0.11287925967579607,1784967720.7959416,0.9527578056109733,-0.5390412171846048,1.0829479814475451,0.010043859481811523,0,0,1784967720.8005161,0.8525550745196389,-0.6532091715102671,0.9285202802608825,1784967720.8005497,-0.1379280752557354,0.03453113005441931,-0.15670620122701595,-0.1478171713486623,0.03499989953627042,-0.1544277011866626,1784967720.8005886,0.10336636863569085,0.1039274976275801,1784967720.779576,4238.3583984375,nan,nan,45.18956756591797,nan
56.16323471069336,1784967720.8460162,SMC,circle,circle_smc_tune_base_p01,1784967720.8126667,0.9504353890429129,-0.5420230640894023,1.089217429366597,0.10327352541009842,0.1100576582654537,1784967720.7959416,0.9527578056109733,-0.5390412171846048,1.0829479814475451,0.05007457733154297,0,0,1784967720.8406575,0.8551429779165707,-0.6497341428969932,0.9328530734966607,1784967720.8406904,-0.13959797930358941,0.034564783964629496,-0.15636435586993636,-0.14353450917234667,0.03434272943768116,-0.15009490795088443,1784967720.8407264,0.10333204653863708,0.1039400142698231,1784967720.8277087,4238.40625,nan,nan,47.97555923461914,nan
56.20327925682068,1784967720.8860607,SMC,circle,circle_smc_tune_base_p01,1784967720.86227,0.9527561797196633,-0.5375659347645723,1.0947616318684672,0.10254230927599792,0.11034855325791487,1784967720.7959416,0.9527578056109733,-0.5390412171846048,1.0829479814475451,0.0901191234588623,0,0,1784967720.8810108,0.8577231180417826,-0.6462379734844416,0.9371982263515803,1784967720.8810513,-0.14013947105167618,0.03466732560727855,-0.15756340551688686,-0.13923681125949783,0.03370232622338201,-0.14574975509596477,1784967720.8810928,0.10329880769253325,0.10390346400301305,1784967720.8824165,4238.46142578125,nan,nan,54.93089294433594,nan
56.24329876899719,1784967720.9260802,SMC,circle,circle_smc_tune_base_p01,1784967720.9125211,0.9551025212307664,-0.5329874619523786,1.1007072865477068,0.10246055959288852,0.1116145677020848,1784967720.9161072,0.9590987166528545,-0.5273004763743425,1.0940374428455832,0.00997304916381836,0,0,1784967720.920935,0.8602726301016833,-0.6427517970964326,0.9415171922634459,1784967720.9209704,-0.14081265882351413,0.03482402383732509,-0.1591900942842609,-0.14792846985504737,0.034824856723880825,-0.15252025058213736,1784967720.9210088,0.10325494335697871,0.10385446431843547,1784967720.8824165,4238.46142578125,nan,nan,54.93089294433594,nan
56.283286809921265,1784967720.9660683,SMC,circle,circle_smc_tune_base_p01,1784967720.9626825,0.9580897035258994,-0.5275102194462783,1.104876792345254,0.10283819708102754,0.11058982507490236,1784967720.9161072,0.9590987166528545,-0.5273004763743425,1.0940374428455832,0.049961090087890625,0,0,1784967720.9606698,0.862786211334922,-0.6392835426736477,0.9458005212734555,1784967720.9607115,-0.13658204702974192,0.034154096074314896,-0.1549067652742513,-0.14369348388380754,0.034183161172503,-0.14823692157212776,1784967720.9607594,0.10342883023843434,0.10397491102666878,1784967720.9264839,4238.50537109375,nan,nan,43.87025833129883,nan
56.323440074920654,1784967721.0062215,SMC,circle,circle_smc_tune_base_p01,1784967720.9626825,0.9580897035258994,-0.5275102194462783,1.104876792345254,0.10283819708102754,0.11058982507490236,1784967720.9952202,0.9636154073226685,-0.518311896077026,1.1037874200326672,0.011001348495483398,0,0,1784967721.0016413,0.8653692957633232,-0.6356865164360098,0.9502289470623351,1784967721.0016825,-0.13829979511647356,0.03423962495136932,-0.15464784528291894,-0.14903813828930068,0.03488170403243201,-0.1535584729703321,1784967721.00173,0.1033919151177458,0.10398639265561502,1784967720.9760065,4238.55517578125,nan,nan,49.68696975708008,nan
56.363492012023926,1784967721.0462735,SMC,circle,circle_smc_tune_base_p01,1784967721.0118847,0.9610041806239696,-0.5220112128274701,1.1093619692012193,0.10342339881182146,0.10982786884332214,1784967720.9952202,0.9636154073226685,-0.518311896077026,1.1037874200326672,0.05105328559875488,0,0,1784967721.0410192,0.8678388299736637,-0.6322158902710305,0.9544885095547052,1784967721.0410557,-0.1401591788708985,0.034354884230181106,-0.1548734596465141,-0.14482732299458945,0.034239146838941296,-0.14929891047796195,1784967721.0410984,0.10334353399013614,0.1039827141527889,1784967721.0269768,4238.60546875,nan,nan,50.54407501220703,nan
56.402991771698,1784967721.0857732,SMC,circle,circle_smc_tune_base_p01,1784967721.0619128,0.9632388973342297,-0.5175221584839186,1.114030716563251,0.10221432937460853,0.1070192738117467,1784967720.9952202,0.9636154073226685,-0.518311896077026,1.1037874200326672,0.09055304527282715,0,0,1784967721.081059,0.8703369619729056,-0.6286729407152627,0.958823620219073,1784967721.0811677,-0.14073019259380345,0.03435518704694132,-0.15520709634417806,-0.140539053550654,0.03360361539474571,-0.1449637998135942,1784967721.0812173,0.10332426548530511,0.10397160302342544,1784967721.0774963,4238.65625,nan,nan,50.925533294677734,nan
56.44322371482849,1784967721.1260052,SMC,circle,circle_smc_tune_base_p01,1784967721.1124623,0.9655651483368861,-0.5127771968607426,1.1194146645640988,0.103114830150287,0.1069665667794328,1784967721.1170106,0.9696653069764237,-0.5058874075629892,1.1145305913882095,0.008994579315185547,0,0,1784967721.1206815,0.8727866034757042,-0.625166801294714,0.9631007436703063,1784967721.1207166,-0.1416041115070951,0.034460951462040035,-0.15631392089379248,-0.14976224906820737,0.0344140336929626,-0.15142984771790324,1784967721.1207538,0.10328474747672176,0.10393823435227492,1784967721.0774963,4238.65625,nan,nan,50.925533294677734,nan
56.48351073265076,1784967721.1662922,SMC,circle,circle_smc_tune_base_p01,1784967721.1625195,0.9686336778755812,-0.5067587102567148,1.1234284466814024,0.1059983062619652,0.1052953208890225,1784967721.1170106,0.9696653069764237,-0.5058874075629892,1.1145305913882095,0.04928159713745117,0,0,1784967721.1606443,0.8752361738677813,-0.6216285268045544,0.9674042085598323,1784967721.1606843,-0.13735168673139891,0.033800145136025916,-0.15201045600426644,-0.14550664759782372,0.03377400431963402,-0.1471263828283772,1784967721.1607275,0.10345817275454798,0.10405965630439198,1784967721.1276238,4238.70654296875,nan,nan,50.03741455078125,nan
56.52307915687561,1784967721.2058606,SMC,circle,circle_smc_tune_base_p01,1784967721.1625195,0.9686336778755812,-0.5067587102567148,1.1234284466814024,0.1059983062619652,0.1052953208890225,1784967721.1964114,0.9730594941398828,-0.4982389835548404,1.1205439654389837,0.009449243545532227,0,0,1784967721.200788,0.8776797437358479,-0.6180661976036065,0.9717240756939265,1784967721.200852,-0.13969971221125713,0.03385210898991859,-0.15170437098747588,-0.14939348765018615,0.033726011645886435,-0.14881988974505722,1784967721.2008991,0.10340682084936073,0.10407159126674809,1784967721.1783848,4238.75732421875,nan,nan,50.83295822143555,nan
56.56312823295593,1784967721.2459097,SMC,circle,circle_smc_tune_base_p01,1784967721.2122343,0.9714286631400765,-0.5011296671915481,1.1262815475405394,0.10680604550658704,0.10003779745253871,1784967721.1964114,0.9730594941398828,-0.4982389835548404,1.1205439654389837,0.04949831962585449,0,0,1784967721.2408597,0.8801299175978239,-0.6144607992134922,0.9760832361172056,1784967721.2408974,-0.14157782174762965,0.03369164306116167,-0.15019831142333384,-0.1450811150581665,0.033089071983950544,-0.14446072932177811,1784967721.2409387,0.10338620598415124,0.1041164443879276,1784967721.2347162,4238.8134765625,nan,nan,56.19076919555664,nan
56.6030011177063,1784967721.2857826,SMC,circle,circle_smc_tune_base_p01,1784967721.2621133,0.9737488036294055,-0.4962282690475165,1.131851566816655,0.1075315434229522,0.10202679210192599,1784967721.1964114,0.9730594941398828,-0.4982389835548404,1.1205439654389837,0.0893712043762207,0,0,1784967721.2807097,0.8825253484271325,-0.610902957933094,0.9803723329494811,1784967721.280749,-0.1425721546773814,0.03384056383534327,-0.151479233867174,-0.14083538367753606,0.03248072300676967,-0.1401716324895026,1784967721.280794,0.10334155405495732,0.10407871099893898,1784967721.2840574,4238.8623046875,nan,nan,48.91585159301758,nan
56.64309239387512,1784967721.3258739,SMC,circle,circle_smc_tune_base_p01,1784967721.312106,0.976018186144957,-0.4913398124757147,1.1380755470860382,0.10763849429976143,0.1056130557027231,1784967721.3164742,0.9786414407172604,-0.48640992213609957,1.1356630256361546,0.009399652481079102,0,0,1784967721.321267,0.8849336832584144,-0.6072924223853785,0.9847123874615045,1784967721.321305,-0.14346063568717354,0.03406523769450798,-0.15336315962453373,-0.14911867799150674,0.03401973763197141,-0.15095063817465015,1784967721.3213475,0.10328933823275441,0.10402340260233248,1784967721.2840574,4238.8623046875,nan,nan,48.91585159301758,nan
56.68340444564819,1784967721.366186,SMC,circle,circle_smc_tune_base_p01,1784967721.362272,0.9786212091641681,-0.48584205708644623,1.143011027326933,0.10661050563838888,0.10595393494057903,1784967721.3164742,0.9786414407172604,-0.48640992213609957,1.1356630256361546,0.04971170425415039,0,0,1784967721.3608434,0.8873059791035238,-0.6037024047625028,0.9890154146145196,1784967721.3608863,-0.13920671242800073,0.0334170471250376,-0.14906013247151864,-0.14486320333966154,0.03338181161997254,-0.14664761102163504,1784967721.3610098,0.10346143697247734,0.10414523048845063,1784967721.3268569,4238.90576171875,nan,nan,43.10643768310547,nan
56.72348475456238,1784967721.4062662,SMC,circle,circle_smc_tune_base_p01,1784967721.362272,0.9786212091641681,-0.48584205708644623,1.143011027326933,0.10661050563838888,0.10595393494057903,1784967721.4039216,0.9827296630301204,-0.4777822112795345,1.1459324082762987,0.0023446083068847656,0,0,1784967721.4009295,0.889676439939254,-0.6000812856259335,0.9933434184978818,1784967721.400972,-0.14084409492491265,0.03353675945216859,-0.14966760882905117,-0.14978229582180377,0.03436902343585351,-0.15258898977841695,1784967721.4010184,0.10341237680656948,0.10412897168743725,1784967721.379223,4238.95654296875,nan,nan,50.971614837646484,nan
56.7629656791687,1784967721.4457471,SMC,circle,circle_smc_tune_base_p01,1784967721.4128747,0.9811082742708882,-0.48052474600603257,1.1479764165801882,0.10465666259368957,0.10536915279957566,1784967721.4039216,0.9827296630301204,-0.4777822112795345,1.1459324082762987,0.04182553291320801,0,0,1784967721.4409282,0.892037699033585,-0.5964398808721828,0.9976833957622862,1784967721.4409611,-0.14225577713991794,0.0336627351006999,-0.15029302081790208,-0.14549132731471878,0.033718667869717805,-0.14824901251401257,1784967721.4409997,0.10336840402510966,0.10411232380942659,1784967721.429313,4239.00634765625,nan,nan,50.07817077636719,nan
56.80352830886841,1784967721.4863098,SMC,circle,circle_smc_tune_base_p01,1784967721.462044,0.9830209457249216,-0.47627944284189644,1.1521917244563962,0.10088828262256763,0.10206408860971526,1784967721.4039216,0.9827296630301204,-0.4777822112795345,1.1459324082762987,0.08238816261291504,0,0,1784967721.4807072,0.8943615106769609,-0.592822085196629,1.0019832300136897,1784967721.4807425,-0.14251881884099546,0.03363137205369697,-0.15020849444270645,-0.1412373046363511,0.033092698896142976,-0.14394917826260903,1784967721.4807858,0.1033634574857391,0.10411409592036636,1784967721.4781601,4239.056640625,nan,nan,49.905052185058594,nan
56.84318542480469,1784967721.525967,SMC,circle,circle_smc_tune_base_p01,1784967721.5126822,0.9851013404526978,-0.4715869125038031,1.1574321463201276,0.10112803612216434,0.10232189785343439,1784967721.5176122,0.9884575204540379,-0.46492400621239316,1.1655102267296569,0.008354663848876953,0,0,1784967721.5203938,0.8966645789456195,-0.5892024887887273,1.0062734083126397,1784967721.520428,-0.14323373955792645,0.033742857361918524,-0.15115873800748791,-0.15040291379383244,0.035356030101937615,-0.1592368184170172,1784967721.5204692,0.10333089374012035,0.10408613731181435,1784967721.4781601,4239.056640625,nan,nan,49.905052185058594,nan
56.88328957557678,1784967721.566071,SMC,circle,circle_smc_tune_base_p01,1784967721.5621762,0.9877339242390699,-0.4655842722749543,1.1647252263760468,0.10440124863378043,0.1059476021852361,1784967721.5176122,0.9884575204540379,-0.46492400621239316,1.1655102267296569,0.04845881462097168,0,0,1784967721.5609353,0.898986589655754,-0.5855180535489872,1.0106285003612852,1784967721.5609806,-0.13892689307967754,0.03309642856722202,-0.14680364595884243,-0.14610142968426776,0.03467483172482563,-0.15488172636837172,1784967721.5610282,0.10350407236542553,0.10420975942027932,1784967721.527128,4239.10595703125,nan,nan,49.4403190612793,nan
56.92319107055664,1784967721.6059725,SMC,circle,circle_smc_tune_base_p01,1784967721.5621762,0.9877339242390699,-0.4655842722749543,1.1647252263760468,0.10440124863378043,0.1059476021852361,1784967721.5982163,0.9920034208486933,-0.4567580210321827,1.170735416352859,0.007756233215332031,0,0,1784967721.6006672,0.9012683616831578,-0.5818624526295164,1.01493778457149,1784967721.6007051,-0.14097657502096264,0.03350394051506947,-0.14978744180455683,-0.15056483117828978,0.03484539251204196,-0.15579763178136896,1784967721.600748,0.10340726674856146,0.10412388329035042,1784967721.5768332,4239.15576171875,nan,nan,49.84242248535156,nan
56.96336770057678,1784967721.6461492,SMC,circle,circle_smc_tune_base_p01,1784967721.612323,0.9903109734453419,-0.45970403241483837,1.170393737622573,0.1065765453642261,0.10613967244071995,1784967721.5982163,0.9920034208486933,-0.4567580210321827,1.170735416352859,0.04793286323547363,0,0,1784967721.6410182,0.903558240875773,-0.5781582345481716,1.0192926448772759,1784967721.6410532,-0.1429002368693064,0.033718791704743026,-0.15110109274529715,-0.14626125883438834,0.03417902670278987,-0.15144277147558305,1784967721.6410902,0.10333983511479822,0.10408725663198153,1784967721.6275828,4239.20654296875,nan,nan,50.59273147583008,nan
57.003161907196045,1784967721.6859434,SMC,circle,circle_smc_tune_base_p01,1784967721.6622827,0.9924412566821287,-0.45465019818390057,1.175966769864811,0.10779993287262504,0.10706632396764362,1784967721.5982163,0.9920034208486933,-0.4567580210321827,1.170735416352859,0.08772706985473633,0,0,1784967721.6807914,0.9058049994801298,-0.5744883449199903,1.023595672030291,1784967721.6808307,-0.14394276730167654,0.03387480209015072,-0.15237109783452008,-0.14200609864249197,0.033539006507339264,-0.14713974432256793,1784967721.6808743,0.10329408195052477,0.10405012347518769,1784967721.6787126,4239.25634765625,nan,nan,50.00164794921875,nan
57.04350686073303,1784967721.7262883,SMC,circle,circle_smc_tune_base_p01,1784967721.7124963,0.9944299646184032,-0.44986524103727626,1.1811180804073225,0.10614309812264457,0.10635061570692259,1784967721.718529,0.9970423729934704,-0.44397385406819123,1.1834581018132029,0.0077593326568603516,0,0,1784967721.721301,0.9080382470277426,-0.5708050073214891,1.0279031537960381,1784967721.721341,-0.1446924928762801,0.033971141317184254,-0.15321492661128433,-0.1510543158209378,0.03450318168449173,-0.15555494801716474,1784967721.7213852,0.10326221809054238,0.10402520715686334,1784967721.6787126,4239.25634765625,nan,nan,50.00164794921875,nan
57.08321499824524,1784967721.7659965,SMC,circle,circle_smc_tune_base_p01,1784967721.7619758,0.9967099807774631,-0.44433882955580906,1.186881328198705,0.10453006888127178,0.10719540980882061,1784967721.718529,0.9970423729934704,-0.44397385406819123,1.1834581018132029,0.04746747016906738,0,0,1784967721.7609951,0.910274559950898,-0.5670803646327348,1.0322475856731745,1784967721.761029,-0.14039752695141533,0.03331743928000429,-0.14887049473414796,-0.1467608913304046,0.03383943113401949,-0.15121051614002834,1784967721.761069,0.10343589709275458,0.10414823148486188,1784967721.7278209,4239.306640625,nan,nan,50.21620178222656,nan
57.12306618690491,1784967721.8058476,SMC,circle,circle_smc_tune_base_p01,1784967721.7619758,0.9967099807774631,-0.44433882955580906,1.186881328198705,0.10453006888127178,0.10719540980882061,1784967721.7993433,1.0006340221451653,-0.4355047232474946,1.1954645054138666,0.0065042972564697266,0,0,1784967721.8008249,0.9124729588050029,-0.563382740883269,1.0365493768642755,1784967721.8008697,-0.14192941154718058,0.033516724672914125,-0.15033195133442945,-0.15129411628988973,0.03514613577315254,-0.1589151285495911,1784967721.8009157,0.10337560718827468,0.10410615911128282,1784967721.7795718,4239.3564453125,nan,nan,49.969886779785156,nan
57.16303014755249,1784967721.8458116,SMC,circle,circle_smc_tune_base_p01,1784967721.8119383,0.9989636314494621,-0.4387850523966257,1.193646416591558,0.10359642904629089,0.11000395058748913,1784967721.7993433,1.0006340221451653,-0.4355047232474946,1.1954645054138666,0.046468257904052734,0,0,1784967721.8406837,0.9146604029801036,-0.5596672072857385,1.0408610042522761,1784967721.8407161,-0.1434328520575959,0.033860694789329314,-0.15278541233928178,-0.14703535965678455,0.03447301329280959,-0.15460350116159052,1784967721.8407516,0.10329951911403668,0.10403584274833491,1784967721.827238,4239.40625,nan,nan,49.49844741821289,nan
57.203492879867554,1784967721.8862743,SMC,circle,circle_smc_tune_base_p01,1784967721.8631861,1.0008498646715134,-0.4339988825396044,1.1993939178057942,0.10236602666446017,0.11037963943655635,1784967721.7993433,1.0006340221451653,-0.4355047232474946,1.1954645054138666,0.08693099021911621,0,0,1784967721.881183,0.9168563274933128,-0.5559000013894067,1.0452215036342956,1784967721.8812263,-0.14407296600550412,0.03402613011960417,-0.15417241417149863,-0.14272541910542472,0.033810942921312606,-0.15024300177957106,1784967721.8812723,0.10326125597728866,0.10399512386493685,1784967721.8813431,4239.45849609375,nan,nan,52.29649353027344,nan
57.24343967437744,1784967721.9262211,SMC,circle,circle_smc_tune_base_p01,1784967721.9119997,1.002624441610654,-0.4294290270453952,1.204645826174584,0.10166469683713335,0.10993814424984572,1784967721.9186945,1.005470006503726,-0.4226237217106524,1.206526362716053,0.0075266361236572266,0,0,1784967721.9205656,0.9189876174216386,-0.5522071702042528,1.0494852374981256,1784967721.9206073,-0.14458345457246932,0.034135252479685955,-0.15516058867645843,-0.15189155704885196,0.03464142956222379,-0.15704112521792735,1784967721.920648,0.10323256353484594,0.10396582212677424,1784967721.8813431,4239.45849609375,nan,nan,52.29649353027344,nan
57.28325271606445,1784967721.9660342,SMC,circle,circle_smc_tune_base_p01,1784967721.9621046,1.0048158536351555,-0.4238103000904126,1.2093132846061603,0.10058310804634818,0.10647780212622963,1784967721.9186945,1.005470006503726,-0.4226237217106524,1.206526362716053,0.047339677810668945,0,0,1784967721.9608848,0.9211439210815915,-0.5484335674735639,1.0538314718197197,1784967721.9609253,-0.14028798667480386,0.0334729243260379,-0.15081435435486434,-0.14759734227802984,0.03397102480012667,-0.15269489089633326,1784967721.9609685,0.10340718620498392,0.10408861899903912,1784967721.9290798,4239.50634765625,nan,nan,48.201873779296875,nan
57.323262453079224,1784967722.006044,SMC,circle,circle_smc_tune_base_p01,1784967721.9621046,1.0048158536351555,-0.4238103000904126,1.2093132846061603,0.10058310804634818,0.10647780212622963,1784967721.9966245,1.0087559115964286,-0.41333507029910516,1.2156843257195329,0.009419441223144531,0,0,1784967722.0014257,0.9233037817895817,-0.5446151289402934,1.0582184413860654,1784967722.0014634,-0.14182532598406472,0.03352016467025094,-0.15109484322009492,-0.15280048525243653,0.03447509234186281,-0.15746588433346753,1784967722.0015054,0.10336573457181022,0.10408084404833853,1784967721.9792578,4239.5576171875,nan,nan,50.957237243652344,nan
57.36308407783508,1784967722.0458655,SMC,circle,circle_smc_tune_base_p01,1784967722.0121417,1.0070959871907794,-0.4177379244398267,1.2151024739565108,0.10313280915978375,0.1068713966092095,1784967721.9966245,1.0087559115964286,-0.41333507029910516,1.2156843257195329,0.049241065979003906,0,0,1784967722.0407395,0.9253789895854373,-0.5409091036066824,1.0624659275005672,1784967722.0407734,-0.1439184882253918,0.03370869059905654,-0.1526365464559436,-0.14860414774595984,0.033817929727981734,-0.15321839821896566,1784967722.0408113,0.1032903095273933,0.10403573813810377,1784967722.0285904,4239.6064453125,nan,nan,48.864471435546875,nan
57.403000593185425,1784967722.085782,SMC,circle,circle_smc_tune_base_p01,1784967722.0621738,1.0090224249110802,-0.41252011984500225,1.2211471726807124,0.1061756271472437,0.10925021923119087,1784967721.9966245,1.0087559115964286,-0.41333507029910516,1.2156843257195329,0.0891575813293457,0,0,1784967722.0806098,0.9274696648592362,-0.5371376821340941,1.0667780698726987,1784967722.0806434,-0.14501470551565707,0.03392822847064937,-0.15436910280801366,-0.14434111635504887,0.03316900262538675,-0.14890625584683412,1784967722.0806835,0.1032353901354163,0.10398530418875453,1784967722.0786812,4239.65771484375,nan,nan,51.17864990234375,nan
57.44330644607544,1784967722.126088,SMC,circle,circle_smc_tune_base_p01,1784967722.1121857,1.0108285991686736,-0.40757501701608634,1.2259258936330395,0.10583941780364986,0.10707138690796378,1784967722.115141,1.0134321872091951,-0.39966969245295286,1.2297920223593504,0.010946989059448242,0,0,1784967722.1213276,0.9295399491914085,-0.5333648064733095,1.071081637759051,1784967722.121369,-0.1458648334331752,0.03397596377339323,-0.15484425587398842,-0.15405324605633458,0.03434950497540784,-0.1587103846002993,1784967722.1214159,0.10320708475679044,0.10397105692998015,1784967722.0786812,4239.65771484375,nan,nan,51.17864990234375,nan
57.482919216156006,1784967722.1657007,SMC,circle,circle_smc_tune_base_p01,1784967722.162221,1.0130046317726957,-0.401367563018315,1.2320099782179208,0.10582251189941246,0.10767084539128811,1784967722.115141,1.0134321872091951,-0.39966969245295286,1.2297920223593504,0.05055975914001465,0,0,1784967722.160833,0.9316126444261046,-0.5295485092676465,1.0754244731853813,1784967722.160868,-0.14157251670940185,0.03331550405418309,-0.15050142044765824,-0.14976351482697794,0.033672455584472856,-0.1543675491739691,1784967722.1609085,0.1033814300078357,0.10409380278688415,1784967722.1292663,4239.70654296875,nan,nan,48.935176849365234,nan
57.52349090576172,1784967722.2062724,SMC,circle,circle_smc_tune_base_p01,1784967722.162221,1.0130046317726957,-0.401367563018315,1.2320099782179208,0.10582251189941246,0.10767084539128811,1784967722.1963027,1.016426940322621,-0.39177805369517404,1.2386549775294027,0.009969711303710938,0,0,1784967722.200797,0.9336584988848193,-0.525742411207074,1.0797455762813903,1784967722.2008357,-0.1436753269093524,0.03350092690849173,-0.15226440193653046,-0.1536308554948003,0.03456333637765207,-0.1589094012480123,1784967722.2008798,0.10330224892224654,0.10404121749906538,1784967722.1793203,4239.75732421875,nan,nan,50.899051666259766,nan
57.56314706802368,1784967722.2459285,SMC,circle,circle_smc_tune_base_p01,1784967722.2119544,1.0150845235527064,-0.3954159465704241,1.2382962788289456,0.10613288728789069,0.10954991112091317,1784967722.1963027,1.016426940322621,-0.39177805369517404,1.2386549775294027,0.04962587356567383,0,0,1784967722.2407916,0.9356926932133477,-0.5219184275415675,1.0840769533108092,1784967722.2408242,-0.145487909304314,0.033752165304580306,-0.15421932551813633,-0.14935258087832082,0.03388719737843304,-0.15457802421859346,1784967722.2408664,0.10322651920833142,0.10398442799288146,1784967722.2293782,4239.8076171875,nan,nan,50.07786560058594,nan
57.60334610939026,1784967722.2861276,SMC,circle,circle_smc_tune_base_p01,1784967722.2620928,1.016834742720618,-0.3903101200714709,1.244305165980884,0.10671109426579328,0.1113088614774748,1784967722.1963027,1.016426940322621,-0.39177805369517404,1.2386549775294027,0.08982491493225098,0,0,1784967722.2808547,0.9377058379432801,-0.5180942001875587,1.0883987001369808,1784967722.2808857,-0.14641204193484453,0.03396569856259489,-0.1559064658439031,-0.14508093949425122,0.033231036998108546,-0.15025627739242184,1784967722.2809222,0.10317619892945953,0.10393530775728972,1784967722.281526,4239.8603515625,nan,nan,53.03234100341797,nan
57.64320373535156,1784967722.3259852,SMC,circle,circle_smc_tune_base_p01,1784967722.3120282,1.0185741916181357,-0.3851297770336381,1.2503993326822331,0.10769485798443787,0.11301161051227407,1784967722.3162534,1.020875391736395,-0.3794076170504752,1.2500934160879051,0.009731769561767578,0,0,1784967722.3206694,0.9396917271239066,-0.5142819756232332,1.0926971696804377,1784967722.3207033,-0.14742321262843555,0.0341925428057143,-0.1577021630017954,-0.15358949199111052,0.034527495568582874,-0.1573962464074674,1784967722.3207438,0.10312164541076937,0.10388301266013063,1784967722.281526,4239.8603515625,nan,nan,53.03234100341797,nan
57.68304753303528,1784967722.365829,SMC,circle,circle_smc_tune_base_p01,1784967722.3622937,1.0205901572411673,-0.3792649029602652,1.2550129511334576,0.10670275525853541,0.1098291853922973,1784967722.3162534,1.020875391736395,-0.3794076170504752,1.2500934160879051,0.0495755672454834,0,0,1784967722.3610008,0.9416825223235075,-0.5104196859048576,1.0970423482845637,1784967722.3610384,-0.1431304852861732,0.0335194608193141,-0.15335698439766943,-0.14929655894276975,0.03385572683018629,-0.15305106780334146,1784967722.361082,0.1032973637215149,0.10400541588072149,1784967722.3299758,4239.90771484375,nan,nan,46.99496078491211,nan
