t,ros_time,controller,trajectory,run_id,odom_stamp,odom_x,odom_y,odom_yaw,odom_v,odom_w,camera_stamp,camera_x,camera_y,camera_yaw,camera_age_s,disturbance_event,control_paused,desired_stamp,desired_x,desired_y,desired_yaw,error_stamp,error_ex,error_ey,error_etheta,camera_error_ex,camera_error_ey,camera_error_etheta,cmd_stamp,cmd_v,cmd_w,espnow_link_stamp,espnow_rx_time,espnow_robot_time_ms,espnow_seq,espnow_interarrival_ms,espnow_seq_gap
0.043116092681884766,1784970468.2900078,BSMC,square,square_bsmc_tune_p04,1784970468.2525623,-1.0995237537394147,-0.9740690612546855,0.022007104799321272,-1.09057695747453e-05,-4.486604445116674e-05,nan,nan,nan,nan,nan,0,0,nan,nan,nan,nan,nan,nan,nan,nan,nan,nan,nan,1784970468.2757647,0.0,0.0,1784970468.2751486,6985.853515625,nan,nan,51.12222671508789,nan
0.08283066749572754,1784970468.3297224,BSMC,square,square_bsmc_tune_p04,1784970468.3027503,-1.0995238936661247,-0.9740690643271867,0.022005515811809574,-7.659578547092633e-06,-4.258578184840432e-05,nan,nan,nan,nan,nan,0,0,nan,nan,nan,nan,nan,nan,nan,nan,nan,nan,nan,1784970468.3164823,0.0,0.0,1784970468.3269794,6985.904296875,nan,nan,51.18212127685547,nan
0.12350869178771973,1784970468.3704004,BSMC,square,square_bsmc_tune_p04,1784970468.3526278,-1.0995219661099518,-0.9740676562985169,0.022003263269243026,-4.293990244393319e-06,-4.138587324053838e-05,1784970468.3318965,-1.099511907567972,-0.9740583484756653,0.02200124896378835,0.03850388526916504,0,0,nan,nan,nan,nan,nan,nan,nan,nan,nan,nan,nan,1784970468.355966,0.0,0.0,1784970468.3269794,6985.904296875,nan,nan,51.18212127685547,nan
0.1635451316833496,1784970468.4104369,BSMC,square,square_bsmc_tune_p04,1784970468.4026632,-1.0995220160910144,-0.9740676573980337,0.02200179360680056,-3.0071383882588155e-06,-3.9324305168557645e-05,1784970468.3318965,-1.099511907567972,-0.9740583484756653,0.02200124896378835,0.07854032516479492,0,0,nan,nan,nan,nan,nan,nan,nan,nan,nan,nan,nan,1784970468.3972845,0.0,0.0,1784970468.3751855,6985.953125,nan,nan,48.69453811645508,nan
0.2030026912689209,1784970468.4498944,BSMC,square,square_bsmc_tune_p04,1784970468.4026632,-1.0995220160910144,-0.9740676573980337,0.02200179360680056,-3.0071383882588155e-06,-3.9324305168557645e-05,1784970468.4387372,-1.099511907567972,-0.9740583484756653,0.02200124896378835,0.01115727424621582,0,0,nan,nan,nan,nan,nan,nan,nan,nan,nan,nan,nan,1784970468.4361532,0.0,0.0,1784970468.4264078,6986.00341796875,nan,nan,49.97126770019531,nan
0.2428898811340332,1784970468.4897816,BSMC,square,square_bsmc_tune_p04,1784970468.453626,-1.0995203297428213,-0.9740664212987086,0.022000499502743315,-1.1425045346619935e-06,-3.720197685742811e-05,1784970468.4387372,-1.099511907567972,-0.9740583484756653,0.02200124896378835,0.051044464111328125,0,0,nan,nan,nan,nan,nan,nan,nan,nan,nan,nan,nan,1784970468.4763694,0.0,0.0,1784970468.4764597,6986.05322265625,nan,nan,49.89533615112305,nan
0.2834460735321045,1784970468.5303378,BSMC,square,square_bsmc_tune_p04,1784970468.5027044,-1.0995203415743173,-0.9740664215594869,0.02199921496248535,-7.977674595902493e-07,-3.5353142681030516e-05,1784970468.4387372,-1.099511907567972,-0.9740583484756653,0.02200124896378835,0.09160065650939941,0,0,nan,nan,nan,nan,nan,nan,nan,nan,nan,nan,nan,1784970468.5161035,0.0,0.0,1784970468.526904,6986.10400390625,nan,nan,51.09932327270508,nan
0.3231997489929199,1784970468.5700915,BSMC,square,square_bsmc_tune_p04,1784970468.5527592,-1.099518923777984,-0.974065353962317,0.021998630527471207,2.2046257065582639e-07,-3.2744505054286096e-05,1784970468.5353374,-1.099511907567972,-0.9740583484756653,0.02200124896378835,0.034754037857055664,0,0,nan,nan,nan,nan,nan,nan,nan,nan,nan,nan,nan,1784970468.556254,0.0,0.0,1784970468.526904,6986.10400390625,nan,nan,51.09932327270508,nan
0.3639059066772461,1784970468.6107976,BSMC,square,square_bsmc_tune_p04,1784970468.603063,-1.0995189212699517,-0.9740653539073764,0.021997460863725844,1.5379666451636037e-07,-3.1113785569988087e-05,1784970468.5353374,-1.099511907567972,-0.9740583484756653,0.02200124896378835,0.07546019554138184,0,0,nan,nan,nan,nan,nan,nan,nan,nan,nan,nan,nan,1784970468.5963936,0.0,0.0,1784970468.5773013,6986.154296875,nan,nan,50.07665252685547,nan
0.40320348739624023,1784970468.6500952,BSMC,square,square_bsmc_tune_p04,1784970468.603063,-1.0995189212699517,-0.9740653539073764,0.021997460863725844,1.5379666451636037e-07,-3.1113785569988087e-05,1784970468.6119733,-1.0995194008120817,-0.9740403257313546,0.018063155935001574,0.038121938705444336,0,0,nan,nan,nan,nan,nan,nan,nan,nan,nan,nan,nan,1784970468.6362927,0.0,0.0,1784970468.6292775,6986.205078125,nan,nan,50.74858856201172,nan
0.44286179542541504,1784970468.6897535,BSMC,square,square_bsmc_tune_p04,1784970468.6526878,-1.0995189783416632,-0.9740621501255016,0.021118757325191553,1.1238175073752972e-07,-0.0010962153065398614,1784970468.6119733,-1.0995194008120817,-0.9740403257313546,0.018063155935001574,0.07778024673461914,0,0,nan,nan,nan,nan,nan,nan,nan,nan,nan,nan,nan,1784970468.6769953,0.0,0.0,1784970468.6771247,6986.25390625,nan,nan,49.121742248535156,nan
0.4827899932861328,1784970468.7296817,BSMC,square,square_bsmc_tune_p04,1784970468.7028604,-1.0995189771548795,-0.9740621501026364,0.021080230397747788,7.837045553829229e-08,-0.0010409605273897845,1784970468.6119733,-1.0995194008120817,-0.9740403257313546,0.018063155935001574,0.11770844459533691,0,0,nan,nan,nan,nan,nan,nan,nan,nan,nan,nan,nan,1784970468.7161057,0.0,0.0,1784970468.7283683,6986.30712890625,nan,nan,53.08594512939453,nan
0.5236337184906006,1784970468.7705255,BSMC,square,square_bsmc_tune_p04,1784970468.7531126,-1.0995180042266408,-0.9740590103427952,0.020339855214034943,5.972760546108715e-07,-0.00187946973054166,1784970468.7331185,-1.099513367399312,-0.9740384173230536,0.018017115060991403,0.03740692138671875,0,0,nan,nan,nan,nan,nan,nan,nan,nan,nan,nan,nan,1784970468.7563293,0.0,0.0,1784970468.7283683,6986.30712890625,nan,nan,53.08594512939453,nan
0.563971996307373,1784970468.8108637,BSMC,square,square_bsmc_tune_p04,1784970468.80297,-1.0995179977030587,-0.9740590102167566,0.0202741545593672,4.181190347505205e-07,-0.0017852189805545597,1784970468.7331185,-1.099513367399312,-0.9740384173230536,0.018017115060991403,0.07774519920349121,0,0,nan,nan,nan,nan,nan,nan,nan,nan,nan,nan,nan,1784970468.796026,0.0,0.0,1784970468.7765136,6986.35400390625,nan,nan,46.71259689331055,nan
0.6027843952178955,1784970468.8496761,BSMC,square,square_bsmc_tune_p04,1784970468.80297,-1.0995179977030587,-0.9740590102167566,0.0202741545593672,4.181190347505205e-07,-0.0017852189805545597,1784970468.8187623,-1.09950713886323,-0.9740467641708012,0.018164852673830514,0.030913829803466797,0,0,nan,nan,nan,nan,nan,nan,nan,nan,nan,nan,nan,1784970468.8359559,0.0,0.0,1784970468.829389,6986.40771484375,nan,nan,53.57052993774414,nan
0.643136739730835,1784970468.8900285,BSMC,square,square_bsmc_tune_p04,1784970468.8529408,-1.0995161746728133,-0.9740574109618056,0.01973425859255516,1.1621352899068342e-06,-0.002283519056223652,1784970468.8187623,-1.09950713886323,-0.9740467641708012,0.018164852673830514,0.07126617431640625,0,0,nan,nan,nan,nan,nan,nan,nan,nan,nan,nan,nan,1784970468.8759797,0.0,0.0,1784970468.8756263,6986.4541015625,nan,nan,46.750999450683594,nan
0.6839473247528076,1784970468.930839,BSMC,square,square_bsmc_tune_p04,1784970468.9026256,-1.0995161624677021,-0.9740574107306729,0.019655279080651074,8.131328943169383e-07,-0.002168488336342307,1784970468.8187623,-1.09950713886323,-0.9740467641708012,0.018164852673830514,0.1120767593383789,0,0,nan,nan,nan,nan,nan,nan,nan,nan,nan,nan,nan,1784970468.916349,0.0,0.0,1784970468.8756263,6986.4541015625,nan,nan,46.750999450683594,nan
0.7228584289550781,1784970468.9697502,BSMC,square,square_bsmc_tune_p04,1784970468.9526598,-1.099514608027538,-0.9740560772771738,0.01924438487671845,1.3582929783118033e-06,-0.002480600241672553,1784970468.932674,-1.099507136012436,-0.9740473979186329,0.018167670206476274,0.03707623481750488,0,0,nan,nan,nan,nan,nan,nan,nan,nan,nan,nan,nan,1784970468.9561756,0.0,0.0,1784970468.935503,6986.51220703125,nan,nan,58.18790817260742,nan
0.7628598213195801,1784970469.0097516,BSMC,square,square_bsmc_tune_p04,1784970469.0030668,-1.099514591650453,-0.9740560769681692,0.019156503938765196,9.54236057999592e-07,-0.002356175369497872,1784970468.932674,-1.099507136012436,-0.9740473979186329,0.018167670206476274,0.07707762718200684,0,0,nan,nan,nan,nan,nan,nan,nan,nan,nan,nan,nan,1784970468.9962587,0.0,0.0,1784970468.976428,6986.55517578125,nan,nan,42.713191986083984,nan
0.802696704864502,1784970469.0495884,BSMC,square,square_bsmc_tune_p04,1784970469.0030668,-1.099514591650453,-0.9740560769681692,0.019156503938765196,9.54236057999592e-07,-0.002356175369497872,1784970469.0129726,-1.099507136012436,-0.9740473979186329,0.018167670206476274,0.036615848541259766,0,0,nan,nan,nan,nan,nan,nan,nan,nan,nan,nan,nan,1784970469.0362024,0.0,0.0,1784970469.0293639,6986.60791015625,nan,nan,52.93027114868164,nan
0.8437941074371338,1784970469.0906858,BSMC,square,square_bsmc_tune_p04,1784970469.0535834,-1.0995133368863148,-0.9740549489012756,0.018849422517332654,1.2271713797157936e-06,-0.002508785118756241,1784970469.0129726,-1.099507136012436,-0.9740473979186329,0.018167670206476274,0.0777132511138916,0,0,nan,nan,nan,nan,nan,nan,nan,nan,nan,nan,nan,1784970469.076425,0.0,0.0,1784970469.0293639,6986.60791015625,nan,nan,52.93027114868164,nan
0.8827798366546631,1784970469.1296716,BSMC,square,square_bsmc_tune_p04,1784970469.1026208,-1.0995132767959919,-0.9740549477684736,0.018726554190969198,1.2271713797157936e-06,-0.002508785118756241,1784970469.0129726,-1.099507136012436,-0.9740473979186329,0.018167670206476274,0.1166989803314209,0,0,nan,nan,nan,nan,nan,nan,nan,nan,nan,nan,nan,1784970469.1164427,0.0,0.0,1784970469.1265259,6986.70556640625,nan,nan,6.490688800811768,nan
0.9229409694671631,1784970469.1698327,BSMC,square,square_bsmc_tune_p04,1784970469.153197,-1.0995122435758315,-0.9740539415878584,0.018552243907343953,1.097536518091827e-06,-0.0024132832671968003,1784970469.131757,-1.099507136012436,-0.9740473979186329,0.018167670206476274,0.03807568550109863,0,0,nan,nan,nan,nan,nan,nan,nan,nan,nan,nan,nan,1784970469.156306,0.0,0.0,1784970469.1265259,6986.70556640625,nan,nan,6.490688800811768,nan
0.963115930557251,1784970469.2100077,BSMC,square,square_bsmc_tune_p04,1784970469.2028122,-1.0995122294006072,-0.9740539413201535,0.01846866791192977,7.821806753384862e-07,-0.002292559724480045,1784970469.131757,-1.099507136012436,-0.9740473979186329,0.018167670206476274,0.07825064659118652,0,0,nan,nan,nan,nan,nan,nan,nan,nan,nan,nan,nan,1784970469.1963048,0.0,0.0,1784970469.1773992,6986.75634765625,nan,nan,50.86909103393555,nan
1.0028722286224365,1784970469.249764,BSMC,square,square_bsmc_tune_p04,1784970469.2028122,-1.0995122294006072,-0.9740539413201535,0.01846866791192977,7.821806753384862e-07,-0.002292559724480045,1784970469.2119076,-1.099507136012436,-0.9740473979186329,0.018167670206476274,0.037856340408325195,0,0,nan,nan,nan,nan,nan,nan,nan,nan,nan,nan,nan,1784970469.2362678,0.0,0.0,1784970469.226579,6986.80517578125,nan,nan,49.06455993652344,nan
1.043553352355957,1784970469.290445,BSMC,square,square_bsmc_tune_p04,1784970469.2531672,-1.0995113673427077,-0.9740530899733572,0.01832019698551515,9.22708700992908e-07,-0.0022590349679685296,1784970469.2119076,-1.099507136012436,-0.9740473979186329,0.018167670206476274,0.0785374641418457,0,0,1784970469.2768486,-1.0995113673427077,-0.9740530899733572,0.01832019698551515,nan,nan,nan,nan,-4.334037669908413e-06,-5.6142461940835285e-06,0.0001525267790388751,1784970469.276915,0.0,0.0,1784970469.2777584,6986.8564453125,nan,nan,51.40671920776367,nan
1.0832157135009766,1784970469.3301075,BSMC,square,square_bsmc_tune_p04,1784970469.302969,-1.099511356771861,-0.974053089773755,0.018241985969349946,6.456430733008359e-07,-0.002145018568317265,1784970469.2119076,-1.099507136012436,-0.9740473979186329,0.018167670206476274,0.11819982528686523,0,0,1784970469.3164709,-1.099511356771861,-0.974053089773755,0.018241985969349946,nan,nan,nan,nan,-4.3234649416413276e-06,-5.614238662001867e-06,7.431576287367236e-05,1784970469.316535,0.0,0.0,1784970469.3267913,6986.90576171875,nan,nan,48.89799880981445,nan
1.1230385303497314,1784970469.3699303,BSMC,square,square_bsmc_tune_p04,1784970469.3525386,-1.0995106231374174,-0.9740523288684908,0.018161544797390388,8.230726465964394e-07,-0.0020453405349682113,1784970469.332249,-1.099507136012436,-0.9740473979186329,0.018167670206476274,0.03768134117126465,0,0,1784970469.3563035,-1.0995106231374174,-0.9740523288684908,0.018161544797390388,nan,nan,nan,nan,-3.576128452469265e-06,-4.866786663546083e-06,-6.12540908588588e-06,1784970469.3563516,0.0,0.0,1784970469.3267913,6986.90576171875,nan,nan,48.89799880981445,nan
1.1626718044281006,1784970469.4095635,BSMC,square,square_bsmc_tune_p04,1784970469.4029155,-1.0995106132194647,-0.9740523286832478,0.018089201359746513,5.751800633548643e-07,-0.001942737620281222,1784970469.332249,-1.099507136012436,-0.9740473979186329,0.018167670206476274,0.07731461524963379,0,0,1784970469.3963215,-1.0995106231374174,-0.9740523288684908,0.018161544797390388,nan,nan,nan,nan,-3.576128452469265e-06,-4.866786663546083e-06,-6.12540908588588e-06,1784970469.3963897,0.0,0.0,1784970469.3769581,6986.9560546875,nan,nan,50.231746673583984,nan
1.2038078308105469,1784970469.4506996,BSMC,square,square_bsmc_tune_p04,1784970469.4029155,-1.0995106132194647,-0.9740523286832478,0.018089201359746513,5.751800633548643e-07,-0.001942737620281222,1784970469.435993,-1.099507136012436,-0.9740473979186329,0.018167670206476274,0.014706611633300781,0,0,1784970469.4366248,-1.0995106132194647,-0.9740523286832478,0.018089201359746513,nan,nan,nan,nan,-3.5662087712742735e-06,-4.866781627254605e-06,-7.84688467297609e-05,1784970469.436667,0.0,0.0,1784970469.4276636,6987.00634765625,nan,nan,50.51250076293945,nan
1.2427523136138916,1784970469.489644,BSMC,square,square_bsmc_tune_p04,1784970469.4525876,-1.0995100082887463,-0.9740516685343369,0.01805170166586663,7.175240321864816e-07,-0.001807798712570471,1784970469.435993,-1.099507136012436,-0.9740473979186329,0.018167670206476274,0.05365109443664551,0,0,1784970469.476857,-1.0995100082887463,-0.9740516685343369,0.01805170166586663,nan,nan,nan,nan,-2.949385175174009e-06,-4.217731236385351e-06,-0.00011596854060964487,1784970469.4769318,0.0,0.0,1784970469.4778295,6987.056640625,nan,nan,50.39109420776367,nan
1.283229112625122,1784970469.5301208,BSMC,square,square_bsmc_tune_p04,1784970469.50279,-1.0995099996636164,-0.9740516683745329,0.017987809477964047,4.998951786210367e-07,-0.0017172849105323072,1784970469.435993,-1.099507136012436,-0.9740473979186329,0.018167670206476274,0.09412789344787598,0,0,1784970469.516713,-1.0995099996636164,-0.9740516683745329,0.017987809477964047,nan,nan,nan,nan,-2.9407585655090306e-06,-4.2177281487059074e-06,-0.00017986072851222668,1784970469.5167873,0.0,0.0,1784970469.5272977,6987.10595703125,nan,nan,49.41010665893555,nan
1.32295823097229,1784970469.56985,BSMC,square,square_bsmc_tune_p04,1784970469.552574,-1.099488963783059,-0.974050730028856,0.01788768372985859,0.00017868457956313414,-0.0019010727681127461,1784970469.5323882,-1.099507136012436,-0.9740473979186329,0.018167670206476274,0.03746175765991211,0,0,1784970469.5563564,-1.099488963783059,-0.974050730028856,0.01788768372985859,nan,nan,nan,nan,1.8108697108483806e-05,-3.6616892419000465e-06,-0.00027998647661768225,1784970469.5564148,0.0,0.0,1784970469.5272977,6987.10595703125,nan,nan,49.41010665893555,nan
1.363175630569458,1784970469.6100674,BSMC,square,square_bsmc_tune_p04,1784970469.6037183,-1.0994775596299309,-0.9740505261940665,0.01777715313143084,0.00019656077732597938,-0.0019458166006775495,1784970469.5323882,-1.099507136012436,-0.9740473979186329,0.018167670206476274,0.07767915725708008,0,0,1784970469.5959923,-1.099488963783059,-0.974050730028856,0.01788768372985859,nan,nan,nan,nan,1.8108697108483806e-05,-3.6616892419000465e-06,-0.00027998647661768225,1784970469.5960488,0.0,0.0,1784970469.5781643,6987.15673828125,nan,nan,50.772796630859375,nan
1.402768611907959,1784970469.6496603,BSMC,square,square_bsmc_tune_p04,1784970469.6037183,-1.0994775596299309,-0.9740505261940665,0.01777715313143084,0.00019656077732597938,-0.0019458166006775495,1784970469.611564,-1.0995097399926588,-0.9741697380560519,0.019437598810144962,0.03809642791748047,0,0,1784970469.6361296,-1.0994775596299309,-0.9740505261940665,0.01777715313143084,nan,nan,nan,nan,3.4491330158732905e-05,0.00011856387277413603,-0.001660445678714123,1784970469.6362188,0.0,0.0,1784970469.6286495,6987.20751953125,nan,nan,50.47997283935547,nan
1.4430148601531982,1784970469.6899066,BSMC,square,square_bsmc_tune_p04,1784970469.6529222,-1.099498583307813,-0.9740662175249949,0.018165411956603105,-1.612293086692096e-05,-0.0011111804933325344,1784970469.611564,-1.0995097399926588,-0.9741697380560519,0.019437598810144962,0.07834267616271973,0,0,1784970469.6763875,-1.099498583307813,-0.9740662175249949,0.018165411956603105,nan,nan,nan,nan,1.3166641147361001e-05,0.00010328413008767229,-0.0012721868535418568,1784970469.6764476,0.0,0.0,1784970469.6781576,6987.25732421875,nan,nan,49.746097564697266,nan
1.4828596115112305,1784970469.7297513,BSMC,square,square_bsmc_tune_p04,1784970469.7031088,-1.0995065440432816,-0.9740663609607849,0.018161878823444333,-7.166380317081472e-05,-0.0009363915270032678,1784970469.611564,-1.0995097399926588,-0.9741697380560519,0.019437598810144962,0.11818742752075195,0,0,1784970469.7163785,-1.0995065440432816,-0.9740663609607849,0.018161878823444333,nan,nan,nan,nan,5.204621623149622e-06,0.00010329544923189338,-0.001275719986700629,1784970469.7164474,0.0,0.0,1784970469.6781576,6987.25732421875,nan,nan,49.746097564697266,nan
1.5228970050811768,1784970469.7697887,BSMC,square,square_bsmc_tune_p04,1784970469.7530255,-1.09951063220109,-0.974080197633535,0.018445528881401132,-7.437115264692842e-05,-0.00046161599428586286,1784970469.7344253,-1.0995097399926588,-0.9741697380560519,0.019437598810144962,0.03536343574523926,0,0,1784970469.7559085,-1.09951063220109,-0.974080197633535,0.018445528881401132,nan,nan,nan,nan,8.483013267472247e-07,8.954084925462985e-05,-0.00099206992874383,1784970469.7559624,0.0,0.0,1784970469.7299895,6987.30810546875,nan,nan,51.16572952270508,nan
1.5635924339294434,1784970469.8104842,BSMC,square,square_bsmc_tune_p04,1784970469.8027484,-1.099512711104208,-0.9740802363016685,0.018435060893737337,-6.15091130844132e-05,-0.0004194607896479992,1784970469.7344253,-1.0995097399926588,-0.9741697380560519,0.019437598810144962,0.07605886459350586,0,0,1784970469.7962945,-1.09951063220109,-0.974080197633535,0.018445528881401132,nan,nan,nan,nan,8.483013267472247e-07,8.954084925462985e-05,-0.00099206992874383,1784970469.796349,0.0,0.0,1784970469.7800002,6987.3583984375,nan,nan,49.9008903503418,nan
1.6029670238494873,1784970469.8498588,BSMC,square,square_bsmc_tune_p04,1784970469.8027484,-1.099512711104208,-0.9740802363016685,0.018435060893737337,-6.15091130844132e-05,-0.0004194607896479992,1784970469.8195417,-1.0995097399926588,-0.9741697380560519,0.019437598810144962,0.030317068099975586,0,0,1784970469.8360512,-1.099512711104208,-0.9740802363016685,0.018435060893737337,nan,nan,nan,nan,-1.2309606462058774e-06,8.954259476600242e-05,-0.0010025379164076247,1784970469.836127,0.0,0.0,1784970469.8306713,6987.4091796875,nan,nan,51.089744567871094,nan
1.6429121494293213,1784970469.889804,BSMC,square,square_bsmc_tune_p04,1784970469.852618,-1.0995134374355382,-0.9740919474885532,0.01865337724980319,-4.6559219626816e-05,-0.00010846053414985824,1784970469.8195417,-1.0995097399926588,-0.9741697380560519,0.019437598810144962,0.07026219367980957,0,0,1784970469.8763223,-1.0995134374355382,-0.9740919474885532,0.01865337724980319,nan,nan,nan,nan,-2.1847777875691585e-06,7.784773742140759e-05,-0.0007842215603417711,1784970469.8763838,0.0,0.0,1784970469.8781955,6987.45703125,nan,nan,47.850467681884766,nan
1.682751178741455,1784970469.929643,BSMC,square,square_bsmc_tune_p04,1784970469.902845,-1.099514176960104,-0.9740919615822125,0.018650468109017968,-3.410176740862476e-05,-9.996201837239435e-05,1784970469.8195417,-1.0995097399926588,-0.9741697380560519,0.019437598810144962,0.11010122299194336,0,0,1784970469.9162354,-1.099514176960104,-0.9740919615822125,0.018650468109017968,nan,nan,nan,nan,-2.924436583741437e-06,7.784802010118853e-05,-0.0007871307011269937,1784970469.9163082,0.0,0.0,1784970469.8781955,6987.45703125,nan,nan,47.850467681884766,nan
1.723670482635498,1784970469.9705622,BSMC,square,square_bsmc_tune_p04,1784970469.9526076,-1.0995124789904813,-0.9740980750981112,0.018602273389470576,-2.315417271913732e-05,-0.00015010989279864775,1784970469.932086,-1.0995015974649875,-0.9741379809280003,0.018455287524545404,0.03847622871398926,0,0,1784970469.9562292,-1.0995124789904813,-0.9740980750981112,0.018602273389470576,nan,nan,nan,nan,-1.0143240677074158e-05,4.00998444482913e-05,0.00014698586492517193,1784970469.9562833,0.0,0.0,1784970469.9340167,6987.51220703125,nan,nan,55.282997131347656,nan
1.7628633975982666,1784970470.0097551,BSMC,square,square_bsmc_tune_p04,1784970470.0029316,-1.0995128028785432,-0.9740980811730061,0.018597100995195806,-1.6434091899216737e-05,-0.00014206217207315662,1784970469.932086,-1.0995015974649875,-0.9741379809280003,0.018455287524545404,0.07766914367675781,0,0,1784970469.9966207,-1.0995124789904813,-0.9740980750981112,0.018602273389470576,nan,nan,nan,nan,-1.0143240677074158e-05,4.00998444482913e-05,0.00014698586492517193,1784970469.9966817,0.0,0.0,1784970469.9805613,6987.55908203125,nan,nan,46.840858459472656,nan
1.8030881881713867,1784970470.04998,BSMC,square,square_bsmc_tune_p04,1784970470.0029316,-1.0995128028785432,-0.9740980811730061,0.018597100995195806,-1.6434091899216737e-05,-0.00014206217207315662,1784970470.0147119,-1.0995015974649875,-0.9741379809280003,0.018455287524545404,0.03526806831359863,0,0,1784970470.0368483,-1.0995128028785432,-0.9740980811730061,0.018597100995195806,nan,nan,nan,nan,-1.0467185690379643e-05,4.0099747695885915e-05,0.00014181347065040165,1784970470.0369093,0.0,0.0,1784970470.0365355,6987.6142578125,nan,nan,55.12599563598633,nan
1.8427760601043701,1784970470.0896678,BSMC,square,square_bsmc_tune_p04,1784970470.0529604,-1.0995111871915657,-0.9741032625724322,0.018559945346889796,-1.0697384739456307e-05,-0.00017369799389030648,1784970470.0147119,-1.0995015974649875,-0.9741379809280003,0.018455287524545404,0.07495594024658203,0,0,1784970470.076061,-1.0995111871915657,-0.9741032625724322,0.018559945346889796,nan,nan,nan,nan,-8.947392642662879e-06,3.488941435588068e-05,0.00010465782234439155,1784970470.0761251,0.0,0.0,1784970470.0824811,6987.6611328125,nan,nan,46.94697189331055,nan
1.8846125602722168,1784970470.1315043,BSMC,square,square_bsmc_tune_p04,1784970470.1034079,-1.0995113256702311,-0.9741032651520151,0.018553830270967884,-7.508905726504261e-06,-0.00016479007288318104,1784970470.0147119,-1.0995015974649875,-0.9741379809280003,0.018455287524545404,0.11679244041442871,0,0,1784970470.1167836,-1.0995113256702311,-0.9741032651520151,0.018553830270967884,nan,nan,nan,nan,-9.085895330243898e-06,3.4889390730800875e-05,9.854274642247947e-05,1784970470.1168501,0.0,0.0,1784970470.0824811,6987.6611328125,nan,nan,46.94697189331055,nan
1.9232637882232666,1784970470.1701555,BSMC,square,square_bsmc_tune_p04,1784970470.1528358,-1.0995097635550324,-0.9741078795226698,0.01852594721999479,-4.502885170725994e-06,-0.00018429407714516617,1784970470.1326768,-1.0995015974649875,-0.9741379809280003,0.018455287524545404,0.03747868537902832,0,0,1784970470.1559892,-1.0995097635550324,-0.9741078795226698,0.01852594721999479,nan,nan,nan,nan,-7.609200853386449e-06,3.024697822704537e-05,7.065969544938629e-05,1784970470.1560454,0.0,0.0,1784970470.1318662,6987.70849609375,nan,nan,47.26841354370117,nan
1.9630775451660156,1784970470.2099693,BSMC,square,square_bsmc_tune_p04,1784970470.2032096,-1.0995098215641088,-0.9741078806014821,0.018519426631298335,-3.1514251947543812e-06,-0.00017499560154715817,1784970470.1326768,-1.0995015974649875,-0.9741379809280003,0.018455287524545404,0.07729244232177734,0,0,1784970470.196057,-1.0995097635550324,-0.9741078795226698,0.01852594721999479,nan,nan,nan,nan,-7.609200853386449e-06,3.024697822704537e-05,7.065969544938629e-05,1784970470.1961188,0.0,0.0,1784970470.1805232,6987.75927734375,nan,nan,50.59872817993164,nan
2.003617286682129,1784970470.250509,BSMC,square,square_bsmc_tune_p04,1784970470.2032096,-1.0995098215641088,-0.9741078806014821,0.018519426631298335,-3.1514251947543812e-06,-0.00017499560154715817,1784970470.2121906,-1.0995015974649875,-0.9741379809280003,0.018455287524545404,0.03831839561462402,0,0,1784970470.2361395,-1.0995098215641088,-0.9741078806014821,0.018519426631298335,nan,nan,nan,nan,-7.667219959883257e-06,3.0246970111800958e-05,6.413910675293066e-05,1784970470.236196,0.0,0.0,1784970470.2402751,6987.8193359375,nan,nan,60.022682189941406,nan
2.043639898300171,1784970470.2905316,BSMC,square,square_bsmc_tune_p04,1784970470.2527077,-1.0995085178921153,-0.974111779582021,0.018498859066346164,-1.6201178336409453e-06,-0.00018352419022437048,1784970470.2121906,-1.0995015974649875,-0.9741379809280003,0.018455287524545404,0.07834100723266602,0,0,1784970470.27659,-1.0995085178921153,-0.974111779582021,0.018498859066346164,nan,nan,nan,nan,-6.4357226961609145e-06,2.632459527013658e-05,4.357154180075969e-05,1784970470.276651,0.0,0.0,1784970470.2794557,6987.8583984375,nan,nan,39.18595886230469,nan
2.082731246948242,1784970470.329623,BSMC,square,square_bsmc_tune_p04,1784970470.3026404,-1.0995085379416245,-0.9741117799562079,0.018492466568856007,-1.143876204361591e-06,-0.00017424419799861988,1784970470.2121906,-1.0995015974649875,-0.9741379809280003,0.018455287524545404,0.1174323558807373,0,0,1784970470.3163953,-1.0995085379416245,-0.9741117799562079,0.018492466568856007,nan,nan,nan,nan,-6.455775696348997e-06,2.6324591145406755e-05,3.7179044310602094e-05,1784970470.3164499,0.0,0.0,1784970470.2794557,6987.8583984375,nan,nan,39.18595886230469,nan
2.1230175495147705,1784970470.3699093,BSMC,square,square_bsmc_tune_p04,1784970470.352827,-1.0995073797447248,-0.9741152668469938,0.018478544283003606,-2.494490478765904e-07,-0.0001750110143245826,1784970470.3326125,-1.0995015974649875,-0.9741379809280003,0.018455287524545404,0.03729677200317383,0,0,1784970470.3562412,-1.0995073797447248,-0.9741152668469938,0.018478544283003606,nan,nan,nan,nan,-5.362123949678428e-06,2.281692051260424e-05,2.325675845820177e-05,1784970470.3563008,0.0,0.0,1784970470.3424675,6987.92138671875,nan,nan,62.80509948730469,nan
2.16279673576355,1784970470.4096885,BSMC,square,square_bsmc_tune_p04,1784970470.4028077,-1.0995073830335167,-0.9741152669097695,0.01847241471416202,-1.767260727981696e-07,-0.00016622203174551935,1784970470.3326125,-1.0995015974649875,-0.9741379809280003,0.018455287524545404,0.07707595825195312,0,0,1784970470.3967652,-1.0995073797447248,-0.9741152668469938,0.018478544283003606,nan,nan,nan,nan,-5.362123949678428e-06,2.281692051260424e-05,2.325675845820177e-05,1784970470.396827,0.0,0.0,1784970470.3795445,6987.95849609375,nan,nan,37.11309051513672,nan
2.203245162963867,1784970470.450137,BSMC,square,square_bsmc_tune_p04,1784970470.4028077,-1.0995073830335167,-0.9741152669097695,0.01847241471416202,-1.767260727981696e-07,-0.00016622203174551935,1784970470.4356127,-1.0995015980220493,-0.9741384275837445,0.018454745575630357,0.014524221420288086,0,0,1784970470.4364138,-1.0995073830335167,-0.9741152669097695,0.01847241471416202,nan,nan,nan,nan,-5.35662628849755e-06,2.326348493799239e-05,1.7669138531663242e-05,1784970470.4364543,0.0,0.0,1784970470.4308786,6988.00927734375,nan,nan,51.16407012939453,nan
2.24322247505188,1784970470.4901142,BSMC,square,square_bsmc_tune_p04,1784970470.4528244,-1.0995064108099886,-0.9741183514080156,0.018463430876687222,3.3376970072714737e-07,-0.00016181950883721534,1784970470.4356127,-1.0995015980220493,-0.9741384275837445,0.018454745575630357,0.05450153350830078,0,0,1784970470.476641,-1.0995064108099886,-0.9741183514080156,0.018463430876687222,nan,nan,nan,nan,-4.441488713728664e-06,2.016157081306661e-05,8.685301056864799e-06,1784970470.476709,0.0,0.0,1784970470.4795732,6988.05859375,nan,nan,48.97331237792969,nan
2.2830655574798584,1784970470.5299573,BSMC,square,square_bsmc_tune_p04,1784970470.5025773,-1.0995064065552713,-0.974118351330307,0.018457769010757887,2.3388537961427486e-07,-0.00015372351172577263,1784970470.4356127,-1.0995015980220493,-0.9741384275837445,0.018454745575630357,0.0943446159362793,0,0,1784970470.5167127,-1.0995064065552713,-0.974118351330307,0.018457769010757887,nan,nan,nan,nan,-4.437233286982319e-06,2.0161569993184073e-05,3.0234351275290616e-06,1784970470.5167704,0.0,0.0,1784970470.4795732,6988.05859375,nan,nan,48.97331237792969,nan
2.323164224624634,1784970470.570056,BSMC,square,square_bsmc_tune_p04,1784970470.5534837,-1.0995056014082216,-0.9741210068889828,0.01845231984065207,5.318979757362191e-07,-0.00014589693625336727,1784970470.5324137,-1.0995015980220493,-0.9741384275837445,0.018454745575630357,0.03764224052429199,0,0,1784970470.556244,-1.0995056014082216,-0.9741210068889828,0.01845231984065207,nan,nan,nan,nan,-3.68122821888386e-06,1.7491605575910363e-05,-2.4257349782869086e-06,1784970470.5562975,0.0,0.0,1784970470.5301442,6988.10888671875,nan,nan,50.36686325073242,nan
2.3627617359161377,1784970470.6096535,BSMC,square,square_bsmc_tune_p04,1784970470.602751,-1.099505594965885,-0.9741210067701959,0.018447278363338985,3.713693728796808e-07,-0.00013858490630673444,1784970470.5324137,-1.0995015980220493,-0.9741384275837445,0.018454745575630357,0.0772397518157959,0,0,1784970470.5959494,-1.0995056014082216,-0.9741210068889828,0.01845231984065207,nan,nan,nan,nan,-3.68122821888386e-06,1.7491605575910363e-05,-2.4257349782869086e-06,1784970470.5960088,0.0,0.0,1784970470.58049,6988.1591796875,nan,nan,50.4443359375,nan
2.403001546859741,1784970470.6498933,BSMC,square,square_bsmc_tune_p04,1784970470.602751,-1.099505594965885,-0.9741210067701959,0.018447278363338985,3.713693728796808e-07,-0.00013858490630673444,1784970470.6140296,-1.0995075003912536,-0.974149358481434,0.019414145762314268,0.035863637924194336,0,0,1784970470.6362514,-1.099505594965885,-0.9741210067701959,0.018447278363338985,nan,nan,nan,nan,2.455455972430843e-06,2.8309378515517486e-05,-0.0009668673989752831,1784970470.6363113,0.0,0.0,1784970470.6307974,6988.20947265625,nan,nan,50.00239562988281,nan
2.442854642868042,1784970470.6897464,BSMC,square,square_bsmc_tune_p04,1784970470.6527157,-1.0995059243030232,-0.9741246803855536,0.018661904252975627,8.303188872699223e-08,0.0001331142760521523,1784970470.6140296,-1.0995075003912536,-0.974149358481434,0.019414145762314268,0.07571673393249512,0,0,1784970470.6762493,-1.0995059243030232,-0.9741246803855536,0.018661904252975627,nan,nan,nan,nan,2.054865273414508e-06,2.4642848843096845e-05,-0.0007522415093386414,1784970470.6763113,0.0,0.0,1784970470.6803572,6988.25927734375,nan,nan,49.973968505859375,nan
2.483656644821167,1784970470.7305484,BSMC,square,square_bsmc_tune_p04,1784970470.7027295,-1.0995059233144708,-0.9741246803672287,0.018666564379788187,5.788675196088744e-08,0.00012638194919462251,1784970470.6140296,-1.0995075003912536,-0.974149358481434,0.019414145762314268,0.11651873588562012,0,0,1784970470.7163432,-1.0995059233144708,-0.9741246803672287,0.018666564379788187,nan,nan,nan,nan,2.055853995214158e-06,2.4642847973846836e-05,-0.0007475813825260809,1784970470.7164016,0.0,0.0,1784970470.6803572,6988.25927734375,nan,nan,49.973968505859375,nan
2.52284836769104,1784970470.76974,BSMC,square,square_bsmc_tune_p04,1784970470.7526362,-1.0995061825151415,-0.974128296755274,0.01883018651703257,-1.26288993014409e-07,0.0003201782782179227,1784970470.7353354,-1.0995073301380196,-0.9741518025498137,0.019351002912600692,0.034404754638671875,0,0,1784970470.7559533,-1.0995061825151415,-0.974128296755274,0.01883018651703257,nan,nan,nan,nan,1.602240325757524e-06,2.3479187403974094e-05,-0.0005208163955681237,1784970470.7560012,0.0,0.0,1784970470.7314296,6988.3095703125,nan,nan,50.48344421386719,nan
2.5628817081451416,1784970470.8097734,BSMC,square,square_bsmc_tune_p04,1784970470.8025846,-1.0995061840967184,-0.9741282967869159,0.01884143448017841,-8.813898323931837e-08,0.0003040668315316647,1784970470.7353354,-1.0995073301380196,-0.9741518025498137,0.019351002912600692,0.07443809509277344,0,0,1784970470.796246,-1.0995061825151415,-0.974128296755274,0.01883018651703257,nan,nan,nan,nan,1.602240325757524e-06,2.3479187403974094e-05,-0.0005208163955681237,1784970470.7963185,0.0,0.0,1784970470.7807407,6988.359375,nan,nan,49.7885856628418,nan
2.6029272079467773,1784970470.849819,BSMC,square,square_bsmc_tune_p04,1784970470.8025846,-1.0995061840967184,-0.9741282967869159,0.01884143448017841,-8.813898323931837e-08,0.0003040668315316647,1784970470.8225322,-1.0995073301380196,-0.9741518025498137,0.019351002912600692,0.027286767959594727,0,0,1784970470.8366327,-1.0995061840967184,-0.9741282967869159,0.01884143448017841,nan,nan,nan,nan,1.6006584327339858e-06,2.3479186371175505e-05,-0.0005095684324222804,1784970470.836721,0.0,0.0,1784970470.8306916,6988.40966796875,nan,nan,49.982547760009766,nan
2.643162965774536,1784970470.8900547,BSMC,square,square_bsmc_tune_p04,1784970470.852501,-1.0995063933807743,-0.9741313768164523,0.01896812623131914,-1.8547154418074415e-07,0.0004312161495579197,1784970470.8225322,-1.0995073301380196,-0.9741518025498137,0.019351002912600692,0.06752252578735352,0,0,1784970470.8762598,-1.0995063933807743,-0.9741313768164523,0.01896812623131914,nan,nan,nan,nan,1.3318156191922465e-06,2.0403783096343123e-05,-0.0003828766812815528,1784970470.8763204,0.0,0.0,1784970470.8807285,6988.45947265625,nan,nan,50.09006118774414,nan
2.682710647583008,1784970470.9296024,BSMC,square,square_bsmc_tune_p04,1784970470.903156,-1.0995063957242084,-0.9741313768633797,0.018983514000520736,-1.293311326901538e-07,0.00040944681906982157,1784970470.8225322,-1.0995073301380196,-0.9741518025498137,0.019351002912600692,0.1070702075958252,0,0,1784970470.915989,-1.0995063957242084,-0.9741313768633797,0.018983514000520736,nan,nan,nan,nan,1.329471715793205e-06,2.0403781522748434e-05,-0.00036748891207995585,1784970470.9160383,0.0,0.0,1784970470.8807285,6988.45947265625,nan,nan,50.09006118774414,nan
2.7230336666107178,1784970470.9699254,BSMC,square,square_bsmc_tune_p04,1784970470.9531932,-1.0995065714846324,-0.9741341008934898,0.019081241719672744,-2.04970107900872e-07,0.0004936417858076874,1784970470.9366567,-1.0995073301380196,-0.9741518025498137,0.019351002912600692,0.03326869010925293,0,0,1784970470.9563267,-1.0995065714846324,-0.9741341008934898,0.019081241719672744,nan,nan,nan,nan,1.101034773668279e-06,1.768366234684873e-05,-0.00026976119292794823,1784970470.9563828,0.0,0.0,1784970470.9310346,6988.509765625,nan,nan,50.137725830078125,nan
2.7631332874298096,1784970471.010025,BSMC,square,square_bsmc_tune_p04,1784970471.002674,-1.0995065740345442,-0.9741341009446408,0.01909839336705171,-1.4284519347456624e-07,0.00046877559135648906,1784970470.9366567,-1.0995073301380196,-0.9741518025498137,0.019351002912600692,0.07336831092834473,0,0,1784970470.9963076,-1.0995065714846324,-0.9741341008934898,0.019081241719672744,nan,nan,nan,nan,1.101034773668279e-06,1.768366234684873e-05,-0.00026976119292794823,1784970470.9963639,0.0,0.0,1784970470.9824214,6988.56103515625,nan,nan,51.456153869628906,nan
2.803161859512329,1784970471.0500536,BSMC,square,square_bsmc_tune_p04,1784970471.002674,-1.0995065740345442,-0.9741341009446408,0.01909839336705171,-1.4284519347456624e-07,0.00046877559135648906,1784970471.0127132,-1.0995073301380196,-0.9741518025498137,0.019351002912600692,0.037340402603149414,0,0,1784970471.036794,-1.0995065740345442,-0.9741341009446408,0.01909839336705171,nan,nan,nan,nan,1.0984843494769732e-06,1.7683660545725034e-05,-0.00025260954554898185,1784970471.0368507,0.0,0.0,1784970471.0316532,6988.6103515625,nan,nan,49.0532341003418,nan
2.843592405319214,1784970471.0904841,BSMC,square,square_bsmc_tune_p04,1784970471.0525558,-1.099506713030598,-0.9741363933258962,0.01917164649998882,-1.78313487335634e-07,0.0005137648222822101,1784970471.0127132,-1.0995073301380196,-0.9741518025498137,0.019351002912600692,0.07777094841003418,0,0,1784970471.0760689,-1.099506713030598,-0.9741363933258962,0.01917164649998882,nan,nan,nan,nan,9.151572113176678e-07,1.5394398026183666e-05,-0.00017935641261187033,1784970471.076131,0.0,0.0,1784970471.0817657,6988.66015625,nan,nan,50.1519775390625,nan
2.882956027984619,1784970471.1298478,BSMC,square,square_bsmc_tune_p04,1784970471.1028886,-1.099506715245423,-0.9741363933703804,0.019189779602826963,-1.2445522512593456e-07,0.00048772463383973513,1784970471.0127132,-1.0995073301380196,-0.9741518025498137,0.019351002912600692,0.11713457107543945,0,0,1784970471.1160707,-1.099506715245423,-0.9741363933703804,0.019189779602826963,nan,nan,nan,nan,9.129419402377417e-07,1.5394396406728147e-05,-0.0001612233097737295,1784970471.1161356,0.0,0.0,1784970471.0817657,6988.66015625,nan,nan,50.1519775390625,nan
2.92329740524292,1784970471.1701891,BSMC,square,square_bsmc_tune_p04,1784970471.152485,-1.099506811457182,-0.97413892819726,0.01924599448278804,-1.589826309441389e-07,0.0005125158450301744,1784970471.1349127,-1.099507190527497,-0.9741554191753958,0.0193699225418942,0.03527641296386719,0,0,1784970471.1565077,-1.099506811457182,-0.97413892819726,0.01924599448278804,nan,nan,nan,nan,6.98408199576366e-07,1.6480542471861934e-05,-0.00012392805910615978,1784970471.1565692,0.0,0.0,1784970471.132386,6988.71044921875,nan,nan,50.124454498291016,nan
2.9628303050994873,1784970471.209722,BSMC,square,square_bsmc_tune_p04,1784970471.2024536,-1.0995068135275983,-0.9741389282387051,0.01926400118172035,-1.1044195523066245e-07,0.0004865701895375392,1784970471.1349127,-1.099507190527497,-0.9741554191753958,0.0193699225418942,0.07480931282043457,0,0,1784970471.19611,-1.099506811457182,-0.97413892819726,0.01924599448278804,nan,nan,nan,nan,6.98408199576366e-07,1.6480542471861934e-05,-0.00012392805910615978,1784970471.196163,0.0,0.0,1784970471.1839185,6988.7626953125,nan,nan,52.18907165527344,nan
3.0029778480529785,1784970471.2498696,BSMC,square,square_bsmc_tune_p04,1784970471.2024536,-1.0995068135275983,-0.9741389282387051,0.01926400118172035,-1.1044195523066245e-07,0.0004865701895375392,1784970471.2125726,-1.099507190527497,-0.9741554191753958,0.0193699225418942,0.03729701042175293,0,0,1784970471.2361867,-1.0995068135275983,-0.9741389282387051,0.01926400118172035,nan,nan,nan,nan,6.963373689475506e-07,1.648054113586235e-05,-0.00010592136017385095,1784970471.2362435,0.0,0.0,1784970471.1839185,6988.7626953125,nan,nan,52.18907165527344,nan
3.043072462081909,1784970471.2899642,BSMC,square,square_bsmc_tune_p04,1784970471.252794,-1.0995068891550792,-0.9741410643207256,0.01930496839646395,-1.2245879672034098e-07,0.0004897253629435805,1784970471.2125726,-1.099507190527497,-0.9741554191753958,0.0193699225418942,0.0773916244506836,0,0,1784970471.2361867,-1.0995068135275983,-0.9741389282387051,0.01926400118172035,nan,nan,nan,nan,6.963373689475506e-07,1.648054113586235e-05,-0.00010592136017385095,1784970471.2768295,0.0,0.0,1784970471.2868166,6988.86572265625,nan,nan,36.295169830322266,nan
3.082958221435547,1784970471.32985,BSMC,square,square_bsmc_tune_p04,1784970471.3029253,-1.0995068908941075,-0.9741410643554265,0.01932214445744753,-8.614405094011781e-08,0.0004646982440212121,1784970471.2125726,-1.099507190527497,-0.9741554191753958,0.0193699225418942,0.11727738380432129,0,0,1784970471.3163702,-1.0995073942264622,-0.9741141479224286,0.018697637166416703,1784970471.3164082,1.681244627003308e-08,2.6921133448120967e-05,-0.0006245072910308277,5.957102313341213e-07,4.126745623462786e-05,-0.000672285375477498,1784970471.3164494,0.02,-0.00018114085094698116,1784970471.2868166,6988.86572265625,nan,nan,36.295169830322266,nan
3.122603178024292,1784970471.369495,BSMC,square,square_bsmc_tune_p04,1784970471.3527482,-1.099506953726515,-0.9741429785434836,0.019346936621643294,-1.0818582967128026e-07,0.0004520233072118501,1784970471.3342369,-1.099507190527497,-0.9741554191753958,0.0193699225418942,0.03525805473327637,0,0,1784970471.3562055,-1.0995073942264622,-0.9741141479224286,0.018697637166416703,1784970471.3562684,1.1733189284090942e-07,2.8833747308523406e-05,-0.0006492994552265915,5.957102313341213e-07,4.126745623462786e-05,-0.000672285375477498,1784970471.3563156,0.02,-0.00019494826871541813,1784970471.3322403,6988.9111328125,nan,nan,45.49849319458008,nan
3.163032054901123,1784970471.4099238,BSMC,square,square_bsmc_tune_p04,1784970471.4026065,-1.099506955285475,-0.9741429785744384,0.019362791311105177,-7.504122223491742e-08,0.0004289951037196642,1784970471.3342369,-1.099507190527497,-0.9741554191753958,0.0193699225418942,0.07568693161010742,0,0,1784970471.3962946,-1.0995073942264622,-0.9741141479224286,0.018697637166416703,1784970471.3963377,1.1733189284090942e-07,2.8833747308523406e-05,-0.0006492994552265915,5.957102313341213e-07,4.126745623462786e-05,-0.000672285375477498,1784970471.396388,0.02,-0.00020187812932125033,1784970471.3886976,6988.96728515625,nan,nan,56.492671966552734,nan
3.2029621601104736,1784970471.449854,BSMC,square,square_bsmc_tune_p04,1784970471.4026065,-1.099506955285475,-0.9741429785744384,0.019362791311105177,-7.504122223491742e-08,0.0004289951037196642,1784970471.4380608,-1.099507190527497,-0.9741554191753958,0.0193699225418942,0.011793136596679688,0,0,1784970471.4359164,-1.0995073942264622,-0.9741141479224286,0.018697637166416703,1784970471.4359655,1.193483101099358e-07,2.8833746209698036e-05,-0.0006651541446884741,5.957102313341213e-07,4.126745623462786e-05,-0.000672285375477498,1784970471.4360065,0.02,-0.00021405980252437172,1784970471.434123,6989.01220703125,nan,nan,44.682464599609375,nan
3.2427802085876465,1784970471.489672,BSMC,square,square_bsmc_tune_p04,1784970471.4532745,-1.0995070055459488,-0.9741446399673946,0.01937702918415786,-9.259214188404992e-08,0.00040600598400668367,1784970471.4380608,-1.099507190527497,-0.9741554191753958,0.0193699225418942,0.05161118507385254,0,0,1784970471.4764347,-1.0995073942264622,-0.9741141479224286,0.018697637166416703,1784970471.4764824,2.022007250277421e-07,3.0493851734762117e-05,-0.0006793920177411567,5.957102313341213e-07,4.126745623462786e-05,-0.000672285375477498,1784970471.4765399,0.02,-0.00022553801207387614,1784970471.4834414,6989.0625,nan,nan,50.11839294433594,nan
3.283946990966797,1784970471.5308387,BSMC,square,square_bsmc_tune_p04,1784970471.50257,-1.0995070068007333,-0.9741446399922423,0.019391103762354353,-6.479257089374609e-08,0.0003856149688976196,1784970471.4380608,-1.099507190527497,-0.9741554191753958,0.0193699225418942,0.09277796745300293,0,0,1784970471.5164266,-1.0995073942264622,-0.9741141479224286,0.018697637166416703,1784970471.5164647,2.038849434992725e-07,3.049384939872835e-05,-0.0006934665959376501,5.957102313341213e-07,4.126745623462786e-05,-0.000672285375477498,1784970471.5165055,0.02,-0.0002378419833308663,1784970471.4834414,6989.0625,nan,nan,50.11839294433594,nan
3.3231656551361084,1784970471.5700574,BSMC,square,square_bsmc_tune_p04,1784970471.5526378,-1.0995070464913461,-0.9741460708521427,0.019397563877252957,-7.764580514353403e-08,0.0003572907112213634,1784970471.5356045,-1.099507190527497,-0.9741554191753958,0.0193699225418942,0.03445291519165039,0,0,1784970471.5560198,-1.0995073942264622,-0.9741141479224286,0.018697637166416703,1784970471.5560577,2.715185389878458e-07,3.192366894524101e-05,-0.0006999267108362544,5.957102313341213e-07,4.126745623462786e-05,-0.000672285375477498,1784970471.5560958,0.02,-0.00024703037545346234,1784970471.5345917,6989.11181640625,nan,nan,49.29518127441406,nan
3.362790107727051,1784970471.6096818,BSMC,square,square_bsmc_tune_p04,1784970471.6034787,-1.0995070476275801,-0.974146070874527,0.019410503309522015,-5.417411073255043e-08,0.0003393458274694505,1784970471.5356045,-1.099507190527497,-0.9741554191753958,0.0193699225418942,0.07407736778259277,0,0,1784970471.596235,-1.0995073942264622,-0.9741141479224286,0.018697637166416703,1784970471.596277,2.715185389878458e-07,3.192366894524101e-05,-0.0006999267108362544,5.957102313341213e-07,4.126745623462786e-05,-0.000672285375477498,1784970471.5963228,0.02,-0.00025446623867342853,1784970471.583646,6989.16259765625,nan,nan,50.773162841796875,nan
3.40278959274292,1784970471.6496813,BSMC,square,square_bsmc_tune_p04,1784970471.6034787,-1.0995070476275801,-0.974146070874527,0.019410503309522015,-5.417411073255043e-08,0.0003393458274694505,1784970471.6131077,-1.0995437112825084,-0.974054424848018,0.02192436766597214,0.03657364845275879,0,0,1784970471.635955,-1.0995073942264622,-0.9741141479224286,0.018697637166416703,1784970471.6359959,2.730680675351702e-07,3.192366575588387e-05,-0.0007128661431053118,3.4999042247930734e-05,-6.050488590722866e-05,-0.0032267304995554358,1784970471.636042,0.02,-0.0002669455871912589,1784970471.6336734,6989.21240234375,nan,nan,49.99656677246094,nan
3.4436845779418945,1784970471.6905763,BSMC,square,square_bsmc_tune_p04,1784970471.6535442,-1.0995130271215248,-0.9741342614760127,0.0199896935758081,-2.4754330013827803e-06,0.0010026661128132509,1784970471.6131077,-1.0995437112825084,-0.974054424848018,0.02192436766597214,0.0774686336517334,0,0,1784970471.676392,-1.0995073942264622,-0.9741141479224286,0.018697637166416703,1784970471.6764333,6.033806678644902e-06,1.999694280464048e-05,-0.0012920564093913958,3.4999042247930734e-05,-6.050488590722866e-05,-0.0032267304995554358,1784970471.6764784,0.02,-0.0005135892878713195,1784970471.6844492,6989.26318359375,nan,nan,50.85997009277344,nan
3.48325252532959,1784970471.7301443,BSMC,square,square_bsmc_tune_p04,1784970471.7028427,-1.0995130573095435,-0.9741342621029014,0.020024162264149888,-1.7233536440563407e-06,0.0009517451520886397,1784970471.6131077,-1.0995437112825084,-0.974054424848018,0.02192436766597214,0.11703658103942871,0,0,1784970471.7166734,-1.0995073942264622,-0.9741141479224286,0.018697637166416703,1784970471.716723,6.064690462286056e-06,1.9996757129055987e-05,-0.0013265250977331847,3.4999042247930734e-05,-6.050488590722866e-05,-0.0032267304995554358,1784970471.7167711,0.02,-0.0005422638320443908,1784970471.6844492,6989.26318359375,nan,nan,50.85997009277344,nan
3.523075819015503,1784970471.7699676,BSMC,square,square_bsmc_tune_p04,1784970471.7527115,-1.099517498809563,-0.9741234642693442,0.020486122674637192,-3.2789637002050018e-06,0.0014406957409446664,1784970471.7340631,-1.099539342836994,-0.9740529115849705,0.021889700540413844,0.0359044075012207,0,0,1784970471.7558832,-1.0995073942264622,-0.9741141479224286,0.018697637166416703,1784970471.7559202,1.0293305299478264e-05,9.10740278600674e-06,-0.0017884855082204894,3.0600618561457045e-05,-6.192095674197725e-05,-0.0031920633739971407,1784970471.7559624,0.020097517420159392,-0.000758425809225728,1784970471.733982,6989.31201171875,nan,nan,48.863990783691406,nan
3.562621831893921,1784970471.8095136,BSMC,square,square_bsmc_tune_p04,1784970471.803119,-1.0994958053708195,-0.9741230279404101,0.020434164525980965,0.00017769566617076713,0.0010148373487437266,1784970471.7340631,-1.099539342836994,-0.9740529115849705,0.021889700540413844,0.07545042037963867,0,0,1784970471.796515,-1.0995073942264622,-0.9741141479224286,0.018697637166416703,1784970471.7965586,1.0293305299478264e-05,9.10740278600674e-06,-0.0017884855082204894,3.0600618561457045e-05,-6.192095674197725e-05,-0.0031920633739971407,1784970471.7966065,0.021710111352910462,-0.0007784970443793649,1784970471.7836607,6989.3623046875,nan,nan,50.37742233276367,nan
3.6028106212615967,1784970471.8497024,BSMC,square,square_bsmc_tune_p04,1784970471.803119,-1.0994958053708195,-0.9741230279404101,0.020434164525980965,0.00017769566617076713,0.0010148373487437266,1784970471.8221238,-1.099539342836994,-0.9740529115849705,0.021889700540413844,0.02757859230041504,0,0,1784970471.8362842,-1.0994959754184896,-0.9741139343928162,0.018697637166416703,1784970471.8363242,1.5793947044147313e-08,9.095123671639705e-06,-0.001736527359564262,4.2021364656959905e-05,-6.195741261114373e-05,-0.0031920633739971407,1784970471.836368,0.023299768196817956,-0.000775081662026716,1784970471.8335228,6989.412109375,nan,nan,49.89476013183594,nan
3.6429412364959717,1784970471.889833,BSMC,square,square_bsmc_tune_p04,1784970471.85292,-1.0994927443578835,-0.9741136719286579,0.02076339098786798,0.00019219823426065073,0.0012332071781870652,1784970471.8221238,-1.099539342836994,-0.9740529115849705,0.021889700540413844,0.06770920753479004,0,0,1784970471.876682,-1.09949274058102,-0.9741138739019496,0.018697637166416703,1784970471.8767242,-4.1729972322906226e-10,-2.0200817086805408e-07,-0.0020657538214512786,4.525675117806029e-05,-6.196774020508608e-05,-0.0031920633739971407,1784970471.8767693,0.024910205729362787,-0.0009505223372232247,1784970471.884434,6989.46337890625,nan,nan,51.05504608154297,nan
3.683058977127075,1784970471.9299507,BSMC,square,square_bsmc_tune_p04,1784970471.9029179,-1.099508719677483,-0.9741139956824509,0.020894119015329157,-1.7783868601539926e-05,0.0014683436383190797,1784970471.8221238,-1.099539342836994,-0.9740529115849705,0.021889700540413844,0.10782694816589355,0,0,1784970471.9165187,-1.09949274058102,-0.9741138739019496,0.018697637166416703,1784970471.91658,1.597815295035187e-05,-2.120909314221723e-07,-0.0021964818489124543,4.525675117806029e-05,-6.196774020508608e-05,-0.0031920633739971407,1784970471.9166303,0.02651337314806783,-0.0010351092678655182,1784970471.884434,6989.46337890625,nan,nan,51.05504608154297,nan
3.7229268550872803,1784970471.9698186,BSMC,square,square_bsmc_tune_p04,1784970471.9525514,-1.09950092861419,-0.9741060007047674,0.021115773045044757,0.00010414361571356245,0.0014588038527770604,1784970471.9329987,-1.0995393033303016,-0.974055608839587,0.021922081468185757,0.0368199348449707,0,0,1784970471.9565144,-1.09949274058102,-0.9741138739019496,0.018697637166416703,1784970471.956561,8.019971523807218e-06,-8.044325815077527e-06,-0.002418135878628054,4.527437208119728e-05,-5.9271733106388186e-05,-0.003224444301769054,1784970471.9566064,0.028117832397421317,-0.0011708340469430846,1784970471.9346263,6989.51318359375,nan,nan,49.82951354980469,nan
3.7627997398376465,1784970472.0096915,BSMC,square,square_bsmc_tune_p04,1784970472.002771,-1.0994721077500447,-0.9741054005360608,0.021036805875853735,0.0003005671206404367,0.000937674154482006,1784970471.9329987,-1.0995393033303016,-0.974055608839587,0.021922081468185757,0.07669281959533691,0,0,1784970471.9965723,-1.09949274058102,-0.9741138739019496,0.018697637166416703,1784970471.9966123,8.019971523807218e-06,-8.044325815077527e-06,-0.002418135878628054,4.527437208119728e-05,-5.9271733106388186e-05,-0.003224444301769054,1784970471.9966555,0.029719361604804585,-0.0011980461725247212,1784970471.984802,6989.5634765625,nan,nan,50.29703140258789,nan
3.802968978881836,1784970472.0498607,BSMC,square,square_bsmc_tune_p04,1784970472.002771,-1.0994721077500447,-0.9741054005360608,0.021036805875853735,0.0003005671206404367,0.000937674154482006,1784970472.0133946,-1.0995393033303016,-0.974055608839587,0.021922081468185757,0.036466121673583984,0,0,1784970472.0358918,-1.0994719565674773,-0.9741134852447126,0.018697637166416703,1784970472.0359304,-1.8914786397527675e-08,-8.086099949004451e-06,-0.0023391687094370325,6.606191115080346e-05,-5.9338761600512595e-05,-0.003224444301769054,1784970472.0359743,0.03128865507773866,-0.0011849955708169912,1784970472.0345688,6989.61328125,nan,nan,49.7158088684082,nan
3.8428120613098145,1784970472.0897038,BSMC,square,square_bsmc_tune_p04,1784970472.0525815,-1.0994687898530096,-0.9740986922074802,0.021222807509987694,0.00029565534067898776,0.0009596023264733702,1784970472.0133946,-1.0995393033303016,-0.974055608839587,0.021922081468185757,0.0763092041015625,0,0,1784970472.076508,-1.0994685144295873,-0.9741134208773662,0.018697637166416703,1784970472.0765533,-3.719886316012977e-08,-1.4731197877811464e-05,-0.0025251703435709913,6.950463291989507e-05,-5.9349862503619195e-05,-0.003224444301769054,1784970472.0766053,0.03289013454339126,-0.001310936420310732,1784970472.0882864,6989.6669921875,nan,nan,53.9206657409668,nan
3.8832366466522217,1784970472.1301284,BSMC,square,square_bsmc_tune_p04,1784970472.1027849,-1.0994604042895664,-0.9740985142542529,0.021235323487388227,0.00024163229352535445,0.0008379049176713364,1784970472.0133946,-1.0995393033303016,-0.974055608839587,0.021922081468185757,0.11673378944396973,0,0,1784970472.1161335,-1.0994601284708796,-0.9741132640614781,0.018697637166416703,1784970472.11617,-3.7436887630198263e-08,-1.4752338377693399e-05,-0.0025376863209715245,7.789201411140282e-05,-5.93769072407828e-05,-0.003224444301769054,1784970472.1162083,0.03449676416597547,-0.0013461351353357945,1784970472.0882864,6989.6669921875,nan,nan,53.9206657409668,nan
3.9230616092681885,1784970472.1699533,BSMC,square,square_bsmc_tune_p04,1784970472.1528463,-1.0994693540730003,-0.9740925330909359,0.02140627774871077,0.00017600089774000356,0.0009545793597008825,1784970472.1351452,-1.0995382664716198,-0.9740539646785165,0.021892556231361836,0.03480815887451172,0,0,1784970472.1558547,-1.0994601284708796,-0.9741132640614781,0.018697637166416703,1784970472.155891,8.779749460821955e-06,-2.0923691679938005e-05,-0.0027086405822940654,7.682116496440881e-05,-6.099567683713808e-05,-0.0031949190649451335,1784970472.1559331,0.03609469668888727,-0.0014701442131955726,1784970472.1371245,6989.7158203125,nan,nan,48.84452438354492,nan
3.9628686904907227,1784970472.2097604,BSMC,square,square_bsmc_tune_p04,1784970472.2026498,-1.0994662214608557,-0.974092465676176,0.021436326219662193,0.00012890736783384324,0.0008948249590011787,1784970472.1351452,-1.0995382664716198,-0.9740539646785165,0.021892556231361836,0.0746152400970459,0,0,1784970472.1964028,-1.0994601284708796,-0.9741132640614781,0.018697637166416703,1784970472.1964405,8.779749460821955e-06,-2.0923691679938005e-05,-0.0027086405822940654,7.682116496440881e-05,-6.099567683713808e-05,-0.0031949190649451335,1784970472.1964831,0.037712952089794846,-0.0015010980740033644,1784970472.1849036,6989.763671875,nan,nan,47.6967887878418,nan
4.0028462409973145,1784970472.249738,BSMC,square,square_bsmc_tune_p04,1784970472.2026498,-1.0994662214608557,-0.974092465676176,0.021436326219662193,0.00012890736783384324,0.0008948249590011787,1784970472.2133336,-1.0995382664716198,-0.9740539646785165,0.021892556231361836,0.03640437126159668,0,0,1784970472.236099,-1.0994601284708796,-0.9741132640614781,0.018697637166416703,1784970472.236138,5.645783288500101e-06,-2.09242082068458e-05,-0.0027386890532454904,7.682116496440881e-05,-6.099567683713808e-05,-0.0031949190649451335,1784970472.2361841,0.0392975093033487,-0.0015483105259153545,1784970472.2349257,6989.8134765625,nan,nan,49.996360778808594,nan
4.042843580245972,1784970472.2897353,BSMC,square,square_bsmc_tune_p04,1784970472.2537484,-1.0994759599084536,-0.9740874762121905,0.021570565458403686,8.745265995680965e-05,0.0009691797916168697,1784970472.2133336,-1.0995382664716198,-0.9740539646785165,0.021892556231361836,0.0764017105102539,0,0,1784970472.2761626,-1.0994601284708796,-0.9741132640614781,0.018697637166416703,1784970472.2762055,1.527153926235739e-05,-2.612331669408974e-05,-0.0028729282919869835,7.682116496440881e-05,-6.099567683713808e-05,-0.0031949190649451335,1784970472.2762551,0.04090621453121012,-0.0016592228801062185,1784970472.2877204,6989.86669921875,nan,nan,52.82026672363281,nan
4.08373761177063,1784970472.3306293,BSMC,square,square_bsmc_tune_p04,1784970472.302529,-1.0993374129201166,-0.9740845301931951,0.02093866184813024,0.001211872023728161,-0.001345294553329665,1784970472.2133336,-1.0995382664716198,-0.9740539646785165,0.021892556231361836,0.11729574203491211,0,0,1784970472.316866,-1.0993369186864392,-0.974110960061133,0.018697637166416703,1784970472.316902,-5.924029180689729e-08,-2.643442219397923e-05,-0.0022410246817135375,0.00020005186077173695,-6.138939027616698e-05,-0.0031949190649451335,1784970472.316942,0.04252420746461375,-0.0013239248387249365,1784970472.2877204,6989.86669921875,nan,nan,52.82026672363281,nan
4.12309718132019,1784970472.369989,BSMC,square,square_bsmc_tune_p04,1784970472.3525524,-1.0990199540268955,-0.9740732438126,0.019538612678796738,0.003932297670443781,-0.006864177257719657,1784970472.334972,-1.0995385138257474,-0.9740535565207264,0.021885226687582103,0.03501701354980469,0,0,1784970472.3560727,-1.099019359784965,-0.9741050217679859,0.018697637166416703,1784970472.3561478,-2.6729151379721766e-08,-3.178349976846858e-05,-0.000840975512380035,0.0005179034792248737,-6.281381968206578e-05,-0.0031875895211654,1784970472.3562026,0.04408817194744896,-0.0005201096495321314,1784970472.335953,6989.91455078125,nan,nan,47.87099838256836,nan
4.1632936000823975,1784970472.4101853,BSMC,square,square_bsmc_tune_p04,1784970472.4026227,-1.0983614489588462,-0.9740606721934375,0.016855875183696217,0.007952897924484843,-0.014937199779688362,1784970472.334972,-1.0995385138257474,-0.9740535565207264,0.021885226687582103,0.07521343231201172,0,0,1784970472.3962815,-1.099019359784965,-0.9741050217679859,0.018697637166416703,1784970472.3963213,-2.6729151379721766e-08,-3.178349976846858e-05,-0.000840975512380035,0.0005179034792248737,-6.281381968206578e-05,-0.0031875895211654,1784970472.396367,0.045702055348915464,-0.0005300206657620145,1784970472.3899815,6989.96875,nan,nan,54.394622802734375,nan
4.203418493270874,1784970472.4503102,BSMC,square,square_bsmc_tune_p04,1784970472.4026227,-1.0983614489588462,-0.9740606721934375,0.016855875183696217,0.007952897924484843,-0.014937199779688362,1784970472.4344609,-1.0995385138257474,-0.9740535565207264,0.021885226687582103,0.01584935188293457,0,0,1784970472.4357648,-1.0983608498997453,-0.9740927077540482,0.018697637166416703,1784970472.4358013,5.9012159307014973e-08,-3.204110692554223e-05,0.0018417619827204854,0.0011765251432292497,-6.491324230716127e-05,-0.0031875895211654,1784970472.4358366,0.04728416477361029,0.0011145460635107155,1784970472.438762,6990.017578125,nan,nan,48.57475662231445,nan
4.243173837661743,1784970472.4900656,BSMC,square,square_bsmc_tune_p04,1784970472.4527605,-1.097531964758812,-0.9740420508140973,0.015695240620407357,0.014209105975350567,-0.019703453591907377,1784970472.4344609,-1.0995385138257474,-0.9740535565207264,0.021885226687582103,0.05560469627380371,0,0,1784970472.4765077,-1.0975313075603004,-0.9740771954646217,0.018697637166416703,1784970472.4765546,1.0553646622777322e-07,-3.515063630172579e-05,0.0030023965460093463,0.0020062082933690966,-6.755794057976523e-05,-0.0031875895211654,1784970472.476605,0.04890123011517977,0.0018617805619851682,1784970472.438762,6990.017578125,nan,nan,48.57475662231445,nan
4.282926797866821,1784970472.5298185,BSMC,square,square_bsmc_tune_p04,1784970472.502816,-1.0958253980172983,-0.9740148094084725,0.013475153520776642,0.023189067178659775,-0.02401558622873687,1784970472.4344609,-1.0995385138257474,-0.9740535565207264,0.021885226687582103,0.09535765647888184,0,0,1784970472.5160716,-1.0958248281365743,-0.974045284612743,0.018697637166416703,1784970472.5161073,1.591833569547275e-07,-3.0480116470001876e-05,0.0052224836456400605,0.0037129773835077773,-7.299843827311651e-05,-0.0031875895211654,1784970472.516146,0.0504908131417946,0.0033169415005448325,1784970472.4939075,6990.07275390625,nan,nan,55.409645080566406,nan
4.323723316192627,1784970472.570615,BSMC,square,square_bsmc_tune_p04,1784970472.55251,-1.0948647184628064,-0.9739991129601824,0.012366200414605101,0.028391286147352722,-0.029139415722233636,1784970472.536222,-1.0995387621259176,-0.9740531049903539,0.021877118276679677,0.0343930721282959,0,0,1784970472.5563734,-1.0948641909799919,-0.9740273208743077,0.018697637166416703,1784970472.5564163,1.786266540778411e-07,-2.821228012651818e-05,0.006331436751811601,0.00467401658341855,-7.648004242995727e-05,-0.0031794811102629737,1784970472.5564594,0.05210946046661247,0.004098678229576837,1784970472.5405269,6990.11962890625,nan,nan,46.62155532836914,nan
4.362942457199097,1784970472.6098342,BSMC,square,square_bsmc_tune_p04,1784970472.6027002,-1.0931777006371701,-0.9739858410320458,0.007973821818010901,0.03079103149738739,-0.03945759561168288,1784970472.536222,-1.0995387621259176,-0.9740531049903539,0.021877118276679677,0.07361221313476562,0,0,1784970472.5956678,-1.0948641909799919,-0.9740273208743077,0.018697637166416703,1784970472.5957062,1.786266540778411e-07,-2.821228012651818e-05,0.006331436751811601,0.00467401658341855,-7.648004242995727e-05,-0.0031794811102629737,1784970472.5957453,0.053679854023401065,0.004167924649805464,1784970472.594978,6990.173828125,nan,nan,54.31131362915039,nan
4.402830123901367,1784970472.6497219,BSMC,square,square_bsmc_tune_p04,1784970472.6027002,-1.0931777006371701,-0.9739858410320458,0.007973821818010901,0.03079103149738739,-0.03945759561168288,1784970472.614512,-1.0995173196943246,-0.9740321488173552,0.02205952228224794,0.03520989418029785,0,0,1784970472.6362739,-1.0931775147739557,-0.9739957803389634,0.018697637166416703,1784970472.6363108,1.0660388314095968e-07,-9.940472964056696e-06,0.010723815348405802,0.006339064643180987,-0.00010348209568285341,-0.0033618851158312354,1784970472.636354,0.05529662532994898,0.007207797145424405,1784970472.642218,6990.220703125,nan,nan,47.2082405090332,nan
4.443166017532349,1784970472.6900578,BSMC,square,square_bsmc_tune_p04,1784970472.6527734,-1.0924425210240605,-0.9739718560400729,0.007934119448441138,0.033242007132487525,-0.04062768281263008,1784970472.614512,-1.0995173196943246,-0.9740321488173552,0.02205952228224794,0.0755457878112793,0,0,1784970472.676459,-1.0924423307255253,-0.9739820325322527,0.018697637166416703,1784970472.6765015,1.0955188810597885e-07,-1.0177681710602811e-05,0.010763517717975565,0.0070743730657595065,-0.00010595412743742472,-0.0033618851158312354,1784970472.6765468,0.0568986366995974,0.00735491452535656,1784970472.642218,6990.220703125,nan,nan,47.2082405090332,nan
4.48278546333313,1784970472.7296772,BSMC,square,square_bsmc_tune_p04,1784970472.7029254,-1.0904078470931735,-0.97395825570912,0.005030265270022686,0.03668973371101131,-0.04367889477469672,1784970472.614512,-1.0995173196943246,-0.9740321488173552,0.02205952228224794,0.11516523361206055,0,0,1784970472.7162526,-1.090408113802293,-0.9739439930493126,0.018697637166416703,1784970472.7162879,-1.9496108539669614e-07,1.4263820971665338e-05,0.013667371896394016,0.009108934125942877,-0.00011279411375211735,-0.0033618851158312354,1784970472.716326,0.05849687644898865,0.009512569398000423,1784970472.7001777,6990.27880859375,nan,nan,58.10819625854492,nan
4.523090600967407,1784970472.7699823,BSMC,square,square_bsmc_tune_p04,1784970472.7527375,-1.0899448442352975,-0.9739408381487951,0.006451789554496364,0.04008100306672407,-0.04107646528123161,1784970472.736736,-1.0995173196943246,-0.9740321488173552,0.02205952228224794,0.03324627876281738,0,0,1784970472.756138,-1.0899449472007852,-0.9739353319189114,0.018697637166416703,1784970472.7561784,-6.743855470907057e-08,5.506779591128861e-06,0.012245847611920338,0.00957217908327411,-0.00011435149594650361,-0.0033618851158312354,1784970472.7562218,0.06009360576008538,0.008654577117737445,1784970472.7471426,6990.32568359375,nan,nan,46.83539581298828,nan
4.564307451248169,1784970472.8111992,BSMC,square,square_bsmc_tune_p04,1784970472.8030624,-1.0874394701926897,-0.9739336204109124,0.002701514675951271,0.04432085221823719,-0.04689754178786916,1784970472.736736,-1.0995173196943246,-0.9740321488173552,0.02205952228224794,0.0744631290435791,0,0,1784970472.7961886,-1.0899449472007852,-0.9739353319189114,0.018697637166416703,1784970472.7962284,-6.743855470907057e-08,5.506779591128861e-06,0.012245847611920338,0.00957217908327411,-0.00011435149594650361,-0.0033618851158312354,1784970472.7962701,0.06169405642887935,0.008791846612884405,1784970472.7873812,6990.3662109375,nan,nan,40.28487014770508,nan
4.60349440574646,1784970472.8503861,BSMC,square,square_bsmc_tune_p04,1784970472.8030624,-1.0874394701926897,-0.9739336204109124,0.002701514675951271,0.04432085221823719,-0.04689754178786916,1784970472.827002,-1.0995111809898017,-0.9740298354494161,0.022010487030961326,0.02338409423828125,0,0,1784970472.8362262,-1.0874403140157827,-0.9738884957382542,0.018697637166416703,1784970472.836326,-7.219151966172808e-07,4.512678759192915e-05,0.015996122490465437,0.012071053861359786,-0.00012435873337260755,-0.0033128498645446226,1784970472.836384,0.06328101496382373,0.011692494210865293,1784970472.8377583,6990.41650390625,nan,nan,50.45000457763672,nan
4.6427648067474365,1784970472.8896565,BSMC,square,square_bsmc_tune_p04,1784970472.853009,-1.0871490235112606,-0.9739190973731475,0.003319086276968955,0.0460881120396489,-0.04765546582659871,1784970472.827002,-1.0995111809898017,-0.9740298354494161,0.022010487030961326,0.06265449523925781,0,0,1784970472.87686,-1.0871496973799497,-0.9738830612605273,0.018697637166416703,1784970472.8769023,-5.542582300256372e-07,3.6038150751736353e-05,0.015378550889447746,0.01236171970958693,-0.00012532166921118664,-0.0033128498645446226,1784970472.8769503,0.06489484895054518,0.011409404617805942,1784970472.8879993,6990.466796875,nan,nan,50.17302322387695,nan
4.684582233428955,1784970472.931474,BSMC,square,square_bsmc_tune_p04,1784970472.902875,-1.0845634127462926,-0.9739174682654663,-5.2725147444866416e-05,0.048576358389232036,-0.05109719330489326,1784970472.827002,-1.0995111809898017,-0.9740298354494161,0.022010487030961326,0.10447192192077637,0,0,1784970472.9170663,-1.0845649599900347,-0.9738347271459471,0.018697637166416703,1784970472.9171104,-1.5516062775909614e-06,8.274103782556302e-05,0.018750362313861568,0.014946894793355649,-0.00013388599746845027,-0.0033128498645446226,1784970472.917157,0.06650788975173522,0.014155450364088301,1784970472.8879993,6990.466796875,nan,nan,50.17302322387695,nan
4.723011255264282,1784970472.969903,BSMC,square,square_bsmc_tune_p04,1784970472.9525113,-1.0846942087519942,-0.9738863489556416,0.0031170757776742566,0.05006623554958197,-0.04351234021693639,1784970472.9372063,-1.0995111809898017,-0.9740298354494161,0.022010487030961326,0.03269672393798828,0,0,1784970472.9562073,-1.0845649599900347,-0.9738347271459471,0.018697637166416703,1784970472.9562507,0.0001294090428911428,5.1218681379027104e-05,0.015580561388742446,0.014946894793355649,-0.00013388599746845027,-0.0033128498645446226,1784970472.956297,0.06820794523344759,0.011921335123871626,1784970472.9387634,6990.5166015625,nan,nan,49.904354095458984,nan
4.762845039367676,1784970473.0097368,BSMC,square,square_bsmc_tune_p04,1784970473.0029893,-1.0820121370677138,-0.9738824349092088,0.0004417616818541199,0.05142595803500447,-0.04518018381863835,1784970472.9372063,-1.0995111809898017,-0.9740298354494161,0.022010487030961326,0.07253050804138184,0,0,1784970472.9960492,-1.0845649599900347,-0.9738347271459471,0.018697637166416703,1784970472.9960904,0.0001294090428911428,5.1218681379027104e-05,0.015580561388742446,0.014946894793355649,-0.00013388599746845027,-0.0033128498645446226,1784970472.9961376,0.06979839509904852,0.012095461638756397,1784970472.9890697,6990.56689453125,nan,nan,50.42791748046875,nan
4.8029491901397705,1784970473.049841,BSMC,square,square_bsmc_tune_p04,1784970473.0029893,-1.0820121370677138,-0.9738824349092088,0.0004417616818541199,0.05142595803500447,-0.04518018381863835,1784970473.015512,-1.0995131243173528,-0.9740279615771804,0.02198111810160334,0.03432893753051758,0,0,1784970473.0365474,-1.082013921249345,-0.9737870231899196,0.018697637166416703,1784970473.0365932,-1.742032216798332e-06,9.541249816226615e-05,0.018255875484562582,0.017500271365831904,-0.0001437408921523568,-0.0032834809351866383,1784970473.0366397,0.0712881509264212,0.014408850978817798,1784970473.0381546,6990.61669921875,nan,nan,49.53550338745117,nan
4.842503309249878,1784970473.089395,BSMC,square,square_bsmc_tune_p04,1784970473.052986,-1.0822219805117164,-0.9738552151473859,0.0025339154646904383,0.052196286319003034,-0.04157767470842371,1784970473.015512,-1.0995131243173528,-0.9740279615771804,0.02198111810160334,0.073883056640625,0,0,1784970473.0768692,-1.082013921249345,-0.9737870231899196,0.018697637166416703,1784970473.0769095,0.00020823138689655802,6.76645345271273e-05,0.016163721701726266,0.017500271365831904,-0.0001437408921523568,-0.0032834809351866383,1784970473.0769536,0.0730950893539837,0.01292741846136644,1784970473.089199,6990.66796875,nan,nan,51.089500427246094,nan
4.882997751235962,1784970473.1298895,BSMC,square,square_bsmc_tune_p04,1784970473.1034408,-1.0789267982053596,-0.9738449471442887,0.0008182152494656793,0.05780095412119879,-0.04025997667428875,1784970473.015512,-1.0995131243173528,-0.9740279615771804,0.02198111810160334,0.11437749862670898,0,0,1784970473.1167035,-1.078928960131538,-0.9737293349834792,0.018697637166416703,1784970473.1167462,-2.0673298321791673e-06,0.00011561389103044137,0.017879421916951025,0.020585755183171628,-0.000153872055851328,-0.0032834809351866383,1784970473.1167922,0.07450661947064141,0.014536531986860605,1784970473.089199,6990.66796875,nan,nan,51.089500427246094,nan
4.923326253890991,1784970473.170218,BSMC,square,square_bsmc_tune_p04,1784970473.1526718,-1.0795190421192968,-0.9738099318221086,0.0036952823915454313,0.05970454718767467,-0.03493322174822468,1784970473.1350534,-1.0995086817548243,-0.9740140641742955,0.0217133579391944,0.035164594650268555,0,0,1784970473.156236,-1.078928960131538,-0.9737293349834792,0.018697637166416703,1784970473.1562748,0.0005903757863464662,7.841577373417826e-05,0.015002354774871272,0.02058105239515029,-0.0001621576767894189,-0.0030157207727776955,1784970473.1563148,0.07661220311867555,0.012348116322576604,1784970473.138934,6990.7177734375,nan,nan,50.06119918823242,nan
4.962945222854614,1784970473.209837,BSMC,square,square_bsmc_tune_p04,1784970473.202877,-1.076141349120686,-0.9738055929074232,0.001126570293735589,0.063013070168873,-0.037758998838359877,1784970473.1350534,-1.0995086817548243,-0.9740140641742955,0.0217133579391944,0.0747835636138916,0,0,1784970473.1965222,-1.078928960131538,-0.9737293349834792,0.018697637166416703,1784970473.1965637,0.0005903757863464662,7.841577373417826e-05,0.015002354774871272,0.02058105239515029,-0.0001621576767894189,-0.0030157207727776955,1784970473.1966095,0.07821814343994311,0.012517786743388399,1784970473.189255,6990.76806640625,nan,nan,50.09410858154297,nan
5.00363564491272,1784970473.2505274,BSMC,square,square_bsmc_tune_p04,1784970473.202877,-1.076141349120686,-0.9738055929074232,0.001126570293735589,0.063013070168873,-0.037758998838359877,1784970473.215884,-1.0980408272820155,-0.9741137613230293,0.007850325128212331,0.03464341163635254,0,0,1784970473.2372205,-1.0761437490711898,-0.973677252048073,0.018697637166416703,1784970473.2372596,-2.2553640118900593e-06,0.00012834348162000476,0.017571066872681118,0.02189983018658472,0.0002645984068190495,0.01084731203820437,1784970473.2373035,0.0793178441264922,0.014895570712204494,1784970473.2389934,6990.81787109375,nan,nan,49.98194885253906,nan
5.043105840682983,1784970473.2899976,BSMC,square,square_bsmc_tune_p04,1784970473.25266,-1.0763296197123635,-0.9738235455985286,0.001003156068231064,0.06562618280671494,-0.03535242952254449,1784970473.215884,-1.0980408272820155,-0.9741137613230293,0.007850325128212331,0.07411360740661621,0,0,1784970473.2764218,-1.0761437490711898,-0.973677252048073,0.018697637166416703,1784970473.2764747,0.000186017302889112,0.00014610701961605274,0.017694481098185638,0.02189983018658472,0.0002645984068190495,0.01084731203820437,1784970473.2765288,0.08104673200570166,0.015211195574507341,1784970473.2389934,6990.81787109375,nan,nan,49.98194885253906,nan
5.08305025100708,1784970473.329942,BSMC,square,square_bsmc_tune_p04,1784970473.3026168,-1.072521253184363,-0.9738155724179668,-0.0002744244987891369,0.07035584432156183,-0.03365017959386937,1784970473.215884,-1.0980408272820155,-0.9741137613230293,0.007850325128212331,0.11405801773071289,0,0,1784970473.3164008,-1.0725251051286313,-0.973609584070805,0.018697637166416703,1784970473.3164473,-3.908472371392437e-06,0.00020598728233755956,0.01897206166520584,0.025518893835702876,0.00030385705929819926,0.01084731203820437,1784970473.3165002,0.0824798637055822,0.01657085377619175,1784970473.2949076,6990.87353515625,nan,nan,55.832130432128906,nan
5.123697519302368,1784970473.3705893,BSMC,square,square_bsmc_tune_p04,1784970473.3532388,-1.072475632701854,-0.9740375622391847,-0.005281086561750145,0.07302795980826683,-0.03520536996151666,1784970473.3364205,-1.093388288409312,-0.975000376810892,-0.019922408081835995,0.03416872024536133,0,0,1784970473.3562605,-1.0724836503110675,-0.9736088088733285,0.018697637166416703,1784970473.3562994,-1.028177052227329e-05,0.00042870504543972857,0.023978723728166847,0.020872768135078826,0.0018077349702509632,0.0386200452482527,1784970473.356342,0.08407072087660561,0.021377581697357494,1784970473.340208,6990.9189453125,nan,nan,45.378456115722656,nan
5.1638758182525635,1784970473.4107676,BSMC,square,square_bsmc_tune_p04,1784970473.4030938,-1.0685176579580875,-0.9740511033795473,-0.006269297498596204,0.07579036552133744,-0.03255264228265339,1784970473.3364205,-1.093388288409312,-0.975000376810892,-0.019922408081835995,0.07434701919555664,0,0,1784970473.3960776,-1.0724836503110675,-0.9736088088733285,0.018697637166416703,1784970473.3961196,-1.028177052227329e-05,0.00042870504543972857,0.023978723728166847,0.020872768135078826,0.0018077349702509632,0.0386200452482527,1784970473.3961747,0.08565864697592605,0.021649615463299333,1784970473.3889773,6990.9677734375,nan,nan,48.638145446777344,nan
5.203408718109131,1784970473.4503005,BSMC,square,square_bsmc_tune_p04,1784970473.4030938,-1.0685176579580875,-0.9740511033795473,-0.006269297498596204,0.07579036552133744,-0.03255264228265339,1784970473.4349856,-1.0897305856345956,-0.9754970254675065,-0.03847288806577413,0.015314817428588867,0,0,1784970473.4362898,-1.0685273122488268,-0.97353482607803,0.018697637166416703,1784970473.436327,-1.2890775805811647e-05,0.0005162066304211445,0.02496693466501291,0.021112110314079755,0.002776297318703395,0.057170525232190836,1784970473.4363625,0.08725689621306794,0.02289631039782202,1784970473.4399667,6991.01806640625,nan,nan,50.25515365600586,nan
5.243401527404785,1784970473.4902933,BSMC,square,square_bsmc_tune_p04,1784970473.453,-1.0687585964787902,-0.9743854356230163,-0.014603996061599676,0.07396243883309049,-0.03957274066488047,1784970473.4349856,-1.0897305856345956,-0.9754970254675065,-0.03847288806577413,0.055307626724243164,0,0,1784970473.4766984,-1.0685273122488268,-0.97353482607803,0.018697637166416703,1784970473.4767363,0.00021883770974783108,0.00085389639292122,0.03330163322801638,0.021112110314079755,0.002776297318703395,0.057170525232190836,1784970473.4767787,0.08905794955444211,0.031089309577123074,1784970473.4399667,6991.01806640625,nan,nan,50.25515365600586,nan
5.283301830291748,1784970473.5301936,BSMC,square,square_bsmc_tune_p04,1784970473.5030427,-1.065097933485856,-0.9744329442732971,-0.01584150239033182,0.07361934616242277,-0.036993503418774006,1784970473.4349856,-1.0897305856345956,-0.9754970254675065,-0.03847288806577413,0.09520792961120605,0,0,1784970473.516743,-1.06511592103716,-0.9734710336887737,0.018697637166416703,1784970473.5167906,-3.322276582442326e-05,0.0009615049518597926,0.03453913955674852,0.024518523457382185,0.00297125619924386,0.057170525232190836,1784970473.5168407,0.09042545388243572,0.03271752828964686,1784970473.4905002,6991.068359375,nan,nan,50.3213005065918,nan
5.32279896736145,1784970473.5696907,BSMC,square,square_bsmc_tune_p04,1784970473.5535324,-1.0649782968528185,-0.974907186369615,-0.025706078426895256,0.07332768371919964,-0.04557294587862753,1784970473.5369816,-1.0845981990974545,-0.976477305790307,-0.05385139578835767,0.03270912170410156,0,0,1784970473.5560367,-1.0650051913645417,-0.973468963064228,0.018697637166416703,1784970473.556072,-6.385263568726063e-05,0.0014370568645098762,0.04440371559331196,0.01940267983758563,0.0040585826466487404,0.07254903295477437,1784970473.5561106,0.0919485889148178,0.04277242427767662,1784970473.5437405,6991.1220703125,nan,nan,53.59737777709961,nan
5.363577842712402,1784970473.6104696,BSMC,square,square_bsmc_tune_p04,1784970473.6028602,-1.0608456551494778,-0.9750012250245564,-0.027014942896998254,0.07788957014290426,-0.04229265839385404,1784970473.5369816,-1.0845981990974545,-0.976477305790307,-0.05385139578835767,0.07348799705505371,0,0,1784970473.5965867,-1.0650051913645417,-0.973468963064228,0.018697637166416703,1784970473.596623,-6.385263568726063e-05,0.0014370568645098762,0.04440371559331196,0.01940267983758563,0.0040585826466487404,0.07254903295477437,1784970473.596663,0.09356668426083889,0.043294321923003636,1784970473.5909307,6991.1689453125,nan,nan,47.127010345458984,nan
5.403188943862915,1784970473.6500807,BSMC,square,square_bsmc_tune_p04,1784970473.6028602,-1.0608456551494778,-0.9750012250245564,-0.027014942896998254,0.07788957014290426,-0.04229265839385404,1784970473.6157722,-1.0800325936063808,-0.9776325620225409,-0.062263767447829396,0.034308433532714844,0,0,1784970473.6362598,-1.0608757521620173,-0.9733917433093912,0.018697637166416703,1784970473.6362982,-7.35607988460982e-05,0.0016080814750777752,0.045712580063414956,0.018855841267524875,0.0054246075965168885,0.0809614046142461,1784970473.636338,0.09513298516318637,0.04522952460712862,1784970473.6426017,6991.220703125,nan,nan,51.7661018371582,nan
5.442740201950073,1784970473.689632,BSMC,square,square_bsmc_tune_p04,1784970473.6533446,-1.059629308231934,-0.9756026635037562,-0.03637952717467757,0.08239756870694045,-0.04932056782332225,1784970473.6157722,-1.0800325936063808,-0.9776325620225409,-0.062263767447829396,0.07385969161987305,0,0,1784970473.677261,-1.0596710732894798,-0.9733692160356786,0.018697637166416703,1784970473.6773076,-0.0001229712648593058,0.002230450622791973,0.05507716434109427,0.02005678403202576,0.005522050607513689,0.0809614046142461,1784970473.6773655,0.09665548184992888,0.05544689835987479,1784970473.6426017,6991.220703125,nan,nan,51.7661018371582,nan
5.482928276062012,1784970473.72982,BSMC,square,square_bsmc_tune_p04,1784970473.7034402,-1.0548084949044876,-0.975766243727217,-0.03808210745305981,0.08837920266783852,-0.046671786637435174,1784970473.6157722,-1.0800325936063808,-0.9776325620225409,-0.062263767447829396,0.11404776573181152,0,0,1784970473.7163343,-1.054855002980728,-0.973279156405235,0.018697637166416703,1784970473.7163768,-0.00014116499151998,0.0024835133970825124,0.05677974461947652,0.024857918112214456,0.005911608690381372,0.0809614046142461,1784970473.7164216,0.09821702321110311,0.05801796292350412,1784970473.6901796,6991.26904296875,nan,nan,48.10090255737305,nan
5.522806167602539,1784970473.769698,BSMC,square,square_bsmc_tune_p04,1784970473.7529278,-1.0535007166978143,-0.9765343716956221,-0.048055366118224585,0.09229586875007895,-0.05315444621868547,1784970473.7345653,-1.0733525755296216,-0.9790575353931569,-0.0774438458267387,0.035132646560668945,0,0,1784970473.7564023,-1.053562040753102,-0.973254978248993,0.018697637166416703,1784970473.756439,-0.00021878506507405532,0.00327266177794945,0.06675300328464129,0.019282293791815768,0.007316288832326571,0.09614148299315539,1784970473.7564802,0.0995847536897809,0.06931786995079793,1784970473.745133,6991.32373046875,nan,nan,54.97800064086914,nan
5.562711238861084,1784970473.809603,BSMC,square,square_bsmc_tune_p04,1784970473.8029103,-1.0483428347164698,-0.9767598545742737,-0.04902223133597229,0.09712215987821742,-0.047279839866133655,1784970473.7345653,-1.0733525755296216,-0.9790575353931569,-0.0774438458267387,0.07503771781921387,0,0,1784970473.7964895,-1.053562040753102,-0.973254978248993,0.018697637166416703,1784970473.7965283,-0.00021878506507405532,0.00327266177794945,0.06675300328464129,0.019282293791815768,0.007316288832326571,0.09614148299315539,1784970473.796572,0.0995847536897809,0.06931786995079793,1784970473.7904022,6991.369140625,nan,nan,45.1722412109375,nan
5.602677822113037,1784970473.8495696,BSMC,square,square_bsmc_tune_p04,1784970473.8029103,-1.0483428347164698,-0.9767598545742737,-0.04902223133597229,0.09712215987821742,-0.047279839866133655,1784970473.8247485,-1.06858051676519,-0.9799951266445032,-0.07867696447199359,0.024821043014526367,0,0,1784970473.8363101,-1.0484101767801177,-0.9731586393386868,0.018697637166416703,1784970473.8363454,-0.00024373006781085784,0.003593588983259535,0.06771986850238898,0.01957062499793745,0.008400643486430158,0.0973746016384103,1784970473.8363922,0.09955630612750774,0.07061782877909104,1784970473.7904022,6991.369140625,nan,nan,45.1722412109375,nan
5.643060207366943,1784970473.889952,BSMC,square,square_bsmc_tune_p04,1784970473.852656,-1.0472097717201965,-0.9775376121858746,-0.05758575925027278,0.0961909520684185,-0.05376464446020765,1784970473.8247485,-1.06858051676519,-0.9799951266445032,-0.07867696447199359,0.06520342826843262,0,0,1784970473.876695,-1.047292048698899,-0.9731377305488795,0.018697637166416703,1784970473.87674,-0.00033537110964122497,0.0043878530216507105,0.07628339641668949,0.020683650877829755,0.008509367790019408,0.0973746016384103,1784970473.8767877,0.09941405666180356,0.07990581446640373,1784970473.8498323,6991.42822265625,nan,nan,59.359893798828125,nan
5.682806968688965,1784970473.9296987,BSMC,square,square_bsmc_tune_p04,1784970473.902808,-1.0422222667854248,-0.977809809156891,-0.059003962506193074,0.09769519163678311,-0.04933234388301414,1784970473.8247485,-1.06858051676519,-0.9799951266445032,-0.07867696447199359,0.1049501895904541,0,0,1784970473.9166448,-1.042311375454927,-0.9730445928737718,0.018697637166416703,1784970473.9166875,-0.00036995712590066627,0.004751669002032888,0.07770159967260978,0.025641596495102757,0.008993677449129777,0.0973746016384103,1784970473.9167385,0.09937271265186101,0.08169581684230295,1784970473.891199,6991.47021484375,nan,nan,41.64091110229492,nan
5.722973823547363,1784970473.9698656,BSMC,square,square_bsmc_tune_p04,1784970473.9531174,-1.0408753737564644,-0.978667038334058,-0.06657701639327822,0.09783426481916709,-0.051619765108069385,1784970473.9372532,-1.0606826994964589,-0.9813384997642791,-0.08882604400647441,0.03261232376098633,0,0,1784970473.9563859,-1.040980977671839,-0.9730197146795165,0.018697637166416703,1784970473.9564338,-0.0004810742216424253,0.005627786797610325,0.08527465355969492,0.018886095512351188,0.01003371438897469,0.10752368117289111,1784970473.9564862,0.09921328663202217,0.09009429435192842,1784970473.9501023,6991.52880859375,nan,nan,58.95684814453125,nan
5.762737512588501,1784970474.0096292,BSMC,square,square_bsmc_tune_p04,1784970474.00276,-1.0360351152576417,-0.9789897652734015,-0.06913652627847613,0.09783426481916709,-0.051619765108069385,1784970473.9372532,-1.0606826994964589,-0.9813384997642791,-0.08882604400647441,0.07237601280212402,0,0,1784970473.9962337,-1.040980977671839,-0.9730197146795165,0.018697637166416703,1784970473.99628,-0.0004810742216424253,0.005627786797610325,0.08527465355969492,0.018886095512351188,0.01003371438897469,0.10752368117289111,1784970473.9963315,0.09921328663202217,0.09009429435192842,1784970473.9501023,6991.52880859375,nan,nan,58.95684814453125,nan
5.802912712097168,1784970474.0498044,BSMC,square,square_bsmc_tune_p04,1784970474.00276,-1.0360351152576417,-0.9789897652734015,-0.06913652627847613,0.09783426481916709,-0.051619765108069385,1784970474.0181384,-1.0547345683485958,-0.9825484294726837,-0.09416759763423191,0.03166604042053223,0,0,1784970474.0366666,-1.0361484439630484,-0.9729293471865151,0.018697637166416703,1784970474.0367036,-0.0005317205092083151,0.006038110969783198,0.08783416344489284,0.017599310942479837,0.011324090164469367,0.11286523480064861,1784970474.0368135,0.09914659186956243,0.09305602708001161,1784970474.0423377,6991.62109375,nan,nan,18.710838317871094,nan
5.8428661823272705,1784970474.089758,BSMC,square,square_bsmc_tune_p04,1784970474.0528362,-1.034335556457883,-0.9798677196877472,-0.07406627268153561,0.09798283520365646,-0.04628481243015497,1784970474.0181384,-1.0547345683485958,-0.9825484294726837,-0.09416759763423191,0.07161951065063477,0,0,1784970474.0766556,-1.03446589110998,-0.9728978837571143,0.018697637166416703,1784970474.0766914,-0.0006457352278035482,0.006941082483089554,0.0927639098479523,0.019271450798576364,0.011513622094264198,0.11286523480064861,1784970474.0767312,0.09900180429788924,0.0988816548247149,1784970474.0423377,6991.62109375,nan,nan,18.710838317871094,nan
5.882802724838257,1784970474.1296945,BSMC,square,square_bsmc_tune_p04,1784970474.1029418,-1.0293964807877418,-0.9802091293160654,-0.0743748827356593,0.09836248935813867,-0.03930816740205459,1784970474.0181384,-1.0547345683485958,-0.9825484294726837,-0.09416759763423191,0.1115560531616211,0,0,1784970474.1168149,-1.0295349240132197,-0.9728056755778323,0.018697637166416703,1784970474.1168597,-0.0006881839908791701,0.007372699409004592,0.093072519902076,0.02417190108550611,0.012069073120898985,0.11286523480064861,1784970474.116907,0.09896158596138661,0.09965353692957818,1784970474.092119,6991.6708984375,nan,nan,49.84225082397461,nan
5.923873662948608,1784970474.1707654,BSMC,square,square_bsmc_tune_p04,1784970474.1528106,-1.0277394370955946,-0.9811957221314342,-0.079787483064448,0.09795992918355624,-0.03902787888728905,1784970474.1446297,-1.044638281736162,-0.9845194366154475,-0.09777007241793416,0.026135683059692383,0,0,1784970474.1566646,-1.027896902214155,-0.9727750448709644,0.018697637166416703,1784970474.1567016,-0.0008281161876231803,0.008381337862677586,0.0984851202308647,0.015515006371065116,0.013322503633084888,0.11646770958435085,1784970474.1567388,0.0987866836694493,0.10606653772505277,1784970474.143334,6991.7216796875,nan,nan,50.830780029296875,nan
5.962842226028442,1784970474.209734,BSMC,square,square_bsmc_tune_p04,1784970474.2025263,-1.0229093094276018,-0.9815706251783158,-0.08070938583661635,0.09772552876965801,-0.03544724549751609,1784970474.1446297,-1.044638281736162,-0.9845194366154475,-0.09777007241793416,0.06510424613952637,0,0,1784970474.1964676,-1.027896902214155,-0.9727750448709644,0.018697637166416703,1784970474.19651,-0.0008281161876231803,0.008381337862677586,0.0984851202308647,0.015515006371065116,0.013322503633084888,0.11646770958435085,1784970474.196556,0.0987866836694493,0.10606653772505277,1784970474.19167,6991.77001953125,nan,nan,48.40422821044922,nan
6.002971172332764,1784970474.249863,BSMC,square,square_bsmc_tune_p04,1784970474.2025263,-1.0229093094276018,-0.9815706251783158,-0.08070938583661635,0.09772552876965801,-0.03544724549751609,1784970474.2153478,-1.0377022510343472,-0.9858941487739815,-0.09691438910250648,0.0345151424407959,0,0,1784970474.2362487,-1.0230754711374217,-0.9726848849951438,0.018697637166416703,1784970474.236286,-0.0008820051007109332,0.008843418757413214,0.09940702300303307,0.01327997867267643,0.014562606435157026,0.11561202626892318,1784970474.2363286,0.09873015443753681,0.10747380183516989,1784970474.2418861,6991.82080078125,nan,nan,50.329681396484375,nan
6.042978048324585,1784970474.2898698,BSMC,square,square_bsmc_tune_p04,1784970474.2533467,-1.020561871194139,-0.9825702868095891,-0.08442455605028047,0.09719672776151965,-0.03313059628792769,1784970474.2153478,-1.0377022510343472,-0.9858941487739815,-0.09691438910250648,0.07452201843261719,0,0,1784970474.2761102,-1.0207475404310071,-0.9726413531183901,0.018697637166416703,1784970474.2761478,-0.0010222583572844185,0.009877914008570297,0.10312219321669717,0.015592773242285534,0.014831191015779573,0.11561202626892318,1784970474.2761886,0.09856917433327031,0.11224574031233836,1784970474.2418861,6991.82080078125,nan,nan,50.329681396484375,nan
6.0833494663238525,1784970474.3302412,BSMC,square,square_bsmc_tune_p04,1784970474.303318,-1.0155814168085164,-0.9829603461438053,-0.08359194963024191,0.09834315780312948,-0.024477397532241173,1784970474.2153478,-1.0377022510343472,-0.9858941487739815,-0.09691438910250648,0.11489343643188477,0,0,1784970474.3163102,-1.0157761185057037,-0.9725483884412427,0.018697637166416703,1784970474.3163552,-0.0010633644225006098,0.010359344962679887,0.10228958679665862,0.020531871128831383,0.015404767913591048,0.11561202626892318,1784970474.3164017,0.0985415373279,0.11195079601178765,1784970474.291867,6991.87060546875,nan,nan,50.15325927734375,nan
6.123004198074341,1784970474.369896,BSMC,square,square_bsmc_tune_p04,1784970474.3528852,-1.0133976943440188,-0.9840162760563389,-0.08530529283945117,0.0984383934281415,-0.020304003457555828,1784970474.336024,-1.0288937731077734,-0.9879762641432481,-0.09377532841922517,0.03387188911437988,0,0,1784970474.356181,-1.0136128981783405,-0.9725079366183329,0.018697637166416703,1784970474.356221,-0.0011949533253071143,0.01144815600264988,0.10400293000586787,0.013765313125024773,0.016831234345615908,0.11247296558564188,1784970474.3562658,0.09840809792150491,0.11481542611775322,1784970474.342711,6991.92138671875,nan,nan,50.74475860595703,nan
6.163242340087891,1784970474.410134,BSMC,square,square_bsmc_tune_p04,1784970474.402922,-1.0084668790220503,-0.9844212799457615,-0.08494807158135541,0.0986177389820918,-0.015487386231416609,1784970474.336024,-1.0288937731077734,-0.9879762641432481,-0.09377532841922517,0.07411003112792969,0,0,1784970474.3961036,-1.0136128981783405,-0.9725079366183329,0.018697637166416703,1784970474.396144,-0.0011949533253071143,0.01144815600264988,0.10400293000586787,0.013765313125024773,0.016831234345615908,0.11247296558564188,1784970474.3961897,0.09840809792150491,0.11481542611775322,1784970474.3934898,6991.97216796875,nan,nan,50.63197326660156,nan
6.202944040298462,1784970474.4498358,BSMC,square,square_bsmc_tune_p04,1784970474.402922,-1.0084668790220503,-0.9844212799457615,-0.08494807158135541,0.0986177389820918,-0.015487386231416609,1784970474.4389715,-1.0217178201966526,-0.9894317131295174,-0.09165450042546844,0.0108642578125,0,0,1784970474.4367518,-1.0086913773275656,-0.9724159050821164,0.018697637166416703,1784970474.436795,-0.0012422961193224835,0.011943036693309457,0.10364570874777211,0.011414373780346848,0.01813664821652868,0.11035213759188514,1784970474.436845,0.09837013842853368,0.1150019535791173,1784970474.4424167,6992.02099609375,nan,nan,49.11014175415039,nan
6.2427167892456055,1784970474.4896085,BSMC,square,square_bsmc_tune_p04,1784970474.4529898,-1.0065385348362292,-0.9854456279286568,-0.08614748585649447,0.09600162202657997,-0.012898454444734241,1784970474.4389715,-1.0217178201966526,-0.9894317131295174,-0.09165450042546844,0.050637006759643555,0,0,1784970474.4768815,-1.0067828556387761,-0.97238021607698,0.018697637166416703,1784970474.47693,-0.0013675754686691792,0.012995938475000059,0.10484512302291117,0.013311618285768888,0.018346867217367134,0.11035213759188514,1784970474.4769819,0.09824741189142434,0.11732282599313981,1784970474.4424167,6992.02099609375,nan,nan,49.11014175415039,nan
6.28290057182312,1784970474.5297923,BSMC,square,square_bsmc_tune_p04,1784970474.5035768,-1.0017690936153787,-0.985839046412525,-0.08523298878293925,0.0953654740304217,-0.007389097670514353,1784970474.4389715,-1.0217178201966526,-0.9894317131295174,-0.09165450042546844,0.0908207893371582,0,0,1784970474.5162213,-1.0020224359098175,-0.9722911971021599,0.018697637166416703,1784970474.5162585,-0.0014057487113797546,0.013477101832922516,0.10393062594935595,0.018043909371230796,0.018871215819152076,0.11035213759188514,1784970474.516298,0.09822334835023304,0.11694728374230112,1784970474.492921,6992.07177734375,nan,nan,50.5308723449707,nan
6.323609828948975,1784970474.5705016,BSMC,square,square_bsmc_tune_p04,1784970474.5529587,-0.9988910058207284,-0.9869976149668501,-0.08711892066288511,0.09293513671684371,-0.0075294166287906495,1784970474.5376363,-1.0082853113636774,-0.9917354864803704,-0.09404480612873492,0.032865285873413086,0,0,1784970474.5557985,-0.9991670116281037,-0.9722378011924068,0.018697637166416703,1784970474.5558326,-0.0015591921817479514,0.014679822941790842,0.10581655782930181,0.007247052095854515,0.020267791137077686,0.11274244329515162,1784970474.5558708,0.09806857588971138,0.12010483185678256,1784970474.5432181,6992.1220703125,nan,nan,50.22554397583008,nan
6.362876653671265,1784970474.6097684,BSMC,square,square_bsmc_tune_p04,1784970474.6029594,-0.9942617877156467,-0.9874019308492142,-0.08749539831590532,0.09293513671684371,-0.0075294166287906495,1784970474.5376363,-1.0082853113636774,-0.9917354864803704,-0.09404480612873492,0.07213211059570312,0,0,1784970474.59666,-0.9991670116281037,-0.9722378011924068,0.018697637166416703,1784970474.5967035,-0.0015591921817479514,0.014679822941790842,0.10581655782930181,0.007247052095854515,0.020267791137077686,0.11274244329515162,1784970474.5967977,0.09806857588971138,0.12010483185678256,1784970474.5432181,6992.1220703125,nan,nan,50.22554397583008,nan
6.402830600738525,1784970474.6497223,BSMC,square,square_bsmc_tune_p04,1784970474.6029594,-0.9942617877156467,-0.9874019308492142,-0.08749539831590532,0.09293513671684371,-0.0075294166287906495,1784970474.61647,-0.9994122274928798,-0.9933278716721406,-0.09071136139511805,0.03325223922729492,0,0,1784970474.6369305,-0.9945469697065135,-0.9721514072568082,0.018697637166416703,1784970474.636965,-0.0016167398694678695,0.01516726576561914,0.10619303548232202,0.0029269419306825993,0.021530127482113387,0.10940899856153476,1784970474.637003,0.09801395055083409,0.1210036756093612,1784970474.6440895,6992.22314453125,nan,nan,12.37310791015625,nan
6.44301962852478,1784970474.6899114,BSMC,square,square_bsmc_tune_p04,1784970474.653034,-0.990313735963102,-0.9885639548831937,-0.08466387803219991,0.09579003557388173,0.006844867400978091,1784970474.61647,-0.9994122274928798,-0.9933278716721406,-0.09071136139511805,0.0734412670135498,0,0,1784970474.6767716,-0.9906220200787138,-0.9720780114194701,0.018697637166416703,1784970474.6768117,-0.0017012769274620133,0.016400823997626265,0.10336151519861661,0.006829105594936134,0.02195877100193217,0.10940899856153476,1784970474.676854,0.09796917157399963,0.11956276794416544,1784970474.6440895,6992.22314453125,nan,nan,12.37310791015625,nan
6.483332872390747,1784970474.7302246,BSMC,square,square_bsmc_tune_p04,1784970474.7031472,-0.9853016264878314,-0.9889634281177854,-0.08211315478246883,0.09778707948782789,0.01454242663989978,1784970474.61647,-0.9994122274928798,-0.9933278716721406,-0.09071136139511805,0.1137545108795166,0,0,1784970474.7163162,-0.9856191301058164,-0.971984458295611,0.018697637166416703,1784970474.7163575,-0.0017090643842968174,0.016895719093902768,0.10081079194888554,0.011802951712661453,0.02250513632393781,0.10940899856153476,1784970474.716401,0.0979883127524951,0.11759509457886455,1784970474.6930263,6992.27197265625,nan,nan,48.88857650756836,nan
6.52285099029541,1784970474.7697427,BSMC,square,square_bsmc_tune_p04,1784970474.7527955,-0.9811947477019534,-0.9902218768280859,-0.08124513045922394,0.09899687410402432,0.019918034582000387,1784970474.7382483,-0.9871159316475724,-0.9954773388772864,-0.08865161840553025,0.0314943790435791,0,0,1784970474.7559075,-0.9815372114578437,-0.9719081271664185,0.018697637166416703,1784970474.7559466,-0.001827600751098498,0.01822554755251284,0.09994276762564062,0.003470099686681424,0.02397057086911976,0.10734925557194695,1784970474.755989,0.09789269907422408,0.11818634282993193,1784970474.7433243,6992.322265625,nan,nan,50.28757858276367,nan
6.562967777252197,1784970474.8098595,BSMC,square,square_bsmc_tune_p04,1784970474.802509,-0.9762972380283207,-0.9906037963474048,-0.07883030503323309,0.09889092127304965,0.024981129813836916,1784970474.7382483,-0.9871159316475724,-0.9954773388772864,-0.08865161840553025,0.07161116600036621,0,0,1784970474.7964842,-0.9815372114578437,-0.9719081271664185,0.018697637166416703,1784970474.79653,-0.001827600751098498,0.01822554755251284,0.09994276762564062,0.003470099686681424,0.02397057086911976,0.10734925557194695,1784970474.7965808,0.09789269907422408,0.11818634282993193,1784970474.7979577,6992.376953125,nan,nan,54.71118927001953,nan
6.603106737136841,1784970474.8499985,BSMC,square,square_bsmc_tune_p04,1784970474.802509,-0.9762972380283207,-0.9906037963474048,-0.07883030503323309,0.09889092127304965,0.024981129813836916,1784970474.82494,-0.9787363198909829,-0.9969699503552751,-0.08456363197340365,0.025058507919311523,0,0,1784970474.8365464,-0.9766485530904662,-0.9718167101526072,0.018697637166416703,1784970474.836584,-0.001829682397893044,0.018701077302831683,0.09752794219964979,-4.4208733129147675e-05,0.02523969707612131,0.10326126913982035,1784970474.8366287,0.09791467136331733,0.11633053753839467,1784970474.8472264,6992.42578125,nan,nan,48.679264068603516,nan
6.642725467681885,1784970474.8896172,BSMC,square,square_bsmc_tune_p04,1784970474.8532116,-0.972063374113804,-0.9918265246894159,-0.07767723824310459,0.09873696534164994,0.02889300819512422,1784970474.82494,-0.9787363198909829,-0.9969699503552751,-0.08456363197340365,0.06467723846435547,0,0,1784970474.877011,-0.9724390259720566,-0.9717379927684491,0.018697637166416703,1784970474.8770585,-0.0019333720860445487,0.019998807500328997,0.0963748754095213,0.004143627474522165,0.025673681966502594,0.10326126913982035,1784970474.877109,0.09783458607712635,0.11660669783795741,1784970474.8472264,6992.42578125,nan,nan,48.679264068603516,nan
6.682996988296509,1784970474.9298887,BSMC,square,square_bsmc_tune_p04,1784970474.9029417,-0.9671770669807921,-0.9921852815805596,-0.07449777922575726,0.0985808247859904,0.03500892680818546,1784970474.82494,-0.9787363198909829,-0.9969699503552751,-0.08456363197340365,0.10494875907897949,0,0,1784970474.9167352,-0.9675611332438436,-0.9716467770701134,0.018697637166416703,1784970474.916781,-0.0019116590579849194,0.020452951720132225,0.09319541639217396,0.008996385328227816,0.026176572595639342,0.10326126913982035,1784970474.916831,0.0978837849725118,0.11397572172132239,1784970474.8952808,6992.4736328125,nan,nan,48.26112747192383,nan
6.722881317138672,1784970474.969773,BSMC,square,square_bsmc_tune_p04,1784970474.9526415,-0.9628793879716239,-0.9934265656423658,-0.07270264461701674,0.0979085629834035,0.03881948185207371,1784970474.9399166,-0.9667430761975366,-0.998946527822048,-0.07801709433675441,0.029856443405151367,0,0,1784970474.9563577,-0.9632881602053035,-0.9715668732588988,0.018697637166416703,1784970474.9563959,-0.001995550158107626,0.021772253567449277,0.09140028178343344,0.001310492046109341,0.027565640553193167,0.09671473150317111,1784970474.9564378,0.09782650599401546,0.11364396552073044,1784970474.9483545,6992.52734375,nan,nan,53.397586822509766,nan
6.763002634048462,1784970475.0098944,BSMC,square,square_bsmc_tune_p04,1784970475.0028055,-0.9580697818703999,-0.9937585653711124,-0.069303959827459,0.09707935741182207,0.04395359981337982,1784970474.9399166,-0.9667430761975366,-0.998946527822048,-0.07801709433675441,0.0699777603149414,0,0,1784970474.9963827,-0.9632881602053035,-0.9715668732588988,0.018697637166416703,1784970474.9964194,-0.001995550158107626,0.021772253567449277,0.09140028178343344,0.001310492046109341,0.027565640553193167,0.09671473150317111,1784970474.996463,0.09782650599401546,0.11364396552073044,1784970474.9943044,6992.57275390625,nan,nan,45.638465881347656,nan
6.80305027961731,1784970475.049942,BSMC,square,square_bsmc_tune_p04,1784970475.0028055,-0.9580697818703999,-0.9937585653711124,-0.069303959827459,0.09707935741182207,0.04395359981337982,1784970475.015353,-0.9582157877803561,-1.0002403476072919,-0.069309908690379,0.03458905220031738,0,0,1784970475.0363076,-0.9584864415180776,-0.9714770820011425,0.018697637166416703,1784970475.0363595,-0.0019586186189537213,0.022199142315272844,0.0880015969938757,-0.002261987455136714,0.028675461888667864,0.0880075458567957,1784970475.0364141,0.09788945138835405,0.11076687865107253,1784970474.9943044,6992.57275390625,nan,nan,45.638465881347656,nan
6.8428874015808105,1784970475.0897791,BSMC,square,square_bsmc_tune_p04,1784970475.0529668,-0.9536675656172474,-0.994903849626452,-0.06657388519421033,0.09459339004459386,0.046922290485980546,1784970475.015353,-0.9582157877803561,-1.0002403476072919,-0.069309908690379,0.07442617416381836,0,0,1784970475.0771172,-0.9541071732264569,-0.9713951904882133,0.018697637166416703,1784970475.077165,-0.00200254072999835,0.0234273374490714,0.08527152236062703,0.0021010949932461455,0.02906044050950012,0.0880075458567957,1784970475.0772278,0.09787442277302305,0.10941644227001379,1784970475.050417,6992.62890625,nan,nan,56.162506103515625,nan
6.883284568786621,1784970475.1301763,BSMC,square,square_bsmc_tune_p04,1784970475.1029088,-0.9490595546850383,-0.9951915381315388,-0.06272089847085205,0.09367066621626775,0.05221860875656944,1784970475.015353,-0.9582157877803561,-1.0002403476072919,-0.069309908690379,0.1148233413696289,0,0,1784970475.1160977,-0.949506150916362,-0.9713091522158573,0.018697637166416703,1784970475.1161327,-0.001942660862638463,0.023807433166810454,0.08141853563726875,0.006685111853826157,0.029464913381543126,0.0880075458567957,1784970475.1161718,0.09795919260044465,0.10604053733321939,1784970475.0942857,6992.67333984375,nan,nan,44.100807189941406,nan
6.923565149307251,1784970475.170457,BSMC,square,square_bsmc_tune_p04,1784970475.1530077,-0.9442876756321362,-0.9963494252506913,-0.06031318324402822,0.09376061069243921,0.05210658147970796,1784970475.136784,-0.9454365677771025,-1.0018187243649221,-0.06104102598134849,0.03367280960083008,0,0,1784970475.1559207,-0.9447575846335095,-0.9712203548983028,0.018697637166416703,1784970475.1559541,-0.0019837500765483686,0.02505505391889335,0.07901082041044492,-0.0011888776147513055,0.030582802391902673,0.07973866314776519,1784970475.155993,0.0979423267926919,0.10502719747731992,1784970475.1532307,6992.73193359375,nan,nan,58.91812515258789,nan
6.963285684585571,1784970475.2101774,BSMC,square,square_bsmc_tune_p04,1784970475.2028987,-0.9395308900962656,-0.996606192512182,-0.05511442504223928,0.09469049456464619,0.06091862357893785,1784970475.136784,-0.9454365677771025,-1.0018187243649221,-0.06104102598134849,0.07339334487915039,0,0,1784970475.1963077,-0.9447575846335095,-0.9712203548983028,0.018697637166416703,1784970475.1964028,-0.0019837500765483686,0.02505505391889335,0.07901082041044492,-0.0011888776147513055,0.030582802391902673,0.07973866314776519,1784970475.196457,0.0979423267926919,0.10502719747731992,1784970475.1946402,6992.7734375,nan,nan,41.27517318725586,nan
7.003723382949829,1784970475.2506151,BSMC,square,square_bsmc_tune_p04,1784970475.2028987,-0.9395308900962656,-0.996606192512182,-0.05511442504223928,0.09469049456464619,0.06091862357893785,1784970475.218133,-0.9372423261980813,-1.0031322770832267,-0.05089363390382001,0.032482147216796875,0,0,1784970475.236882,-0.9400072617060831,-0.9711315247318174,0.018697637166416703,1784970475.2369168,-0.001878959246252204,0.025409744992453336,0.07381206220865599,-0.004389287060082397,0.0318186608537165,0.06959127107023672,1784970475.2369556,0.09807422849407656,0.10029842324498385,1784970475.1946402,6992.7734375,nan,nan,41.27517318725586,nan
7.042723894119263,1784970475.2896156,BSMC,square,square_bsmc_tune_p04,1784970475.2527504,-0.9346725758171079,-0.9976920436474195,-0.051502820175262136,0.09480052991422937,0.06178763537032307,1784970475.218133,-0.9372423261980813,-1.0031322770832267,-0.05089363390382001,0.07148265838623047,0,0,1784970475.2776923,-0.9351709438225575,-0.9710410864754434,0.018697637166416703,1784970475.2777388,-0.001869699903482674,0.0265899626009943,0.07020045734167886,0.00043616800713538496,0.03215501355994524,0.06959127107023672,1784970475.2777905,0.09810836005031105,0.0980263444255442,1784970475.2548108,6992.833984375,nan,nan,60.447837829589844,nan
7.083308458328247,1784970475.3302002,BSMC,square,square_bsmc_tune_p04,1784970475.3030467,-0.9295604800402628,-0.9979259304629634,-0.04587479174052628,0.09726108610401259,0.0702141871497096,1784970475.218133,-0.9372423261980813,-1.0031322770832267,-0.05089363390382001,0.11206722259521484,0,0,1784970475.3163338,-0.9300650071461486,-0.97094560639715,0.018697637166416703,1784970475.316371,-0.0017412789760740603,0.02692880208669458,0.06457242890694298,0.005530636278544704,0.032510117517191975,0.06959127107023672,1784970475.3164124,0.09825926700204145,0.09285554584500255,1784970475.2946496,6992.87353515625,nan,nan,39.79500961303711,nan
7.122745037078857,1784970475.3696368,BSMC,square,square_bsmc_tune_p04,1784970475.3526046,-0.9248265678227949,-0.9989397014392242,-0.0406486894819986,0.09714212158126677,0.07480537796388081,1784970475.341345,-0.9262711119978709,-1.0042399955349153,-0.03860887340477217,0.028291702270507812,0,0,1784970475.356322,-0.9253517004236472,-0.9708574684268997,0.018697637166416703,1784970475.3563616,-0.0016658904589922632,0.028037695771685727,0.059346326648415305,-0.000369815179835457,0.0333931380749545,0.05730651057118887,1784970475.3564048,0.09835796875063976,0.08891506780165948,1784970475.345455,6992.92431640625,nan,nan,50.74634552001953,nan
7.16304349899292,1784970475.4099352,BSMC,square,square_bsmc_tune_p04,1784970475.4030304,-0.9200309609435039,-0.9991285263549362,-0.036582091913779397,0.0961920558055116,0.07583925922406348,1784970475.341345,-0.9262711119978709,-1.0042399955349153,-0.03860887340477217,0.06859016418457031,0,0,1784970475.3959198,-0.9253517004236472,-0.9708574684268997,0.018697637166416703,1784970475.395957,-0.0016658904589922632,0.028037695771685727,0.059346326648415305,-0.000369815179835457,0.0333931380749545,0.05730651057118887,1784970475.3960001,0.09835796875063976,0.08891506780165948,1784970475.3950574,6992.9736328125,nan,nan,49.53550720214844,nan
7.203948736190796,1784970475.4508405,BSMC,square,square_bsmc_tune_p04,1784970475.4030304,-0.9200309609435039,-0.9991285263549362,-0.036582091913779397,0.0961920558055116,0.07583925922406348,1784970475.4361267,-0.9182904875492781,-1.0048878878006966,-0.025257987430139205,0.014713764190673828,0,0,1784970475.4363701,-0.9205612996579541,-0.9707678888121978,0.018697637166416703,1784970475.4364128,-0.001567243952355296,0.028322266282492917,0.0552797290801961,-0.003131798671857538,0.034051765823331706,0.04395562459655591,1784970475.4364564,0.09846807180481244,0.08522020269383399,1784970475.4473631,6993.0263671875,nan,nan,52.34907913208008,nan
7.243168592453003,1784970475.4900603,BSMC,square,square_bsmc_tune_p04,1784970475.4527416,-0.9154086093454754,-0.9999965979807552,-0.0300118571427285,0.09696376020716564,0.08193225392693812,1784970475.4361267,-0.9182904875492781,-1.0048878878006966,-0.025257987430139205,0.05393362045288086,0,0,1784970475.4769602,-0.9159567909589585,-0.9706817853450095,0.018697637166416703,1784970475.4770005,-0.001427594657055906,0.0292851620525717,0.0487094943091452,0.0014690667763284163,0.034254130083704086,0.04395562459655591,1784970475.4770472,0.09862510941356473,0.07979548175509162,1784970475.4473631,6993.0263671875,nan,nan,52.34907913208008,nan
7.283100366592407,1784970475.529992,BSMC,square,square_bsmc_tune_p04,1784970475.5025737,-0.9104035706885315,-1.0001337166413278,-0.02483463959731558,0.09858868326427979,0.08580629701629332,1784970475.4361267,-0.9182904875492781,-1.0048878878006966,-0.025257987430139205,0.09386539459228516,0,0,1784970475.5158985,-0.9109560650652855,-0.9705882726890345,0.018697637166416703,1784970475.515934,-0.0012859990375331575,0.029522613618206527,0.04353227676373228,0.006465835918076006,0.034473907754450694,0.04395562459655591,1784970475.515972,0.09877358285355173,0.07495388680339105,1784970475.4951882,6993.07421875,nan,nan,47.926795959472656,nan
7.322899580001831,1784970475.5697913,BSMC,square,square_bsmc_tune_p04,1784970475.5525978,-0.9051510439118714,-1.0009426646413877,-0.015432113735915102,0.09932955414030595,0.09360358021882591,1784970475.5380876,-0.9053435095393011,-1.0062820745431176,-0.0008242761096161915,0.03170371055603027,0,0,1784970475.5558972,-0.9057204962577885,-0.9704903685136929,0.018697637166416703,1784970475.5559359,-0.001039309184427668,0.030439882585881522,0.03412975090233181,-0.00040648883528083006,0.035791383129315714,0.019521913276032893,1784970475.5561256,0.09902717157620132,0.06668656051690741,1784970475.5463817,6993.125,nan,nan,51.006893157958984,nan
7.362697601318359,1784970475.6095893,BSMC,square,square_bsmc_tune_p04,1784970475.6033192,-0.9001557641657434,-1.001010105211474,-0.010110459933983127,0.09893959448457902,0.09564628592016611,1784970475.5380876,-0.9053435095393011,-1.0062820745431176,-0.0008242761096161915,0.0715017318725586,0,0,1784970475.596603,-0.9057204962577885,-0.9704903685136929,0.018697637166416703,1784970475.5966437,-0.001039309184427668,0.030439882585881522,0.03412975090233181,-0.00040648883528083006,0.035791383129315714,0.019521913276032893,1784970475.5966852,0.09902717157620132,0.06668656051690741,1784970475.5960727,6993.17431640625,nan,nan,49.32460403442383,nan
7.4031760692596436,1784970475.6500678,BSMC,square,square_bsmc_tune_p04,1784970475.6033192,-0.9001557641657434,-1.001010105211474,-0.010110459933983127,0.09893959448457902,0.09564628592016611,1784970475.617801,-0.8969690775635625,-1.0068382425022397,0.010132611490085965,0.032266855239868164,0,0,1784970475.6361706,-0.9007282233515663,-0.9703970139270309,0.018697637166416703,1784970475.6362133,-0.0008819370870637542,0.030605738914189523,0.028808097100399832,-0.003389714321228792,0.03647744719613119,0.00856502567633074,1784970475.6362584,0.09918240291014692,0.0616228516661434,1784970475.6467202,6993.2255859375,nan,nan,51.006900787353516,nan
7.443742513656616,1784970475.6906343,BSMC,square,square_bsmc_tune_p04,1784970475.6524613,-0.895237121427562,-1.0017000015820325,-0.0013226888779285456,0.09665781544665561,0.10075221178003496,1784970475.617801,-0.8969690775635625,-1.0068382425022397,0.010132611490085965,0.07283329963684082,0,0,1784970475.6763105,-0.8958241964043405,-0.9703053095235985,0.018697637166416703,1784970475.6763515,-0.0006285998611366095,0.03139388807852318,0.020020326044345248,0.0015149900695714791,0.03651945714245673,0.00856502567633074,1784970475.6763964,0.09942679211882569,0.0538181779944259,1784970475.6467202,6993.2255859375,nan,nan,51.006900787353516,nan
7.48274302482605,1784970475.7296348,BSMC,square,square_bsmc_tune_p04,1784970475.7026508,-0.890518514454143,-1.001701942206855,0.003783689089433905,0.09544147505781839,0.10093435451640712,1784970475.617801,-0.8969690775635625,-1.0068382425022397,0.010132611490085965,0.11183381080627441,0,0,1784970475.7165198,-0.8911072751480507,-0.97021710396223,0.018697637166416703,1784970475.7165573,-0.00046962792477286806,0.03148684055374814,0.014913948076982798,0.006232562922606371,0.036559864263162094,0.00856502567633074,1784970475.7165978,0.09957560633997477,0.04888621726918674,1784970475.6962874,6993.27490234375,nan,nan,49.59946060180664,nan
7.523113250732422,1784970475.770005,BSMC,square,square_bsmc_tune_p04,1784970475.7528756,-0.8852635937010693,-1.0023438201234054,0.01233986287765575,0.09593165967938747,0.10438830714584471,1784970475.7371075,-0.8846361154339341,-1.0073706388176897,0.02490254733653018,0.0328974723815918,0,0,1784970475.755916,-0.8858661901131878,-0.9701190966344496,0.018697637166416703,1784970475.7559512,-0.00020491195596157976,0.032229705823445864,0.006357774288760953,-0.0003021308752710686,0.03727062107988633,-0.006204910170113476,1784970475.7559903,0.09981765642086629,0.041259170996619306,1784970475.7460456,6993.32470703125,nan,nan,49.75731658935547,nan
7.562793970108032,1784970475.8096857,BSMC,square,square_bsmc_tune_p04,1784970475.8029773,-0.8801640957716602,-1.002284928578973,0.01723713258677532,0.09870092830171556,0.10321559689292403,1784970475.7371075,-0.8846361154339341,-1.0073706388176897,0.02490254733653018,0.07257819175720215,0,0,1784970475.796685,-0.8858661901131878,-0.9701190966344496,0.018697637166416703,1784970475.796723,-0.00020491195596157976,0.032229705823445864,0.006357774288760953,-0.0003021308752710686,0.03727062107988633,-0.006204910170113476,1784970475.7967677,0.09981765642086629,0.041259170996619306,1784970475.7964365,6993.375,nan,nan,50.097537994384766,nan
7.603478908538818,1784970475.8503706,BSMC,square,square_bsmc_tune_p04,1784970475.8029773,-0.8801640957716602,-1.002284928578973,0.01723713258677532,0.09870092830171556,0.10321559689292403,1784970475.8275375,-0.8768952278220563,-1.00737669811001,0.03484576028834612,0.02283310890197754,0,0,1784970475.8361025,-0.8807673738927401,-0.9700237497073753,0.018697637166416703,1784970475.8361378,-4.7125820127614767e-05,0.032266784559879455,0.0014605045796413814,-0.002568466978949805,0.03746517378767453,-0.01614812312192942,1784970475.8361783,0.0999584226246253,0.03647214881577084,1784970475.847491,6993.42626953125,nan,nan,51.34187698364258,nan
7.642760992050171,1784970475.8896527,BSMC,square,square_bsmc_tune_p04,1784970475.8525038,-0.8748459120073689,-1.002784596731348,0.025402227172699257,0.101739301470311,0.10650176958450742,1784970475.8275375,-0.8768952278220563,-1.00737669811001,0.03484576028834612,0.06211519241333008,0,0,1784970475.8765085,-0.8754603895940432,-0.9699245100754617,0.018697637166416703,1784970475.8765526,0.00022035027431767655,0.03286509278084414,-0.006704590006282554,0.0027387530845607018,0.03737946469463613,-0.01614812312192942,1784970475.876601,0.10019166067346126,0.029073325745540914,1784970475.847491,6993.42626953125,nan,nan,51.34187698364258,nan
7.683204174041748,1784970475.930096,BSMC,square,square_bsmc_tune_p04,1784970475.902848,-0.8695815710846521,-1.0026587587607705,0.030074056309612886,0.10312033011874876,0.10405323109721784,1784970475.8275375,-0.8768952278220563,-1.00737669811001,0.03484576028834612,0.10255837440490723,0,0,1784970475.916716,-0.8701955365546865,-0.9698260582903615,0.018697637166416703,1784970475.9167535,0.0003735758046835728,0.032836315489045725,-0.011376419143196183,0.008003840017033578,0.03729443603172971,-0.01614812312192942,1784970475.916793,0.10032227563228803,0.024437129722262967,1784970475.8992572,6993.47802734375,nan,nan,51.69819259643555,nan
7.722839117050171,1784970475.9697309,BSMC,square,square_bsmc_tune_p04,1784970475.9525466,-0.8646018546293782,-1.0031073246959212,0.03856754946927778,0.10160220769680077,0.10567621795552862,1784970475.9398067,-0.8656594301497251,-1.007831132274443,0.05349269068730227,0.02992415428161621,0,0,1784970475.9559743,-0.8652259459820333,-0.9697331278591723,0.018697637166416703,1784970475.9560106,0.0006632146560226506,0.03337344229824902,-0.01986991230286108,0.0024698570915981906,0.0380203321250185,-0.03479505352088557,1784970475.9560509,0.10056388887603536,0.01664888187504145,1784970475.9484594,6993.52734375,nan,nan,49.25245666503906,nan
7.762879848480225,1784970476.0097716,BSMC,square,square_bsmc_tune_p04,1784970476.0026703,-0.8599688310916899,-1.0029406646892804,0.042238171273480375,0.09720488265668283,0.0998740330881149,1784970475.9398067,-0.8656594301497251,-1.007831132274443,0.05349269068730227,0.06996488571166992,0,0,1784970475.9964476,-0.8652259459820333,-0.9697331278591723,0.018697637166416703,1784970475.9964843,0.0006632146560226506,0.03337344229824902,-0.01986991230286108,0.0024698570915981906,0.0380203321250185,-0.03479505352088557,1784970475.9965239,0.10056388887603536,0.01664888187504145,1784970475.9973414,6993.576171875,nan,nan,49.015079498291016,nan
7.803234100341797,1784970476.0501258,BSMC,square,square_bsmc_tune_p04,1784970476.0026703,-0.8599688310916899,-1.0029406646892804,0.042238171273480375,0.09720488265668283,0.0998740330881149,1784970476.0173037,-0.8573606521365904,-1.008013272494099,0.06550322279689712,0.0328221321105957,0,0,1784970476.0363035,-0.8605914265460975,-0.9696464631967139,0.018697637166416703,1784970476.0363417,0.0007838279096248605,0.03329079590420698,-0.023540534107063672,-0.0007124929310723289,0.038496003854559036,-0.046805585630480415,1784970476.036385,0.10066206200268438,0.01294157382482461,1784970476.046936,6993.6259765625,nan,nan,49.54509353637695,nan
7.8438780307769775,1784970476.0907698,BSMC,square,square_bsmc_tune_p04,1784970476.0528617,-0.855295118888192,-1.0032960135828999,0.05054771144049493,0.09352223106602493,0.10020093052631421,1784970476.0173037,-0.8573606521365904,-1.008013272494099,0.06550322279689712,0.07346606254577637,0,0,1784970476.0771534,-0.8559259907258736,-0.9695592204035461,0.018697637166416703,1784970476.0771954,0.0010745255299306825,0.033725577951869055,-0.031850074274078224,0.003948648137867887,0.03827767695968074,-0.046805585630480415,1784970476.0772424,0.10089486539239167,0.005225037823418425,1784970476.046936,6993.6259765625,nan,nan,49.54509353637695,nan
7.8830811977386475,1784970476.129973,BSMC,square,square_bsmc_tune_p04,1784970476.102743,-0.8505245595549238,-1.0030682192160392,0.05438688003561586,0.09451435648560716,0.09605423380198835,1784970476.0173037,-0.8573606521365904,-1.008013272494099,0.06550322279689712,0.11266922950744629,0,0,1784970476.1161752,-0.851152840769802,-0.9694699633758165,0.018697637166416703,1784970476.1162205,0.0011990513653569808,0.03358273080934995,-0.03568924286919916,0.00871740418676957,0.0380543094011389,-0.046805585630480415,1784970476.1162689,0.10099148585826447,0.001287157166612395,1784970476.0998387,6993.6787109375,nan,nan,52.776554107666016,nan
7.923320531845093,1784970476.1702123,BSMC,square,square_bsmc_tune_p04,1784970476.1528714,-0.8449242982588312,-1.003315345975745,0.06423167391178389,0.09929335981211693,0.10065760736018387,1784970476.1378288,-0.8445784971378774,-1.0079248168842991,0.08324551741550268,0.03238344192504883,0,0,1784970476.1563845,-0.8455591567157013,-0.9693653625111208,0.018697637166416703,1784970476.1564229,0.00154561582573811,0.03392072366898642,-0.045534036745367185,0.0022289320324452872,0.03850746780508344,-0.06454788024908598,1784970476.1564667,0.10125649241185367,-0.00804432312058853,1784970476.147432,6993.72607421875,nan,nan,47.56057357788086,nan
7.963650941848755,1784970476.2105427,BSMC,square,square_bsmc_tune_p04,1784970476.2028625,-0.8399718100718332,-1.0029968011746562,0.06926258159127906,0.09929335981211693,0.10065760736018387,1784970476.1378288,-0.8445784971378774,-1.0079248168842991,0.08324551741550268,0.07271385192871094,0,0,1784970476.1965673,-0.8455591567157013,-0.9693653625111208,0.018697637166416703,1784970476.1966505,0.00154561582573811,0.03392072366898642,-0.045534036745367185,0.0022289320324452872,0.03850746780508344,-0.06454788024908598,1784970476.1967087,0.10125649241185367,-0.00804432312058853,1784970476.2020688,6993.78076171875,nan,nan,54.89126968383789,nan
8.003132581710815,1784970476.2500243,BSMC,square,square_bsmc_tune_p04,1784970476.2028625,-0.8399718100718332,-1.0029968011746562,0.06926258159127906,0.09929335981211693,0.10065760736018387,1784970476.2229292,-0.8366517559303183,-1.0075884965732174,0.0945815118669588,0.02709507942199707,0,0,1784970476.2364419,-0.8406024450778673,-0.9692726729136479,0.018697637166416703,1784970476.23648,0.0017048300897710123,0.0336869126196032,-0.05056494442486236,-0.00031446373782174214,0.0385176764617153,-0.0758838747005421,1784970476.2365215,0.10137243703517518,-0.013253144465281644,1784970476.2479627,6993.82666015625,nan,nan,45.818016052246094,nan
8.043043851852417,1784970476.2899356,BSMC,square,square_bsmc_tune_p04,1784970476.2525675,-0.8341578919001164,-1.0031198351942539,0.07605706783369715,0.10550976847650272,0.09478464669387399,1784970476.2229292,-0.8366517559303183,-1.0075884965732174,0.0945815118669588,0.06700634956359863,0,0,1784970476.2763195,-0.8347928591339375,-0.9691640347232565,0.018697637166416703,1784970476.2763684,0.0019469578637891253,0.033905883325624164,-0.05735943066728044,0.00547941612586191,0.03807716854859793,-0.0758838747005421,1784970476.2764223,0.10154886280414041,-0.019705894795089003,1784970476.2479627,6993.82666015625,nan,nan,45.818016052246094,nan
8.083029508590698,1784970476.3299212,BSMC,square,square_bsmc_tune_p04,1784970476.3028233,-0.8288728026175174,-1.0027170899166715,0.08081869068370502,0.10550976847650272,0.09478464669387399,1784970476.2229292,-0.8366517559303183,-1.0075884965732174,0.0945815118669588,0.10699200630187988,0,0,1784970476.3160715,-0.8295020886817858,-0.969065098287296,0.018697637166416703,1784970476.316112,0.0020895181243061247,0.033592952468969386,-0.06212105351728832,0.010755883103362077,0.037675999468192944,-0.0758838747005421,1784970476.3161588,0.10164588672722072,-0.024733298779786188,1784970476.3059092,6993.88427734375,nan,nan,57.26386642456055,nan
8.122798204421997,1784970476.36969,BSMC,square,square_bsmc_tune_p04,1784970476.3526046,-0.823190816839929,-1.002765854866375,0.08993911731958386,0.10815770874953294,0.09653475501060504,1784970476.340775,-0.8239742384608063,-1.0071986314799315,0.11092395874973471,0.028914928436279297,0,0,1784970476.355852,-0.8238230006810852,-0.9689589003844808,0.018697637166416703,1784970476.3558905,0.0024068414057815198,0.033727095074988195,-0.07124148015316716,0.0043833176077364274,0.03798797749114972,-0.092226321583318,1784970476.355933,0.10186436032405387,-0.033563582697873046,1784970476.3480752,6993.9267578125,nan,nan,42.70598602294922,nan
8.162984609603882,1784970476.4098763,BSMC,square,square_bsmc_tune_p04,1784970476.4027948,-0.8177860458279447,-1.0022784395816036,0.09478265191273846,0.10815770874953294,0.09653475501060504,1784970476.340775,-0.8239742384608063,-1.0071986314799315,0.11092395874973471,0.06910133361816406,0,0,1784970476.3962011,-0.8238230006810852,-0.9689589003844808,0.018697637166416703,1784970476.3962643,0.0024068414057815198,0.033727095074988195,-0.07124148015316716,0.0043833176077364274,0.03798797749114972,-0.092226321583318,1784970476.396347,0.10186436032405387,-0.033563582697873046,1784970476.4082043,6993.9873046875,nan,nan,60.31804656982422,nan
8.20287299156189,1784970476.4497647,BSMC,square,square_bsmc_tune_p04,1784970476.4027948,-0.8177860458279447,-1.0022784395816036,0.09478265191273846,0.10815770874953294,0.09653475501060504,1784970476.4379048,-0.8157083873071468,-1.0070654375669568,0.12290467886994175,0.011859893798828125,0,0,1784970476.4364178,-0.818411007575478,-0.9688576971071597,0.018697637166416703,1784970476.4364934,0.0025408091512286813,0.03332987989156285,-0.07608501474632176,0.0020018629516818463,0.038250857926073877,-0.10420704170352504,1784970476.4365494,0.10194660518479427,-0.03875998817144399,1784970476.4482994,6994.02685546875,nan,nan,39.9979133605957,nan
8.243295907974243,1784970476.4901876,BSMC,square,square_bsmc_tune_p04,1784970476.4534223,-0.813138848665842,-1.0023650128284547,0.10231701646776728,0.10350361625587318,0.09277867291624681,1784970476.4379048,-0.8157083873071468,-1.0070654375669568,0.12290467886994175,0.05228281021118164,0,0,1784970476.4765508,-0.8137670532296981,-0.9687708560136197,0.018697637166416703,1784970476.476592,0.0028063405636058227,0.03348262931304584,-0.08361937930135058,0.006621432987809595,0.03776771610163098,-0.10420704170352504,1784970476.4766364,0.10212017333071689,-0.04600405854352753,1784970476.4482994,6994.02685546875,nan,nan,39.9979133605957,nan
8.283185005187988,1784970476.5300767,BSMC,square,square_bsmc_tune_p04,1784970476.5029275,-0.8082318048786676,-1.001875648077648,0.10543727424469104,0.10156100764652479,0.0874810289376241,1784970476.4379048,-0.8157083873071468,-1.0070654375669568,0.12290467886994175,0.09217190742492676,0,0,1784970476.5165963,-0.808852576921012,-0.9686789562090465,0.018697637166416703,1784970476.5166378,0.002876362397627982,0.033077669934639335,-0.08673963707827434,0.011510104539780576,0.03725643005677203,-0.10420704170352504,1784970476.5167294,0.10215524648138773,-0.049511491584836184,1784970476.4983892,6994.0771484375,nan,nan,50.06407928466797,nan
8.32317042350769,1784970476.5700622,BSMC,square,square_bsmc_tune_p04,1784970476.552634,-0.8033880244459823,-1.0018720896709328,0.11423041746458105,0.09948516607784919,0.08873024970808116,1784970476.5400307,-0.8041253003020171,-1.0064132026731192,0.1360727284392424,0.030031442642211914,0,0,1784970476.5560458,-0.804010423166268,-0.9685884088229524,0.018697637166416703,1784970476.5560892,0.0031754032548690983,0.03313770669684606,-0.09553278029816435,0.005244869633574123,0.037459572462733015,-0.11737509127282571,1784970476.5561402,0.10233837620824424,-0.05808827168552019,1784970476.5487275,6994.12744140625,nan,nan,50.37540817260742,nan
8.362728834152222,1784970476.6096206,BSMC,square,square_bsmc_tune_p04,1784970476.6029282,-0.798361415929791,-1.00130918590194,0.11742920796969049,0.10003971081046015,0.08418411492343317,1784970476.5400307,-0.8041253003020171,-1.0064132026731192,0.1360727284392424,0.06958985328674316,0,0,1784970476.5965266,-0.804010423166268,-0.9685884088229524,0.018697637166416703,1784970476.5965705,0.0031754032548690983,0.03313770669684606,-0.09553278029816435,0.005244869633574123,0.037459572462733015,-0.11737509127282571,1784970476.5966537,0.10233837620824424,-0.05808827168552019,1784970476.598433,6994.17724609375,nan,nan,49.72412872314453,nan
8.403006315231323,1784970476.649898,BSMC,square,square_bsmc_tune_p04,1784970476.6029282,-0.798361415929791,-1.00130918590194,0.11742920796969049,0.10003971081046015,0.08418411492343317,1784970476.6190062,-0.7953730452649477,-1.0057895259806255,0.14312098038493498,0.030891895294189453,0,0,1784970476.6365366,-0.7989750492382864,-0.9684942482550978,0.018697637166416703,1784970476.6365924,0.0032351747314875484,0.03266083775808862,-0.09873157080327379,0.0017543568045740366,0.03742772241868907,-0.12442334321851828,1784970476.636647,0.10235995340643679,-0.061748553129835945,1784970476.598433,6994.17724609375,nan,nan,49.72412872314453,nan
8.442837476730347,1784970476.6897292,BSMC,square,square_bsmc_tune_p04,1784970476.652527,-0.7931062936949527,-1.0011767850230706,0.1259384379345543,0.10149308257400513,0.08692976939792726,1784970476.6190062,-0.7953730452649477,-1.0057895259806255,0.14312098038493498,0.07072305679321289,0,0,1784970476.6764205,-0.7937192889820355,-0.9683959665033721,0.018697637166416703,1784970476.6764593,0.0035093202413858634,0.032598197764397846,-0.1072408007681376,0.006970398605508887,0.036775355110487795,-0.12442334321851828,1784970476.6764977,0.1025137232318757,-0.07017265426358422,1784970476.6505132,6994.22900390625,nan,nan,51.85443115234375,nan
8.483654022216797,1784970476.7305458,BSMC,square,square_bsmc_tune_p04,1784970476.7025244,-0.7879575297823161,-1.0005391959380399,0.12908569055764152,0.10261523422972584,0.08264812994993473,1784970476.6190062,-0.7953730452649477,-1.0057895259806255,0.14312098038493498,0.11153960227966309,0,0,1784970476.7162392,-0.7885604062448597,-0.9682994963434643,0.018697637166416703,1784970476.716276,0.0035522752078902347,0.03204907223033093,-0.11038805339122482,0.012090295003223363,0.0361350126518351,-0.12442334321851828,1784970476.7163188,0.10251734451076228,-0.07385810867927502,1784970476.699174,6994.27783203125,nan,nan,48.88500213623047,nan
8.522964000701904,1784970476.7698557,BSMC,square,square_bsmc_tune_p04,1784970476.7530437,-0.7823964827969517,-1.0003693619445522,0.1354004797997514,0.10314730274468177,0.08268204457877294,1784970476.7371693,-0.7819431705622353,-1.0044904646102597,0.1464651215875587,0.032686471939086914,0,0,1784970476.7568977,-0.782998128429733,-0.9681954827696706,0.018697637166416703,1784970476.7569335,0.003746920827800749,0.0319606173741609,-0.11670284263333469,0.004253300399965038,0.0360603394135239,-0.127767484421142,1784970476.756971,0.10261708518805764,-0.08015025180233615,1784970476.749138,6994.328125,nan,nan,50.03237533569336,nan
8.56276249885559,1784970476.8096542,BSMC,square,square_bsmc_tune_p04,1784970476.8025007,-0.777369395806428,-0.9996978601737597,0.1382637426674398,0.10281011557846306,0.07827116171605047,1784970476.7371693,-0.7819431705622353,-1.0044904646102597,0.1464651215875587,0.07248497009277344,0,0,1784970476.796518,-0.782998128429733,-0.9681954827696706,0.018697637166416703,1784970476.7965598,0.003746920827800749,0.0319606173741609,-0.11670284263333469,0.004253300399965038,0.0360603394135239,-0.127767484421142,1784970476.7966082,0.10261708518805764,-0.08015025180233615,1784970476.7993183,6994.3779296875,nan,nan,50.14369583129883,nan
8.603068113327026,1784970476.8499599,BSMC,square,square_bsmc_tune_p04,1784970476.8025007,-0.777369395806428,-0.9996978601737597,0.1382637426674398,0.10281011557846306,0.07827116171605047,1784970476.826042,-0.7759164489912088,-1.0039766326466626,0.1463962513678546,0.02391791343688965,0,0,1784970476.83668,-0.7779602461418573,-0.9681012752959466,0.018697637166416703,1784970476.8367152,0.0037695444693950993,0.031376485057332024,-0.11956610550102309,0.0032113427899665464,0.0357897422360081,-0.1276986142014379,1784970476.8367538,0.10260324761958388,-0.08359284164623627,1784970476.8494568,6994.42822265625,nan,nan,49.97506332397461,nan
8.642961263656616,1784970476.889853,BSMC,square,square_bsmc_tune_p04,1784970476.8526945,-0.7725169309450665,-0.999579196971748,0.1422983821904513,0.10199995233138441,0.07539628543441798,1784970476.826042,-0.7759164489912088,-1.0039766326466626,0.1463962513678546,0.06381106376647949,0,0,1784970476.8771052,-0.7731072593080458,-0.968010525333263,0.018697637166416703,1784970476.8771455,0.0038926643308588287,0.03133331583158545,-0.12360074502403459,0.008025656213262806,0.03517159740900999,-0.1276986142014379,1784970476.8771937,0.10266265937060912,-0.087595861945976,1784970476.8494568,6994.42822265625,nan,nan,49.97506332397461,nan
8.683056592941284,1784970476.9299483,BSMC,square,square_bsmc_tune_p04,1784970476.9026842,-0.7676277195071538,-0.9988993592287064,0.14419457131838523,0.10042421134699037,0.06871668225582496,1784970476.826042,-0.7759164489912088,-1.0039766326466626,0.1463962513678546,0.10390639305114746,0,0,1784970476.9162605,-0.7682070485502188,-0.9679188922918716,0.018697637166416703,1784970476.916298,0.003878434044840666,0.030742197434865944,-0.12549693415196853,0.012886817233528514,0.03454743747722391,-0.1276986142014379,1784970476.9163392,0.1026265809185165,-0.09009646638551135,1784970476.8992753,6994.47802734375,nan,nan,49.88565444946289,nan
8.723095893859863,1784970476.9699876,BSMC,square,square_bsmc_tune_p04,1784970476.9525256,-0.7628651613978583,-0.9988679459763532,0.14575820239256382,0.09964737605102238,0.061977572469280845,1784970476.9399738,-0.7645233870887925,-1.0032746941083348,0.14673961029651994,0.0300137996673584,0,0,1784970476.955934,-0.7634455680282972,-0.9678298534804178,0.018697637166416703,1784970476.9559662,0.00393380226644948,0.030793266429064874,-0.12706056522614712,0.006248752295501545,0.03490632486835394,-0.12804197313010324,1784970476.9560053,0.1026556120535984,-0.09157359805853563,1784970476.9502668,6994.529296875,nan,nan,51.082881927490234,nan
8.76308560371399,1784970477.0099773,BSMC,square,square_bsmc_tune_p04,1784970477.0028474,-0.7577997972297332,-0.9981425223938499,0.14727618943969117,0.10066494827999141,0.05623658997146433,1784970476.9399738,-0.7645233870887925,-1.0032746941083348,0.14673961029651994,0.07000350952148438,0,0,1784970476.9964147,-0.7634455680282972,-0.9678298534804178,0.018697637166416703,1784970476.99646,0.00393380226644948,0.030793266429064874,-0.12706056522614712,0.006248752295501545,0.03490632486835394,-0.12804197313010324,1784970476.9965575,0.1026556120535984,-0.09157359805853563,1784970476.9991128,6994.578125,nan,nan,48.91230010986328,nan
8.802916288375854,1784970477.049808,BSMC,square,square_bsmc_tune_p04,1784970477.0028474,-0.7577997972297332,-0.9981425223938499,0.14727618943969117,0.10066494827999141,0.05623658997146433,1784970477.0196607,-0.7544808782946074,-1.0024807266185338,0.14875564024418717,0.030147314071655273,0,0,1784970477.0361936,-0.7583684139675189,-0.9677349116317517,0.018697637166416703,1784970477.0362325,0.0038996841201436815,0.03016187296931109,-0.12857855227327447,0.0013049921295044597,0.034938253938137515,-0.13005800307777046,1784970477.036275,0.10260623803353357,-0.09374674396584876,1784970476.9991128,6994.578125,nan,nan,48.91230010986328,nan
8.842971563339233,1784970477.0898633,BSMC,square,square_bsmc_tune_p04,1784970477.0526505,-0.7526021029312613,-0.9979993723432331,0.15005616455080628,0.10074559174788164,0.05632847766581293,1784970477.0196607,-0.7544808782946074,-1.0024807266185338,0.14875564024418717,0.07020258903503418,0,0,1784970477.0762405,-0.7531698606357999,-0.9676376996390104,0.018697637166416703,1784970477.076282,0.003977500130753668,0.030105365151734367,-0.13135852738438958,0.006460541586162187,0.03426392707806526,-0.13005800307777046,1784970477.076327,0.10263868683753755,-0.09653194339780945,1784970477.0535955,6994.6328125,nan,nan,54.562110900878906,nan
8.882853507995605,1784970477.1297452,BSMC,square,square_bsmc_tune_p04,1784970477.1026947,-0.7474319809273695,-0.9972359107972256,0.15135546528466273,0.1020324993572307,0.05137626389806893,1784970477.0196607,-0.7544808782946074,-1.0024807266185338,0.14875564024418717,0.11008453369140625,0,0,1784970477.1163995,-0.7479872743042086,-0.9675407862262395,0.018697637166416703,1784970477.1164424,0.003928433561898876,0.029439364527287116,-0.13265782811824603,0.011600256126146043,0.03359167136670954,-0.13005800307777046,1784970477.116486,0.10257840619763184,-0.09852785588535645,1784970477.0535955,6994.6328125,nan,nan,54.562110900878906,nan
8.923668384552002,1784970477.1705601,BSMC,square,square_bsmc_tune_p04,1784970477.152493,-0.7415319466166034,-0.9970452613027556,0.15213264246894279,0.10386127868732599,0.04594747814057369,1784970477.1387103,-0.7394648873080804,-1.0011444987289952,0.1519103715252969,0.03184986114501953,0,0,1784970477.1559255,-0.7420857385504127,-0.9674304285912875,0.018697637166416703,1784970477.155965,0.003940628128007655,0.02935671051039184,-0.13343500530252608,0.0025111726594909374,0.033722416852280016,-0.1332127343588802,1784970477.1560087,0.10257882783064066,-0.09937886129062297,1784970477.1333003,6994.7119140625,nan,nan,79.56663513183594,nan
8.963105916976929,1784970477.2099977,BSMC,square,square_bsmc_tune_p04,1784970477.2025812,-0.7365771046301028,-0.996331125821427,0.1503695762462512,0.10204212312251325,0.03166166967242426,1784970477.1387103,-0.7394648873080804,-1.0011444987289952,0.1519103715252969,0.07128739356994629,0,0,1784970477.1969175,-0.7420857385504127,-0.9674304285912875,0.018697637166416703,1784970477.1969616,0.003940628128007655,0.02935671051039184,-0.13343500530252608,0.0025111726594909374,0.033722416852280016,-0.1332127343588802,1784970477.1970105,0.10257882783064066,-0.09937886129062297,1784970477.2003016,6994.77880859375,nan,nan,14.868727684020996,nan
9.002704620361328,1784970477.2495964,BSMC,square,square_bsmc_tune_p04,1784970477.2025812,-0.7365771046301028,-0.996331125821427,0.1503695762462512,0.10204212312251325,0.03166166967242426,1784970477.2186942,-0.7309220498442021,-1.0005143571971538,0.1508105520810925,0.03090214729309082,0,0,1784970477.2370107,-0.737119279048658,-0.9673375567105492,0.018697637166416703,1784970477.2370558,0.0038072831342974515,0.02874761899745225,-0.1316719390798345,-0.0011424212972314975,0.03373130021093402,-0.1321129149146758,1784970477.2371066,0.10248478591124949,-0.09831310761442509,1784970477.2003016,6994.77880859375,nan,nan,14.868727684020996,nan
9.043490648269653,1784970477.2903824,BSMC,square,square_bsmc_tune_p04,1784970477.2526224,-0.7310561070529652,-0.9961742666531007,0.14987376352600787,0.10055993283380121,0.024209817091759116,1784970477.2186942,-0.7309220498442021,-1.0005143571971538,0.1508105520810925,0.07168817520141602,0,0,1784970477.2768416,-0.7315972791840861,-0.967234296327035,0.018697637166416703,1784970477.2768953,0.0037860172713636876,0.028696355569479637,-0.13117612635959117,0.0043324155941508345,0.0330037658654253,-0.1321129149146758,1784970477.2769492,0.10247256938052764,-0.09788302839591839,1784970477.250173,6994.8291015625,nan,nan,50.226287841796875,nan
9.082825183868408,1784970477.329717,BSMC,square,square_bsmc_tune_p04,1784970477.3027449,-0.7260756604719271,-0.9954221888357915,0.15108640043629296,0.10055993283380121,0.024209817091759116,1784970477.2186942,-0.7309220498442021,-1.0005143571971538,0.1508105520810925,0.1110227108001709,0,0,1784970477.3161879,-0.7266045147714616,-0.9671409325492936,0.018697637166416703,1784970477.316228,0.0037338457186007743,0.02803867935838635,-0.13238876326987625,0.009282537192593983,0.03234595933186796,-0.1321129149146758,1784970477.3162735,0.10241072420356487,-0.09978503020045941,1784970477.3022206,6994.880859375,nan,nan,51.84392166137695,nan
9.123281478881836,1784970477.3701732,BSMC,square,square_bsmc_tune_p04,1784970477.352601,-0.720750776384614,-0.9953455858741773,0.14818763048292957,0.09941899615307927,0.010491816851703785,1784970477.3405619,-0.719087527365663,-0.9994821602189504,0.15026354551032833,0.02961134910583496,0,0,1784970477.356061,-0.721280060094823,-0.9670413662245203,0.018697637166416703,1784970477.3560977,0.0036555182049393263,0.028072160192533814,-0.12948999331651287,0.0026885185999847494,0.032403459421719585,-0.13156590834391163,1784970477.3561373,0.10237964392385308,-0.0969086914082404,1784970477.3507974,6994.9296875,nan,nan,48.673038482666016,nan
9.162919044494629,1784970477.4098108,BSMC,square,square_bsmc_tune_p04,1784970477.4026868,-0.7158325531624349,-0.9946113838902264,0.14871240843353087,0.09941899615307927,0.010491816851703785,1784970477.3405619,-0.719087527365663,-0.9994821602189504,0.15026354551032833,0.06924891471862793,0,0,1784970477.396011,-0.721280060094823,-0.9670413662245203,0.018697637166416703,1784970477.3960495,0.0036555182049393263,0.028072160192533814,-0.12948999331651287,0.0026885185999847494,0.032403459421719585,-0.13156590834391163,1784970477.3960917,0.10237964392385308,-0.0969086914082404,1784970477.4053867,6994.984375,nan,nan,54.48704147338867,nan
9.203106880187988,1784970477.4499986,BSMC,square,square_bsmc_tune_p04,1784970477.4026868,-0.7158325531624349,-0.9946113838902264,0.14871240843353087,0.09941899615307927,0.010491816851703785,1784970477.4388196,-0.7105889933045594,-0.9988152808366756,0.15106733053255064,0.011178970336914062,0,0,1784970477.4366665,-0.7163498314481564,-0.9669491718541195,0.018697637166416703,1784970477.4367123,0.0035869992900789786,0.0274335376437015,-0.13001477126711417,-0.0008995891903149349,0.03237015441874706,-0.13236969336613394,1784970477.4367614,0.10231255724987608,-0.09811624623924332,1784970477.4053867,6994.984375,nan,nan,54.48704147338867,nan
9.243046283721924,1784970477.489938,BSMC,square,square_bsmc_tune_p04,1784970477.4528525,-0.7106746369923157,-0.9945256729461847,0.14628190965234994,0.09968025773331433,-0.0011901668180906563,1784970477.4388196,-0.7105889933045594,-0.9988152808366756,0.15106733053255064,0.05111837387084961,0,0,1784970477.4768748,-0.7111921160651943,-0.9668527235235213,0.018697637166416703,1784970477.4769158,0.0035216780281262733,0.027452826779884924,-0.1275842724859332,0.004213899885409437,0.03168930221410402,-0.13236969336613394,1784970477.4769647,0.10228629275757915,-0.09571361940542605,1784970477.4505613,6995.029296875,nan,nan,45.339969635009766,nan
9.282914876937866,1784970477.5298066,BSMC,square,square_bsmc_tune_p04,1784970477.5035028,-0.7056825164300161,-0.9937901622678896,0.1462216610438837,0.09968025773331433,-0.0011901668180906563,1784970477.4388196,-0.7105889933045594,-0.9988152808366756,0.15106733053255064,0.09098696708679199,0,0,1784970477.5162122,-0.7061879914462383,-0.9667591473120074,0.018697637166416703,1784970477.5162516,0.0034383693862540974,0.02681620574393074,-0.127524023877467,0.009175115205107566,0.031028724996063,-0.13236969336613394,1784970477.516294,0.1022137475665066,-0.09634576266675751,1784970477.5092757,6995.087890625,nan,nan,58.497440338134766,nan
9.323505878448486,1784970477.5703976,BSMC,square,square_bsmc_tune_p04,1784970477.5524023,-0.6996756722682911,-0.9936011647747098,0.14526616997983066,0.1041749948663423,-0.008099219666007396,1784970477.5386715,-0.6973374197253017,-0.9979114587519543,0.15310519274030665,0.03172612190246582,0,0,1784970477.5559146,-0.700179714059353,-0.9666467936281166,0.018697637166416703,1784970477.555953,0.0034030686691970875,0.026743434814327158,-0.126568532813414,0.0019590572015645165,0.03133241160951538,-0.13440755557388995,1784970477.5559974,0.10219478946388105,-0.09548832050376041,1784970477.5513384,6995.13037109375,nan,nan,42.11228942871094,nan
9.362922430038452,1784970477.6098142,BSMC,square,square_bsmc_tune_p04,1784970477.602525,-0.6945163578394654,-0.9928463741812221,0.14486078263074886,0.1041749948663423,-0.008099219666007396,1784970477.5386715,-0.6973374197253017,-0.9979114587519543,0.15310519274030665,0.07114267349243164,0,0,1784970477.5968864,-0.700179714059353,-0.9666467936281166,0.018697637166416703,1784970477.5969243,0.0034030686691970875,0.026743434814327158,-0.126568532813414,0.0019590572015645165,0.03133241160951538,-0.13440755557388995,1784970477.5969667,0.10219478946388105,-0.09548832050376041,1784970477.5513384,6995.13037109375,nan,nan,42.11228942871094,nan
9.402797222137451,1784970477.649689,BSMC,square,square_bsmc_tune_p04,1784970477.602525,-0.6945163578394654,-0.9928463741812221,0.14486078263074886,0.1041749948663423,-0.008099219666007396,1784970477.6221178,-0.6888529019238939,-0.9971839397815588,0.1506978415593108,0.02757120132446289,0,0,1784970477.6363504,-0.6950080936134625,-0.9665500852753948,0.018697637166416703,1784970477.636386,0.003309406817762418,0.026091846251362037,-0.12616314546433216,-0.001486429729939594,0.03121073458440404,-0.1320002043928941,1784970477.6364257,0.10211747612319899,-0.0957984260773263,1784970477.6111145,6995.18994140625,nan,nan,59.904014587402344,nan
9.442981719970703,1784970477.6898735,BSMC,square,square_bsmc_tune_p04,1784970477.6525078,-0.6885541441880378,-0.9926276425908833,0.14447155756168725,0.10642070902636547,-0.010811578147317352,1784970477.6221178,-0.6888529019238939,-0.9971839397815588,0.1506978415593108,0.06775569915771484,0,0,1784970477.6770453,-0.6890438753079999,-0.9664385554882363,0.018697637166416703,1784970477.677091,0.003285800945116932,0.025986758781905824,-0.12577392039527055,0.004426937178962892,0.030425603583019288,-0.1320002043928941,1784970477.67715,0.10210159300972886,-0.0955310151658654,1784970477.6522548,6995.23095703125,nan,nan,41.04334259033203,nan
9.483264684677124,1784970477.7301564,BSMC,square,square_bsmc_tune_p04,1784970477.7026424,-0.6831894167742039,-0.991864141533248,0.14251681460280985,0.10699863961164052,-0.015441542466947551,1784970477.6221178,-0.6888529019238939,-0.9971839397815588,0.1506978415593108,0.10803866386413574,0,0,1784970477.716719,-0.6836667508543062,-0.9663380042483034,0.018697637166416703,1784970477.7167535,0.003153106635934431,0.025335142609748437,-0.12381917743639315,0.009758215844668431,0.029717757744607824,-0.1320002043928941,1784970477.716791,0.10200915325983097,-0.09432230771837428,1784970477.7023392,6995.28125,nan,nan,49.970096588134766,nan
9.522740125656128,1784970477.7696319,BSMC,square,square_bsmc_tune_p04,1784970477.7525167,-0.677584583652597,-0.9917449037501188,0.14182227240486736,0.1064246404678086,-0.019015368163492512,1784970477.7395048,-0.6765646432978315,-0.9962755521931262,0.15010341567735946,0.03012704849243164,0,0,1784970477.7560744,-0.6780616480179678,-0.9662331898544766,0.018697637166416703,1784970477.7561147,0.0031337378505188734,0.025323009761598958,-0.12312463523845064,0.0030123746358201075,0.02992841721628949,-0.13140577851094276,1784970477.7561622,0.10200066260028814,-0.09365456164154141,1784970477.7519352,6995.33056640625,nan,nan,49.67369842529297,nan
9.562917709350586,1784970477.8098094,BSMC,square,square_bsmc_tune_p04,1784970477.8024616,-0.6723402155291739,-0.9910147092698732,0.13933308302235342,0.10626394691985837,-0.02408452878799246,1784970477.7395048,-0.6765646432978315,-0.9962755521931262,0.15010341567735946,0.07030463218688965,0,0,1784970477.796252,-0.6780616480179678,-0.9662331898544766,0.018697637166416703,1784970477.7962961,0.0031337378505188734,0.025323009761598958,-0.12312463523845064,0.0030123746358201075,0.02992841721628949,-0.13140577851094276,1784970477.7963433,0.10200066260028814,-0.09365456164154141,1784970477.8027093,6995.380859375,nan,nan,50.35144805908203,nan
9.603668451309204,1784970477.8505602,BSMC,square,square_bsmc_tune_p04,1784970477.8024616,-0.6723402155291739,-0.9910147092698732,0.13933308302235342,0.10626394691985837,-0.02408452878799246,1784970477.8253376,-0.667785405997827,-0.9955142578535564,0.1428535154368563,0.0252225399017334,0,0,1784970477.8362308,-0.6728054633909488,-0.9661349001670955,0.018697637166416703,1784970477.836268,0.002994635789535707,0.024703309759050125,-0.12063544585593672,-0.0007862374801360155,0.029794789224360657,-0.12415587827043957,1784970477.8363078,0.10190851597370676,-0.09188667538205833,1784970477.8027093,6995.380859375,nan,nan,50.35144805908203,nan
9.642731666564941,1784970477.8896234,BSMC,square,square_bsmc_tune_p04,1784970477.8530946,-0.6667927913815247,-0.9909018101425362,0.13768313278009112,0.10562530792327807,-0.02729709974043726,1784970477.8253376,-0.667785405997827,-0.9955142578535564,0.1428535154368563,0.0642857551574707,0,0,1784970477.8762424,-0.667257867950901,-0.9660311611510197,0.018697637166416703,1784970477.8762822,0.002952784959377367,0.024699120196036883,-0.11898549561367441,0.0047196180456860444,0.029107670691158345,-0.12415587827043957,1784970477.8763266,0.10189140811261593,-0.09027312424676553,1784970477.852461,6995.43115234375,nan,nan,50.0975456237793,nan
9.683204174041748,1784970477.930096,BSMC,square,square_bsmc_tune_p04,1784970477.9030423,-0.6617294668831806,-0.9902151941865507,0.13513900415935556,0.10457270106948689,-0.031178275380980006,1784970477.8253376,-0.667785405997827,-0.9955142578535564,0.1428535154368563,0.10475826263427734,0,0,1784970477.9160566,-0.6621834782887301,-0.9659362709960999,0.018697637166416703,1784970477.916096,0.0028211799481467157,0.02411873092317157,-0.11644136699293886,0.00975582817736739,0.02847916285938722,-0.12415587827043957,1784970477.9161417,0.10180547439180458,-0.08840780189032843,1784970477.90228,6995.48095703125,nan,nan,49.97278594970703,nan
9.723061800003052,1784970477.9699535,BSMC,square,square_bsmc_tune_p04,1784970477.9524925,-0.6560985064234017,-0.990193929568988,0.1333087659109196,0.10396854052993808,-0.033496513056063514,1784970477.9410574,-0.6539463496516746,-0.9947719305537641,0.13735799549289401,0.028896093368530273,0,0,1784970477.9583702,-0.6565540886870981,-0.9658310024442216,0.018697637166416703,1784970477.9584048,0.00278664062490824,0.024207321357665415,-0.11461112874450291,0.0013796019871462773,0.02902540819826039,-0.11866035832647731,1784970477.958446,0.1017961768390061,-0.08651606610251127,1784970477.9537895,6995.5322265625,nan,nan,50.850830078125,nan
9.762636661529541,1784970478.0095284,BSMC,square,square_bsmc_tune_p04,1784970478.0029106,-0.6510140131061039,-0.9895251595891611,0.13062690742216979,0.10313703830534536,-0.03679334579969403,1784970477.9410574,-0.6539463496516746,-0.9947719305537641,0.13735799549289401,0.06847095489501953,0,0,1784970477.9963424,-0.6565540886870981,-0.9658310024442216,0.018697637166416703,1784970477.9963865,0.00278664062490824,0.024207321357665415,-0.11461112874450291,0.0013796019871462773,0.02902540819826039,-0.11866035832647731,1784970477.9964302,0.1017961768390061,-0.08651606610251127,1784970478.0026019,6995.58154296875,nan,nan,49.595069885253906,nan
9.80390477180481,1784970478.0507965,BSMC,square,square_bsmc_tune_p04,1784970478.0029106,-0.6510140131061039,-0.9895251595891611,0.13062690742216979,0.10313703830534536,-0.03679334579969403,1784970478.0201037,-0.6452635167226195,-0.9942017298158204,0.12733291701015229,0.03069281578063965,0,0,1784970478.0367692,-0.6514588712055878,-0.9657357228129045,0.018697637166416703,1784970478.0368388,0.0026576424635026048,0.023644706329247825,-0.11192927025575308,-0.0025303247805934996,0.029022291921287104,-0.10863527984373558,1784970478.036891,0.10171297099630408,-0.08449538975512774,1784970478.0026019,6995.58154296875,nan,nan,49.595069885253906,nan
9.843079566955566,1784970478.0899713,BSMC,square,square_bsmc_tune_p04,1784970478.052835,-0.6452955029185274,-0.9895098194928682,0.12743844270785512,0.10327794067844691,-0.0397145023298991,1784970478.0201037,-0.6452635167226195,-0.9942017298158204,0.12733291701015229,0.06986761093139648,0,0,1784970478.0764272,-0.6457420732288525,-0.9656288197404619,0.018697637166416703,1784970478.0764873,0.0025921775287365647,0.02374409800089293,-0.1087408055414384,0.0031537661638001238,0.028402358449400887,-0.10863527984373558,1784970478.0765321,0.10169047044074125,-0.08125813627099125,1784970478.0543745,6995.6318359375,nan,nan,49.99094009399414,nan
9.883519649505615,1784970478.1304114,BSMC,square,square_bsmc_tune_p04,1784970478.1028335,-0.6403336374319065,-0.9888864936074899,0.12448311467865852,0.10215687945734007,-0.042880481610650674,1784970478.0201037,-0.6452635167226195,-0.9942017298158204,0.12733291701015229,0.11030769348144531,0,0,1784970478.1162827,-0.6407702902112908,-0.9655358483109555,0.018697637166416703,1784970478.1163216,0.0024659857034050273,0.023224173094534728,-0.10578547751224182,0.008097104540041056,0.02786321490784419,-0.10863527984373558,1784970478.1163664,0.10161106064842201,-0.07892140721641168,1784970478.1034203,6995.681640625,nan,nan,49.94635009765625,nan
9.923075675964355,1784970478.1699674,BSMC,square,square_bsmc_tune_p04,1784970478.1530972,-0.6348846235180853,-0.9890506035198466,0.11943820222810544,0.1012566874806699,-0.04853918578594631,1784970478.1409428,-0.6332433592086882,-0.9938366554150491,0.11507270911467267,0.029024600982666016,0,0,1784970478.1568227,-0.6353262488121472,-0.96543404573643,0.018697637166416703,1784970478.1568587,0.0023755384612359452,0.023500928736052144,-0.10074056506168874,0.0011920425966369442,0.028453922402789853,-0.09637507194825595,1784970478.1569026,0.10158346977549589,-0.0736669026998241,1784970478.1550238,6995.73291015625,nan,nan,51.60020446777344,nan
9.963068962097168,1784970478.2099607,BSMC,square,square_bsmc_tune_p04,1784970478.20269,-0.6299981672424668,-0.9884782087362172,0.11590815255064826,0.10039054086821993,-0.05220742374616596,1784970478.1409428,-0.6332433592086882,-0.9938366554150491,0.11507270911467267,0.06901788711547852,0,0,1784970478.1967795,-0.6353262488121472,-0.96543404573643,0.018697637166416703,1784970478.1968238,0.0023755384612359452,0.023500928736052144,-0.10074056506168874,0.0011920425966369442,0.028453922402789853,-0.09637507194825595,1784970478.1968718,0.10158346977549589,-0.0736669026998241,1784970478.2043712,6995.7822265625,nan,nan,48.89161682128906,nan
10.002923488616943,1784970478.2498152,BSMC,square,square_bsmc_tune_p04,1784970478.20269,-0.6299981672424668,-0.9884782087362172,0.11590815255064826,0.10039054086821993,-0.05220742374616596,1784970478.220348,-0.6242479518797872,-0.9931528976749907,0.10338000227997593,0.029467344284057617,0,0,1784970478.2370229,-0.6304308007148047,-0.9653425017559152,0.018697637166416703,1784970478.2370627,0.0022458860587211615,0.023030503794121027,-0.09721051538423156,-0.0032799184812513094,0.028299962467267625,-0.08468236511355923,1784970478.2371092,0.10150425748406457,-0.0707101241057288,1784970478.2043712,6995.7822265625,nan,nan,48.89161682128906,nan
10.043046712875366,1784970478.2899384,BSMC,square,square_bsmc_tune_p04,1784970478.2527602,-0.6243590967865275,-0.9886051988205351,0.10965408944705482,0.10077486368263103,-0.058571611905635125,1784970478.220348,-0.6242479518797872,-0.9931528976749907,0.10338000227997593,0.06959056854248047,0,0,1784970478.2762146,-0.6247960753185521,-0.9652371334256572,0.018697637166416703,1784970478.2762516,0.002122917909410399,0.023275537589637862,-0.09095645228063812,0.0023355969557288894,0.0278232873648834,-0.08468236511355923,1784970478.2762942,0.10145479905353257,-0.06429873656934608,1784970478.2594056,6995.83740234375,nan,nan,55.36246109008789,nan
10.082982063293457,1784970478.3298738,BSMC,square,square_bsmc_tune_p04,1784970478.3025866,-0.6192399259346546,-0.9880506835925802,0.10604995443977662,0.10168633640861387,-0.060830226231510603,1784970478.220348,-0.6242479518797872,-0.9931528976749907,0.10338000227997593,0.10952591896057129,0,0,1784970478.3161669,-0.6196683282204055,-0.9651412454964822,0.018697637166416703,1784970478.3162017,0.0019989978998734273,0.022826079159454556,-0.08735231727335992,0.007445862489826144,0.02738950058715768,-0.08468236511355923,1784970478.316244,0.10137783932113031,-0.061244093982901406,1784970478.315432,6995.89306640625,nan,nan,55.849029541015625,nan
10.123440504074097,1784970478.3703322,BSMC,square,square_bsmc_tune_p04,1784970478.3524914,-0.613256328690517,-0.9882837287854016,0.09899512753962283,0.10311933165301725,-0.06702153375000067,1784970478.3396373,-0.6105954695905731,-0.9928823059135498,0.0894232714803163,0.030694961547851562,0,0,1784970478.3563871,-0.6136911789868499,-0.9650294739033428,0.018697637166416703,1784970478.356436,0.0018655784666208462,0.02318337943193046,-0.08029749037320613,-0.0005959669813010975,0.02801800298044462,-0.0707256343138996,1784970478.3564937,0.10131949788483646,-0.053919474404369894,1784970478.3566089,6995.93310546875,nan,nan,39.86578369140625,nan
10.162831544876099,1784970478.4097233,BSMC,square,square_bsmc_tune_p04,1784970478.4030936,-0.6081124385988788,-0.9877784892890573,0.09523383196567387,0.10280123987897717,-0.06824009258206669,1784970478.3396373,-0.6105954695905731,-0.9928823059135498,0.0894232714803163,0.07008600234985352,0,0,1784970478.3966935,-0.6136911789868499,-0.9650294739033428,0.018697637166416703,1784970478.3967376,0.0018655784666208462,0.02318337943193046,-0.08029749037320613,-0.0005959669813010975,0.02801800298044462,-0.0707256343138996,1784970478.3967857,0.10131949788483646,-0.053919474404369894,1784970478.4060383,6995.98388671875,nan,nan,51.01074981689453,nan
10.203197240829468,1784970478.450089,BSMC,square,square_bsmc_tune_p04,1784970478.4030936,-0.6081124385988788,-0.9877784892890573,0.09523383196567387,0.10280123987897717,-0.06824009258206669,1784970478.435154,-0.6009801376794415,-0.9928349991329799,0.07999428453412408,0.014935016632080078,0,0,1784970478.4364347,-0.6085396424148487,-0.964933141115375,0.018697637166416703,1784970478.4364676,0.0017470948492071634,0.02278245148935961,-0.07653619479925716,-0.005305721189202071,0.028416704864246318,-0.061296647367707374,1784970478.4365,0.10124469695739287,-0.050655297356155427,1784970478.4060383,6995.98388671875,nan,nan,51.01074981689453,nan
10.242749452590942,1784970478.4896412,BSMC,square,square_bsmc_tune_p04,1784970478.4525733,-0.6025417699746238,-0.9880976460662266,0.08860367288526941,0.10216382007531644,-0.07241246450036704,1784970478.435154,-0.6009801376794415,-0.9928349991329799,0.07999428453412408,0.05448722839355469,0,0,1784970478.4769359,-0.6029768871654047,-0.9648291186136472,0.018697637166416703,1784970478.4769776,0.0016255701429788803,0.02321575367054476,-0.0699060357188527,0.0002475576096396671,0.028075880527647642,-0.061296647367707374,1784970478.4770274,0.1011862585237024,-0.04366185665517103,1784970478.4572325,6996.03515625,nan,nan,51.081459045410156,nan
10.283465147018433,1784970478.530357,BSMC,square,square_bsmc_tune_p04,1784970478.5027483,-0.5975217896385785,-0.987652803108874,0.08507062512118996,0.10154175713937165,-0.07208071233342317,1784970478.435154,-0.6009801376794415,-0.9928349991329799,0.07999428453412408,0.09520292282104492,0,0,1784970478.5164354,-0.5979503460443846,-0.9647351232176609,0.018697637166416703,1784970478.5164711,0.0015202640264581405,0.022871215741165397,-0.06637298795477325,0.005265535749457474,0.027767909483419402,-0.061296647367707374,1784970478.5165122,0.10111764451872379,-0.04055909118681773,1784970478.5041716,6996.0830078125,nan,nan,47.943241119384766,nan
10.323912620544434,1784970478.5708044,BSMC,square,square_bsmc_tune_p04,1784970478.5529065,-0.5914040230514712,-0.9880892968507383,0.07661533243662608,0.10092984332472,-0.07841917793689093,1784970478.5387409,-0.5866979598911648,-0.9929734362471915,0.06294298996131734,0.03206348419189453,0,0,1784970478.5568304,-0.5918428774888379,-0.9646209146771295,0.018697637166416703,1784970478.5568743,0.001358712315542476,0.023433127318122717,-0.057917695270209374,-0.003351315001721938,0.02861999902562732,-0.04424535279490063,1784970478.5569246,0.10102799074615641,-0.03162595603807354,1784970478.5586047,6996.13671875,nan,nan,53.68604278564453,nan
10.36299991607666,1784970478.6098917,BSMC,square,square_bsmc_tune_p04,1784970478.6028771,-0.5864169400780651,-0.9877029756345158,0.07321942993074021,0.10063192732064903,-0.07668856187810251,1784970478.5387409,-0.5866979598911648,-0.9929734362471915,0.06294298996131734,0.0711507797241211,0,0,1784970478.5965247,-0.5918428774888379,-0.9646209146771295,0.018697637166416703,1784970478.596568,0.001358712315542476,0.023433127318122717,-0.057917695270209374,-0.003351315001721938,0.02861999902562732,-0.04424535279490063,1784970478.5966153,0.10102799074615641,-0.03162595603807354,1784970478.6073198,6996.18505859375,nan,nan,48.13214111328125,nan
10.402831554412842,1784970478.6497233,BSMC,square,square_bsmc_tune_p04,1784970478.6028771,-0.5864169400780651,-0.9877029756345158,0.07321942993074021,0.10063192732064903,-0.07668856187810251,1784970478.6190195,-0.5775014890233988,-0.9931199233591489,0.053832262946078395,0.03070378303527832,0,0,1784970478.6364672,-0.5868503161940982,-0.9645275546976554,0.018697637166416703,1784970478.636517,0.0012631603676996107,0.023145029192984168,-0.05452179276432351,-0.007796835791444137,0.02905397505994006,-0.03513462577966169,1784970478.6365716,0.1009629866443852,-0.028595115478517792,1784970478.6073198,6996.18505859375,nan,nan,48.13214111328125,nan
10.442946434020996,1784970478.6898382,BSMC,square,square_bsmc_tune_p04,1784970478.6532273,-0.5802130538475473,-0.9881528943497121,0.06518671162131966,0.10103697721524492,-0.08150122044819266,1784970478.6190195,-0.5775014890233988,-0.9931199233591489,0.053832262946078395,0.07081866264343262,0,0,1784970478.6763093,-0.5806570090559816,-0.9644117409913917,0.018697637166416703,1784970478.6763523,0.0011034996155629318,0.023719648977352844,-0.046489074454902954,-0.0016062688144676362,0.02883638226324697,-0.03513462577966169,1784970478.6764007,0.10086303742032882,-0.020060462399743684,1784970478.6626706,6996.2392578125,nan,nan,54.159263610839844,nan
10.482849359512329,1784970478.729741,BSMC,square,square_bsmc_tune_p04,1784970478.702601,-0.5752111854037759,-0.9878255952058863,0.061444463421008726,0.10120185237920495,-0.08056880548012794,1784970478.6190195,-0.5775014890233988,-0.9931199233591489,0.053832262946078395,0.11072158813476562,0,0,1784970478.716566,-0.5756507707754042,-0.9643181252547937,0.018697637166416703,1784970478.7166052,0.0010047393541917614,0.023490101694769477,-0.04274682625459202,0.0033977545106282474,0.028660495396329186,-0.03513462577966169,1784970478.7166486,0.10079281998557005,-0.016623506219725484,1784970478.7113187,6996.2880859375,nan,nan,48.91004180908203,nan
10.522977352142334,1784970478.769869,BSMC,square,square_bsmc_tune_p04,1784970478.7534568,-0.5688453085384688,-0.988364573583974,0.05296740187257172,0.10200986619953169,-0.08522982078903031,1784970478.741113,-0.5641431923370771,-0.9931905199893944,0.03881149258946545,0.028756141662597656,0,0,1784970478.7566206,-0.5692971944452742,-0.9641993145440682,0.018697637166416703,1784970478.7566578,0.0008281204063105051,0.024155292627728045,-0.03426976470615502,-0.004025211285264503,0.029169357295171863,-0.02011385542304875,1784970478.7566984,0.10067003086557234,-0.007549755151350052,1784970478.7572565,6996.333984375,nan,nan,46.16259002685547,nan
10.562878131866455,1784970478.8097699,BSMC,square,square_bsmc_tune_p04,1784970478.8028855,-0.5638815171168774,-0.9880943283132445,0.04951972029564955,0.101504327181467,-0.08271795393953618,1784970478.741113,-0.5641431923370771,-0.9931905199893944,0.03881149258946545,0.06865692138671875,0,0,1784970478.7962065,-0.5692971944452742,-0.9641993145440682,0.018697637166416703,1784970478.7962477,0.0008281204063105051,0.024155292627728045,-0.03426976470615502,-0.004025211285264503,0.029169357295171863,-0.02011385542304875,1784970478.796295,0.10067003086557234,-0.007549755151350052,1784970478.8051467,6996.3837890625,nan,nan,49.68663024902344,nan
10.603697299957275,1784970478.850589,BSMC,square,square_bsmc_tune_p04,1784970478.8028855,-0.5638815171168774,-0.9880943283132445,0.04951972029564955,0.101504327181467,-0.08271795393953618,1784970478.8280709,-0.5556242798447002,-0.9932024701961105,0.028850054174138245,0.022518157958984375,0,0,1784970478.837018,-0.5643300864006439,-0.9641064305356972,0.018697637166416703,1784970478.8370614,0.0007393691585692247,0.023980696141600085,-0.030822083129232847,-0.007862877894436491,0.029335059961197237,-0.010152417007721543,1784970478.8371086,0.10060314857942365,-0.004342167318790946,1784970478.8051467,6996.3837890625,nan,nan,49.68663024902344,nan
10.643084287643433,1784970478.889976,BSMC,square,square_bsmc_tune_p04,1784970478.8526576,-0.5581264009080814,-0.9886512396275784,0.04145717584043783,0.10019557762954981,-0.0864789498489318,1784970478.8280709,-0.5556242798447002,-0.9932024701961105,0.028850054174138245,0.0619051456451416,0,0,1784970478.876438,-0.5585873924543744,-0.9639990432133793,0.018697637166416703,1784970478.8764813,0.0005611222617642872,0.02465012054853604,-0.022759538674021123,-0.0021194759777649155,0.029276748546466086,-0.010152417007721543,1784970478.876531,0.10046788887830255,0.004329961007013587,1784970478.865236,6996.443359375,nan,nan,59.33208084106445,nan
10.682950496673584,1784970478.9298422,BSMC,square,square_bsmc_tune_p04,1784970478.9026828,-0.5533767761998047,-0.9884559576792838,0.03753326779803422,0.09828335872293463,-0.08513731448826171,1784970478.8280709,-0.5556242798447002,-0.9932024701961105,0.028850054174138245,0.10177135467529297,0,0,1784970478.916533,-0.5538357775691004,-0.9639101888875193,0.018697637166416703,1784970478.9165764,0.00046238852060635663,0.024545705218872556,-0.018835630631617514,0.00263272469577019,0.029228500565847505,-0.010152417007721543,1784970478.9166222,0.1003891633735193,0.008083852228952765,1784970478.9063175,6996.4853515625,nan,nan,41.91823959350586,nan
10.723045587539673,1784970478.9699373,BSMC,square,square_bsmc_tune_p04,1784970478.9535105,-0.547378413329715,-0.9890748843600963,0.030013752092717477,0.09861252121068051,-0.08768292200968508,1784970478.9441829,-0.5431305509014933,-0.99367097516073,0.018322854398756982,0.025754451751708984,0,0,1784970478.955893,-0.5478510812616468,-0.9637982761654839,0.018697637166416703,1784970478.9559271,0.0002860769037027216,0.025279408553267067,-0.011316114926300773,-0.004172415489757555,0.029954173350679233,0.0003747827676597211,1784970478.9559646,0.10024534502073161,0.01629192791717932,1784970478.9564393,6996.53466796875,nan,nan,49.46893310546875,nan
10.7630774974823,1784970479.0099692,BSMC,square,square_bsmc_tune_p04,1784970479.0025976,-0.5423558571366333,-0.9889099567587107,0.02693030987415043,0.09993598991509081,-0.08365750156807543,1784970478.9441829,-0.5431305509014933,-0.99367097516073,0.018322854398756982,0.06578636169433594,0,0,1784970478.9964383,-0.5478510812616468,-0.9637982761654839,0.018697637166416703,1784970478.9965663,0.0002860769037027216,0.025279408553267067,-0.011316114926300773,-0.004172415489757555,0.029954173350679233,0.0003747827676597211,1784970478.9966266,0.10024534502073161,0.01629192791717932,1784970479.0062778,6996.58447265625,nan,nan,49.946571350097656,nan
10.802800178527832,1784970479.049692,BSMC,square,square_bsmc_tune_p04,1784970479.0025976,-0.5423558571366333,-0.9889099567587107,0.02693030987415043,0.09993598991509081,-0.08365750156807543,1784970479.0233078,-0.5346596715878321,-0.9939894267534412,0.00762060181437664,0.02638411521911621,0,0,1784970479.0365129,-0.542827197720038,-0.9637043304657446,0.018697637166416703,1784970479.0365686,0.00020754360534602426,0.02520917857483882,-0.008232672707733726,-0.007936500548726307,0.030346457772125343,0.011077035352040063,1784970479.0366223,0.10017924954684927,0.019254967310235134,1784970479.0062778,6996.58447265625,nan,nan,49.946571350097656,nan
10.842790603637695,1784970479.0896823,BSMC,square,square_bsmc_tune_p04,1784970479.053084,-0.5361113299261253,-0.9895336895565167,0.019476719204853676,0.10258483570710446,-0.08546225227011699,1784970479.0233078,-0.5346596715878321,-0.9939894267534412,0.00762060181437664,0.06637454032897949,0,0,1784970479.076987,-0.5365965129636828,-0.9635878178048831,0.018697637166416703,1784970479.0770266,2.0217494539927943e-05,0.025950399896438273,-0.0007790820384369726,-0.0017051088225546753,0.030415485941860235,0.011077035352040063,1784970479.0772307,0.10001776104675555,0.027406767647699982,1784970479.058171,6996.63671875,nan,nan,52.40354919433594,nan
10.883128881454468,1784970479.1300206,BSMC,square,square_bsmc_tune_p04,1784970479.1035666,-0.530813144657176,-0.9894192333934151,0.01622186809809215,0.10345238426251227,-0.08199014557879256,1784970479.0233078,-0.5346596715878321,-0.9939894267534412,0.00762060181437664,0.10671281814575195,0,0,1784970479.1161458,-0.531298040172064,-0.963488737336589,0.018697637166416703,1784970479.11619,-6.420907795352083e-05,0.025934949905633886,0.002475769068324553,0.0035939651646765165,0.030474186372630968,0.011077035352040063,1784970479.11624,0.09994318953993346,0.030598344780185093,1784970479.1092002,6996.68798828125,nan,nan,51.09001541137695,nan
10.92311406135559,1784970479.1700058,BSMC,square,square_bsmc_tune_p04,1784970479.1527555,-0.5247380188259344,-0.990171385907328,0.009397175652182147,0.1036648284714134,-0.08251824400249845,1784970479.1406744,-0.5208443147238899,-0.9949094885655978,-0.0035416253852745025,0.029331445693969727,0,0,1784970479.1561882,-0.5252390981645433,-0.9633754362335953,0.018697637166416703,1784970479.1562355,-0.0002492546745587305,0.026799475209936575,0.009300461514234555,-0.00450643744532218,0.0315182899206018,0.022239262551691206,1784970479.1562853,0.09977633098834436,0.03826407700817541,1784970479.156669,6996.7353515625,nan,nan,47.111900329589844,nan
10.962888479232788,1784970479.2097802,BSMC,square,square_bsmc_tune_p04,1784970479.2026956,-0.5198345968955251,-0.9901154146571594,0.0064722707081915085,0.10171686062117598,-0.07857618255769218,1784970479.1406744,-0.5208443147238899,-0.9949094885655978,-0.0035416253852745025,0.06910586357116699,0,0,1784970479.196542,-0.5252390981645433,-0.9633754362335953,0.018697637166416703,1784970479.196583,-0.0002492546745587305,0.026799475209936575,0.009300461514234555,-0.00450643744532218,0.0315182899206018,0.022239262551691206,1784970479.1966293,0.09977633098834436,0.03826407700817541,1784970479.2082133,6996.78662109375,nan,nan,51.28433609008789,nan
11.00306248664856,1784970479.2499542,BSMC,square,square_bsmc_tune_p04,1784970479.2026956,-0.5198345968955251,-0.9901154146571594,0.0064722707081915085,0.10171686062117598,-0.07857618255769218,1784970479.222312,-0.5118426467525561,-0.9960095865388617,-0.010060222985054162,0.027642250061035156,0,0,1784970479.2364044,-0.5203363439924705,-0.9632837556308245,0.018697637166416703,1784970479.2364378,-0.0003280760395028483,0.02683434445569885,0.012225366458225195,-0.00882249103100896,0.03263872781577958,0.028757860151470867,1784970479.236475,0.09970382019906084,0.04118493631776497,1784970479.2082133,6996.78662109375,nan,nan,51.28433609008789,nan
11.04287052154541,1784970479.2897623,BSMC,square,square_bsmc_tune_p04,1784970479.2529562,-0.5140777853211637,-0.9909463052134185,-0.00026626987556687147,0.09958256432632961,-0.08009254957715911,1784970479.222312,-0.5118426467525561,-0.9960095865388617,-0.010060222985054162,0.06745028495788574,0,0,1784970479.277154,-0.514597076843858,-0.9631764323889934,0.018697637166416703,1784970479.2772284,-0.0005266857847796647,0.02776973356830054,0.018963907041983575,-0.003084593987602079,0.03280378296002663,0.028757860151470867,1784970479.2772937,0.09951853555976248,0.04884219487915262,1784970479.257287,6996.83544921875,nan,nan,48.922027587890625,nan
11.082963466644287,1784970479.3298552,BSMC,square,square_bsmc_tune_p04,1784970479.303033,-0.5092873528356223,-0.9909362594235255,-0.0030458896355754664,0.09818773505596352,-0.07605884274866728,1784970479.222312,-0.5118426467525561,-0.9960095865388617,-0.010060222985054162,0.1075432300567627,0,0,1784970479.3163629,-0.5098081311174338,-0.9630868799832587,0.018697637166416703,1784970479.3163996,-0.0006056018711005594,0.027847664024123815,0.02174352680199217,0.0017032084988753836,0.03294150788329615,0.028757860151470867,1784970479.3164403,0.09944343223686836,0.05166631234901555,1784970479.310479,6996.88916015625,nan,nan,53.826847076416016,nan
11.12303876876831,1784970479.3699305,BSMC,square,square_bsmc_tune_p04,1784970479.3525374,-0.5033509389906947,-0.9918433327882676,-0.007520927982854919,0.0986282621031704,-0.07312287998902435,1784970479.3416672,-0.4989882126649283,-0.9972641021871574,-0.015090872843900953,0.028263330459594727,0,0,1784970479.3567796,-0.5038907485867298,-0.9629762260164882,0.018697637166416703,1784970479.3568249,-0.0007568997134681332,0.028862230520128467,0.026218565149271622,-0.005419392034264114,0.03420999124142906,0.03378851001031766,1784970479.3568745,0.09929955956308215,0.05717804760234009,1784970479.3570507,6996.935546875,nan,nan,46.3411750793457,nan
11.163121700286865,1784970479.4100134,BSMC,square,square_bsmc_tune_p04,1784970479.4026191,-0.49839783276342764,-0.9918631823133184,-0.009506781337554053,0.0987251605357257,-0.06759736465245424,1784970479.3416672,-0.4989882126649283,-0.9972641021871574,-0.015090872843900953,0.06834626197814941,0,0,1784970479.3965921,-0.5038907485867298,-0.9629762260164882,0.018697637166416703,1784970479.396636,-0.0007568997134681332,0.028862230520128467,0.026218565149271622,-0.005419392034264114,0.03420999124142906,0.03378851001031766,1784970479.3966806,0.09929955956308215,0.05717804760234009,1784970479.3570507,6996.935546875,nan,nan,46.3411750793457,nan
11.202882766723633,1784970479.4497745,BSMC,square,square_bsmc_tune_p04,1784970479.4026191,-0.49839783276342764,-0.9918631823133184,-0.009506781337554053,0.0987251605357257,-0.06759736465245424,1784970479.4388423,-0.4897916408530216,-0.9980824620205773,-0.018317894360192443,0.010932207107543945,0,0,1784970479.4368737,-0.4989397448244416,-0.96288364315524,0.018697637166416703,1784970479.436917,-0.0008173855646207257,0.028973077836764605,0.028204418503970756,-0.009791301400931011,0.03502534900129988,0.03701553152660915,1784970479.4371157,0.0992409288785861,0.059255365282613465,1784970479.4111743,6996.9892578125,nan,nan,53.78678894042969,nan
11.243083238601685,1784970479.489975,BSMC,square,square_bsmc_tune_p04,1784970479.4527128,-0.49264573147248614,-0.9927729399681132,-0.013844267038896673,0.09893400444449502,-0.06704647223423728,1784970479.4388423,-0.4897916408530216,-0.9980824620205773,-0.018317894360192443,0.0511326789855957,0,0,1784970479.4763916,-0.49320666059744656,-0.9627764355329079,0.018697637166416703,1784970479.4764354,-0.000976141723023001,0.029985864455624647,0.032541904205313374,-0.004061142709719143,0.03523755079590686,0.03701553152660915,1784970479.4764812,0.09908805117973099,0.0646290810219999,1784970479.4573889,6997.0361328125,nan,nan,46.957427978515625,nan
11.28265643119812,1784970479.5295482,BSMC,square,square_bsmc_tune_p04,1784970479.5035403,-0.4878786232918273,-0.9928429978577151,-0.01734518533910359,0.09708205292077349,-0.06735481964627119,1784970479.4388423,-0.4897916408530216,-0.9980824620205773,-0.018317894360192443,0.09070587158203125,0,0,1784970479.5160706,-0.4884425284231221,-0.9626873471360412,0.018697637166416703,1784970479.5161078,-0.001086849430294906,0.030141334040824422,0.036042822505520294,0.0007005583754045008,0.03541388823612378,0.03701553152660915,1784970479.5161512,0.09897862528008602,0.06824733970717317,1784970479.5113444,6997.09033203125,nan,nan,53.882537841796875,nan
11.323289155960083,1784970479.570181,BSMC,square,square_bsmc_tune_p04,1784970479.5526612,-0.481679031480048,-0.9937804398690709,-0.020021435794746432,0.09978001760322848,-0.06360358431168178,1784970479.5427501,-0.477031551220899,-0.9992276603651069,-0.021628122748890446,0.02743077278137207,0,0,1784970479.5566363,-0.4822626276118963,-0.9625717841256287,0.018697637166416703,1784970479.5566785,-0.0012082795187616914,0.03119071718255832,0.038719072961163135,-0.006022588937127722,0.03653417366776998,0.040325759915307145,1784970479.5567262,0.0988617650570587,0.07202337900865272,1784970479.5583715,6997.13720703125,nan,nan,47.102821350097656,nan
11.363002300262451,1784970479.609894,BSMC,square,square_bsmc_tune_p04,1784970479.6028514,-0.4762431628071958,-0.9938668401756315,-0.02120779424427756,0.10288190673787312,-0.05693123594942985,1784970479.5427501,-0.477031551220899,-0.9992276603651069,-0.021628122748890446,0.06714391708374023,0,0,1784970479.5966492,-0.4822626276118963,-0.9625717841256287,0.018697637166416703,1784970479.59669,-0.0012082795187616914,0.03119071718255832,0.038719072961163135,-0.006022588937127722,0.03653417366776998,0.040325759915307145,1784970479.5967364,0.0988617650570587,0.07202337900865272,1784970479.60828,6997.18701171875,nan,nan,49.89292526245117,nan
11.403216123580933,1784970479.6501079,BSMC,square,square_bsmc_tune_p04,1784970479.6028514,-0.4762431628071958,-0.9938668401756315,-0.02120779424427756,0.10288190673787312,-0.05693123594942985,1784970479.6201012,-0.468273934173824,-0.9998893765306057,-0.026475210414475023,0.03000664710998535,0,0,1784970479.6363964,-0.47683027421126667,-0.9624702001145293,0.018697637166416703,1784970479.6364338,-0.0012527829462674425,0.0313771292794089,0.03990543141069426,-0.009543906325074524,0.037179558503995104,0.045172847580891726,1784970479.636476,0.0988179394000708,0.07339453807939125,1784970479.60828,6997.18701171875,nan,nan,49.89292526245117,nan
11.442867040634155,1784970479.6897588,BSMC,square,square_bsmc_tune_p04,1784970479.652554,-0.46988679617627543,-0.9947772915940254,-0.023563596038143064,0.10523364709601343,-0.05248324215376001,1784970479.6201012,-0.468273934173824,-0.9998893765306057,-0.026475210414475023,0.06965756416320801,0,0,1784970479.6763117,-0.47049314884054394,-0.9623516970337239,0.018697637166416703,1784970479.6763506,-0.0013701772421459359,0.03240230640660667,0.04226123320455977,-0.003212138814201227,0.037465777183796775,0.045172847580891726,1784970479.6763957,0.09870495672551459,0.07682834315309035,1784970479.6584778,6997.2373046875,nan,nan,50.00795364379883,nan
11.483238458633423,1784970479.7301302,BSMC,square,square_bsmc_tune_p04,1784970479.7029362,-0.4647235625936714,-0.9948867045090682,-0.025000480892817444,0.10424806545743705,-0.04850499938762637,1784970479.6201012,-0.468273934173824,-0.9998893765306057,-0.026475210414475023,0.11002898216247559,0,0,1784970479.716363,-0.4653337654087216,-0.9622552175109182,0.018697637166416703,1784970479.7163997,-0.001425730016389211,0.03260603602258781,0.043698118059234146,0.0019428825051931303,0.03769880270058218,0.045172847580891726,1784970479.7164404,0.09864989650138005,0.07846496429110764,1784970479.7085462,6997.287109375,nan,nan,49.991432189941406,nan
11.52280569076538,1784970479.7696974,BSMC,square,square_bsmc_tune_p04,1784970479.7527113,-0.4588773824315215,-0.9958520392071336,-0.027666130362483003,0.10288463479863125,-0.046351457745077526,1784970479.7399626,-0.45555196710301155,-1.0010581787711625,-0.031486199197814105,0.02973484992980957,0,0,1784970479.756117,-0.45950767411402516,-0.9621462706734982,0.018697637166416703,1784970479.756157,-0.0015624397121233086,0.03367543440245453,0.0463637675288997,-0.005178732028713992,0.0387680918324958,0.050183836364230815,1784970479.756205,0.09851759235820996,0.08225170204182494,1784970479.7603633,6997.33935546875,nan,nan,51.96877670288086,nan
11.562617063522339,1784970479.8095088,BSMC,square,square_bsmc_tune_p04,1784970479.802966,-0.4539435921555449,-0.9959732944775797,-0.028492030805416464,0.10117132309084524,-0.04136591041921494,1784970479.7399626,-0.45555196710301155,-1.0010581787711625,-0.031486199197814105,0.06954622268676758,0,0,1784970479.7962353,-0.45950767411402516,-0.9621462706734982,0.018697637166416703,1784970479.7962747,-0.0015624397121233086,0.03367543440245453,0.0463637675288997,-0.005178732028713992,0.0387680918324958,0.050183836364230815,1784970479.7963176,0.09851759235820996,0.08225170204182494,1784970479.8082795,6997.38720703125,nan,nan,48.12797927856445,nan
11.603137969970703,1784970479.8500297,BSMC,square,square_bsmc_tune_p04,1784970479.802966,-0.4539435921555449,-0.9959732944775797,-0.028492030805416464,0.10117132309084524,-0.04136591041921494,1784970479.8286972,-0.4463588915348085,-1.0020118668536355,-0.03125469625844822,0.021332502365112305,0,0,1784970479.836219,-0.4545778751568833,-0.9620540843382126,0.018697637166416703,1784970479.8362541,-0.0016003219931796187,0.03388737376844764,0.047189667971833174,-0.009463634605143172,0.03968142758760209,0.049952333424864916,1784970479.8362923,0.09848039406849815,0.08329527711098647,1784970479.8082795,6997.38720703125,nan,nan,48.12797927856445,nan
11.642855405807495,1784970479.8897471,BSMC,square,square_bsmc_tune_p04,1784970479.8525932,-0.44841010649146607,-0.9969084011426663,-0.03050672661529941,0.09918853431000653,-0.03981857811497789,1784970479.8286972,-0.4463588915348085,-1.0020118668536355,-0.03125469625844822,0.0610499382019043,0,0,1784970479.877005,-0.4490638039934146,-0.9619509722199531,0.018697637166416703,1784970479.8770459,-0.0017196646603095328,0.03492122435950213,0.04920436378171611,-0.003955478662566505,0.039956801909183264,0.049952333424864916,1784970479.8770878,0.0983656660494365,0.08640201997216168,1784970479.8651807,6997.44384765625,nan,nan,56.82249069213867,nan
11.68285346031189,1784970479.9297452,BSMC,square,square_bsmc_tune_p04,1784970479.9030406,-0.443366435421646,-0.9970467600965217,-0.031040124248423857,0.09950577223130107,-0.03490954091520821,1784970479.8286972,-0.4463588915348085,-1.0020118668536355,-0.03125469625844822,0.10104799270629883,0,0,1784970479.9163866,-0.44402448237639536,-0.9618567378310384,0.018697637166416703,1784970479.9164233,-0.0017498572378152673,0.03515264844200405,0.049737761414840556,0.0010784370212272053,0.04020846709999711,0.049952333424864916,1784970479.9164658,0.09833645888271128,0.08717860125981376,1784970479.912391,6997.4912109375,nan,nan,47.14661407470703,nan
11.723081350326538,1784970479.969973,BSMC,square,square_bsmc_tune_p04,1784970479.9533985,-0.43715502004532764,-0.9980131228148281,-0.03297616793863684,0.1012466666230445,-0.03152257690298708,1784970479.9436479,-0.4330821664584808,-1.0029081793701555,-0.03896673563029132,0.026325225830078125,0,0,1784970479.956193,-0.4378333027565493,-0.9617409639089758,0.018697637166416703,1784970479.9562263,-0.0018738139865668506,0.03623007590761427,0.051673805105053545,-0.006351275749574911,0.040950875708620466,0.057664372796708024,1784970479.9562666,0.098217564290278,0.0902550235353961,1784970479.9624867,6997.541015625,nan,nan,49.95137405395508,nan
11.762875080108643,1784970480.0097668,BSMC,square,square_bsmc_tune_p04,1784970480.0026202,-0.4321624610627782,-0.9981587376208095,-0.03277293720862371,0.10132775573393393,-0.02567748360255931,1784970479.9436479,-0.4330821664584808,-1.0029081793701555,-0.03896673563029132,0.06611895561218262,0,0,1784970479.9965072,-0.4378333027565493,-0.9617409639089758,0.018697637166416703,1784970479.9965456,-0.0018738139865668506,0.03623007590761427,0.051673805105053545,-0.006351275749574911,0.040950875708620466,0.057664372796708024,1784970479.9965882,0.098217564290278,0.0902550235353961,1784970479.9624867,6997.541015625,nan,nan,49.95137405395508,nan
11.802948474884033,1784970480.0498402,BSMC,square,square_bsmc_tune_p04,1784970480.0026202,-0.4321624610627782,-0.9981587376208095,-0.03277293720862371,0.10132775573393393,-0.02567748360255931,1784970480.0218859,-0.42507960990268107,-1.00388578557755,-0.03614876451538425,0.0279543399810791,0,0,1784970480.0366163,-0.4328452109956866,-0.9616476875089643,0.018697637166416703,1784970480.0366693,-0.0018787434710656856,0.03646907252331056,0.051470574375040413,-0.009287050411556237,0.04192984835937717,0.05484640168180095,1784970480.036711,0.0982142739847499,0.09031436728555453,1784970480.0121565,6997.5908203125,nan,nan,49.42655563354492,nan
11.842890977859497,1784970480.0897827,BSMC,square,square_bsmc_tune_p04,1784970480.0534909,-0.4262895549397252,-0.9990760835894149,-0.03340394643906376,0.10078214105871267,-0.021256531307838684,1784970480.0218859,-0.42507960990268107,-1.00388578557755,-0.03614876451538425,0.06789684295654297,0,0,1784970480.076949,-0.4269915060156978,-0.9615382243006998,0.018697637166416703,1784970480.0769987,-0.001955238948818143,0.03749347484490414,0.052101583605480464,-0.003441125728369345,0.042250798176662996,0.05484640168180095,1784970480.077045,0.09814369167537491,0.09204797817457798,1784970480.0595803,6997.63818359375,nan,nan,47.70927810668945,nan
11.88304328918457,1784970480.129935,BSMC,square,square_bsmc_tune_p04,1784970480.1034293,-0.4214351429524425,-0.9992200287590649,-0.03285423359534841,0.09953220831645215,-0.015971092488948735,1784970480.0218859,-0.42507960990268107,-1.00388578557755,-0.03614876451538425,0.10804915428161621,0,0,1784970480.1160924,-0.4221414817483352,-0.9614475297374647,0.018697637166416703,1784970480.116127,-0.0019467208836727622,0.037728912979735345,0.051551870761765116,0.0014024522578045412,0.04251671769391981,0.05484640168180095,1784970480.116166,0.09815403527919757,0.09176225359395075,1784970480.1093607,6997.68798828125,nan,nan,49.87874221801758,nan
11.923035144805908,1784970480.169927,BSMC,square,square_bsmc_tune_p04,1784970480.152593,-0.41571706243451567,-1.0001883749840053,-0.03354758657258612,0.09926575786961055,-0.012912636614327932,1784970480.1411445,-0.4122230420053399,-1.0052155337733593,-0.037569248087659386,0.028782367706298828,0,0,1784970480.15616,-0.4164435016145491,-0.9613409785552298,0.018697637166416703,1784970480.1562037,-0.002029022392361795,0.03880117255068482,0.05224522373900282,-0.005865427799717999,0.043685073327487396,0.056266885254076096,1784970480.1562529,0.09807801316553853,0.093609215568533,1784970480.1695175,6997.74853515625,nan,nan,60.13557052612305,nan
11.96289873123169,1784970480.2097905,BSMC,square,square_bsmc_tune_p04,1784970480.2029307,-0.4108014814167869,-1.0003403891538862,-0.03300658434861958,0.09867168230656427,-0.008907375063799475,1784970480.1411445,-0.4122230420053399,-1.0052155337733593,-0.037569248087659386,0.06864595413208008,0,0,1784970480.196279,-0.4164435016145491,-0.9613409785552298,0.018697637166416703,1784970480.196315,-0.002029022392361795,0.03880117255068482,0.05224522373900282,-0.005865427799717999,0.043685073327487396,0.056266885254076096,1784970480.1963542,0.09807801316553853,0.093609215568533,1784970480.1695175,6997.74853515625,nan,nan,60.13557052612305,nan
12.002894401550293,1784970480.2497861,BSMC,square,square_bsmc_tune_p04,1784970480.2029307,-0.4108014814167869,-1.0003403891538862,-0.03300658434861958,0.09867168230656427,-0.008907375063799475,1784970480.2219694,-0.40327059422418043,-1.0063159206221657,-0.03494638745415001,0.0278167724609375,0,0,1784970480.2366357,-0.4115324805351197,-0.9612491433628094,0.018697637166416703,1784970480.2366846,-0.0020206352036748793,0.03904583064275946,0.051704221515036286,-0.00983144242696383,0.04475059684255186,0.05364402462056671,1784970480.236726,0.09808820446980016,0.09334208212977352,1784970480.2104182,6997.78955078125,nan,nan,41.07205581665039,nan
12.043168067932129,1784970480.2900598,BSMC,square,square_bsmc_tune_p04,1784970480.2529972,-0.4049350247651223,-1.0012849783813882,-0.032721480347098944,0.0991589811645683,-0.004872265615937581,1784970480.2219694,-0.40327059422418043,-1.0063159206221657,-0.03494638745415001,0.06809043884277344,0,0,1784970480.2764747,-0.40568573203789327,-0.9611398102394951,0.018697637166416703,1784970480.2765222,-0.0020636803496468384,0.04009911856842664,0.05141911751351565,-0.003992083757247503,0.045064144363801927,0.05364402462056671,1784970480.2765844,0.09805179413387896,0.09420488602503158,1784970480.2705607,6997.849609375,nan,nan,60.02458572387695,nan
12.082804918289185,1784970480.3296967,BSMC,square,square_bsmc_tune_p04,1784970480.302689,-0.4002955994392794,-1.001430598418347,-0.0324090789654568,0.09698548283681817,-0.0030175570073071507,1784970480.2219694,-0.40327059422418043,-1.0063159206221657,-0.03494638745415001,0.1077272891998291,0,0,1784970480.31631,-0.4010506505898035,-0.9610531350675126,0.018697637166416703,1784970480.3163512,-0.0020630219816844247,0.040331793776014556,0.0511067161318735,0.0006371393146160714,0.045312712999776315,0.05364402462056671,1784970480.3163953,0.09805397425696628,0.09414985358944597,1784970480.3094313,6997.88818359375,nan,nan,38.8141975402832,nan
12.122822523117065,1784970480.3697143,BSMC,square,square_bsmc_tune_p04,1784970480.352779,-0.3943427829870793,-1.0023837628553849,-0.032805555322983376,0.0971832276835516,-0.00043262744925582405,1784970480.3401597,-0.3898555278713619,-1.0072502749871786,-0.03808187994516231,0.02955460548400879,0,0,1784970480.3564916,-0.395117732778841,-0.9609421905938539,0.018697637166416703,1784970480.3565314,-0.0021338027790983754,0.04139385636042333,0.051503192489400086,-0.007021462360870014,0.04607416355163123,0.05677951711157901,1784970480.3565753,0.097989653927365,0.0956933973359777,1784970480.3094313,6997.88818359375,nan,nan,38.8141975402832,nan
12.163094997406006,1784970480.4099867,BSMC,square,square_bsmc_tune_p04,1784970480.403252,-0.3893736573183975,-1.002522909953714,-0.030737508787554116,0.09769513984403219,0.006690384664171407,1784970480.3401597,-0.3898555278713619,-1.0072502749871786,-0.03808187994516231,0.06982707977294922,0,0,1784970480.396105,-0.395117732778841,-0.9609421905938539,0.018697637166416703,1784970480.3961442,-0.0021338027790983754,0.04139385636042333,0.051503192489400086,-0.007021462360870014,0.04607416355163123,0.05677951711157901,1784970480.3961859,0.097989653927365,0.0956933973359777,1784970480.3796897,6997.95849609375,nan,nan,70.24052429199219,nan
12.202821493148804,1784970480.4497132,BSMC,square,square_bsmc_tune_p04,1784970480.403252,-0.3893736573183975,-1.002522909953714,-0.030737508787554116,0.09769513984403219,0.006690384664171407,1784970480.3401597,-0.3898555278713619,-1.0072502749871786,-0.03808187994516231,0.10955357551574707,0,0,1784970480.436598,-0.39015294523780786,-0.9608493499784742,0.018697637166416703,1784970480.4366357,-0.0020596595360309116,0.04162992545353515,0.049435145953970826,-0.002063809116331892,0.04635595960267266,0.05677951711157901,1784970480.436676,0.09806533280817013,0.09391304143490357,1784970480.4103076,6997.9892578125,nan,nan,30.84488296508789,nan
12.243270874023438,1784970480.4901626,BSMC,square,square_bsmc_tune_p04,1784970480.452911,-0.38361139411666234,-1.0034133002529944,-0.029433219412670034,0.09904234349188608,0.011870226649299022,1784970480.4499993,-0.38009719116498036,-1.0080666941146612,-0.03262389934620368,0.040163278579711914,0,0,1784970480.4767177,-0.38440934061283305,-0.9607419456266316,0.018697637166416703,1784970480.4767692,-0.002053374894024495,0.04262938981271195,0.04813085657908674,-0.005853498876193685,0.047158912235358806,0.051321536512620385,1784970480.476808,0.09807722348436299,0.09371360372057949,1784970480.4611773,6998.0390625,nan,nan,49.86286163330078,nan
12.283066272735596,1784970480.529958,BSMC,square,square_bsmc_tune_p04,1784970480.5026739,-0.3786698187928591,-1.0035379824092583,-0.02698499129802841,0.09913132787114722,0.01805120978330779,1784970480.4499993,-0.38009719116498036,-1.0080666941146612,-0.03262389934620368,0.07995867729187012,0,0,1784970480.516528,-0.3794718233889479,-0.9606496149611751,0.018697637166416703,1784970480.5165672,-0.0019589143747382656,0.04285111350019269,0.04568262846444511,-0.0009216206175394694,0.047412246263392716,0.051321536512620385,1784970480.5166128,0.09817182836830629,0.09154296429357432,1784970480.51011,6998.0888671875,nan,nan,49.66925811767578,nan
12.322919607162476,1784970480.5698113,BSMC,square,square_bsmc_tune_p04,1784970480.5537026,-0.3724385125160291,-1.0044114641142405,-0.024862021214005284,0.09861156525320111,0.02323928966365319,1784970480.543867,-0.3667157800848137,-1.0091854334505213,-0.02687990099196186,0.025944232940673828,0,0,1784970480.556048,-0.37325902357091445,-0.9605334367453763,0.018697637166416703,1784970480.5560844,-0.001911041547336909,0.04384406966031258,0.04355965838042199,-0.007848483164230764,0.0484585609643603,0.04557753815837856,1784970480.5561256,0.09822342624670514,0.09052986850129358,1784970480.562741,6998.14111328125,nan,nan,52.04640579223633,nan
12.36332893371582,1784970480.6102207,BSMC,square,square_bsmc_tune_p04,1784970480.6024675,-0.3679301336991573,-1.0045075155107448,-0.022379158402209866,0.09636770443209214,0.02777553294647349,1784970480.543867,-0.3667157800848137,-1.0091854334505213,-0.02687990099196186,0.06635355949401855,0,0,1784970480.5964909,-0.37325902357091445,-0.9605334367453763,0.018697637166416703,1784970480.5965264,-0.001911041547336909,0.04384406966031258,0.04355965838042199,-0.007848483164230764,0.0484585609643603,0.04557753815837856,1784970480.5965643,0.09822342624670514,0.09052986850129358,1784970480.562741,6998.14111328125,nan,nan,52.04640579223633,nan
12.40326452255249,1784970480.6501563,BSMC,square,square_bsmc_tune_p04,1784970480.6024675,-0.3679301336991573,-1.0045075155107448,-0.022379158402209866,0.09636770443209214,0.02777553294647349,1784970480.6218748,-0.3585278459533092,-1.0096215893827876,-0.022322580516708043,0.028281450271606445,0,0,1784970480.6365433,-0.3687540162226023,-0.9604491939351752,0.018697637166416703,1784970480.636595,-0.0018095820788584939,0.04402885298493034,0.04107679556862657,-0.011321186136095158,0.04893188916141318,0.04102021768312475,1784970480.636649,0.09832321447569414,0.088284653504178,1784970480.611254,6998.1904296875,nan,nan,49.294219970703125,nan
12.443060636520386,1784970480.6899524,BSMC,square,square_bsmc_tune_p04,1784970480.6526437,-0.36225435373115616,-1.0052744573791594,-0.020984778107835653,0.09383573169074469,0.028466793471738083,1784970480.6218748,-0.3585278459533092,-1.0096215893827876,-0.022322580516708043,0.06807756423950195,0,0,1784970480.676701,-0.3630945569441637,-0.9603433630858621,0.018697637166416703,1784970480.6767428,-0.0017828180684348787,0.04490357152351232,0.039682415274252356,-0.005665499068058086,0.04916401688791123,0.04102021768312475,1784970480.6767883,0.09835239572705781,0.0878606830565962,1784970480.6601675,6998.23876953125,nan,nan,48.74054718017578,nan
12.48330569267273,1784970480.7301974,BSMC,square,square_bsmc_tune_p04,1784970480.7028573,-0.35756140798624975,-1.0053597570317194,-0.0184387653081133,0.09370011510885513,0.03216502512174451,1784970480.6218748,-0.3585278459533092,-1.0096215893827876,-0.022322580516708043,0.1083226203918457,0,0,1784970480.7162988,-0.35840484619984136,-0.9602556663560711,0.018697637166416703,1784970480.71634,-0.0016749114554376419,0.045080872388560754,0.03713640247453001,-0.0009789141657604809,0.049356369520813875,0.04102021768312475,1784970480.7163854,0.09845713022420882,0.08554485490075554,1784970480.6601675,6998.23876953125,nan,nan,48.74054718017578,nan
12.522897243499756,1784970480.769789,BSMC,square,square_bsmc_tune_p04,1784970480.7528875,-0.3510022060089604,-1.006116407772561,-0.014912556188645941,0.09736975060598972,0.0385180184618927,1784970480.7415502,-0.34474975889181536,-1.0105136775664894,-0.014866139142408663,0.028238773345947266,0,0,1784970480.7562957,-0.35186208134697883,-0.9601333178547093,0.018697637166416703,1784970480.756336,-0.001545479725034399,0.04596515458920677,0.03361019335506264,-0.007860470401380375,0.05026906385107636,0.033563776308825365,1784970480.7563767,0.09858350090397648,0.08303064341627274,1784970480.7602978,6998.33935546875,nan,nan,28.075885772705078,nan
12.56299114227295,1784970480.8098829,BSMC,square,square_bsmc_tune_p04,1784970480.8028681,-0.3458287031969437,-1.0061739094574806,-0.011196163106726161,0.09954995742310033,0.044460486824485494,1784970480.7415502,-0.34474975889181536,-1.0105136775664894,-0.014866139142408663,0.06833267211914062,0,0,1784970480.796254,-0.35186208134697883,-0.9601333178547093,0.018697637166416703,1784970480.7962894,-0.001545479725034399,0.04596515458920677,0.03361019335506264,-0.007860470401380375,0.05026906385107636,0.033563776308825365,1784970480.7963278,0.09858350090397648,0.08303064341627274,1784970480.7602978,6998.33935546875,nan,nan,28.075885772705078,nan
12.602974653244019,1784970480.8498664,BSMC,square,square_bsmc_tune_p04,1784970480.8028681,-0.3458287031969437,-1.0061739094574806,-0.011196163106726161,0.09954995742310033,0.044460486824485494,1784970480.830599,-0.3358139253661695,-1.0110841401116382,-0.009777658033865978,0.01926732063293457,0,0,1784970480.8365142,-0.34669146188432287,-0.9600366282201903,0.018697637166416703,1784970480.8365588,-0.0013792543467289942,0.046124730134370434,0.029893800273142864,-0.011376133723777267,0.05093871663587538,0.02847529520028268,1784970480.836606,0.09874157753750414,0.07954190788901519,1784970480.8113494,6998.39013671875,nan,nan,50.997825622558594,nan
12.642911434173584,1784970480.8898032,BSMC,square,square_bsmc_tune_p04,1784970480.8527842,-0.3396020142213263,-1.006867621244537,-0.007911750284971542,0.10063150040859822,0.048640838002488807,1784970480.830599,-0.3358139253661695,-1.0110841401116382,-0.009777658033865978,0.0592041015625,0,0,1784970480.8768892,-0.34047991726412496,-0.9599204734763606,0.018697637166416703,1784970480.8769398,-0.0012493058011337956,0.046938732751692525,0.026609387451388244,-0.0051660217243791684,0.05111559921883776,0.02847529520028268,1784970480.8769948,0.09886521000887713,0.07718910800447748,1784970480.8612878,6998.43994140625,nan,nan,49.84902572631836,nan
12.682873010635376,1784970480.9297647,BSMC,square,square_bsmc_tune_p04,1784970480.902985,-0.3348558174192939,-1.006901769880307,-0.005446890818717589,0.09839253527445174,0.0487101860217973,1784970480.830599,-0.3358139253661695,-1.0110841401116382,-0.009777658033865978,0.09916567802429199,0,0,1784970480.9169552,-0.33573601789690255,-0.9598317634292715,0.018697637166416703,1784970480.9169989,-0.0011365713386856336,0.047064513869511056,0.024144527985134293,-0.0004232164825830717,0.051250688512193124,0.02847529520028268,1784970480.917046,0.09897067072634914,0.07489657915030895,1784970480.913166,6998.49169921875,nan,nan,51.73846435546875,nan
12.723071098327637,1784970480.9699628,BSMC,square,square_bsmc_tune_p04,1784970480.9529676,-0.32869813507523543,-1.0075404993740547,-0.003468662233540107,0.09877408379302673,0.05020348295577221,1784970480.9418485,-0.32346365734504773,-1.0112989653524962,-0.008628139102741118,0.02811431884765625,0,0,1784970480.9563394,-0.3295924279868584,-0.9597168794260437,0.018697637166416703,1784970480.9563777,-0.0010601711834760763,0.04782023025671562,0.02216629939995681,-0.006573594406291123,0.05152728670020797,0.02732577626915782,1784970480.95642,0.09904248312298575,0.07376747449576729,1784970480.9643266,6998.54345703125,nan,nan,51.33103942871094,nan
12.763094663619995,1784970481.0099864,BSMC,square,square_bsmc_tune_p04,1784970481.0024612,-0.32387277609863624,-1.007542822664023,8.272958845770544e-05,0.09830661396525614,0.05377548361795482,1784970480.9418485,-0.32346365734504773,-1.0112989653524962,-0.008628139102741118,0.06813788414001465,0,0,1784970480.9964101,-0.3295924279868584,-0.9597168794260437,0.018697637166416703,1784970480.996456,-0.0010601711834760763,0.04782023025671562,0.02216629939995681,-0.006573594406291123,0.05152728670020797,0.02732577626915782,1784970480.9965553,0.09904248312298575,0.07376747449576729,1784970480.9643266,6998.54345703125,nan,nan,51.33103942871094,nan
12.802942752838135,1784970481.0498345,BSMC,square,square_bsmc_tune_p04,1784970481.0024612,-0.32387277609863624,-1.007542822664023,8.272958845770544e-05,0.09830661396525614,0.05377548361795482,1784970481.0223951,-0.31484357049331513,-1.0122060757009366,0.007291701504765457,0.027439355850219727,0,0,1784970481.0362835,-0.324768799196981,-0.9596266784533908,0.018697637166416703,1784970481.0363243,-0.0008920590123919672,0.0479162181742809,0.018614907577958997,-0.009541574975430098,0.052650370622850745,0.011405935661651247,1784970481.0363677,0.09919766283018457,0.07037155038935664,1784970481.0157812,6998.5947265625,nan,nan,51.436553955078125,nan
12.842790365219116,1784970481.089682,BSMC,square,square_bsmc_tune_p04,1784970481.0527678,-0.3177468857656561,-1.0081103602254167,0.004797575505716823,0.09899126468872393,0.058152944894633865,1784970481.0223951,-0.31484357049331513,-1.0122060757009366,0.007291701504765457,0.06728696823120117,0,0,1784970481.0766084,-0.3186556593740707,-0.9595123638612012,0.018697637166416703,1784970481.0766442,-0.0006756114873526642,0.048601796975068806,0.01390006166069988,-0.0034277641257954043,0.052720107380218394,0.011405935661651247,1784970481.0766816,0.09939580146096495,0.06646884131511938,1784970481.0608425,6998.6396484375,nan,nan,45.02874755859375,nan
12.883044719696045,1784970481.1299365,BSMC,square,square_bsmc_tune_p04,1784970481.1025908,-0.3127236749264187,-1.0080744935702621,0.008568723553140496,0.09964090812533263,0.06103204449692245,1784970481.0223951,-0.31484357049331513,-1.0122060757009366,0.007291701504765457,0.10754132270812988,0,0,1784970481.1162622,-0.3136335339875054,-0.9594184510386384,0.018697637166416703,1784970481.1162996,-0.0004929105832507503,0.048662052541042035,0.010128913613276207,0.0015949125290944382,0.05277739819143794,0.011405935661651247,1784970481.1163404,0.09956110898604707,0.06281717922692409,1784970481.12954,6998.7080078125,nan,nan,68.54463958740234,nan
12.923027753829956,1784970481.1699195,BSMC,square,square_bsmc_tune_p04,1784970481.152635,-0.30656601099839786,-1.0085082122679403,0.01409279733602122,0.100906354149021,0.06635872821866351,1784970481.1412225,-0.30237992190362534,-1.0119902156937979,0.0184714688756104,0.02869701385498047,0,0,1784970481.1560283,-0.30748613016291837,-0.959303495715909,0.018697637166416703,1784970481.1560676,-0.00022661864984045135,0.04921279705757644,0.004604839830395483,-0.004132191410027351,0.05277204580994225,0.00022616829080630144,1784970481.15611,0.0997995153625207,0.05797008181787958,1784970481.1612358,6998.740234375,nan,nan,31.921585083007812,nan
12.963101863861084,1784970481.2099936,BSMC,square,square_bsmc_tune_p04,1784970481.2027736,-0.301498242580872,-1.008422032515033,0.01847656583903242,0.10096690058801788,0.06985308333843548,1784970481.1412225,-0.30237992190362534,-1.0119902156937979,0.0184714688756104,0.0687711238861084,0,0,1784970481.1961958,-0.30748613016291837,-0.959303495715909,0.018697637166416703,1784970481.196233,-0.00022661864984045135,0.04921279705757644,0.004604839830395483,-0.004132191410027351,0.05277204580994225,0.00022616829080630144,1784970481.196273,0.0997995153625207,0.05797008181787958,1784970481.1612358,6998.740234375,nan,nan,31.921585083007812,nan
13.003040552139282,1784970481.2499323,BSMC,square,square_bsmc_tune_p04,1784970481.2027736,-0.301498242580872,-1.008422032515033,0.01847656583903242,0.10096690058801788,0.06985308333843548,1784970481.2238925,-0.2935530801503833,-1.011710670374425,0.03254158192311554,0.026039838790893555,0,0,1784970481.2367983,-0.30241852225684496,-0.959208732378583,0.018697637166416703,1784970481.2368414,-1.0881551546292273e-05,0.04922190271204643,0.00022107132738428265,-0.007152553874777552,0.05276258646172179,-0.01384394475669884,1784970481.2368927,0.0999904217910127,0.05365883610881156,1784970481.2216852,6998.80029296875,nan,nan,60.06447219848633,nan
13.04334831237793,1784970481.29024,BSMC,square,square_bsmc_tune_p04,1784970481.2525885,-0.2957712947745142,-1.0086935658578862,0.024370149245856756,0.099269964697504,0.0721062825430823,1784970481.2238925,-0.2935530801503833,-1.011710670374425,0.03254158192311554,0.06634759902954102,0,0,1784970481.2767203,-0.2966986522162133,-0.9591017718591095,0.018697637166416703,1784970481.2767842,0.0002813577219913292,0.04959966594316994,-0.005672512079440052,-0.0014322320578835002,0.052683389582946,-0.01384394475669884,1784970481.2768288,0.1002459859300019,0.048259610983306854,1784970481.2631304,6998.841796875,nan,nan,41.68606185913086,nan
13.082714557647705,1784970481.3296063,BSMC,square,square_bsmc_tune_p04,1784970481.3026135,-0.29088695171367146,-1.0085695775808663,0.028083594521383853,0.09866843018120526,0.07245064866952239,1784970481.2238925,-0.2935530801503833,-1.011710670374425,0.03254158192311554,0.1057138442993164,0,0,1784970481.3162737,-0.2918136987831763,-0.9590104241268901,0.018697637166416703,1784970481.316386,0.0004652345921094314,0.04956563434457288,-0.00938595735496715,0.0034531072066475658,0.052615752895029455,-0.01384394475669884,1784970481.316463,0.10040500166362,0.04456234150590459,1784970481.3124042,6998.89111328125,nan,nan,49.2221565246582,nan
13.123785972595215,1784970481.3706777,BSMC,square,square_bsmc_tune_p04,1784970481.352975,-0.2848635764649472,-1.0088067122978854,0.034293298278935146,0.10004188666957486,0.07706253590339845,1784970481.3436518,-0.2811399603489618,-1.0117417290157729,0.040282577904894236,0.027025938034057617,0,0,1784970481.3559725,-0.28579686189648845,-0.9588979103819245,0.018697637166416703,1784970481.3560114,0.0007784652812469244,0.04991145682295043,-0.015595661112518443,-0.0025250141241251645,0.052988491236337185,-0.021584940738477533,1784970481.3560534,0.1006728884617111,0.03881715828007269,1784970481.364517,6998.943359375,nan,nan,52.12820053100586,nan
13.163422346115112,1784970481.410314,BSMC,square,square_bsmc_tune_p04,1784970481.4028933,-0.279637824957657,-1.0086191669718279,0.038687087564785366,0.10177858920628537,0.0788803692400208,1784970481.3436518,-0.2811399603489618,-1.0117417290157729,0.040282577904894236,0.06666231155395508,0,0,1784970481.3963096,-0.28579686189648845,-0.9588979103819245,0.018697637166416703,1784970481.396374,0.0007784652812469244,0.04991145682295043,-0.015595661112518443,-0.0025250141241251645,0.052988491236337185,-0.021584940738477533,1784970481.3964186,0.1006728884617111,0.03881715828007269,1784970481.364517,6998.943359375,nan,nan,52.12820053100586,nan
13.203105926513672,1784970481.4499977,BSMC,square,square_bsmc_tune_p04,1784970481.4028933,-0.279637824957657,-1.0086191669718279,0.038687087564785366,0.10177858920628537,0.0788803692400208,1784970481.448956,-0.27350576501895224,-1.0115971637002443,0.049467544015944075,0.0010416507720947266,0,0,1784970481.436856,-0.28056943127035516,-0.9588001583890802,0.018697637166416703,1784970481.4369,0.0009959623719647274,0.049817763553208376,-0.019989450398368663,-0.004444352340022105,0.053081700076542816,-0.030769906849527368,1784970481.4369447,0.10085646864621983,0.03438490258935642,1784970481.415521,6998.99462890625,nan,nan,51.125118255615234,nan
13.24283480644226,1784970481.4897265,BSMC,square,square_bsmc_tune_p04,1784970481.4533856,-0.27409657428691175,-1.00879418197312,0.044335919297901705,0.10337317317437973,0.0813869689636371,1784970481.448956,-0.27350576501895224,-1.0115971637002443,0.049467544015944075,0.040770530700683594,0,0,1784970481.4763846,-0.27503338920852816,-0.9586966354190557,0.018697637166416703,1784970481.4764209,0.0012844988499093792,0.050089837847996616,-0.025638282131485002,0.0010900365893064421,0.05291135368073084,-0.030769906849527368,1784970481.4764624,0.10109749471264633,0.029113197633892286,1784970481.462428,6999.041015625,nan,nan,46.81148147583008,nan
13.2828688621521,1784970481.5297606,BSMC,square,square_bsmc_tune_p04,1784970481.5029461,-0.26919255715728335,-1.0085851670460289,0.04720229835663629,0.10176031121363635,0.07747264828419176,1784970481.448956,-0.27350576501895224,-1.0115971637002443,0.049467544015944075,0.08080458641052246,0,0,1784970481.5162349,-0.27012717915704265,-0.9586048901919744,0.018697637166416703,1784970481.5162692,0.001424726974031856,0.04996870766529623,-0.028504661190219584,0.005994781584134179,0.052760387486826814,-0.030769906849527368,1784970481.5163093,0.10121313670235249,0.026156989953061833,1784970481.5123844,6999.09130859375,nan,nan,50.03074645996094,nan
13.323677778244019,1784970481.5705695,BSMC,square,square_bsmc_tune_p04,1784970481.5526423,-0.26336941326997365,-1.0086884033289605,0.055555028576547684,0.10194535700506037,0.08266428567504251,1784970481.5421848,-0.2603681091428447,-1.0119375939876516,0.07160128401854693,0.028384685516357422,0,0,1784970481.5562134,-0.2643080006378413,-0.9584960726221867,0.018697637166416703,1784970481.5562494,0.0018498629038954204,0.05016701122512737,-0.03685739141013098,-0.00010658357918351402,0.05358644969382123,-0.05290364685213022,1784970481.5562904,0.10155996367930768,0.01814202456361192,1784970481.5623176,6999.14111328125,nan,nan,49.94081115722656,nan
13.36262845993042,1784970481.6095202,BSMC,square,square_bsmc_tune_p04,1784970481.6025712,-0.25820539170201806,-1.008400157391758,0.0595293281857253,0.10255444937580822,0.08215024843599066,1784970481.5421848,-0.2603681091428447,-1.0119375939876516,0.07160128401854693,0.06733536720275879,0,0,1784970481.596497,-0.2643080006378413,-0.9584960726221867,0.018697637166416703,1784970481.5965395,0.0018498629038954204,0.05016701122512737,-0.03685739141013098,-0.00010658357918351402,0.05358644969382123,-0.05290364685213022,1784970481.5965872,0.10155996367930768,0.01814202456361192,1784970481.5623176,6999.14111328125,nan,nan,49.94081115722656,nan
13.403018712997437,1784970481.6499104,BSMC,square,square_bsmc_tune_p04,1784970481.6025712,-0.25820539170201806,-1.008400157391758,0.0595293281857253,0.10255444937580822,0.08215024843599066,1784970481.6212096,-0.25129600166861127,-1.0116662356231185,0.07994782435447406,0.028700828552246094,0,0,1784970481.636295,-0.2591403959479842,-0.9583994393633655,0.018697637166416703,1784970481.6363328,0.0020414034395382537,0.04996777669950742,-0.0408316910193086,-0.0035653089246026996,0.053723129820036075,-0.061250187188057366,1784970481.6363735,0.1017130852584329,0.014010289343083002,1784970481.6132743,6999.1923828125,nan,nan,51.07123947143555,nan
13.44289779663086,1784970481.6897895,BSMC,square,square_bsmc_tune_p04,1784970481.6531985,-0.25209143230221126,-1.0084019649587013,0.06766968529375124,0.10396911548969663,0.08681219549636891,1784970481.6212096,-0.25129600166861127,-1.0116662356231185,0.07994782435447406,0.06857991218566895,0,0,1784970481.6767974,-0.2530286075386641,-0.9582851500423618,0.018697637166416703,1784970481.6768343,0.002453771080309795,0.0500654815443523,-0.048972048127334536,0.0025360851178454612,0.053348950253552845,-0.061250187188057366,1784970481.6768787,0.10203942943911014,0.006098061691790375,1784970481.679492,6999.25830078125,nan,nan,66.11827087402344,nan
13.483031034469604,1784970481.7299228,BSMC,square,square_bsmc_tune_p04,1784970481.7027316,-0.24698839116544916,-1.0080554820069594,0.07154918965877988,0.10369620242268186,0.08537204384265598,1784970481.6212096,-0.25129600166861127,-1.0116662356231185,0.07994782435447406,0.10871315002441406,0,0,1784970481.7161436,-0.24792087332282708,-0.9581896363504112,0.018697637166416703,1784970481.7161808,0.0026347211233773444,0.04980492275486974,-0.052851552492363174,0.00763513256971611,0.053036241493596585,-0.061250187188057366,1784970481.7162218,0.10217892276571103,0.0019946068601813544,1784970481.7173443,6999.29638671875,nan,nan,37.80612564086914,nan
13.522921800613403,1784970481.7698135,BSMC,square,square_bsmc_tune_p04,1784970481.752747,-0.2413063857322223,-1.0080106910127815,0.07887043328844257,0.10235298041071872,0.08823942922772776,1784970481.740546,-0.23871730843916375,-1.0108806984874397,0.09055135657225542,0.029267549514770508,0,0,1784970481.7562585,-0.24224001680593643,-0.9580834053766679,0.018697637166416703,1784970481.7562957,0.0030029766590944596,0.04984563821596443,-0.06017279612202586,0.0012660597777391833,0.05289953427678988,-0.07185371940583873,1784970481.7563367,0.1024616358085121,-0.00516964950778891,1784970481.762508,6999.34130859375,nan,nan,45.20292663574219,nan
13.56272029876709,1784970481.809612,BSMC,square,square_bsmc_tune_p04,1784970481.80303,-0.23650888966480585,-1.007635864929001,0.08238833102638705,0.09994047496491461,0.08518822670515903,1784970481.740546,-0.23871730843916375,-1.0108806984874397,0.09055135657225542,0.06906604766845703,0,0,1784970481.7963624,-0.24224001680593643,-0.9580834053766679,0.018697637166416703,1784970481.7964077,0.0030029766590944596,0.04984563821596443,-0.06017279612202586,0.0012660597777391833,0.05289953427678988,-0.07185371940583873,1784970481.7964575,0.1024616358085121,-0.00516964950778891,1784970481.762508,6999.34130859375,nan,nan,45.20292663574219,nan
13.60283637046814,1784970481.849728,BSMC,square,square_bsmc_tune_p04,1784970481.80303,-0.23650888966480585,-1.007635864929001,0.08238833102638705,0.09994047496491461,0.08518822670515903,1784970481.8296566,-0.2299777873292061,-1.0100503933270528,0.10104347695345992,0.02007150650024414,0,0,1784970481.83612,-0.2374371910267431,-0.957993593416495,0.018697637166416703,1784970481.836161,0.0031601659251033216,0.04955027967293165,-0.06369069385997035,-0.0021703025814803958,0.05254372376559828,-0.08234583978704321,1784970481.8362074,0.10257818934405506,-0.008953244230846369,1784970481.8146193,6999.3935546875,nan,nan,52.1168098449707,nan
13.643194198608398,1784970481.890086,BSMC,square,square_bsmc_tune_p04,1784970481.8529217,-0.23113018543168817,-1.0074880610431063,0.08920195553895997,0.09848182834547725,0.08595254062394621,1784970481.8296566,-0.2299777873292061,-1.0100503933270528,0.10104347695345992,0.06042933464050293,0,0,1784970481.876651,-0.23205760403892906,-0.9578929961276262,0.018697637166416703,1784970481.8766932,0.003494380863505087,0.04948049991283946,-0.07050431837254327,0.0031919929645467257,0.052101160266150304,-0.08234583978704321,1784970481.876739,0.10282661515336071,-0.015734550546989023,1784970481.8632417,6999.4423828125,nan,nan,48.68890380859375,nan
13.683051824569702,1784970481.9299436,BSMC,square,square_bsmc_tune_p04,1784970481.902851,-0.22616095661896302,-1.0070541745372033,0.09234689145111695,0.09900381114561811,0.08215698852689925,1784970481.8296566,-0.2299777873292061,-1.0100503933270528,0.10104347695345992,0.10028696060180664,0,0,1784970481.9164946,-0.22708200151249225,-0.9577999532740054,0.018697637166416703,1784970481.91653,0.0036248917495733056,0.049129286538111126,-0.07364925428470025,0.00815160256408493,0.051691831432737916,-0.08234583978704321,1784970481.916569,0.1029188166766388,-0.019210159402611865,1784970481.9133582,6999.4921875,nan,nan,50.06700134277344,nan
13.723194599151611,1784970481.9700863,BSMC,square,square_bsmc_tune_p04,1784970481.952943,-0.2211123631801051,-1.0066190892158404,0.09402332469010564,0.09974178178205483,0.07462336498641724,1784970481.9530792,-0.21723872429214647,-1.0093481332274263,0.11208544215259794,0.017007112503051758,0,0,1784970481.956666,-0.22202703969289972,-0.9577054264161744,0.018697637166416703,1784970481.9567041,0.00368161555719795,0.04878348848218511,-0.07532568752368894,0.0010180144373433458,0.051854226228682444,-0.09338780498618124,1784970481.9567487,0.10295625784580818,-0.02123482732956715,1784970481.9634745,6999.54248046875,nan,nan,50.0411376953125,nan
13.763011932373047,1784970482.0099037,BSMC,square,square_bsmc_tune_p04,1784970482.002632,-0.21514064260828972,-1.006363482820558,0.10092966009006807,0.10299665734058275,0.07608650272106257,1784970481.9530792,-0.21723872429214647,-1.0093481332274263,0.11208544215259794,0.056824445724487305,0,0,1784970481.996837,-0.22202703969289972,-0.9577054264161744,0.018697637166416703,1784970481.9968872,0.00368161555719795,0.04878348848218511,-0.07532568752368894,0.0010180144373433458,0.051854226228682444,-0.09338780498618124,1784970481.9969387,0.10295625784580818,-0.02123482732956715,1784970481.9634745,6999.54248046875,nan,nan,50.0411376953125,nan
13.803605079650879,1784970482.0504968,BSMC,square,square_bsmc_tune_p04,1784970482.002632,-0.21514064260828972,-1.006363482820558,0.10092966009006807,0.10299665734058275,0.07608650272106257,1784970482.023629,-0.20830698833447336,-1.008676570947783,0.1231638181307822,0.02686786651611328,0,0,1784970482.0366538,-0.216052628479256,-0.9575937060235046,0.018697637166416703,1784970482.0367,0.004006619437907275,0.04861347393205968,-0.08223202292365137,-0.0014113000113642402,0.05164748069753705,-0.1044661809643655,1784970482.036749,0.103187910308013,-0.02821208468752709,1784970482.0132017,6999.59228515625,nan,nan,49.832725524902344,nan
13.842746019363403,1784970482.0896378,BSMC,square,square_bsmc_tune_p04,1784970482.0533884,-0.20879325894137074,-1.005992124578912,0.10898728224351839,0.10659110229845212,0.08049905002707672,1784970482.023629,-0.20830698833447336,-1.008676570947783,0.1231638181307822,0.0660088062286377,0,0,1784970482.0772266,-0.20970052170600262,-0.9574749227932228,0.018697637166416703,1784970482.0772674,0.004375416221929367,0.04832802217887939,-0.09028964507710169,0.00490728188149848,0.05098499086531701,-0.1044661809643655,1784970482.0773118,0.10344303211086607,-0.03644353013165523,1784970482.0653076,6999.64306640625,nan,nan,51.17969512939453,nan
13.883120775222778,1784970482.1300125,BSMC,square,square_bsmc_tune_p04,1784970482.102702,-0.2033600975436133,-1.00540304470081,0.11233951413898087,0.10813855941816762,0.07844515234084083,1784970482.023629,-0.20830698833447336,-1.008676570947783,0.1231638181307822,0.1063835620880127,0,0,1784970482.1159246,-0.20425824769411682,-0.9573731532685145,0.018697637166416703,1784970482.115959,0.0044918241107290485,0.04782782308290037,-0.09364187697256417,0.010320832889849465,0.050417391590662,-0.1044661809643655,1784970482.1159954,0.10351468545046794,-0.04028102894068597,1784970482.115198,6999.693359375,nan,nan,50.0753173828125,nan
13.922834396362305,1784970482.1697261,BSMC,square,square_bsmc_tune_p04,1784970482.1532624,-0.19741638837555883,-1.0050040466604644,0.12005900534106045,0.1079748268482969,0.08142775215429494,1784970482.1428556,-0.19552684184954588,-1.0074388863373718,0.1356721534937986,0.0268704891204834,0,0,1784970482.1561148,-0.19830915763242118,-0.9572619063767367,0.018697637166416703,1784970482.1561494,0.004831771046735486,0.04750539952857003,-0.10136136817464375,0.004030005488036741,0.05009221151887791,-0.11697451632738191,1784970482.156195,0.10373869184630274,-0.04821462349492571,1784970482.1663423,6999.7431640625,nan,nan,49.97835922241211,nan
13.962754249572754,1784970482.209646,BSMC,square,square_bsmc_tune_p04,1784970482.202631,-0.1922685130711783,-1.0043919505487022,0.12294560583716098,0.10691346105307545,0.07764327384562017,1784970482.1428556,-0.19552684184954588,-1.0074388863373718,0.1356721534937986,0.06679034233093262,0,0,1784970482.1972773,-0.19830915763242118,-0.9572619063767367,0.018697637166416703,1784970482.197326,0.004831771046735486,0.04750539952857003,-0.10136136817464375,0.004030005488036741,0.05009221151887791,-0.11697451632738191,1784970482.1973772,0.10373869184630274,-0.04821462349492571,1784970482.1663423,6999.7431640625,nan,nan,49.97835922241211,nan
14.002835750579834,1784970482.2497275,BSMC,square,square_bsmc_tune_p04,1784970482.202631,-0.1922685130711783,-1.0043919505487022,0.12294560583716098,0.10691346105307545,0.07764327384562017,1784970482.225617,-0.18628308163950627,-1.0063086779155643,0.1431219795340365,0.02411055564880371,0,0,1784970482.2371483,-0.19315163974015737,-0.9571654617391782,0.018697637166416703,1784970482.2371893,0.0049152121494897985,0.046978312523068264,-0.10424796867074428,0.00021115612645901047,0.049620441348614604,-0.12442434236761979,1784970482.2372303,0.10378249667128903,-0.05162158366988341,1784970482.2160647,6999.79296875,nan,nan,49.74924850463867,nan
14.042751789093018,1784970482.2896435,BSMC,square,square_bsmc_tune_p04,1784970482.252547,-0.18655719809844548,-1.0039248238065352,0.12999048032119206,0.10603293313262575,0.07952069474567117,1784970482.225617,-0.18628308163950627,-1.0063086779155643,0.1431219795340365,0.0640265941619873,0,0,1784970482.2761588,-0.18743358908898433,-0.9570585352419535,0.018697637166416703,1784970482.276197,0.005206031756519071,0.04658448559699955,-0.11129284315477538,0.005885994025276405,0.04891068692112939,-0.12442434236761979,1784970482.2763238,0.10396264206582459,-0.058964780332510056,1784970482.2663217,6999.84228515625,nan,nan,49.366790771484375,nan
14.083024501800537,1784970482.3299162,BSMC,square,square_bsmc_tune_p04,1784970482.3030362,-0.18167744745329883,-1.0033053890467487,0.13197754905646802,0.10286378012487549,0.07279078291841108,1784970482.225617,-0.18628308163950627,-1.0063086779155643,0.1431219795340365,0.10429930686950684,0,0,1784970482.3163188,-0.18254396494665803,-0.956967100168328,0.018697637166416703,1784970482.316351,0.005238893639119535,0.04604934160424295,-0.11327991189005132,0.010738666043519805,0.04830376113549607,-0.12442434236761979,1784970482.3163874,0.10396929530757465,-0.06149571613402213,1784970482.3170903,6999.89599609375,nan,nan,53.66925048828125,nan
14.12328028678894,1784970482.370172,BSMC,square,square_bsmc_tune_p04,1784970482.3529477,-0.17598345124493808,-1.0028340753590506,0.13715689599227532,0.10179213064276663,0.07155614118009311,1784970482.3434832,-0.17279821228739678,-1.0047624017156473,0.1479800232555473,0.026688814163208008,0,0,1784970482.3561115,-0.17684314873815055,-0.9568604959520165,0.018697637166416703,1784970482.3561583,0.005434218043209418,0.04565937316185538,-0.1184592588258586,0.0030619535583026446,0.04797476969288341,-0.12928238608913062,1784970482.356209,0.10408130216822313,-0.06700015206469717,1784970482.3662505,6999.943359375,nan,nan,47.37367248535156,nan
14.162908792495728,1784970482.4098005,BSMC,square,square_bsmc_tune_p04,1784970482.402744,-0.17099049863798665,-1.0021569761681708,0.13943880869239839,0.10155684987282486,0.067276222538795,1784970482.3434832,-0.17279821228739678,-1.0047624017156473,0.1479800232555473,0.06631731986999512,0,0,1784970482.396307,-0.17684314873815055,-0.9568604959520165,0.018697637166416703,1784970482.3963463,0.005434218043209418,0.04565937316185538,-0.1184592588258586,0.0030619535583026446,0.04797476969288341,-0.12928238608913062,1784970482.3963888,0.10408130216822313,-0.06700015206469717,1784970482.3662505,6999.943359375,nan,nan,47.37367248535156,nan
14.202844381332397,1784970482.449736,BSMC,square,square_bsmc_tune_p04,1784970482.402744,-0.17099049863798665,-1.0021569761681708,0.13943880869239839,0.10155684987282486,0.067276222538795,1784970482.3434832,-0.17279821228739678,-1.0047624017156473,0.1479800232555473,0.10625290870666504,0,0,1784970482.4365673,-0.17183928426766248,-0.9567669246052313,0.018697637166416703,1784970482.436609,0.005468097449333563,0.045067473062243506,-0.12074117152598168,0.00802492661326078,0.04732954593966948,-0.12928238608913062,1784970482.436654,0.10408388934444023,-0.06988068933661953,1784970482.4182026,6999.99658203125,nan,nan,53.26405334472656,nan
14.243542909622192,1784970482.4904346,BSMC,square,square_bsmc_tune_p04,1784970482.4529104,-0.1653888134903264,-1.0016341807566027,0.14415625221507355,0.10270718809613365,0.0671453099925614,1784970482.4492538,-0.16352859998804495,-1.003450328968721,0.1522052828074906,0.04118084907531738,0,0,1784970482.4764555,-0.16622978448925685,-0.9566620279893951,0.018697637166416703,1784970482.4764946,0.005628338358786451,0.04462648948838694,-0.12545861504865685,0.004424005622060691,0.04665693603846653,-0.1335076456410739,1784970482.4765387,0.10416697627363805,-0.07498453135411247,1784970482.4651904,7000.04248046875,nan,nan,45.91596984863281,nan
14.282999753952026,1784970482.5298915,BSMC,square,square_bsmc_tune_p04,1784970482.502673,-0.16036423654969323,-1.0009162461372565,0.1462446714008437,0.10251997183752187,0.06295949114517922,1784970482.4492538,-0.16352859998804495,-1.003450328968721,0.1522052828074906,0.08063769340515137,0,0,1784970482.5160916,-0.16119354339163317,-0.9565678512056276,0.018697637166416703,1784970482.5161335,0.005642168038038852,0.043995838697317144,-0.127547034234427,0.009416302266011985,0.04598643780671103,-0.1335076456410739,1784970482.5161786,0.10415279771117225,-0.07771614056625643,1784970482.5171626,7000.09619140625,nan,nan,53.37147903442383,nan
14.323523044586182,1784970482.5704148,BSMC,square,square_bsmc_tune_p04,1784970482.5529957,-0.154445774482432,-1.0003350642467634,0.15054181590898938,0.10216483892955137,0.061214297340630844,1784970482.5469565,-0.15036031522987373,-1.0020246138412523,0.16019941081869984,0.023458242416381836,0,0,1784970482.5563476,-0.15526628599167214,-0.9564570125806152,0.018697637166416703,1784970482.5563977,0.005769328510735586,0.04350484462320468,-0.13184417874257268,0.0024255667497231643,0.04576670689165512,-0.14150177365228314,1784970482.556494,0.10420912300664824,-0.0824597110047418,1784970482.565701,7000.14453125,nan,nan,48.42714309692383,nan
14.362840175628662,1784970482.609732,BSMC,square,square_bsmc_tune_p04,1784970482.6029227,-0.149513842349142,-0.999603989677354,0.15179509384689543,0.10130869905952287,0.05511940610092689,1784970482.5469565,-0.15036031522987373,-1.0020246138412523,0.16019941081869984,0.0627753734588623,0,0,1784970482.5967577,-0.15526628599167214,-0.9564570125806152,0.018697637166416703,1784970482.5968072,0.005769328510735586,0.04350484462320468,-0.13184417874257268,0.0024255667497231643,0.04576670689165512,-0.14150177365228314,1784970482.59686,0.10420912300664824,-0.0824597110047418,1784970482.565701,7000.14453125,nan,nan,48.42714309692383,nan
14.403759241104126,1784970482.650651,BSMC,square,square_bsmc_tune_p04,1784970482.6029227,-0.149513842349142,-0.999603989677354,0.15179509384689543,0.10130869905952287,0.05511940610092689,1784970482.623249,-0.14253160465559833,-1.0011725320603317,0.16216871210500755,0.02740192413330078,0,0,1784970482.6369696,-0.1503224116876285,-0.956364563038927,0.018697637166416703,1784970482.6370108,0.005739084181701069,0.04286449245179972,-0.13309745668047873,-0.00045394454105107847,0.04547795835772693,-0.14347107493859085,1784970482.6370533,0.10416595423782128,-0.0843826380563379,1784970482.6199615,7000.1943359375,nan,nan,49.87812042236328,nan
14.443622350692749,1784970482.690514,BSMC,square,square_bsmc_tune_p04,1784970482.6527402,-0.14374248468729914,-0.9990217921767285,0.15503838375166962,0.10168235868102393,0.05218753170965806,1784970482.623249,-0.14253160465559833,-1.0011725320603317,0.16216871210500755,0.06726503372192383,0,0,1784970482.6765285,-0.14454218828605359,-0.9562564739226861,0.018697637166416703,1784970482.676575,0.005813624250380407,0.042375862755710134,-0.13634074658525291,0.00526789107487175,0.04465136110783976,-0.14347107493859085,1784970482.6766255,0.10418798825393881,-0.0880895355119371,1784970482.6662588,7000.244140625,nan,nan,49.75654602050781,nan
14.483000993728638,1784970482.7298927,BSMC,square,square_bsmc_tune_p04,1784970482.7029805,-0.1385870250044648,-0.9982314039413185,0.15618938612863562,0.10244909902135022,0.04726602740085918,1784970482.623249,-0.14253160465559833,-1.0011725320603317,0.16216871210500755,0.1066436767578125,0,0,1784970482.7162733,-0.1393737558020106,-0.9561598251842655,0.018697637166416703,1784970482.716311,0.005767295264845993,0.041681830451490584,-0.13749174896221888,0.010384115658446158,0.043912252637331006,-0.14347107493859085,1784970482.7163513,0.10413150884555644,-0.0899700756656982,1784970482.7289248,7000.30712890625,nan,nan,63.16352081298828,nan
14.523024559020996,1784970482.7699163,BSMC,square,square_bsmc_tune_p04,1784970482.752739,-0.1324336111526237,-0.9975894855491029,0.1582381131464668,0.10394868861732466,0.044124720019287245,1784970482.742152,-0.1284046694488156,-0.9991634050297317,0.16211497502018835,0.027764320373535156,0,0,1784970482.7564645,-0.13321049338301427,-0.9560445733087325,0.018697637166416703,1784970482.7565203,0.0057794119569374285,0.04114828886469013,-0.1395404759800501,0.0022168193953534965,0.043329150746798,-0.14341733785377164,1784970482.7565675,0.10411388402962735,-0.09255507269412912,1784970482.7663724,7000.3447265625,nan,nan,37.2813606262207,nan
14.563161849975586,1784970482.8100536,BSMC,square,square_bsmc_tune_p04,1784970482.8027184,-0.12728646341442534,-0.9967838345769976,0.15893441090352461,0.1040568268310262,0.03906288279613892,1784970482.742152,-0.1284046694488156,-0.9991634050297317,0.16211497502018835,0.067901611328125,0,0,1784970482.7970111,-0.13321049338301427,-0.9560445733087325,0.018697637166416703,1784970482.7970467,0.0057794119569374285,0.04114828886469013,-0.1395404759800501,0.0022168193953534965,0.043329150746798,-0.14341733785377164,1784970482.7970848,0.10411388402962735,-0.09255507269412912,1784970482.7663724,7000.3447265625,nan,nan,37.2813606262207,nan
14.60283875465393,1784970482.8497305,BSMC,square,square_bsmc_tune_p04,1784970482.8027184,-0.12728646341442534,-0.9967838345769976,0.15893441090352461,0.1040568268310262,0.03906288279613892,1784970482.830244,-0.11827220028828148,-0.9979187509204943,0.16647243355009503,0.019486427307128906,0,0,1784970482.836209,-0.12805008462747092,-0.9559480746125616,0.018697637166416703,1784970482.836247,0.005708921105059219,0.040441941459903444,-0.1402367737371079,-0.002687975725154109,0.043010690280403704,-0.14777479638367833,1784970482.8362904,0.10404214340360783,-0.09400584708241866,1784970482.8153658,7000.39404296875,nan,nan,49.693145751953125,nan
14.642737627029419,1784970482.8896294,BSMC,square,square_bsmc_tune_p04,1784970482.852882,-0.1212136495264171,-0.9961246250271404,0.16079095394973886,0.10391057523155746,0.03547893128664764,1784970482.830244,-0.11827220028828148,-0.9979187509204943,0.16647243355009503,0.05938529968261719,0,0,1784970482.8764613,-0.12196707076926683,-0.9558343233703802,0.018697637166416703,1784970482.8764985,0.005706734494916773,0.03989121748664029,-0.14209331678332215,0.0033297922182217734,0.042114885656683546,-0.14777479638367833,1784970482.8765395,0.10401409824872032,-0.09645573860826256,1784970482.8649106,7000.44384765625,nan,nan,49.46771240234375,nan
14.683016061782837,1784970482.9299078,BSMC,square,square_bsmc_tune_p04,1784970482.9027848,-0.11618478715852057,-0.9953296070500427,0.16070967866741837,0.10315270335325354,0.02929738428549154,1784970482.830244,-0.11827220028828148,-0.9979187509204943,0.16647243355009503,0.09966373443603516,0,0,1784970482.9166207,-0.11692510480163432,-0.9557400395325946,0.018697637166416703,1784970482.916666,0.005604296429983438,0.03919787989108805,-0.14201204150100166,0.008317678466531083,0.04137238916863872,-0.14777479638367833,1784970482.916771,0.10392510340976069,-0.09712650807812821,1784970482.9168568,7000.4951171875,nan,nan,51.46431350708008,nan
14.723318815231323,1784970482.9702106,BSMC,square,square_bsmc_tune_p04,1784970482.953113,-0.10966570910551121,-0.9945922913502352,0.1620833243214541,0.10419590449062334,0.02554374338356663,1784970482.944911,-0.1037477577780653,-0.9958786527786392,0.168634170425874,0.025299549102783203,0,0,1784970482.9560156,-0.11039452271482686,-0.9556179188467211,0.018697637166416703,1784970482.9560542,0.005570211542801873,0.03858115634203097,-0.14338568715503738,0.00020472253150338564,0.04080519905044403,-0.1499365332594573,1784970482.9560964,0.1038755734004157,-0.0991912649760803,1784970482.9168568,7000.4951171875,nan,nan,51.46431350708008,nan
14.763540744781494,1784970483.0104325,BSMC,square,square_bsmc_tune_p04,1784970483.0029817,-0.10437179284652501,-0.9937373715198968,0.16236814995330134,0.10545511905288146,0.022200968387606844,1784970482.944911,-0.1037477577780653,-0.9958786527786392,0.168634170425874,0.0655214786529541,0,0,1784970482.9962,-0.11039452271482686,-0.9556179188467211,0.018697637166416703,1784970482.9962454,0.005570211542801873,0.03858115634203097,-0.14338568715503738,0.00020472253150338564,0.04080519905044403,-0.1499365332594573,1784970482.9962916,0.1038755734004157,-0.0991912649760803,1784970482.9704597,7000.548828125,nan,nan,53.80373001098633,nan
14.803640127182007,1784970483.0505319,BSMC,square,square_bsmc_tune_p04,1784970483.0029817,-0.10437179284652501,-0.9937373715198968,0.16236814995330134,0.10545511905288146,0.022200968387606844,1784970483.0260355,-0.0947452043989345,-0.9945713910985963,0.1666966429791195,0.02449631690979004,0,0,1784970483.0360556,-0.10508647574648633,-0.9555186593430802,0.018697637166416703,1784970483.0360956,0.005472988301471876,0.03783156263166774,-0.14367051278688464,-0.003718071712081856,0.04022727549058978,-0.1479990058127028,1784970483.0361388,0.10378594292127982,-0.10029700289917406,1784970483.019592,7000.5947265625,nan,nan,45.783817291259766,nan
14.842785358428955,1784970483.089677,BSMC,square,square_bsmc_tune_p04,1784970483.0528214,-0.097900826167199,-0.9929789093912799,0.16347111178384618,0.10697934761476934,0.020354853008101328,1784970483.0260355,-0.0947452043989345,-0.9945713910985963,0.1666966429791195,0.06364154815673828,0,0,1784970483.0765584,-0.0986035929193998,-0.9553974306246049,0.018697637166416703,1784970483.0766,0.005422763094704,0.037194825820492224,-0.14477347461742948,0.0026950620261046187,0.03927114693853675,-0.1479990058127028,1784970483.0766435,0.10372589269208002,-0.1021278764342844,1784970483.0668318,7000.6455078125,nan,nan,50.67326736450195,nan
14.882803916931152,1784970483.1296957,BSMC,square,square_bsmc_tune_p04,1784970483.103414,-0.0926201689483645,-0.9921275492996218,0.16285660870321172,0.10649497826294052,0.014884459443474635,1784970483.0260355,-0.0947452043989345,-0.9945713910985963,0.1666966429791195,0.10366010665893555,0,0,1784970483.1164675,-0.09330886689955964,-0.955298420220255,0.018697637166416703,1784970483.1165047,0.005291804152992536,0.03645347531332244,-0.14415897153679502,0.007932822290784692,0.03849025379918896,-0.1479990058127028,1784970483.1165473,0.10361949546974779,-0.1022958390588224,1784970483.116626,7000.6953125,nan,nan,49.78669357299805,nan
14.923569440841675,1784970483.1704612,BSMC,square,square_bsmc_tune_p04,1784970483.1528127,-0.08633776638281622,-0.9914361380156007,0.16255797000591296,0.10666459966948019,0.010105358217200473,1784970483.1422188,-0.08165086503627064,-0.9928607657685882,0.1657813616731491,0.02824234962463379,0,0,1784970483.1563168,-0.08701573567179932,-0.9551807398218448,0.018697637166416703,1784970483.1563582,0.005198650403455345,0.03588715054900926,-0.14386033283949626,0.0009267553388171319,0.03804874921498976,-0.1470837245067324,1784970483.1564033,0.10354180600587692,-0.10260272815414583,1784970483.1675513,7000.74609375,nan,nan,50.958740234375,nan
14.963208198547363,1784970483.2101,BSMC,square,square_bsmc_tune_p04,1784970483.202725,-0.08106518474934252,-0.9905873843949675,0.1617502565839496,0.10675727262637837,0.005707183807898678,1784970483.1422188,-0.08165086503627064,-0.9928607657685882,0.1657813616731491,0.06788110733032227,0,0,1784970483.1967268,-0.08701573567179932,-0.9551807398218448,0.018697637166416703,1784970483.1967666,0.005198650403455345,0.03588715054900926,-0.14386033283949626,0.0009267553388171319,0.03804874921498976,-0.1470837245067324,1784970483.196811,0.10354180600587692,-0.10260272815414583,1784970483.1675513,7000.74609375,nan,nan,50.958740234375,nan
15.00304627418518,1784970483.249938,BSMC,square,square_bsmc_tune_p04,1784970483.202725,-0.08106518474934252,-0.9905873843949675,0.1617502565839496,0.10675727262637837,0.005707183807898678,1784970483.224057,-0.07258816291782527,-0.9916546819302038,0.16732469234512443,0.025881052017211914,0,0,1784970483.2365096,-0.0817291311379027,-0.9550818812877908,0.018697637166416703,1784970483.236547,0.005062734534867972,0.03514897288300288,-0.1430526194175329,-0.002922286884539364,0.03758440216625239,-0.14862705517870772,1784970483.2365894,0.10343374751066743,-0.10257670912303678,1784970483.2189941,7000.79541015625,nan,nan,49.37130355834961,nan
15.043097734451294,1784970483.2899895,BSMC,square,square_bsmc_tune_p04,1784970483.2525055,-0.07491374162953722,-0.9898866945806516,0.16161269012431628,0.10641811372106014,0.001495149718182745,1784970483.224057,-0.07258816291782527,-0.9916546819302038,0.16732469234512443,0.0659325122833252,0,0,1784970483.2764428,-0.0755667401314224,-0.9549666457075119,0.018697637166416703,1784970483.276482,0.004974498898989007,0.03457008216724235,-0.14291505295789958,0.0031732311806134863,0.03667171291294279,-0.14862705517870772,1784970483.276528,0.1033580604336797,-0.10306498397085603,1784970483.2684963,7000.84716796875,nan,nan,51.75444412231445,nan
15.082669019699097,1784970483.3295608,BSMC,square,square_bsmc_tune_p04,1784970483.3028092,-0.06968716032540892,-0.9890548149796918,0.16012303607818074,0.1059902842659975,-0.0037205771761249537,1784970483.224057,-0.07258816291782527,-0.9916546819302038,0.16732469234512443,0.10550379753112793,0,0,1784970483.31594,-0.07032643527772353,-0.9548686529689759,0.018697637166416703,1784970483.3159778,0.004819533250184181,0.03385076726956038,-0.14142539891176406,0.008356669373522583,0.035895590476212026,-0.14862705517870772,1784970483.3160214,0.10324279783363798,-0.10234261771864768,1784970483.3162313,7000.89501953125,nan,nan,47.78954315185547,nan
15.122954845428467,1784970483.3698466,BSMC,square,square_bsmc_tune_p04,1784970483.3526263,-0.0635900664537032,-0.9883930272173884,0.15951083919288786,0.10613261881108976,-0.007811090831044096,1784970483.3504388,-0.05918192742484843,-0.9898649953193716,0.16503962218793994,0.01940774917602539,0,0,1784970483.3559172,-0.06421910172790857,-0.954754446953027,0.018697637166416703,1784970483.3559904,0.0047219434033499656,0.03331145475769016,-0.14081320202647113,0.0007996332639465357,0.03546102534033693,-0.14634198502152324,1784970483.3560326,0.1031655294017334,-0.10231794623446558,1784970483.3162313,7000.89501953125,nan,nan,47.78954315185547,nan
15.162956476211548,1784970483.4098482,BSMC,square,square_bsmc_tune_p04,1784970483.4025376,-0.058350691657163035,-0.9875773899863334,0.15697718863694698,0.10620915496826255,-0.015094446577734955,1784970483.3504388,-0.05918192742484843,-0.9898649953193716,0.16503962218793994,0.059409379959106445,0,0,1784970483.396357,-0.06421910172790857,-0.954754446953027,0.018697637166416703,1784970483.3963916,0.0047219434033499656,0.03331145475769016,-0.14081320202647113,0.0007996332639465357,0.03546102534033693,-0.14634198502152324,1784970483.3964288,0.1031655294017334,-0.10231794623446558,1784970483.372637,7000.95166015625,nan,nan,56.397857666015625,nan
15.203088283538818,1784970483.44998,BSMC,square,square_bsmc_tune_p04,1784970483.4025376,-0.058350691657163035,-0.9875773899863334,0.15697718863694698,0.10620915496826255,-0.015094446577734955,1784970483.4475152,-0.0504703004019354,-0.9886574017085933,0.1570852552567238,0.002464771270751953,0,0,1784970483.4360902,-0.0589663114770651,-0.9546562207398571,0.018697637166416703,1784970483.4361355,0.004538624035964725,0.03261262430682256,-0.13827955147053028,-0.0030722582314574804,0.03491165623136082,-0.13838761809030709,1784970483.4361837,0.10303944988659162,-0.1005879564899804,1784970483.4164798,7000.9951171875,nan,nan,43.80978775024414,nan
15.24285364151001,1784970483.4897454,BSMC,square,square_bsmc_tune_p04,1784970483.4526436,-0.05262751036900055,-0.9869997257800387,0.15428222110262832,0.10607400792258562,-0.022406146660052105,1784970483.4475152,-0.0504703004019354,-0.9886574017085933,0.1570852552567238,0.04223012924194336,0,0,1784970483.476085,-0.05323433235073316,-0.9545490337827045,0.018697637166416703,1784970483.4761205,0.00438711237958422,0.032158496373311085,-0.13558458393621162,0.0026059140079666768,0.03412081252498036,-0.13838761809030709,1784970483.4761622,0.10294290715010836,-0.0984422007179366,1784970483.472537,7001.05126953125,nan,nan,55.9309196472168,nan
15.282953977584839,1784970483.5298457,BSMC,square,square_bsmc_tune_p04,1784970483.5028894,-0.047464505311096555,-0.9862190745755234,0.15147437387364662,0.10521297638313144,-0.02814332917762051,1784970483.4475152,-0.0504703004019354,-0.9886574017085933,0.1570852552567238,0.08233046531677246,0,0,1784970483.5162442,-0.04805853914622982,-0.9544522474001629,0.018697637166416703,1784970483.5162816,0.004206248456439507,0.0314927239042482,-0.13277673670722992,0.007733121320324415,0.03340670603730936,-0.13838761809030709,1784970483.5163233,0.10282130981108081,-0.09641497219181072,1784970483.5173585,7001.09619140625,nan,nan,45.076515197753906,nan
15.322829008102417,1784970483.5697207,BSMC,square,square_bsmc_tune_p04,1784970483.5545213,-0.04102227611719274,-0.9855902110364194,0.14887153974675957,0.10552082771108885,-0.03188333835915632,1784970483.5436802,-0.03651420373366143,-0.9871011410030341,0.1499139363563995,0.02604055404663086,0,0,1784970483.556747,-0.04160680638174141,-0.9543316011821383,0.018697637166416703,1784970483.55678,0.004058282480835489,0.03099955981877929,-0.13017390258034287,-0.00014125347085215418,0.033162590207362876,-0.1312162991899828,1784970483.556816,0.10272522208408913,-0.09440048172963575,1784970483.5173585,7001.09619140625,nan,nan,45.076515197753906,nan
15.363068580627441,1784970483.6099603,BSMC,square,square_bsmc_tune_p04,1784970483.602825,-0.03619546864919003,-0.9848890544940623,0.14566588771368486,0.10371972566483002,-0.03766402861971064,1784970483.5436802,-0.03651420373366143,-0.9871011410030341,0.1499139363563995,0.06628012657165527,0,0,1784970483.596512,-0.04160680638174141,-0.9543316011821383,0.018697637166416703,1784970483.5966437,0.004058282480835489,0.03099955981877929,-0.13017390258034287,-0.00014125347085215418,0.033162590207362876,-0.1312162991899828,1784970483.5967796,0.10272522208408913,-0.09440048172963575,1784970483.580974,7001.15966796875,nan,nan,63.52231979370117,nan
15.40277647972107,1784970483.6496682,BSMC,square,square_bsmc_tune_p04,1784970483.602825,-0.03619546864919003,-0.9848890544940623,0.14566588771368486,0.10371972566483002,-0.03766402861971064,1784970483.623985,-0.027198082953319533,-0.9864250999927511,0.14696322852921026,0.025683164596557617,0,0,1784970483.636314,-0.036768579261559076,-0.9542411272233894,0.018697637166416703,1784970483.6363523,0.003881545339898984,0.03040653725001868,-0.12696825054726815,-0.004754476641534513,0.033238493568002514,-0.12826559136279356,1784970483.6363897,0.10261079533753359,-0.09190300010327411,1784970483.6190886,7001.1962890625,nan,nan,36.56102752685547,nan
15.443105936050415,1784970483.6899977,BSMC,square,square_bsmc_tune_p04,1784970483.6531196,-0.029971220590466814,-0.9843453310818542,0.14324533414507182,0.10398293467839256,-0.04044916124390108,1784970483.623985,-0.027198082953319533,-0.9864250999927511,0.14696322852921026,0.06601262092590332,0,0,1784970483.676396,-0.030536342982771414,-0.9541245855493434,0.018697637166416703,1784970483.676438,0.0037548570550566826,0.029991896778215673,-0.12454769697865511,0.00142764392509442,0.032441162836066205,-0.12826559136279356,1784970483.6764836,0.10252966985795837,-0.08998058814334926,1784970483.6680984,7001.24609375,nan,nan,49.84920883178711,nan
15.483078956604004,1784970483.7299707,BSMC,square,square_bsmc_tune_p04,1784970483.7035964,-0.024868032557493397,-0.9836295773458107,0.13977739502096137,0.10323826279398617,-0.04520393210275404,1784970483.623985,-0.027198082953319533,-0.9864250999927511,0.14696322852921026,0.10598564147949219,0,0,1784970483.7161467,-0.02542155904003307,-0.9540289400287942,0.018697637166416703,1784970483.716183,0.0035759122864275515,0.029389062122840807,-0.12107975785454467,0.006501298002345986,0.031786795087102616,-0.12826559136279356,1784970483.7162228,0.10241468250571077,-0.08723498309223084,1784970483.7257004,7001.30419921875,nan,nan,58.065338134765625,nan
15.522733926773071,1784970483.7696257,BSMC,square,square_bsmc_tune_p04,1784970483.7528431,-0.018763519289664774,-0.9832070190257323,0.1355953365871336,0.10300291264139384,-0.05060938318508295,1784970483.744313,-0.013698422884722818,-0.9850829233571728,0.13513883460780646,0.02531266212463379,0,0,1784970483.7559545,-0.019311280670490705,-0.9539146789452572,0.018697637166416703,1784970483.7559948,0.0034170110987430885,0.029097513039289095,-0.1168976994207169,-0.001362451790021208,0.03164028061449576,-0.11644119744138975,1784970483.756038,0.10232449386523108,-0.08344990885284134,1784970483.7674782,7001.34619140625,nan,nan,42.036216735839844,nan
15.562878608703613,1784970483.8097703,BSMC,square,square_bsmc_tune_p04,1784970483.8027313,-0.013758818157603736,-0.982542076313974,0.13186269880761847,0.10232020155688162,-0.054680580993524776,1784970483.744313,-0.013698422884722818,-0.9850829233571728,0.13513883460780646,0.06545734405517578,0,0,1784970483.796335,-0.019311280670490705,-0.9539146789452572,0.018697637166416703,1784970483.7963784,0.0034170110987430885,0.029097513039289095,-0.1168976994207169,-0.001362451790021208,0.03164028061449576,-0.11644119744138975,1784970483.7964253,0.10232449386523108,-0.08344990885284134,1784970483.7674782,7001.34619140625,nan,nan,42.036216735839844,nan
15.603190660476685,1784970483.8500824,BSMC,square,square_bsmc_tune_p04,1784970483.8027313,-0.013758818157603736,-0.982542076313974,0.13186269880761847,0.10232020155688162,-0.054680580993524776,1784970483.8339844,-0.004144244057977517,-0.984101098264929,0.12923030530742974,0.0160980224609375,0,0,1784970483.8359694,-0.01429589902618189,-0.9538208922294362,0.018697637166416703,1784970483.8360157,0.003243868759039562,0.02854246286765438,-0.11316506164120177,-0.006164766625607252,0.03133596382109794,-0.11053266814101304,1784970483.836063,0.10221497099966428,-0.08039048970157904,1784970483.8175647,7001.396484375,nan,nan,50.03365707397461,nan
15.643064975738525,1784970483.8899567,BSMC,square,square_bsmc_tune_p04,1784970483.852899,-0.007646976875061674,-0.9821260276132516,0.1275467402510406,0.10258560661010813,-0.05965009176064617,1784970483.8339844,-0.004144244057977517,-0.984101098264929,0.12923030530742974,0.05597233772277832,0,0,1784970483.877211,-0.00817841688964882,-0.9537064964367792,0.018697637166416703,1784970483.8772483,0.003087875264380164,0.028256277304896743,-0.1088491030846239,-8.35535666582508e-05,0.03066104025516845,-0.11053266814101304,1784970483.8772886,0.10212550854841437,-0.07646550097230313,1784970483.870387,7001.44921875,nan,nan,52.771358489990234,nan
15.682738065719604,1784970483.9296298,BSMC,square,square_bsmc_tune_p04,1784970483.9033387,-0.002468439706850718,-0.9814816412238929,0.12318605463554749,0.10294609612871196,-0.06420213328475856,1784970483.8339844,-0.004144244057977517,-0.984101098264929,0.12923030530742974,0.09564542770385742,0,0,1784970483.9164317,-0.0029896442405537016,-0.953609467341007,0.018697637166416703,1784970483.916476,0.002907531088968021,0.027725006656274448,-0.10448841746913079,0.005074456099631849,0.03008857843820436,-0.11053266814101304,1784970483.9166968,0.1020132323708114,-0.07276127084416861,1784970483.9203942,7001.4970703125,nan,nan,48.08662033081055,nan
15.722864389419556,1784970483.9697561,BSMC,square,square_bsmc_tune_p04,1784970483.9528058,0.003981991069049346,-0.9811595599085182,0.11864149989379992,0.10431103053514112,-0.0675011043283666,1784970483.9481375,0.010053954965073116,-0.9833112782025845,0.11771606005133825,0.02161860466003418,0,0,1784970483.956056,0.00346455247307742,-0.953488775047586,0.018697637166416703,1784970483.956106,0.0027614060695391883,0.027537514667081146,-0.09994386272738322,-0.003041314835032891,0.030390003680579262,-0.09901842288492156,1784970483.956158,0.10193101414978696,-0.06850180805219275,1784970483.9203942,7001.4970703125,nan,nan,48.08662033081055,nan
15.763023614883423,1784970484.0099154,BSMC,square,square_bsmc_tune_p04,1784970484.0028193,0.009055341192158596,-0.9805668097128324,0.11465793413301957,0.1033780987635498,-0.06953958354264912,1784970483.9481375,0.010053954965073116,-0.9833112782025845,0.11771606005133825,0.06177783012390137,0,0,1784970483.9969428,0.00346455247307742,-0.953488775047586,0.018697637166416703,1784970483.996992,0.0027614060695391883,0.027537514667081146,-0.09994386272738322,-0.003041314835032891,0.030390003680579262,-0.09901842288492156,1784970483.9970407,0.10193101414978696,-0.06850180805219275,1784970483.9713905,7001.55029296875,nan,nan,52.94498062133789,nan
15.803085088729858,1784970484.0499768,BSMC,square,square_bsmc_tune_p04,1784970484.0028193,0.009055341192158596,-0.9805668097128324,0.11465793413301957,0.1033780987635498,-0.06953958354264912,1784970484.022488,0.01921719251105241,-0.9829124366954706,0.1105355562875497,0.02748870849609375,0,0,1784970484.036253,0.008547209596540206,-0.9533937302926581,0.018697637166416703,1784970484.0362937,0.0026039919151457586,0.02705279410706818,-0.09596029696660287,-0.00734863939999533,0.030515570813279293,-0.091837919121133,1784970484.0363324,0.10183144715652136,-0.06511478681871027,1784970484.017957,7001.5966796875,nan,nan,46.57078552246094,nan
15.842861890792847,1784970484.0897536,BSMC,square,square_bsmc_tune_p04,1784970484.0531187,0.015359427044093488,-0.98032190786441,0.10995584461991155,0.10253837420233236,-0.0721187274620957,1784970484.022488,0.01921719251105241,-0.9829124366954706,0.1105355562875497,0.06726551055908203,0,0,1784970484.0762854,0.014853669805309888,-0.9532758006447505,0.018697637166416703,1784970484.0763233,0.0024651857359690873,0.026938273244754837,-0.09125820745349485,-0.001067657599449622,0.029937111317839427,-0.091837919121133,1784970484.076385,0.10175324933185413,-0.060618620477495985,1784970484.0690355,7001.6474609375,nan,nan,50.44449996948242,nan
15.882690906524658,1784970484.1295826,BSMC,square,square_bsmc_tune_p04,1784970484.1026847,0.020264890362313756,-0.9797881211720485,0.10613836421572478,0.10142138240526964,-0.07292696378248406,1784970484.022488,0.01921719251105241,-0.9829124366954706,0.1105355562875497,0.10709452629089355,0,0,1784970484.1166017,0.019767396589288166,-0.9531839148561518,0.018697637166416703,1784970484.11665,0.0023237340305720666,0.0265071981527312,-0.08744072704930808,0.0038262174875768286,0.029486400170524705,-0.091837919121133,1784970484.1167011,0.10166283542870487,-0.057334361083457325,1784970484.121352,7001.697265625,nan,nan,49.87716293334961,nan
15.923034191131592,1784970484.169926,BSMC,square,square_bsmc_tune_p04,1784970484.1527107,0.026756327708237618,-0.9796517300111816,0.09997901628080047,0.10213687659389649,-0.07598287253756508,1784970484.1419957,0.032900171309968654,-0.9820966896978723,0.09269462885020524,0.027930259704589844,0,0,1784970484.1565247,0.026259114380662973,-0.9530625209254667,0.018697637166416703,1784970484.1565719,0.0021592060618006895,0.026506057611037914,-0.08128137911438377,-0.003925087331064272,0.0295242321303422,-0.07399699168378854,1784970484.156621,0.10156995003142892,-0.05127958199928327,1784970484.1690378,7001.7470703125,nan,nan,50.16215515136719,nan
15.962719202041626,1784970484.209611,BSMC,square,square_bsmc_tune_p04,1784970484.2030454,0.03188894162891472,-0.9791400464824559,0.09624281246330962,0.10227117352790148,-0.07568879210044191,1784970484.1419957,0.032900171309968654,-0.9820966896978723,0.09269462885020524,0.06761527061462402,0,0,1784970484.1962876,0.026259114380662973,-0.9530625209254667,0.018697637166416703,1784970484.1963243,0.0021592060618006895,0.026506057611037914,-0.08128137911438377,-0.003925087331064272,0.0295242321303422,-0.07399699168378854,1784970484.1963658,0.10156995003142892,-0.05127958199928327,1784970484.1690378,7001.7470703125,nan,nan,50.16215515136719,nan
16.003409147262573,1784970484.250301,BSMC,square,square_bsmc_tune_p04,1784970484.2030454,0.03188894162891472,-0.9791400464824559,0.09624281246330962,0.10227117352790148,-0.07568879210044191,1784970484.224238,0.04237289287178756,-0.9814490508174994,0.07676388032988779,0.026062965393066406,0,0,1784970484.2365375,0.031399499183510926,-0.9529663966735343,0.018697637166416703,1784970484.2365763,0.002027961229234445,0.026099556921146086,-0.07754517529689292,-0.00875678578892115,0.029240308800858983,-0.05806624316347109,1784970484.2366195,0.10148409380438157,-0.04804634009970634,1784970484.2185054,7001.79736328125,nan,nan,50.0019416809082,nan
16.042892456054688,1784970484.2897842,BSMC,square,square_bsmc_tune_p04,1784970484.2530344,0.038306164269207736,-0.9790675081892259,0.08826395317300517,0.10259600903056014,-0.08098145928959968,1784970484.224238,0.04237289287178756,-0.9814490508174994,0.07676388032988779,0.06554627418518066,0,0,1784970484.2763362,0.03781583459230187,-0.9528464123795617,0.018697637166416703,1784970484.2763705,0.0018229527531468516,0.026162246308592107,-0.06956631600658847,-0.002350144430128683,0.028867880541036586,-0.05806624316347109,1784970484.2764087,0.10136232237627694,-0.040128518934511366,1784970484.268998,7001.84765625,nan,nan,50.21683883666992,nan
16.083447694778442,1784970484.3303394,BSMC,square,square_bsmc_tune_p04,1784970484.3028772,0.043323709027676315,-0.97862337984204,0.08466063858997311,0.10202617125467835,-0.07953774022275527,1784970484.224238,0.04237289287178756,-0.9814490508174994,0.07676388032988779,0.10610151290893555,0,0,1784970484.3167014,0.04283992762872035,-0.952752462762308,0.018697637166416703,1784970484.3167393,0.0017055841909149585,0.02581916686409624,-0.0659630014235564,0.002666358010413955,0.02857626326925624,-0.05806624316347109,1784970484.3167813,0.10128343708299134,-0.03695495698268074,1784970484.320483,7001.8994140625,nan,nan,51.808189392089844,nan
16.123064279556274,1784970484.369956,BSMC,square,square_bsmc_tune_p04,1784970484.353027,0.049763090111090695,-0.9786688243948723,0.07553284557310956,0.10195331992889978,-0.0854362644703324,1784970484.3445294,0.056045951093958275,-0.9809070436236923,0.05847727830077025,0.025426626205444336,0,0,1784970484.3561306,0.049276208248571596,-0.9526321054965508,0.018697637166416703,1784970484.356167,0.0014792643562165297,0.025999222332652464,-0.05683520840669285,-0.005105672026250373,0.028622258077354964,-0.03977964113435355,1784970484.356207,0.10114028405995938,-0.027774134214678198,1784970484.320483,7001.8994140625,nan,nan,51.808189392089844,nan
16.162720441818237,1784970484.4096122,BSMC,square,square_bsmc_tune_p04,1784970484.402807,0.05462447851864187,-0.9783067994596613,0.07137333982588517,0.10032019553646526,-0.08511513925449882,1784970484.3445294,0.056045951093958275,-0.9809070436236923,0.05847727830077025,0.06508278846740723,0,0,1784970484.3963838,0.049276208248571596,-0.9526321054965508,0.018697637166416703,1784970484.3964205,0.0014792643562165297,0.025999222332652464,-0.05683520840669285,-0.005105672026250373,0.028622258077354964,-0.03977964113435355,1784970484.3964634,0.10114028405995938,-0.027774134214678198,1784970484.382678,7001.96142578125,nan,nan,62.08274841308594,nan
16.203635931015015,1784970484.4505277,BSMC,square,square_bsmc_tune_p04,1784970484.402807,0.05462447851864187,-0.9783067994596613,0.07137333982588517,0.10032019553646526,-0.08511513925449882,1784970484.4455888,0.06488989857357982,-0.9810157418564752,0.04968384197380914,0.004938840866088867,0,0,1784970484.4364984,0.054142664738185964,-0.952541103653777,0.018697637166416703,1784970484.4365346,0.0013568357313124618,0.02573445592350135,-0.05267570265946847,-0.009319824418571503,0.028973245049427845,-0.030986204807392434,1784970484.4365757,0.10105531103774057,-0.023965876458533184,1784970484.4192646,7001.998046875,nan,nan,36.87013626098633,nan
16.2429358959198,1784970484.4898276,BSMC,square,square_bsmc_tune_p04,1784970484.4525712,0.0605142212035624,-0.9784578326909982,0.06307800621694261,0.10006479644346555,-0.08977196598716095,1784970484.4455888,0.06488989857357982,-0.9810157418564752,0.04968384197380914,0.04423880577087402,0,0,1784970484.4767244,0.0600275252929392,-0.9524310578419851,0.018697637166416703,1784970484.4767683,0.0011549006051566485,0.026005693348627425,-0.044380369050525906,-0.0034367604627376412,0.02879089285955365,-0.030986204807392434,1784970484.476815,0.10091784783775588,-0.015501413898233042,1784970484.47251,7002.05126953125,nan,nan,53.07026290893555,nan
16.28279995918274,1784970484.5296917,BSMC,square,square_bsmc_tune_p04,1784970484.5030892,0.06546822624622561,-0.9781471108093667,0.05890905055124075,0.09937823750511056,-0.08853845747361054,1784970484.4455888,0.06488989857357982,-0.9810157418564752,0.04968384197380914,0.08410286903381348,0,0,1784970484.5162787,0.06498560702018397,-0.9523383426240919,0.018697637166416703,1784970484.5163283,0.0010377087744258004,0.02579241355627806,-0.04021141338482405,0.0015198076034457554,0.028637258452735303,-0.030986204807392434,1784970484.5163798,0.10083234672655571,-0.011626187689341563,1784970484.519483,7002.09814453125,nan,nan,47.007266998291016,nan
16.322940349578857,1784970484.569832,BSMC,square,square_bsmc_tune_p04,1784970484.5527997,0.0717625960808707,-0.9783263050618736,0.04964292001279728,0.10033283479065856,-0.09364831617002779,1784970484.5442169,0.07746877290713272,-0.980573320371103,0.03255866264720455,0.025615215301513672,0,0,1784970484.5562012,0.07127442686098862,-0.9522207428478261,0.018697637166416703,1784970484.5562437,0.0008078562892554853,0.026097625484220857,-0.03094528284638057,-0.005268104206478736,0.028539195034592152,-0.013861025480787846,1784970484.5562892,0.10066303682880878,-0.0021651854862202377,1784970484.519483,7002.09814453125,nan,nan,47.007266998291016,nan
16.362967014312744,1784970484.6098588,BSMC,square,square_bsmc_tune_p04,1784970484.6037643,0.07693528508642031,-0.9780697101241954,0.04531533038621256,0.10090543738135466,-0.09214386175041171,1784970484.5442169,0.07746877290713272,-0.980573320371103,0.03255866264720455,0.06564188003540039,0,0,1784970484.59621,0.07127442686098862,-0.9522207428478261,0.018697637166416703,1784970484.5964155,0.0008078562892554853,0.026097625484220857,-0.03094528284638057,-0.005268104206478736,0.028539195034592152,-0.013861025480787846,1784970484.5965865,0.10066303682880878,-0.0021651854862202377,1784970484.576961,7002.15185546875,nan,nan,53.344261169433594,nan
16.402905464172363,1784970484.6497972,BSMC,square,square_bsmc_tune_p04,1784970484.6037643,0.07693528508642031,-0.9780697101241954,0.04531533038621256,0.10090543738135466,-0.09214386175041171,1784970484.6427186,0.08670356327122972,-0.9807486804907203,0.02450611947943606,0.007078647613525391,0,0,1784970484.6390753,0.07645010429765708,-0.9521239586301217,0.018697637166416703,1784970484.6391222,0.0006906552296679523,0.02594109512614583,-0.026617693219795863,-0.00954896962709963,0.02886737434509931,-0.005808482313019357,1784970484.6391706,0.10057235361400169,0.001929377207180072,1784970484.6267173,7002.20361328125,nan,nan,51.863914489746094,nan
16.44300889968872,1784970484.6899006,BSMC,square,square_bsmc_tune_p04,1784970484.6533866,0.08284529469611814,-0.9783227881604889,0.03668361437089143,0.10096902117949245,-0.09739002869282237,1784970484.6427186,0.08670356327122972,-0.9807486804907203,0.02450611947943606,0.04718208312988281,0,0,1784970484.6762986,0.08235331714058725,-0.9520135696339107,0.018697637166416703,1784970484.6763408,0.00047325421507253334,0.026309561984995254,-0.01798597720447473,-0.003644824347208162,0.02883307983598533,-0.005808482313019357,1784970484.6763859,0.10040028937649773,0.010836311425086578,1784970484.6728053,7002.25048828125,nan,nan,47.01131057739258,nan
16.483008861541748,1784970484.7299006,BSMC,square,square_bsmc_tune_p04,1784970484.703192,0.08792113037588523,-0.9781336470837064,0.03255082355213121,0.10136150354588698,-0.09495423036412223,1784970484.6427186,0.08670356327122972,-0.9807486804907203,0.02450611947943606,0.08718204498291016,0,0,1784970484.716353,0.08743091417372306,-0.9519186195017428,0.018697637166416703,1784970484.7164018,0.0003632135357117195,0.02621709478518644,-0.013853186385714505,0.0014335747134462755,0.0288035817131218,-0.005808482313019357,1784970484.7164528,0.10031003252623073,0.014809300779330743,1784970484.7218206,7002.30078125,nan,nan,50.102176666259766,nan
16.526238918304443,1784970484.7731307,BSMC,square,square_bsmc_tune_p04,1784970484.7525482,0.09429024328109498,-0.9784504073539444,0.022796187161807268,0.10187146305377344,-0.10047287216254955,1784970484.7452624,0.10052196775216618,-0.9806434093632854,0.005056569136552575,0.027868270874023438,0,0,1784970484.75621,0.0937918793977972,-0.9517996706200573,0.018697637166416703,1784970484.7562642,0.00010924816722282992,0.0266551721033103,-0.004098549995390565,-0.006584152576529149,0.02887740100483759,0.013641068029864128,1784970484.7563212,0.10009529848272859,0.0248999098918147,1784970484.7218206,7002.30078125,nan,nan,50.102176666259766,nan
16.56271743774414,1784970484.8096092,BSMC,square,square_bsmc_tune_p04,1784970484.8026328,0.09931285317404186,-0.9783330139572213,0.018654675999327644,0.10124597545528714,-0.09740953491104903,1784970484.7452624,0.10052196775216618,-0.9806434093632854,0.005056569136552575,0.0643467903137207,0,0,1784970484.7969997,0.0937918793977972,-0.9517996706200573,0.018697637166416703,1784970484.797127,0.00010924816722282992,0.0266551721033103,-0.004098549995390565,-0.006584152576529149,0.02887740100483759,0.013641068029864128,1784970484.797188,0.10009529848272859,0.0248999098918147,1784970484.7757218,7002.3544921875,nan,nan,53.78348922729492,nan
16.60331416130066,1784970484.850206,BSMC,square,square_bsmc_tune_p04,1784970484.8026328,0.09931285317404186,-0.9783330139572213,0.018654675999327644,0.10124597545528714,-0.09740953491104903,1784970484.836659,0.1094536937275881,-0.9807545870903058,-0.003413040705781976,0.013546943664550781,0,0,1784970484.83688,0.098814928050319,-0.9517057405325906,0.018697637166416703,1784970484.8369415,-1.1441387327648742e-06,0.02663192854732499,4.296116708905895e-05,-0.010737848415923514,0.02901236689527712,0.02211067787219868,1784970484.8369875,0.09999899306563208,0.028957012716074242,1784970484.8285425,7002.4072265625,nan,nan,52.89215850830078,nan
16.642888069152832,1784970484.8897798,BSMC,square,square_bsmc_tune_p04,1784970484.8525414,0.10530260274156733,-0.9786705750625563,0.010419911937479763,0.10030383320391341,-0.09929165027861182,1784970484.836659,0.1094536937275881,-0.9807545870903058,-0.003413040705781976,0.05312085151672363,0,0,1784970484.8765855,0.1047962737114696,-0.9515938904670258,0.018697637166416703,1784970484.8766325,-0.00022416997952500622,0.02708049049764123,0.008277725228936942,-0.00475691934071446,0.029144630845962916,0.02211067787219868,1784970484.876688,0.09979930440083254,0.0375610812362012,1784970484.8745697,7002.453125,nan,nan,45.95806121826172,nan
16.683228492736816,1784970484.9301202,BSMC,square,square_bsmc_tune_p04,1784970484.9025447,0.1101284744994735,-0.9786158557515352,0.006539146285807922,0.09883249846891612,-0.0955878451172464,1784970484.836659,0.1094536937275881,-0.9807545870903058,-0.003413040705781976,0.09346127510070801,0,0,1784970484.9160552,0.10962148141669825,-0.9515036599689458,0.018697637166416703,1784970484.9160945,-0.0003296928923411252,0.02711493139833069,0.012158490880608781,6.79523007237083e-05,0.02925132941684118,0.02211067787219868,1784970484.9161932,0.09970247890077043,0.04142365683671718,1784970484.9220142,7002.5009765625,nan,nan,47.5318603515625,nan
16.722901344299316,1784970484.969793,BSMC,square,square_bsmc_tune_p04,1784970484.953002,0.11638239497098718,-0.9790578965150184,-4.692283595418848e-05,0.0991039758478164,-0.09532057936204262,1784970484.946307,0.1223927635002513,-0.9817019726714281,-0.009482263933502245,0.02348613739013672,0,0,1784970484.9562716,0.1158649525705513,-0.9513869082047991,0.018697637166416703,1784970484.9563112,-0.0005187408011109399,0.027670963999892106,0.018744560002370892,-0.006814968598065784,0.030251804114088163,0.028179901099918952,1784970484.9563549,0.09952594068291896,0.048518773127644556,1784970484.9220142,7002.5009765625,nan,nan,47.5318603515625,nan
16.76327085494995,1784970485.0101626,BSMC,square,square_bsmc_tune_p04,1784970485.0025806,0.12131920967893145,-0.9790471338697171,-0.0032902532588186388,0.09920089827739474,-0.09017298161666612,1784970484.946307,0.1223927635002513,-0.9817019726714281,-0.009482263933502245,0.06385564804077148,0,0,1784970484.9963708,0.1158649525705513,-0.9513869082047991,0.018697637166416703,1784970484.9964163,-0.0005187408011109399,0.027670963999892106,0.018744560002370892,-0.006814968598065784,0.030251804114088163,0.028179901099918952,1784970484.9964602,0.09952594068291896,0.048518773127644556,1784970484.9777987,7002.556640625,nan,nan,55.61667251586914,nan
16.803127765655518,1784970485.0500195,BSMC,square,square_bsmc_tune_p04,1784970485.0025806,0.12131920967893145,-0.9790471338697171,-0.0032902532588186388,0.09920089827739474,-0.09017298161666612,1784970485.0281696,0.13153747978150962,-0.9820045989094836,-0.016817147532120123,0.021849870681762695,0,0,1784970485.036085,0.12080024275025592,-0.9512946191846599,0.018697637166416703,1784970485.036124,-0.0006102767566985039,0.027750656934523374,0.021987890425235343,-0.011252148649859718,0.030525075995415124,0.035514784698536826,1784970485.0361664,0.09943878406174142,0.051801822190189306,1784970485.0209076,7002.599609375,nan,nan,43.2015266418457,nan
16.842847108840942,1784970485.0897388,BSMC,square,square_bsmc_tune_p04,1784970485.0534687,0.1277392548059076,-0.9795020556384308,-0.00894430570592518,0.1008513741834593,-0.08777833976546849,1784970485.0281696,0.13153747978150962,-0.9820045989094836,-0.016817147532120123,0.0615692138671875,0,0,1784970485.0763607,0.12720953970065452,-0.9511747665085667,0.018697637166416703,1784970485.0764062,-0.0007830584721764994,0.028321418166624455,0.027641942872341882,-0.004845773490540579,0.030752692735603965,0.035514784698536826,1784970485.0764549,0.09927270712669181,0.05799356229664959,1784970485.081581,7002.66015625,nan,nan,60.714786529541016,nan
16.88299536705017,1784970485.129887,BSMC,square,square_bsmc_tune_p04,1784970485.1028876,0.13289657372163474,-0.9795310526766675,-0.011462731574020751,0.10220012436351099,-0.08150406228347652,1784970485.0281696,0.13153747978150962,-0.9820045989094836,-0.016817147532120123,0.10171747207641602,0,0,1784970485.1166017,0.13236451376961011,-0.951078369440037,0.018697637166416703,1784970485.116638,-0.0008581633258851677,0.028444715271253636,0.030160368740437454,0.0003068505925482226,0.03093576404629747,0.035514784698536826,1784970485.116679,0.09919933732873522,0.06060913941183663,1784970485.1212115,7002.7001953125,nan,nan,39.66050720214844,nan
16.923558473587036,1784970485.1704502,BSMC,square,square_bsmc_tune_p04,1784970485.1528015,0.13936311450430539,-0.98005649395627,-0.015069060728413021,0.10388278085365028,-0.0773611437186957,1784970485.1449492,0.14461833304136185,-0.9829714919491558,-0.018788829485967225,0.025501012802124023,0,0,1784970485.155893,0.1388189718817021,-0.9509576722585128,0.018697637166416703,1784970485.1559296,-0.000982556159015506,0.029087318521754144,0.03376669789482972,-0.006399804353796951,0.03189921229871189,0.03748646665238393,1784970485.1559682,0.09907834650232854,0.06486034228571715,1784970485.1212115,7002.7001953125,nan,nan,39.66050720214844,nan
16.96273684501648,1784970485.2096286,BSMC,square,square_bsmc_tune_p04,1784970485.2029703,0.14458930468335557,-0.9801220009864863,-0.01741679319374563,0.10399214263787109,-0.07216256615314293,1784970485.1449492,0.14461833304136185,-0.9829714919491558,-0.018788829485967225,0.06467938423156738,0,0,1784970485.1962194,0.1388189718817021,-0.9509576722585128,0.018697637166416703,1784970485.1962578,-0.000982556159015506,0.029087318521754144,0.03376669789482972,-0.006399804353796951,0.03189921229871189,0.03748646665238393,1784970485.196302,0.09907834650232854,0.06486034228571715,1784970485.1724255,7002.75146484375,nan,nan,51.337459564208984,nan
17.0030734539032,1784970485.2499652,BSMC,square,square_bsmc_tune_p04,1784970485.2029703,0.14458930468335557,-0.9801220009864863,-0.01741679319374563,0.10399214263787109,-0.07216256615314293,1784970485.226187,0.1528139449048594,-0.9830104547521819,-0.029441960487268725,0.023778200149536133,0,0,1784970485.2360313,0.14404211064778982,-0.9508600005226632,0.018697637166416703,1784970485.2360678,-0.0010567354877532202,0.02924803245632542,0.03611443036016233,-0.009714468347627426,0.03187829807440823,0.04813959765368543,1784970485.2361076,0.0990048672542633,0.06734802168088867,1784970485.2220635,7002.80078125,nan,nan,49.23291778564453,nan
17.04325246810913,1784970485.2901442,BSMC,square,square_bsmc_tune_p04,1784970485.2526705,0.15062794002252278,-0.9806372455879839,-0.022054701054493836,0.10378579511419056,-0.07015695802902797,1784970485.226187,0.1528139449048594,-0.9830104547521819,-0.029441960487268725,0.06395721435546875,0,0,1784970485.2768283,0.1500690035047445,-0.9507472987329001,0.018697637166416703,1784970485.2768722,-0.0012179609895510435,0.029870351589135574,0.04075233822091054,-0.003693505127136761,0.03216836892803855,0.04813959765368543,1784970485.277046,0.09884516816712186,0.07259293410594989,1784970485.271943,7002.8505859375,nan,nan,49.94502258300781,nan
17.083412170410156,1784970485.330304,BSMC,square,square_bsmc_tune_p04,1784970485.3026865,0.15539633529868146,-0.9807406558936443,-0.024888472923923214,0.10056401634679143,-0.06788188223711596,1784970485.226187,0.1528139449048594,-0.9830104547521819,-0.029441960487268725,0.10411691665649414,0,0,1784970485.316351,0.15483379885860993,-0.9506581979346977,0.018697637166416703,1784970485.3163927,-0.0013109913682059684,0.030059142132314542,0.04358611009033991,0.001066602321211774,0.03239769576169444,0.04813959765368543,1784970485.316436,0.09875135518307881,0.07558943201034701,1784970485.3215146,7002.900390625,nan,nan,49.8923225402832,nan
17.122887134552002,1784970485.3697789,BSMC,square,square_bsmc_tune_p04,1784970485.3525522,0.16144562617969907,-0.9813069938761775,-0.02871401805210388,0.10050946470058451,-0.0651802589839181,1784970485.3435915,0.16614226034145368,-0.9838657325777518,-0.035052021989727504,0.026187419891357422,0,0,1784970485.3568015,0.16087038842979395,-0.9505453148181592,0.018697637166416703,1784970485.356856,-0.0014581706605102979,0.030732483389115568,0.04741165521852059,-0.006436342480969103,0.033115198453193564,0.05374965915614421,1784970485.3569157,0.09860443761838417,0.08008860975636922,1784970485.3215146,7002.900390625,nan,nan,49.8923225402832,nan
17.16288685798645,1784970485.4097786,BSMC,square,square_bsmc_tune_p04,1784970485.4029217,0.16655298765443938,-0.9814324249288109,-0.029887465755159107,0.10087809294605282,-0.05805066571429516,1784970485.3435915,0.16614226034145368,-0.9838657325777518,-0.035052021989727504,0.06618714332580566,0,0,1784970485.3962615,0.16087038842979395,-0.9505453148181592,0.018697637166416703,1784970485.396298,-0.0014581706605102979,0.030732483389115568,0.04741165521852059,-0.006436342480969103,0.033115198453193564,0.05374965915614421,1784970485.3963375,0.09860443761838417,0.08008860975636922,1784970485.37248,7002.951171875,nan,nan,50.931392669677734,nan
17.202805280685425,1784970485.449697,BSMC,square,square_bsmc_tune_p04,1784970485.4029217,0.16655298765443938,-0.9814324249288109,-0.029887465755159107,0.10087809294605282,-0.05805066571429516,1784970485.4465551,0.17504254696761973,-0.9845653967543908,-0.04081608596242592,0.0031418800354003906,0,0,1784970485.436306,0.16597361985293113,-0.9504498853276052,0.018697637166416703,1784970485.4363477,-0.0015049607967100862,0.03095138963261695,0.04858510292157581,-0.010453449010788481,0.03371704261499692,0.05951372312884262,1784970485.4363918,0.09855763210251495,0.0814820174868632,1784970485.4226048,7003.00146484375,nan,nan,49.979736328125,nan
17.24333381652832,1784970485.4902256,BSMC,square,square_bsmc_tune_p04,1784970485.4535844,0.1724200485151061,-0.9820292717057078,-0.032885404329284745,0.10196108049390978,-0.053370284193749104,1784970485.4465551,0.17504254696761973,-0.9845653967543908,-0.04081608596242592,0.0436704158782959,0,0,1784970485.4761882,0.1718274727948288,-0.95034041935248,0.018697637166416703,1784970485.4762287,-0.001634168231284078,0.03165223536562291,0.05158304149570145,-0.004608938245725562,0.0340652824492171,0.05951372312884262,1784970485.4762757,0.09842892094498452,0.08519541433154025,1784970485.4719963,7003.05078125,nan,nan,49.291748046875,nan
17.282710075378418,1784970485.5296018,BSMC,square,square_bsmc_tune_p04,1784970485.5030034,0.17751784706851761,-0.9821788367929971,-0.0337228051394064,0.10239516839983206,-0.047249263767111686,1784970485.4465551,0.17504254696761973,-0.9845653967543908,-0.04081608596242592,0.08304667472839355,0,0,1784970485.5161495,0.17692069349520168,-0.9502451770606036,0.018697637166416703,1784970485.5161893,-0.001673502539891953,0.03189536965679169,0.05242044230582311,0.00047615417248623006,0.03436827303506694,0.05951372312884262,1784970485.5162287,0.09838995408580997,0.08628403423847576,1784970485.5224652,7003.10107421875,nan,nan,50.61101531982422,nan
17.32307267189026,1784970485.5699644,BSMC,square,square_bsmc_tune_p04,1784970485.552656,0.1837418312724267,-0.9828215166774972,-0.037940268833132014,0.10275729429672163,-0.046620220022137296,1784970485.5431066,0.18865857371165376,-0.9852876817211776,-0.04880715918111441,0.026857852935791016,0,0,1784970485.5560493,0.18313048824279932,-0.9501290550390702,0.018697637166416703,1784970485.5560899,-0.0018509663082776821,0.032645745695350795,0.056637905999548724,-0.0072368139238235245,0.034847055590891914,0.06750479634753112,1784970485.5561376,0.09821079990065135,0.09125155222051708,1784970485.5224652,7003.10107421875,nan,nan,50.61101531982422,nan
17.362942218780518,1784970485.609834,BSMC,square,square_bsmc_tune_p04,1784970485.6031604,0.18876744244485594,-0.9829972976620958,-0.03870883255900623,0.10150579967149183,-0.04122231103878503,1784970485.5431066,0.18865857371165376,-0.9852876817211776,-0.04880715918111441,0.0667273998260498,0,0,1784970485.59697,0.18313048824279932,-0.9501290550390702,0.018697637166416703,1784970485.5970104,-0.0018509663082776821,0.032645745695350795,0.056637905999548724,-0.0072368139238235245,0.034847055590891914,0.06750479634753112,1784970485.5970547,0.09821079990065135,0.09125155222051708,1784970485.5726662,7003.1513671875,nan,nan,50.132408142089844,nan
17.403066873550415,1784970485.6499586,BSMC,square,square_bsmc_tune_p04,1784970485.6031604,0.18876744244485594,-0.9829972976620958,-0.03870883255900623,0.10150579967149183,-0.04122231103878503,1784970485.6261506,0.19712426417722426,-0.9860706380628218,-0.04777563340567719,0.023808002471923828,0,0,1784970485.6362653,0.18815105673497579,-0.9500351713301466,0.018697637166416703,1784970485.6363106,-0.0018915307967858883,0.032913581010147346,0.05740646972542293,-0.010683931054843722,0.03556581127513769,0.0664732705720939,1784970485.6363575,0.0981707230069514,0.09229905466305831,1784970485.6258228,7003.20263671875,nan,nan,51.318477630615234,nan
17.44360375404358,1784970485.6904955,BSMC,square,square_bsmc_tune_p04,1784970485.6526508,0.19449724423602535,-0.9836185019511635,-0.04159449818468057,0.09967677943468785,-0.0396472380431116,1784970485.6261506,0.19712426417722426,-0.9860706380628218,-0.04777563340567719,0.06434488296508789,0,0,1784970485.6766737,0.19386724326599292,-0.9499282796916265,0.018697637166416703,1784970485.6767159,-0.002030379915683619,0.03363488567718392,0.06029213535109728,-0.004979371786035245,0.03594557150004078,0.0664732705720939,1784970485.6768126,0.09803156364766058,0.09592312977133141,1784970485.6725767,7003.25146484375,nan,nan,48.742916107177734,nan
17.483452320098877,1784970485.730344,BSMC,square,square_bsmc_tune_p04,1784970485.7027972,0.19931339017680483,-0.9838004089213229,-0.041769293843530994,0.09829890668946406,-0.033519512487199664,1784970485.6261506,0.19712426417722426,-0.9860706380628218,-0.04777563340567719,0.10419344902038574,0,0,1784970485.7168696,0.19867830523261265,-0.9498383137162612,0.018697637166416703,1784970485.7169068,-0.002052691295673109,0.03390595378467751,0.0604669310099477,-0.00017809597294363914,0.03626519892377023,0.0664732705720939,1784970485.7169518,0.09801087486640735,0.09638950789599093,1784970485.7283957,7003.30712890625,nan,nan,55.75040817260742,nan
17.522654056549072,1784970485.7695458,BSMC,square,square_bsmc_tune_p04,1784970485.7524767,0.20501955619091808,-0.9844090806757709,-0.043788863368020244,0.09734078531098835,-0.03059946053159221,1784970485.7462368,0.20948505666780104,-0.9867521545751513,-0.050322381648749144,0.023308992385864258,0,0,1784970485.7566912,0.20437109852289126,-0.9497318595270474,0.018697637166416703,1784970485.7567272,-0.0021658269447672692,0.034615594138914046,0.062486500534436946,-0.00696964761033223,0.03671619296093135,0.06902001881516584,1784970485.756766,0.09789890766626175,0.09914802224217059,1784970485.7283957,7003.30712890625,nan,nan,55.75040817260742,nan
17.563112497329712,1784970485.8100042,BSMC,square,square_bsmc_tune_p04,1784970485.8028162,0.20990131200008688,-0.9846020834057192,-0.0433229092659161,0.09723208818919166,-0.023779405947785024,1784970485.7462368,0.20948505666780104,-0.9867521545751513,-0.050322381648749144,0.0637674331665039,0,0,1784970485.7964637,0.20437109852289126,-0.9497318595270474,0.018697637166416703,1784970485.7965066,-0.0021658269447672692,0.034615594138914046,0.062486500534436946,-0.00696964761033223,0.03671619296093135,0.06902001881516584,1784970485.7965546,0.09789890766626175,0.09914802224217059,1784970485.7735534,7003.3525390625,nan,nan,45.297447204589844,nan
17.602869033813477,1784970485.8497608,BSMC,square,square_bsmc_tune_p04,1784970485.8028162,0.20990131200008688,-0.9846020834057192,-0.0433229092659161,0.09723208818919166,-0.023779405947785024,1784970485.833241,0.2181797838782821,-0.9877754749020782,-0.05001973340503904,0.016519784927368164,0,0,1784970485.8362865,0.20924754000711476,-0.9496406709667078,0.018697637166416703,1784970485.8363228,-0.0021673149132155037,0.034900294033380436,0.0620205464323328,-0.010827769490680187,0.03764050557072584,0.06871737057145574,1784970485.8363638,0.09790049710919844,0.09899845920064049,1784970485.8275206,7003.40625,nan,nan,53.80558776855469,nan
17.642836093902588,1784970485.8897278,BSMC,square,square_bsmc_tune_p04,1784970485.853002,0.2157839916966691,-0.9852450561997579,-0.04373094278054474,0.09880151679797328,-0.017288103800950905,1784970485.833241,0.2181797838782821,-0.9877754749020782,-0.05001973340503904,0.05648684501647949,0,0,1784970485.8761754,0.21511614407865598,-0.949530929148167,0.018697637166416703,1784970485.876222,-0.0022285238191044844,0.035650786430116085,0.062428579946961445,-0.004971992402976551,0.03804353375134342,0.06871737057145574,1784970485.8762724,0.09784409593943366,0.10021493120572554,1784970485.8738968,7003.45263671875,nan,nan,46.3077278137207,nan
17.68335509300232,1784970485.9302468,BSMC,square,square_bsmc_tune_p04,1784970485.902626,0.2208222844748818,-0.9854357840020115,-0.041913206458661596,0.0998776101177126,-0.008197564264814484,1784970485.833241,0.2181797838782821,-0.9877754749020782,-0.05001973340503904,0.09700584411621094,0,0,1784970485.9169204,0.22014911033857976,-0.949436813603263,0.018697637166416703,1784970485.9169858,-0.0021809734869101885,0.03593914840166844,0.0606108436250783,4.9973323245492904e-05,0.03838917424951282,0.06871737057145574,1784970485.9170382,0.09789711583923351,0.09873864851247523,1784970485.8738968,7003.45263671875,nan,nan,46.3077278137207,nan
17.72340965270996,1784970485.9703014,BSMC,square,square_bsmc_tune_p04,1784970485.9536157,0.22707253526230814,-0.9861106885233049,-0.04225466126408757,0.1005517874622802,-0.003438211364158103,1784970485.9462988,0.2320395161020782,-0.9887794762097839,-0.049519004936083307,0.024002552032470703,0,0,1784970485.9562652,0.2263845601037775,-0.9493202118376112,0.018697637166416703,1784970485.956299,-0.002241467643910307,0.0367285761687086,0.06095229843050427,-0.0076012091003776925,0.039130981234158604,0.0682166421025,1784970485.9563355,0.09784180684279914,0.0999318770164292,1784970485.936775,7003.515625,nan,nan,62.90055465698242,nan
17.762678146362305,1784970486.00957,BSMC,square,square_bsmc_tune_p04,1784970486.0029423,0.23179493731430414,-0.9862985869524733,-0.04136698483306462,0.09870951043853256,0.00017437812195257108,1784970485.9462988,0.2320395161020782,-0.9887794762097839,-0.049519004936083307,0.06327104568481445,0,0,1784970485.996393,0.2263845601037775,-0.9493202118376112,0.018697637166416703,1784970485.9964337,-0.002241467643910307,0.0367285761687086,0.06095229843050427,-0.0076012091003776925,0.039130981234158604,0.0682166421025,1784970485.996478,0.09784180684279914,0.0999318770164292,1784970485.9758005,7003.5546875,nan,nan,39.17058563232422,nan
17.80268144607544,1784970486.0495732,BSMC,square,square_bsmc_tune_p04,1784970486.0029423,0.23179493731430414,-0.9862985869524733,-0.04136698483306462,0.09870951043853256,0.00017437812195257108,1784970486.0253084,0.24110055555492743,-0.9892223488625466,-0.05077884597840016,0.024264812469482422,0,0,1784970486.0362582,0.23110179895079286,-0.9492320003373546,0.018697637166416703,1784970486.036301,-0.0022254410395615015,0.037006211590306114,0.06006462199948132,-0.012015659706975625,0.039431295066244196,0.06947648314481686,1784970486.0363681,0.0978612781708826,0.09935945160331942,1784970486.0382721,7003.6171875,nan,nan,62.570369720458984,nan
17.84265637397766,1784970486.089548,BSMC,square,square_bsmc_tune_p04,1784970486.0528529,0.23792311634143154,-0.9869244315643773,-0.041821468391206595,0.09960447731216421,0.004027396834273555,1784970486.0253084,0.24110055555492743,-0.9892223488625466,-0.05077884597840016,0.0642397403717041,0,0,1784970486.0765939,0.23721613671781094,-0.9491176633438301,0.018697637166416703,1784970486.076633,-0.0022870351400085536,0.037744152046890085,0.06051910555762329,-0.005915006535162285,0.0398558302880053,0.06947648314481686,1784970486.0766757,0.097804336856267,0.10060805697331002,1784970486.073881,7003.65283203125,nan,nan,35.38994598388672,nan
17.883057832717896,1784970486.1299496,BSMC,square,square_bsmc_tune_p04,1784970486.102509,0.24287261835083526,-0.9871066193411223,-0.0395092695404759,0.099654832655505,0.011160194170861629,1784970486.0253084,0.24110055555492743,-0.9892223488625466,-0.05077884597840016,0.10464119911193848,0,0,1784970486.1166036,0.24216050288779178,-0.9490252046043393,0.018697637166416703,1784970486.1166472,-0.0022157372111107484,0.038023568551608655,0.058206906706892596,-0.0009817064286143787,0.04019913117657634,0.06947648314481686,1784970486.1166975,0.09788079687791075,0.09863510738704806,1784970486.1243088,7003.7021484375,nan,nan,49.747894287109375,nan
17.92319369316101,1784970486.1700854,BSMC,square,square_bsmc_tune_p04,1784970486.1528716,0.2478948106991619,-0.9872709043210208,-0.036600912840379994,0.09969264576424229,0.018523277843687982,1784970486.1541152,0.2539215102692729,-0.9901949183880758,-0.044927235908592364,0.015970230102539062,0,0,1784970486.1565325,0.2471778686489836,-0.9489313807858969,0.018697637166416703,1784970486.1565733,-0.0021194101588178802,0.038287611199738426,0.05529855000679669,-0.008590069987631154,0.0409190290128802,0.06362487307500905,1784970486.156614,0.09798206153684982,0.0960582519571883,1784970486.1243088,7003.7021484375,nan,nan,49.747894287109375,nan
17.96280264854431,1784970486.2096944,BSMC,square,square_bsmc_tune_p04,1784970486.2026558,0.25377193758104655,-0.9878896580650414,-0.03585895838042974,0.0993187334850719,0.022698665396353464,1784970486.1541152,0.2539215102692729,-0.9901949183880758,-0.044927235908592364,0.055579185485839844,0,0,1784970486.1966553,0.2471778686489836,-0.9489313807858969,0.018697637166416703,1784970486.196692,-0.0021194101588178802,0.038287611199738426,0.05529855000679669,-0.008590069987631154,0.0409190290128802,0.06362487307500905,1784970486.1967354,0.09798206153684982,0.0960582519571883,1784970486.173841,7003.75244140625,nan,nan,50.30278396606445,nan
18.00337266921997,1784970486.2502644,BSMC,square,square_bsmc_tune_p04,1784970486.2026558,0.25377193758104655,-0.9878896580650414,-0.03585895838042974,0.0993187334850719,0.022698665396353464,1784970486.2271597,0.26311494308728545,-0.9903471847754453,-0.040930354261119566,0.02310466766357422,0,0,1784970486.2362669,0.25304137458034903,-0.9488217343016413,0.018697637166416703,1784970486.2363038,-0.0021307281843778855,0.039016616804704196,0.05455659554684644,-0.011764308460185299,0.041078472050088466,0.05962799142753627,1784970486.2363439,0.09797617500107153,0.09611917193802139,1784970486.223957,7003.802734375,nan,nan,50.07802963256836,nan
18.042866230010986,1784970486.289758,BSMC,square,square_bsmc_tune_p04,1784970486.2530408,0.2595810239762904,-0.9883976935684222,-0.03487270522172995,0.09709180060573064,0.02540324911354768,1784970486.2271597,0.26311494308728545,-0.9903471847754453,-0.040930354261119566,0.06259822845458984,0,0,1784970486.2760987,0.25883893349640186,-0.9487133210144627,0.018697637166416703,1784970486.2761354,-0.0021252602434324954,0.03963437134835725,0.053570342388146654,-0.005976041329099796,0.04142402442692254,0.05962799142753627,1784970486.2761753,0.09798631621851092,0.0958187217629949,1784970486.2763646,7003.853515625,nan,nan,50.661983489990234,nan
18.082964658737183,1784970486.3298564,BSMC,square,square_bsmc_tune_p04,1784970486.302885,0.2641816386504859,-0.9885394348336526,-0.03213532656126761,0.09521381839984813,0.030401840086732565,1784970486.2271597,0.26311494308728545,-0.9903471847754453,-0.040930354261119566,0.10269665718078613,0,0,1784970486.3161263,0.26343529036649516,-0.948627369984978,0.018697637166416703,1784970486.3161628,-0.0020283294468218084,0.03986747842416144,0.05083296372768431,-0.0013870510697280793,0.04169798146025962,0.05962799142753627,1784970486.3162034,0.09808589839518929,0.09337614698585334,1784970486.326352,7003.904296875,nan,nan,51.02695846557617,nan
18.122923374176025,1784970486.369815,BSMC,square,square_bsmc_tune_p04,1784970486.3533814,0.2702013763397195,-0.9890270974374624,-0.030917359893903124,0.09453696262201541,0.03233522287575165,1784970486.3466814,0.27651969121558556,-0.9909590269108568,-0.03600101829853286,0.02313375473022461,0,0,1784970486.3562777,0.26944380777739196,-0.9485150118126822,0.018697637166416703,1784970486.3563123,-0.002009533713645261,0.04046930646860503,0.04961499706031983,-0.008598996214494873,0.042161828805070606,0.054698655464949564,1784970486.3563516,0.09810855318204965,0.09283006826456688,1784970486.326352,7003.904296875,nan,nan,51.02695846557617,nan
18.163206338882446,1784970486.410098,BSMC,square,square_bsmc_tune_p04,1784970486.4033446,0.2750054222759092,-0.9891559632740458,-0.027658560589042255,0.09521639291315635,0.03794937005654865,1784970486.3466814,0.27651969121558556,-0.9909590269108568,-0.03600101829853286,0.06341671943664551,0,0,1784970486.3969283,0.26944380777739196,-0.9485150118126822,0.018697637166416703,1784970486.396984,-0.002009533713645261,0.04046930646860503,0.04961499706031983,-0.008598996214494873,0.042161828805070606,0.054698655464949564,1784970486.397041,0.09810855318204965,0.09283006826456688,1784970486.376913,7003.9541015625,nan,nan,49.85957717895508,nan
18.202969074249268,1784970486.4498608,BSMC,square,square_bsmc_tune_p04,1784970486.4033446,0.2750054222759092,-0.9891559632740458,-0.027658560589042255,0.09521639291315635,0.03794937005654865,1784970486.4474733,0.2847969359593491,-0.9911936848532513,-0.0309880863981968,0.002387523651123047,0,0,1784970486.4366164,0.2742437654818535,-0.9484252534849802,0.018697637166416703,1784970486.4366572,-0.0018877746557399394,0.04069406772297602,0.04635619775545896,-0.011873203730178625,0.04242092834923907,0.0496857235646135,1784970486.4369202,0.09823133268871445,0.08986447656352758,1784970486.4262204,7004.00439453125,nan,nan,50.19877243041992,nan
18.242878675460815,1784970486.4897704,BSMC,square,square_bsmc_tune_p04,1784970486.4528928,0.2808790529938389,-0.989572805617696,-0.025497329725687377,0.09763312116629375,0.04198439408345909,1784970486.4474733,0.2847969359593491,-0.9911936848532513,-0.0309880863981968,0.0422971248626709,0,0,1784970486.4763095,0.2801075508576587,-0.9483156017751647,0.018697637166416703,1784970486.4763489,-0.0018230859202558064,0.04122412451681265,0.04419496689210408,-0.00601563086562687,0.042712205824234475,0.0496857235646135,1784970486.476441,0.0982980405299232,0.08831116128050366,1784970486.4751446,7004.05322265625,nan,nan,48.5541877746582,nan
18.28267002105713,1784970486.5295618,BSMC,square,square_bsmc_tune_p04,1784970486.5028281,0.28594016708418935,-0.9896829173284273,-0.021833677715919885,0.09910456517130775,0.04735207805917577,1784970486.4474733,0.2847969359593491,-0.9911936848532513,-0.0309880863981968,0.08208847045898438,0,0,1784970486.5163887,0.28516483743142573,-0.9482210314448576,0.018697637166416703,1784970486.5164256,-0.0016803383874255807,0.04143507668626129,0.04053131488233659,-0.0009637023409250773,0.042963421305212475,0.0496857235646135,1784970486.5164666,0.09843917408893987,0.08493118325165552,1784970486.5253348,7004.103515625,nan,nan,50.29220199584961,nan
18.3231418132782,1784970486.5700336,BSMC,square,square_bsmc_tune_p04,1784970486.5530684,0.29216176590872195,-0.9900090498234798,-0.017131433058392962,0.1003130058483384,0.05367142729212685,1784970486.545515,0.29720637253527044,-0.9916298172198794,-0.015304506759575589,0.024518489837646484,0,0,1784970486.555908,0.291378164942357,-0.9481048433612985,0.018697637166416703,1784970486.5559444,-0.0015013299750305106,0.04188463391275707,0.03582907022480966,-0.006493627294371279,0.04343068221543429,0.0340021439259923,1784970486.5559864,0.09861465037444926,0.08078660606605757,1784970486.5253348,7004.103515625,nan,nan,50.29220199584961,nan
18.36266255378723,1784970486.6095543,BSMC,square,square_bsmc_tune_p04,1784970486.6026466,0.2967552064512295,-0.9900826912313637,-0.014468846490561559,0.09728589707058398,0.053673619383825186,1784970486.545515,0.29720637253527044,-0.9916298172198794,-0.015304506759575589,0.06403923034667969,0,0,1784970486.5965207,0.291378164942357,-0.9481048433612985,0.018697637166416703,1784970486.596564,-0.0015013299750305106,0.04188463391275707,0.03582907022480966,-0.006493627294371279,0.04343068221543429,0.0340021439259923,1784970486.5966132,0.09861465037444926,0.08078660606605757,1784970486.5761633,7004.154296875,nan,nan,51.09254455566406,nan
18.40355396270752,1784970486.6504457,BSMC,square,square_bsmc_tune_p04,1784970486.6026466,0.2967552064512295,-0.9900826912313637,-0.014468846490561559,0.09728589707058398,0.053673619383825186,1784970486.6261733,0.30606606258769453,-0.991148394915181,-0.009003195039095536,0.024272441864013672,0,0,1784970486.6365485,0.29596862319823636,-0.9480190026348165,0.018697637166416703,1784970486.636584,-0.0013950927378837527,0.042047905153692104,0.03316648365697826,-0.010485327240355237,0.043036736323285606,0.02770083220551224,1784970486.636624,0.09871732265037902,0.078340431865503,1784970486.6278274,7004.2041015625,nan,nan,49.775264739990234,nan
18.443342447280884,1784970486.6902342,BSMC,square,square_bsmc_tune_p04,1784970486.6526856,0.3025730623098585,-0.9902606288414723,-0.010471731789657074,0.09635428232131582,0.056372826782906824,1784970486.6261733,0.30606606258769453,-0.991148394915181,-0.009003195039095536,0.06406092643737793,0,0,1784970486.6767282,0.3017811191244457,-0.9479103100282907,0.018697637166416703,1784970486.6767592,-0.001235372839400872,0.04233970396134943,0.029169368956073777,-0.004674045453325369,0.04319775485218436,0.02770083220551224,1784970486.6767986,0.09887033231343222,0.07471858972339068,1784970486.6764865,7004.25439453125,nan,nan,50.309608459472656,nan
18.482945442199707,1784970486.7298372,BSMC,square,square_bsmc_tune_p04,1784970486.7028472,0.3075099691174976,-0.9902955951528486,-0.006412590080380667,0.0971484696748186,0.06056797087221607,1784970486.6261733,0.30606606258769453,-0.991148394915181,-0.009003195039095536,0.10366392135620117,0,0,1784970486.7166235,0.3067156465474752,-0.9478180352715613,0.018697637166416703,1784970486.7166593,-0.0010666955505757329,0.042471592887669975,0.02511022724679737,0.0002594512243663567,0.04333445178179148,0.02770083220551224,1784970486.7166996,0.09902978339633883,0.070861677772771,1784970486.7270474,7004.3046875,nan,nan,50.200801849365234,nan
18.522862434387207,1784970486.7697542,BSMC,square,square_bsmc_tune_p04,1784970486.7527082,0.31385357303280237,-0.9903302861053533,0.0004030763081624666,0.10004457660435188,0.06868987342212024,1784970486.7468045,0.31918348339524805,-0.9908627862823259,0.007118365492888763,0.022949695587158203,0,0,1784970486.756551,0.3130563844992278,-0.9476994646361541,0.018697637166416703,1784970486.7566462,-0.0007800049951483279,0.042631139333875995,0.018294560858254236,-0.005819693958603955,0.04320584264472445,0.011579271673527939,1784970486.756701,0.09929686152315628,0.06431773263906075,1784970486.7270474,7004.3046875,nan,nan,50.200801849365234,nan
18.56264638900757,1784970486.8095381,BSMC,square,square_bsmc_tune_p04,1784970486.8029387,0.3190407177136556,-0.9903122730281501,0.0049916036687792644,0.1013617178684738,0.07262447887152443,1784970486.7468045,0.31918348339524805,-0.9908627862823259,0.007118365492888763,0.06273365020751953,0,0,1784970486.7961295,0.3130563844992278,-0.9476994646361541,0.018697637166416703,1784970486.7961674,-0.0007800049951483279,0.042631139333875995,0.018294560858254236,-0.005819693958603955,0.04320584264472445,0.011579271673527939,1784970486.7962089,0.09929686152315628,0.06431773263906075,1784970486.7811759,7004.35986328125,nan,nan,55.265777587890625,nan
18.603029251098633,1784970486.849921,BSMC,square,square_bsmc_tune_p04,1784970486.8029387,0.3190407177136556,-0.9903122730281501,0.0049916036687792644,0.1013617178684738,0.07262447887152443,1784970486.8341174,0.3279656846128987,-0.9910516028032756,0.012884170499974729,0.01580357551574707,0,0,1784970486.835971,0.3182420526806229,-0.9476024935933578,0.018697637166416703,1784970486.8360069,-0.0005854656768330556,0.04271323395792975,0.013706033497637438,-0.009163034629868148,0.04357078040914093,0.005813466666441974,1784970486.836046,0.09947539758371421,0.05988430093139467,1784970486.8257074,7004.404296875,nan,nan,44.4619255065918,nan
18.64293599128723,1784970486.8898277,BSMC,square,square_bsmc_tune_p04,1784970486.85315,0.324870230878229,-0.9903542023404829,0.009559053186461889,0.10001143875603269,0.07300993627094404,1784970486.8341174,0.3279656846128987,-0.9910516028032756,0.012884170499974729,0.0557103157043457,0,0,1784970486.8761883,0.3240687442789838,-0.9474935355303694,0.018697637166416703,1784970486.8762298,-0.00039174882726813006,0.04286636995399384,0.009138583979954814,-0.0033354228501865646,0.04360465941763071,0.005813466666441974,1784970486.8762732,0.09965108537520663,0.055548573976713984,1784970486.8774755,7004.45556640625,nan,nan,51.14887619018555,nan
18.683071613311768,1784970486.9299634,BSMC,square,square_bsmc_tune_p04,1784970486.902928,0.3297043779658259,-0.9903014750005953,0.013287351415788453,0.09887967361460111,0.07333059966662508,1784970486.8341174,0.3279656846128987,-0.9910516028032756,0.012884170499974729,0.09584593772888184,0,0,1784970486.9163542,0.3289021871846982,-0.9474031510355525,0.018697637166416703,1784970486.9163957,-0.00023213163422379122,0.04290519576885162,0.00541028575062825,0.0014987833778697473,0.0436327632309995,0.005813466666441974,1784970486.9164383,0.0997942606058579,0.051915761455851625,1784970486.9268308,7004.50537109375,nan,nan,50.027122497558594,nan
18.723690271377563,1784970486.970582,BSMC,square,square_bsmc_tune_p04,1784970486.9525225,0.3356981945251404,-0.9901826832004578,0.021485889165159575,0.09930620313835171,0.07987159277639932,1784970486.9479907,0.34074657348919457,-0.9906926209764374,0.03539466929357342,0.022591352462768555,0,0,1784970486.9568193,0.33489612914846,-0.9472910654214418,0.018697637166416703,1784970486.9568603,0.00011961339195214844,0.04289894960492777,-0.0027882519987428717,-0.004310917080746097,0.04358140334477922,-0.016697032127156716,1784970486.9569046,0.10010487106770931,0.04382758512983928,1784970486.9268308,7004.50537109375,nan,nan,50.027122497558594,nan
18.763127088546753,1784970487.0100188,BSMC,square,square_bsmc_tune_p04,1784970487.0025108,0.3407480491813097,-0.9900677270413892,0.025787923738817425,0.10007127893670213,0.08096415145414806,1784970486.9479907,0.34074657348919457,-0.9906926209764374,0.03539466929357342,0.06202816963195801,0,0,1784970486.997117,0.33489612914846,-0.9472910654214418,0.018697637166416703,1784970486.9971642,0.00011961339195214844,0.04289894960492777,-0.0027882519987428717,-0.004310917080746097,0.04358140334477922,-0.016697032127156716,1784970486.997214,0.10010487106770931,0.04382758512983928,1784970486.9890215,7004.56787109375,nan,nan,62.14401626586914,nan
18.802886247634888,1784970487.049778,BSMC,square,square_bsmc_tune_p04,1784970487.0025108,0.3407480491813097,-0.9900677270413892,0.025787923738817425,0.10007127893670213,0.08096415145414806,1784970487.025409,0.3490102310319957,-0.9904833824595256,0.04890884417299211,0.024369001388549805,0,0,1784970487.036362,0.3399463674805352,-0.94719662689196,0.018697637166416703,1784970487.0364022,0.00030401898010005957,0.04287751734920625,-0.007090286572400722,-0.006936763753386638,0.04367811967879757,-0.030211207006575404,1784970487.036447,0.10026502310483448,0.03956377794280609,1784970487.0287228,7004.607421875,nan,nan,39.788047790527344,nan
18.842955112457275,1784970487.0898468,BSMC,square,square_bsmc_tune_p04,1784970487.0531645,0.3468405187171201,-0.989865862330688,0.03471049230930531,0.10100225615633722,0.08714766226425863,1784970487.025409,0.3490102310319957,-0.9904833824595256,0.04890884417299211,0.0644378662109375,0,0,1784970487.0762854,0.3460404808407187,-0.9470826680911297,0.018697637166416703,1784970487.0763283,0.0006851715802315213,0.04278518797258098,-0.01601285514288861,-0.0008443663571776339,0.043494004981612586,-0.030211207006575404,1784970487.076373,0.10059013068805535,0.030668868742655318,1784970487.0871112,7004.66552734375,nan,nan,58.09934997558594,nan
18.88274312019348,1784970487.1296349,BSMC,square,square_bsmc_tune_p04,1784970487.103054,0.3518974237717678,-0.9896868017248245,0.03897318937483429,0.10119190084911014,0.08685735846633523,1784970487.025409,0.3490102310319957,-0.9904833824595256,0.04890884417299211,0.10422587394714355,0,0,1784970487.1162913,0.3510989654290795,-0.9469880753581698,0.018697637166416703,1784970487.1163354,0.0008658322833305396,0.04269741331177577,-0.020275552208417584,0.004212693876760083,0.04334117858946069,-0.030211207006575404,1784970487.1163814,0.10074137821262666,0.026372262557657507,1784970487.0871112,7004.66552734375,nan,nan,58.09934997558594,nan
18.92294931411743,1784970487.169841,BSMC,square,square_bsmc_tune_p04,1784970487.1526408,0.3577106018177611,-0.9893753382166076,0.04776140748358147,0.10174133016899892,0.09239123229535713,1784970487.1460829,0.36093378787922314,-0.9895818745236793,0.06263637569266453,0.0237581729888916,0,0,1784970487.1559825,0.3569159336898018,-0.9468792991198097,0.018697637166416703,1784970487.1560173,0.0012351371423619884,0.04248551838673652,-0.02906377031716477,-0.001336989183192945,0.04287033424566039,-0.04393873852624782,1784970487.1560547,0.10104468852095377,0.017481424724574385,1784970487.13238,7004.7109375,nan,nan,45.094459533691406,nan
18.962986946105957,1784970487.2098787,BSMC,square,square_bsmc_tune_p04,1784970487.2025423,0.3625889124009013,-0.9891452514482441,0.05149872215724434,0.10007282999899157,0.08934289618816287,1784970487.1460829,0.36093378787922314,-0.9895818745236793,0.06263637569266453,0.06379580497741699,0,0,1784970487.1963067,0.3569159336898018,-0.9468792991198097,0.018697637166416703,1784970487.196346,0.0012351371423619884,0.04248551838673652,-0.02906377031716477,-0.001336989183192945,0.04287033424566039,-0.04393873852624782,1784970487.1963909,0.10104468852095377,0.017481424724574385,1784970487.1855927,7004.763671875,nan,nan,52.78840255737305,nan
19.00273895263672,1784970487.2496307,BSMC,square,square_bsmc_tune_p04,1784970487.2025423,0.3625889124009013,-0.9891452514482441,0.05149872215724434,0.10007282999899157,0.08934289618816287,1784970487.2272873,0.3697265273103797,-0.9890411341303458,0.07724044062062169,0.02234339714050293,0,0,1784970487.2360597,0.36179684008262414,-0.9467880270664992,0.018697637166416703,1784970487.2361,0.0013893566454107093,0.04234184129197398,-0.032801084990827636,-0.004645640015279813,0.04273901057496932,-0.058542803454204984,1784970487.2361457,0.10116884311222993,0.01364276097989668,1784970487.2340908,7004.8125,nan,nan,48.82212448120117,nan
19.04326844215393,1784970487.2901602,BSMC,square,square_bsmc_tune_p04,1784970487.2528534,0.36837307577091827,-0.9887432335609774,0.060801842258308925,0.10042836974602187,0.09413080069396573,1784970487.2272873,0.3697265273103797,-0.9890411341303458,0.07724044062062169,0.06287288665771484,0,0,1784970487.276546,0.3675864965680977,-0.9466797615533215,0.018697637166416703,1784970487.2765949,0.0017708353577592588,0.04203354049228868,-0.04210420509189223,0.0011351084249981735,0.042400202205306506,-0.058542803454204984,1784970487.2766435,0.10146971000428548,0.004142406268046611,1784970487.2767272,7004.85498046875,nan,nan,42.45061492919922,nan
19.08314085006714,1784970487.3300326,BSMC,square,square_bsmc_tune_p04,1784970487.302508,0.37340510945339933,-0.9884446491552479,0.06438772566922696,0.10085131411735378,0.09043516813725214,1784970487.2272873,0.3697265273103797,-0.9890411341303458,0.07724044062062169,0.10274529457092285,0,0,1784970487.3161168,0.37262235277016753,-0.94658559196703,0.018697637166416703,1784970487.3161557,0.0019122129108922878,0.041822683061887106,-0.045690088502810255,0.00616321638936872,0.042105505925145455,-0.058542803454204984,1784970487.3161955,0.10157838630931755,0.00038123824202497287,1784970487.2767272,7004.85498046875,nan,nan,42.45061492919922,nan
19.122849225997925,1784970487.369741,BSMC,square,square_bsmc_tune_p04,1784970487.352619,0.3794781737764479,-0.9878948105221927,0.07356009242562118,0.10301576133680913,0.09467736864515791,1784970487.3488967,0.3831586368511713,-0.9876073024563494,0.0916927619524314,0.020844221115112305,0,0,1784970487.356256,0.37870357247473563,-0.9464718742751922,0.018697637166416703,1784970487.3562977,0.0022718212351953647,0.04136784358381522,-0.05486245525920448,-0.000669811436091048,0.041370549946615556,-0.07299512478601469,1784970487.3563435,0.1018487459809639,-0.009145784894256643,1784970487.334695,7004.91357421875,nan,nan,58.746986389160156,nan
19.163466453552246,1784970487.4103582,BSMC,square,square_bsmc_tune_p04,1784970487.4028175,0.3848024826779384,-0.9875057224049837,0.07765434257131629,0.10432519615092406,0.09241328632459342,1784970487.3488967,0.3831586368511713,-0.9876073024563494,0.0916927619524314,0.061461448669433594,0,0,1784970487.3967836,0.37870357247473563,-0.9464718742751922,0.018697637166416703,1784970487.3968327,0.0022718212351953647,0.04136784358381522,-0.05486245525920448,-0.000669811436091048,0.041370549946615556,-0.07299512478601469,1784970487.3968785,0.1018487459809639,-0.009145784894256643,1784970487.3770702,7004.955078125,nan,nan,41.702083587646484,nan
19.202759981155396,1784970487.4496517,BSMC,square,square_bsmc_tune_p04,1784970487.4028175,0.3848024826779384,-0.9875057224049837,0.07765434257131629,0.10432519615092406,0.09241328632459342,1784970487.4460373,0.3913353737372778,-0.986885598695602,0.1022258734657432,0.0036144256591796875,0,0,1784970487.436082,0.38403329353901583,-0.946372209469937,0.018697637166416703,1784970487.4361203,0.002424115477565072,0.04106922451739885,-0.058956705404899584,-0.0031296524338900733,0.041047050532469674,-0.0835282362993265,1784970487.4361637,0.1019594772997855,-0.013501118975219124,1784970487.4352384,7005.013671875,nan,nan,58.243011474609375,nan
19.242989778518677,1784970487.4898815,BSMC,square,square_bsmc_tune_p04,1784970487.4527998,0.3903739373741959,-0.9869359475148646,0.08637263541908292,0.10496640049565363,0.09613407053259679,1784970487.4460373,0.3913353737372778,-0.986885598695602,0.1022258734657432,0.04384422302246094,0,0,1784970487.4766097,0.3896134516339329,-0.9462678615381944,0.018697637166416703,1784970487.476657,0.002750593108095586,0.04058208709665726,-0.06767499825266622,0.002432022846054002,0.04058141018242844,-0.0835282362993265,1784970487.4767702,0.10219161405041349,-0.02261150887762346,1784970487.4779985,7005.05615234375,nan,nan,42.849754333496094,nan
19.283690690994263,1784970487.5305824,BSMC,square,square_bsmc_tune_p04,1784970487.5027044,0.3954054937405014,-0.986509352933313,0.08972786274248955,0.10344425930433687,0.09116771288618529,1784970487.4460373,0.3913353737372778,-0.986885598695602,0.1022258734657432,0.08454513549804688,0,0,1784970487.5163565,0.3946512236166937,-0.9461736561271558,0.018697637166416703,1784970487.5163949,0.0028631455436987736,0.04024102083513177,-0.07103022557607286,0.00745310852605245,0.04016102963593154,-0.0835282362993265,1784970487.5164363,0.10226740947577038,-0.026283457786705988,1784970487.5275066,7005.1064453125,nan,nan,50.05648422241211,nan
19.322904109954834,1784970487.5697958,BSMC,square,square_bsmc_tune_p04,1784970487.5529497,0.40100550261778106,-0.9858321248342521,0.09797495329933392,0.10079728574672604,0.0915808540134968,1784970487.5461955,0.40451735398838845,-0.9853678857924313,0.11730783655137324,0.023600339889526367,0,0,1784970487.5568998,0.4002619345640921,-0.9460687368626819,0.018697637166416703,1784970487.556942,0.003149584235801509,0.03964542893663368,-0.0792773161329172,0.000373358754217166,0.03952710847405804,-0.09861019938495653,1784970487.556988,0.1024575540331935,-0.03504306364850388,1784970487.5275066,7005.1064453125,nan,nan,50.05648422241211,nan
19.36296510696411,1784970487.6098568,BSMC,square,square_bsmc_tune_p04,1784970487.6027136,0.4058311048057787,-0.9853724527264105,0.10065672814923998,0.09941977267770341,0.08510222021049489,1784970487.5461955,0.40451735398838845,-0.9853678857924313,0.11730783655137324,0.06366133689880371,0,0,1784970487.5964684,0.4002619345640921,-0.9460687368626819,0.018697637166416703,1784970487.5965106,0.003149584235801509,0.03964542893663368,-0.0792773161329172,0.000373358754217166,0.03952710847405804,-0.09861019938495653,1784970487.596559,0.1024575540331935,-0.03504306364850388,1784970487.577145,7005.15576171875,nan,nan,49.31801986694336,nan
19.403111457824707,1784970487.6500032,BSMC,square,square_bsmc_tune_p04,1784970487.6027136,0.4058311048057787,-0.9853724527264105,0.10065672814923998,0.09941977267770341,0.08510222021049489,1784970487.6272788,0.41362513752455493,-0.9840671538474309,0.1252100879381881,0.022724390029907227,0,0,1784970487.636461,0.40509444268952155,-0.9459783698480847,0.018697637166416703,1784970487.6365016,0.0032256535764104343,0.03926871013800836,-0.08195909098282328,-0.0037072634416983313,0.038855944444719986,-0.1065124507717714,1784970487.6365464,0.10250289848382864,-0.038089438777256755,1784970487.639167,7005.216796875,nan,nan,60.86285400390625,nan
19.443178415298462,1784970487.6900702,BSMC,square,square_bsmc_tune_p04,1784970487.6525915,0.41176859819531336,-0.9845822759941988,0.10857446748617632,0.10122799900458547,0.08618642539916462,1784970487.6272788,0.41362513752455493,-0.9840671538474309,0.1252100879381881,0.06279134750366211,0,0,1784970487.6762643,0.4110446315581726,-0.9458671024088185,0.018697637166416703,1784970487.6763108,0.003475521877773627,0.03856565234914267,-0.08987683031975961,0.0022102395233837544,0.03822326231765728,-0.1065124507717714,1784970487.676358,0.10265483882938545,-0.046636928819548014,1784970487.6777964,7005.2568359375,nan,nan,40.17559814453125,nan
19.482699871063232,1784970487.7295916,BSMC,square,square_bsmc_tune_p04,1784970487.7026181,0.4170649977971082,-0.9840188483508944,0.11144755327983764,0.10328568152548273,0.08125914697140378,1784970487.6272788,0.41362513752455493,-0.9840671538474309,0.1252100879381881,0.10231280326843262,0,0,1784970487.7161756,0.4163497120562727,-0.9457678983776265,0.018697637166416703,1784970487.7162173,0.003543307297270598,0.0380931986179369,-0.09274991611342094,0.0074861778625684786,0.03765917440584985,-0.1065124507717714,1784970487.7162626,0.10268829133546409,-0.049973540772187026,1784970487.7280195,7005.306640625,nan,nan,49.98406982421875,nan
19.52327013015747,1784970487.7701619,BSMC,square,square_bsmc_tune_p04,1784970487.7527196,0.42294656424224764,-0.983159580904576,0.11840340985319357,0.10364970332099188,0.07963673679683556,1784970487.7451992,0.42614030657961915,-0.9823584724199202,0.13703038923985517,0.024962663650512695,0,0,1784970487.756239,0.42224528506244163,-0.9456576522449601,0.018697637166416703,1784970487.7562814,0.0037336191604946463,0.03732219893901397,-0.09970577268677686,0.0011548938582001595,0.03688885487935791,-0.11833275207343846,1784970487.756325,0.10278893445392931,-0.05764457751174244,1784970487.7280195,7005.306640625,nan,nan,49.98406982421875,nan
19.562853574752808,1784970487.8097453,BSMC,square,square_bsmc_tune_p04,1784970487.8031995,0.4283049874209538,-0.9825359915358725,0.12093168324018624,0.10496405517277561,0.07451444203664725,1784970487.7451992,0.42614030657961915,-0.9823584724199202,0.13703038923985517,0.06454610824584961,0,0,1784970487.796557,0.42224528506244163,-0.9456576522449601,0.018697637166416703,1784970487.796599,0.0037336191604946463,0.03732219893901397,-0.09970577268677686,0.0011548938582001595,0.03688885487935791,-0.11833275207343846,1784970487.7966418,0.10278893445392931,-0.05764457751174244,1784970487.7781746,7005.35693359375,nan,nan,50.20549392700195,nan
19.6036639213562,1784970487.8505557,BSMC,square,square_bsmc_tune_p04,1784970487.8031995,0.4283049874209538,-0.9825359915358725,0.12093168324018624,0.10496405517277561,0.07451444203664725,1784970487.8373349,0.4350023930210811,-0.980994893255039,0.1423837699846491,0.013220787048339844,0,0,1784970487.835968,0.42761349207639365,-0.945557267759513,0.018697637166416703,1784970487.8360026,0.0037745622901218454,0.03679207601451475,-0.10223404607376954,-0.0022854181390896833,0.036127524435824225,-0.1236861328182324,1784970487.8360407,0.10279947981512448,-0.06070328048962276,1784970487.8286843,7005.40771484375,nan,nan,50.53288269042969,nan
19.64289116859436,1784970487.889783,BSMC,square,square_bsmc_tune_p04,1784970487.8526864,0.43414112054241694,-0.9816213244087653,0.12801977346034848,0.10676266711754458,0.0765671306191284,1784970487.8373349,0.4350023930210811,-0.980994893255039,0.1423837699846491,0.05244803428649902,0,0,1784970487.8764112,0.43346468324232523,-0.9454478515591096,0.018697637166416703,1784970487.876456,0.00394737897554949,0.0359638138223565,-0.10932213629393178,0.003522088662910391,0.035405530869433675,-0.1236861328182324,1784970487.876504,0.10287672193006758,-0.068561625880396,1784970487.8780155,7005.45703125,nan,nan,49.382225036621094,nan
19.682535648345947,1784970487.9294274,BSMC,square,square_bsmc_tune_p04,1784970487.9029086,0.4394948971905227,-0.9809449122746284,0.13043638030597104,0.1070549125944302,0.07167135719830432,1784970487.8373349,0.4350023930210811,-0.980994893255039,0.1423837699846491,0.09209251403808594,0,0,1784970487.9168198,0.43882923278064867,-0.9453475354677852,0.018697637166416703,1784970487.9168682,0.003970028155192922,0.0353815661196891,-0.11173874313955434,0.008846587051354245,0.03474358526837297,-0.1236861328182324,1784970487.9169118,0.1028699967073691,-0.07156554125488326,1784970487.929016,7005.5078125,nan,nan,50.89985275268555,nan
19.722774744033813,1784970487.9696665,BSMC,square,square_bsmc_tune_p04,1784970487.952628,0.4452707362076772,-0.9799944084375468,0.13653414868123367,0.10695346954280287,0.07216094648456013,1784970487.9509828,0.4478851565716573,-0.9790700007840951,0.1496962212279515,0.018683671951293945,0,0,1784970487.9558682,0.44462082082437426,-0.9452392338348227,0.018697637166416703,1784970487.9559557,0.004086671636129839,0.034520192157775534,-0.11783651151481697,0.0018176159166253506,0.03393925386078199,-0.1309985840615348,1784970487.9560018,0.10290280185217075,-0.07848330806912984,1784970487.929016,7005.5078125,nan,nan,50.89985275268555,nan
19.763442039489746,1784970488.0103338,BSMC,square,square_bsmc_tune_p04,1784970488.0029926,0.45033714544047865,-0.9793093779017166,0.13871086832412527,0.10477628625398112,0.0671347695143878,1784970487.9509828,0.4478851565716573,-0.9790700007840951,0.1496962212279515,0.05935096740722656,0,0,1784970487.9965782,0.44462082082437426,-0.9452392338348227,0.018697637166416703,1784970487.996623,0.004086671636129839,0.034520192157775534,-0.11783651151481697,0.0018176159166253506,0.03393925386078199,-0.1309985840615348,1784970487.9966702,0.10290280185217075,-0.07848330806912984,1784970487.978904,7005.5576171875,nan,nan,49.79590606689453,nan
19.803173303604126,1784970488.050065,BSMC,square,square_bsmc_tune_p04,1784970488.0029926,0.45033714544047865,-0.9793093779017166,0.13871086832412527,0.10477628625398112,0.0671347695143878,1784970488.027869,0.45668579219815014,-0.9778425503962779,0.1556984977808646,0.022196054458618164,0,0,1784970488.0363033,0.4496982645059979,-0.9451442865702999,0.018697637166416703,1784970488.0363412,0.00409114240225762,0.033925273593251,-0.12001323115770857,-0.0018324769182641778,0.033386285040805035,-0.13700086061444788,1784970488.0363817,0.10288091049757368,-0.08126408072978297,1784970488.0282419,7005.60693359375,nan,nan,49.45065689086914,nan
19.84321141242981,1784970488.0901031,BSMC,square,square_bsmc_tune_p04,1784970488.0528939,0.4557739758021831,-0.9783904065041021,0.14404869774424947,0.10221264849046334,0.06603674131574894,1784970488.027869,0.45668579219815014,-0.9778425503962779,0.1556984977808646,0.06223416328430176,0,0,1784970488.0767674,0.45515037295373406,-0.945042333143447,0.018697637166416703,1784970488.0768266,0.004170006648527166,0.03309220334053734,-0.12535106057783277,0.0035694897943750756,0.032641545715497,-0.13700086061444788,1784970488.0768764,0.10288498962123532,-0.08740204385118472,1784970488.0805078,7005.65966796875,nan,nan,52.506507873535156,nan
19.882668256759644,1784970488.12956,BSMC,square,square_bsmc_tune_p04,1784970488.1030204,0.46062578311576613,-0.9777016468212976,0.14569480750272662,0.10040166519114967,0.060306640996907246,1784970488.027869,0.45668579219815014,-0.9778425503962779,0.1556984977808646,0.10169100761413574,0,0,1784970488.1159756,0.4600133594425655,-0.9449513961890507,0.018697637166416703,1784970488.1160119,0.0041487432575764574,0.0324921822691736,-0.12699717033630992,0.008387752561615095,0.0319772784303922,-0.13700086061444788,1784970488.1160505,0.10284556325988485,-0.08966692916734029,1784970488.1290157,7005.70751953125,nan,nan,48.12091064453125,nan
19.9234881401062,1784970488.1703799,BSMC,square,square_bsmc_tune_p04,1784970488.1525335,0.46637844195978395,-0.9767055452539428,0.15038235577361897,0.10063156654805522,0.05915930413900476,1784970488.1485717,0.47034778990229675,-0.9756546033352164,0.1616799141484783,0.021808147430419922,0,0,1784970488.1564631,0.4657826277871602,-0.9448435119303635,0.018697637166416703,1784970488.1565838,0.00418435850821141,0.031591696787541104,-0.13168471860720227,0.00045423533847639,0.0311441443766393,-0.1429822769820616,1784970488.156656,0.10281644444749409,-0.09523777124743721,1784970488.1290157,7005.70751953125,nan,nan,48.12091064453125,nan
19.963647603988647,1784970488.2105393,BSMC,square,square_bsmc_tune_p04,1784970488.2027197,0.47145567408900857,-0.9759491538898858,0.15199548392182338,0.10133881448003314,0.05443102271552491,1784970488.1485717,0.47034778990229675,-0.9756546033352164,0.1616799141484783,0.06196761131286621,0,0,1784970488.1961443,0.4657826277871602,-0.9448435119303635,0.018697637166416703,1784970488.1961803,0.00418435850821141,0.031591696787541104,-0.13168471860720227,0.00045423533847639,0.0311441443766393,-0.1429822769820616,1784970488.1962166,0.10281644444749409,-0.09523777124743721,1784970488.183585,7005.76171875,nan,nan,54.05154800415039,nan
20.002837419509888,1784970488.2497292,BSMC,square,square_bsmc_tune_p04,1784970488.2027197,0.47145567408900857,-0.9759491538898858,0.15199548392182338,0.10133881448003314,0.05443102271552491,1784970488.2343493,0.47957230126758893,-0.9742379963794867,0.1665569267587471,0.015379905700683594,0,0,1784970488.2356417,0.4708722245498642,-0.9447483374054562,0.018697637166416703,1784970488.235674,0.004147421134096485,0.030929440030434324,-0.13329784675540668,-0.003690651106710122,0.03052393185203138,-0.14785928959233038,1784970488.2357092,0.10276262949269586,-0.09753697983371912,1784970488.2304387,7005.80859375,nan,nan,46.66523361206055,nan
20.043545484542847,1784970488.2904372,BSMC,square,square_bsmc_tune_p04,1784970488.252816,0.47735100583580836,-0.974918527908695,0.15622911499816916,0.10235246979422927,0.052830984081616475,1784970488.2343493,0.47957230126758893,-0.9742379963794867,0.1665569267587471,0.05608797073364258,0,0,1784970488.2771337,0.476784761298896,-0.9446377740539131,0.018697637166416703,1784970488.277177,0.004152166318126895,0.030000070029186348,-0.13753147783175246,0.002158394662101341,0.02965273804023934,-0.14785928959233038,1784970488.2772262,0.10270965077448362,-0.10269202862902198,1784970488.2879972,7005.86572265625,nan,nan,57.45253372192383,nan
20.083492279052734,1784970488.330384,BSMC,square,square_bsmc_tune_p04,1784970488.3025289,0.4824013333376305,-0.9741392602581764,0.15726394329780757,0.10251616602074073,0.04726619720586158,1784970488.2343493,0.47957230126758893,-0.9742379963794867,0.1665569267587471,0.09603476524353027,0,0,1784970488.3162787,0.4818478904718231,-0.9445430944680746,0.018697637166416703,1784970488.3163128,0.004088634913545755,0.029317612334988016,-0.13856630613139087,0.0071671541037579625,0.028906701780171996,-0.14785928959233038,1784970488.3163517,0.10263950278076973,-0.1044461362253003,1784970488.2879972,7005.86572265625,nan,nan,57.45253372192383,nan
20.122968196868896,1784970488.36986,BSMC,square,square_bsmc_tune_p04,1784970488.352755,0.48827102215046825,-0.9730843774905624,0.15984871460930758,0.10285971874531658,0.04448056665777555,1784970488.3498552,0.49192873210401045,-0.971903393837411,0.16568658354670363,0.020004749298095703,0,0,1784970488.356172,0.4877352466895519,-0.9444330019878433,0.018697637166416703,1784970488.356211,0.0040314614788847965,0.02837138861399987,-0.14115107744289085,0.00039462228999371986,0.027785824111195814,-0.14698894638028692,1784970488.356256,0.10255315763229503,-0.10801749533397026,1784970488.330986,7005.90869140625,nan,nan,42.68597412109375,nan
20.16274929046631,1784970488.409641,BSMC,square,square_bsmc_tune_p04,1784970488.4027815,0.49323519369400126,-0.972298302522026,0.16061327963407512,0.10185658171222946,0.03934519094769346,1784970488.3498552,0.49192873210401045,-0.971903393837411,0.16568658354670363,0.05978584289550781,0,0,1784970488.3963006,0.4877352466895519,-0.9444330019878433,0.018697637166416703,1784970488.396349,0.0040314614788847965,0.02837138861399987,-0.14115107744289085,0.00039462228999371986,0.027785824111195814,-0.14698894638028692,1784970488.3963964,0.10255315763229503,-0.10801749533397026,1784970488.3888235,7005.96630859375,nan,nan,57.95297622680664,nan
20.20285940170288,1784970488.4497511,BSMC,square,square_bsmc_tune_p04,1784970488.4027815,0.49323519369400126,-0.972298302522026,0.16061327963407512,0.10185658171222946,0.03934519094769346,1784970488.4477148,0.5001272619216806,-0.9702826037004587,0.16032237842601563,0.0020363330841064453,0,0,1784970488.4370625,0.4927123772720434,-0.9443399305598547,0.018697637166416703,1784970488.4371169,0.0039551166811734075,0.027682141387986955,-0.14191564246765842,-0.0031783987348160906,0.026793666892199787,-0.14162474125959892,1784970488.4373653,0.10247518915636096,-0.10953134737229216,1784970488.4305995,7006.0087890625,nan,nan,42.27836227416992,nan
20.243748664855957,1784970488.4906404,BSMC,square,square_bsmc_tune_p04,1784970488.4528239,0.49850907583481374,-0.9713481590598104,0.16054736476067727,0.10086281110969011,0.03277529533919227,1784970488.4477148,0.5001272619216806,-0.9702826037004587,0.16032237842601563,0.04292559623718262,0,0,1784970488.476371,0.49800217716733486,-0.9442410122731293,0.018697637166416703,1784970488.4764166,0.0038329294312755215,0.026839579079200017,-0.14184972759426057,0.002059355050979708,0.026046871713415305,-0.14162474125959892,1784970488.4764693,0.10236859645976487,-0.11037980146311986,1784970488.4801474,7006.05859375,nan,nan,49.666744232177734,nan
20.283236026763916,1784970488.5301278,BSMC,square,square_bsmc_tune_p04,1784970488.5025225,0.5033862408578275,-0.9705810009431399,0.15999388291385797,0.10026749493029206,0.025182545331102382,1784970488.4477148,0.5001272619216806,-0.9702826037004587,0.16032237842601563,0.0824129581451416,0,0,1784970488.5161426,0.5028919780253827,-0.9441495738949522,0.018697637166416703,1784970488.5161798,0.003722897702283558,0.02617259376236019,-0.14129624574744126,0.0069010453725408035,0.02535654697934426,-0.14162474125959892,1784970488.5162249,0.10227957819678436,-0.11054950586094378,1784970488.4801474,7006.05859375,nan,nan,49.666744232177734,nan
20.322766304016113,1784970488.569658,BSMC,square,square_bsmc_tune_p04,1784970488.552753,0.5094629573198107,-0.969526093164252,0.1588910915137339,0.10124288165035544,0.017515699447451093,1784970488.5492501,0.5143105160052706,-0.9680316306856277,0.15872253109873866,0.020407915115356445,0,0,1784970488.5562978,0.5089862899910287,-0.9440356113802363,0.018697637166416703,1784970488.5563574,0.003562526867002116,0.025244806904499238,-0.1401934543473172,-0.0014645634839975338,0.024535920177502786,-0.14002489393232195,1784970488.5564194,0.10215392188910472,-0.11046280493139606,1784970488.530334,7006.1083984375,nan,nan,50.0854606628418,nan
20.363190174102783,1784970488.610082,BSMC,square,square_bsmc_tune_p04,1784970488.6030047,0.5145878501418398,-0.9687234033680875,0.15801883737911768,0.10208562202843076,0.01140136485641554,1784970488.5492501,0.5143105160052706,-0.9680316306856277,0.15872253109873866,0.06083178520202637,0,0,1784970488.5965772,0.5089862899910287,-0.9440356113802363,0.018697637166416703,1784970488.5966208,0.003562526867002116,0.025244806904499238,-0.1401934543473172,-0.0014645634839975338,0.024535920177502786,-0.14002489393232195,1784970488.5967338,0.10215392188910472,-0.11046280493139606,1784970488.580836,7006.15869140625,nan,nan,50.110801696777344,nan
20.40292739868164,1784970488.6498191,BSMC,square,square_bsmc_tune_p04,1784970488.6030047,0.5145878501418398,-0.9687234033680875,0.15801883737911768,0.10208562202843076,0.01140136485641554,1784970488.6276824,0.5235474393063473,-0.9666091997697716,0.15661565905779493,0.022136688232421875,0,0,1784970488.6362264,0.5141243962557616,-0.9439395297365483,0.018697637166416703,1784970488.6362615,0.0034423611449858863,0.02454802092707511,-0.13932120021270097,-0.005771784000807308,0.02386198208859521,-0.13791802189137822,1784970488.6363022,0.1020603267987295,-0.11036356709485604,1784970488.6353388,7006.2119140625,nan,nan,53.0866584777832,nan
20.443432807922363,1784970488.6903245,BSMC,square,square_bsmc_tune_p04,1784970488.6527286,0.5208633619551915,-0.9676550162084323,0.1570746479937971,0.10444436820300716,0.006580685149402497,1784970488.6276824,0.5235474393063473,-0.9666091997697716,0.15661565905779493,0.06264209747314453,0,0,1784970488.676964,0.5204176860555287,-0.9438218463728707,0.018697637166416703,1784970488.6770055,0.003288022597864479,0.02360947942700551,-0.1383770108273804,0.0004628368678704837,0.022996621757988674,-0.13791802189137822,1784970488.6770515,0.101937576777795,-0.11045821492285501,1784970488.6820376,7006.26025390625,nan,nan,48.65461349487305,nan
20.483341693878174,1784970488.7302334,BSMC,square,square_bsmc_tune_p04,1784970488.7035706,0.5262250261427023,-0.9668202315323111,0.1561601708279982,0.10535998100664995,0.0022677362614303845,1784970488.6276824,0.5235474393063473,-0.9666091997697716,0.15661565905779493,0.10255098342895508,0,0,1784970488.716354,0.5257930808782985,-0.9437213274767184,0.018697637166416703,1784970488.716387,0.003165796845164682,0.022885009845225363,-0.1374625336615815,0.005788119797104498,0.022257476797407895,-0.13791802189137822,1784970488.7164237,0.10184259061585837,-0.11034944733938915,1784970488.6820376,7006.26025390625,nan,nan,48.65461349487305,nan
20.5234854221344,1784970488.7703772,BSMC,square,square_bsmc_tune_p04,1784970488.7524703,0.5311900536967965,-0.9660653271948316,0.15445373975847337,0.10436308541500026,-0.00357434273651614,1784970488.752032,0.5373517145504215,-0.9643753418807904,0.1555162337237596,0.018345117568969727,0,0,1784970488.756308,0.5307704844908001,-0.9436282509431188,0.018697637166416703,1784970488.7563503,0.0030371534624928274,0.0222345255827298,-0.13575610259205667,-0.003288286341027023,0.021516076417718407,-0.1368185965573429,1784970488.756395,0.10175262343564256,-0.1093847626924361,1784970488.7314546,7006.3095703125,nan,nan,49.21903610229492,nan
20.562706232070923,1784970488.809598,BSMC,square,square_bsmc_tune_p04,1784970488.8023643,0.5371765610568806,-0.9650509078265677,0.15260225207205994,0.10297098038439088,-0.010065719126229444,1784970488.752032,0.5373517145504215,-0.9643753418807904,0.1555162337237596,0.057565927505493164,0,0,1784970488.795956,0.5307704844908001,-0.9436282509431188,0.018697637166416703,1784970488.7959886,0.0030371534624928274,0.0222345255827298,-0.13575610259205667,-0.003288286341027023,0.021516076417718407,-0.1368185965573429,1784970488.7960272,0.10175262343564256,-0.1093847626924361,1784970488.7817726,7006.35986328125,nan,nan,50.12008285522461,nan
20.602811098098755,1784970488.8497028,BSMC,square,square_bsmc_tune_p04,1784970488.8023643,0.5371765610568806,-0.9650509078265677,0.15260225207205994,0.10297098038439088,-0.010065719126229444,1784970488.839368,0.5453239388850045,-0.9629722724091053,0.14801137099937323,0.01033473014831543,0,0,1784970488.8366716,0.5367738620269393,-0.9435159888855371,0.018697637166416703,1784970488.836705,0.0028755179314118215,0.021345873065574075,-0.1339046149056432,-0.005587344796483958,0.020504447345722276,-0.12931373383295652,1784970488.836743,0.1016352722716422,-0.10853631042490401,1784970488.8315165,7006.4091796875,nan,nan,49.53592300415039,nan
20.642629384994507,1784970488.8895211,BSMC,square,square_bsmc_tune_p04,1784970488.852995,0.542909557588248,-0.9641003931577287,0.1496043621421166,0.10200063273741156,-0.01714396379393256,1784970488.839368,0.5453239388850045,-0.9629722724091053,0.14801137099937323,0.05015301704406738,0,0,1784970488.8767962,0.5425226227634168,-0.9434084881153563,0.018697637166416703,1784970488.8768375,0.0027014520188614294,0.020518450473440062,-0.13090672497569988,0.00011441401664534067,0.01976299413900142,-0.12931373383295652,1784970488.876886,0.10152167213756906,-0.1064979608206772,1784970488.8873045,7006.46533203125,nan,nan,56.23130798339844,nan
20.682706594467163,1784970488.9295983,BSMC,square,square_bsmc_tune_p04,1784970488.9027824,0.547890748355349,-0.9633682550217106,0.14725802052940315,0.1016034321983781,-0.022377766049617255,1784970488.839368,0.5453239388850045,-0.9629722724091053,0.14801137099937323,0.09023022651672363,0,0,1784970488.9160268,0.5475157583639274,-0.9433151173964696,0.018697637166416703,1784970488.9160647,0.002571392855160368,0.01989112578249296,-0.12856038336298645,0.0050667256922232486,0.019118998576775455,-0.12931373383295652,1784970488.9161072,0.10143757467402946,-0.10488003652930829,1784970488.8873045,7006.46533203125,nan,nan,56.23130798339844,nan
20.72293186187744,1784970488.9698236,BSMC,square,square_bsmc_tune_p04,1784970488.9527185,0.5537923755713781,-0.9624062112678853,0.14527301555953032,0.10225185397160373,-0.02726077336958442,1784970488.9492023,0.5577020194095567,-0.9612883365750278,0.14875496362011292,0.020621299743652344,0,0,1784970488.9558902,0.5534333063547827,-0.9432044603356247,0.018697637166416703,1784970488.9559271,0.0024244079738218057,0.019051467543035817,-0.1265753783931136,-0.0015414146156799355,0.018516817544292376,-0.13005732645369622,1784970488.955967,0.10133348163727561,-0.10384630870810178,1784970488.9382985,7006.5166015625,nan,nan,51.15589904785156,nan
20.762972593307495,1784970489.0098643,BSMC,square,square_bsmc_tune_p04,1784970489.0026326,0.558862801489123,-0.9616830055563668,0.142442455332427,0.10241504548584593,-0.03238119755679903,1784970488.9492023,0.5577020194095567,-0.9612883365750278,0.14875496362011292,0.060662031173706055,0,0,1784970488.996161,0.5534333063547827,-0.9432044603356247,0.018697637166416703,1784970488.9961984,0.0024244079738218057,0.019051467543035817,-0.1265753783931136,-0.0015414146156799355,0.018516817544292376,-0.13005732645369622,1784970488.9962497,0.10133348163727561,-0.10384630870810178,1784970488.9814389,7006.5595703125,nan,nan,42.822811126708984,nan
20.802695751190186,1784970489.0495875,BSMC,square,square_bsmc_tune_p04,1784970489.0026326,0.558862801489123,-0.9616830055563668,0.142442455332427,0.10241504548584593,-0.03238119755679903,1784970489.0300481,0.566370920385146,-0.9600986826042943,0.14733321110657416,0.019539356231689453,0,0,1784970489.036071,0.5585154789365088,-0.9431094246415382,0.018697637166416703,1784970489.0361059,0.002292923899953074,0.018434778028071315,-0.1237448181660103,-0.005276300246895458,0.017958382504631363,-0.12863557394015745,1784970489.0361564,0.10125311053739273,-0.10174123338337737,1784970489.0319386,7006.609375,nan,nan,50.17447280883789,nan
20.842865467071533,1784970489.0897572,BSMC,square,square_bsmc_tune_p04,1784970489.0532413,0.5647154470279623,-0.9607528239640032,0.1409901575529782,0.1023749780430721,-0.03497136079880336,1784970489.0300481,0.566370920385146,-0.9600986826042943,0.14733321110657416,0.05970907211303711,0,0,1784970489.0761309,0.5643834667639591,-0.9429996943466488,0.018697637166416703,1784970489.076172,0.0021660460554357684,0.017623622402673227,-0.12229252038656149,0.0005442227692055708,0.017205498914851253,-0.12863557394015745,1784970489.0762162,0.10115927897802936,-0.10119804882705315,1784970489.081916,7006.65966796875,nan,nan,50.275150299072266,nan
20.883136749267578,1784970489.1300285,BSMC,square,square_bsmc_tune_p04,1784970489.1027486,0.5696587033903316,-0.9600707216257137,0.1378186401449368,0.10170987334305161,-0.03994425129000008,1784970489.0300481,0.566370920385146,-0.9600986826042943,0.14733321110657416,0.09998035430908203,0,0,1784970489.1163678,0.5693377458869624,-0.9429070502367566,0.018697637166416703,1784970489.116403,0.0020400784710697555,0.017045020067425927,-0.11912100297852009,0.005458427861576898,0.016569847383085944,-0.12863557394015745,1784970489.1164434,0.1010866169519667,-0.09871619021644851,1784970489.081916,7006.65966796875,nan,nan,50.275150299072266,nan
20.923320770263672,1784970489.1702125,BSMC,square,square_bsmc_tune_p04,1784970489.1526115,0.5755450100567238,-0.9591729521899768,0.13593467889182112,0.1021239773867961,-0.04234739191426444,1784970489.1485586,0.5795685538690794,-0.9582411797490162,0.14076999834312737,0.02165389060974121,0,0,1784970489.156015,0.5752387771858436,-0.9427967020350188,0.018697637166416703,1784970489.1560552,0.0019158429995956355,0.01626668046375384,-0.1172370417254044,-0.0021200018822073925,0.015899196520714313,-0.12207236117671066,1784970489.1560972,0.10099950241455864,-0.09771339577936308,1784970489.1320505,7006.71044921875,nan,nan,50.59903335571289,nan
20.962795972824097,1784970489.2096877,BSMC,square,square_bsmc_tune_p04,1784970489.2024949,0.5805055152983917,-0.9585112649581732,0.13261901088170677,0.10137415791077294,-0.04653774127603873,1784970489.1485586,0.5795685538690794,-0.9582411797490162,0.14076999834312737,0.061129093170166016,0,0,1784970489.1961536,0.5752387771858436,-0.9427967020350188,0.018697637166416703,1784970489.1961873,0.0019158429995956355,0.01626668046375384,-0.1172370417254044,-0.0021200018822073925,0.015899196520714313,-0.12207236117671066,1784970489.1962261,0.10099950241455864,-0.09771339577936308,1784970489.1846232,7006.7607421875,nan,nan,50.04850387573242,nan
21.003028392791748,1784970489.2499201,BSMC,square,square_bsmc_tune_p04,1784970489.2024949,0.5805055152983917,-0.9585112649581732,0.13261901088170677,0.10137415791077294,-0.04653774127603873,1784970489.227256,0.5878753624028854,-0.9571178417065093,0.13497013218902165,0.02266407012939453,0,0,1784970489.2370968,0.5802099175333177,-0.9427037426233251,0.018697637166416703,1784970489.2371495,0.001797236149502202,0.015707803240057452,-0.11392137371529007,-0.005656158859419901,0.015314475648393477,-0.11627249502260495,1784970489.2371938,0.1009333653325114,-0.09506736163182858,1784970489.2372706,7006.814453125,nan,nan,54.12950134277344,nan
21.04264998435974,1784970489.2895417,BSMC,square,square_bsmc_tune_p04,1784970489.2525496,0.5863135254051187,-0.95767505991383,0.12974712149754133,0.10161932657881458,-0.05063056108372217,1784970489.227256,0.5878753624028854,-0.9571178417065093,0.13497013218902165,0.062285661697387695,0,0,1784970489.275916,0.5860315288015643,-0.9425948795615771,0.018697637166416703,1784970489.2759526,0.001671498591324579,0.014989911740903958,-0.11104948433112463,0.00012715558728200178,0.014638988464682853,-0.11627249502260495,1784970489.2759922,0.10085495275946753,-0.09302862985423295,1784970489.2831588,7006.8603515625,nan,nan,45.821632385253906,nan
21.082692861557007,1784970489.3295846,BSMC,square,square_bsmc_tune_p04,1784970489.302982,0.5914982212193195,-0.9570171511528964,0.12587719114567222,0.10245141465978795,-0.05516439862825707,1784970489.227256,0.5878753624028854,-0.9571178417065093,0.13497013218902165,0.10232853889465332,0,0,1784970489.3160028,0.5912267107213005,-0.9424977306136206,0.018697637166416703,1784970489.3160398,0.0015534788350436315,0.014438628544842817,-0.1071795539792555,0.005288161581195566,0.014036186483903533,-0.11627249502260495,1784970489.31608,0.10079323816504449,-0.08982863230719464,1784970489.2831588,7006.8603515625,nan,nan,45.821632385253906,nan
21.123148202896118,1784970489.37004,BSMC,square,square_bsmc_tune_p04,1784970489.3527715,0.5973936563280893,-0.9562653151157956,0.12140201639031822,0.10389005427685923,-0.05949129922621429,1784970489.3479567,0.600347216668788,-0.9556178973984256,0.11945883437831972,0.022083282470703125,0,0,1784970489.3564758,0.5971341392977809,-0.9423872627839665,0.018697637166416703,1784970489.356515,0.001423081032276763,0.013807335948313225,-0.10270437922390152,-0.0016134188836526486,0.013519261740171904,-0.10076119721190302,1784970489.3565567,0.10072536527109902,-0.0861200282825329,1784970489.3353512,7006.9130859375,nan,nan,52.78371047973633,nan
21.163185596466064,1784970489.4100773,BSMC,square,square_bsmc_tune_p04,1784970489.4032114,0.6025074038596671,-0.9556601247380443,0.11718127532766133,0.10312187694503175,-0.06371051483795309,1784970489.3479567,0.600347216668788,-0.9556178973984256,0.11945883437831972,0.062120676040649414,0,0,1784970489.3963745,0.5971341392977809,-0.9423872627839665,0.018697637166416703,1784970489.3964164,0.001423081032276763,0.013807335948313225,-0.10270437922390152,-0.0016134188836526486,0.013519261740171904,-0.10076119721190302,1784970489.396483,0.10072536527109902,-0.0861200282825329,1784970489.3837118,7006.9609375,nan,nan,47.709983825683594,nan
21.202991485595703,1784970489.4498832,BSMC,square,square_bsmc_tune_p04,1784970489.4032114,0.6025074038596671,-0.9556601247380443,0.11718127532766133,0.10312187694503175,-0.06371051483795309,1784970489.4478235,0.6092851679360615,-0.9545620197812626,0.1101931075685726,0.0020596981048583984,0,0,1784970489.4366827,0.6022574122561599,-0.9422914585203835,0.018697637166416703,1784970489.436722,0.0013146974402901913,0.013306212942890337,-0.09848363816124463,-0.005635734943807708,0.012968982812715897,-0.09149547040215589,1784970489.4367678,0.10067237423450018,-0.08251859812322851,1784970489.4368515,7007.015625,nan,nan,54.61368179321289,nan
21.242746114730835,1784970489.4896379,BSMC,square,square_bsmc_tune_p04,1784970489.4530358,0.6076188372716816,-0.9550567076150127,0.1119580737348991,0.09987228748040992,-0.06918057765945505,1784970489.4478235,0.6092851679360615,-0.9545620197812626,0.1101931075685726,0.041814327239990234,0,0,1784970489.4763107,0.6073783387559548,-0.9421956981351453,0.018697637166416703,1784970489.4763541,0.0011978948357312226,0.012807359303925065,-0.09326043656848239,-0.0005353366832051341,0.012501012887480468,-0.09149547040215589,1784970489.4764,0.10061958710706072,-0.07792842056327927,1784970489.4837132,7007.0615234375,nan,nan,45.92257308959961,nan
21.28276538848877,1784970489.5296571,BSMC,square,square_bsmc_tune_p04,1784970489.5026767,0.612116067507628,-0.9545653865879993,0.10785624228059512,0.09621625092753008,-0.07150727526754197,1784970489.4478235,0.6092851679360615,-0.9545620197812626,0.1101931075685726,0.0818336009979248,0,0,1784970489.516031,0.6118831813374241,-0.9421114584060539,0.018697637166416703,1784970489.5160697,0.0011090982059505307,0.012406629852578104,-0.08915860511417842,0.003951447352405376,0.012089343076142225,-0.09149547040215589,1784970489.5161116,0.10057880680270422,-0.07433220146934894,1784970489.4837132,7007.0615234375,nan,nan,45.92257308959961,nan
21.322830200195312,1784970489.569722,BSMC,square,square_bsmc_tune_p04,1784970489.5526247,0.6177723144912496,-0.9540084120724704,0.10140633737310707,0.09528540841818349,-0.07702590094682851,1784970489.5469575,0.6224519779758456,-0.9533969569288033,0.09515212381150215,0.02276444435119629,0,0,1784970489.556344,0.6175478627986553,-0.9420055299028816,0.018697637166416703,1784970489.5563812,0.0009917846823677857,0.011963942581071007,-0.08270870020669037,-0.003799647577569016,0.01180583049362999,-0.07645448664508545,1784970489.556424,0.10053092900309488,-0.06847173796851644,1784970489.5390782,7007.1171875,nan,nan,55.539371490478516,nan
21.363235235214233,1784970489.610127,BSMC,square,square_bsmc_tune_p04,1784970489.6025124,0.6226593158086262,-0.9535242161939734,0.0966539151057993,0.0966283094975104,-0.08021467971160563,1784970489.5469575,0.6224519779758456,-0.9533969569288033,0.09515212381150215,0.06316947937011719,0,0,1784970489.5964952,0.6175478627986553,-0.9420055299028816,0.018697637166416703,1784970489.5965333,0.0009917846823677857,0.011963942581071007,-0.08270870020669037,-0.003799647577569016,0.01180583049362999,-0.07645448664508545,1784970489.5965784,0.10053092900309488,-0.06847173796851644,1784970489.5841188,7007.16162109375,nan,nan,44.47517776489258,nan
21.403149127960205,1784970489.6500409,BSMC,square,square_bsmc_tune_p04,1784970489.6025124,0.6226593158086262,-0.9535242161939734,0.0966539151057993,0.0966283094975104,-0.08021467971160563,1784970489.629838,0.6305220037028381,-0.9529611089922126,0.08523869474830102,0.0202028751373291,0,0,1784970489.6363373,0.6224422070204318,-0.941914006564637,0.018697637166416703,1784970489.6363747,0.0009043303490165965,0.011576972422999706,-0.0779562779393826,-0.007109961286629009,0.011694872251418891,-0.06654105758188432,1784970489.6364164,0.10049210549634131,-0.06421807792284107,1784970489.6424623,7007.220703125,nan,nan,59.05342483520508,nan
21.44295573234558,1784970489.6898475,BSMC,square,square_bsmc_tune_p04,1784970489.6525297,0.6286590692983393,-0.9530259670772325,0.09011903558316091,0.10019243536389064,-0.08455063821575189,1784970489.629838,0.6305220037028381,-0.9529611089922126,0.08523869474830102,0.06000947952270508,0,0,1784970489.677264,0.6284491771410097,-0.9418016773263861,0.018697637166416703,1784970489.677304,0.0008011131331310104,0.01119763157442635,-0.0714213984167442,-0.001115236975615416,0.011295387180079042,-0.06654105758188432,1784970489.6773477,0.10045003714932281,-0.058201170798830894,1784970489.6424623,7007.220703125,nan,nan,59.05342483520508,nan
21.48320198059082,1784970489.7300937,BSMC,square,square_bsmc_tune_p04,1784970489.7028549,0.6341354427606677,-0.9525325054905694,0.08569974204351814,0.10421233771439872,-0.08511936646255248,1784970489.629838,0.6305220037028381,-0.9529611089922126,0.08523869474830102,0.10025572776794434,0,0,1784970489.7159908,0.6339328606927563,-0.941699133450886,0.018697637166416703,1784970489.716029,0.0007254425582977655,0.010810953812640472,-0.06700210487710144,0.004357267538590328,0.010930702543581626,-0.06654105758188432,1784970489.7160923,0.10041400930939473,-0.0542722405059815,1784970489.6935315,7007.2724609375,nan,nan,51.94984436035156,nan
21.522810697555542,1784970489.7697024,BSMC,square,square_bsmc_tune_p04,1784970489.7540736,0.6406052906771977,-0.9520987356917777,0.07837579862563657,0.1081057494795238,-0.08846649877931087,1784970489.7478924,0.6435817438897514,-0.9520486999214453,0.0680968100852624,0.021810054779052734,0,0,1784970489.756509,0.6404085555835994,-0.9415780391454986,0.018697637166416703,1784970489.7565613,0.0006275929110987103,0.01050380348511339,-0.059678161459219864,-0.00245336617252398,0.010662310046831385,-0.049399172918845706,1784970489.7566001,0.10037426045840558,-0.047396694557931975,1784970489.7386115,7007.3173828125,nan,nan,45.00025939941406,nan
21.5631103515625,1784970489.810002,BSMC,square,square_bsmc_tune_p04,1784970489.8027487,0.6458949253941731,-0.951683130530998,0.07445898425587734,0.10846739532218634,-0.08708850692083751,1784970489.7478924,0.6435817438897514,-0.9520486999214453,0.0680968100852624,0.06210970878601074,0,0,1784970489.7963173,0.6404085555835994,-0.9415780391454986,0.018697637166416703,1784970489.7963555,0.0006275929110987103,0.01050380348511339,-0.059678161459219864,-0.00245336617252398,0.010662310046831385,-0.049399172918845706,1784970489.7963953,0.10037426045840558,-0.047396694557931975,1784970489.787698,7007.36669921875,nan,nan,49.047889709472656,nan
21.603025197982788,1784970489.849917,BSMC,square,square_bsmc_tune_p04,1784970489.8027487,0.6458949253941731,-0.951683130530998,0.07445898425587734,0.10846739532218634,-0.08708850692083751,1784970489.8335924,0.6527335982262765,-0.9515859263201015,0.056978010314574126,0.016324520111083984,0,0,1784970489.8358061,0.6457041102746146,-0.9414790132451498,0.018697637166416703,1784970489.8358393,0.0005687999298522096,0.01019003859820938,-0.055761347089460636,-0.0064425201903455616,0.010490821052909995,-0.03828037314815742,1784970489.8358765,0.10034511782563163,-0.043881061380558216,1784970489.833871,7007.41259765625,nan,nan,46.18806457519531,nan
21.64263081550598,1784970489.8895226,BSMC,square,square_bsmc_tune_p04,1784970489.8530107,0.6516024448540572,-0.9514045653101704,0.06691159561193674,0.10589943886417384,-0.09063506765195299,1784970489.8335924,0.6527335982262765,-0.9515859263201015,0.056978010314574126,0.055930137634277344,0,0,1784970489.876369,0.6514148419064512,-0.9413722236122428,0.018697637166416703,1784970489.8764055,0.0004835960581053094,0.010022435315955465,-0.04821395844552004,-0.0007349746088629264,0.010272227293042458,-0.03828037314815742,1784970489.8764443,0.10030502719854344,-0.036629497163003386,1784970489.833871,7007.41259765625,nan,nan,46.18806457519531,nan
21.683026552200317,1784970489.9299183,BSMC,square,square_bsmc_tune_p04,1784970489.9028983,0.6563243328597727,-0.9510945146251844,0.06257610921119912,0.10094843659178343,-0.08996949421054808,1784970489.8335924,0.6527335982262765,-0.9515859263201015,0.056978010314574126,0.09632587432861328,0,0,1784970489.9166317,0.6561408751889208,-0.941283847657658,0.018697637166416703,1784970489.9166615,0.0004304141897563052,0.009802937656129542,-0.043878472044782416,0.003988421992182552,0.010091325536301684,-0.03828037314815742,1784970489.916697,0.10018207414155247,-0.0325756068169721,1784970489.8916023,7007.470703125,nan,nan,57.81526184082031,nan
21.723090410232544,1784970489.9699821,BSMC,square,square_bsmc_tune_p04,1784970489.9524498,0.6607784203656257,-0.9508181954751805,0.05857922338312579,0.0966453612874118,-0.0884763302912763,1784970489.951901,0.6650381912544678,-0.9514076379201414,0.046041800608980894,0.018081188201904297,0,0,1784970489.9562817,0.6605985710310949,-0.9412004895639344,0.018697637166416703,1784970489.9563227,0.0003835347353621321,0.009611738338361082,-0.039881586216709085,-0.003965125927872879,0.010400667366544838,-0.027344163442564195,1784970489.9563618,0.09995455195268489,-0.028807441891404363,1784970489.9335916,7007.51220703125,nan,nan,41.86637878417969,nan
21.762723922729492,1784970490.0096157,BSMC,square,square_bsmc_tune_p04,1784970490.0025141,0.6661482266479629,-0.9507038429489975,0.051330982770352584,0.09524823016925496,-0.09126151592535867,1784970489.951901,0.6650381912544678,-0.9514076379201414,0.046041800608980894,0.05771470069885254,0,0,1784970489.996197,0.6605985710310949,-0.9412004895639344,0.018697637166416703,1784970489.9962454,0.0003835347353621321,0.009611738338361082,-0.039881586216709085,-0.003965125927872879,0.010400667366544838,-0.027344163442564195,1784970489.996294,0.09995455195268489,-0.028807441891404363,1784970489.9878721,7007.56689453125,nan,nan,54.29411697387695,nan
21.802748918533325,1784970490.0496407,BSMC,square,square_bsmc_tune_p04,1784970490.0025141,0.6661482266479629,-0.9507038429489975,0.051330982770352584,0.09524823016925496,-0.09126151592535867,1784970490.0274308,0.6736268581534259,-0.9506694009303951,0.029085050479550272,0.022209882736206055,0,0,1784970490.0366402,0.6659686378628822,-0.9411000703002352,0.018697637166416703,1784970490.0366795,0.0003134023906174293,0.009600337502525386,-0.03263334560393588,-0.007376696095710598,0.009787991695916973,-0.010387413313133568,1784970490.0367239,0.09953549910691979,-0.021635671186420832,1784970490.0335336,7007.6123046875,nan,nan,45.62610626220703,nan
21.842877626419067,1784970490.0897694,BSMC,square,square_bsmc_tune_p04,1784970490.0526738,0.6718354223184826,-0.9505728473748764,0.0425863541034112,0.09662272652855136,-0.09577307757916653,1784970490.0274308,0.6736268581534259,-0.9506694009303951,0.029085050479550272,0.06233859062194824,0,0,1784970490.0766397,0.6716562942490818,-0.9409937121701846,0.018697637166416703,1784970490.076675,0.0002288514875465184,0.009578076275101405,-0.0238887169369945,-0.0016883522529490941,0.009728902392126766,-0.010387413313133568,1784970490.0767124,0.0989212069065836,-0.013033397421332124,1784970490.0846703,7007.66357421875,nan,nan,51.2781867980957,nan
21.883145570755005,1784970490.1300373,BSMC,square,square_bsmc_tune_p04,1784970490.1029816,0.6769262144920725,-0.9503520323543615,0.038400928463780785,0.09860156315314765,-0.09356717914411121,1784970490.0274308,0.6736268581534259,-0.9506694009303951,0.029085050479550272,0.10260653495788574,0,0,1784970490.116069,0.6767494346377234,-0.9408984713801227,0.018697637166416703,1784970490.1160998,0.0001862867760003875,0.009453378414495072,-0.01970329129736408,0.0034054037341997214,0.009675989540288475,-0.010387413313133568,1784970490.1161335,0.09825604202309525,-0.009039604569437134,1784970490.0846703,7007.66357421875,nan,nan,51.2781867980957,nan
21.922802925109863,1784970490.1696947,BSMC,square,square_bsmc_tune_p04,1784970490.1524897,0.6828597543061632,-0.9503051879930784,0.029169498483137362,0.10035365243536105,-0.09826011699349513,1784970490.1465275,0.6866762193590661,-0.9503999998937501,0.01216851321631172,0.023167133331298828,0,0,1784970490.1562715,0.6826817759930592,-0.9407875376860784,0.018697637166416703,1784970490.1563082,9.968311668038542e-05,0.009518792303781078,-0.010471861316720659,-0.003877181148846529,0.009660355782122263,0.006529123950104982,1784970490.1563678,0.09730380752254988,4.644254087584135e-06,1784970490.1347752,7007.7138671875,nan,nan,50.057064056396484,nan
21.96276569366455,1784970490.2096574,BSMC,square,square_bsmc_tune_p04,1784970490.2030315,0.6878951760108776,-0.9501571692430926,0.02485525060609831,0.10004210786471307,-0.09597894786649948,1784970490.1465275,0.6866762193590661,-0.9503999998937501,0.01216851321631172,0.06312990188598633,0,0,1784970490.1963432,0.6826817759930592,-0.9407875376860784,0.018697637166416703,1784970490.1963863,9.968311668038542e-05,0.009518792303781078,-0.010471861316720659,-0.003877181148846529,0.009660355782122263,0.006529123950104982,1784970490.196433,0.09730380752254988,4.644254087584135e-06,1784970490.1838343,7007.7626953125,nan,nan,48.96198272705078,nan
22.002727508544922,1784970490.2496192,BSMC,square,square_bsmc_tune_p04,1784970490.2030315,0.6878951760108776,-0.9501571692430926,0.02485525060609831,0.10004210786471307,-0.09597894786649948,1784970490.228545,0.6956145419786343,-0.9502749010776652,0.0036878716051236835,0.021074295043945312,0,0,1784970490.2363749,0.687718204467133,-0.9406933573984055,0.018697637166416703,1784970490.2364204,5.828431459700619e-05,0.009465286921039732,-0.006157613439681606,-0.007860948392127755,0.009610599135819065,0.01500976556129302,1784970490.2364674,0.09639735927065968,0.00408784794208956,1784970490.2370362,7007.81591796875,nan,nan,53.33811950683594,nan
22.043063640594482,1784970490.2899554,BSMC,square,square_bsmc_tune_p04,1784970490.2527924,0.6936063150650656,-0.9501618040627806,0.0166475786187873,0.09939703750227342,-0.09829044793791569,1784970490.228545,0.6956145419786343,-0.9502749010776652,0.0036878716051236835,0.06141042709350586,0,0,1784970490.2765486,0.6934272604904499,-0.9405865990990702,0.018697637166416703,1784970490.2765918,-1.9633148821715822e-05,0.009576858836655336,0.002050058547629404,-0.0021515374814727586,0.009696302491301548,0.01500976556129302,1784970490.2766387,0.09521688988559765,0.01198499636445735,1784970490.2876527,7007.86669921875,nan,nan,50.646156311035156,nan
22.08271813392639,1784970490.3296099,BSMC,square,square_bsmc_tune_p04,1784970490.3029215,0.6984506229634951,-0.9500759748795533,0.01271659401082684,0.09822387189515315,-0.09481734008242138,1784970490.228545,0.6956145419786343,-0.9502749010776652,0.0036878716051236835,0.10106492042541504,0,0,1784970490.3160813,0.6982714794371889,-0.9404960130942649,0.018697637166416703,1784970490.3161194,-5.730784041306032e-05,0.009581465233565846,0.005981043155589862,0.002692982592450948,0.009769023063096854,0.01500976556129302,1784970490.3161628,0.09414074113845863,0.015610052908685643,1784970490.2876527,7007.86669921875,nan,nan,50.646156311035156,nan
22.122743606567383,1784970490.3696353,BSMC,square,square_bsmc_tune_p04,1784970490.3529046,0.7036982289568353,-0.9501707202680257,0.004543818200320253,0.09770250389915955,-0.09732632854442076,1784970490.3492541,0.7054911069311608,-0.9504171308524294,-0.009880947509799795,0.02038121223449707,0,0,1784970490.3567364,0.703515479970628,-0.9403979512471964,0.018697637166416703,1784970490.356774,-0.00013834156672435578,0.009773498510633638,0.014153818966096451,-0.0020745278948500973,0.00999916975866447,0.028578584676216497,1784970490.3568163,0.09284073072161508,0.02331668615550067,1784970490.3345861,7007.91357421875,nan,nan,46.90126037597656,nan
22.162724494934082,1784970490.4096162,BSMC,square,square_bsmc_tune_p04,1784970490.4028873,0.7085146787097598,-0.9501451206650564,0.0005604742003047523,0.09712503917524645,-0.09425067109387321,1784970490.3492541,0.7054911069311608,-0.9504171308524294,-0.009880947509799795,0.06036210060119629,0,0,1784970490.3968487,0.703515479970628,-0.9403979512471964,0.018697637166416703,1784970490.396881,-0.00013834156672435578,0.009773498510633638,0.014153818966096451,-0.0020745278948500973,0.00999916975866447,0.028578584676216497,1784970490.396918,0.09284073072161508,0.02331668615550067,1784970490.38443,7007.96337890625,nan,nan,49.699100494384766,nan
22.202823162078857,1784970490.449715,BSMC,square,square_bsmc_tune_p04,1784970490.4028873,0.7085146787097598,-0.9501451206650564,0.0005604742003047523,0.09712503917524645,-0.09425067109387321,1784970490.445373,0.7142042135248015,-0.9506459718468484,-0.01805379454274238,0.004341840744018555,0,0,1784970490.4360604,0.7083307246215935,-0.9403079070564018,0.018697637166416703,1784970490.4360979,-0.00017844055513154642,0.009837315165081245,0.01813716296611195,-0.006059162887095986,0.010230347042755576,0.03675143170915908,1784970490.4361382,0.09159826357229535,0.026865443875028244,1784970490.437403,7008.0166015625,nan,nan,53.1564826965332,nan
22.243265867233276,1784970490.4901576,BSMC,square,square_bsmc_tune_p04,1784970490.452634,0.7135619538371349,-0.9502884793651721,-0.006343107212356284,0.0969470681500145,-0.09423135709164229,1784970490.445373,0.7142042135248015,-0.9506459718468484,-0.01805379454274238,0.0447845458984375,0,0,1784970490.477291,0.7133735555746752,-0.9402136070435471,0.018697637166416703,1784970490.4773319,-0.00025230003911424,0.010073474618651093,0.02504074437877299,-0.0010188561211605875,0.010415668976289628,0.03675143170915908,1784970490.4773736,0.0901853251426599,0.033171032231283676,1784970490.4868786,7008.06591796875,nan,nan,49.436893463134766,nan
22.2830228805542,1784970490.5299146,BSMC,square,square_bsmc_tune_p04,1784970490.5027132,0.7183761508101169,-0.9503073099851377,-0.00950849561709628,0.09652075242296715,-0.08873835254305106,1784970490.445373,0.7142042135248015,-0.9506459718468484,-0.01805379454274238,0.08454155921936035,0,0,1784970490.5163982,0.7181857176865993,-0.9401236204956664,0.018697637166416703,1784970490.5164394,-0.00028725462268000996,0.010181418426439832,0.028206132783512985,0.003790897264819402,0.010592513926151778,0.03675143170915908,1784970490.5164862,0.08880621042801555,0.035813466879456274,1784970490.4868786,7008.06591796875,nan,nan,49.436893463134766,nan
22.32299280166626,1784970490.5698845,BSMC,square,square_bsmc_tune_p04,1784970490.5525286,0.7242134706059888,-0.9504387527546054,-0.01753931648949687,0.09566261818446763,-0.09069500560639389,1784970490.5470304,0.7296804855306366,-0.9501933041998724,-0.03387271649862199,0.022854089736938477,0,0,1784970490.5571287,0.7240185398872789,-0.9400145477915405,0.018697637166416703,1784970490.557168,-0.0003777247924822404,0.010419182841193881,0.036236953655913576,-0.00600341400864229,0.00998116880577277,0.05257035366503869,1784970490.5572107,0.08699784885813511,0.04277616095619303,1784970490.5385907,7008.11767578125,nan,nan,51.65969467163086,nan
22.362855434417725,1784970490.6097472,BSMC,square,square_bsmc_tune_p04,1784970490.602382,0.7287183394085347,-0.9505136033808428,-0.021125139708273264,0.0932498180238696,-0.08734848206798682,1784970490.5470304,0.7296804855306366,-0.9501933041998724,-0.03387271649862199,0.06271672248840332,0,0,1784970490.59598,0.7240185398872789,-0.9400145477915405,0.018697637166416703,1784970490.5960166,-0.0003777247924822404,0.010419182841193881,0.036236953655913576,-0.00600341400864229,0.00998116880577277,0.05257035366503869,1784970490.5960596,0.08699784885813511,0.04277616095619303,1784970490.591757,7008.17041015625,nan,nan,53.03899383544922,nan
22.403027296066284,1784970490.649919,BSMC,square,square_bsmc_tune_p04,1784970490.602382,0.7287183394085347,-0.9505136033808428,-0.021125139708273264,0.0932498180238696,-0.08734848206798682,1784970490.6265097,0.7385237835276658,-0.9500581523276735,-0.0415095568564561,0.023409366607666016,0,0,1784970490.6364856,0.7285204347601562,-0.9399303631840585,0.018697637166416703,1784970490.6365244,-0.0004214162895087502,0.010576698332826574,0.03982277687468997,-0.01041501122507266,0.009703949746550266,0.0602071940228728,1784970490.6365662,0.0855758862729648,0.045649017351058696,1784970490.6421978,7008.22119140625,nan,nan,50.651798248291016,nan
22.442846536636353,1784970490.6897383,BSMC,square,square_bsmc_tune_p04,1784970490.6525617,0.7344378878896817,-0.9506423331344394,-0.028525053343537568,0.09198308643738544,-0.08840220176793592,1784970490.6265097,0.7385237835276658,-0.9500581523276735,-0.0415095568564561,0.06322860717773438,0,0,1784970490.6766412,0.7342355775295215,-0.9398234910636897,0.018697637166416703,1784970490.6766841,-0.0005107942555174178,0.010808670707454351,0.04722269050995427,-0.0047092264085261985,0.010047894729954723,0.0602071940228728,1784970490.6767356,0.08366668751604203,0.051688015019301356,1784970490.6421978,7008.22119140625,nan,nan,50.651798248291016,nan
22.483083963394165,1784970490.7299757,BSMC,square,square_bsmc_tune_p04,1784970490.702737,0.7389423865267911,-0.9507579089147657,-0.03141071356575273,0.09095788701533926,-0.0828922496535488,1784970490.6265097,0.7385237835276658,-0.9500581523276735,-0.0415095568564561,0.10346603393554688,0,0,1784970490.7164295,0.7387363410796635,-0.9397393276117353,0.018697637166416703,1784970490.716465,-0.0005519884013684808,0.011006675132051875,0.05010835073216943,-0.00021583239133396908,0.010318756737612365,0.0602071940228728,1784970490.7165108,0.08215528549379754,0.05375873217953865,1784970490.6944053,7008.2734375,nan,nan,52.221153259277344,nan
22.52310013771057,1784970490.7699919,BSMC,square,square_bsmc_tune_p04,1784970490.7531073,0.7444635451062965,-0.9509459916137869,-0.03744528638390137,0.09109847107191275,-0.08185718105685948,1784970490.7483702,0.7489117797713217,-0.9507025010298641,-0.04913076785259789,0.0216217041015625,0,0,1784970490.7562616,0.7442520537955319,-0.9396361847967474,0.018697637166416703,1784970490.756305,-0.0006347430508831328,0.011293961221495237,0.05614292355031807,-0.00519758111646154,0.01082411897932552,0.06782840501901459,1784970490.7563548,0.08021731170559009,0.05835579272835939,1784970490.7437053,7008.3212890625,nan,nan,48.14006805419922,nan
22.562639236450195,1784970490.809531,BSMC,square,square_bsmc_tune_p04,1784970490.8027396,0.7489540915353512,-0.9511032728935312,-0.03999969595777125,0.09084840593318431,-0.07656312082328899,1784970490.7483702,0.7489117797713217,-0.9507025010298641,-0.04913076785259789,0.06116080284118652,0,0,1784970490.7963166,0.7442520537955319,-0.9396361847967474,0.018697637166416703,1784970490.7963586,-0.0006347430508831328,0.011293961221495237,0.05614292355031807,-0.00519758111646154,0.01082411897932552,0.06782840501901459,1784970490.7964094,0.08021731170559009,0.05835579272835939,1784970490.7857347,7008.36474609375,nan,nan,43.01021957397461,nan
22.60296082496643,1784970490.8498526,BSMC,square,square_bsmc_tune_p04,1784970490.8027396,0.7489540915353512,-0.9511032728935312,-0.03999969595777125,0.09084840593318431,-0.07656312082328899,1784970490.8392823,0.7564308937134466,-0.9516092436872695,-0.04994759659515541,0.010570287704467773,0,0,1784970490.8362877,0.7487380904022019,-0.9395522967359315,0.018697637166416703,1784970490.836326,-0.0006777406944807013,0.01153309907327616,0.058697333124187956,-0.008285174604066279,0.011657833175724022,0.06864523376157211,1784970490.8363714,0.07864016376944274,0.059983467716947805,1784970490.8484914,7008.42724609375,nan,nan,62.75885772705078,nan
22.64300537109375,1784970490.889897,BSMC,square,square_bsmc_tune_p04,1784970490.8526516,0.7540947642422342,-0.9513669351805816,-0.04431740055513531,0.09036088266847903,-0.0742033539982785,1784970490.8392823,0.7564308937134466,-0.9516092436872695,-0.04994759659515541,0.05061483383178711,0,0,1784970490.8764842,0.7538720374180556,-0.9394562928694339,0.018697637166416703,1784970490.8765247,-0.0007501840765182141,0.011889080340953574,0.06301503772155201,-0.0031624234148033884,0.01201003902019877,0.06864523376157211,1784970490.8765717,0.07677819199238431,0.0629849416043455,1784970490.8855844,7008.46435546875,nan,nan,37.23415756225586,nan
22.68286657333374,1784970490.9297583,BSMC,square,square_bsmc_tune_p04,1784970490.9030454,0.7585806044313637,-0.9515545421558547,-0.0465091724812589,0.08980159459048434,-0.06878659423944196,1784970490.8392823,0.7564308937134466,-0.9516092436872695,-0.04994759659515541,0.09047603607177734,0,0,1784970490.916328,0.7583528025432107,-0.9393725033843545,0.018697637166416703,1784970490.9163682,-0.0007939278569799483,0.012158274585174086,0.06520680964767561,0.0013085703065602154,0.012317434414020565,0.06864523376157211,1784970490.9164186,0.07515645768212534,0.06417120804525042,1784970490.8855844,7008.46435546875,nan,nan,37.23415756225586,nan
22.722851037979126,1784970490.9697428,BSMC,square,square_bsmc_tune_p04,1784970490.952523,0.7641695128751783,-0.9518670653158995,-0.049750437305190146,0.09079541151321244,-0.06493513203779122,1784970490.9495044,0.769342079355407,-0.9523240596048941,-0.05521590773611612,0.020238399505615234,0,0,1784970490.956128,0.7639339152403468,-0.9392681376017257,0.018697637166416703,1784970490.9561672,-0.000861849758789728,0.012571622838193533,0.06844807447160685,-0.0061204503440256625,0.012737559657742833,0.07391354490253282,1784970490.9562128,0.07310095274564835,0.06603827584965824,1784970490.935696,7008.5146484375,nan,nan,50.10243225097656,nan
22.762699842453003,1784970491.0095916,BSMC,square,square_bsmc_tune_p04,1784970491.0024424,0.7684644825009664,-0.9520806476924482,-0.05253721496666547,0.08874532318093012,-0.06332812928067978,1784970490.9495044,0.769342079355407,-0.9523240596048941,-0.05521590773611612,0.06008720397949219,0,0,1784970490.9962542,0.7639339152403468,-0.9392681376017257,0.018697637166416703,1784970490.9962928,-0.000861849758789728,0.012571622838193533,0.06844807447160685,-0.0061204503440256625,0.012737559657742833,0.07391354490253282,1784970490.9963353,0.07310095274564835,0.06603827584965824,1784970490.9860318,7008.56494140625,nan,nan,50.075279235839844,nan
22.803529977798462,1784970491.0504217,BSMC,square,square_bsmc_tune_p04,1784970491.0024424,0.7684644825009664,-0.9520806476924482,-0.05253721496666547,0.08874532318093012,-0.06332812928067978,1784970491.027734,0.7771696151743861,-0.952687918576662,-0.059333413199850034,0.022687673568725586,0,0,1784970491.0366087,0.7682233909576053,-0.9391879251934493,0.018697637166416703,1784970491.036646,-0.0009177950729274728,0.012862273157283742,0.07123485213308217,-0.00973101223832301,0.012945738677314276,0.07803105036626673,1784970491.0366917,0.07150505214973317,0.06760692867540086,1784970491.0367649,7008.61474609375,nan,nan,50.203399658203125,nan
22.843183994293213,1784970491.0900757,BSMC,square,square_bsmc_tune_p04,1784970491.0525694,0.7734224246174908,-0.9523825475525568,-0.05596785508297747,0.0841520562527947,-0.06131811458619697,1784970491.027734,0.7771696151743861,-0.952687918576662,-0.059333413199850034,0.06234169006347656,0,0,1784970491.0765965,0.773173956472923,-0.9390953505273391,0.018697637166416703,1784970491.0766368,-0.0009913468355330286,0.013252493073286208,0.07466549224939417,-0.004794647834368495,0.013331712072289848,0.07803105036626673,1784970491.0766807,0.06964715231653366,0.06954306874043695,1784970491.0866463,7008.66552734375,nan,nan,50.69541931152344,nan
22.88277792930603,1784970491.1296697,BSMC,square,square_bsmc_tune_p04,1784970491.1027408,0.776664110535584,-0.952561821239164,-0.058117329506476474,0.07580649377482844,-0.05807441300513425,1784970491.027734,0.7771696151743861,-0.952687918576662,-0.059333413199850034,0.10193562507629395,0,0,1784970491.1161804,0.7764111580112203,-0.93903481545299,0.018697637166416703,1784970491.1162298,-0.0010382364274510412,0.01348947499495373,0.07681496667289317,-0.001566732479519958,0.013584102160672925,0.07803105036626673,1784970491.1162684,0.06843230379858449,0.07066808719209713,1784970491.0866463,7008.66552734375,nan,nan,50.69541931152344,nan
22.92302441596985,1784970491.1699162,BSMC,square,square_bsmc_tune_p04,1784970491.1529067,0.781231102098334,-0.9528010533987911,-0.06095047009996409,0.06980826822647555,-0.05598287272038696,1784970491.1490319,0.7889068059085252,-0.9530150635487471,-0.06392689973833852,0.020884275436401367,0,0,1784970491.1570907,0.7809720810986402,-0.9389495270287349,0.018697637166416703,1784970491.157129,-0.001102274433101659,0.013810027723823505,0.0796481072663808,-0.008817070953625692,0.013529908913334608,0.08262453690475523,1784970491.1571715,0.06672502328818222,0.07202754879118803,1784970491.1368415,7008.7158203125,nan,nan,49.98357009887695,nan
22.963037252426147,1784970491.209929,BSMC,square,square_bsmc_tune_p04,1784970491.2027555,0.7845469917701422,-0.9529876848523107,-0.06149202354272711,0.06841883756721445,-0.04807658575589997,1784970491.1490319,0.7889068059085252,-0.9530150635487471,-0.06392689973833852,0.060897111892700195,0,0,1784970491.1969652,0.7809720810986402,-0.9389495270287349,0.018697637166416703,1784970491.1970012,-0.001102274433101659,0.013810027723823505,0.0796481072663808,-0.008817070953625692,0.013529908913334608,0.08262453690475523,1784970491.1970434,0.06672502328818222,0.07202754879118803,1784970491.1865559,7008.765625,nan,nan,49.8065185546875,nan
23.002713203430176,1784970491.249605,BSMC,square,square_bsmc_tune_p04,1784970491.2027555,0.7845469917701422,-0.9529876848523107,-0.06149202354272711,0.06841883756721445,-0.04807658575589997,1784970491.2275414,0.7969421658578526,-0.953403391530167,-0.06948124718435013,0.022063493728637695,0,0,1784970491.2361991,0.7842833229111272,-0.9388876074148538,0.018697637166416703,1784970491.2362502,-0.0011296664916582572,0.014057224428283121,0.08018966070914381,-0.013636062519281518,0.013601915019675824,0.08817888435076683,1784970491.236291,0.06551386578927305,0.07184412331733551,1784970491.2369032,7008.81591796875,nan,nan,50.36785888671875,nan
23.042770862579346,1784970491.2896626,BSMC,square,square_bsmc_tune_p04,1784970491.253213,0.7898485433668057,-0.9532894447460857,-0.06414721926266176,0.07013031375949326,-0.04510775245110109,1784970491.2275414,0.7969421658578526,-0.953403391530167,-0.06948124718435013,0.06212115287780762,0,0,1784970491.2764266,0.7895773804105757,-0.9387886095117125,0.018697637166416703,1784970491.2764673,-0.0012001557031416413,0.014453628545506716,0.08284485642907846,-0.00836165175597739,0.014068215879887606,0.08817888435076683,1784970491.2765114,0.06355487469845399,0.07285097207128127,1784970491.2865117,7008.86572265625,nan,nan,49.76008605957031,nan
23.082934856414795,1784970491.3298266,BSMC,square,square_bsmc_tune_p04,1784970491.302974,0.7935176249589101,-0.9535173999041214,-0.06523350356847366,0.07168607278628203,-0.041073309270941966,1784970491.2275414,0.7969421658578526,-0.953403391530167,-0.06948124718435013,0.10228514671325684,0,0,1784970491.316069,0.7932409182057094,-0.9387201020276447,0.018697637166416703,1784970491.3161013,-0.0012407133310269162,0.014747787003569816,0.08393114073489036,-0.004711709687830618,0.014390900479642678,0.08817888435076683,1784970491.316137,0.062221159611944146,0.07297528948782833,1784970491.2865117,7008.86572265625,nan,nan,49.76008605957031,nan
23.123551845550537,1784970491.3704436,BSMC,square,square_bsmc_tune_p04,1784970491.3529456,0.7992420590412949,-0.95378675512512,-0.06571257363375363,0.07420776284831289,-0.035048290715594545,1784970491.3476884,0.8084937813056566,-0.9538163275219911,-0.06719239766344279,0.022755146026611328,0,0,1784970491.3558776,0.7989583161173084,-0.9386131877365302,0.018697637166416703,1784970491.3559134,-0.0012795072433789086,0.015122186302156454,0.08441021080017035,-0.0105347147526051,0.014528604226687022,0.08589003482985949,1784970491.3559525,0.06019108626487266,0.0721991082151712,1784970491.3387327,7008.91748046875,nan,nan,52.11521911621094,nan
23.162903547286987,1784970491.4097953,BSMC,square,square_bsmc_tune_p04,1784970491.4027534,0.8030704522300154,-0.9540204251823926,-0.06485751977454562,0.07542877009219436,-0.025880251994649703,1784970491.3476884,0.8084937813056566,-0.9538163275219911,-0.06719239766344279,0.06210684776306152,0,0,1784970491.3959584,0.7989583161173084,-0.9386131877365302,0.018697637166416703,1784970491.3959942,-0.0012795072433789086,0.015122186302156454,0.08441021080017035,-0.0105347147526051,0.014528604226687022,0.08589003482985949,1784970491.3960354,0.06019108626487266,0.0721991082151712,1784970491.389817,7008.96875,nan,nan,50.913352966308594,nan
23.20300316810608,1784970491.449895,BSMC,square,square_bsmc_tune_p04,1784970491.4027534,0.8030704522300154,-0.9540204251823926,-0.06485751977454562,0.07542877009219436,-0.025880251994649703,1784970491.445513,0.8157466195025596,-0.9540968442534282,-0.06982536356060398,0.004381895065307617,0,0,1784970491.4364612,0.8027810029897442,-0.9385417041939399,0.018697637166416703,1784970491.4365036,-0.001292048445217727,0.015427416994308234,0.08355515694096233,-0.0140192828217966,0.014612641889479382,0.08852300072702068,1784970491.4365506,0.058870989051662236,0.07089255717240694,1784970491.4383628,7009.01611328125,nan,nan,47.76123809814453,nan
23.242887020111084,1784970491.4897788,BSMC,square,square_bsmc_tune_p04,1784970491.452531,0.8085645730523991,-0.9542818698369039,-0.06502823112888981,0.0777812118632825,-0.019395008642550463,1784970491.445513,0.8157466195025596,-0.9540968442534282,-0.06982536356060398,0.0442657470703125,0,0,1784970491.476141,0.8082683160242838,-0.9384390924477781,0.018697637166416703,1784970491.4761794,-0.0013251327230044336,0.015790040750249035,0.08372586829530652,-0.008552500355514631,0.015097845945347693,0.08852300072702068,1784970491.4762204,0.05698866346770585,0.06996835344421806,1784970491.487758,7009.06591796875,nan,nan,49.44254684448242,nan
23.283052682876587,1784970491.5299444,BSMC,square,square_bsmc_tune_p04,1784970491.5028026,0.8124073659854505,-0.9545258121562994,-0.06506949978412646,0.07723543987137288,-0.01610887381876628,1784970491.445513,0.8157466195025596,-0.9540968442534282,-0.06982536356060398,0.08443140983581543,0,0,1784970491.5158887,0.8121052055851941,-0.9383673433175213,0.018697637166416703,1784970491.515926,-0.0013522026265414342,0.016104625552244973,0.08376713695054316,-0.004729966367638359,0.015437114794264224,0.08852300072702068,1784970491.515968,0.055696179346842026,0.06932416508923739,1784970491.487758,7009.06591796875,nan,nan,49.44254684448242,nan
23.322957754135132,1784970491.5698495,BSMC,square,square_bsmc_tune_p04,1784970491.552718,0.8178025158599149,-0.9547938481006153,-0.06567897191664329,0.07589620889878908,-0.013325326712949679,1784970491.5489416,0.8265179942076072,-0.9547618519440889,-0.0693587639420928,0.020907878875732422,0,0,1784970491.5565996,0.817493459055364,-0.9382665839670238,0.018697637166416703,1784970491.5566363,-0.0013931039152878673,0.016471345947770916,0.08437660908306,-0.010146011283146048,0.01583017862790995,0.08805640110850949,1784970491.5566761,0.05391878890818674,0.06875409353115447,1784970491.5379665,7009.11669921875,nan,nan,51.143531799316406,nan
23.362653493881226,1784970491.6095452,BSMC,square,square_bsmc_tune_p04,1784970491.602439,0.8207950382933853,-0.9549919367661991,-0.06641692882033609,0.06902986346799206,-0.013591869373156144,1784970491.5489416,0.8265179942076072,-0.9547618519440889,-0.0693587639420928,0.06060361862182617,0,0,1784970491.5959215,0.817493459055364,-0.9382665839670238,0.018697637166416703,1784970491.5959587,-0.0013931039152878673,0.016471345947770916,0.08437660908306,-0.010146011283146048,0.01583017862790995,0.08805640110850949,1784970491.5960016,0.05391878890818674,0.06875409353115447,1784970491.5893571,7009.16650390625,nan,nan,49.70806121826172,nan
23.402928352355957,1784970491.64982,BSMC,square,square_bsmc_tune_p04,1784970491.602439,0.8207950382933853,-0.9549919367661991,-0.06641692882033609,0.06902986346799206,-0.013591869373156144,1784970491.6284256,0.8338830260540431,-0.9552938116312447,-0.06726954429874536,0.02139449119567871,0,0,1784970491.6363585,0.8204812324931858,-0.9382107131523534,0.018697637166416703,1784970491.6364,-0.0014268520140674522,0.01672339778239109,0.0851145659867528,-0.014519787893962069,0.01614360814073752,0.08596718146516207,1784970491.636467,0.05294558476566312,0.06874573396954176,1784970491.6400137,7009.216796875,nan,nan,50.129756927490234,nan
23.442874431610107,1784970491.6897662,BSMC,square,square_bsmc_tune_p04,1784970491.6525638,0.825259260032118,-0.9552143289212324,-0.06710439574263231,0.06193520636544602,-0.01336993676756835,1784970491.6284256,0.8338830260540431,-0.9552938116312447,-0.06726954429874536,0.0613405704498291,0,0,1784970491.6761327,0.8249397364758158,-0.9381273399465517,0.018697637166416703,1784970491.676173,-0.0014645561505339394,0.017027106706831406,0.08580203290904903,-0.010076972148781964,0.01652648815974126,0.08596718146516207,1784970491.6762202,0.051541435835234496,0.068411389103544,1784970491.6876032,7009.2666015625,nan,nan,49.71752166748047,nan
23.48371195793152,1784970491.7306037,BSMC,square,square_bsmc_tune_p04,1784970491.7033956,0.8276644351750673,-0.9553636770081239,-0.06593473289717389,0.055597236883816015,-0.006902831733423524,1784970491.6284256,0.8338830260540431,-0.9552938116312447,-0.06726954429874536,0.10217809677124023,0,0,1784970491.7161827,0.8273412790580301,-0.9380824315412372,0.018697637166416703,1784970491.7162144,-0.0014610628182113298,0.017222403148341725,0.08463237006359059,-0.007683879928039167,0.016732723855189563,0.08596718146516207,1784970491.7162504,0.05083154783522789,0.06725742916236072,1784970491.6876032,7009.2666015625,nan,nan,49.71752166748047,nan
23.523136377334595,1784970491.770028,BSMC,square,square_bsmc_tune_p04,1784970491.752578,0.8325480306734001,-0.9555455080808591,-0.0648361220917859,0.05301750025246306,-0.0016126475920151464,1784970491.7486155,0.8452545357077949,-0.9555476044037636,-0.0659719113035207,0.02141261100769043,0,0,1784970491.7560651,0.8322197684232473,-0.937991204685899,0.018697637166416703,1784970491.7561052,-0.0014649282425760783,0.017496151263386085,0.0835337592582026,-0.014163801276212794,0.016658903403996925,0.0846695484699374,1784970491.7561524,0.049417045858128235,0.06570673102667356,1784970491.7379205,7009.31689453125,nan,nan,50.28688430786133,nan
23.562893629074097,1784970491.8097854,BSMC,square,square_bsmc_tune_p04,1784970491.8028772,0.8347425790875982,-0.9556880592410154,-0.06499351638401454,0.04892176453385296,-0.001880958288668417,1784970491.7486155,0.8452545357077949,-0.9555476044037636,-0.0659719113035207,0.06116986274719238,0,0,1784970491.7963166,0.8322197684232473,-0.937991204685899,0.018697637166416703,1784970491.7963512,-0.0014649282425760783,0.017496151263386085,0.0835337592582026,-0.014163801276212794,0.016658903403996925,0.0846695484699374,1784970491.7963903,0.049417045858128235,0.06570673102667356,1784970491.7876387,7009.36669921875,nan,nan,49.736148834228516,nan
23.603046655654907,1784970491.8499384,BSMC,square,square_bsmc_tune_p04,1784970491.8028772,0.8347425790875982,-0.9556880592410154,-0.06499351638401454,0.04892176453385296,-0.001880958288668417,1784970491.8353207,0.8520467330438508,-0.9556281125031518,-0.06303618658498145,0.014617681503295898,0,0,1784970491.8364413,0.8344108849604308,-0.9379502312089879,0.018697637166416703,1784970491.836472,-0.0014830261656534225,0.017678834737611112,0.08369115355043125,-0.018714429509936466,0.016531810330076946,0.08173382375139816,1784970491.8365033,0.048784496026126424,0.0654850110198141,1784970491.8397236,7009.41845703125,nan,nan,52.15394592285156,nan
23.642665147781372,1784970491.889557,BSMC,square,square_bsmc_tune_p04,1784970491.85254,0.8394141534214444,-0.9558266527633513,-0.06460726691510761,0.04662427700581929,-0.0012914606076773064,1784970491.8353207,0.8520467330438508,-0.9556281125031518,-0.06303618658498145,0.05423617362976074,0,0,1784970491.8762934,0.8390782355270909,-0.9378629526104134,0.018697637166416703,1784970491.8763766,-0.0014949954001427558,0.01790453441924588,0.08330490408152431,-0.014061846940969406,0.01691293275767151,0.08173382375139816,1784970491.876427,0.047507654113386096,0.06447113435631983,1784970491.8886535,7009.4677734375,nan,nan,48.992427825927734,nan
23.682806253433228,1784970491.929698,BSMC,square,square_bsmc_tune_p04,1784970491.9027581,0.8417728261660125,-0.9559703641992874,-0.0628282418640492,0.04678822078165729,0.005196246526937181,1784970491.8353207,0.8520467330438508,-0.9556281125031518,-0.06303618658498145,0.09437727928161621,0,0,1784970491.9161577,0.841433397333837,-0.9378189115170836,0.018697637166416703,1784970491.916196,-0.0014784328486720762,0.018094327362970997,0.08152587903046592,-0.011714137118734012,0.017105248499192406,0.08173382375139816,1784970491.9162385,0.046913503379121424,0.06304169166335288,1784970491.8886535,7009.4677734375,nan,nan,48.992427825927734,nan
23.723090887069702,1784970491.9699826,BSMC,square,square_bsmc_tune_p04,1784970491.9528503,0.8443124518443467,-0.9561178037368612,-0.06054075599162137,0.04843631987850453,0.011815164574814283,1784970491.95236,0.8584705603498373,-0.9557994539077839,-0.061643814192699875,0.017622709274291992,0,0,1784970491.9559994,0.8439693791298328,-0.9377714891231572,0.018697637166416703,1784970491.956041,-0.001452465588721019,0.018291946383751305,0.07923839315803807,-0.015584246811895769,0.017100380766435126,0.08034145135911658,1784970491.9560847,0.04630083662451367,0.06129618770754449,1784970491.9387863,7009.517578125,nan,nan,50.12228775024414,nan
23.76296901702881,1784970492.0098608,BSMC,square,square_bsmc_tune_p04,1784970492.0026689,0.849263408793924,-0.9562602691613198,-0.05911562466388897,0.050317576193468744,0.015350690983135644,1784970491.95236,0.8584705603498373,-0.9557994539077839,-0.061643814192699875,0.05750083923339844,0,0,1784970491.9961028,0.8439693791298328,-0.9377714891231572,0.018697637166416703,1784970491.9961388,-0.001452465588721019,0.018291946383751305,0.07923839315803807,-0.015584246811895769,0.017100380766435126,0.08034145135911658,1784970491.9961817,0.04630083662451367,0.06129618770754449,1784970491.9891346,7009.56787109375,nan,nan,50.10540008544922,nan
23.80302119255066,1784970492.049913,BSMC,square,square_bsmc_tune_p04,1784970492.0026689,0.849263408793924,-0.9562602691613198,-0.05911562466388897,0.050317576193468744,0.015350690983135644,1784970492.0297341,0.8637185429714589,-0.9554960432408214,-0.06060214377276487,0.020178794860839844,0,0,1784970492.03648,0.8489159422724368,-0.9376789893006816,0.018697637166416703,1784970492.0365286,-0.0014446638570759006,0.018528292975419268,0.07781326183030568,-0.01585451772099887,0.016887825981903984,0.07929978093918158,1784970492.0365782,0.04511516733165087,0.059740221633998794,1784970492.0438802,7009.62255859375,nan,nan,54.83302688598633,nan
23.842886447906494,1784970492.0897782,BSMC,square,square_bsmc_tune_p04,1784970492.0525415,0.8539997170778996,-0.9563323559034924,-0.05729956231024962,0.05203002738588324,0.020437988997407286,1784970492.0297341,0.8637185429714589,-0.9554960432408214,-0.06060214377276487,0.060044050216674805,0,0,1784970492.0769584,0.853649247390609,-0.9375904773641045,0.018697637166416703,1784970492.0770009,-0.0014232083943106506,0.018691049142657627,0.07599719947666633,-0.011135262488505613,0.0172628483215271,0.07929978093918158,1784970492.0770502,0.04407174842240098,0.0580087521305298,1784970492.0885837,7009.66748046875,nan,nan,44.789398193359375,nan
23.88314461708069,1784970492.1300364,BSMC,square,square_bsmc_tune_p04,1784970492.1026149,0.8565959283509438,-0.9564713730739628,-0.05423337981475472,0.051981505591159785,0.027616205965680443,1784970492.0297341,0.8637185429714589,-0.9554960432408214,-0.06060214377276487,0.10030221939086914,0,0,1784970492.116206,0.8562419524428675,-0.9375419942557015,0.018697637166416703,1784970492.1162548,-0.0013795564817187323,0.01888235963280239,0.07293101698117142,-0.008550253371470785,0.01746826975335448,0.07929978093918158,1784970492.116305,0.04356892017573192,0.055918356675003646,1784970492.0885837,7009.66748046875,nan,nan,44.789398193359375,nan
23.922771453857422,1784970492.1696632,BSMC,square,square_bsmc_tune_p04,1784970492.1526222,0.8588196811670281,-0.9565858611458524,-0.0521184581276733,0.048785538332326954,0.030036100995143034,1784970492.1521347,0.8734741083235915,-0.9552286016765852,-0.0526662888015867,0.017528533935546875,0,0,1784970492.1564999,0.8584627877643773,-0.9375004650429805,0.018697637166416703,1784970492.1565347,-0.0013506599468800825,0.019040888503750814,0.07081609529409,-0.01592375023129886,0.016913330600519035,0.07136392596800341,1784970492.156574,0.04314850246168921,0.054459401472077285,1784970492.1421766,7009.720703125,nan,nan,53.344539642333984,nan
23.9627423286438,1784970492.209634,BSMC,square,square_bsmc_tune_p04,1784970492.2027295,0.8633830237244936,-0.9565421683094971,-0.050511648279520094,0.04616500489049706,0.03060616003390707,1784970492.1521347,0.8734741083235915,-0.9552286016765852,-0.0526662888015867,0.05749940872192383,0,0,1784970492.196179,0.8584627877643773,-0.9375004650429805,0.018697637166416703,1784970492.196218,-0.0013506599468800825,0.019040888503750814,0.07081609529409,-0.01592375023129886,0.016913330600519035,0.07136392596800341,1784970492.1962686,0.04314850246168921,0.054459401472077285,1784970492.188911,7009.767578125,nan,nan,46.82966232299805,nan
24.002824306488037,1784970492.249716,BSMC,square,square_bsmc_tune_p04,1784970492.2027295,0.8633830237244936,-0.9565421683094971,-0.050511648279520094,0.04616500489049706,0.03060616003390707,1784970492.2289734,0.8801433200628614,-0.9554368795617171,-0.049885374204111085,0.02074265480041504,0,0,1784970492.2363534,0.8630253519181335,-0.9374151459310863,0.018697637166416703,1784970492.236394,-0.0013229422579816286,0.019084568058180904,0.0692092854459368,-0.01799532119268538,0.01714573216953473,0.06858301137052779,1784970492.2364407,0.042307654677962346,0.052974151176590975,1784970492.2432492,7009.82177734375,nan,nan,54.36052322387695,nan
24.042678833007812,1784970492.2895706,BSMC,square,square_bsmc_tune_p04,1784970492.2524087,0.8681464904449704,-0.956528894543633,-0.047923469267778615,0.04644893935021773,0.034734951935127566,1784970492.2289734,0.8801433200628614,-0.9554368795617171,-0.049885374204111085,0.06059718132019043,0,0,1784970492.2760108,0.8677874016471279,-0.9373260964755648,0.018697637166416703,1784970492.2760465,-0.0012785890123439023,0.019163548954858407,0.06662110643419532,-0.01324363595894097,0.017472128962349467,0.06858301137052779,1784970492.2760866,0.041535699175673575,0.05098899049621291,1784970492.2432492,7009.82177734375,nan,nan,54.36052322387695,nan
24.082826852798462,1784970492.3297186,BSMC,square,square_bsmc_tune_p04,1784970492.3025804,0.8703440797554494,-0.9566305891944916,-0.04559228717554394,0.04527871660061215,0.03681497721303184,1784970492.2289734,0.8801433200628614,-0.9554368795617171,-0.049885374204111085,0.10074520111083984,0,0,1784970492.316176,0.8699823217597682,-0.9372850518724911,0.018697637166416703,1784970492.3162072,-0.0012430838353259931,0.01930894677870093,0.06428992434196065,-0.011053493041075203,0.017622571508316157,0.06858301137052779,1784970492.3162422,0.04122831438181322,0.0495090408072697,1784970492.2917879,7009.87060546875,nan,nan,48.64377975463867,nan
24.122880935668945,1784970492.3697727,BSMC,square,square_bsmc_tune_p04,1784970492.3528597,0.8753799524354021,-0.9566125874274254,-0.043136492071387214,0.04642863264046912,0.038675534770106317,1784970492.3504488,0.8888843015111163,-0.9556111001588564,-0.0431504165815003,0.01932382583618164,0,0,1784970492.3563657,0.8750167706076153,-0.9371909086034652,0.018697637166416703,1784970492.3564095,-0.001200367283946366,0.019387950581862153,0.06183412923780392,-0.01464921482598718,0.01780484134382945,0.061848053747917006,1784970492.3564608,0.04056087733032584,0.047710182883746136,1784970492.3451703,7009.923828125,nan,nan,53.168766021728516,nan
24.162856578826904,1784970492.4097483,BSMC,square,square_bsmc_tune_p04,1784970492.402588,0.877800976853847,-0.9567105756549573,-0.03979765424315658,0.04746891396176317,0.043700695115253596,1784970492.3504488,0.8888843015111163,-0.9556111001588564,-0.0431504165815003,0.059299468994140625,0,0,1784970492.3962574,0.8750167706076153,-0.9371909086034652,0.018697637166416703,1784970492.3962967,-0.001200367283946366,0.019387950581862153,0.06183412923780392,-0.01464921482598718,0.01780484134382945,0.061848053747917006,1784970492.396344,0.04056087733032584,0.047710182883746136,1784970492.3892334,7009.96826171875,nan,nan,44.25551223754883,nan
24.202757596969604,1784970492.4496493,BSMC,square,square_bsmc_tune_p04,1784970492.402588,0.877800976853847,-0.9567105756549573,-0.03979765424315658,0.04746891396176317,0.043700695115253596,1784970492.4455996,0.89278190293655,-0.9561497012279309,-0.032178079140281736,0.004049777984619141,0,0,1784970492.4363718,0.8774351170092529,-0.937145685969813,0.018697637166416703,1784970492.4364061,-0.0011440013388940283,0.019534841252346107,0.05849529140957328,-0.015950248543722036,0.018500432579335962,0.05087571630669844,1784970492.4364452,0.040318015775637796,0.045704009595038356,1784970492.44041,7010.0185546875,nan,nan,50.394020080566406,nan
24.242642164230347,1784970492.489534,BSMC,square,square_bsmc_tune_p04,1784970492.4536316,0.8824306787227756,-0.9567256171206278,-0.03487870733158572,0.048871176889623245,0.050647795804386074,1784970492.4455996,0.89278190293655,-0.9561497012279309,-0.032178079140281736,0.04393434524536133,0,0,1784970492.476632,0.8820629193411185,-0.9370591469159671,0.018697637166416703,1784970492.4766786,-0.001053337699889133,0.019641684677328287,0.05357634449800242,-0.011327626064983396,0.018735814927274337,0.05087571630669844,1784970492.4767315,0.039910679329954034,0.04267579664656277,1784970492.44041,7010.0185546875,nan,nan,50.394020080566406,nan
24.282975673675537,1784970492.5298674,BSMC,square,square_bsmc_tune_p04,1784970492.5028763,0.8844546182434924,-0.9567932758761996,-0.03240455254664728,0.045396289943197755,0.050566314534974136,1784970492.4455996,0.89278190293655,-0.9561497012279309,-0.032178079140281736,0.08426785469055176,0,0,1784970492.5163376,0.884084886607682,-0.9370213364993574,0.018697637166416703,1784970492.516374,-0.0010101262593634754,0.019749580581475287,0.051102189713063975,-0.009307921966272985,0.018838657565859188,0.05087571630669844,1784970492.516416,0.03976897762651103,0.04123219318377465,1784970492.4897146,7010.068359375,nan,nan,50.077667236328125,nan
24.322904586791992,1784970492.5697963,BSMC,square,square_bsmc_tune_p04,1784970492.5528467,0.8880299310038984,-0.9567077876988143,-0.029491701450113927,0.04128778759409772,0.049524959577206706,1784970492.550281,0.8973190242322349,-0.9557551295578761,-0.02584234404357063,0.019515275955200195,0,0,1784970492.5559077,0.8876605476329591,-0.9369544722947499,0.018697637166416703,1784970492.5559456,-0.0009516971814972216,0.019733833535375275,0.04818933861653063,-0.010141050661691861,0.018544809926804212,0.04453998120998733,1784970492.555984,0.039549475361186665,0.03942405329942958,1784970492.539639,7010.11865234375,nan,nan,49.93785095214844,nan
24.36288571357727,1784970492.6097775,BSMC,square,square_bsmc_tune_p04,1784970492.6030664,0.8897988510670756,-0.9567557896448272,-0.026539380712236518,0.03854817098731846,0.051189678951066,1784970492.550281,0.8973190242322349,-0.9557551295578761,-0.02584234404357063,0.059496402740478516,0,0,1784970492.596298,0.8876605476329591,-0.9369544722947499,0.018697637166416703,1784970492.596345,-0.0009516971814972216,0.019733833535375275,0.04818933861653063,-0.010141050661691861,0.018544809926804212,0.04453998120998733,1784970492.5963945,0.039549475361186665,0.03942405329942958,1784970492.5894732,7010.16845703125,nan,nan,49.78714370727539,nan
24.403005123138428,1784970492.6498969,BSMC,square,square_bsmc_tune_p04,1784970492.6030664,0.8897988510670756,-0.9567557896448272,-0.026539380712236518,0.03854817098731846,0.051189678951066,1784970492.6314268,0.9005790461354287,-0.9558118243245154,-0.02130686751629581,0.018470048904418945,0,0,1784970492.6362288,0.8894279520370514,-0.9369214221569254,0.018697637166416703,1784970492.636265,-0.0008970984575136512,0.019817540566203853,0.045237017878653224,-0.011551027835466727,0.01864853746513186,0.04000450468271251,1784970492.636305,0.03949058965951028,0.03774331519945783,1784970492.6400313,7010.21875,nan,nan,50.545631408691406,nan
24.443082809448242,1784970492.6899745,BSMC,square,square_bsmc_tune_p04,1784970492.6525245,0.8933381437569313,-0.956681710603722,-0.022381065952910135,0.03968270732985833,0.05522253362933755,1784970492.6314268,0.9005790461354287,-0.9558118243245154,-0.02130686751629581,0.0585477352142334,0,0,1784970492.6763635,0.8929673923088115,-0.9368552352737579,0.018697637166416703,1784970492.676402,-0.0008143592023575127,0.01981321275652922,0.041078703119326834,-0.00801380108391628,0.018790118003966263,0.04000450468271251,1784970492.6764436,0.039394974351942474,0.03530160010331617,1784970492.6400313,7010.21875,nan,nan,50.545631408691406,nan
24.482800722122192,1784970492.7296925,BSMC,square,square_bsmc_tune_p04,1784970492.7025719,0.8953429044719077,-0.9567261445287857,-0.01970555605016448,0.03984266818610152,0.054901502632821626,1784970492.6314268,0.9005790461354287,-0.9558118243245154,-0.02130686751629581,0.0982656478881836,0,0,1784970492.7167752,0.8949706216220463,-0.9368177752534347,0.018697637166416703,1784970492.7168188,-0.0007644906696488273,0.01989716853575052,0.038403193216581186,-0.006011824564408429,0.018870248833645676,0.04000450468271251,1784970492.7168665,0.039373695567774626,0.03380711255950142,1784970492.6917622,7010.2705078125,nan,nan,51.78768539428711,nan
24.523223638534546,1784970492.7701154,BSMC,square,square_bsmc_tune_p04,1784970492.752487,0.8973020329826222,-0.9567649817707458,-0.01723246227561645,0.03960048464538916,0.05402383487840958,1784970492.7527552,0.9060331006484084,-0.9554302418244184,-0.007873309144042504,0.017360210418701172,0,0,1784970492.7558708,0.8969283393026164,-0.9367811662922855,0.018697637166416703,1784970492.7559073,-0.0007179914984615187,0.01997440903385535,0.03593009944203315,-0.009251307569684774,0.018576813656225308,0.026570946310459205,1784970492.7559474,0.03937183778513658,0.032434925361583114,1784970492.7414753,7010.31884765625,nan,nan,48.14540100097656,nan
24.56308937072754,1784970492.809981,BSMC,square,square_bsmc_tune_p04,1784970492.8026862,0.9008845341214838,-0.9566033265532261,-0.011679021495947952,0.04106774966064049,0.05873567218571825,1784970492.7527552,0.9060331006484084,-0.9554302418244184,-0.007873309144042504,0.057225942611694336,0,0,1784970492.7961094,0.8969283393026164,-0.9367811662922855,0.018697637166416703,1784970492.796159,-0.0007179914984615187,0.01997440903385535,0.03593009944203315,-0.009251307569684774,0.018576813656225308,0.026570946310459205,1784970492.7962124,0.03937183778513658,0.032434925361583114,1784970492.7911415,7010.36962890625,nan,nan,50.941864013671875,nan
24.602755546569824,1784970492.8496473,BSMC,square,square_bsmc_tune_p04,1784970492.8026862,0.9008845341214838,-0.9566033265532261,-0.011679021495947952,0.04106774966064049,0.05873567218571825,1784970492.8399808,0.9105603017763032,-0.9553093938296767,0.001304504318448438,0.00966644287109375,0,0,1784970492.8361928,0.9001423887962305,-0.9367210641569207,1.5894939639613133,1784970492.8362505,-0.0009742948028531014,0.019872239111797873,1.6011729854572612,-0.01039365556637506,0.018601904065202294,1.5881894596428647,1784970492.8363,0.02,0.55,1784970492.8463988,7010.42529296875,nan,nan,55.50772476196289,nan
24.64269709587097,1784970492.8895888,BSMC,square,square_bsmc_tune_p04,1784970492.8532958,0.9043453902752825,-0.9564348899028519,-0.005652667184689165,0.041991912484560655,0.06417723489573991,1784970492.8399808,0.9105603017763032,-0.9553093938296767,0.001304504318448438,0.04960799217224121,0,0,1784970492.8766978,0.9001423887962305,-0.9367210641569207,1.5894939639613133,1784970492.8767457,-0.00431436943315634,0.01968975275030384,1.5951466311460025,-0.01039365556637506,0.018601904065202294,1.5881894596428647,1784970492.8767967,0.02,0.55,1784970492.8463988,7010.42529296875,nan,nan,55.50772476196289,nan
24.683008909225464,1784970492.9299006,BSMC,square,square_bsmc_tune_p04,1784970492.902531,0.9061972901618845,-0.9564403759699309,-0.0018026904999558597,0.03999378243549706,0.06665169073433418,1784970492.8399808,0.9105603017763032,-0.9553093938296767,0.001304504318448438,0.0899198055267334,0,0,1784970492.9162996,0.9001423887962305,-0.9367210641569207,1.5894939639613133,1784970492.916343,-0.006090439324189,0.019708364664905508,1.5912966544612692,-0.01039365556637506,0.018601904065202294,1.5881894596428647,1784970492.9163914,0.02,0.55,1784970492.8939035,7010.47265625,nan,nan,47.576316833496094,nan
24.722792148590088,1784970492.969684,BSMC,square,square_bsmc_tune_p04,1784970492.9523962,0.9075807504941984,-0.956430208795172,0.0031149047257961844,0.034519899972354044,0.07198496101008162,1784970492.956265,0.9165158613635213,-0.9548867293856337,0.018877617317901985,0.013418912887573242,0,0,1784970492.9563549,0.9001423887962305,-0.9367210641569207,1.5894939639613133,1784970492.9564052,-0.0073769336036583165,0.019732218773582562,1.5863790592355171,-0.016027651083080092,0.018471502317692932,1.5706163466434113,1784970492.9564543,0.02,0.55,1784970492.9478416,7010.525390625,nan,nan,52.714515686035156,nan
24.7628755569458,1784970493.0097673,BSMC,square,square_bsmc_tune_p04,1784970493.0026064,0.9103037754038383,-0.9561711403609527,0.012906411767676212,0.030040068356399285,0.08523667641659348,1784970492.956265,0.9165158613635213,-0.9548867293856337,0.018877617317901985,0.05350232124328613,0,0,1784970492.9960475,0.9001423887962305,-0.9367210641569207,1.5894939639613133,1784970492.996084,-0.0073769336036583165,0.019732218773582562,1.5863790592355171,-0.016027651083080092,0.018471502317692932,1.5706163466434113,1784970492.9961233,0.02,0.55,1784970492.9961944,7010.57470703125,nan,nan,49.29996871948242,nan
24.802910804748535,1784970493.0498025,BSMC,square,square_bsmc_tune_p04,1784970493.0026064,0.9103037754038383,-0.9561711403609527,0.012906411767676212,0.030040068356399285,0.08523667641659348,1784970493.0310953,0.9194728012301785,-0.9545972574929145,0.021636335650373675,0.018707275390625,0,0,1784970493.0368485,0.9001423887962305,-0.9367210641569207,1.5894939639613133,1784970493.0368872,-0.009909516577306635,0.01957959967251654,1.576587552193637,-0.018939142884650775,0.01829021595955443,1.5678576283109396,1784970493.0369294,0.02,0.55,1784970493.0412366,7010.61962890625,nan,nan,45.03493881225586,nan
24.8431077003479,1784970493.0899994,BSMC,square,square_bsmc_tune_p04,1784970493.0536876,0.9130690250728145,-0.9559313188984305,0.02154833859201908,0.02935194708687355,0.09810155433182761,1784970493.0310953,0.9194728012301785,-0.9545972574929145,0.021636335650373675,0.058904170989990234,0,0,1784970493.0767674,0.9001423887962305,-0.9367210641569207,1.5894939639613133,1784970493.0768108,-0.012509718234943377,0.019484320936155895,1.5679456253692943,-0.018939142884650775,0.01829021595955443,1.5678576283109396,1784970493.0768492,0.02,0.55,1784970493.0412366,7010.61962890625,nan,nan,45.03493881225586,nan
24.882721662521362,1784970493.1296134,BSMC,square,square_bsmc_tune_p04,1784970493.1027057,0.9143402952083586,-0.9558933908820106,0.029071290283106867,0.02773879585743154,0.10788681681480856,1784970493.0310953,0.9194728012301785,-0.9545972574929145,0.021636335650373675,0.09851813316345215,0,0,1784970493.1166787,0.9001423887962305,-0.9367210641569207,1.5894939639613133,1784970493.1167169,-0.013634621455444244,0.01957691896872141,1.5604226736782063,-0.018939142884650775,0.01829021595955443,1.5678576283109396,1784970493.1167598,0.02,0.55,1784970493.0989723,7010.6767578125,nan,nan,57.168556213378906,nan
24.92288827896118,1784970493.16978,BSMC,square,square_bsmc_tune_p04,1784970493.152371,0.9171951182460527,-0.9555988713084925,0.0362160115436503,0.027308026379156473,0.11563843002776222,1784970493.1511903,0.9251345449359627,-0.9539295517178543,0.032942754904910644,0.01858973503112793,0,0,1784970493.1563246,0.9001423887962305,-0.9367210641569207,1.5894939639613133,1784970493.1563659,-0.016358018057071228,0.019482875295635926,1.553277952417663,-0.02441180384971661,0.018022312433495332,1.5565512090564027,1784970493.1564126,0.02,0.55,1784970493.1410463,7010.7197265625,nan,nan,42.61294937133789,nan
24.962925672531128,1784970493.2098174,BSMC,square,square_bsmc_tune_p04,1784970493.2024364,0.918775340591864,-0.9555326009292503,0.04599401212751496,0.029345247822289363,0.1300214081549804,1784970493.1511903,0.9251345449359627,-0.9539295517178543,0.032942754904910644,0.05862712860107422,0,0,1784970493.1960473,0.9001423887962305,-0.9367210641569207,1.5894939639613133,1784970493.19608,-0.016358018057071228,0.019482875295635926,1.553277952417663,-0.02441180384971661,0.018022312433495332,1.5565512090564027,1784970493.1961193,0.02,0.55,1784970493.1930077,7010.77197265625,nan,nan,52.17205047607422,nan
25.00282859802246,1784970493.2497203,BSMC,square,square_bsmc_tune_p04,1784970493.2024364,0.918775340591864,-0.9555326009292503,0.04599401212751496,0.029345247822289363,0.1300214081549804,1784970493.2303298,0.9288800256569023,-0.9537356611128762,0.04511278825378681,0.019390583038330078,0,0,1784970493.2363718,0.9001423887962305,-0.9367210641569207,1.5894939639613133,1784970493.236412,-0.01774833371014436,0.019648344939675315,1.5434999518337984,-0.02794108334358807,0.018293281375852646,1.5443811757075265,1784970493.2364552,0.02,0.55,1784970493.2421997,7010.81982421875,nan,nan,48.20853805541992,nan
25.04300880432129,1784970493.2899005,BSMC,square,square_bsmc_tune_p04,1784970493.2528043,0.9219549332317459,-0.9552281728070678,0.05507974550807537,0.03177101494175238,0.14247375957972336,1784970493.2303298,0.9288800256569023,-0.9537356611128762,0.04511278825378681,0.0595707893371582,0,0,1784970493.2763836,0.9001423887962305,-0.9367210641569207,1.5894939639613133,1784970493.2764232,-0.020760614096365326,0.0196798645239616,1.5344142184532379,-0.02794108334358807,0.018293281375852646,1.5443811757075265,1784970493.2764642,0.02,0.55,1784970493.2421997,7010.81982421875,nan,nan,48.20853805541992,nan
25.083220958709717,1784970493.3301127,BSMC,square,square_bsmc_tune_p04,1784970493.3026416,0.9236017311085524,-0.9551246641112827,0.0664396103517118,0.0323758538473929,0.1576142669936987,1784970493.2303298,0.9288800256569023,-0.9537356611128762,0.04511278825378681,0.09978294372558594,0,0,1784970493.3162224,0.9001423887962305,-0.9367210641569207,1.5894939639613133,1784970493.316263,-0.022185755342401806,0.019920479233541975,1.5230543536096015,-0.02794108334358807,0.018293281375852646,1.5443811757075265,1784970493.3163092,0.02,0.55,1784970493.2926483,7010.87060546875,nan,nan,50.80181121826172,nan
25.123162031173706,1784970493.3700538,BSMC,square,square_bsmc_tune_p04,1784970493.353132,0.9265977912245048,-0.9548201867974042,0.0742935684273119,0.033289176599229864,0.16933898235001385,1784970493.350638,0.9330753108392782,-0.9533920249684175,0.05375774830213263,0.019415855407714844,0,0,1784970493.3560672,0.9001423887962305,-0.9367210641569207,1.5894939639613133,1784970493.3560984,-0.025039013477991992,0.020012854919929303,1.5152003955340014,-0.031989585423472994,0.018416425090289356,1.5357362156591807,1784970493.356134,0.02,0.55,1784970493.3434868,7010.921875,nan,nan,50.9631233215332,nan
25.162725687026978,1784970493.4096174,BSMC,square,square_bsmc_tune_p04,1784970493.4029057,0.9280230021264041,-0.9546945225923723,0.08777462704695961,0.03120774901299072,0.18740403106312437,1784970493.350638,0.9330753108392782,-0.9533920249684175,0.05375774830213263,0.05897951126098633,0,0,1784970493.396713,0.9001423887962305,-0.9367210641569207,1.5894939639613133,1784970493.396748,-0.025039013477991992,0.020012854919929303,1.5152003955340014,-0.031989585423472994,0.018416425090289356,1.5357362156591807,1784970493.39679,0.02,0.55,1784970493.3928535,7010.97119140625,nan,nan,49.212711334228516,nan
25.20299792289734,1784970493.4498897,BSMC,square,square_bsmc_tune_p04,1784970493.4029057,0.9280230021264041,-0.9546945225923723,0.08777462704695961,0.03120774901299072,0.18740403106312437,1784970493.350638,0.9330753108392782,-0.9533920249684175,0.05375774830213263,0.09925174713134766,0,0,1784970493.4365492,0.9001423887962305,-0.9367210641569207,1.5894939639613133,1784970493.4365869,-0.026197692141983826,0.020348334925280667,1.5017193369143536,-0.031989585423472994,0.018416425090289356,1.5357362156591807,1784970493.4366307,0.02,0.55,1784970493.442682,7011.02099609375,nan,nan,49.898258209228516,nan
25.243082284927368,1784970493.489974,BSMC,square,square_bsmc_tune_p04,1784970493.4525948,0.9293896104154769,-0.9545461971784072,0.10316064929229227,0.029689094923387175,0.20757203839485294,1784970493.454421,0.9357627322065595,-0.9533228798082213,0.0648184764919996,0.035552978515625,0,0,1784970493.4760978,0.9001423887962305,-0.9367210641569207,1.5894939639613133,1784970493.476149,-0.027256140888089645,0.020742182227711816,1.486333314669021,-0.03447019030325086,0.01887419211641133,1.5246754874693136,1784970493.4762094,0.02,0.55,1784970493.442682,7011.02099609375,nan,nan,49.898258209228516,nan
25.282844305038452,1784970493.529736,BSMC,square,square_bsmc_tune_p04,1784970493.5027616,0.9317473991398054,-0.9543049468785708,0.10955655470907417,0.02813017531937404,0.21570259612396417,1784970493.454421,0.9357627322065595,-0.9533228798082213,0.0648184764919996,0.07531499862670898,0,0,1784970493.5164406,0.9001423887962305,-0.9367210641569207,1.5894939639613133,1784970493.5164778,-0.029492950006304423,0.020934075339308605,1.479937409252239,-0.03447019030325086,0.01887419211641133,1.5246754874693136,1784970493.5165184,0.02,0.55,1784970493.4921196,7011.07080078125,nan,nan,49.99601364135742,nan
25.32280683517456,1784970493.5696986,BSMC,square,square_bsmc_tune_p04,1784970493.5525107,0.9342606955924055,-0.9539716200039545,0.11242496157523607,0.02655874980461135,0.21719604309960516,1784970493.551444,0.9410207213320072,-0.9521112489409118,0.0662793136388242,0.018254518508911133,0,0,1784970493.5558658,0.9001423887962305,-0.9367210641569207,1.5894939639613133,1784970493.5559032,-0.03196760661263963,0.020969326720929164,1.4770690023860773,-0.03976927300791165,0.018063797580052717,1.523214650322489,1784970493.555939,0.02,0.55,1784970493.5427356,7011.12109375,nan,nan,50.04096984863281,nan
25.362732648849487,1784970493.6096244,BSMC,square,square_bsmc_tune_p04,1784970493.6025665,0.9355391643018857,-0.9538108503626939,0.12869670790765855,0.026193414344547496,0.23677824915891976,1784970493.551444,0.9410207213320072,-0.9521112489409118,0.0662793136388242,0.05818033218383789,0,0,1784970493.5961056,0.9001423887962305,-0.9367210641569207,1.5894939639613133,1784970493.5961413,-0.03196760661263963,0.020969326720929164,1.4770690023860773,-0.03976927300791165,0.018063797580052717,1.523214650322489,1784970493.596183,0.02,0.55,1784970493.5924866,7011.17138671875,nan,nan,50.30820083618164,nan
25.402830839157104,1784970493.6497226,BSMC,square,square_bsmc_tune_p04,1784970493.6025665,0.9355391643018857,-0.9538108503626939,0.12869670790765855,0.026193414344547496,0.23677824915891976,1784970493.6283317,0.9443858464144391,-0.951803921119636,0.07309410844107711,0.021390914916992188,0,0,1784970493.6360717,0.9001423887962305,-0.9367210641569207,1.5894939639613133,1784970493.636112,-0.03291071140219308,0.0214913374120444,1.4607972560536546,-0.04302383285015583,0.018273640115034538,1.5163998555202363,1784970493.6361535,0.02,0.55,1784970493.642603,7011.2216796875,nan,nan,50.254722595214844,nan
25.443190097808838,1784970493.6900818,BSMC,square,square_bsmc_tune_p04,1784970493.6529486,0.9380062533235082,-0.9534895499855447,0.13051711169222885,0.024959969335770993,0.23386616178929376,1784970493.6283317,0.9443858464144391,-0.951803921119636,0.07309410844107711,0.061750173568725586,0,0,1784970493.6764734,0.9001423887962305,-0.9367210641569207,1.5894939639613133,1784970493.6765182,-0.035359455973541364,0.021553728846303785,1.4589768522690845,-0.04302383285015583,0.018273640115034538,1.5163998555202363,1784970493.676569,0.02,0.55,1784970493.642603,7011.2216796875,nan,nan,50.254722595214844,nan
25.482853889465332,1784970493.7297456,BSMC,square,square_bsmc_tune_p04,1784970493.702784,0.9389394757667436,-0.9533529711770102,0.1456621122166833,0.02223308710242824,0.24631143888119608,1784970493.6283317,0.9443858464144391,-0.951803921119636,0.07309410844107711,0.10141396522521973,0,0,1784970493.71631,0.9001423887962305,-0.9367210641569207,1.5894939639613133,1784970493.7163506,-0.035972145793755926,0.02208707802121477,1.44383185174463,-0.04302383285015583,0.018273640115034538,1.5163998555202363,1784970493.7163978,0.02,0.55,1784970493.6924183,7011.271484375,nan,nan,49.8551139831543,nan
25.522819995880127,1784970493.7697117,BSMC,square,square_bsmc_tune_p04,1784970493.7533736,0.9415841044595016,-0.9530006891053083,0.1444816364184066,0.02294433230202862,0.23893740424520143,1784970493.748824,0.9489690967166335,-0.9511376092026116,0.08079504079333362,0.02088785171508789,0,0,1784970493.7560935,0.9001423887962305,-0.9367210641569207,1.5894939639613133,1784970493.7561352,-0.03866598881694191,0.02207675914584594,1.4450123275429068,-0.04750390965649442,0.018310181450395188,1.5086989231679797,1784970493.756182,0.02,0.55,1784970493.7439725,7011.32275390625,nan,nan,51.437599182128906,nan
25.56308341026306,1784970493.8099751,BSMC,square,square_bsmc_tune_p04,1784970493.8028526,0.9426237573092632,-0.9528381049369727,0.16026123465112646,0.022177728247406034,0.2531232995908876,1784970493.748824,0.9489690967166335,-0.9511376092026116,0.08079504079333362,0.06115126609802246,0,0,1784970493.7960508,0.9001423887962305,-0.9367210641569207,1.5894939639613133,1784970493.7960923,-0.03866598881694191,0.02207675914584594,1.4450123275429068,-0.04750390965649442,0.018310181450395188,1.5086989231679797,1784970493.7961383,0.02,0.55,1784970493.7927585,7011.37158203125,nan,nan,48.81267166137695,nan
25.603611946105957,1784970493.8505037,BSMC,square,square_bsmc_tune_p04,1784970493.8028526,0.9426237573092632,-0.9528381049369727,0.16026123465112646,0.022177728247406034,0.2531232995908876,1784970493.8399913,0.9506510630830348,-0.9506662185398664,0.09912360205125799,0.010512351989746094,0,0,1784970493.8360403,0.9001423887962305,-0.9367210641569207,1.5894939639613133,1784970493.8360808,-0.03936510205206903,0.022689522134151086,1.4292327293101867,-0.04888070976658155,0.018875108521274615,1.4903703619100552,1784970493.836124,0.02,0.55,1784970493.8429549,7011.421875,nan,nan,50.054744720458984,nan
25.642828464508057,1784970493.8897202,BSMC,square,square_bsmc_tune_p04,1784970493.852823,0.9448620539437013,-0.9524750738070733,0.16010740404698667,0.022023033380466683,0.24536737426939087,1784970493.8399913,0.9506510630830348,-0.9506662185398664,0.09912360205125799,0.0497288703918457,0,0,1784970493.8764744,0.9001423887962305,-0.9367210641569207,1.5894939639613133,1784970493.8765388,-0.04163613708303209,0.022681917021318315,1.4293865599143265,-0.04888070976658155,0.018875108521274615,1.4903703619100552,1784970493.876611,0.02,0.55,1784970493.8429549,7011.421875,nan,nan,50.054744720458984,nan
25.683271646499634,1784970493.9301634,BSMC,square,square_bsmc_tune_p04,1784970493.902855,0.9459175448721615,-0.9522943137183205,0.17628575596594587,0.02173067333855838,0.25928174657875425,1784970493.8399913,0.9506510630830348,-0.9506662185398664,0.09912360205125799,0.09017205238342285,0,0,1784970493.9158728,0.9001423887962305,-0.9367210641569207,1.5894939639613133,1784970493.9159095,-0.04233458169866741,0.02335967054725588,1.4132082079953674,-0.04888070976658155,0.018875108521274615,1.4903703619100552,1784970493.9159522,0.02,0.55,1784970493.892847,7011.4716796875,nan,nan,50.139461517333984,nan
25.722790956497192,1784970493.9696827,BSMC,square,square_bsmc_tune_p04,1784970493.9523177,0.9469236070273749,-0.9521004424890707,0.19356839645867263,0.021294835469546143,0.27413000871943144,1784970493.9518669,0.9541756096381099,-0.9500109262541616,0.13807097247823447,0.017815828323364258,0,0,1784970493.9560523,0.9001423887962305,-0.9367210641569207,1.5894939639613133,1784970493.9560866,-0.042949129145453395,0.02409107641265789,1.3959255675026405,-0.05168988521079505,0.02060012514539209,1.4514229914830787,1784970493.9561238,0.02,0.55,1784970493.9431036,7011.52197265625,nan,nan,50.21811294555664,nan
25.76340103149414,1784970494.0102928,BSMC,square,square_bsmc_tune_p04,1784970494.0027244,0.9494151349237707,-0.9516271540412529,0.1992943776819641,0.023511458354407926,0.2774137535811162,1784970493.9518669,0.9541756096381099,-0.9500109262541616,0.13807097247823447,0.0584259033203125,0,0,1784970493.9968276,0.9001423887962305,-0.9367210641569207,1.5894939639613133,1784970493.9968643,-0.042949129145453395,0.02409107641265789,1.3959255675026405,-0.05168988521079505,0.02060012514539209,1.4514229914830787,1784970493.9969082,0.02,0.55,1784970493.9934034,7011.572265625,nan,nan,50.158565521240234,nan
25.802987575531006,1784970494.0498793,BSMC,square,square_bsmc_tune_p04,1784970494.0027244,0.9494151349237707,-0.9516271540412529,0.1992943776819641,0.023511458354407926,0.2774137535811162,1784970494.0327318,0.9568395737999629,-0.9492145733100784,0.16791415868850837,0.017147541046142578,0,0,1784970494.0363195,0.9001423887962305,-0.9367210641569207,1.5894939639613133,1784970494.0363588,-0.045346393223574526,0.02436595264301747,1.3901995862793493,-0.053811775199213575,0.0217933799172315,1.4215798052728048,1784970494.0364478,0.02,0.55,1784970494.0435162,7011.6220703125,nan,nan,49.947303771972656,nan
25.84297823905945,1784970494.08987,BSMC,square,square_bsmc_tune_p04,1784970494.0529323,0.9516745542468061,-0.9511124143672258,0.20863506140615945,0.02384994977624115,0.28317615962491116,1784970494.0327318,0.9568395737999629,-0.9492145733100784,0.16791415868850837,0.05713820457458496,0,0,1784970494.0764678,0.9001423887962305,-0.9367210641569207,1.5894939639613133,1784970494.07651,-0.04743386179140138,0.024752854228459763,1.3808589025551539,-0.053811775199213575,0.0217933799172315,1.4215798052728048,1784970494.076559,0.02,0.55,1784970494.0435162,7011.6220703125,nan,nan,49.947303771972656,nan
25.883084297180176,1784970494.129976,BSMC,square,square_bsmc_tune_p04,1784970494.103224,0.9526419693720511,-0.9508925316303443,0.2271871336959767,0.02194607135125116,0.2985426675728493,1784970494.0327318,0.9568395737999629,-0.9492145733100784,0.16791415868850837,0.0972442626953125,0,0,1784970494.115879,0.9001423887962305,-0.9367210641569207,1.5894939639613133,1784970494.1159127,-0.04795859090321929,0.025632206490371325,1.3623068302653365,-0.053811775199213575,0.0217933799172315,1.4215798052728048,1784970494.115955,0.02,0.55,1784970494.093751,7011.6728515625,nan,nan,50.66022872924805,nan
25.92273783683777,1784970494.1696296,BSMC,square,square_bsmc_tune_p04,1784970494.1524632,0.9550061268723186,-0.9501834746092608,0.24111045830457845,0.02211020526688776,0.3081829303388113,1784970494.1514382,0.9616312819746552,-0.9472840856879977,0.22075898999398338,0.01819133758544922,0,0,1784970494.1562252,0.9001423887962305,-0.9367210641569207,1.5894939639613133,1784970494.1562607,-0.05006214830126485,0.026173413196047456,1.3483835056567348,-0.05768366453989579,0.023770911918192864,1.3687349739673298,1784970494.1562984,0.02,0.55,1784970494.1456277,7011.72412109375,nan,nan,51.44352722167969,nan
25.96290373802185,1784970494.2097955,BSMC,square,square_bsmc_tune_p04,1784970494.203214,0.9559662694637528,-0.9499341434773185,0.2609059786025616,0.02086437801728227,0.3232508861762188,1784970494.1514382,0.9616312819746552,-0.9472840856879977,0.22075898999398338,0.05835723876953125,0,0,1784970494.1962137,0.9001423887962305,-0.9367210641569207,1.5894939639613133,1784970494.19625,-0.05006214830126485,0.026173413196047456,1.3483835056567348,-0.05768366453989579,0.023770911918192864,1.3687349739673298,1784970494.196294,0.02,0.55,1784970494.1973639,7011.77587890625,nan,nan,51.83009719848633,nan
26.003114700317383,1784970494.2500064,BSMC,square,square_bsmc_tune_p04,1784970494.203214,0.9559662694637528,-0.9499341434773185,0.2609059786025616,0.02086437801728227,0.3232508861762188,1784970494.2295663,0.9637901169003431,-0.945983224801985,0.26469404737436875,0.020440101623535156,0,0,1784970494.2367065,0.9001423887962305,-0.9367210641569207,1.5894939639613133,1784970494.2367563,-0.05052622201080354,0.027166008304936665,1.3285879853587517,-0.059007931684778074,0.0255907192340228,1.3247999165869446,1784970494.2368011,0.02,0.55,1784970494.2463822,7011.82421875,nan,nan,48.12428665161133,nan
26.043066024780273,1784970494.2899578,BSMC,square,square_bsmc_tune_p04,1784970494.2528112,0.9580332701097106,-0.9491560792877043,0.2794540883819932,0.019939024684823267,0.33595025275268414,1784970494.2295663,0.9637901169003431,-0.945983224801985,0.26469404737436875,0.06039142608642578,0,0,1784970494.2763078,0.9001423887962305,-0.9367210641569207,1.5894939639613133,1784970494.2763505,-0.05221510966348729,0.027920710295124142,1.3100398755793201,-0.059007931684778074,0.0255907192340228,1.3247999165869446,1784970494.2763991,0.02,0.55,1784970494.2463822,7011.82421875,nan,nan,48.12428665161133,nan
26.083049535751343,1784970494.3299413,BSMC,square,square_bsmc_tune_p04,1784970494.3025188,0.9587155005405678,-0.9489443221080471,0.29969247243281466,0.017304841018054875,0.34866753487460894,1784970494.2295663,0.9637901169003431,-0.945983224801985,0.26469404737436875,0.10037493705749512,0,0,1784970494.3160775,0.9001423887962305,-0.9367210641569207,1.5894939639613133,1784970494.3161125,-0.052353722999138055,0.028970763581305774,1.2898014915284985,-0.059007931684778074,0.0255907192340228,1.3247999165869446,1784970494.31615,0.02,0.55,1784970494.2975423,7011.87646484375,nan,nan,52.27910614013672,nan
26.123281240463257,1784970494.370173,BSMC,square,square_bsmc_tune_p04,1784970494.352799,0.9607029932489437,-0.9479603739651814,0.32355446995175297,0.01678966776006449,0.36505965701667087,1784970494.3502514,0.9668657495077354,-0.9436483763418704,0.33036805664793106,0.019921541213989258,0,0,1784970494.356247,0.9001423887962305,-0.9367210641569207,1.5894939639613133,1784970494.3562863,-0.053844783446343567,0.029910670207476335,1.2659394940095603,-0.06086800328172741,0.02819717530606506,1.2591259073133823,1784970494.3563309,0.02,0.55,1784970494.3449256,7011.923828125,nan,nan,47.15962600708008,nan
26.16285729408264,1784970494.409749,BSMC,square,square_bsmc_tune_p04,1784970494.402444,0.9616379195827652,-0.947641225651383,0.346410131790926,0.018273733567294097,0.38211310004727145,1784970494.3502514,0.9668657495077354,-0.9436483763418704,0.33036805664793106,0.05949759483337402,0,0,1784970494.3959465,0.9001423887962305,-0.9367210641569207,1.5894939639613133,1784970494.395984,-0.053844783446343567,0.029910670207476335,1.2659394940095603,-0.06086800328172741,0.02819717530606506,1.2591259073133823,1784970494.3960278,0.02,0.55,1784970494.3951302,7011.97314453125,nan,nan,49.47937774658203,nan
26.203267335891724,1784970494.450159,BSMC,square,square_bsmc_tune_p04,1784970494.402444,0.9616379195827652,-0.947641225651383,0.346410131790926,0.018273733567294097,0.38211310004727145,1784970494.3502514,0.9668657495077354,-0.9436483763418704,0.33036805664793106,0.09990763664245605,0,0,1784970494.4362686,0.9001423887962305,-0.9367210641569207,1.5894939639613133,1784970494.436315,-0.0541348994535867,0.031150648387037322,1.2430838321703872,-0.06086800328172741,0.02819717530606506,1.2591259073133823,1784970494.4363692,0.02,0.55,1784970494.4473767,7012.0263671875,nan,nan,53.19980239868164,nan
26.243160009384155,1784970494.4900517,BSMC,square,square_bsmc_tune_p04,1784970494.4528708,0.9624536066922577,-0.9473330527226619,0.3700230760003545,0.01782330965304233,0.39670594433637985,1784970494.45598,0.9685440586426413,-0.942454868396762,0.37320147775633544,0.03407168388366699,0,0,1784970494.4767013,0.9001423887962305,-0.9367210641569207,1.5894939639613133,1784970494.4767382,-0.05425624526386216,0.03242779713260255,1.2194708879609588,-0.06160269588416871,0.03027825636724839,1.2162924862049778,1784970494.4767842,0.02,0.55,1784970494.4473767,7012.0263671875,nan,nan,53.19980239868164,nan
26.282877445220947,1784970494.5297692,BSMC,square,square_bsmc_tune_p04,1784970494.502887,0.964214635209406,-0.9463315130697909,0.3934182720806527,0.016850817095255103,0.4086092253559354,1784970494.45598,0.9685440586426413,-0.942454868396762,0.37320147775633544,0.07378911972045898,0,0,1784970494.516251,0.9001423887962305,-0.9367210641569207,1.5894939639613133,1784970494.5162838,-0.05549324340615516,0.03343820307676202,1.1960756918806605,-0.06160269588416871,0.03027825636724839,1.2162924862049778,1784970494.516322,0.02,0.55,1784970494.4999058,7012.0791015625,nan,nan,52.58680725097656,nan
26.32352066040039,1784970494.5704124,BSMC,square,square_bsmc_tune_p04,1784970494.552526,0.9660516516696548,-0.9451830681298395,0.4221378241516021,0.017965548952249707,0.4279381467495704,1784970494.5516589,0.9709024096761569,-0.9406426202335191,0.43668122886853394,0.018753528594970703,0,0,1784970494.556246,0.9001423887962305,-0.9367210641569207,1.5894939639613133,1784970494.5562937,-0.05665644637534717,0.03472295390477666,1.1673561398097112,-0.062461358678020905,0.033480409631382144,1.1528127350927793,1784970494.556337,0.02,0.55,1784970494.5454972,7012.12451171875,nan,nan,45.43437576293945,nan
26.36293363571167,1784970494.6098254,BSMC,square,square_bsmc_tune_p04,1784970494.6033916,0.9668221615668597,-0.9448283943451617,0.4463348127630705,0.017319328707463246,0.4368976848349933,1784970494.5516589,0.9709024096761569,-0.9406426202335191,0.43668122886853394,0.05816650390625,0,0,1784970494.5965312,0.9001423887962305,-0.9367210641569207,1.5894939639613133,1784970494.5965738,-0.05665644637534717,0.03472295390477666,1.1673561398097112,-0.062461358678020905,0.033480409631382144,1.1528127350927793,1784970494.5966237,0.02,0.55,1784970494.5978854,7012.1767578125,nan,nan,52.4085807800293,nan
26.4033784866333,1784970494.6502702,BSMC,square,square_bsmc_tune_p04,1784970494.6033916,0.9668221615668597,-0.9448283943451617,0.4463348127630705,0.017319328707463246,0.4368976848349933,1784970494.62994,0.9724524168514511,-0.9394598364745125,0.47741893350789055,0.020330190658569336,0,0,1784970494.636174,0.9001423887962305,-0.9367210641569207,1.5894939639613133,1784970494.6362166,-0.05664787865543351,0.036096242787348215,1.1431591511982426,-0.06296616539704616,0.03565814137537486,1.1120750304534228,1784970494.6362655,0.02,0.55,1784970494.6452034,7012.22412109375,nan,nan,47.18648147583008,nan
26.443035364151,1784970494.689927,BSMC,square,square_bsmc_tune_p04,1784970494.6529539,0.9683753501274561,-0.9437371063791482,0.47366164920444165,0.01672396410547351,0.4476948755753529,1784970494.62994,0.9724524168514511,-0.9394598364745125,0.47741893350789055,0.05998706817626953,0,0,1784970494.677169,0.9001423887962305,-0.9367210641569207,1.5894939639613133,1784970494.6772072,-0.057520432920524237,0.03736792283668008,1.1158323147568716,-0.06296616539704616,0.03565814137537486,1.1120750304534228,1784970494.677252,0.02,0.55,1784970494.6452034,7012.22412109375,nan,nan,47.18648147583008,nan
26.482924222946167,1784970494.729816,BSMC,square,square_bsmc_tune_p04,1784970494.7027895,0.9691167533444933,-0.9433570772034906,0.4959641827778527,0.01672396410547351,0.4476948755753529,1784970494.62994,0.9724524168514511,-0.9394598364745125,0.47741893350789055,0.09987592697143555,0,0,1784970494.715817,0.9001423887962305,-0.9367210641569207,1.5894939639613133,1784970494.7158496,-0.05750571782181722,0.03865995411001452,1.0935297811834606,-0.06296616539704616,0.03565814137537486,1.1120750304534228,1784970494.7158864,0.02,0.55,1784970494.703717,7012.28271484375,nan,nan,58.87672805786133,nan
26.52377486228943,1784970494.7706666,BSMC,square,square_bsmc_tune_p04,1784970494.7529771,0.970735230228453,-0.9421365198370727,0.5264274350067673,0.016592804883530283,0.4641972138917902,1784970494.7507522,0.9751921965754252,-0.9374713438680539,0.5413951927449806,0.01991438865661621,0,0,1784970494.756766,0.9001423887962305,-0.9367210641569207,1.5894939639613133,1784970494.7568364,-0.05831412482321574,0.04015145411813881,1.063066528954546,-0.06393033113094788,0.039318562140881544,1.0480987712163325,1784970494.7570276,0.02,0.55,1784970494.7451184,7012.32373046875,nan,nan,41.14714050292969,nan
26.562548398971558,1784970494.8094401,BSMC,square,square_bsmc_tune_p04,1784970494.8033884,0.9714579470717372,-0.9417165288472354,0.54981213728616,0.016592804883530283,0.4641972138917902,1784970494.7507522,0.9751921965754252,-0.9374713438680539,0.5413951927449806,0.05868792533874512,0,0,1784970494.7966964,0.9001423887962305,-0.9367210641569207,1.5894939639613133,1784970494.796738,-0.05831412482321574,0.04015145411813881,1.063066528954546,-0.06393033113094788,0.039318562140881544,1.0480987712163325,1784970494.7967858,0.02,0.55,1784970494.7451184,7012.32373046875,nan,nan,41.14714050292969,nan
26.602800607681274,1784970494.8496923,BSMC,square,square_bsmc_tune_p04,1784970494.8033884,0.9714579470717372,-0.9417165288472354,0.54981213728616,0.016592804883530283,0.4641972138917902,1784970494.8393002,0.9767114324262021,-0.9355096003343718,0.5832711899657868,0.010392189025878906,0,0,1784970494.8363943,0.9001423887962305,-0.9367210641569207,1.5894939639613133,1784970494.8364353,-0.0581949983927767,0.04152355574471049,1.0396818266751533,-0.06457676057425861,0.041159787180410745,1.0062227739955265,1784970494.8364809,0.02,0.55,1784970494.8096163,7012.388671875,nan,nan,64.52580261230469,nan
26.64307451248169,1784970494.8899662,BSMC,square,square_bsmc_tune_p04,1784970494.8533638,0.9729867192886801,-0.9403979240420347,0.5781352824868093,0.017459028864679513,0.4742329264008994,1784970494.8393002,0.9767114324262021,-0.9355096003343718,0.5832711899657868,0.050666093826293945,0,0,1784970494.8765838,0.9001423887962305,-0.9367210641569207,1.5894939639613133,1784970494.8766308,-0.05899662738847118,0.04288605531281545,1.011358681474504,-0.06457676057425861,0.041159787180410745,1.0062227739955265,1784970494.8766842,0.02,0.55,1784970494.850101,7012.4287109375,nan,nan,40.25164031982422,nan
26.68277359008789,1784970494.9296653,BSMC,square,square_bsmc_tune_p04,1784970494.9033153,0.9736638739423605,-0.9399499107791325,0.6021900505399334,0.01688288456406553,0.4755575758749077,1784970494.8393002,0.9767114324262021,-0.9355096003343718,0.5832711899657868,0.09036517143249512,0,0,1784970494.9165702,0.9001423887962305,-0.9367210641569207,1.5894939639613133,1784970494.9166167,-0.058759862570471236,0.044307028554188964,0.9873039134213799,-0.06457676057425861,0.041159787180410745,1.0062227739955265,1784970494.9166539,0.02,0.55,1784970494.8959868,7012.474609375,nan,nan,46.134517669677734,nan
26.72301721572876,1784970494.969909,BSMC,square,square_bsmc_tune_p04,1784970494.952541,0.9741666336016725,-0.9395936783423812,0.6250631441376004,0.014878150321082218,0.4737397870717796,1784970494.9528456,0.9785649963111356,-0.9330456872874262,0.6584606291233097,0.017063379287719727,0,0,1784970494.9559124,0.9001423887962305,-0.9367210641569207,1.5894939639613133,1784970494.9559498,-0.058347291684432624,0.045644652308526316,0.9644308198237128,-0.06427615688478576,0.0450798116754281,0.9310333348380035,1784970494.955994,0.02,0.55,1784970494.9482186,7012.52685546875,nan,nan,52.24229431152344,nan
26.76284956932068,1784970495.0097413,BSMC,square,square_bsmc_tune_p04,1784970495.0028367,0.9756522935421235,-0.9380722349753888,0.6578690137335548,0.016365838181325032,0.486840387074432,1784970494.9528456,0.9785649963111356,-0.9330456872874262,0.6584606291233097,0.05689573287963867,0,0,1784970494.995999,0.9001423887962305,-0.9367210641569207,1.5894939639613133,1784970494.996037,-0.058347291684432624,0.045644652308526316,0.9644308198237128,-0.06427615688478576,0.0450798116754281,0.9310333348380035,1784970494.996079,0.02,0.55,1784970494.9969752,7012.576171875,nan,nan,48.871212005615234,nan
26.802904844284058,1784970495.0497966,BSMC,square,square_bsmc_tune_p04,1784970495.0028367,0.9756522935421235,-0.9380722349753888,0.6578690137335548,0.016365838181325032,0.486840387074432,1784970495.0333722,0.9796635766385597,-0.9313503651656481,0.7057667200615305,0.01642441749572754,0,0,1784970495.0365198,0.9001423887962305,-0.9367210641569207,1.5894939639613133,1784970495.036561,-0.058924610540501736,0.04723834935690169,0.9316249502277585,-0.06400825632524855,0.0474911238623718,0.8837272438997829,1784970495.0366046,0.02,0.55,1784970495.0467436,7012.62548828125,nan,nan,49.57182312011719,nan
26.843412160873413,1784970495.090304,BSMC,square,square_bsmc_tune_p04,1784970495.0528429,0.9769906465724055,-0.9365609389833512,0.6908137793300548,0.017581148285190487,0.5009958771960781,1784970495.0333722,0.9796635766385597,-0.9313503651656481,0.7057667200615305,0.05693173408508301,0,0,1784970495.0767639,0.9001423887962305,-0.9367210641569207,1.5894939639613133,1784970495.076802,-0.05933111158101365,0.04884157616074606,0.8986801846312584,-0.06400825632524855,0.0474911238623718,0.8837272438997829,1784970495.0768437,0.02,0.55,1784970495.0467436,7012.62548828125,nan,nan,49.57182312011719,nan
26.883002758026123,1784970495.1298945,BSMC,square,square_bsmc_tune_p04,1784970495.1030583,0.9776708639213275,-0.9359985998085255,0.7159635262094867,0.017581148285190487,0.5009958771960781,1784970495.0333722,0.9796635766385597,-0.9313503651656481,0.7057667200615305,0.09652233123779297,0,0,1784970495.1163623,0.9001423887962305,-0.9367210641569207,1.5894939639613133,1784970495.1164052,-0.05896641093031421,0.05034032967665987,0.8735304377518266,-0.06400825632524855,0.0474911238623718,0.8837272438997829,1784970495.11645,0.02,0.55,1784970495.1173909,7012.6962890625,nan,nan,70.8321533203125,nan
26.92325234413147,1784970495.170144,BSMC,square,square_bsmc_tune_p04,1784970495.1524637,0.9788153066380932,-0.9344395958351733,0.751309586265105,0.018634850641960354,0.5217059230471573,1784970495.1513903,0.9806290813620684,-0.9293260112989811,0.7744338155348685,0.018753767013549805,0,0,1784970495.155986,0.9001423887962305,-0.9367210641569207,1.5894939639613133,1784970495.1560194,-0.05905114241271968,0.052034562352424124,0.8381843776962082,-0.06270470847275599,0.050999157074466464,0.8150601484264448,1784970495.1560571,0.02,0.55,1784970495.1461744,7012.72509765625,nan,nan,28.651016235351562,nan
26.96282696723938,1784970495.2097187,BSMC,square,square_bsmc_tune_p04,1784970495.2028887,0.979526534970534,-0.9337701368256474,0.779369215135752,0.019000670651617906,0.5280596757771643,1784970495.1513903,0.9806290813620684,-0.9293260112989811,0.7744338155348685,0.05832839012145996,0,0,1784970495.1961706,0.9001423887962305,-0.9367210641569207,1.5894939639613133,1784970495.1962154,-0.05905114241271968,0.052034562352424124,0.8381843776962082,-0.06270470847275599,0.050999157074466464,0.8150601484264448,1784970495.1962626,0.02,0.55,1784970495.1972463,7012.7763671875,nan,nan,51.14276885986328,nan
27.0028657913208,1784970495.2497575,BSMC,square,square_bsmc_tune_p04,1784970495.2028887,0.979526534970534,-0.9337701368256474,0.779369215135752,0.019000670651617906,0.5280596757771643,1784970495.231034,0.9813365857274952,-0.927748733557044,0.8288554530535165,0.018723487854003906,0,0,1784970495.237015,0.9001423887962305,-0.9367210641569207,1.5894939639613133,1784970495.2370484,-0.05854447197839195,0.053694463743564035,0.8101247488255613,-0.06147856526053711,0.05379020677792885,0.7606385109077968,1784970495.2370868,0.02,0.55,1784970495.1972463,7012.7763671875,nan,nan,51.14276885986328,nan
27.042842864990234,1784970495.2897346,BSMC,square,square_bsmc_tune_p04,1784970495.252868,0.9805847562132897,-0.9321521701571392,0.8153664420492674,0.020867072999088604,0.5451638871061448,1784970495.231034,0.9813365857274952,-0.927748733557044,0.8288554530535165,0.0587005615234375,0,0,1784970495.2766376,0.9000851006890965,-0.9336574989340415,1.5894939639613133,1784970495.2766826,-0.056286543465718326,0.05756983219466712,0.7741275219120458,-0.05925894295070653,0.05590254922264663,0.7606385109077968,1784970495.2767327,0.02,0.55,1784970495.250208,7012.8291015625,nan,nan,52.733394622802734,nan
27.08299469947815,1784970495.3298864,BSMC,square,square_bsmc_tune_p04,1784970495.3024266,0.9812950827339733,-0.9313904353554713,0.8438228327911066,0.02093996062432721,0.5503416814455377,1784970495.231034,0.9813365857274952,-0.927748733557044,0.8288554530535165,0.09885239601135254,0,0,1784970495.3160458,0.900071109669802,-0.9329093087373715,1.5894939639613133,1784970495.3160856,-0.05511725699463983,0.05968022082789485,0.7456711311702067,-0.05871686222720087,0.05641842983695336,0.7606385109077968,1784970495.3161302,0.02,0.55,1784970495.2970548,7012.8759765625,nan,nan,47.02488327026367,nan
27.123504877090454,1784970495.3703966,BSMC,square,square_bsmc_tune_p04,1784970495.3529727,0.98211648886515,-0.9297890993177681,0.879913033519204,0.021393781919884523,0.5612130596036611,1784970495.3503773,0.9822855028257967,-0.9254237123585548,0.9061882046102429,0.0200192928314209,0,0,1784970495.3565936,0.9000414625788921,-0.9313238872386502,1.5894939639613133,1784970495.3566663,-0.053482533745479906,0.06227587091334512,0.7095809304421092,-0.055368443249447785,0.0611001613081575,0.6833057593510704,1784970495.3567138,0.02,0.55,1784970495.3541448,7012.93310546875,nan,nan,57.2103385925293,nan
27.162830591201782,1784970495.4097223,BSMC,square,square_bsmc_tune_p04,1784970495.4025,0.9827854817328721,-0.92897303886694,0.908269675921316,0.021192454124252236,0.5629301350160406,1784970495.3503773,0.9822855028257967,-0.9254237123585548,0.9061882046102429,0.05934500694274902,0,0,1784970495.396847,0.9000414625788921,-0.9313238872386502,1.5894939639613133,1784970495.3968847,-0.053482533745479906,0.06227587091334512,0.7095809304421092,-0.055368443249447785,0.0611001613081575,0.6833057593510704,1784970495.3969269,0.02,0.55,1784970495.3981266,7012.97705078125,nan,nan,43.96726989746094,nan
27.202972412109375,1784970495.4498641,BSMC,square,square_bsmc_tune_p04,1784970495.4025,0.9827854817328721,-0.92897303886694,0.908269675921316,0.021192454124252236,0.5629301350160406,1784970495.3503773,0.9822855028257967,-0.9254237123585548,0.9061882046102429,0.0994868278503418,0,0,1784970495.4364116,0.9000264415864165,-0.9305206177214091,1.5894939639613133,1784970495.4364476,-0.05212616389993855,0.06429865288907831,0.6812242880399972,-0.05474540699962982,0.0616074022557913,0.6833057593510704,1784970495.4364882,0.02,0.55,1784970495.3981266,7012.97705078125,nan,nan,43.96726989746094,nan
27.243420839309692,1784970495.4903126,BSMC,square,square_bsmc_tune_p04,1784970495.4537811,0.9834536020307577,-0.9281166516182908,0.9371215793728859,0.021192454124252236,0.5629301350160406,1784970495.4547179,0.9829555441125788,-0.9240612256697597,0.9577732698006262,0.03559470176696777,0,0,1784970495.4762466,0.9000106664488154,-0.9296770191918262,1.5894939639613133,1784970495.4762821,-0.05066483575094781,0.06631917267145444,0.6523723845884275,-0.052314955834747885,0.06461064357787756,0.6317206941606871,1784970495.4763215,0.02,0.55,1784970495.456089,7013.03466796875,nan,nan,57.37321853637695,nan
27.282743453979492,1784970495.5296352,BSMC,square,square_bsmc_tune_p04,1784970495.502433,0.9840005743911688,-0.9267160093436296,0.9670179966710305,0.021116319558009553,0.5606038429317154,1784970495.4547179,0.9829555441125788,-0.9240612256697597,0.9577732698006262,0.07491731643676758,0,0,1784970495.5164478,0.8999846750512279,-0.9282870912342313,1.5894939639613133,1784970495.5164938,-0.048993909181964106,0.06826958695697165,0.6224759672902828,-0.051193070394305935,0.06543158714388989,0.6317206941606871,1784970495.5165443,0.02,0.55,1784970495.4967294,7013.07568359375,nan,nan,41.23127365112305,nan
27.3230197429657,1784970495.5699115,BSMC,square,square_bsmc_tune_p04,1784970495.5530696,0.9844340759833501,-0.9252489748597325,1.0023634661917835,0.021363240927496457,0.5696713961202007,1784970495.5517104,0.9831598778809503,-0.9219763596203173,1.0252038577517528,0.018201112747192383,0,0,1784970495.5563235,0.8999574029005627,-0.926828673134718,1.5894939639613133,1784970495.5563548,-0.04680609152403038,0.07034197564769004,0.5871304977695297,-0.04732366864758825,0.06860515414338289,0.5642901062095604,1784970495.556394,0.02,0.5475162634416856,1784970495.5560987,7013.13427734375,nan,nan,58.791526794433594,nan
27.362788915634155,1784970495.6096807,BSMC,square,square_bsmc_tune_p04,1784970495.6025085,0.9849613098077405,-0.9244208438574815,1.027975927523643,0.02070049176077734,0.5607062842543659,1784970495.5517104,0.9831598778809503,-0.9219763596203173,1.0252038577517528,0.057970285415649414,0,0,1784970495.5963383,0.8999574029005627,-0.926828673134718,1.5894939639613133,1784970495.5963783,-0.04680609152403038,0.07034197564769004,0.5871304977695297,-0.04732366864758825,0.06860515414338289,0.5642901062095604,1784970495.5964227,0.02,0.5475162634416856,1784970495.5973632,7013.17626953125,nan,nan,41.76000213623047,nan
27.402647972106934,1784970495.6495397,BSMC,square,square_bsmc_tune_p04,1784970495.6025085,0.9849613098077405,-0.9244208438574815,1.027975927523643,0.02070049176077734,0.5607062842543659,1784970495.6311,0.9837898257211449,-0.9206814690834079,1.0733713273000542,0.018439769744873047,0,0,1784970495.6361997,0.8999421067164755,-0.9260106873440056,1.5894939639613133,1784970495.6362355,-0.045278238254925,0.07197689655101608,0.5615180364376702,-0.044692520291544295,0.07114365171640405,0.516122636661259,1784970495.6362753,0.02,0.5395521980832777,1784970495.6481683,7013.22705078125,nan,nan,50.787010192871094,nan
27.44328498840332,1784970495.6901767,BSMC,square,square_bsmc_tune_p04,1784970495.653618,0.9853766071046957,-0.9229347504238661,1.0631479689097592,0.02211994078448845,0.5690643194748041,1784970495.6311,0.9837898257211449,-0.9206814690834079,1.0733713273000542,0.059076786041259766,0,0,1784970495.6766028,0.8999144719280235,-0.924532876659056,1.5894939639613133,1784970495.6766527,-0.04294174036551939,0.07390762809615596,0.5263459950515541,-0.043406985649037624,0.07187309587807725,0.516122636661259,1784970495.6766994,0.02,0.5202266963390798,1784970495.6481683,7013.22705078125,nan,nan,50.787010192871094,nan
27.483072996139526,1784970495.7299647,BSMC,square,square_bsmc_tune_p04,1784970495.7025716,0.9858590708906337,-0.9220592257282308,1.090272814151765,0.021303075478495442,0.5664016593263864,1784970495.6311,0.9837898257211449,-0.9206814690834079,1.0733713273000542,0.09886479377746582,0,0,1784970495.716003,0.8998982741505172,-0.9236666768430924,1.5894939639613133,1784970495.71604,-0.04116022875018704,0.07548296526047837,0.49922114980954824,-0.04265348597408295,0.07230065023604207,0.516122636661259,1784970495.716082,0.02,0.49953969690235245,1784970495.6976953,7013.27685546875,nan,nan,49.626827239990234,nan
27.522932529449463,1784970495.7698243,BSMC,square,square_bsmc_tune_p04,1784970495.7525787,0.985886027951033,-0.9208894310181382,1.1201799380689026,0.01984402085698976,0.5651940061846451,1784970495.750382,0.9834275046675813,-0.9186746740732333,1.1296726863997406,0.019442319869995117,0,0,1784970495.7561412,0.899876416273997,-0.9224977949633569,1.5894939639613133,1784970495.7561793,-0.03890676225852718,0.0767235556134702,0.4693140258924106,-0.03912976578960109,0.07392064700977674,0.4598212775615726,1784970495.7562222,0.02,0.47154168854316963,1784970495.748372,7013.3271484375,nan,nan,50.5024299621582,nan
27.56268835067749,1784970495.80958,BSMC,square,square_bsmc_tune_p04,1784970495.802839,0.9863573371515854,-0.9199223737733884,1.1477922533499978,0.020629092021873102,0.5623011091896426,1784970495.750382,0.9834275046675813,-0.9186746740732333,1.1296726863997406,0.05919814109802246,0,0,1784970495.797003,0.899876416273997,-0.9224977949633569,1.5894939639613133,1784970495.7970426,-0.03890676225852718,0.0767235556134702,0.4693140258924106,-0.03912976578960109,0.07392064700977674,0.4598212775615726,1784970495.7970862,0.02,0.47154168854316963,1784970495.7976694,7013.37646484375,nan,nan,49.564876556396484,nan
27.602749824523926,1784970495.8496416,BSMC,square,square_bsmc_tune_p04,1784970495.802839,0.9863573371515854,-0.9199223737733884,1.1477922533499978,0.020629092021873102,0.5623011091896426,1784970495.8405416,0.9834929434657377,-0.9177988508683789,1.1743296244957806,0.009099960327148438,0,0,1784970495.8361864,0.8998585035537456,-0.9215398860786947,1.5894939639613133,1784970495.836416,-0.03698285375670254,0.07821082462073223,0.44170171061131547,-0.035747251242003744,0.0757023705869142,0.41516433946553266,1784970495.836523,0.02,0.44172573912861635,1784970495.8487105,7013.42724609375,nan,nan,50.52610397338867,nan
27.643426179885864,1784970495.890318,BSMC,square,square_bsmc_tune_p04,1784970495.8531995,0.9863044874433288,-0.9188820782719822,1.1752725720122705,0.019747300279506903,0.556706354824089,1784970495.8405416,0.9834929434657377,-0.9177988508683789,1.1743296244957806,0.049776315689086914,0,0,1784970495.8764656,0.8998390385448229,-0.9204989662895412,1.5894939639613133,1784970495.8765104,-0.03480646368563122,0.07916690132739998,0.4142213919490427,-0.034794591017915086,0.0761222889021413,0.41516433946553266,1784970495.87656,0.02,0.40909816667790366,1784970495.8487105,7013.42724609375,nan,nan,50.52610397338867,nan
27.683640956878662,1784970495.9305327,BSMC,square,square_bsmc_tune_p04,1784970495.9026139,0.9866469371661554,-0.9180597160751044,1.2008824072470476,0.018891152679463882,0.5496759501925861,1784970495.8405416,0.9834929434657377,-0.9177988508683789,1.1743296244957806,0.08999109268188477,0,0,1784970495.915982,0.8998237856053315,-0.9196832930667672,1.5894939639613133,1784970495.9160156,-0.032903379094192504,0.0803633205721709,0.38861155671426567,-0.03404807870900527,0.07645134031326083,0.41516433946553266,1784970495.916054,0.02,0.37683506354039487,1784970495.898082,7013.47705078125,nan,nan,49.80851364135742,nan
27.722811222076416,1784970495.969703,BSMC,square,square_bsmc_tune_p04,1784970495.9525626,0.9870515191047937,-0.9170366699939901,1.2280579734926267,0.020395353001680997,0.5486592663941029,1784970495.9531748,0.983661877191571,-0.914915377745525,1.2558216131726256,0.01652812957763672,0,0,1784970495.955796,0.8998048029448629,-0.9186681675658811,1.5894939639613133,1784970495.9558308,-0.030857386308691746,0.08162397304232862,0.3614359904686866,-0.029546455084779964,0.07856907358863777,0.3336723507886876,1784970495.9558668,0.02,0.34068795645949523,1784970495.9480457,7013.52685546875,nan,nan,49.851287841796875,nan
27.762998580932617,1784970496.0098903,BSMC,square,square_bsmc_tune_p04,1784970496.0027592,0.9868965941858523,-0.9157957926596152,1.2612991082578535,0.02016166705941983,0.5533253716397791,1784970495.9531748,0.983661877191571,-0.914915377745525,1.2558216131726256,0.05671548843383789,0,0,1784970495.996064,0.8998048029448629,-0.9186681675658811,1.5894939639613133,1784970495.9961054,-0.030857386308691746,0.08162397304232862,0.3614359904686866,-0.029546455084779964,0.07856907358863777,0.3336723507886876,1784970495.996153,0.02,0.34068795645949523,1784970495.998081,7013.5771484375,nan,nan,50.11149215698242,nan
27.802852392196655,1784970496.0497441,BSMC,square,square_bsmc_tune_p04,1784970496.0027592,0.9868965941858523,-0.9157957926596152,1.2612991082578535,0.02016166705941983,0.5533253716397791,1784970496.0315351,0.9833368094835082,-0.9128020653394973,1.308734484346471,0.018208980560302734,0,0,1784970496.0360236,0.8997815527221406,-0.9174248279388648,1.5894939639613133,1784970496.0360572,-0.028085115003629976,0.08247975824648211,0.32819485570345974,-0.02611180487392239,0.07950487100004874,0.28075947961484227,1784970496.0360963,0.02,0.29478618093221776,1784970496.049236,7013.6279296875,nan,nan,50.96892166137695,nan
27.842846632003784,1784970496.0897384,BSMC,square,square_bsmc_tune_p04,1784970496.0526938,0.9866713757585468,-0.9145232994426592,1.2945505014576981,0.019871496268923487,0.5566374379844666,1784970496.0315351,0.9833368094835082,-0.9128020653394973,1.308734484346471,0.05820322036743164,0,0,1784970496.0765955,0.8997576869230217,-0.9161485694647344,1.5894939639613133,1784970496.0766354,-0.0252689881232792,0.08317517086768568,0.29494346250361514,-0.024885303562601976,0.07985856550451054,0.28075947961484227,1784970496.0766852,0.02,0.24942158376252976,1784970496.049236,7013.6279296875,nan,nan,50.96892166137695,nan
27.882761001586914,1784970496.1296527,BSMC,square,square_bsmc_tune_p04,1784970496.1024356,0.9869944248177428,-0.9134164606683194,1.3206773001702807,0.021485467042154205,0.5509154807213186,1784970496.0315351,0.9833368094835082,-0.9128020653394973,1.308734484346471,0.09811758995056152,0,0,1784970496.1163023,0.8997371094015992,-0.915048156444355,1.5894939639613133,1784970496.1163642,-0.023178790469853584,0.08413825049935686,0.26881666379103253,-0.02382779206328825,0.08016352727035626,0.28075947961484227,1784970496.1164105,0.02,0.21665314519314854,1784970496.0984676,7013.67724609375,nan,nan,49.411842346191406,nan
27.923407077789307,1784970496.1702988,BSMC,square,square_bsmc_tune_p04,1784970496.1526926,0.986697442330273,-0.9118829268333991,1.3567560930994147,0.02386008918916856,0.5562238824000889,1784970496.1516032,0.982961534433217,-0.9103987860509425,1.3933914465731225,0.018695592880249023,0,0,1784970496.1560826,0.8997083388112983,-0.9135096070962073,1.5894939639613133,1784970496.156117,-0.020066886573659275,0.08465855115079753,0.23273787086189857,-0.017754169390709944,0.0813975506884765,0.19610251738819073,1784970496.1561556,0.02267953513612369,0.1651413748103946,1784970496.1488316,7013.7275390625,nan,nan,50.343746185302734,nan
27.96275496482849,1784970496.2096467,BSMC,square,square_bsmc_tune_p04,1784970496.2025397,0.986980116975244,-0.910651932121281,1.3790415783616428,0.024604401601687458,0.5363490405462379,1784970496.1516032,0.982961534433217,-0.9103987860509425,1.3933914465731225,0.058043479919433594,0,0,1784970496.1962314,0.8997083388112983,-0.9135096070962073,1.5894939639613133,1784970496.1962693,-0.020066886573659275,0.08465855115079753,0.23273787086189857,-0.017754169390709944,0.0813975506884765,0.19610251738819073,1784970496.196345,0.02267953513612369,0.1651413748103946,1784970496.1985526,7013.77734375,nan,nan,49.81785202026367,nan
28.00315022468567,1784970496.250042,BSMC,square,square_bsmc_tune_p04,1784970496.2025397,0.986980116975244,-0.910651932121281,1.3790415783616428,0.024604401601687458,0.5363490405462379,1784970496.2330568,0.9826958383251784,-0.9088351234253875,1.4391603661920829,0.016985177993774414,0,0,1784970496.2361598,0.8996854262948937,-0.9122843268078945,1.5894939639613133,1784970496.2362006,-0.018239252039114365,0.0853835898662301,0.2104523855996705,-0.014314987552719389,0.08183951759863338,0.1503335977692304,1784970496.2362466,0.024639710546656524,0.13987971509115102,1784970496.2481692,7013.8271484375,nan,nan,49.391666412353516,nan
28.043124675750732,1784970496.2900164,BSMC,square,square_bsmc_tune_p04,1784970496.2527242,0.9865713770071461,-0.9093444915100286,1.408892188420935,0.02414759122777039,0.5216312055137673,1784970496.2330568,0.9826958383251784,-0.9088351234253875,1.4391603661920829,0.05695962905883789,0,0,1784970496.2770176,0.8996608430624056,-0.9109697025362252,1.5894939639613133,1784970496.2770603,-0.015613737860971815,0.08551194893959808,0.18060177554037815,-0.013014963465163199,0.08203644063627819,0.1503335977692304,1784970496.277106,0.02735967630976885,0.10888244000267853,1784970496.2481692,7013.8271484375,nan,nan,49.391666412353516,nan
28.08318042755127,1784970496.3300722,BSMC,square,square_bsmc_tune_p04,1784970496.3030663,0.9868137600718674,-0.9079977106787497,1.4285491608515895,0.025629943657887004,0.49764350091760845,1784970496.2330568,0.9826958383251784,-0.9088351234253875,1.4391603661920829,0.097015380859375,0,0,1784970496.315967,0.8996357520393344,-0.9096279234212745,1.5894939639613133,1784970496.3159997,-0.013972794084310293,0.08606639125456425,0.1609448031097238,-0.011688086115332416,0.08223743131084464,0.1503335977692304,1784970496.3160355,0.029123592375659486,0.09568345549675858,1784970496.300141,7013.8779296875,nan,nan,50.76120376586914,nan
28.122812747955322,1784970496.3697045,BSMC,square,square_bsmc_tune_p04,1784970496.3525023,0.9870649973743001,-0.9064627676881081,1.4468316932926966,0.028319735390851065,0.4763385082722511,1784970496.3528934,0.9828485691659373,-0.9065657448572773,1.506040703450917,0.016811132431030273,0,0,1784970496.3560834,0.8996071467434931,-0.9080982134358359,1.5894939639613133,1784970496.3561468,-0.012436829657457146,0.08658449969726514,0.1426622706686167,-0.0069158404271796176,0.0829677890391317,0.08345326051039637,1784970496.3561978,0.030807208378320055,0.08701256649788579,1784970496.3501792,7013.927734375,nan,nan,50.179466247558594,nan
28.163275003433228,1784970496.4101667,BSMC,square,square_bsmc_tune_p04,1784970496.4027424,0.986609533970675,-0.9048903629360484,1.479821900566728,0.030341041431877,0.4742399263604024,1784970496.3528934,0.9828485691659373,-0.9065657448572773,1.506040703450917,0.05727338790893555,0,0,1784970496.3971045,0.8996071467434931,-0.9080982134358359,1.5894939639613133,1784970496.3971548,-0.012436829657457146,0.08658449969726514,0.1426622706686167,-0.0069158404271796176,0.0829677890391317,0.08345326051039637,1784970496.3972023,0.030807208378320055,0.08701256649788579,1784970496.399437,7013.9775390625,nan,nan,49.63264465332031,nan
28.20284628868103,1784970496.449738,BSMC,square,square_bsmc_tune_p04,1784970496.4027424,0.986609533970675,-0.9048903629360484,1.479821900566728,0.030341041431877,0.4742399263604024,1784970496.3528934,0.9828485691659373,-0.9065657448572773,1.506040703450917,0.09684467315673828,0,0,1784970496.436437,0.8995775941295364,-0.9065178442302152,1.5894939639613133,1784970496.4364872,-0.009527514869807699,0.08652417990527281,0.10967206339458534,-0.005340695898416934,0.08309954599938323,0.08345326051039637,1784970496.4365401,0.0337773913056126,0.06855131532123009,1784970496.399437,7013.9775390625,nan,nan,49.63264465332031,nan
28.242846250534058,1784970496.489738,BSMC,square,square_bsmc_tune_p04,1784970496.4530473,0.986763995403394,-0.9034203272186667,1.4973757711787168,0.02987465868343295,0.45285007253131787,1784970496.4545658,0.9823825637365335,-0.9049500314588501,1.5465009952220956,0.035172224044799805,0,0,1784970496.4768314,0.8995501683344459,-0.9050512097705952,1.5894939639613133,1784970496.476922,-0.008024025114018863,0.08685923342328185,0.09211819278259648,-0.0021133909911647177,0.08280549223099289,0.04299296873921765,1784970496.4769757,0.03540356036065065,0.06271676678377203,1784970496.450131,7014.02734375,nan,nan,50.007633209228516,nan
28.28317904472351,1784970496.5300708,BSMC,square,square_bsmc_tune_p04,1784970496.5024862,0.9861653582774149,-0.9025466290167138,1.524675075677308,0.026571738749363503,0.441810755830637,1784970496.4545658,0.9823825637365335,-0.9049500314588501,1.5465009952220956,0.07550501823425293,0,0,1784970496.5159194,0.8995336267894921,-0.9041666264881622,1.5894939639613133,1784970496.5159552,-0.0056124222249009405,0.08646491779428517,0.06481888828400528,-0.0012294706071261307,0.08284351802421935,0.04299296873921765,1784970496.515994,0.037759373491426676,0.04869618180463384,1784970496.498394,7014.0771484375,nan,nan,49.8216552734375,nan
28.323027849197388,1784970496.5699196,BSMC,square,square_bsmc_tune_p04,1784970496.5529447,0.9854147159946091,-0.9015748821002697,1.5555059123182884,0.025154033869195853,0.43778488317744046,1784970496.5514765,0.9808994679502573,-0.9026541981804606,1.60776417203927,0.01844310760498047,0,0,1784970496.556185,0.8995151992574396,-0.9031811872903284,1.5894939639613133,1784970496.5562198,-0.0029195054544385157,0.08586491530272633,0.033988051643024875,0.0024812867738016036,0.081348141491572,-0.018270208077956655,1784970496.556258,0.040357024682708256,0.03116307169133857,1784970496.5510404,7014.1298828125,nan,nan,52.39702224731445,nan
28.362600326538086,1784970496.609492,BSMC,square,square_bsmc_tune_p04,1784970496.6024518,0.985463989481188,-0.9000069755173336,1.5727435055978458,0.028522712024906263,0.42134728288733214,1784970496.5514765,0.9808994679502573,-0.9026541981804606,1.60776417203927,0.05801558494567871,0,0,1784970496.5966096,0.8995151992574396,-0.9031811872903284,1.5894939639613133,1784970496.5966992,-0.0029195054544385157,0.08586491530272633,0.033988051643024875,0.0024812867738016036,0.081348141491572,-0.018270208077956655,1784970496.5967531,0.040357024682708256,0.03116307169133857,1784970496.6000345,7014.1787109375,nan,nan,49.115821838378906,nan
28.403135299682617,1784970496.650027,BSMC,square,square_bsmc_tune_p04,1784970496.6024518,0.985463989481188,-0.9000069755173336,1.5727435055978458,0.028522712024906263,0.42134728288733214,1784970496.6327643,0.980413863404102,-0.9018008827958884,1.645834984643233,0.017262697219848633,0,0,1784970496.6359198,0.8994859071652965,-0.9016147498692881,1.5894939639613133,1784970496.6359618,-0.0014403567104016065,0.0859810499449257,0.016750458363467446,0.006252636906290279,0.08068626449510766,-0.056341020681919714,1784970496.6360054,0.04194466584853839,0.024304188289178144,1784970496.6000345,7014.1787109375,nan,nan,49.115821838378906,nan
28.443530797958374,1784970496.6904225,BSMC,square,square_bsmc_tune_p04,1784970496.6529884,0.9846875580036696,-0.8990270913928784,1.6075084410184894,0.028243558365266243,0.43844947641377763,1784970496.6327643,0.980413863404102,-0.9018008827958884,1.645834984643233,0.05765819549560547,0,0,1784970496.6765513,0.899467318507245,-0.9006206942232647,1.5894939639613133,1784970496.6765883,0.0015353833949176827,0.08522130829575185,-0.01801447705717618,0.007245288760225479,0.08063027822466431,-0.056341020681919714,1784970496.676632,0.04473721776283157,0.0003935597468644955,1784970496.6548023,7014.23193359375,nan,nan,53.24851989746094,nan
28.48290753364563,1784970496.7297993,BSMC,square,square_bsmc_tune_p04,1784970496.702608,0.9846505395141363,-0.8968318747635198,1.6253927992981099,0.03392432556148217,0.4254273538623123,1784970496.6327643,0.980413863404102,-0.9018008827958884,1.645834984643233,0.09703493118286133,0,0,1784970496.7165146,0.8994262697686732,-0.8984255529588231,1.5894939639613133,1784970496.7165558,0.0030593296936307895,0.08518425010331018,-0.03589883533679661,0.00943733007553267,0.08050664553570572,-0.056341020681919714,1784970496.7166033,0.04645757266179908,-0.007653797144302782,1784970496.707021,7014.2861328125,nan,nan,53.94467544555664,nan
28.52291774749756,1784970496.7698095,BSMC,square,square_bsmc_tune_p04,1784970496.7525885,0.9838055209463462,-0.8955840377649162,1.650581767236263,0.036308253283903934,0.40790212768024436,1784970496.7508888,0.9796443121422413,-0.8997098355889088,1.701597461913015,0.0189206600189209,0,0,1784970496.7558148,0.8994026482172461,-0.8971623559868391,1.5894939639613133,1784970496.755849,0.005153680742284526,0.08426016608184989,-0.06108780327494978,0.012991516257262636,0.079223953367098,-0.11210349795170171,1784970496.755892,0.04848588836347552,-0.019937384370440923,1784970496.7512434,7014.3291015625,nan,nan,43.01024627685547,nan
28.563112020492554,1784970496.8100038,BSMC,square,square_bsmc_tune_p04,1784970496.80289,0.9836649038318979,-0.8935131499076513,1.6668441967121443,0.03889110807961367,0.39231798228010234,1784970496.7508888,0.9796443121422413,-0.8997098355889088,1.701597461913015,0.059114933013916016,0,0,1784970496.796506,0.8994026482172461,-0.8971623559868391,1.5894939639613133,1784970496.796549,0.005153680742284526,0.08426016608184989,-0.06108780327494978,0.012991516257262636,0.079223953367098,-0.11210349795170171,1784970496.7966,0.04848588836347552,-0.019937384370440923,1784970496.8001928,7014.37890625,nan,nan,50.0621337890625,nan
28.602808237075806,1784970496.8497,BSMC,square,square_bsmc_tune_p04,1784970496.80289,0.9836649038318979,-0.8935131499076513,1.6668441967121443,0.03889110807961367,0.39231798228010234,1784970496.841598,0.978737734245996,-0.8982532348990799,1.7484407771830885,0.008101940155029297,0,0,1784970496.836508,0.899363887377152,-0.8950895634359466,1.5894939639613133,1784970496.8365502,0.0065153417511936455,0.08406364717748498,-0.07735023275083108,0.017140162127712195,0.07756565751749338,-0.15894681322177528,1784970496.8365977,0.0500394952402335,-0.026851082885120704,1784970496.8001928,7014.37890625,nan,nan,50.0621337890625,nan
28.6428542137146,1784970496.889746,BSMC,square,square_bsmc_tune_p04,1784970496.8532581,0.9827059457997384,-0.8924137555542297,1.697600437867828,0.04063102927133666,0.39523406943424816,1784970496.841598,0.978737734245996,-0.8982532348990799,1.7484407771830885,0.04814791679382324,0,0,1784970496.8766367,0.8993430008768227,-0.8939726273171292,1.5894939639613133,1784970496.8766806,0.008996102732466562,0.08289077634466419,-0.10810647390651473,0.018243211547497116,0.07738883976689426,-0.15894681322177528,1784970496.8767295,0.05232038816699864,-0.04646227606485753,1784970496.8523593,7014.43017578125,nan,nan,51.292823791503906,nan
28.68291211128235,1784970496.9298038,BSMC,square,square_bsmc_tune_p04,1784970496.902787,0.9824630061758751,-0.8903103806073654,1.7121668407607271,0.0416923839255859,0.3768443798603359,1784970496.841598,0.978737734245996,-0.8982532348990799,1.7484407771830885,0.08820581436157227,0,0,1784970496.9159565,0.8993035969785294,-0.89186544628957,1.5894939639613133,1784970496.915996,0.010177616007650681,0.08254890489720852,-0.12267287679941385,0.02032419430978087,0.07705526025135977,-0.15894681322177528,1784970496.9160376,0.0537205304546325,-0.05214372479012408,1784970496.9000337,7014.47900390625,nan,nan,48.57898712158203,nan
28.722782135009766,1784970496.9696739,BSMC,square,square_bsmc_tune_p04,1784970496.9525695,0.9821739788092524,-0.88801938073673,1.7257248106451704,0.04395973973178561,0.3590487953183405,1784970496.9542193,0.9777188180597827,-0.8959693243444509,1.799867592890217,0.015454530715942383,0,0,1784970496.9574482,0.899260669644593,-0.8895698443935126,1.5894939639613133,1784970496.9574811,0.011262413230162343,0.08215947189714931,-0.13623084668385707,0.024048049625584343,0.07495549149720675,-0.21037362892890377,1784970496.957515,0.05508809811366012,-0.05745637811875075,1784970496.9511325,7014.5302734375,nan,nan,51.07560348510742,nan
28.76303482055664,1784970497.0099266,BSMC,square,square_bsmc_tune_p04,1784970497.0026803,0.9810269271421246,-0.8868497426059786,1.7572155734890098,0.04744057007241146,0.3645062766166074,1784970496.9542193,0.9777188180597827,-0.8959693243444509,1.799867592890217,0.05570721626281738,0,0,1784970496.9967616,0.899260669644593,-0.8895698443935126,1.5894939639613133,1784970496.9968085,0.011262413230162343,0.08215947189714931,-0.13623084668385707,0.024048049625584343,0.07495549149720675,-0.21037362892890377,1784970496.9968612,0.05508809811366012,-0.05745637811875075,1784970497.0005212,7014.57958984375,nan,nan,49.393898010253906,nan
28.80371928215027,1784970497.050611,BSMC,square,square_bsmc_tune_p04,1784970497.0026803,0.9810269271421246,-0.8868497426059786,1.7572155734890098,0.04744057007241146,0.3645062766166074,1784970497.034231,0.9775246345334118,-0.8945412781304848,1.8231541059173366,0.01638007164001465,0,0,1784970497.0365098,0.8992384043075102,-0.8883791729649231,1.5894939639613133,1784970497.0366657,0.013655865683528586,0.08065493758676229,-0.16772160952769655,0.025514041898424634,0.0742680217123072,-0.23366014195602336,1784970497.0367935,0.05723822984697999,-0.08331716222520781,1784970497.0005212,7014.57958984375,nan,nan,49.393898010253906,nan
28.84276819229126,1784970497.08966,BSMC,square,square_bsmc_tune_p04,1784970497.052695,0.9800537251907848,-0.8860561363350471,1.7876918245181668,0.04660261873413369,0.38008648376693444,1784970497.034231,0.9775246345334118,-0.8945412781304848,1.8231541059173366,0.05542898178100586,0,0,1784970497.0762525,0.8992232290102048,-0.8875676517714748,1.5894939639613133,1784970497.0762978,0.01591853290898542,0.07926193349735339,-0.1981978605568535,0.026303648384283087,0.07408008945176016,-0.23366014195602336,1784970497.076346,0.059154969272264074,-0.11976657821984861,1784970497.057807,7014.63671875,nan,nan,57.264591217041016,nan
28.88274645805359,1784970497.1296382,BSMC,square,square_bsmc_tune_p04,1784970497.1024625,0.9795350150174381,-0.8833575601271141,1.7951940518113128,0.05004717305109534,0.33984891296691966,1784970497.034231,0.9775246345334118,-0.8945412781304848,1.8231541059173366,0.09540724754333496,0,0,1784970497.1159425,0.8991726024496868,-0.8848603224859314,1.5894939639613133,1784970497.11598,0.0164170964182413,0.07868198392014988,-0.2057000878499995,0.02893786765110965,0.07345312552674489,-0.23366014195602336,1784970497.1160192,0.06013981040626603,-0.12294242862633807,1784970497.1007497,7014.6796875,nan,nan,42.94901657104492,nan
28.923126220703125,1784970497.170018,BSMC,square,square_bsmc_tune_p04,1784970497.1533122,0.9789689235452061,-0.880877331323715,1.8124693440500312,0.05004717305109534,0.33984891296691966,1784970497.152829,0.9767662142919585,-0.891027603507409,1.8284764494056658,0.01718902587890625,0,0,1784970497.1557415,0.8991260409556142,-0.8823703785673376,1.5894939639613133,1784970497.155772,0.01765892846039063,0.07787989044623687,-0.22297538008871798,0.02815705909761032,0.07287059820211624,-0.23898248544435255,1784970497.155806,0.061646265766855064,-0.14675035104172993,1784970497.1552029,7014.73388671875,nan,nan,54.37940216064453,nan
28.963654279708862,1784970497.210546,BSMC,square,square_bsmc_tune_p04,1784970497.20252,0.9779863939126375,-0.8796972553591075,1.8285544743386917,0.0533601664363608,0.32925803064118314,1784970497.152829,0.9767662142919585,-0.891027603507409,1.8284764494056658,0.057717084884643555,0,0,1784970497.1969814,0.8991260409556142,-0.8823703785673376,1.5894939639613133,1784970497.197026,0.01765892846039063,0.07787989044623687,-0.22297538008871798,0.02815705909761032,0.07287059820211624,-0.23898248544435255,1784970497.1970718,0.061646265766855064,-0.14675035104172993,1784970497.2020693,7014.78076171875,nan,nan,46.896244049072266,nan
29.003055810928345,1784970497.2499475,BSMC,square,square_bsmc_tune_p04,1784970497.20252,0.9779863939126375,-0.8796972553591075,1.8285544743386917,0.0533601664363608,0.32925803064118314,1784970497.2340705,0.9760413290584944,-0.8885336821349468,1.8350749705217129,0.01587700843811035,0,0,1784970497.236136,0.8991036380116542,-0.881172348409952,1.5894939639613133,1784970497.2361763,0.01868191010970978,0.07665279716158765,-0.2390605103773784,0.02720288388121998,0.07234362892732606,-0.24558100656039963,1784970497.2362194,0.0626598847617606,-0.16877972844036682,1784970497.2020693,7014.78076171875,nan,nan,46.896244049072266,nan
29.042918920516968,1784970497.2898107,BSMC,square,square_bsmc_tune_p04,1784970497.2537694,0.9770810813063795,-0.8784298335425099,1.8398274801693633,0.0553198114172579,0.31115515254186465,1784970497.2340705,0.9760413290584944,-0.8885336821349468,1.8350749705217129,0.0557401180267334,0,0,1784970497.2763624,0.8990796292793092,-0.8798884463727379,1.5894939639613133,1784970497.2764018,0.019326451179374433,0.0755833470715019,-0.25033351620805,0.028448481747865163,0.07203143217045593,-0.24558100656039963,1784970497.2764454,0.06340935365504548,-0.18351328637050343,1784970497.2567885,7014.8359375,nan,nan,54.7881965637207,nan
29.08273935317993,1784970497.329631,BSMC,square,square_bsmc_tune_p04,1784970497.3025255,0.9763368821612681,-0.8755679716116908,1.8490650759741245,0.05717563587911074,0.2911528945519226,1784970497.2340705,0.9760413290584944,-0.8885336821349468,1.8350749705217129,0.09556055068969727,0,0,1784970497.3161373,0.8990258715509823,-0.8770136733142041,1.5894939639613133,1784970497.316181,0.019846581215042135,0.07473416641049198,-0.25957111201281124,0.031237488295879287,0.0713323953283933,-0.24558100656039963,1784970497.3162262,0.06447084753607658,-0.1956999497234223,1784970497.3019524,7014.880859375,nan,nan,45.210365295410156,nan
29.122819423675537,1784970497.3697112,BSMC,square,square_bsmc_tune_p04,1784970497.3527093,0.9754984191747127,-0.8724370799152801,1.858095020525,0.05967671784272994,0.27385831981896297,1784970497.3530571,0.9755317344537667,-0.8859551297530387,1.8401640673549284,0.016654014587402344,0,0,1784970497.3581026,0.8990258715509823,-0.8770136733142041,1.5894939639613133,1784970497.3581321,0.019846581215042135,0.07473416641049198,-0.25957111201281124,0.028978917238089125,0.07136749300245314,-0.2506701033936152,1784970497.3581696,0.06447084753607658,-0.1956999497234223,1784970497.357887,7014.93115234375,nan,nan,50.0941276550293,nan
29.16278839111328,1784970497.4096801,BSMC,square,square_bsmc_tune_p04,1784970497.4024699,0.974841569329548,-0.8717342642112703,1.857856551513598,0.05987530155866276,0.23514112096750459,1784970497.3530571,0.9755317344537667,-0.8859551297530387,1.8401640673549284,0.056622982025146484,0,0,1784970497.3964067,0.8989670518230589,-0.8738682024320157,1.5894939639613133,1784970497.3964412,0.02031366811105747,0.07380008935120264,-0.2686010565636867,0.032026613612276086,0.07058711255558393,-0.2506701033936152,1784970497.3964806,0.06557549366670887,-0.20850806107462116,1784970497.4011204,7014.97998046875,nan,nan,49.07473373413086,nan
29.203038930892944,1784970497.4499307,BSMC,square,square_bsmc_tune_p04,1784970497.4024699,0.974841569329548,-0.8717342642112703,1.857856551513598,0.05987530155866276,0.23514112096750459,1784970497.3530571,0.9755317344537667,-0.8859551297530387,1.8401640673549284,0.09687352180480957,0,0,1784970497.436081,0.898953684283537,-0.8731533537270468,1.5894939639613133,1784970497.436121,0.02012541741325887,0.07318437323467678,-0.2683625875522848,0.03271924180303845,0.07040976106427425,-0.2506701033936152,1784970497.436163,0.06560051905244005,-0.20298673249794988,1784970497.4011204,7014.97998046875,nan,nan,49.07473373413086,nan
29.243056774139404,1784970497.4899485,BSMC,square,square_bsmc_tune_p04,1784970497.4526129,0.9739938163270291,-0.8688626085882418,1.8696152221479172,0.05987530155866276,0.23514112096750459,1784970497.4588077,0.9748044925158678,-0.8833515829805106,1.8439114994521106,0.031140804290771484,0,0,1784970497.4772902,0.8988997072806035,-0.8702668546385801,1.5894939639613133,1784970497.4773352,0.020765061855379113,0.07217970162440838,-0.28012125818660394,0.03307373061663842,0.06956202182579041,-0.2544175354907974,1784970497.477379,0.06677405337833461,-0.22309173629162987,1784970497.451268,7015.0302734375,nan,nan,50.09645462036133,nan
29.28281855583191,1784970497.5297103,BSMC,square,square_bsmc_tune_p04,1784970497.5026958,0.9734287153692514,-0.8683530156568046,1.8705059569297706,0.060014158130900476,0.2125467862058166,1784970497.4588077,0.9748044925158678,-0.8833515829805106,1.8439114994521106,0.07090258598327637,0,0,1784970497.5161252,0.8988899837802283,-0.8697468762506679,1.5894939639613133,1784970497.5161772,0.020675297884508972,0.07162749061388624,-0.28101199296845736,0.033577058908752684,0.06943112988290379,-0.2544175354907974,1784970497.516237,0.0668233996378963,-0.22178399767258533,1784970497.503768,7015.08251953125,nan,nan,52.50608444213867,nan
29.322896480560303,1784970497.5697882,BSMC,square,square_bsmc_tune_p04,1784970497.5525477,0.9725116657168095,-0.8652318906470864,1.8760360225616424,0.06183350045154791,0.19653608984292664,1784970497.55505,0.9733390048659399,-0.8776949791864508,1.8604367190930755,0.014738321304321289,0,0,1784970497.5558977,0.898831319152885,-0.8666096995985977,1.5894939639613133,1784970497.5559316,0.020828430690203948,0.07068853020306932,-0.2865420586003291,0.031903502889430405,0.068238150306411,-0.27094275513176225,1784970497.5559678,0.06774231697837016,-0.23044314492992257,1784970497.5528708,7015.130859375,nan,nan,48.2034797668457,nan
29.363110065460205,1784970497.6100018,BSMC,square,square_bsmc_tune_p04,1784970497.602592,0.9718608256899877,-0.864277511696219,1.877334434111512,0.061871764134293954,0.17595699342979898,1784970497.55505,0.9733390048659399,-0.8776949791864508,1.8604367190930755,0.05495190620422363,0,0,1784970497.5964773,0.898831319152885,-0.8666096995985977,1.5894939639613133,1784970497.5965192,0.020828430690203948,0.07068853020306932,-0.2865420586003291,0.031903502889430405,0.068238150306411,-0.27094275513176225,1784970497.596564,0.06774231697837016,-0.23044314492992257,1784970497.603875,7015.18310546875,nan,nan,51.94380569458008,nan
29.40290856361389,1784970497.6498003,BSMC,square,square_bsmc_tune_p04,1784970497.602592,0.9718608256899877,-0.864277511696219,1.877334434111512,0.061871764134293954,0.17595699342979898,1784970497.6318483,0.9726415543514326,-0.8746085592431148,1.8657971037024068,0.01795196533203125,0,0,1784970497.6363413,0.8988132511720363,-0.8656434879266608,1.5894939639613133,1784970497.6363814,0.02074053178407579,0.07005458140144395,-0.28784047015019865,0.030042682097913893,0.06803255181471335,-0.27630313974109355,1784970497.6364238,0.06791643771926233,-0.23319500026389808,1784970497.603875,7015.18310546875,nan,nan,51.94380569458008,nan
29.442758083343506,1784970497.6896498,BSMC,square,square_bsmc_tune_p04,1784970497.6525102,0.9712079651908655,-0.8630809749548369,1.8787721358668095,0.06257515290956561,0.15791744236966018,1784970497.6318483,0.9726415543514326,-0.8746085592431148,1.8657971037024068,0.05780148506164551,0,0,1784970497.6771853,0.8987906557616107,-0.8644351653438499,1.5894939639613133,1784970497.6772294,0.02066140676564975,0.06942050710738507,-0.2892781719054962,0.031205376863865257,0.06770286272188135,-0.27630313974109355,1784970497.677281,0.0681667752358252,-0.2362547488995889,1784970497.6543224,7015.2333984375,nan,nan,50.299964904785156,nan
29.48316502571106,1784970497.7300568,BSMC,square,square_bsmc_tune_p04,1784970497.702507,0.9701896794760788,-0.8597920305774434,1.883271234177313,0.06483342098235963,0.14646805047372818,1784970497.6318483,0.9726415543514326,-0.8746085592431148,1.8657971037024068,0.09820842742919922,0,0,1784970497.716738,0.8987288186517273,-0.8611283355531683,1.5894939639613133,1784970497.7167752,0.020696519308799517,0.06841121566852894,-0.29377727021599975,0.034387336502965424,0.06680059893127692,-0.27630313974109355,1784970497.7168183,0.06907975793522485,-0.245181951488176,1784970497.7059608,7015.28466796875,nan,nan,51.65611267089844,nan
29.52314257621765,1784970497.7700343,BSMC,square,square_bsmc_tune_p04,1784970497.7527237,0.9692546031487412,-0.8567581306827491,1.8857087247518949,0.06428502829460046,0.13104634441898877,1784970497.7547312,0.9713554516401002,-0.8691385865542285,1.8764852086487316,0.01530313491821289,0,0,1784970497.7562397,0.8986717782464314,-0.8580780165479572,1.5894939639613133,1784970497.7562926,0.020606864173919753,0.06752062217430262,-0.2962147607905816,0.032421965875106255,0.0659853674359292,-0.2869912446874183,1784970497.756349,0.06985956987790909,-0.2506492438721516,1784970497.7540934,7015.33203125,nan,nan,47.01278305053711,nan
29.562730073928833,1784970497.8096218,BSMC,square,square_bsmc_tune_p04,1784970497.8028755,0.9687566992469006,-0.8558656734410689,1.8855066266079308,0.06293335455367213,0.11309752915366178,1784970497.7547312,0.9713554516401002,-0.8691385865542285,1.8764852086487316,0.05489063262939453,0,0,1784970497.796506,0.8986717782464314,-0.8580780165479572,1.5894939639613133,1784970497.7965455,0.020606864173919753,0.06752062217430262,-0.2962147607905816,0.032421965875106255,0.0659853674359292,-0.2869912446874183,1784970497.796591,0.06985956987790909,-0.2506492438721516,1784970497.7540934,7015.33203125,nan,nan,47.01278305053711,nan
29.603580713272095,1784970497.8504725,BSMC,square,square_bsmc_tune_p04,1784970497.8028755,0.9687566992469006,-0.8558656734410689,1.8855066266079308,0.06293335455367213,0.11309752915366178,1784970497.8453596,0.9702371437024416,-0.8648442026954071,1.8779531809736683,0.005112886428833008,0,0,1784970497.8363457,0.8986549212458982,-0.8571765638175526,1.5894939639613133,1784970497.836386,0.020452867901074385,0.06706458012320796,-0.2960126626466175,0.028951640218707407,0.0659136540211949,-0.288459217012355,1784970497.8364277,0.06999585633075615,-0.25087909468798725,1784970497.8109288,7015.3896484375,nan,nan,58.03459167480469,nan
29.642756462097168,1784970497.8896482,BSMC,square,square_bsmc_tune_p04,1784970497.853549,0.9681272693140439,-0.8543852061244142,1.8857519363847004,0.0650407029482021,0.09953411681664424,1784970497.8453596,0.9702371437024416,-0.8648442026954071,1.8779531809736683,0.04428863525390625,0,0,1784970497.8763478,0.8986270264322362,-0.8556848479046232,1.5894939639613133,1784970497.8763893,0.020293674062761086,0.06648413060589377,-0.29625797242338714,0.030381973411002558,0.06548922329123438,-0.288459217012355,1784970497.876436,0.07029990120501146,-0.2521121959236032,1784970497.853109,7015.43212890625,nan,nan,42.01884841918945,nan
29.68334197998047,1784970497.9302337,BSMC,square,square_bsmc_tune_p04,1784970497.9027774,0.9670177839874712,-0.8508845122824934,1.88694855887987,0.06843755886399613,0.08705726849540346,1784970497.8453596,0.9702371437024416,-0.8648442026954071,1.8779531809736683,0.08487415313720703,0,0,1784970497.9160829,0.8985611991505775,-0.8521646378488997,1.5894939639613133,1784970497.9161198,0.020067279282015862,0.06546179825832897,-0.29745459491855675,0.033757330101181315,0.06448763491196247,-0.288459217012355,1784970497.9161575,0.07115519045637038,-0.25586337729701036,1784970497.9109979,7015.48974609375,nan,nan,58.04879379272461,nan
29.72293186187744,1784970497.9698236,BSMC,square,square_bsmc_tune_p04,1784970497.9533658,0.9657791338625722,-0.8469675530452948,1.8871082406139545,0.07299736949871871,0.0736237330077267,1784970497.953847,0.9684884063468855,-0.8580300153069385,1.876939658291796,0.015976667404174805,0,0,1784970497.9566112,0.8984875453525115,-0.8482258933943068,1.5894939639613133,1784970497.9566453,0.019736048599770385,0.06434461663813673,-0.2976142766526413,0.03044536702967226,0.06379122959200549,-0.28744569433048284,1784970497.956681,0.07208847812901847,-0.25818380690403514,1784970497.9527922,7015.53173828125,nan,nan,41.72514343261719,nan
29.76284170150757,1784970498.0097334,BSMC,square,square_bsmc_tune_p04,1784970498.00274,0.9650340614513949,-0.8448586356895887,1.88480822471633,0.07655189325124287,0.05891595735218869,1784970497.953847,0.9684884063468855,-0.8580300153069385,1.876939658291796,0.05588650703430176,0,0,1784970497.996483,0.8984875453525115,-0.8482258933943068,1.5894939639613133,1784970497.9965215,0.019736048599770385,0.06434461663813673,-0.2976142766526413,0.03044536702967226,0.06379122959200549,-0.28744569433048284,1784970497.9965656,0.07208847812901847,-0.25818380690403514,1784970498.0030231,7015.58203125,nan,nan,50.25886154174805,nan
29.80275821685791,1784970498.04965,BSMC,square,square_bsmc_tune_p04,1784970498.00274,0.9650340614513949,-0.8448586356895887,1.88480822471633,0.07655189325124287,0.05891595735218869,1784970498.0347176,0.9672381706794203,-0.8530268497657097,1.8751350072356785,0.014932394027709961,0,0,1784970498.0361469,0.8984478623224321,-0.8461037853866986,1.5894939639613133,1784970498.0361838,0.019382670102147222,0.06371486806014298,-0.29531426075501677,0.027218780107419367,0.06355449121588028,-0.28564104327436524,1784970498.0362222,0.07248823977606093,-0.25561555402160263,1784970498.0030231,7015.58203125,nan,nan,50.25886154174805,nan
29.842875719070435,1784970498.0897675,BSMC,square,square_bsmc_tune_p04,1784970498.053018,0.9642632969151199,-0.8424879225917177,1.8823880032470068,0.07930172795441179,0.04548133462885601,1784970498.0347176,0.9672381706794203,-0.8530268497657097,1.8751350072356785,0.055049896240234375,0,0,1784970498.0764012,0.8984032764903697,-0.8437194928803998,1.5894939639613133,1784970498.0764363,0.019018707360031938,0.06306621778795643,-0.2928940392856936,0.029506863940802857,0.06288254551612293,-0.28564104327436524,1784970498.0764766,0.07297261791877678,-0.2529803130011626,1784970498.0551848,7015.63427734375,nan,nan,52.22072219848633,nan
29.88296890258789,1784970498.1298606,BSMC,square,square_bsmc_tune_p04,1784970498.1027515,0.962861148350301,-0.8380837804424843,1.882870110973354,0.0841861287434735,0.03949418439450087,1784970498.0347176,0.9672381706794203,-0.8530268497657097,1.8751350072356785,0.09514307975769043,0,0,1784970498.116169,0.8983204584932246,-0.8392906794918072,1.5894939639613133,1784970498.1162033,0.018667511542893728,0.06179386106514554,-0.29337614701204084,0.0337569701206195,0.06163440918065615,-0.28564104327436524,1784970498.1162431,0.07409517108591866,-0.25620614754826676,1784970498.1051517,7015.68408203125,nan,nan,49.936256408691406,nan
29.922781229019165,1784970498.169673,BSMC,square,square_bsmc_tune_p04,1784970498.152761,0.9615629554870602,-0.8339580635021889,1.8820719262515901,0.08496688323067546,0.03082977109375684,1784970498.1554575,0.9652764483470087,-0.8451902087029636,1.868742121971742,0.014215469360351562,0,0,1784970498.1560662,0.8982428815152215,-0.8351421372585883,1.5894939639613133,1784970498.156099,0.018266069165003333,0.06063979317015381,-0.2925779622902769,0.029283550150120914,0.06113048758637789,-0.2792481580104287,1784970498.1561453,0.07512649636478913,-0.25723681158564604,1784970498.1542897,7015.73291015625,nan,nan,48.85955047607422,nan
29.96283459663391,1784970498.2097263,BSMC,square,square_bsmc_tune_p04,1784970498.2031002,0.9610420784371164,-0.8320031891863626,1.8776067195593595,0.08282018511717014,0.017593792386390552,1784970498.1554575,0.9652764483470087,-0.8451902087029636,1.868742121971742,0.054268836975097656,0,0,1784970498.1963742,0.8982428815152215,-0.8351421372585883,1.5894939639613133,1784970498.196419,0.018266069165003333,0.06063979317015381,-0.2925779622902769,0.029283550150120914,0.06113048758637789,-0.2792481580104287,1784970498.196462,0.07512649636478913,-0.25723681158564604,1784970498.2061024,7015.78369140625,nan,nan,50.65930938720703,nan
30.002859354019165,1784970498.249751,BSMC,square,square_bsmc_tune_p04,1784970498.2031002,0.9610420784371164,-0.8320031891863626,1.8776067195593595,0.08282018511717014,0.017593792386390552,1784970498.2325284,0.9641916995996183,-0.8400991553062394,1.865442542450707,0.01722264289855957,0,0,1784970498.2360246,0.898206156424697,-0.8331782093900213,1.5894939639613133,1784970498.2360628,0.01785752618501281,0.0602564728986143,-0.2881127555980463,0.02578497686781128,0.061132040440271956,-0.2759485784893938,1784970498.2361066,0.075501979727295,-0.25105324366889004,1784970498.2061024,7015.78369140625,nan,nan,50.65930938720703,nan
30.043131351470947,1784970498.290023,BSMC,square,square_bsmc_tune_p04,1784970498.2529638,0.9604930588996236,-0.8297907284567837,1.873230868906712,0.0817874110136509,0.005270454977972657,1784970498.2325284,0.9641916995996183,-0.8400991553062394,1.865442542450707,0.0574946403503418,0,0,1784970498.2767875,0.8981646063617919,-0.8309562590744494,1.5894939639613133,1784970498.2768285,0.01745159431106648,0.05984677362551308,-0.2837369049453988,0.027923238298420354,0.06052654257325073,-0.2759485784893938,1784970498.2768748,0.07596944128079963,-0.2451419716032195,1784970498.2569866,7015.833984375,nan,nan,50.29812240600586,nan
30.082982063293457,1784970498.3298738,BSMC,square,square_bsmc_tune_p04,1784970498.3025303,0.9593074708048718,-0.8258961103102992,1.8706318806580469,0.08189276149519005,-0.00430945475439066,1784970498.2325284,0.9641916995996183,-0.8400991553062394,1.865442542450707,0.09734535217285156,0,0,1784970498.316041,0.8980913887403932,-0.8270408398043674,1.5894939639613133,1784970498.3160734,0.016987314374564716,0.05882304190773607,-0.2811379166967336,0.03169118484124162,0.0594595619122011,-0.2759485784893938,1784970498.3161082,0.07693512505257537,-0.2431811037656714,1784970498.304477,7015.8828125,nan,nan,48.93661117553711,nan
30.12312650680542,1784970498.3700182,BSMC,square,square_bsmc_tune_p04,1784970498.3527162,0.9580895320552311,-0.8218577499198336,1.8679312659645277,0.0826238489418952,-0.012030506756275245,1784970498.3522317,0.9624061020502408,-0.8320177170706468,1.8541786869218726,0.017786502838134766,0,0,1784970498.35602,0.8980154727965056,-0.8229811237971332,1.5894939639613133,1784970498.356056,0.016514450439770942,0.05777047248691502,-0.2784373020032145,0.026680093025972604,0.05929574849690604,-0.26468472296055934,1784970498.3560948,0.07795661347305884,-0.24116865073625543,1784970498.3641605,7015.9423828125,nan,nan,59.644989013671875,nan
30.162789583206177,1784970498.4096813,BSMC,square,square_bsmc_tune_p04,1784970498.403124,0.9577068881160672,-0.819719312905984,1.8610717166768371,0.08106020868848204,-0.025941913987638673,1784970498.3522317,0.9624061020502408,-0.8320177170706468,1.8541786869218726,0.0574495792388916,0,0,1784970498.3971107,0.8980154727965056,-0.8229811237971332,1.5894939639613133,1784970498.3971617,0.016514450439770942,0.05777047248691502,-0.2784373020032145,0.026680093025972604,0.05929574849690604,-0.26468472296055934,1784970498.3972108,0.07795661347305884,-0.24116865073625543,1784970498.40533,7015.98388671875,nan,nan,41.33710861206055,nan
30.20302939414978,1784970498.4499211,BSMC,square,square_bsmc_tune_p04,1784970498.403124,0.9577068881160672,-0.819719312905984,1.8610717166768371,0.08106020868848204,-0.025941913987638673,1784970498.3522317,0.9624061020502408,-0.8320177170706468,1.8541786869218726,0.09768939018249512,0,0,1784970498.4364364,0.8979753646380231,-0.8208362814270815,1.5894939639613133,1784970498.436471,0.016025883746712412,0.05755235499805474,-0.27157775271552387,0.028750603234503624,0.0587345489485149,-0.26468472296055934,1784970498.4365082,0.07838858187219283,-0.23115820177826463,1784970498.40533,7015.98388671875,nan,nan,41.33710861206055,nan
30.24266529083252,1784970498.489557,BSMC,square,square_bsmc_tune_p04,1784970498.4524949,0.9565970108003491,-0.8158720350470994,1.8565551205759243,0.08104840286336354,-0.036060393813295843,1784970498.4548607,0.9614644731238644,-0.826738258764095,1.8453793873450224,0.034696340560913086,0,0,1784970498.477236,0.8979030584273873,-0.8169696011790514,1.5894939639613133,1784970498.477282,0.015491919704206157,0.05662318536122767,-0.26706115661461105,0.0266371078719943,0.05853156920369648,-0.2558854233837091,1784970498.4773626,0.07933726768291416,-0.22612062585968834,1784970498.4666684,7016.0439453125,nan,nan,60.15398406982422,nan
30.282870531082153,1784970498.5297623,BSMC,square,square_bsmc_tune_p04,1784970498.5028095,0.956249577463815,-0.8136316489078859,1.8503027717683347,0.08211612825804888,-0.04526352149547637,1784970498.4548607,0.9614644731238644,-0.826738258764095,1.8453793873450224,0.07490158081054688,0,0,1784970498.5159645,0.8978610568136435,-0.8147235035227051,1.5894939639613133,1784970498.5160015,0.015058818270261468,0.05642378472345371,-0.2608088078070214,0.02881045151944913,0.057962977779676364,-0.2558854233837091,1784970498.51604,0.07984777180373047,-0.2171703702720403,1784970498.5053418,7016.0830078125,nan,nan,39.11564636230469,nan
30.32272505760193,1784970498.5696168,BSMC,square,square_bsmc_tune_p04,1784970498.5533721,0.9551295309476769,-0.8096224205244613,1.845450409001487,0.08219179760452085,-0.05328624287799308,1784970498.554231,0.9597842421812911,-0.8189174881667275,1.832187487380631,0.015385866165161133,0,0,1784970498.5563896,0.8977857196618074,-0.8106947392659982,1.5894939639613133,1784970498.5564487,0.014520317234093204,0.05548533993492483,-0.25595644504017373,0.023965383630814664,0.05776755820970148,-0.2426935234193177,1784970498.5565128,0.08086249556586249,-0.21173749844953943,1784970498.568388,7016.14697265625,nan,nan,63.967247009277344,nan
30.362590074539185,1784970498.6094818,BSMC,square,square_bsmc_tune_p04,1784970498.602914,0.9548688922784707,-0.8073520425459342,1.8373320568048837,0.08108992105649321,-0.06499028561231439,1784970498.554231,0.9597842421812911,-0.8189174881667275,1.832187487380631,0.05525088310241699,0,0,1784970498.5964658,0.8977857196618074,-0.8106947392659982,1.5894939639613133,1784970498.596511,0.014520317234093204,0.05548533993492483,-0.25595644504017373,0.023965383630814664,0.05776755820970148,-0.2426935234193177,1784970498.596563,0.08086249556586249,-0.21173749844953943,1784970498.6060026,7016.18505859375,nan,nan,37.87436294555664,nan
30.402966499328613,1784970498.6498582,BSMC,square,square_bsmc_tune_p04,1784970498.602914,0.9548688922784707,-0.8073520425459342,1.8373320568048837,0.08108992105649321,-0.06499028561231439,1784970498.6337678,0.9589926063936645,-0.8134141493139713,1.8236737175117932,0.01609039306640625,0,0,1784970498.6367102,0.8977431877422458,-0.808420282731302,1.5894939639613133,1784970498.6367853,0.014015881319891245,0.05538991177714968,-0.24783809284357036,0.02015908970669477,0.05805205500910096,-0.23417975355047993,1784970498.6368694,0.08135465541104084,-0.19985939495265082,1784970498.6060026,7016.18505859375,nan,nan,37.87436294555664,nan
30.442924976348877,1784970498.6898167,BSMC,square,square_bsmc_tune_p04,1784970498.6530497,0.9545202982782314,-0.8046262955038489,1.8303189055494786,0.08205392158437837,-0.07237057724262233,1784970498.6337678,0.9589926063936645,-0.8134141493139713,1.8236737175117932,0.05604887008666992,0,0,1784970498.6764877,0.8976921127356886,-0.8056889721386652,1.5894939639613133,1784970498.6765285,0.013556110166931444,0.055197860745049426,-0.24082494158816534,0.022816313655706563,0.05741815667770801,-0.23417975355047993,1784970498.676571,0.08202452429403775,-0.19007292916100746,1784970498.6722627,7016.2509765625,nan,nan,66.03556060791016,nan
30.483011484146118,1784970498.7299032,BSMC,square,square_bsmc_tune_p04,1784970498.703737,0.9534538512853638,-0.8005281015492144,1.8247741692802144,0.08263450108727292,-0.07883006389110807,1784970498.6337678,0.9589926063936645,-0.8134141493139713,1.8236737175117932,0.09613537788391113,0,0,1784970498.715959,0.8976151312618478,-0.8015722753605112,1.5894939639613133,1784970498.7159977,0.013019145715189539,0.05430980388161482,-0.23528020531890115,0.02682134526918194,0.05646272992193826,-0.23417975355047993,1784970498.7160387,0.08308159738912539,-0.18372625998132952,1784970498.7048998,7016.2841796875,nan,nan,32.977787017822266,nan
30.523780584335327,1784970498.7706723,BSMC,square,square_bsmc_tune_p04,1784970498.752735,0.9524537436852881,-0.7965569438532267,1.818356156357973,0.08294880233391765,-0.08677775101340003,1784970498.7545698,0.957694574439219,-0.8029449505979135,1.8015907991705535,0.01610255241394043,0,0,1784970498.7558866,0.8975405477019737,-0.7975838105349174,1.5894939639613133,1784970498.7559583,0.012460309036884377,0.05349069308757559,-0.22886219239665984,0.018979283175538104,0.05733267450261696,-0.2120968352092403,1784970498.7560031,0.08408382413363473,-0.176007642503171,1784970498.7566762,7016.33544921875,nan,nan,51.643516540527344,nan
30.562966108322144,1784970498.8098578,BSMC,square,square_bsmc_tune_p04,1784970498.8029873,0.9522680027002502,-0.7934412588980673,1.8088480829069273,0.08399904133762764,-0.09523627698094468,1784970498.7545698,0.957694574439219,-0.8029449505979135,1.8015907991705535,0.055288076400756836,0,0,1784970498.7965517,0.8975405477019737,-0.7975838105349174,1.5894939639613133,1784970498.7966015,0.012460309036884377,0.05349069308757559,-0.22886219239665984,0.018979283175538104,0.05733267450261696,-0.2120968352092403,1784970498.7966526,0.08408382413363473,-0.176007642503171,1784970498.8050928,7016.3837890625,nan,nan,48.37968826293945,nan
30.602819442749023,1784970498.8497112,BSMC,square,square_bsmc_tune_p04,1784970498.8029873,0.9522680027002502,-0.7934412588980673,1.8088480829069273,0.08399904133762764,-0.09523627698094468,1784970498.8435385,0.956723372639517,-0.7951711928222601,1.7911758206872532,0.006172657012939453,0,0,1784970498.8418825,0.8974822404040054,-0.7944657425932091,1.5894939639613133,1784970498.8419445,0.011923425713492766,0.053482345091413835,-0.21935411894561407,0.013638497416438324,0.05765414813170731,-0.20168185672593997,1784970498.8419995,0.08484841520622294,-0.1627710677584569,1784970498.8050928,7016.3837890625,nan,nan,48.37968826293945,nan
30.642950534820557,1784970498.8898423,BSMC,square,square_bsmc_tune_p04,1784970498.8531952,0.9521339675393892,-0.7903235507421847,1.7994622420947106,0.08261023145941786,-0.10448399421940914,1784970498.8435385,0.956723372639517,-0.7951711928222601,1.7911758206872532,0.046303749084472656,0,0,1784970498.8764129,0.8974239133601145,-0.7913466187094406,1.5894939639613133,1784970498.876462,0.011405148602688585,0.053517840779644534,-0.20996827813339738,0.016694934212824874,0.05702922417150188,-0.20168185672593997,1784970498.8765132,0.08561804887068497,-0.14998391351364068,1784970498.8561435,7016.43505859375,nan,nan,50.97028350830078,nan
30.683366775512695,1784970498.9302585,BSMC,square,square_bsmc_tune_p04,1784970498.9030964,0.9512645176711338,-0.7864846465533862,1.79211253080083,0.08112830437503521,-0.11160713636064015,1784970498.8435385,0.956723372639517,-0.7951711928222601,1.7911758206872532,0.08671998977661133,0,0,1784970498.916671,0.8973518477248696,-0.7874928035819011,1.5894939639613133,1784970498.9167023,0.010851013741148885,0.0528190104235053,-0.20261856683951684,0.020471296679086162,0.05625710305635982,-0.20168185672593997,1784970498.9167387,0.0865625074408792,-0.14130881350229757,1784970498.9060748,7016.48486328125,nan,nan,50.057655334472656,nan
30.722962141036987,1784970498.9698539,BSMC,square,square_bsmc_tune_p04,1784970498.9525018,0.950393294194268,-0.7825429199963092,1.7853421494932196,0.08131486328212467,-0.1155364114909426,1784970498.9527562,0.9554257080967581,-0.7842147499371378,1.773158369914646,0.01709771156311035,0,0,1784970498.956287,0.8972778593823555,-0.7835361688742006,1.5894939639613133,1784970498.9563649,0.010337994994235818,0.05210913373000086,-0.1958481855319063,0.012351506086096632,0.056824933609966904,-0.18366440595333278,1784970498.9564188,0.08755214285397137,-0.13371030489393024,1784970498.956497,7016.53515625,nan,nan,50.05475997924805,nan
30.762975931167603,1784970499.0098677,BSMC,square,square_bsmc_tune_p04,1784970499.0028358,0.9503402691164791,-0.7790032354008978,1.7746912599176294,0.08004588769480925,-0.12523448700904882,1784970498.9527562,0.9554257080967581,-0.7842147499371378,1.773158369914646,0.057111501693725586,0,0,1784970498.9960341,0.8972778593823555,-0.7835361688742006,1.5894939639613133,1784970498.9960668,0.010337994994235818,0.05210913373000086,-0.1958481855319063,0.012351506086096632,0.056824933609966904,-0.18366440595333278,1784970498.9961026,0.08755214285397137,-0.13371030489393024,1784970499.0089126,7016.587890625,nan,nan,52.867679595947266,nan
30.802898645401,1784970499.0497904,BSMC,square,square_bsmc_tune_p04,1784970499.0028358,0.9503402691164791,-0.7790032354008978,1.7746912599176294,0.08004588769480925,-0.12523448700904882,1784970499.0334759,0.9550485453326351,-0.7773968837717955,1.7623404718707307,0.01631450653076172,0,0,1784970499.0365155,0.8972116725328301,-0.7799967304015039,1.5894939639613133,1784970499.0365512,0.009784834523818458,0.052229223817761634,-0.18519729595631618,0.008458396999926364,0.05727406549172552,-0.17284650790941747,1784970499.0365915,0.08840716754167631,-0.12029718410193647,1784970499.0089126,7016.587890625,nan,nan,52.867679595947266,nan
30.843106985092163,1784970499.0899987,BSMC,square,square_bsmc_tune_p04,1784970499.0531359,0.9502899886465219,-0.7752691805835844,1.7646449215860576,0.07955343954739849,-0.1340911241681389,1784970499.0334759,0.9550485453326351,-0.7773968837717955,1.7623404718707307,0.05652284622192383,0,0,1784970499.0758903,0.8971418532257978,-0.7762630409568563,1.5894939639613133,1784970499.0759244,0.009263042484966812,0.052344131486374804,-0.1751509576247443,0.012137094489679711,0.056631806678170075,-0.17284650790941747,1784970499.075963,0.08932208783890874,-0.1083875335630693,1784970499.0692825,7016.64794921875,nan,nan,60.18629455566406,nan
30.883667945861816,1784970499.1305597,BSMC,square,square_bsmc_tune_p04,1784970499.1030197,0.9494869549999206,-0.7711197266239154,1.7570324410771594,0.0815161161094861,-0.1372452057885445,1784970499.0334759,0.9550485453326351,-0.7773968837717955,1.7623404718707307,0.09708380699157715,0,0,1784970499.1167011,0.8970640056133532,-0.7721000261515074,1.5894939639613133,1784970499.1167345,0.008743359139600225,0.05169797172526576,-0.16753847711584613,0.016238793985923837,0.05591569651707205,-0.17284650790941747,1784970499.1167738,0.09031608544199381,-0.10084143531994069,1784970499.1099184,7016.68896484375,nan,nan,40.79536819458008,nan
30.922776222229004,1784970499.169668,BSMC,square,square_bsmc_tune_p04,1784970499.1525624,0.9487430553672033,-0.7670764656628357,1.7488988388163955,0.08201365133994902,-0.141422594512249,1784970499.153393,0.9542740009816895,-0.7672035590406893,1.735236278415459,0.01627492904663086,0,0,1784970499.1558723,0.8969881637672678,-0.7680442726324872,1.5894939639613133,1784970499.1559105,0.008216524038569376,0.05110767249225103,-0.15940487485508226,0.008548311193572996,0.05665068684877961,-0.14574231445414565,1784970499.155985,0.09124478687917115,-0.09305832178864107,1784970499.156069,7016.73486328125,nan,nan,45.890586853027344,nan
30.962644577026367,1784970499.2095363,BSMC,square,square_bsmc_tune_p04,1784970499.2025607,0.9488651655402481,-0.7631344863821741,1.7373372738065407,0.0817488935681166,-0.1491311736235915,1784970499.153393,0.9542740009816895,-0.7672035590406893,1.735236278415459,0.05614328384399414,0,0,1784970499.196724,0.8969881637672678,-0.7680442726324872,1.5894939639613133,1784970499.1967692,0.008216524038569376,0.05110767249225103,-0.15940487485508226,0.008548311193572996,0.05665068684877961,-0.14574231445414565,1784970499.1968188,0.09124478687917115,-0.09305832178864107,1784970499.156069,7016.73486328125,nan,nan,45.890586853027344,nan
31.003043174743652,1784970499.249935,BSMC,square,square_bsmc_tune_p04,1784970499.2025607,0.9488651655402481,-0.7631344863821741,1.7373372738065407,0.0817488935681166,-0.1491311736235915,1784970499.2354949,0.9540348780287411,-0.7599779985325257,1.7197873540226427,0.014440059661865234,0,0,1784970499.236197,0.8969145179311228,-0.7641059539532525,1.5894939639613133,1784970499.2362285,0.0076539443216015555,0.05139290488550929,-0.14784330984522742,0.004396746608742705,0.05710029923648042,-0.13029339006132945,1784970499.2362597,0.09211544204123369,-0.081498911490227,1784970499.2121224,7016.791015625,nan,nan,56.17359161376953,nan
31.042935132980347,1784970499.2898269,BSMC,square,square_bsmc_tune_p04,1784970499.252748,0.9490029734847812,-0.7590649688441683,1.7264263922848573,0.0815196978486757,-0.1545405832540001,1784970499.2354949,0.9540348780287411,-0.7599779985325257,1.7197873540226427,0.05433201789855957,0,0,1784970499.2767768,0.8968384934739936,-0.7600404350418937,1.5894939639613133,1784970499.2768195,0.007121952239322705,0.05168522327899509,-0.13693242832354402,0.008428510175582144,0.05657199413731471,-0.13029339006132945,1784970499.2768695,0.09300190801862751,-0.0718152939618396,1784970499.2561245,7016.8349609375,nan,nan,44.03818893432617,nan
31.08272671699524,1784970499.3296185,BSMC,square,square_bsmc_tune_p04,1784970499.3029351,0.948426713400425,-0.755269730189089,1.7172159979645272,0.07971210876817819,-0.1593901754828987,1784970499.2354949,0.9540348780287411,-0.7599779985325257,1.7197873540226427,0.09412360191345215,0,0,1784970499.3163416,0.8967673465784657,-0.7562357508629326,1.5894939639613133,1784970499.3163817,0.006581265529727123,0.05124753965231174,-0.1277220340032139,0.012201604678526785,0.056077583928855305,-0.13029339006132945,1784970499.3164275,0.0937411961344694,-0.06455826793557787,1784970499.3062606,7016.88525390625,nan,nan,50.215858459472656,nan
31.12371826171875,1784970499.37061,BSMC,square,square_bsmc_tune_p04,1784970499.353187,0.9478920454276798,-0.7514652173522846,1.7072650858792207,0.07859200989752524,-0.1654145246963663,1784970499.3540013,0.9540497830629219,-0.7490911973159958,1.699550325565648,0.016608715057373047,0,0,1784970499.3558564,0.896696040857041,-0.7524225732371113,1.5894939639613133,1784970499.3558934,0.006016534197784635,0.050850257920033864,-0.1177711219179074,0.004060336670572316,0.05730674896264865,-0.11005636160433462,1784970499.3559341,0.09442788868510546,-0.05643065621559557,1784970499.3062606,7016.88525390625,nan,nan,50.215858459472656,nan
31.163134813308716,1784970499.4100266,BSMC,square,square_bsmc_tune_p04,1784970499.4037921,0.9482050872099314,-0.7470285210193425,1.6962165730500982,0.07997946928156027,-0.17018094252559485,1784970499.3540013,0.9540497830629219,-0.7490911973159958,1.699550325565648,0.05602526664733887,0,0,1784970499.3963215,0.896696040857041,-0.7524225732371113,1.5894939639613133,1784970499.3963614,0.006016534197784635,0.050850257920033864,-0.1177711219179074,0.004060336670572316,0.05730674896264865,-0.11005636160433462,1784970499.3964055,0.09442788868510546,-0.05643065621559557,1784970499.3929076,7016.9716796875,nan,nan,86.45858764648438,nan
31.203003883361816,1784970499.4498956,BSMC,square,square_bsmc_tune_p04,1784970499.4037921,0.9482050872099314,-0.7470285210193425,1.6962165730500982,0.07997946928156027,-0.17018094252559485,1784970499.3540013,0.9540497830629219,-0.7490911973159958,1.699550325565648,0.09589433670043945,0,0,1784970499.4362528,0.8966132138789124,-0.7479932795772987,1.5894939639613133,1784970499.4362965,0.005496534052212985,0.051307312015851335,-0.10672260908878495,0.008463602373128407,0.0568201754472831,-0.11005636160433462,1784970499.436343,0.09528252552517012,-0.04632217827269416,1784970499.4120078,7016.9912109375,nan,nan,19.305456161499023,nan
31.242929458618164,1784970499.4898212,BSMC,square,square_bsmc_tune_p04,1784970499.4527237,0.9477459637905519,-0.7432229530375367,1.686543027893479,0.07943652094832047,-0.1744308979324357,1784970499.4551463,0.9540498047513549,-0.7419927240958895,1.6828128488819156,0.034674882888793945,0,0,1784970499.4762778,0.8965419148407889,-0.744180459350776,1.5894939639613133,1784970499.4763196,0.004962375511021625,0.05097201464016529,-0.09704906393216572,0.004254346492046614,0.057392021426648336,-0.09331888492060236,1784970499.4763649,0.09589115193335894,-0.03803936345576576,1784970499.4120078,7016.9912109375,nan,nan,19.305456161499023,nan
31.28301239013672,1784970499.5299041,BSMC,square,square_bsmc_tune_p04,1784970499.5033514,0.9481813288779722,-0.7391821240988775,1.67532264618105,0.07866013315902562,-0.18066303387399965,1784970499.4551463,0.9540498047513549,-0.7419927240958895,1.6828128488819156,0.07475781440734863,0,0,1784970499.516356,0.8964665306820121,-0.7401491813292367,1.5894939639613133,1784970499.516396,0.00443394046766657,0.05153344277325998,-0.08582868221973672,0.008268785935439867,0.057016307155334074,-0.09331888492060236,1784970499.5164433,0.09651816310694937,-0.02725585760193321,1784970499.5083258,7017.08740234375,nan,nan,18.22671127319336,nan
31.3230402469635,1784970499.569932,BSMC,square,square_bsmc_tune_p04,1784970499.552996,0.9477599413285847,-0.7351295221094946,1.666092702981141,0.0798107115153133,-0.18148625096172746,1784970499.5563006,0.9541138120046764,-0.7307233999798556,1.6593134948709891,0.013631343841552734,0,0,1784970499.556042,0.8963906269590853,-0.7360901188557366,1.5894939639613133,1784970499.5560865,0.003931665228650809,0.051227641107425184,-0.07659873901982772,-0.00024288460967013953,0.05797162038762302,-0.06981953090967585,1784970499.5561328,0.09709717243165747,-0.019067407374294378,1784970499.5571673,7017.13623046875,nan,nan,48.91489791870117,nan
31.36288332939148,1784970499.609775,BSMC,square,square_bsmc_tune_p04,1784970499.6026669,0.9482681477358446,-0.7305885419782596,1.6551072096118848,0.07950564760063664,-0.1844902320317926,1784970499.5563006,0.9541138120046764,-0.7307233999798556,1.6593134948709891,0.05347442626953125,0,0,1784970499.5966756,0.8963906269590853,-0.7360901188557366,1.5894939639613133,1784970499.5967188,0.003931665228650809,0.051227641107425184,-0.07659873901982772,-0.00024288460967013953,0.05797162038762302,-0.06981953090967585,1784970499.5967677,0.09709717243165747,-0.019067407374294378,1784970499.5571673,7017.13623046875,nan,nan,48.91489791870117,nan
31.403181552886963,1784970499.6500733,BSMC,square,square_bsmc_tune_p04,1784970499.6026669,0.9482681477358446,-0.7305885419782596,1.6551072096118848,0.07950564760063664,-0.1844902320317926,1784970499.6353245,0.9543058651525973,-0.7237963723808184,1.6401705892164495,0.014748811721801758,0,0,1784970499.6374598,0.8963059187966731,-0.7315602261180834,1.5894939639613133,1784970499.6374936,0.0034075603377257836,0.051859482632776156,-0.06561324565057158,-0.003724701600296235,0.05839861128599274,-0.050676625255136276,1784970499.6375244,0.09770400607035692,-0.008113961114856693,1784970499.6102865,7017.189453125,nan,nan,53.099063873291016,nan
31.442850351333618,1784970499.689742,BSMC,square,square_bsmc_tune_p04,1784970499.652678,0.9487931893056812,-0.7260419609677444,1.6436873760327717,0.07922144911418941,-0.18737048948984583,1784970499.6353245,0.9543058651525973,-0.7237963723808184,1.6401705892164495,0.05441761016845703,0,0,1784970499.6761467,0.8962211118203728,-0.7270250491633998,1.5894939639613133,1784970499.6761916,0.002848163730417414,0.052504073717059785,-0.05419341207145845,0.0008054450107099678,0.05816884201844205,-0.050676625255136276,1784970499.6762385,0.0981973365576755,0.003433431340129621,1784970499.6102865,7017.189453125,nan,nan,53.099063873291016,nan
31.48319959640503,1784970499.7300913,BSMC,square,square_bsmc_tune_p04,1784970499.7029254,0.9484828279028907,-0.7218835882130845,1.6351979313811864,0.08090974201097921,-0.18398702301065623,1784970499.6353245,0.9543058651525973,-0.7237963723808184,1.6401705892164495,0.09476685523986816,0,0,1784970499.7161822,0.8961432697053509,-0.722862328340754,1.5894939639613133,1784970499.7162147,0.0023917108108353004,0.05229404367562819,-0.04570396741987315,0.004963548611893428,0.05795794279135694,-0.050676625255136276,1784970499.716251,0.09861120173390071,0.011402178322365149,1784970499.7131526,7017.2919921875,nan,nan,16.912067413330078,nan
31.522952556610107,1784970499.7698443,BSMC,square,square_bsmc_tune_p04,1784970499.7526877,0.9482298845711886,-0.7178331009930136,1.6258216984133145,0.08114398533035917,-0.18469759632673954,1784970499.753471,0.9546129841414046,-0.7135981354023204,1.611653709030186,0.016373395919799805,0,0,1784970499.7561297,0.8960674643959101,-0.7188085286721931,1.5894939639613133,1784970499.7561698,0.0018948569949368494,0.052137117820880256,-0.036327734452001215,-0.002814693728362565,0.05870948457883391,-0.02215974506887264,1784970499.7562075,0.09889787946450787,0.02036224138089636,1784970499.7131526,7017.2919921875,nan,nan,16.912067413330078,nan
31.563209056854248,1784970499.8101008,BSMC,square,square_bsmc_tune_p04,1784970499.8027744,0.9489206327644908,-0.7129486760680075,1.6125402574002559,0.0827055016505928,-0.1906654370648893,1784970499.753471,0.9546129841414046,-0.7135981354023204,1.611653709030186,0.05662989616394043,0,0,1784970499.7960865,0.8960674643959101,-0.7188085286721931,1.5894939639613133,1784970499.7961261,0.0018948569949368494,0.052137117820880256,-0.036327734452001215,-0.002814693728362565,0.05870948457883391,-0.02215974506887264,1784970499.7961688,0.09889787946450787,0.02036224138089636,1784970499.8074882,7017.38623046875,nan,nan,7.421657085418701,nan
31.603158950805664,1784970499.8500507,BSMC,square,square_bsmc_tune_p04,1784970499.8027744,0.9489206327644908,-0.7129486760680075,1.6125402574002559,0.0827055016505928,-0.1906654370648893,1784970499.8428762,0.955479239585837,-0.7066733114828931,1.597297905416657,0.007174491882324219,0,0,1784970499.836825,0.8959763999333924,-0.7139387235002939,1.5894939639613133,1784970499.8368752,0.0012202736155378004,0.0529394268602802,-0.0230462934389426,-0.005686126192472463,0.05967446780165204,-0.007803941455343688,1784970499.836919,0.09907459124739892,0.03424407045485359,1784970499.8074882,7017.38623046875,nan,nan,7.421657085418701,nan
31.643382787704468,1784970499.8902745,BSMC,square,square_bsmc_tune_p04,1784970499.8534768,0.9496403281468124,-0.707900541030936,1.6015692375314035,0.08603361974337033,-0.19095396454995495,1784970499.8428762,0.955479239585837,-0.7066733114828931,1.597297905416657,0.04739832878112793,0,0,1784970499.8765752,0.895882285310773,-0.7089058065608826,1.5894939639613133,1784970499.876611,0.0006492407829662308,0.0537635212272493,-0.012075273570090195,-0.0006524826490104593,0.05963518474466281,-0.007803941455343688,1784970499.8766482,0.09923519753061022,0.04600999906871683,1784970499.8628848,7017.44189453125,nan,nan,55.41020965576172,nan
31.682652473449707,1784970499.9295442,BSMC,square,square_bsmc_tune_p04,1784970499.9035585,0.9494777728730873,-0.7030536284020199,1.5932883942629725,0.09008299877155179,-0.1865947535590779,1784970499.8428762,0.955479239585837,-0.7066733114828931,1.597297905416657,0.08666801452636719,0,0,1784970499.9163892,0.8957916237945712,-0.7040575495319018,1.5894939639613133,1784970499.9164236,0.00020374347550997443,0.053695148282799865,-0.0037944303016592684,0.004196474324602675,0.059597343000111734,-0.007803941455343688,1784970499.9164774,0.09935677857557378,0.05422618549679322,1784970499.9172409,7017.49609375,nan,nan,54.41980743408203,nan
31.723170518875122,1784970499.9700623,BSMC,square,square_bsmc_tune_p04,1784970499.952635,0.9493532433320412,-0.6982456295054088,1.5857525280530917,0.09293181434297441,-0.18143184020951766,1784970499.9540987,0.9563296419185019,-0.696024670795123,1.561238003603934,0.01596355438232422,0,0,1784970499.9560013,0.8957017029959591,-0.6992489034581622,1.5894939639613133,1784970499.9560554,-0.0002007684246840911,0.05366054445398563,0.003741435908221513,-0.003803577989366018,0.06059435162405652,0.028255960357379317,1784970499.9560943,0.09938856193504421,0.06175029494677918,1784970499.9589796,7017.5380859375,nan,nan,41.72370147705078,nan
31.763016939163208,1784970500.0099087,BSMC,square,square_bsmc_tune_p04,1784970500.0030363,0.9503528704891225,-0.6932408078265576,1.5716553972858005,0.09297855944161085,-0.18501038964875471,1784970499.9540987,0.9563296419185019,-0.696024670795123,1.561238003603934,0.055809974670410156,0,0,1784970499.9960735,0.8957017029959591,-0.6992489034581622,1.5894939639613133,1784970499.996107,-0.0002007684246840911,0.05366054445398563,0.003741435908221513,-0.003803577989366018,0.06059435162405652,0.028255960357379317,1784970499.9961438,0.09938856193504421,0.06175029494677918,1784970500.0078025,7017.5869140625,nan,nan,48.83289337158203,nan
31.80288028717041,1784970500.049772,BSMC,square,square_bsmc_tune_p04,1784970500.0030363,0.9503528704891225,-0.6932408078265576,1.5716553972858005,0.09297855944161085,-0.18501038964875471,1784970500.035298,0.9573491078330432,-0.6891544861711766,1.5459575440713784,0.014473915100097656,0,0,1784970500.0375137,0.8956084958952599,-0.6942645175792643,1.5894939639613133,1784970500.0375493,-0.000976680103984801,0.05474523383186355,0.01783856667551276,-0.00664185909120518,0.06159465310606239,0.04353641988993484,1784970500.0375862,0.09896583181578301,0.07693137094243062,1784970500.0078025,7017.5869140625,nan,nan,48.83289337158203,nan
31.842934370040894,1784970500.089826,BSMC,square,square_bsmc_tune_p04,1784970500.0525458,0.951362858207772,-0.6884714460285825,1.5594065632585614,0.0931160449929562,-0.18529728098495593,1784970500.035298,0.9573491078330432,-0.6891544861711766,1.5459575440713784,0.054527997970581055,0,0,1784970500.076536,0.8955196939336086,-0.6895157029465506,1.5894939639613133,1784970500.0765777,-0.0016802158690781867,0.055827648556026586,0.030087400702751843,-0.001896714815515427,0.06180137032149856,0.04353641988993484,1784970500.0766244,0.09845451811727612,0.09025305529416804,1784970500.0611374,7017.64013671875,nan,nan,53.16824722290039,nan
31.88268804550171,1784970500.1295798,BSMC,square,square_bsmc_tune_p04,1784970500.1028214,0.9514066875207008,-0.6838184921718714,1.5516466497367114,0.09289475243202024,-0.18003346420061783,1784970500.035298,0.9573491078330432,-0.6891544861711766,1.5459575440713784,0.09428167343139648,0,0,1784970500.1157587,0.8954327302869585,-0.6848651948941674,1.5894939639613133,1784970500.1157904,-0.0021183285040719084,0.05594365164469077,0.03784731422460186,0.002750198860962386,0.062003808224281594,0.04353641988993484,1784970500.1158254,0.09806425850557751,0.09803913567016068,1784970500.107975,7017.68701171875,nan,nan,47.04974365234375,nan
31.923014402389526,1784970500.1699061,BSMC,square,square_bsmc_tune_p04,1784970500.1528113,0.9514791130965435,-0.6791459947552627,1.544275490304163,0.09309393933018896,-0.17494677566450806,1784970500.156387,0.9586801312425666,-0.6790502490939515,1.5145420783485692,0.013519048690795898,0,0,1784970500.1558352,0.895345411303213,-0.6801956846714907,1.5894939639613133,1784970500.1558762,-0.0025378590031459964,0.05608612660563165,0.04521847365715037,-0.004704591905914711,0.06317013208358398,0.07495188561274402,1784970500.1559603,0.0976644659782187,0.10545521860472748,1784970500.1667197,7017.7451171875,nan,nan,58.39081954956055,nan
31.96264672279358,1784970500.2095385,BSMC,square,square_bsmc_tune_p04,1784970500.2027807,0.9527448910332448,-0.6743755543515411,1.5301261108113078,0.09450075218077854,-0.17736287264440548,1784970500.156387,0.9586801312425666,-0.6790502490939515,1.5145420783485692,0.05315136909484863,0,0,1784970500.1967108,0.895345411303213,-0.6801956846714907,1.5894939639613133,1784970500.1967525,-0.0025378590031459964,0.05608612660563165,0.04521847365715037,-0.004704591905914711,0.06317013208358398,0.07495188561274402,1784970500.196797,0.0976644659782187,0.10545521860472748,1784970500.2089257,7017.7880859375,nan,nan,42.51866912841797,nan
32.00308179855347,1784970500.2499735,BSMC,square,square_bsmc_tune_p04,1784970500.2027807,0.9527448910332448,-0.6743755543515411,1.5301261108113078,0.09450075218077854,-0.17736287264440548,1784970500.2344081,0.9595958152019625,-0.6723779961905578,1.494718224492066,0.01556539535522461,0,0,1784970500.2366633,0.895256678593141,-0.6754505733681473,1.5894939639613133,1784970500.2367015,-0.003411543581887671,0.057396965127378075,0.05936785315000548,-0.00795376864835478,0.06391950245714752,0.09477573946924722,1784970500.236742,0.09682166630246046,0.12081203840195708,1784970500.2089257,7017.7880859375,nan,nan,42.51866912841797,nan
32.04274249076843,1784970500.2896342,BSMC,square,square_bsmc_tune_p04,1784970500.2526402,0.9539770067360311,-0.6696136829304995,1.51644392561181,0.09630323600888546,-0.1786836492144099,1784970500.2344081,0.9595958152019625,-0.6723779961905578,1.494718224492066,0.05522608757019043,0,0,1784970500.2759366,0.8951680942984578,-0.6707133987945509,1.5894939639613133,1784970500.2759702,-0.004292923922273879,0.058662324888035126,0.07305003834950319,-0.003237029383090024,0.06436787821641862,0.09477573946924722,1784970500.2760088,0.09595553017291994,0.135651523960431,1784970500.266023,7017.8447265625,nan,nan,57.01371383666992,nan
32.082701444625854,1784970500.3295932,BSMC,square,square_bsmc_tune_p04,1784970500.3029606,0.9542272725523138,-0.6646466654064832,1.5098576535986807,0.09724420725896954,-0.17050801944285976,1784970500.2344081,0.9595958152019625,-0.6723779961905578,1.494718224492066,0.0951850414276123,0,0,1784970500.316717,0.8950753319339745,-0.6657527958345275,1.5894939639613133,1784970500.3167484,-0.004706487450822139,0.05897477917987176,0.07963631036263251,0.0017021744392356547,0.06483740157556188,0.09477573946924722,1784970500.3167849,0.09554136149572579,0.14246950535324837,1784970500.3103702,7017.888671875,nan,nan,44.02592849731445,nan
32.122981548309326,1784970500.3698733,BSMC,square,square_bsmc_tune_p04,1784970500.3535073,0.9544912445122217,-0.6598255641462656,1.503954684332114,0.09668003562963612,-0.16206786028965942,1784970500.356784,0.9618169005809549,-0.6622281881623837,1.4639047414983128,0.013089179992675781,0,0,1784970500.3562522,0.8950753319339745,-0.6657527958345275,1.5894939639613133,1784970500.356293,-0.004706487450822139,0.05897477917987176,0.07963631036263251,-0.010625025420845573,0.06598460941392714,0.12558922246300044,1784970500.3563275,0.09554136149572579,0.14246950535324837,1784970500.3587496,7017.9375,nan,nan,48.75421905517578,nan
32.16300988197327,1784970500.4099016,BSMC,square,square_bsmc_tune_p04,1784970500.4029963,0.9560179564683307,-0.6557028342370199,1.4887089070251074,0.09523178146981352,-0.16515000961077234,1784970500.356784,0.9618169005809549,-0.6622281881623837,1.4639047414983128,0.05311751365661621,0,0,1784970500.3963535,0.8949853020141485,-0.6609383143444592,1.5894939639613133,1784970500.396393,-0.005084779178592934,0.05929873882548025,0.08553927962919916,-0.005847627555331656,0.06658777360323032,0.12558922246300044,1784970500.3964353,0.09515976892557165,0.14862578420728273,1784970500.3587496,7017.9375,nan,nan,48.75421905517578,nan
32.202980279922485,1784970500.449872,BSMC,square,square_bsmc_tune_p04,1784970500.4029963,0.9560179564683307,-0.6557028342370199,1.4887089070251074,0.09523178146981352,-0.16515000961077234,1784970500.356784,0.9618169005809549,-0.6622281881623837,1.4639047414983128,0.09308791160583496,0,0,1784970500.436233,0.8949087683498149,-0.6568455648339266,1.5894939639613133,1784970500.4362998,-0.00614954658881596,0.060809717829251875,0.10078505693620587,-0.0017864025166570248,0.06710051831844706,0.12558922246300044,1784970500.4363735,0.09408094737706138,0.16524787441727337,1784970500.4130092,7017.99169921875,nan,nan,54.259796142578125,nan
32.2437002658844,1784970500.490592,BSMC,square,square_bsmc_tune_p04,1784970500.4528663,0.9563598166142684,-0.6512244164375074,1.4832748430242089,0.09336687676785442,-0.15626925477633613,1784970500.4562187,0.9628860776919576,-0.6559747281028964,1.4457446835240626,0.03437328338623047,0,0,1784970500.4769418,0.8948251715344171,-0.6523751030014684,1.5894939639613133,1784970500.4769902,-0.006525012685207617,0.06119853620904365,0.1062191209371044,-0.004917446334128438,0.06797840075647062,0.14374928043725066,1784970500.4770398,0.09369439395013354,0.17100609343863804,1784970500.4593847,7018.0380859375,nan,nan,46.29490280151367,nan
32.28308153152466,1784970500.5299733,BSMC,square,square_bsmc_tune_p04,1784970500.502992,0.9578453210188173,-0.6474169649002571,1.4697598988091307,0.09320709229730897,-0.1555263115309816,1784970500.4562187,0.9628860776919576,-0.6559747281028964,1.4457446835240626,0.07375454902648926,0,0,1784970500.5157907,0.8947545170523117,-0.6485967513496556,1.5894939639613133,1784970500.5158262,-0.007537399254426747,0.06265005230393336,0.11973406515218254,-0.001177411420629805,0.0685197621019781,0.14374928043725066,1784970500.5158641,0.0926511322955783,0.18584351613955902,1784970500.5139492,7018.0927734375,nan,nan,54.64192581176758,nan
32.32280230522156,1784970500.569694,BSMC,square,square_bsmc_tune_p04,1784970500.5535076,0.9582904494704656,-0.642553647367077,1.4659058065226995,0.09446119514722788,-0.142800111833157,1784970500.5552511,0.9653549161177165,-0.6459319154136671,1.424608585263495,0.014442920684814453,0,0,1784970500.5560908,0.894663761297115,-0.6437434547527441,1.5894939639613133,1784970500.5561404,-0.007844873782057827,0.0631524270702826,0.12358815743861373,-0.008132293562941581,0.07025592168166893,0.16488537869781816,1784970500.5561788,0.09233378101103136,0.19016804226143444,1784970500.5597546,7018.138671875,nan,nan,45.680450439453125,nan
32.36303901672363,1784970500.6099308,BSMC,square,square_bsmc_tune_p04,1784970500.6031942,0.9599711713726241,-0.638192975308702,1.4531424558649433,0.09661579665050765,-0.13987115205176084,1784970500.5552511,0.9653549161177165,-0.6459319154136671,1.424608585263495,0.05467963218688965,0,0,1784970500.5964384,0.894663761297115,-0.6437434547527441,1.5894939639613133,1784970500.5964806,-0.007844873782057827,0.0631524270702826,0.12358815743861373,-0.008132293562941581,0.07025592168166893,0.16488537869781816,1784970500.596524,0.09233378101103136,0.19016804226143444,1784970500.5597546,7018.138671875,nan,nan,45.680450439453125,nan
32.402979135513306,1784970500.6498709,BSMC,square,square_bsmc_tune_p04,1784970500.6031942,0.9599711713726241,-0.638192975308702,1.4531424558649433,0.09661579665050765,-0.13987115205176084,1784970500.636219,0.9672955760170524,-0.6383542914609068,1.407129580958077,0.013651847839355469,0,0,1784970500.6364841,0.894582833549501,-0.6394157252193444,1.5894939639613133,1784970500.636522,-0.0088897513427563,0.06479276318910018,0.13635150809636998,-0.012894848211587293,0.0715680965820395,0.1823643830032362,1784970500.636566,0.09124887145714157,0.20445458154346483,1784970500.619253,7018.1982421875,nan,nan,59.656436920166016,nan
32.442753314971924,1784970500.689645,BSMC,square,square_bsmc_tune_p04,1784970500.6526551,0.9616732926764138,-0.633681919661439,1.4407557272826634,0.0992088489050198,-0.13691880299402337,1784970500.636219,0.9672955760170524,-0.6383542914609068,1.407129580958077,0.05342602729797363,0,0,1784970500.676689,0.8944991021197984,-0.6349380646902785,1.5894939639613133,1784970500.676727,-0.009956311749791232,0.06644412414661598,0.14873823667864983,-0.008490667990499242,0.07238028581248522,0.1823643830032362,1784970500.6767685,0.0901343302957463,0.218736444903717,1784970500.660143,7018.23876953125,nan,nan,40.62959671020508,nan
32.483439683914185,1784970500.7303314,BSMC,square,square_bsmc_tune_p04,1784970500.702507,0.9622900173215349,-0.6287363605677171,1.4370292014950798,0.0994754991026604,-0.1264180326751953,1784970500.636219,0.9672955760170524,-0.6383542914609068,1.407129580958077,0.09411239624023438,0,0,1784970500.7158358,0.8944068689834306,-0.6300057629768909,1.5894939639613133,1784970500.7158706,-0.010311539405543708,0.06710741662333161,0.15246476246623342,-0.0036393074397092252,0.07327494102516122,0.1823643830032362,1784970500.7159061,0.08976581986229167,0.22344866539989433,1784970500.7199879,7018.298828125,nan,nan,60.16875457763672,nan
32.52279210090637,1784970500.7696838,BSMC,square,square_bsmc_tune_p04,1784970500.7527537,0.9629111487434517,-0.6237568421062766,1.4347679777358673,0.09961297061983822,-0.11333245733422058,1784970500.7567239,0.9702505562749844,-0.6258199851430083,1.3871336274123767,0.012959957122802734,0,0,1784970500.7560358,0.8943140025755419,-0.6250395961437631,1.5894939639613133,1784970500.7560678,-0.010573310787754121,0.06778951998124659,0.15472598622544598,-0.01310117226390448,0.07480192831772416,0.2023603365489366,1784970500.7561023,0.08950086610234916,0.22666163450628188,1784970500.7604172,7018.33935546875,nan,nan,40.2658805847168,nan
32.56292986869812,1784970500.8098216,BSMC,square,square_bsmc_tune_p04,1784970500.803073,0.9648381311329416,-0.619207373940294,1.4216886977216883,0.09964014380551554,-0.11290953735045646,1784970500.7567239,0.9702505562749844,-0.6258199851430083,1.3871336274123767,0.05309772491455078,0,0,1784970500.7961974,0.8943140025755419,-0.6250395961437631,1.5894939639613133,1784970500.7962365,-0.010573310787754121,0.06778951998124659,0.15472598622544598,-0.01310117226390448,0.07480192831772416,0.2023603365489366,1784970500.7962806,0.08950086610234916,0.22666163450628188,1784970500.7604172,7018.33935546875,nan,nan,40.2658805847168,nan
32.602962017059326,1784970500.8498538,BSMC,square,square_bsmc_tune_p04,1784970500.803073,0.9648381311329416,-0.619207373940294,1.4216886977216883,0.09964014380551554,-0.11290953735045646,1784970500.8426647,0.9723690877435601,-0.6186066685575365,1.3790570095191574,0.007189035415649414,0,0,1784970500.83611,0.8942296316925276,-0.6205277399146505,1.5894939639613133,1784970500.8361483,-0.011795011895203565,0.06962888232569292,0.167805266239625,-0.01677663875963248,0.07634140095019983,0.2104369544421558,1784970500.8362005,0.08821575984377013,0.24364281908808985,1784970500.810293,7018.38916015625,nan,nan,49.93693542480469,nan
32.6430766582489,1784970500.8899684,BSMC,square,square_bsmc_tune_p04,1784970500.8529985,0.9666658847300723,-0.6148694436292852,1.4113777015110176,0.09919330178602334,-0.10893130913340837,1784970500.8426647,0.9723690877435601,-0.6186066685575365,1.3790570095191574,0.04730367660522461,0,0,1784970500.8765836,0.894149180459288,-0.6162254926835836,1.5894939639613133,1784970500.8766224,-0.012850462435162234,0.07138190865013719,0.17811626245029566,-0.01256856469403649,0.07724024259176453,0.2104369544421558,1784970500.8766677,0.08710951223212142,0.2580454531684786,1784970500.8635333,7018.4423828125,nan,nan,53.110355377197266,nan
32.682751178741455,1784970500.929643,BSMC,square,square_bsmc_tune_p04,1784970500.9029982,0.9673879769956419,-0.6101156195537838,1.4102786509608827,0.09803575552945114,-0.09413757094275027,1784970500.8426647,0.9723690877435601,-0.6186066685575365,1.3790570095191574,0.08697819709777832,0,0,1784970500.9162471,0.8940605683116354,-0.6114868286317472,1.5894939639613133,1784970500.916286,-0.013073446398360247,0.07216560176369356,0.1792153130004306,-0.007933626664880017,0.07823026207377362,0.2104369544421558,1784970500.9163296,0.08689375437541037,0.2602454131549783,1784970500.9112926,7018.490234375,nan,nan,47.93671798706055,nan
32.722917318344116,1784970500.969809,BSMC,square,square_bsmc_tune_p04,1784970500.952851,0.9680567799480053,-0.6057056492338722,1.409438213855158,0.09505039904481169,-0.08200737803270812,1784970500.9569333,0.9755271452255687,-0.6066041549041841,1.3695430515302625,0.012875795364379883,0,0,1784970500.9561837,0.8939783652905361,-0.607090901985639,1.5894939639613133,1784970500.956224,-0.013268609407660186,0.0728935830353892,0.18005575010615527,-0.016778317576739775,0.0798055667914698,0.2199509124310508,1784970500.9562669,0.08670699475540639,0.26206706210416114,1784970500.9612527,7018.53955078125,nan,nan,49.385066986083984,nan
32.762747287750244,1784970501.009639,BSMC,square,square_bsmc_tune_p04,1784970501.0024664,0.9700073175513696,-0.6014214917654835,1.399617169576694,0.09392546837895649,-0.08002413922233331,1784970500.9569333,0.9755271452255687,-0.6066041549041841,1.3695430515302625,0.05270576477050781,0,0,1784970500.9960382,0.8939783652905361,-0.607090901985639,1.5894939639613133,1784970500.9960747,-0.013268609407660186,0.0728935830353892,0.18005575010615527,-0.016778317576739775,0.0798055667914698,0.2199509124310508,1784970500.9961157,0.08670699475540639,0.26206706210416114,1784970500.9612527,7018.53955078125,nan,nan,49.385066986083984,nan
32.80328702926636,1784970501.0501788,BSMC,square,square_bsmc_tune_p04,1784970501.0024664,0.9700073175513696,-0.6014214917654835,1.399617169576694,0.09392546837895649,-0.08002413922233331,1784970501.0349526,0.9777141740517871,-0.5979103537371213,1.3630833637308628,0.015226125717163086,0,0,1784970501.0362153,0.8938989621685689,-0.6028447040360753,1.5894939639613133,1784970501.0362518,-0.014367042853788505,0.07475356427541938,0.18987679438461935,-0.02211287487110735,0.0809960389206552,0.22641060023045043,1784970501.0362873,0.0855597519027021,0.2764789855283311,1784970501.010847,7018.58984375,nan,nan,50.13814926147461,nan
32.842811822891235,1784970501.0897036,BSMC,square,square_bsmc_tune_p04,1784970501.0527642,0.9719335381422671,-0.5966052295817993,1.3915459350021613,0.09472906879989616,-0.0760928976067517,1784970501.0349526,0.9777141740517871,-0.5979103537371213,1.3630833637308628,0.054750919342041016,0,0,1784970501.0761619,0.8938096037640765,-0.5980661328095028,1.5894939639613133,1784970501.0761967,-0.015366370609381787,0.07661173549309323,0.19794802895915198,-0.017455446217186005,0.08206892578585201,0.22641060023045043,1784970501.0762384,0.08452481165799278,0.28888855073593067,1784970501.0612988,7018.64013671875,nan,nan,50.46243667602539,nan
32.88279914855957,1784970501.129691,BSMC,square,square_bsmc_tune_p04,1784970501.1032305,0.9727763232679915,-0.5916582411362169,1.3926568606761245,0.09644093223633302,-0.059400885653167264,1784970501.0349526,0.9777141740517871,-0.5979103537371213,1.3630833637308628,0.09473824501037598,0,0,1784970501.1161733,0.893717422930339,-0.5931366280556833,1.5894939639613133,1784970501.116207,-0.015464133051296843,0.07754583121905594,0.19683710328518877,-0.01265091038387834,0.08317570031144429,0.22641060023045043,1784970501.1162484,0.08446056742682503,0.28841070188621465,1784970501.1111453,7018.68994140625,nan,nan,49.851783752441406,nan
32.92313814163208,1784970501.1700299,BSMC,square,square_bsmc_tune_p04,1784970501.1524954,0.9735683489567009,-0.5868829809130697,1.39487388277429,0.09704868376852727,-0.04324682996856821,1784970501.15598,0.9810496703033362,-0.5862590111277936,1.3600381492490181,0.014049768447875977,0,0,1784970501.1560998,0.8936284345167737,-0.5883778426344761,1.5894939639613133,1784970501.1561434,-0.015462586820845843,0.07844445768208747,0.19462008118702334,-0.02036058874205957,0.0850435673021787,0.22945581471229512,1784970501.1561878,0.08450504502749426,0.28646786427511445,1784970501.1612785,7018.740234375,nan,nan,50.07588577270508,nan
32.96275591850281,1784970501.2096477,BSMC,square,square_bsmc_tune_p04,1784970501.2025955,0.9755627076259574,-0.5823792059814171,1.3872988228816154,0.09463397443319561,-0.04265587069288315,1784970501.15598,0.9810496703033362,-0.5862590111277936,1.3600381492490181,0.053667545318603516,0,0,1784970501.1963263,0.8936284345167737,-0.5883778426344761,1.5894939639613133,1784970501.1963649,-0.015462586820845843,0.07844445768208747,0.19462008118702334,-0.02036058874205957,0.0850435673021787,0.22945581471229512,1784970501.1964166,0.08450504502749426,0.28646786427511445,1784970501.1612785,7018.740234375,nan,nan,50.07588577270508,nan
33.002835273742676,1784970501.249727,BSMC,square,square_bsmc_tune_p04,1784970501.2025955,0.9755627076259574,-0.5823792059814171,1.3872988228816154,0.09463397443319561,-0.04265587069288315,1784970501.2374792,0.9831619975023023,-0.5786859960844243,1.362895599230524,0.012247800827026367,0,0,1784970501.2366698,0.8935449413422798,-0.5839129231507656,1.5894939639613133,1784970501.2367086,-0.016473706617578212,0.08036095609683525,0.20219514107969783,-0.02361189633520347,0.08660840532420094,0.2265983647307892,1784970501.2367513,0.08346594914522944,0.29833930099386147,1784970501.21135,7018.79052734375,nan,nan,50.13127517700195,nan
33.04302930831909,1784970501.289921,BSMC,square,square_bsmc_tune_p04,1784970501.2527893,0.9774124361999035,-0.5778785150333805,1.3831831295888948,0.09265703940712017,-0.03698569375010167,1784970501.2374792,0.9831619975023023,-0.5786859960844243,1.362895599230524,0.05244183540344238,0,0,1784970501.2765505,0.8934614552605281,-0.5794483829618122,1.5894939639613133,1784970501.2765903,-0.017200396183497807,0.0821850233140248,0.20631083437241848,-0.019260725939637624,0.08761160281890347,0.2265983647307892,1784970501.2766328,0.08274298141972053,0.305631014337153,1784970501.2628725,7018.84130859375,nan,nan,51.25444030761719,nan
33.08277416229248,1784970501.329666,BSMC,square,square_bsmc_tune_p04,1784970501.3027186,0.9781734582176537,-0.5736670907554652,1.385311875211603,0.09008226297308564,-0.02353428828991956,1784970501.2374792,0.9831619975023023,-0.5786859960844243,1.362895599230524,0.09218668937683105,0,0,1784970501.3161695,0.8933829959522955,-0.5752526568305465,1.5894939639613133,1784970501.3162053,-0.01719565462157946,0.0830436389682372,0.20418208874971033,-0.01517154350256666,0.0885543968727587,0.2265983647307892,1784970501.3162448,0.08279053962158078,0.30371468240881283,1784970501.3123343,7018.89111328125,nan,nan,49.74119186401367,nan
33.12294054031372,1784970501.3698323,BSMC,square,square_bsmc_tune_p04,1784970501.3525977,0.9788963071695991,-0.5694699022780927,1.3893191350662937,0.0884308134241252,-0.007254792307492149,1784970501.3573525,0.9863725808986611,-0.5658140051222755,1.374412944136083,0.012479782104492188,0,0,1784970501.3559427,0.8933047894140523,-0.5710704479437503,1.5894939639613133,1784970501.3559766,-0.017022050265229616,0.08389707660517097,0.20017482889501959,-0.023315121503280814,0.09025324987082348,0.2150810198252302,1784970501.3560145,0.08302377873898834,0.2993582149676227,1784970501.3668041,7018.9453125,nan,nan,54.108036041259766,nan
33.162802934646606,1784970501.4096947,BSMC,square,square_bsmc_tune_p04,1784970501.4025946,0.9807446272501826,-0.5646289295195589,1.3906453250960928,0.08803707062238618,0.0071250486785361215,1784970501.3573525,0.9863725808986611,-0.5658140051222755,1.374412944136083,0.05234217643737793,0,0,1784970501.3963065,0.8933047894140523,-0.5710704479437503,1.5894939639613133,1784970501.3963418,-0.017022050265229616,0.08389707660517097,0.20017482889501959,-0.023315121503280814,0.09025324987082348,0.2150810198252302,1784970501.3963828,0.08302377873898834,0.2993582149676227,1784970501.3668041,7018.9453125,nan,nan,54.108036041259766,nan
33.202850341796875,1784970501.449742,BSMC,square,square_bsmc_tune_p04,1784970501.4025946,0.9807446272501826,-0.5646289295195589,1.3906453250960928,0.08803707062238618,0.0071250486785361215,1784970501.3573525,0.9863725808986611,-0.5658140051222755,1.374412944136083,0.09238958358764648,0,0,1784970501.4363337,0.8932149418569015,-0.5662657185641543,1.5894939639613133,1784970501.4363692,-0.017293705961522823,0.08581988486090893,0.1988486388652204,-0.01862027674700702,0.09127888611685184,0.2150810198252302,1784970501.4364202,0.08281100558714896,0.2996305760892996,1784970501.412128,7018.9912109375,nan,nan,45.619651794433594,nan
33.24324178695679,1784970501.4901335,BSMC,square,square_bsmc_tune_p04,1784970501.452904,0.9814033278085852,-0.5606712268372889,1.396107167108465,0.0851014806286149,0.023231933512529206,1784970501.4549463,0.9884803901670385,-0.5563053080492022,1.3836635979761818,0.0351872444152832,0,0,1784970501.4764245,0.8931411896698296,-0.5623217126137312,1.5894939639613133,1784970501.4764621,-0.016965505744324583,0.08663198454937013,0.1933867968528482,-0.023648506860894345,0.09255543419260329,0.2058303659851315,1784970501.476503,0.08320625270970387,0.29344134956800894,1784970501.4624202,7019.041015625,nan,nan,50.24052429199219,nan
33.282853841781616,1784970501.5297456,BSMC,square,square_bsmc_tune_p04,1784970501.5026407,0.9831021134301212,-0.5560141062922164,1.3990669650665324,0.08352421513911434,0.036576173713135346,1784970501.4549463,0.9884803901670385,-0.5563053080492022,1.3836635979761818,0.0747992992401123,0,0,1784970501.5161479,0.8930547266421205,-0.5576979758905913,1.5894939639613133,1784970501.5161815,-0.017046986348194654,0.08843510355405598,0.19042699889478087,-0.019121578479902535,0.0935005990319005,0.2058303659851315,1784970501.5162187,0.08319100231927232,0.2915600652891582,1784970501.5123634,7019.09130859375,nan,nan,49.917144775390625,nan
33.32297325134277,1784970501.569865,BSMC,square,square_bsmc_tune_p04,1784970501.553321,0.9837198996845132,-0.5520606899640479,1.4067461673213444,0.08185649609735757,0.055027970580756605,1784970501.5549405,0.9912262056344795,-0.542969779169324,1.3983110791080777,0.01492452621459961,0,0,1784970501.5560365,0.8929810402790237,-0.5537574899734012,1.5894939639613133,1784970501.5560677,-0.01649306422288105,0.08924347914005179,0.18274779663996887,-0.027489574983279808,0.09493582299296664,0.19118288485323554,1784970501.556099,0.08382090771878363,0.28277474150012344,1784970501.5694995,7019.1484375,nan,nan,57.04768371582031,nan
33.36284255981445,1784970501.6097343,BSMC,square,square_bsmc_tune_p04,1784970501.6025546,0.9854036835030887,-0.5467849598545288,1.41225473305447,0.08049725575871877,0.06988692344592692,1784970501.5549405,0.9912262056344795,-0.542969779169324,1.3983110791080777,0.0547938346862793,0,0,1784970501.5962987,0.8929810402790237,-0.5537574899734012,1.5894939639613133,1784970501.5963387,-0.01649306422288105,0.08924347914005179,0.18274779663996887,-0.027489574983279808,0.09493582299296664,0.19118288485323554,1784970501.5963836,0.08382090771878363,0.28277474150012344,1784970501.5694995,7019.1484375,nan,nan,57.04768371582031,nan
33.403156995773315,1784970501.6500487,BSMC,square,square_bsmc_tune_p04,1784970501.6025546,0.9854036835030887,-0.5467849598545288,1.41225473305447,0.08049725575871877,0.06988692344592692,1784970501.6356378,0.9927461645830236,-0.5344478703767945,1.4136077264798685,0.014410972595214844,0,0,1784970501.6367197,0.8928830081656856,-0.5485150794946306,1.5894939639613133,1784970501.636795,-0.016315424656451402,0.09108718678902035,0.17723923090684335,-0.029526565791115775,0.09642986204792352,0.17588623748144472,1784970501.63684,0.08407584651463942,0.2779665891587356,1784970501.613262,7019.1923828125,nan,nan,44.001922607421875,nan
33.443095684051514,1784970501.6899874,BSMC,square,square_bsmc_tune_p04,1784970501.6530836,0.9869273043496014,-0.5415072458890935,1.4193735428913132,0.07838986148678437,0.08408251857713546,1784970501.6356378,0.9927461645830236,-0.5344478703767945,1.4136077264798685,0.054349660873413086,0,0,1784970501.6769505,0.8927848829808618,-0.5432676918821954,1.5894939639613133,1784970501.6769938,-0.015941195640855662,0.09279963875362833,0.17012042107000003,-0.02435923242854182,0.09734821450045242,0.17588623748144472,1784970501.6770465,0.08452818650044827,0.27126175679639025,1784970501.66339,7019.2421875,nan,nan,49.985050201416016,nan
33.483033418655396,1784970501.7299252,BSMC,square,square_bsmc_tune_p04,1784970501.7026944,0.9874307813362588,-0.5379713607844268,1.4272611727133007,0.07603278568849212,0.09669851749493097,1784970501.6356378,0.9927461645830236,-0.5344478703767945,1.4136077264798685,0.09428739547729492,0,0,1784970501.71659,0.8927189616876403,-0.5397424544208089,1.5894939639613133,1784970501.7166305,-0.015300724620198002,0.09348450876973223,0.1622327912480126,-0.020887776060033943,0.09796517110963045,0.17588623748144472,1784970501.7166762,0.08522227218769941,0.26284717371357,1784970501.7128704,7019.29150390625,nan,nan,49.500244140625,nan
33.52289152145386,1784970501.7697833,BSMC,square,square_bsmc_tune_p04,1784970501.7532485,0.9879161156525073,-0.5342397930483858,1.437006327319999,0.07546107974337271,0.11197075148884861,1784970501.7578983,0.9947490521553584,-0.5228704362868831,1.4355059706059035,0.011884927749633789,0,0,1784970501.7560952,0.8926493761022988,-0.5360212635850329,1.5894939639613133,1784970501.7561333,-0.014473297124600612,0.0941777520019629,0.15248763664131415,-0.026801659918370194,0.09939295314249144,0.1539879933554098,1784970501.7561765,0.08610312564267425,0.2527996733333513,1784970501.7654362,7019.34423828125,nan,nan,52.38011169433594,nan
33.563586711883545,1784970501.8104784,BSMC,square,square_bsmc_tune_p04,1784970501.8028045,0.9893546496934004,-0.5287853239050209,1.4454868055408376,0.07501428370288071,0.12353175396679063,1784970501.7578983,0.9947490521553584,-0.5228704362868831,1.4355059706059035,0.05258011817932129,0,0,1784970501.7963705,0.8926493761022988,-0.5360212635850329,1.5894939639613133,1784970501.796415,-0.014473297124600612,0.0941777520019629,0.15248763664131415,-0.026801659918370194,0.09939295314249144,0.1539879933554098,1784970501.7964637,0.08610312564267425,0.2527996733333513,1784970501.7654362,7019.34423828125,nan,nan,52.38011169433594,nan
33.60289812088013,1784970501.8497899,BSMC,square,square_bsmc_tune_p04,1784970501.8028045,0.9893546496934004,-0.5287853239050209,1.4454868055408376,0.07501428370288071,0.12353175396679063,1784970501.843778,0.9958716391634719,-0.5145080839475715,1.4523672248681119,0.006011962890625,0,0,1784970501.8366303,0.8925479170404834,-0.530595592029914,1.5894939639613133,1784970501.836672,-0.013895156826227691,0.09582142335820251,0.14400715842047562,-0.028182774439427995,0.10069920900654727,0.1371267390932014,1784970501.8367195,0.08673714961751995,0.2457149685986495,1784970501.816132,7019.39501953125,nan,nan,51.00082015991211,nan
33.643107652664185,1784970501.8899994,BSMC,square,square_bsmc_tune_p04,1784970501.8532245,0.990693790773323,-0.522961323295993,1.455181913027858,0.07761964266227982,0.13579205969171704,1784970501.843778,0.9958716391634719,-0.5145080839475715,1.4523672248681119,0.04622149467468262,0,0,1784970501.876242,0.8924395154797466,-0.5247986602024677,1.5894939639613133,1784970501.8762836,-0.013159391628819975,0.0973863893587452,0.13431205093345522,-0.022439255326331158,0.10149177301526949,0.1371267390932014,1784970501.8763301,0.08751910416585837,0.23784467855256325,1784970501.8635795,7019.4423828125,nan,nan,47.3123664855957,nan
33.68282699584961,1784970501.9297187,BSMC,square,square_bsmc_tune_p04,1784970501.9031615,0.991156996755262,-0.5187501107215977,1.4652285129193119,0.08028412348126765,0.14686455717551536,1784970501.843778,0.9958716391634719,-0.5145080839475715,1.4523672248681119,0.08594083786010742,0,0,1784970501.9161363,0.8923609560241065,-0.520597578542276,1.5894939639613133,1784970501.9161682,-0.012247503223005206,0.0980513613689431,0.12426545104200137,-0.018276882276375677,0.10206615032738592,0.1371267390932014,1784970501.9162054,0.08845109508779928,0.22872229579272924,1784970501.9135036,7019.49267578125,nan,nan,50.105255126953125,nan
33.72318935394287,1784970501.970081,BSMC,square,square_bsmc_tune_p04,1784970501.9524996,0.9915783261179619,-0.5144599541284671,1.4757197106282653,0.08274739231127042,0.157118767894191,1784970501.9600298,0.9972683745043,-0.5015356980810416,1.4854645095808798,0.010051250457763672,0,0,1784970501.9562602,0.8922809062074184,-0.5163167976477365,1.5894939639613133,1784970501.9563053,-0.01127510287361445,0.09867267871065054,0.11377425333304791,-0.023675220952091208,0.10334569810427002,0.10402945438043343,1784970501.9563398,0.08943137830966978,0.21910753291589527,1784970501.9135036,7019.49267578125,nan,nan,50.105255126953125,nan
33.763270139694214,1784970502.0101619,BSMC,square,square_bsmc_tune_p04,1784970502.002584,0.992745286074261,-0.5079673662029028,1.4880152420189767,0.08555824934403698,0.1682811838658279,1784970501.9600298,0.9972683745043,-0.5015356980810416,1.4854645095808798,0.050132036209106445,0,0,1784970501.996347,0.8922809062074184,-0.5163167976477365,1.5894939639613133,1784970501.9963834,-0.01127510287361445,0.09867267871065054,0.11377425333304791,-0.023675220952091208,0.10334569810427002,0.10402945438043343,1784970501.9964247,0.08943137830966978,0.21910753291589527,1784970501.9784338,7019.55712890625,nan,nan,64.72810363769531,nan
33.8027400970459,1784970502.0496318,BSMC,square,square_bsmc_tune_p04,1784970502.002584,0.992745286074261,-0.5079673662029028,1.4880152420189767,0.08555824934403698,0.1682811838658279,1784970502.0391307,0.9978192203439705,-0.49382305725099795,1.499218840199079,0.01050114631652832,0,0,1784970502.0365,0.8921599463692119,-0.5098482935858407,1.5894939639613133,1784970502.0365372,-0.010191543212511705,0.10008536805321508,0.10147872194233654,-0.023540571622847964,0.10424265856227109,0.09027512376223434,1784970502.0365784,0.09051698713508483,0.20857128345892686,1784970502.0189357,7019.59765625,nan,nan,40.54475021362305,nan
33.8436062335968,1784970502.090498,BSMC,square,square_bsmc_tune_p04,1784970502.05302,0.9937265955696194,-0.5020221196869356,1.4982535759336626,0.08495920924253184,0.17236493906485348,1784970502.0391307,0.9978192203439705,-0.49382305725099795,1.499218840199079,0.05136728286743164,0,0,1784970502.076764,0.8920491532409001,-0.5039234691884031,1.5894939639613133,1784970502.0768015,-0.009265842612901429,0.10127221518812413,0.09124038802765067,-0.017638841705193066,0.10477689000725517,0.09027512376223434,1784970502.0768464,0.09143010676030366,0.19980106637913608,1784970502.0673735,7019.64599609375,nan,nan,48.429779052734375,nan
33.88356685638428,1784970502.1304586,BSMC,square,square_bsmc_tune_p04,1784970502.1034007,0.9940074690176726,-0.49786188714307983,1.5082620902735966,0.08410967611124529,0.17687216947872442,1784970502.0391307,0.9978192203439705,-0.49382305725099795,1.499218840199079,0.09132790565490723,0,0,1784970502.115983,0.8919714830329034,-0.4997699413450795,1.5894939639613133,1784970502.116067,-0.008280909278019562,0.10171730260015248,0.08123187368771666,-0.013501503972895505,0.10515140662288355,0.09027512376223434,1784970502.1161113,0.09238305035426134,0.1904448320769128,1784970502.1141882,7019.693359375,nan,nan,46.94666290283203,nan
33.92308759689331,1784970502.1699793,BSMC,square,square_bsmc_tune_p04,1784970502.1526017,0.9942483566586515,-0.49359169782545315,1.5189571545874139,0.08507829789333111,0.18315228034584222,1784970502.1570415,0.9982319848151335,-0.48257229627436476,1.533545646778857,0.012937784194946289,0,0,1784970502.155784,0.8918917433947102,-0.4955057476986996,1.5894939639613133,1784970502.1558175,-0.0072151845515569975,0.10211993428155099,0.07053680937389939,-0.016884809404820365,0.10578480194461978,0.055948317182456186,1784970502.155855,0.0934019686496002,0.18036127798603646,1784970502.1689806,7019.74755859375,nan,nan,54.620269775390625,nan
33.96292304992676,1784970502.2098148,BSMC,square,square_bsmc_tune_p04,1784970502.202637,0.9949567658048326,-0.4872449848774819,1.5333479260600142,0.08788225942938067,0.1940069180914048,1784970502.1570415,0.9982319848151335,-0.48257229627436476,1.533545646778857,0.052773237228393555,0,0,1784970502.1963112,0.8918917433947102,-0.4955057476986996,1.5894939639613133,1784970502.196351,-0.0072151845515569975,0.10211993428155099,0.07053680937389939,-0.016884809404820365,0.10578480194461978,0.055948317182456186,1784970502.1963964,0.0934019686496002,0.18036127798603646,1784970502.1689806,7019.74755859375,nan,nan,54.620269775390625,nan
34.0032103061676,1784970502.250102,BSMC,square,square_bsmc_tune_p04,1784970502.202637,0.9949567658048326,-0.4872449848774819,1.5333479260600142,0.08788225942938067,0.1940069180914048,1784970502.237311,0.9974755284463624,-0.4749962096531422,1.554282195456369,0.012791156768798828,0,0,1784970502.2366772,0.891773350146822,-0.48917449580367955,1.5894939639613133,1784970502.2367277,-0.005791308942928624,0.10303883258265137,0.05614603790129901,-0.01592185318283031,0.10545363382386949,0.03521176850494423,1784970502.2367733,0.09474607065345625,0.1671940381754319,1784970502.2150445,7019.7939453125,nan,nan,46.29336166381836,nan
34.04294466972351,1784970502.2898364,BSMC,square,square_bsmc_tune_p04,1784970502.2527986,0.9953835848955602,-0.48114912914028574,1.547663078843721,0.09007207697042731,0.20342288443114256,1784970502.237311,0.9974755284463624,-0.4749962096531422,1.554282195456369,0.05252552032470703,0,0,1784970502.2761486,0.8916595478100559,-0.48308874958790854,1.5894939639613133,1784970502.2761912,-0.00433836134176359,0.10365141879233596,0.041830885117592365,-0.009838816051322809,0.10566791688742251,0.03521176850494423,1784970502.2762396,0.09609476362885269,0.15314446910305557,1784970502.2713692,7019.85009765625,nan,nan,56.10688018798828,nan
34.08297562599182,1784970502.3298674,BSMC,square,square_bsmc_tune_p04,1784970502.3026326,0.9954692506064083,-0.4768398301272002,1.5578318198987458,0.08869977883724871,0.20353372765841923,1784970502.237311,0.9974755284463624,-0.4749962096531422,1.554282195456369,0.09255647659301758,0,0,1784970502.3168142,0.891579022823871,-0.47878255831034117,1.5894939639613133,1784970502.3168538,-0.003289412764509762,0.10385631124378401,0.03166214406256751,-0.005534541684946296,0.10581954066969777,0.03521176850494423,1784970502.3168972,0.09705519638621346,0.14332833458517105,1784970502.3169692,7019.89453125,nan,nan,44.19437789916992,nan
34.12269687652588,1784970502.3695886,BSMC,square,square_bsmc_tune_p04,1784970502.3525329,0.9955102529955058,-0.47233001934305735,1.5688184656457531,0.089283985641192,0.20614501429984275,1784970502.3569384,0.99759706549201,-0.4648515338766303,1.6052266291004365,0.012650251388549805,0,0,1784970502.3560789,0.8914947340025249,-0.47427509044882743,1.5894939639613133,1784970502.3561184,-0.002150795421067377,0.10401146846402269,0.020675498315560148,-0.00576555794089217,0.10636384022591606,-0.015732665139123192,1784970502.3561614,0.09808592697931973,0.13219973755834363,1784970502.3672502,7019.9453125,nan,nan,50.972084045410156,nan
34.1633038520813,1784970502.4101956,BSMC,square,square_bsmc_tune_p04,1784970502.4027367,0.9955916567370123,-0.46638157015411197,1.5886377109639485,0.09168464360419724,0.21979901653349102,1784970502.3569384,0.99759706549201,-0.4648515338766303,1.6052266291004365,0.05325722694396973,0,0,1784970502.3963892,0.8914947340025249,-0.47427509044882743,1.5894939639613133,1784970502.3964367,-0.002150795421067377,0.10401146846402269,0.020675498315560148,-0.00576555794089217,0.10636384022591606,-0.015732665139123192,1784970502.3964875,0.09808592697931973,0.13219973755834363,1784970502.3672502,7019.9453125,nan,nan,50.972084045410156,nan
34.202799558639526,1784970502.4496913,BSMC,square,square_bsmc_tune_p04,1784970502.4027367,0.9955916567370123,-0.46638157015411197,1.5886377109639485,0.09168464360419724,0.21979901653349102,1784970502.3569384,0.99759706549201,-0.4648515338766303,1.6052266291004365,0.09275293350219727,0,0,1784970502.4367073,0.8913835664338888,-0.46833024230802167,1.5894939639613133,1784970502.436748,-8.924407825163959e-05,0.10422627040857724,0.0008562529973648036,0.00017959367742540313,0.1062702994285382,-0.015732665139123192,1784970502.4367936,0.09992142855268102,0.11044014849173142,1784970502.4172823,7019.99560546875,nan,nan,50.094390869140625,nan
34.2430579662323,1784970502.4899497,BSMC,square,square_bsmc_tune_p04,1784970502.4534795,0.9954972185291602,-0.46165659580114105,1.5998723341212349,0.09220260580883964,0.22004806289383946,1784970502.4569073,0.9973373533706545,-0.4585095592805475,1.6412986362853483,0.03304243087768555,0,0,1784970502.4773428,0.8912952081550426,-0.46360515426149507,1.5894939639613133,1784970502.4774058,0.0010816166832687422,0.10421461486486241,-0.0103783701599216,0.002387087958247717,0.10613766278385058,-0.05180467232403508,1784970502.4774606,0.10094643720125736,0.09930866750535035,1784970502.4663482,7020.04443359375,nan,nan,48.75932312011719,nan
34.28282141685486,1784970502.5297132,BSMC,square,square_bsmc_tune_p04,1784970502.5026553,0.9953614511223305,-0.45645579590424334,1.6204174513988037,0.09383310423558573,0.2319001517176811,1784970502.4569073,0.9973373533706545,-0.4585095592805475,1.6412986362853483,0.07280588150024414,0,0,1784970502.5159357,0.8911979406891649,-0.45840363442277077,1.5894939639613133,1784970502.5159774,0.003221148704757581,0.10413191240765869,-0.030923487437490405,0.007582537778214789,0.10586827317609843,-0.05180467232403508,1784970502.516016,0.10278680156645521,0.07683720403950355,1784970502.5192912,7020.09814453125,nan,nan,54.13654327392578,nan
34.3231143951416,1784970502.5700061,BSMC,square,square_bsmc_tune_p04,1784970502.5527608,0.9951243338908782,-0.4516459472835604,1.631109867657766,0.094672375505856,0.2289295109242133,1784970502.5574014,0.9961303326795878,-0.4504026416550621,1.6882053376417885,0.012604713439941406,0,0,1784970502.5563302,0.8911079459568894,-0.4535910346383679,1.5894939639613133,1784970502.5563784,0.004328243172016849,0.10394449785676863,-0.04161590369645274,0.009135822405912727,0.10467284419425915,-0.09871137368047521,1784970502.5564187,0.10372227231621413,0.06663373138454405,1784970502.5675561,7020.14501953125,nan,nan,46.81632614135742,nan
34.36272573471069,1784970502.6096175,BSMC,square,square_bsmc_tune_p04,1784970502.6026368,0.9946221910600974,-0.44659670512246813,1.6551685964864875,0.09634736207714119,0.24263502540310547,1784970502.5574014,0.9961303326795878,-0.4504026416550621,1.6882053376417885,0.0522160530090332,0,0,1784970502.5965593,0.8911079459568894,-0.4535910346383679,1.5894939639613133,1784970502.596598,0.004328243172016849,0.10394449785676863,-0.04161590369645274,0.009135822405912727,0.10467284419425915,-0.09871137368047521,1784970502.5966394,0.10372227231621413,0.06663373138454405,1784970502.5675561,7020.14501953125,nan,nan,46.81632614135742,nan
34.40273857116699,1784970502.6496303,BSMC,square,square_bsmc_tune_p04,1784970502.6026368,0.9946221910600974,-0.44659670512246813,1.6551685964864875,0.09634736207714119,0.24263502540310547,1784970502.637294,0.9951615665038134,-0.4436333404547546,1.724665417708674,0.012336254119873047,0,0,1784970502.636357,0.8910133835316291,-0.4485341707985327,1.5894939639613133,1784970502.6363986,0.006800768702308268,0.10340352177645996,-0.06567463252517425,0.011119097043515574,0.10366883733988223,-0.13517145374736073,1784970502.6364453,0.10576909609288195,0.03988899318415898,1784970502.628104,7020.2060546875,nan,nan,61.097713470458984,nan
34.44282341003418,1784970502.6897151,BSMC,square,square_bsmc_tune_p04,1784970502.6527991,0.9939753738370435,-0.44158767070582156,1.680001653823108,0.09874597358961386,0.25657800445648293,1784970502.637294,0.9951615665038134,-0.4436333404547546,1.724665417708674,0.05242109298706055,0,0,1784970502.6764824,0.8909195221484697,-0.44351479620921413,1.5894939639613133,1784970502.676528,0.009316246336658446,0.10265198456025018,-0.0905076898617947,0.016093555619722363,0.10299230714783746,-0.13517145374736073,1784970502.6765773,0.10778899419954224,0.012138424442276304,1784970502.665553,7020.244140625,nan,nan,37.99901580810547,nan
34.48330044746399,1784970502.7301922,BSMC,square,square_bsmc_tune_p04,1784970502.702928,0.9934485972481073,-0.4366148050701296,1.6902082088162702,0.09912759707326173,0.24755219507929804,1784970502.637294,0.9951615665038134,-0.4436333404547546,1.724665417708674,0.09289813041687012,0,0,1784970502.716688,0.8908263788399593,-0.4385338217108024,1.5894939639613133,1784970502.7167318,0.010319859145220975,0.10212004133910056,-0.10071424485495695,0.021029957729303786,0.10232095266452157,-0.13517145374736073,1784970502.7167823,0.10857473664592965,0.0031574466862093614,1784970502.7240272,7020.30224609375,nan,nan,58.183837890625,nan
34.52322053909302,1784970502.7701123,BSMC,square,square_bsmc_tune_p04,1784970502.7532263,0.9928195183192097,-0.43116228405940443,1.700594518203695,0.1028242209297449,0.24091856703152292,1784970502.7567136,0.9928415668682926,-0.4325804476843872,1.7595111666881837,0.01339864730834961,0,0,1784970502.756087,0.8907242334384877,-0.4330714471398701,1.5894939639613133,1784970502.7561238,0.011321501335217948,0.10148357357750191,-0.11110055424238174,0.01867459312880987,0.10039646626626178,-0.1700172027268705,1784970502.7561607,0.10934638908067833,-0.006536687678786958,1784970502.7658832,7020.34423828125,nan,nan,41.97543716430664,nan
34.563039779663086,1784970502.8099315,BSMC,square,square_bsmc_tune_p04,1784970502.8034663,0.9917184734151034,-0.4257408645235094,1.7247266782873714,0.10758251648271384,0.2512638032573027,1784970502.7567136,0.9928415668682926,-0.4325804476843872,1.7595111666881837,0.05321788787841797,0,0,1784970502.7964194,0.8907242334384877,-0.4330714471398701,1.5894939639613133,1784970502.7964642,0.011321501335217948,0.10148357357750191,-0.11110055424238174,0.01867459312880987,0.10039646626626178,-0.1700172027268705,1784970502.796513,0.10934638908067833,-0.006536687678786958,1784970502.7658832,7020.34423828125,nan,nan,41.97543716430664,nan
34.60352611541748,1784970502.8504179,BSMC,square,square_bsmc_tune_p04,1784970502.8034663,0.9917184734151034,-0.4257408645235094,1.7247266782873714,0.10758251648271384,0.2512638032573027,1784970502.846871,0.9915314781482166,-0.42537466208924035,1.7856457696563848,0.0035469532012939453,0,0,1784970502.8367653,0.8906225044447331,-0.42763134057994656,1.5894939639613133,1784970502.8368046,0.013632232813319708,0.10019047394987954,-0.1352327143260581,0.019309032933025515,0.09907005006000591,-0.1961518056950715,1784970502.8368483,0.1110833632036919,-0.033461807112739314,1784970502.8265045,7020.4052734375,nan,nan,60.91407775878906,nan
34.64304804801941,1784970502.8899398,BSMC,square,square_bsmc_tune_p04,1784970502.8529947,0.9906891830961112,-0.42104777734613547,1.745355716996075,0.10875924801726165,0.25426412368910767,1784970502.846871,0.9915314781482166,-0.42537466208924035,1.7856457696563848,0.043068885803222656,0,0,1784970502.8763847,0.890534415454035,-0.4229206531105575,1.5894939639613133,1784970502.8764198,0.0155498892416014,0.09895800164535035,-0.15586175303476169,0.02393019525317036,0.09815179360595024,-0.1961518056950715,1784970502.876458,0.11247171517400319,-0.057241750008663536,1784970502.8661022,7020.44482421875,nan,nan,39.49164962768555,nan
34.68278980255127,1784970502.9296815,BSMC,square,square_bsmc_tune_p04,1784970502.9035723,0.989750152312073,-0.41557632051325544,1.7551142510856172,0.10913301980633039,0.24370442644160784,1784970502.846871,0.9915314781482166,-0.42537466208924035,1.7856457696563848,0.08281064033508301,0,0,1784970502.9160073,0.8904318077328959,-0.41743355531998594,1.5894939639613133,1784970502.9160442,0.016376898257881307,0.09797642621838425,-0.165620287124304,0.029313012457986468,0.09708219113434302,-0.1961518056950715,1784970502.916087,0.11304329866509445,-0.06848862337547312,1784970502.9177208,7020.49560546875,nan,nan,50.92582321166992,nan
34.72284388542175,1784970502.9697356,BSMC,square,square_bsmc_tune_p04,1784970502.9527884,0.9888345741732648,-0.4104756526873168,1.7636610012898102,0.10776708936200081,0.23275117481858595,1784970502.9612045,0.988918649222528,-0.41461192190489093,1.820034371410791,0.00853109359741211,0,0,1784970502.9562876,0.8903361394724841,-0.41231755532987346,1.5894939639613133,1784970502.9563267,0.017071564717907953,0.09702523342889154,-0.17416703732849692,0.02654038797846987,0.09497043304392346,-0.23054040744947765,1784970502.9563684,0.11351009923703556,-0.0789506564322116,1784970502.9683342,7020.544921875,nan,nan,49.388465881347656,nan
34.7630090713501,1784970503.0099008,BSMC,square,square_bsmc_tune_p04,1784970503.002792,0.9875177119803586,-0.406182079891877,1.7853475830049539,0.10682125988777759,0.2382403667150687,1784970502.9612045,0.988918649222528,-0.41461192190489093,1.820034371410791,0.048696279525756836,0,0,1784970502.9963398,0.8903361394724841,-0.41231755532987346,1.5894939639613133,1784970502.996382,0.017071564717907953,0.09702523342889154,-0.17416703732849692,0.02654038797846987,0.09497043304392346,-0.23054040744947765,1784970502.996463,0.11351009923703556,-0.0789506564322116,1784970502.9683342,7020.544921875,nan,nan,49.388465881347656,nan
34.80351185798645,1784970503.0504036,BSMC,square,square_bsmc_tune_p04,1784970503.002792,0.9875177119803586,-0.406182079891877,1.7853475830049539,0.10682125988777759,0.2382403667150687,1784970503.0400398,0.9865509558711225,-0.4068288664508276,1.842425959628728,0.01036381721496582,0,0,1784970503.036041,0.8902554181919714,-0.4080008669263534,1.5894939639613133,1784970503.036079,0.018930931249550063,0.0954195033590101,-0.19585361904364065,0.024707224996543382,0.09307930594391874,-0.25293199566741476,1784970503.036123,0.11474741043336811,-0.11333493232721875,1784970503.01708,7020.59521484375,nan,nan,49.920745849609375,nan
34.84266138076782,1784970503.089553,BSMC,square,square_bsmc_tune_p04,1784970503.0536723,0.9860661871491834,-0.4015457880828441,1.805320003142545,0.10748038725330318,0.24120639402226327,1784970503.0400398,0.9865509558711225,-0.4068288664508276,1.842425959628728,0.04951333999633789,0,0,1784970503.0764568,0.8901682432963021,-0.4033390620240488,1.5894939639613133,1784970503.0764976,0.020540554746028034,0.09368947153957058,-0.21582603918123167,0.02922149372456637,0.09191251450549455,-0.25293199566741476,1784970503.076543,0.11575567093415862,-0.1475545967085287,1784970503.0665472,7020.64501953125,nan,nan,49.83270263671875,nan
34.883028984069824,1784970503.1299207,BSMC,square,square_bsmc_tune_p04,1784970503.102901,0.9848103691864211,-0.39610083319045464,1.8133150796022188,0.10969472394570484,0.22796043430700896,1784970503.0400398,0.9865509558711225,-0.4068288664508276,1.842425959628728,0.08988094329833984,0,0,1784970503.116335,0.8900660202469375,-0.397872535118603,1.5894939639613133,1784970503.116373,0.02103285149509665,0.0923972388206165,-0.22382111564090557,0.03451501672205407,0.09054431121838659,-0.25293199566741476,1784970503.116418,0.11601455393966917,-0.1599686108804857,1784970503.118112,7020.6962890625,nan,nan,51.42973709106445,nan
34.9232063293457,1784970503.170098,BSMC,square,square_bsmc_tune_p04,1784970503.1531105,0.9834640484729261,-0.39037412211908296,1.8200082637812287,0.11236712170046372,0.21287573715657887,1784970503.1612284,0.9835235791288686,-0.3956023972509662,1.8725526930971443,0.008869647979736328,0,0,1784970503.1563594,0.889958498614302,-0.3921226587318881,1.5894939639613133,1784970503.1563933,0.021367719365618133,0.09104815101781119,-0.23051429981991545,0.031129833921160047,0.08830326331398787,-0.2830587291358311,1784970503.1564333,0.11615849478592108,-0.17017720461700908,1784970503.167307,7020.74609375,nan,nan,49.85683059692383,nan
34.96263599395752,1784970503.2095277,BSMC,square,square_bsmc_tune_p04,1784970503.2024987,0.981839418827774,-0.3860117725029487,1.837342141415399,0.11269685553665403,0.20908896577072714,1784970503.1612284,0.9835235791288686,-0.3956023972509662,1.8725526930971443,0.048299312591552734,0,0,1784970503.1963189,0.889958498614302,-0.3921226587318881,1.5894939639613133,1784970503.1963599,0.021367719365618133,0.09104815101781119,-0.23051429981991545,0.031129833921160047,0.08830326331398787,-0.2830587291358311,1784970503.1964052,0.11615849478592108,-0.17017720461700908,1784970503.167307,7020.74609375,nan,nan,49.85683059692383,nan
35.00345540046692,1784970503.2503471,BSMC,square,square_bsmc_tune_p04,1784970503.2024987,0.981839418827774,-0.3860117725029487,1.837342141415399,0.11269685553665403,0.20908896577072714,1784970503.239307,0.9808530129391827,-0.38745261646129386,1.896153968115664,0.011040210723876953,0,0,1784970503.236458,0.8898763840859797,-0.3877314643663071,1.5894939639613133,1784970503.2364979,0.02256417422580774,0.08916846494435558,-0.24784817745408572,0.028816250196321263,0.08629280664267791,-0.3066600041543508,1784970503.236542,0.11680072807081472,-0.20131417574368365,1784970503.2193174,7020.79736328125,nan,nan,51.207923889160156,nan
35.042970418930054,1784970503.2898622,BSMC,square,square_bsmc_tune_p04,1784970503.2526498,0.9800455307958907,-0.3812557894684468,1.8550170203176575,0.11457677095840499,0.20794248725418035,1784970503.239307,0.9808530129391827,-0.38745261646129386,1.896153968115664,0.05055522918701172,0,0,1784970503.277189,0.8897868520919728,-0.3829436101868515,1.5894939639613133,1784970503.2772272,0.02368928441277342,0.0871108238060305,-0.26552305635634427,0.03338153532841481,0.08484721496991315,-0.3066600041543508,1784970503.2772758,0.11734210783936545,-0.23391369003588058,1784970503.2680883,7020.84619140625,nan,nan,48.998992919921875,nan
35.083205223083496,1784970503.330097,BSMC,square,square_bsmc_tune_p04,1784970503.3026714,0.9783802948322968,-0.3753851558462182,1.8614354864814624,0.11737699167351434,0.19432985439791406,1784970503.239307,0.9808530129391827,-0.38745261646129386,1.896153968115664,0.0907900333404541,0,0,1784970503.315815,0.8896765285945447,-0.3770438999870198,1.5894939639613133,1784970503.3158495,0.023830184695514595,0.08545894847389639,-0.27194152252014914,0.039006990542678435,0.08306592180246503,-0.3066600041543508,1784970503.3158882,0.11729568404493065,-0.24542283404634757,1784970503.3172123,7020.89599609375,nan,nan,49.78657150268555,nan
35.123355865478516,1784970503.3702476,BSMC,square,square_bsmc_tune_p04,1784970503.3526027,0.9766930582913668,-0.36952438847375135,1.8668251655921748,0.11904041558661532,0.1806239069752779,1784970503.3588953,0.9769863958030767,-0.3753424695828377,1.922328820288912,0.011352300643920898,0,0,1784970503.3558793,0.8895663818391408,-0.3711536413251497,1.5894939639613133,1784970503.355912,0.023858566066476856,0.0838121771565219,-0.2773312016308615,0.03403460935774004,0.08063157253516254,-0.3328348563275987,1784970503.3559496,0.11717449337751282,-0.25623571209266754,1784970503.36845,7020.9462890625,nan,nan,50.04673767089844,nan
35.16301965713501,1784970503.4099114,BSMC,square,square_bsmc_tune_p04,1784970503.4032588,0.9746895414309482,-0.3649420533061136,1.8845527843502514,0.1187898852392359,0.18097285009012176,1784970503.3588953,0.9769863958030767,-0.3753424695828377,1.922328820288912,0.05101609230041504,0,0,1784970503.3967996,0.8895663818391408,-0.3711536413251497,1.5894939639613133,1784970503.396842,0.023858566066476856,0.0838121771565219,-0.2773312016308615,0.03403460935774004,0.08063157253516254,-0.3328348563275987,1784970503.3968878,0.11717449337751282,-0.25623571209266754,1784970503.36845,7020.9462890625,nan,nan,50.04673767089844,nan
35.203153133392334,1784970503.4500449,BSMC,square,square_bsmc_tune_p04,1784970503.4032588,0.9746895414309482,-0.3649420533061136,1.8845527843502514,0.1187898852392359,0.18097285009012176,1784970503.3588953,0.9769863958030767,-0.3753424695828377,1.922328820288912,0.09114956855773926,0,0,1784970503.4360745,0.8894800226152294,-0.3665354556617393,1.5894939639613133,1784970503.4361084,0.024782930183898537,0.08154144589945203,-0.29505882038893816,0.03840011173030776,0.07912243842170878,-0.3328348563275987,1784970503.4361446,0.11748748248530766,-0.2886137928806657,1784970503.4209747,7020.9990234375,nan,nan,52.9830436706543,nan
35.2430899143219,1784970503.4899817,BSMC,square,square_bsmc_tune_p04,1784970503.4525814,0.973020393395278,-0.3595028587774894,1.8870512954832508,0.11752287705524848,0.16033647415253174,1784970503.4576838,0.974430809692133,-0.36724281294788913,1.935499976996953,0.03229784965515137,0,0,1784970503.4764175,0.8893777627619246,-0.3610669606118181,1.5894939639613133,1784970503.4765103,0.024527115216669074,0.07998097706932557,-0.29755733152193753,0.03610574220156757,0.07725630928450525,-0.3460060130356397,1784970503.4765627,0.11718941101399696,-0.2941026195982622,1784970503.4697502,7021.04638671875,nan,nan,47.13831329345703,nan
35.28276324272156,1784970503.529655,BSMC,square,square_bsmc_tune_p04,1784970503.503426,0.9711146713389003,-0.3552338194310632,1.9019671778972886,0.11769820639789945,0.1581335015809975,1784970503.4576838,0.974430809692133,-0.36724281294788913,1.935499976996953,0.07197117805480957,0,0,1784970503.5160804,0.8892972942496531,-0.35676378935927155,1.5894939639613133,1784970503.5161183,0.02515612462972086,0.07786907855727615,-0.3124732139359754,0.040154592639369595,0.07579666270313,-0.3460060130356397,1784970503.516165,0.11729500795160783,-0.3205691887597004,1784970503.5178523,7021.09619140625,nan,nan,49.80561065673828,nan
35.32271218299866,1784970503.569604,BSMC,square,square_bsmc_tune_p04,1784970503.553033,0.9692174859625962,-0.349494422836949,1.9050285399643054,0.11915561392250172,0.14282793534525845,1784970503.5599167,0.9702019011017361,-0.354257579236417,1.9509427234851113,0.009687185287475586,0,0,1784970503.5562277,0.8891893429222477,-0.3509909344169828,1.5894939639613133,1784970503.5562608,0.02483905122955994,0.07609050374002622,-0.3155345760029922,0.03309366982579131,0.07401698837849886,-0.36144875952379807,1784970503.5562983,0.11692142734359671,-0.32689119949907963,1784970503.5693238,7021.1474609375,nan,nan,51.10258483886719,nan
35.36303472518921,1784970503.6099265,BSMC,square,square_bsmc_tune_p04,1784970503.602773,0.9671662627627442,-0.34481295063556183,1.9185891142798386,0.11976337201947025,0.14099859361781425,1784970503.5599167,0.9702019011017361,-0.354257579236417,1.9509427234851113,0.050009727478027344,0,0,1784970503.5964303,0.8891893429222477,-0.3509909344169828,1.5894939639613133,1784970503.5964699,0.02483905122955994,0.07609050374002622,-0.3155345760029922,0.03309366982579131,0.07401698837849886,-0.36144875952379807,1784970503.596516,0.11692142734359671,-0.32689119949907963,1784970503.5693238,7021.1474609375,nan,nan,51.10258483886719,nan
35.40308475494385,1784970503.6499765,BSMC,square,square_bsmc_tune_p04,1784970503.602773,0.9671662627627442,-0.34481295063556183,1.9185891142798386,0.11976337201947025,0.14099859361781425,1784970503.6408482,0.9665834204338349,-0.3446193343032279,1.9612200504523147,0.009128332138061523,0,0,1784970503.636538,0.8891011138257695,-0.34627275458630913,1.5894939639613133,1784970503.6365747,0.025234041923614024,0.07388871114266339,-0.3290951503185253,0.027959241568395535,0.07228085809437287,-0.3717260864910015,1784970503.6366162,0.1168394735359755,-0.35006593753372506,1784970503.619527,7021.197265625,nan,nan,50.12969970703125,nan
35.4433388710022,1784970503.6902306,BSMC,square,square_bsmc_tune_p04,1784970503.6528413,0.9650525871215494,-0.3398213543141541,1.92960096683217,0.12031796654420555,0.13541657667444448,1784970503.6408482,0.9665834204338349,-0.3446193343032279,1.9612200504523147,0.04938244819641113,0,0,1784970503.67632,0.8890070656614565,-0.3412433916019286,1.5894939639613133,1784970503.676362,0.02537230592620293,0.07170208934314565,-0.3401070028708568,0.0326459272133934,0.0704537525279541,-0.3717260864910015,1784970503.676406,0.11659952682056589,-0.3684271764521207,1784970503.6700659,7021.248046875,nan,nan,50.79877471923828,nan
35.48274874687195,1784970503.7296405,BSMC,square,square_bsmc_tune_p04,1784970503.7026556,0.9629664691070275,-0.3340789787552765,1.9312060327507348,0.1211654996452122,0.11768901075493093,1784970503.6408482,0.9665834204338349,-0.3446193343032279,1.9612200504523147,0.08879232406616211,0,0,1784970503.7163818,0.8888989926039672,-0.33546402696556454,1.5894939639613133,1784970503.716416,0.02482439971416519,0.06979726794730272,-0.3417120687894215,0.03803151289543223,0.06835418060795968,-0.3717260864910015,1784970503.7164536,0.11606370487585425,-0.3720860872907037,1784970503.7199836,7021.29833984375,nan,nan,49.97325134277344,nan
35.52300024032593,1784970503.769892,BSMC,square,square_bsmc_tune_p04,1784970503.7528007,0.9608755883806162,-0.3282806905276955,1.9314719431471847,0.12177350847490612,0.09968223964788238,1784970503.7621639,0.9620610456982618,-0.33236461134065187,1.9593971794014884,0.007728099822998047,0,0,1784970503.756701,0.8887898726904678,-0.3296286801746743,1.5894939639613133,1784970503.7568176,0.024178256626143785,0.06792333464406465,-0.3419779791858715,0.030293945239959166,0.06677145344442785,-0.3699032154401751,1784970503.7568712,0.11548618495246657,-0.3737129880553674,1784970503.7199836,7021.29833984375,nan,nan,49.97325134277344,nan
35.562726974487305,1784970503.8096187,BSMC,square,square_bsmc_tune_p04,1784970503.8030567,0.9588338703227579,-0.32346036576697296,1.937733556402763,0.12167358654046008,0.08948240079478768,1784970503.7621639,0.9620610456982618,-0.33236461134065187,1.9593971794014884,0.047454833984375,0,0,1784970503.796741,0.8887898726904678,-0.3296286801746743,1.5894939639613133,1784970503.7967792,0.024178256626143785,0.06792333464406465,-0.3419779791858715,0.030293945239959166,0.06677145344442785,-0.3699032154401751,1784970503.7968879,0.11548618495246657,-0.3737129880553674,1784970503.7701225,7021.34814453125,nan,nan,49.99739074707031,nan
35.60273766517639,1784970503.8496294,BSMC,square,square_bsmc_tune_p04,1784970503.8030567,0.9588338703227579,-0.32346036576697296,1.937733556402763,0.12167358654046008,0.08948240079478768,1784970503.7621639,0.9620610456982618,-0.33236461134065187,1.9593971794014884,0.08746552467346191,0,0,1784970503.8361611,0.8886990513068931,-0.32477187400436747,1.5894939639613133,1784970503.8362217,0.023937242124846554,0.0659364946877019,-0.34823959244144964,0.03482304007239341,0.06501528867469175,-0.3699032154401751,1784970503.8362699,0.11506226275523254,-0.38414968302518593,1784970503.818486,7021.3974609375,nan,nan,49.30509948730469,nan
35.64266324043274,1784970503.889555,BSMC,square,square_bsmc_tune_p04,1784970503.8524675,0.9569599710282412,-0.31881113253598065,1.940921813445009,0.12117677165708357,0.07679854552225394,1784970503.8493311,0.9588818040858227,-0.32385167969391576,1.956538326793448,0.04022383689880371,0,0,1784970503.8761022,0.8886114868480076,-0.3200892366399575,1.5894939639613133,1784970503.876134,0.023532309442757783,0.06418239051427213,-0.35142784948369576,0.029924953119828894,0.06369121323395788,-0.3670443628321347,1784970503.8761702,0.11459664720778315,-0.38981760675928,1784970503.8696096,7021.4482421875,nan,nan,50.957462310791016,nan
35.683189868927,1784970503.9300816,BSMC,square,square_bsmc_tune_p04,1784970503.902691,0.9548644481992105,-0.31321818044706273,1.9392205332037042,0.12042717086465202,0.05760933613036227,1784970503.8493311,0.9588818040858227,-0.32385167969391576,1.956538326793448,0.0807504653930664,0,0,1784970503.9167976,0.8885062037176739,-0.3144590674341228,1.5894939639613133,1784970503.9168296,0.022741026382908116,0.062352242383397205,-0.349726569242391,0.035181027180996007,0.061670427424578664,-0.3670443628321347,1784970503.9168646,0.11395874687072685,-0.3885491833213328,1784970503.919279,7021.49853515625,nan,nan,49.914817810058594,nan
35.7228000164032,1784970503.9696918,BSMC,square,square_bsmc_tune_p04,1784970503.9538114,0.9527421787885663,-0.3074504219490758,1.9361225013716374,0.12018282493344973,0.03827276453166768,1784970503.958391,0.9538820224242254,-0.308764304882338,1.9524883782276292,0.011300802230834961,0,0,1784970503.9571674,0.8883976435326909,-0.30865365294337455,1.5894939639613133,1784970503.9572093,0.02186351369887093,0.06052812363570764,-0.34662853741032423,0.024495049455444718,0.06073062386339332,-0.36299441426631596,1784970503.9572504,0.11329223595302106,-0.38528758821679737,1784970503.919279,7021.49853515625,nan,nan,49.914817810058594,nan
35.76354908943176,1784970504.0104408,BSMC,square,square_bsmc_tune_p04,1784970504.0029063,0.9507978723082314,-0.3023391639618683,1.9368658515061263,0.11972896450648354,0.025530498647136426,1784970503.958391,0.9538820224242254,-0.308764304882338,1.9524883782276292,0.052049875259399414,0,0,1784970503.9963887,0.8883976435326909,-0.30865365294337455,1.5894939639613133,1784970503.9964266,0.02186351369887093,0.06052812363570764,-0.34662853741032423,0.024495049455444718,0.06073062386339332,-0.36299441426631596,1784970503.9964688,0.11329223595302106,-0.38528758821679737,1784970503.9751608,7021.5537109375,nan,nan,55.61225128173828,nan
35.80320596694946,1784970504.0500977,BSMC,square,square_bsmc_tune_p04,1784970504.0029063,0.9507978723082314,-0.3023391639618683,1.9368658515061263,0.11972896450648354,0.025530498647136426,1784970504.0368187,0.9503774485734395,-0.2981987633411909,1.9464753651354945,0.013278961181640625,0,0,1784970504.0367208,0.888301417704231,-0.3035078361873229,1.5894939639613133,1784970504.0367596,0.021279253132082024,0.05877385489298123,-0.3473718875448131,0.017837151165250992,0.05969468905412318,-0.3569814011741812,1784970504.0368006,0.11275280692608428,-0.3874713002949437,1784970504.0234182,7021.6025390625,nan,nan,48.401180267333984,nan
35.8429160118103,1784970504.0898077,BSMC,square,square_bsmc_tune_p04,1784970504.0526714,0.9488597231671804,-0.2969317921227937,1.9356288593230948,0.11802824679591734,0.011400051738421,1784970504.0368187,0.9503774485734395,-0.2981987633411909,1.9464753651354945,0.05298900604248047,0,0,1784970504.0762918,0.8881996586890936,-0.29806612419009293,1.5894939639613133,1784970504.0763524,0.02058340320702889,0.05707235446467427,-0.34613489536178155,0.022936686882340032,0.05779276375903622,-0.3569814011741812,1784970504.0763967,0.11218249770237446,-0.3868018618240194,1784970504.0697558,7021.6484375,nan,nan,46.31547164916992,nan
35.882975339889526,1784970504.129867,BSMC,square,square_bsmc_tune_p04,1784970504.1026673,0.9469468483756126,-0.2917542894528256,1.9316935181416004,0.1150947388450575,-0.004051249062345389,1784970504.0368187,0.9503774485734395,-0.2981987633411909,1.9464753651354945,0.0930483341217041,0,0,1784970504.1160038,0.8881022055175425,-0.29285467346917915,1.5894939639613133,1784970504.1160407,0.019749355971958003,0.055442454642360084,-0.34219955418028714,0.027820440212666483,0.055971316766756894,-0.3569814011741812,1784970504.1160815,0.11158131952046473,-0.38223233781285343,1784970504.1217844,7021.70068359375,nan,nan,52.093807220458984,nan
35.92328691482544,1784970504.1701787,BSMC,square,square_bsmc_tune_p04,1784970504.1524596,0.9451996296866962,-0.2868712310956116,1.9260954303274604,0.11110230464776197,-0.021303844274262067,1784970504.1589742,0.9454991145271391,-0.28305742464020084,1.9338129477857433,0.01120448112487793,0,0,1784970504.1565495,0.8880103143827683,-0.28794066079065517,1.5894939639613133,1784970504.1565838,0.018891857271311797,0.05398943594486894,-0.3366014663661472,0.015849040517061284,0.05547626566405724,-0.34431898382443005,1784970504.1566205,0.11101309300157501,-0.3750899947780454,1784970504.1217844,7021.70068359375,nan,nan,52.093807220458984,nan
35.96290469169617,1784970504.2097964,BSMC,square,square_bsmc_tune_p04,1784970504.202583,0.9433891355541508,-0.2813615623860742,1.922009431173461,0.1094441276216546,-0.035801023403901594,1784970504.1589742,0.9454991145271391,-0.28305742464020084,1.9338129477857433,0.05082225799560547,0,0,1784970504.1965756,0.8880103143827683,-0.28794066079065517,1.5894939639613133,1784970504.1966145,0.018891857271311797,0.05398943594486894,-0.3366014663661472,0.015849040517061284,0.05547626566405724,-0.34431898382443005,1784970504.196659,0.11101309300157501,-0.3750899947780454,1784970504.1708508,7021.74951171875,nan,nan,48.737789154052734,nan
36.002925395965576,1784970504.2498171,BSMC,square,square_bsmc_tune_p04,1784970504.202583,0.9433891355541508,-0.2813615623860742,1.922009431173461,0.1094441276216546,-0.035801023403901594,1784970504.2428503,0.9422306756773439,-0.27276507955324863,1.9217963283354147,0.006966829299926758,0,0,1784970504.2370684,0.8879066877268229,-0.28239907397272157,1.5894939639613133,1784970504.2371063,0.01811384333608098,0.05245252259711163,-0.33251546721214775,0.009631994120390367,0.05432434265214396,-0.3323023643741014,1784970504.2371492,0.11046260530567664,-0.37014500519484594,1784970504.2245064,7021.80322265625,nan,nan,53.86928176879883,nan
36.04302930831909,1784970504.289921,BSMC,square,square_bsmc_tune_p04,1784970504.2529352,0.9415296223588714,-0.275473828510437,1.9162943480337962,0.11005126250594034,-0.05107365719485792,1784970504.2428503,0.9422306756773439,-0.27276507955324863,1.9217963283354147,0.04707074165344238,0,0,1784970504.2766802,0.8877959766578521,-0.2764786378184385,1.5894939639613133,1784970504.276718,0.017252289806575165,0.05089865242320324,-0.3268003840724829,0.015229523966686838,0.05239263852947018,-0.3323023643741014,1784970504.27676,0.10988944627220115,-0.3627491696251297,1784970504.2695346,7021.84814453125,nan,nan,44.93423843383789,nan
36.082932233810425,1784970504.329824,BSMC,square,square_bsmc_tune_p04,1784970504.3035192,0.9396437113441141,-0.2700704846839742,1.9093976737007123,0.11121514697877191,-0.06581550009315731,1784970504.2428503,0.9422306756773439,-0.27276507955324863,1.9217963283354147,0.08697366714477539,0,0,1784970504.3158712,0.8876943111998872,-0.27104192892768786,1.5894939639613133,1784970504.3159034,0.01633965186938319,0.04932240521356402,-0.31990370973939913,0.02036970950176542,0.05061876364857263,-0.3323023643741014,1784970504.315938,0.1093054639828497,-0.3534963888829813,1784970504.3194153,7021.8984375,nan,nan,50.18572998046875,nan
36.122841596603394,1784970504.3697333,BSMC,square,square_bsmc_tune_p04,1784970504.3526435,0.9377858913180542,-0.264609877164187,1.9022463230269608,0.11341250373682402,-0.07829128882655571,1784970504.3604822,0.9383844354922928,-0.25745329607966816,1.9047354494911442,0.009251117706298828,0,0,1784970504.3558216,0.8875915851152001,-0.26554850147346876,1.5894939639613133,1784970504.3558521,0.015446415915342999,0.04776774671418042,-0.3127523590656475,0.00900020972788049,0.05064032212231385,-0.3152414855298309,1784970504.3558872,0.10874187929073817,-0.34371557042930917,1784970504.3194153,7021.8984375,nan,nan,50.18572998046875,nan
36.16275072097778,1784970504.4096425,BSMC,square,square_bsmc_tune_p04,1784970504.402563,0.9358932567841999,-0.257872085510464,1.8960393545720764,0.11679241068990681,-0.0876610282581169,1784970504.3604822,0.9383844354922928,-0.25745329607966816,1.9047354494911442,0.04916024208068848,0,0,1784970504.3963175,0.8875915851152001,-0.26554850147346876,1.5894939639613133,1784970504.3963563,0.015446415915342999,0.04776774671418042,-0.3127523590656475,0.00900020972788049,0.05064032212231385,-0.3152414855298309,1784970504.3963976,0.10874187929073817,-0.34371557042930917,1784970504.3699563,7021.94873046875,nan,nan,50.11542892456055,nan
36.20356059074402,1784970504.4504523,BSMC,square,square_bsmc_tune_p04,1784970504.402563,0.9358932567841999,-0.257872085510464,1.8960393545720764,0.11679241068990681,-0.0876610282581169,1784970504.3604822,0.9383844354922928,-0.25745329607966816,1.9047354494911442,0.08997011184692383,0,0,1784970504.4366565,0.8874649721005361,-0.25877768554161495,1.5894939639613133,1784970504.4366884,0.01461660739794876,0.04617871432806066,-0.3065453906107631,0.015438495628649178,0.04854069027399121,-0.3152414855298309,1784970504.4367251,0.10820078885972019,-0.33531766792080253,1784970504.4214191,7021.99951171875,nan,nan,50.87456130981445,nan
36.24298620223999,1784970504.489878,BSMC,square,square_bsmc_tune_p04,1784970504.452509,0.9339528593275135,-0.25195180756005986,1.888352309565031,0.11970170031763386,-0.09828741514970186,1784970504.4552736,0.935362294060933,-0.2470946350694476,1.887867416642206,0.03460431098937988,0,0,1784970504.4764605,0.8873536244020997,-0.2528232046965826,1.5894939639613133,1784970504.4765,0.013722581107832725,0.044541427866003486,-0.2988583456037177,0.009525366795621118,0.04740164828139192,-0.2983734526808928,1784970504.4765434,0.10764319621637038,-0.3245636051681903,1784970504.4713843,7022.04931640625,nan,nan,49.96575927734375,nan
36.28271293640137,1784970504.5296047,BSMC,square,square_bsmc_tune_p04,1784970504.502962,0.9321601816195599,-0.2451395197585536,1.8802281729871755,0.12276423820777431,-0.10887722253458552,1784970504.4552736,0.935362294060933,-0.2470946350694476,1.887867416642206,0.07433104515075684,0,0,1784970504.516126,0.8872256537511098,-0.2459797871787861,1.5894939639613133,1784970504.5161655,0.012882990399188653,0.04305631663847286,-0.29073420902586217,0.016067557635404208,0.04538956507579208,-0.2983734526808928,1784970504.516208,0.10714039840629361,-0.31289517014023377,1784970504.5218658,7022.1005859375,nan,nan,51.40919494628906,nan
36.32294583320618,1784970504.5698376,BSMC,square,square_bsmc_tune_p04,1784970504.5525856,0.9302539686874437,-0.23900893647869187,1.8718904569943686,0.12522466088257925,-0.11835460538532867,1784970504.5579674,0.9314649024230344,-0.23129082567014403,1.8581720303613405,0.011870145797729492,0,0,1784970504.5565708,0.88711038670591,-0.23981571353969344,1.5894939639613133,1784970504.556605,0.012024406748943206,0.04144192560390317,-0.28239649303305536,0.004396399177638151,0.04495184592383147,-0.2686780664000272,1784970504.5566442,0.10662051741936616,-0.30090608066240976,1784970504.5218658,7022.1005859375,nan,nan,51.40919494628906,nan
36.36289620399475,1784970504.609788,BSMC,square,square_bsmc_tune_p04,1784970504.6027875,0.9286184975818054,-0.2317209417473389,1.860531146694146,0.12639128068755365,-0.12978096032771952,1784970504.5579674,0.9314649024230344,-0.23129082567014403,1.8581720303613405,0.05182051658630371,0,0,1784970504.596757,0.88711038670591,-0.23981571353969344,1.5894939639613133,1784970504.5969477,0.012024406748943206,0.04144192560390317,-0.28239649303305536,0.004396399177638151,0.04495184592383147,-0.2686780664000272,1784970504.5970123,0.10662051741936616,-0.30090608066240976,1784970504.5722466,7022.14990234375,nan,nan,49.13833236694336,nan
36.40278649330139,1784970504.6496782,BSMC,square,square_bsmc_tune_p04,1784970504.6027875,0.9286184975818054,-0.2317209417473389,1.860531146694146,0.12639128068755365,-0.12978096032771952,1784970504.6374638,0.9290042004663307,-0.2205848545499462,1.8351835403431433,0.012214422225952148,0,0,1784970504.636002,0.8869735784855277,-0.23249969408757143,1.5894939639613133,1784970504.6360373,0.011151580900998088,0.04013163322307508,-0.27103718273283284,-0.0005174817412208921,0.04368373608046843,-0.2456895763818301,1784970504.6360753,0.10616276407165663,-0.2837105419260192,1784970504.6218169,7022.20068359375,nan,nan,50.66838455200195,nan
36.44316792488098,1784970504.6900597,BSMC,square,square_bsmc_tune_p04,1784970504.6527195,0.9271972924011268,-0.2247335108225771,1.8475455456991492,0.1251975118076252,-0.14244416674597468,1784970504.6374638,0.9290042004663307,-0.2205848545499462,1.8351835403431433,0.05259585380554199,0,0,1784970504.6762998,0.886842463687425,-0.22548813870954298,1.5894939639613133,1784970504.676334,0.010300237036729656,0.039025463235523264,-0.25805158173783593,0.006284704452454976,0.041978050618254915,-0.2456895763818301,1784970504.6763744,0.10575311298141052,-0.26362254129897644,1784970504.6717741,7022.2490234375,nan,nan,48.595611572265625,nan
36.48344135284424,1784970504.730333,BSMC,square,square_bsmc_tune_p04,1784970504.7025259,0.9256442813854205,-0.21911049368158028,1.8385246792232812,0.1221089297128034,-0.14907121578949636,1784970504.6374638,0.9290042004663307,-0.2205848545499462,1.8351835403431433,0.09286928176879883,0,0,1784970504.7161772,0.8867368081835811,-0.21983805628623865,1.5894939639613133,1784970504.716211,0.009590994831371496,0.03771383879214835,-0.249030715261968,0.011766072077870242,0.040603567649762945,-0.2456895763818301,1784970504.71625,0.10535525259181726,-0.250192581844044,1784970504.7279954,7022.30615234375,nan,nan,56.94409942626953,nan
36.5230987071991,1784970504.7699904,BSMC,square,square_bsmc_tune_p04,1784970504.7526305,0.9241562758447505,-0.21351162750813016,1.82927379809185,0.11966412180895479,-0.15482932699292282,1784970504.7593162,0.9262261338501927,-0.20516105798068537,1.7982395985965696,0.010674238204956055,0,0,1784970504.7559545,0.8866316268638996,-0.2142133315537711,1.5894939639613133,1784970504.7559934,0.008913240547297268,0.03645745208664142,-0.23977983413053683,0.00010891955277533491,0.04061596701865684,-0.2087456346352563,1784970504.7560368,0.10498268021314063,-0.23643868628942402,1784970504.7279954,7022.30615234375,nan,nan,56.94409942626953,nan
36.56307291984558,1784970504.8099647,BSMC,square,square_bsmc_tune_p04,1784970504.8033967,0.9230779377158074,-0.2062962926510061,1.8139726304008292,0.12038538007245703,-0.16397682876158295,1784970504.7593162,0.9262261338501927,-0.20516105798068537,1.7982395985965696,0.05064845085144043,0,0,1784970504.7963328,0.8866316268638996,-0.2142133315537711,1.5894939639613133,1784970504.7963781,0.008913240547297268,0.03645745208664142,-0.23977983413053683,0.00010891955277533491,0.04061596701865684,-0.2087456346352563,1784970504.796428,0.10498268021314063,-0.23643868628942402,1784970504.8053277,7022.38427734375,nan,nan,78.14938354492188,nan
36.602832317352295,1784970504.849724,BSMC,square,square_bsmc_tune_p04,1784970504.8033967,0.9230779377158074,-0.2062962926510061,1.8139726304008292,0.12038538007245703,-0.16397682876158295,1784970504.7593162,0.9262261338501927,-0.20516105798068537,1.7982395985965696,0.0904078483581543,0,0,1784970504.836028,0.8864963716467691,-0.20698036121936603,1.5894939639613133,1784970504.8360674,0.008144412135391152,0.03566998005099701,-0.22447866643951597,0.0071861109544981774,0.03911679534885881,-0.2087456346352563,1784970504.8361104,0.1046581114220254,-0.21279165522273144,1784970504.8465343,7022.42529296875,nan,nan,40.83707046508789,nan
36.64313507080078,1784970504.8900268,BSMC,square,square_bsmc_tune_p04,1784970504.852662,0.9224115082549676,-0.20024280413198983,1.796753346871084,0.11401456842449878,-0.18007187435675437,1784970504.8493834,0.9246084929318301,-0.1948159763261894,1.7743556966652825,0.04064345359802246,0,0,1784970504.8763366,0.8863829791353162,-0.20091653101094487,1.5894939639613133,1784970504.8763695,0.007415200466192986,0.03526363027935685,-0.20725938290977064,0.0017529375271622986,0.038669547223817304,-0.18486173270396922,1784970504.8764136,0.10438523138915948,-0.18649207865890693,1784970504.8760912,7022.453125,nan,nan,28.156871795654297,nan
36.68323850631714,1784970504.9301302,BSMC,square,square_bsmc_tune_p04,1784970504.9028156,0.9212362668261433,-0.19501452844524012,1.787244462839899,0.11118094155220651,-0.18174233885824573,1784970504.8493834,0.9246084929318301,-0.1948159763261894,1.7743556966652825,0.08074688911437988,0,0,1784970504.9162962,0.8862848346973434,-0.19566811380824356,1.5894939639613133,1784970504.9163327,0.006867904553444275,0.034276255173598225,-0.19775049887858565,0.006912832419525345,0.037704663726144276,-0.18486173270396922,1784970504.9163718,0.10409485647245556,-0.17328063935326543,1784970504.9240685,7022.50244140625,nan,nan,48.988853454589844,nan
36.72293448448181,1784970504.9698262,BSMC,square,square_bsmc_tune_p04,1784970504.95516,0.920071656969052,-0.1896099815703507,1.7774261995697032,0.10903374315924184,-0.18272217014675593,1784970504.9598057,0.9223757122815902,-0.18124971725941819,1.735374605794807,0.01002049446105957,0,0,1784970504.956604,0.8862848346973434,-0.19566811380824356,1.5894939639613133,1784970504.9566476,0.006867904553444275,0.034276255173598225,-0.19775049887858565,-0.008310571809166827,0.037965457985449716,-0.1458806418334937,1784970504.9566894,0.10409485647245556,-0.17328063935326543,1784970504.9240685,7022.50244140625,nan,nan,48.988853454589844,nan
36.76265239715576,1784970505.0095441,BSMC,square,square_bsmc_tune_p04,1784970505.0030842,0.9196587259741161,-0.1834079554767755,1.7580531048104924,0.10701882479348157,-0.19688359111684778,1784970504.9598057,0.9223757122815902,-0.18124971725941819,1.735374605794807,0.049738407135009766,0,0,1784970504.9963865,0.8861833988891376,-0.19024368577386064,1.5894939639613133,1784970504.9964252,0.006332380296090434,0.03329739594163664,-0.1879322356083899,-0.0029428222919297767,0.03717680480211299,-0.1458806418334937,1784970504.9964726,0.10381175977904035,-0.16012009427922685,1784970504.9776666,7022.556640625,nan,nan,54.14460372924805,nan
36.80271553993225,1784970505.0496073,BSMC,square,square_bsmc_tune_p04,1784970505.0030842,0.9196587259741161,-0.1834079554767755,1.7580531048104924,0.10701882479348157,-0.19688359111684778,1784970505.038811,0.9215008628534314,-0.1718842760670104,1.708799784460825,0.010796308517456055,0,0,1784970505.0362988,0.8860673183364153,-0.18403610863152386,1.5894939639613133,1784970505.0363362,0.005636349796946871,0.03312112323630442,-0.1685591408491791,-0.0071618555996839925,0.03676834149216694,-0.11930582049951166,1784970505.03638,0.10354273899003409,-0.134192435923064,1784970505.0224385,7022.6015625,nan,nan,44.93730926513672,nan
36.84290289878845,1784970505.0897946,BSMC,square,square_bsmc_tune_p04,1784970505.052801,0.919271098471137,-0.17705816786718023,1.738340334529769,0.1060565341048503,-0.21055332240572747,1784970505.038811,0.9215008628534314,-0.1718842760670104,1.708799784460825,0.05098366737365723,0,0,1784970505.076515,0.8859484844814631,-0.17768129463006666,1.5894939639613133,1784970505.0765584,0.004942519543258184,0.032959920974297605,-0.14884637056845573,-0.0008511117126842743,0.03601184028866818,-0.11930582049951166,1784970505.076606,0.10324369881479985,-0.10915127601051856,1784970505.079416,7022.658203125,nan,nan,56.971519470214844,nan
36.883532762527466,1784970505.1304245,BSMC,square,square_bsmc_tune_p04,1784970505.102725,0.9184644116491235,-0.1721166359721979,1.7270628378700865,0.10365132396801928,-0.21319867451405203,1784970505.038811,0.9215008628534314,-0.1718842760670104,1.708799784460825,0.0916135311126709,0,0,1784970505.1165504,0.8858558290576583,-0.17272641047904858,1.5894939639613133,1784970505.11659,0.004472571652289194,0.032306154001811416,-0.13756887390877326,0.00406941072269445,0.03542199205352185,-0.11930582049951166,1784970505.1166315,0.10299109470534322,-0.09784913350341305,1784970505.1213624,7022.7001953125,nan,nan,41.99774169921875,nan
36.92295813560486,1784970505.1698499,BSMC,square,square_bsmc_tune_p04,1784970505.152541,0.9177440593286247,-0.1673566272112175,1.7158013694067848,0.10109851558809226,-0.21525131878426176,1784970505.1584272,0.921040269488061,-0.15561421743895365,1.672915370617054,0.01142263412475586,0,0,1784970505.1557362,0.8857665970757268,-0.16795459988362382,1.5894939639613133,1784970505.1557715,0.004028963719404028,0.031728269962293554,-0.12630740544547156,-0.008680237433407172,0.03634790891417364,-0.08342140665574083,1784970505.1558123,0.10274886995951005,-0.08707503855353976,1784970505.1213624,7022.7001953125,nan,nan,41.99774169921875,nan
36.96268916130066,1784970505.209581,BSMC,square,square_bsmc_tune_p04,1784970505.2030728,0.9177222028949,-0.16055293257306394,1.695446787482027,0.10048995338962907,-0.22510770448084583,1784970505.1584272,0.921040269488061,-0.15561421743895365,1.672915370617054,0.05115365982055664,0,0,1784970505.1961017,0.8857665970757268,-0.16795459988362382,1.5894939639613133,1784970505.196138,0.004028963719404028,0.031728269962293554,-0.12630740544547156,-0.008680237433407172,0.03634790891417364,-0.08342140665574083,1784970505.1961792,0.10274886995951005,-0.08707503855353976,1784970505.1723938,7022.75146484375,nan,nan,50.90067672729492,nan
37.00300717353821,1784970505.249899,BSMC,square,square_bsmc_tune_p04,1784970505.2030728,0.9177222028949,-0.16055293257306394,1.695446787482027,0.10048995338962907,-0.22510770448084583,1784970505.2393236,0.920722707045943,-0.14404539309029835,1.6458763819558875,0.010575294494628906,0,0,1784970505.236913,0.8856394060690157,-0.16115287498264375,1.5894939639613133,1784970505.2369502,0.0033934996269336056,0.0319084619395512,-0.10595282352071367,-0.014427704807280964,0.03626768917547066,-0.05638241799457422,1784970505.23699,0.10242550453087532,-0.06513766343241935,1784970505.221734,7022.80078125,nan,nan,49.338687896728516,nan
37.04312777519226,1784970505.2900195,BSMC,square,square_bsmc_tune_p04,1784970505.2529469,0.9177980569049576,-0.1538493714665472,1.674887081204813,0.09811736800205323,-0.2368194333159913,1784970505.2393236,0.920722707045943,-0.14404539309029835,1.6458763819558875,0.05069589614868164,0,0,1784970505.2759664,0.8855141210421646,-0.15445307513918383,1.5894939639613133,1784970505.27601,0.002753958066371437,0.032171923907126754,-0.08539311724349985,-0.007737381958141068,0.035890072366184765,-0.05638241799457422,1784970505.2760582,0.10205910537525655,-0.04254358005255193,1784970505.2721477,7022.8505859375,nan,nan,50.17198181152344,nan
37.08275008201599,1784970505.3296418,BSMC,square,square_bsmc_tune_p04,1784970505.3033211,0.9173629477229815,-0.1494400893325364,1.6629677850273403,0.09416004416832782,-0.2367888587879622,1784970505.2393236,0.920722707045943,-0.14404539309029835,1.6458763819558875,0.09031820297241211,0,0,1784970505.3159766,0.885431545001001,-0.15003720070017212,1.5894939639613133,1784970505.3160126,0.002344421649310033,0.031850819595560104,-0.07347382106602707,-0.003327753857520704,0.03564118307772416,-0.05638241799457422,1784970505.3160534,0.10179329233856003,-0.031175048298677323,1784970505.3284202,7022.9072265625,nan,nan,56.54706573486328,nan
37.12316107749939,1784970505.3700528,BSMC,square,square_bsmc_tune_p04,1784970505.3528867,0.91696566596397,-0.14506087612205967,1.6521484067453274,0.09209757560413084,-0.23381489220100865,1784970505.3599231,0.9210021998224671,-0.1261187788949582,1.6082841679961455,0.010129690170288086,0,0,1784970505.3563282,0.8853495442696216,-0.14565209179237093,1.5894939639613133,1784970505.3563669,0.0019799408035485314,0.03155960268088161,-0.06265444278401411,-0.018183360985934864,0.03635969669803717,-0.018790204034832225,1784970505.3564105,0.10154613314774286,-0.02137929812167298,1784970505.3284202,7022.9072265625,nan,nan,56.54706573486328,nan
37.16328716278076,1784970505.410179,BSMC,square,square_bsmc_tune_p04,1784970505.4032843,0.9173816866478975,-0.13767188234059474,1.6296763825058826,0.0904842738303779,-0.24742294264165055,1784970505.3599231,0.9210021998224671,-0.1261187788949582,1.6082841679961455,0.050255775451660156,0,0,1784970505.396684,0.8853495442696216,-0.14565209179237093,1.5894939639613133,1784970505.3967361,0.0019799408035485314,0.03155960268088161,-0.06265444278401411,-0.018183360985934864,0.03635969669803717,-0.018790204034832225,1784970505.3967915,0.10154613314774286,-0.02137929812167298,1784970505.3721619,7022.951171875,nan,nan,43.6526985168457,nan
37.203173875808716,1784970505.4500656,BSMC,square,square_bsmc_tune_p04,1784970505.4032843,0.9173816866478975,-0.13767188234059474,1.6296763825058826,0.0904842738303779,-0.24742294264165055,1784970505.3599231,0.9210021998224671,-0.1261187788949582,1.6082841679961455,0.09014248847961426,0,0,1784970505.4360304,0.885211565167061,-0.1382734577051875,1.5894939639613133,1784970505.4360669,0.0012925513823647357,0.03214977324857848,-0.04018241854456939,-0.010804739702657228,0.03622103457901798,-0.018790204034832225,1784970505.4361057,0.10105672474047338,0.003840782456596999,1784970505.4293487,7023.00830078125,nan,nan,57.279937744140625,nan
37.24295949935913,1784970505.4898512,BSMC,square,square_bsmc_tune_p04,1784970505.4539247,0.9171619335880059,-0.13346055587880826,1.6166463860855915,0.08767755653792499,-0.2490305796890306,1784970505.4547129,0.9214564153139625,-0.1146714621705191,1.5833899486218346,0.03513836860656738,0,0,1784970505.4769435,0.8851327648467167,-0.1340594954530533,1.5894939639613133,1784970505.4769893,0.000869714675074943,0.03202296012637708,-0.027152422124278264,-0.018929061612820913,0.03656492915744993,0.006104015339478685,1784970505.477033,0.10072848847741413,0.01683109461882177,1784970505.477833,7023.056640625,nan,nan,48.47285461425781,nan
37.2829110622406,1784970505.5298028,BSMC,square,square_bsmc_tune_p04,1784970505.5027544,0.9176916832143587,-0.12615911939177013,1.5966339188317495,0.08775521292189213,-0.257874045383556,1784970505.4547129,0.9214564153139625,-0.1146714621705191,1.5833899486218346,0.07508993148803711,0,0,1784970505.515814,0.8849964622323376,-0.1267705140206159,1.5894939639613133,1784970505.5158513,0.0002334812303749046,0.03270010343975127,-0.0071399548704362825,-0.011638941688253596,0.036609428713967246,0.006104015339478685,1784970505.5158927,0.10020291454578087,0.03888238456786188,1784970505.5282524,7023.107421875,nan,nan,50.5053825378418,nan
37.323038816452026,1784970505.5699306,BSMC,square,square_bsmc_tune_p04,1784970505.552912,0.9175798204328994,-0.12179537417448867,1.5849390423508058,0.08752298809355377,-0.2539092972370046,1784970505.560417,0.9222139276047954,-0.09944281243148323,1.5511985864206186,0.009513616561889648,0,0,1784970505.556158,0.8849148504197947,-0.1224062031157701,1.5894939639613133,1784970505.556197,-0.0001488118750130119,0.03267034179463684,0.004554921610507412,-0.02368991187480123,0.036841912897350816,0.038295377540694675,1784970505.556238,0.09986800818623821,0.04966417058478681,1784970505.5282524,7023.107421875,nan,nan,50.5053825378418,nan
37.362781286239624,1784970505.609673,BSMC,square,square_bsmc_tune_p04,1784970505.6027162,0.9182554610385247,-0.11355590095595508,1.5667853825570237,0.0905388260136685,-0.2552344587000641,1784970505.560417,0.9222139276047954,-0.09944281243148323,1.5511985864206186,0.049256086349487305,0,0,1784970505.5962162,0.8849148504197947,-0.1224062031157701,1.5894939639613133,1784970505.5962548,-0.0001488118750130119,0.03267034179463684,0.004554921610507412,-0.02368991187480123,0.036841912897350816,0.038295377540694675,1784970505.596296,0.09986800818623821,0.04966417058478681,1784970505.5736957,7023.15234375,nan,nan,45.20380783081055,nan
37.40305042266846,1784970505.6499422,BSMC,square,square_bsmc_tune_p04,1784970505.6027162,0.9182554610385247,-0.11355590095595508,1.5667853825570237,0.0905388260136685,-0.2552344587000641,1784970505.6408932,0.9231842148503306,-0.09011762655403388,1.5296425038133625,0.009048938751220703,0,0,1784970505.6363847,0.884761063820249,-0.11418224003367361,1.5894939639613133,1784970505.6364424,-0.0007606778388657292,0.033491615590791876,0.022708581404289555,-0.025625051240987098,0.03740054686634553,0.05985146014795073,1784970505.636493,0.09930482062633235,0.0686873349903878,1784970505.6263487,7023.205078125,nan,nan,52.82480239868164,nan
37.4436891078949,1784970505.6905808,BSMC,square,square_bsmc_tune_p04,1784970505.6526504,0.9190219213257171,-0.10586365051969818,1.548606714196348,0.09131162360983623,-0.26004051914373927,1784970505.6408932,0.9231842148503306,-0.09011762655403388,1.5296425038133625,0.04968762397766113,0,0,1784970505.676559,0.8846175383562153,-0.10650700616387232,1.5894939639613133,1784970505.6766014,-0.0014065545459809262,0.0343816386797695,0.04088724976496527,-0.017962220938912532,0.03785972687089583,0.05985146014795073,1784970505.6766515,0.09867865528424385,0.08843110196122828,1784970505.6738133,7023.25244140625,nan,nan,47.28207778930664,nan
37.482789278030396,1784970505.729681,BSMC,square,square_bsmc_tune_p04,1784970505.7026167,0.9191294154382808,-0.10142355150602796,1.536519408956833,0.09034308194186157,-0.2568904237451499,1784970505.6408932,0.9231842148503306,-0.09011762655403388,1.5296425038133625,0.08878779411315918,0,0,1784970505.7158518,0.8845345759193963,-0.10207046865270375,1.5894939639613133,1784970505.715901,-0.0018321094338784945,0.03455234866335896,0.05297455500448023,-0.013532853097675256,0.038125148009733274,0.05985146014795073,1784970505.715944,0.09824746133513479,0.09995468892455671,1784970505.7242992,7023.30322265625,nan,nan,50.76895523071289,nan
37.523186922073364,1784970505.7700787,BSMC,square,square_bsmc_tune_p04,1784970505.7525215,0.9192767722128486,-0.09683120806201292,1.5256545738466325,0.09097575473224208,-0.2505904077408655,1784970505.758991,0.9245117062772622,-0.07699257512345922,1.4980697741516997,0.011087656021118164,0,0,1784970505.7558992,0.8844487814692931,-0.09748248509377899,1.5894939639613133,1784970505.7559333,-0.002222276209163978,0.034763121112113674,0.06383939011468076,-0.02334681737459343,0.03846817481033095,0.09142418980961355,1784970505.755971,0.09784069274601251,0.10974614181914513,1784970505.7242992,7023.30322265625,nan,nan,50.76895523071289,nan
37.562983989715576,1784970505.8098757,BSMC,square,square_bsmc_tune_p04,1784970505.8025308,0.9203203633675043,-0.08878408360606681,1.5086203246752798,0.09418786543936468,-0.2517598038734344,1784970505.758991,0.9245117062772622,-0.07699257512345922,1.4980697741516997,0.05088472366333008,0,0,1784970505.796354,0.8844487814692931,-0.09748248509377899,1.5894939639613133,1784970505.7963958,-0.002222276209163978,0.034763121112113674,0.06383939011468076,-0.02334681737459343,0.03846817481033095,0.09142418980961355,1784970505.7964392,0.09784069274601251,0.10974614181914513,1784970505.773463,7023.35205078125,nan,nan,48.84186553955078,nan
37.6027557849884,1784970505.8496475,BSMC,square,square_bsmc_tune_p04,1784970505.8025308,0.9203203633675043,-0.08878408360606681,1.5086203246752798,0.09418786543936468,-0.2517598038734344,1784970505.758991,0.9245117062772622,-0.07699257512345922,1.4980697741516997,0.09065651893615723,0,0,1784970505.8358526,0.8842987191200817,-0.08945768173917557,1.5894939639613133,1784970505.8358855,-0.0029105355964316685,0.035910184784747425,0.08087363928603342,-0.015354130767216017,0.03920094243035449,0.09142418980961355,1784970505.8359241,0.09711187960444842,0.12796157534687888,1784970505.823297,7023.40234375,nan,nan,50.0405158996582,nan
37.64372110366821,1784970505.8906128,BSMC,square,square_bsmc_tune_p04,1784970505.8524258,0.9214186294524703,-0.08127807999361708,1.4938947962446207,0.09690096323675518,-0.250606879707279,1784970505.850956,0.9260687123594229,-0.06813480734926614,1.4805207347269729,0.039656877517700195,0,0,1784970505.8762033,0.8841587912063424,-0.08197483212714374,1.5894939639613133,1784970505.8762646,-0.0035572081357074336,0.03709618956095686,0.09559916771669252,-0.017561973226958204,0.040491540762056584,0.10897322923434039,1784970505.8763132,0.09641304471196958,0.1435166815222418,1784970505.8734472,7023.4521484375,nan,nan,50.019371032714844,nan
37.683449506759644,1784970505.9303412,BSMC,square,square_bsmc_tune_p04,1784970505.9025729,0.9217889135301724,-0.07640113511809066,1.483380273115873,0.09717459213246683,-0.2435142188097731,1784970505.850956,0.9260687123594229,-0.06813480734926614,1.4805207347269729,0.07938528060913086,0,0,1784970505.9163237,0.8840677545487579,-0.07710651386465917,1.5894939639613133,1784970505.916362,-0.003995922231128249,0.037515543440020165,0.10611369084544031,-0.012721686349570792,0.04102110031721181,0.10897322923434039,1784970505.9164033,0.09592111076161078,0.15302218082580182,1784970505.9245105,7023.50341796875,nan,nan,51.221431732177734,nan
37.722963094711304,1784970505.9698548,BSMC,square,square_bsmc_tune_p04,1784970505.9533558,0.9222022312341396,-0.07141522701451934,1.474011047696598,0.0976683130196579,-0.23385732003778634,1784970505.9622319,0.9281388051437779,-0.055452558469437946,1.4528786763088035,0.007622957229614258,0,0,1784970505.9563012,0.8839746960539523,-0.07213007490302337,1.5894939639613133,1784970505.9563468,-0.004405591395330647,0.037979549996195905,0.11548291626471531,-0.021757371683079643,0.04189540384737748,0.13661528765250974,1784970505.9563932,0.09545700511614504,0.16098285758104916,1784970505.9245105,7023.50341796875,nan,nan,51.221431732177734,nan
37.762815952301025,1784970506.0097077,BSMC,square,square_bsmc_tune_p04,1784970506.0026343,0.9235691274970969,-0.06405662549094879,1.4609146665698256,0.09874909363810574,-0.22854879165853376,1784970505.9622319,0.9281388051437779,-0.055452558469437946,1.4528786763088035,0.04747581481933594,0,0,1784970505.9964788,0.8839746960539523,-0.07213007490302337,1.5894939639613133,1784970505.996522,-0.004405591395330647,0.037979549996195905,0.11548291626471531,-0.021757371683079643,0.04189540384737748,0.13661528765250974,1784970505.9965994,0.09545700511614504,0.16098285758104916,1784970505.9738986,7023.552734375,nan,nan,49.14113998413086,nan
37.80302906036377,1784970506.0499208,BSMC,square,square_bsmc_tune_p04,1784970506.0026343,0.9235691274970969,-0.06405662549094879,1.4609146665698256,0.09874909363810574,-0.22854879165853376,1784970506.0438244,0.9292230230685432,-0.0475739958991799,1.426017193629876,0.006096363067626953,0,0,1784970506.0367198,0.8838376174712882,-0.06479959743290509,1.5894939639613133,1784970506.0367558,-0.005095475368370758,0.03941041774718704,0.12857929739148766,-0.023593312196346167,0.04242536987501423,0.16347677033143726,1784970506.0367973,0.09469048812936792,0.1744218865532145,1784970506.0253081,7023.60400390625,nan,nan,51.61254119873047,nan
37.842891454696655,1784970506.0897832,BSMC,square,square_bsmc_tune_p04,1784970506.0528233,0.9249233454943714,-0.057267960304333114,1.4466388568086261,0.09830302318762658,-0.2246694435994962,1784970506.0438244,0.9292230230685432,-0.0475739958991799,1.426017193629876,0.045958757400512695,0,0,1784970506.0763838,0.8837111884361303,-0.05803862007391869,1.5894939639613133,1784970506.0764227,-0.0058683888169723765,0.04079948306739221,0.14285510715268712,-0.016921309973395048,0.0435259086006359,0.16347677033143726,1784970506.076467,0.09381717286819721,0.18926220648662867,1784970506.0745573,7023.6533203125,nan,nan,49.092201232910156,nan
37.88296151161194,1784970506.1298532,BSMC,square,square_bsmc_tune_p04,1784970506.102923,0.9254878444631554,-0.05253104169094452,1.439431600050588,0.09703496199625346,-0.21058134986617322,1784970506.0438244,0.9292230230685432,-0.0475739958991799,1.426017193629876,0.0860288143157959,0,0,1784970506.1159008,0.8836228372185544,-0.05331390963913807,1.5894939639613133,1784970506.1159322,-0.0062599042393291435,0.04140175494745638,0.15006236391072525,-0.012258777198934954,0.04429498776252854,0.16347677033143726,1784970506.1159666,0.09336745991608067,0.19489544625502864,1784970506.1246789,7023.70361328125,nan,nan,50.3037223815918,nan
37.922836780548096,1784970506.1697285,BSMC,square,square_bsmc_tune_p04,1784970506.1526895,0.9260768942958862,-0.04770057350371632,1.433572523419111,0.09729963349966227,-0.19568379473876357,1784970506.162434,0.9314893867022553,-0.036970868895552546,1.4028078951238392,0.007294416427612305,0,0,1784970506.156074,0.883532745834655,-0.04849614126795676,1.5894939639613133,1784970506.156113,-0.006607854026997859,0.0420353870151884,0.15592144054220225,-0.01938135555633718,0.045354540713813146,0.18668606883747407,1784970506.1561568,0.09297197438375068,0.20012115953802434,1784970506.1246789,7023.70361328125,nan,nan,50.3037223815918,nan
37.96352481842041,1784970506.2104166,BSMC,square,square_bsmc_tune_p04,1784970506.2029126,0.9276605125838817,-0.04106143656525246,1.4204867497029439,0.09913452268569954,-0.19090926258234409,1784970506.162434,0.9314893867022553,-0.036970868895552546,1.4028078951238392,0.04798245429992676,0,0,1784970506.1966732,0.883532745834655,-0.04849614126795676,1.5894939639613133,1784970506.1967127,-0.006607854026997859,0.0420353870151884,0.15592144054220225,-0.01938135555633718,0.045354540713813146,0.18668606883747407,1784970506.1967564,0.09297197438375068,0.20012115953802434,1784970506.1777928,7023.75634765625,nan,nan,52.872650146484375,nan
38.00281381607056,1784970506.2497056,BSMC,square,square_bsmc_tune_p04,1784970506.2029126,0.9276605125838817,-0.04106143656525246,1.4204867497029439,0.09913452268569954,-0.19090926258234409,1784970506.2423134,0.9332085560515786,-0.029659938156541325,1.382852689546367,0.007392168045043945,0,0,1784970506.2363315,0.8834091921622276,-0.04188892813168088,1.5894939639613133,1784970506.2363708,-0.0074445411410871,0.04362846443035873,0.1690072142583694,-0.02131811416238684,0.04663756906352972,0.20664127441494617,1784970506.2364125,0.09202402809565642,0.2171607205655578,1784970506.224237,7023.80322265625,nan,nan,46.624088287353516,nan
38.042919874191284,1784970506.2898116,BSMC,square,square_bsmc_tune_p04,1784970506.252817,0.9292454179526065,-0.03479110712248654,1.4075950599845346,0.10113213059287948,-0.18660910507333323,1784970506.2423134,0.9332085560515786,-0.029659938156541325,1.382852689546367,0.047498226165771484,0,0,1784970506.27648,0.883292533161369,-0.03565041763018373,1.5894939639613133,1784970506.2765224,-0.008314214081318178,0.045202653455249674,0.18189890397677866,-0.015211257048119237,0.047917771698150785,0.20664127441494617,1784970506.276593,0.0910336875318765,0.2349923973947375,1784970506.2784243,7023.857421875,nan,nan,54.24611282348633,nan
38.08297348022461,1784970506.3298652,BSMC,square,square_bsmc_tune_p04,1784970506.3027325,0.9300138687088587,-0.030020274983571325,1.4011423031834491,0.09936424759239817,-0.1766017324256879,1784970506.2423134,0.9332085560515786,-0.029659938156541325,1.382852689546367,0.08755183219909668,0,0,1784970506.3167958,0.883203619282346,-0.03089561805251828,1.5894939639613133,1784970506.3168352,-0.008766281681340608,0.045990411852298914,0.18835166077786414,-0.01055679960658503,0.048893502514819644,0.20664127441494617,1784970506.3168821,0.0905170925641195,0.2442274647363448,1784970506.2784243,7023.857421875,nan,nan,54.24611282348633,nan
38.12309718132019,1784970506.369989,BSMC,square,square_bsmc_tune_p04,1784970506.3524508,0.9307831660047344,-0.025221060522880284,1.3963634203035706,0.09861954810348536,-0.163048599992538,1784970506.3618722,0.9359904653831815,-0.019029781029840598,1.3566313756282216,0.008116722106933594,0,0,1784970506.3562884,0.8831141751405621,-0.026112461899028827,1.5894939639613133,1784970506.3563213,-0.00915081245976709,0.04679091704324798,0.19313054365774265,-0.01815875034246619,0.05016299656237133,0.2328625883330917,1784970506.3563583,0.09008810434552626,0.25140364662506065,1784970506.3503048,7023.92919921875,nan,nan,71.99874877929688,nan
38.16307735443115,1784970506.409969,BSMC,square,square_bsmc_tune_p04,1784970506.4029016,0.9325705900185357,-0.019431067211646152,1.3829191050882457,0.09908170990804661,-0.1600298017367012,1784970506.3618722,0.9359904653831815,-0.019029781029840598,1.3566313756282216,0.04809689521789551,0,0,1784970506.396193,0.8831141751405621,-0.026112461899028827,1.5894939639613133,1784970506.3962348,-0.00915081245976709,0.04679091704324798,0.19313054365774265,-0.01815875034246619,0.05016299656237133,0.2328625883330917,1784970506.3962808,0.09008810434552626,0.25140364662506065,1784970506.3757195,7023.95458984375,nan,nan,25.14426612854004,nan
38.20333814620972,1784970506.45023,BSMC,square,square_bsmc_tune_p04,1784970506.4029016,0.9325705900185357,-0.019431067211646152,1.3829191050882457,0.09908170990804661,-0.1600298017367012,1784970506.3618722,0.9359904653831815,-0.019029781029840598,1.3566313756282216,0.08835768699645996,0,0,1784970506.4362228,0.8830065659899378,-0.02035790536000215,1.5894939639613133,1784970506.4362574,-0.010167794268367981,0.048518733150988445,0.2065748588730676,-0.012558531536493452,0.051491172008380666,0.2328625883330917,1784970506.436295,0.08892625914186303,0.2714306665213433,1784970506.3757195,7023.95458984375,nan,nan,25.14426612854004,nan
38.24287128448486,1784970506.489763,BSMC,square,square_bsmc_tune_p04,1784970506.4530625,0.9334992009069802,-0.014546711923534326,1.3748889307656122,0.09908170990804661,-0.1600298017367012,1784970506.458306,0.937943280400923,-0.011887725030312588,1.3392067472602767,0.031456947326660156,0,0,1784970506.477453,0.8829155859766592,-0.015492616234534351,1.5894939639613133,1784970506.4775023,-0.01077424774713632,0.04943189678606208,0.214605033195701,-0.01613887970701444,0.05273119528369282,0.2502872167010366,1784970506.4775562,0.08822472029782731,0.28347082577383925,1784970506.477131,7024.05419921875,nan,nan,22.902551651000977,nan
38.28275418281555,1784970506.529646,BSMC,square,square_bsmc_tune_p04,1784970506.5032482,0.9351731658776342,-0.009480820758814646,1.3675129678720046,0.09789634159663868,-0.13891031655295816,1784970506.458306,0.937943280400923,-0.011887725030312588,1.3392067472602767,0.07133984565734863,0,0,1784970506.51609,0.8828214730091134,-0.010459787802603482,1.5894939639613133,1784970506.5161235,-0.011527891604605184,0.05107607891983518,0.22198099608930866,-0.011262015094506007,0.0539779554158654,0.2502872167010366,1784970506.516158,0.08740177765841839,0.29541482368963434,1784970506.477131,7024.05419921875,nan,nan,22.902551651000977,nan
38.323238134384155,1784970506.5701299,BSMC,square,square_bsmc_tune_p04,1784970506.5525384,0.9361467438936844,-0.004757708269938883,1.360670193186632,0.09789634159663868,-0.13891031655295816,1784970506.5624704,0.9411504229867259,-0.00031846546227842776,1.3157144720018303,0.007659435272216797,0,0,1784970506.555885,0.8827335228713227,-0.005756525695286174,1.5894939639613133,1784970506.5559158,-0.01211795185799216,0.05203003996731332,0.2288237707746812,-0.020002120857410044,0.055154527279239564,0.2737794919594829,1784970506.5559533,0.0867295898878063,0.30594795874147795,1784970506.555684,7024.13427734375,nan,nan,80.12024688720703,nan
38.363572120666504,1784970506.6104639,BSMC,square,square_bsmc_tune_p04,1784970506.6024578,0.9380366239492781,0.0005704274599471998,1.3513951086285225,0.09813180613875455,-0.1231113605754745,1784970506.5624704,0.9411504229867259,-0.00031846546227842776,1.3157144720018303,0.04799342155456543,0,0,1784970506.596411,0.8827335228713227,-0.005756525695286174,1.5894939639613133,1784970506.5964487,-0.01211795185799216,0.05203003996731332,0.2288237707746812,-0.020002120857410044,0.055154527279239564,0.2737794919594829,1784970506.5964894,0.0867295898878063,0.30594795874147795,1784970506.5754945,7024.154296875,nan,nan,19.86850357055664,nan
38.40292191505432,1784970506.6498137,BSMC,square,square_bsmc_tune_p04,1784970506.6024578,0.9380366239492781,0.0005704274599471998,1.3513951086285225,0.09813180613875455,-0.1231113605754745,1784970506.6420906,0.9435066078460537,0.007952361954146295,1.3079911052275028,0.007723093032836914,0,0,1784970506.6362405,0.8826345831682529,-0.00046558052969858377,1.5894939639613133,1784970506.6363294,-0.013069162898619823,0.053848457883084504,0.23809885533279074,-0.02394288469742261,0.05659508297018415,0.2815028587338104,1784970506.6363938,0.08567794927748798,0.32072670780198287,1784970506.5754945,7024.154296875,nan,nan,19.86850357055664,nan
38.44315218925476,1784970506.690044,BSMC,square,square_bsmc_tune_p04,1784970506.6535494,0.9399710980523578,0.006035203508317755,1.3363837503516767,0.09864606518060359,-0.134405608617497,1784970506.6420906,0.9435066078460537,0.007952361954146295,1.3079911052275028,0.04795336723327637,0,0,1784970506.6763794,0.8825331047978331,0.004961123581260551,1.5894939639613133,1784970506.676423,-0.01438592333579591,0.05561764042615557,0.2531102136096366,-0.01872886953848542,0.05810288311938729,0.2815028587338104,1784970506.67647,0.08415421320862373,0.34333870131286004,1784970506.6821322,7024.26123046875,nan,nan,20.314071655273438,nan
38.48265480995178,1784970506.7295465,BSMC,square,square_bsmc_tune_p04,1784970506.7026823,0.941085892838799,0.011091900941458491,1.3386865958483976,0.10114797395615605,-0.10340348779988519,1784970506.6420906,0.9435066078460537,0.007952361954146295,1.3079911052275028,0.08745598793029785,0,0,1784970506.716166,0.8824389682272515,0.009995214220009707,1.5894939639613133,1784970506.7162023,-0.014557898942252668,0.056821932970858066,0.2508073681129157,-0.013892080141972213,0.05950159630901558,0.2815028587338104,1784970506.7162442,0.08406028491833072,0.3412671924769442,1784970506.6821322,7024.26123046875,nan,nan,20.314071655273438,nan
38.523136138916016,1784970506.7700279,BSMC,square,square_bsmc_tune_p04,1784970506.7529438,0.9422299365130152,0.01622673799486835,1.33865032499263,0.10274500152015925,-0.08602245751239646,1784970506.761312,0.9471184138472432,0.020579931791906224,1.2968150592328607,0.00871586799621582,0,0,1784970506.7562492,0.8823433811951635,0.015106870406833672,1.5894939639613133,1784970506.7562852,-0.014867716432185955,0.0580224492704759,0.2508436389686832,-0.02279486715141844,0.060878184003400906,0.2926789047284526,1784970506.7563503,0.08378674527107288,0.34243733603812765,1784970506.7458096,7024.32470703125,nan,nan,63.584068298339844,nan
38.56316924095154,1784970506.810061,BSMC,square,square_bsmc_tune_p04,1784970506.8028915,0.9442669256362793,0.02162951391987075,1.32830807873812,0.10199376334576388,-0.08435811016054942,1784970506.761312,0.9471184138472432,0.020579931791906224,1.2968150592328607,0.04874897003173828,0,0,1784970506.796201,0.8823433811951635,0.015106870406833672,1.5894939639613133,1784970506.796243,-0.014867716432185955,0.0580224492704759,0.2508436389686832,-0.02279486715141844,0.060878184003400906,0.2926789047284526,1784970506.7962894,0.08378674527107288,0.34243733603812765,1784970506.7767456,7024.35546875,nan,nan,30.810894012451172,nan
38.6029098033905,1784970506.8498015,BSMC,square,square_bsmc_tune_p04,1784970506.8028915,0.9442669256362793,0.02162951391987075,1.32830807873812,0.10199376334576388,-0.08435811016054942,1784970506.8484137,0.9494145742118829,0.0286355537019483,1.29419211513862,0.0013878345489501953,0,0,1784970506.835929,0.8822430976456308,0.020469679725301893,1.5894939639613133,1784970506.8359718,-0.016018989770995466,0.05993073018651777,0.2611858852231932,-0.02619936906187663,0.06238815450590448,0.2953018488226933,1784970506.8360198,0.08251173206650356,0.35839425599287167,1784970506.8275845,7024.40673828125,nan,nan,51.060550689697266,nan
38.64303255081177,1784970506.8899243,BSMC,square,square_bsmc_tune_p04,1784970506.8531356,0.9461469719221118,0.026812601174844578,1.3208665999547318,0.10047110791222813,-0.07916776643742968,1784970506.8484137,0.9494145742118829,0.0286355537019483,1.29419211513862,0.041510581970214844,0,0,1784970506.876376,0.8821468659367648,0.025615810944660478,1.5894939639613133,1784970506.8764172,-0.016989127625345306,0.06171560107072151,0.2686273640065815,-0.021275130796842394,0.0638860879416155,0.2953018488226933,1784970506.8764632,0.0814631790383976,0.3700591817713883,1784970506.8867636,7024.46533203125,nan,nan,58.9718017578125,nan
38.68364882469177,1784970506.9305406,BSMC,square,square_bsmc_tune_p04,1784970506.9025059,0.9472536286853986,0.031308157641297164,1.3212387350775265,0.09752193463595783,-0.06380006176331136,1784970506.8484137,0.9494145742118829,0.0286355537019483,1.29419211513862,0.08212685585021973,0,0,1784970506.9165497,0.8820632160864647,0.03008910889600358,1.5894939639613133,1784970506.9165883,-0.01728170520205476,0.06286985477931317,0.26825522888378667,-0.01699471430453841,0.0651881733886418,0.2953018488226933,1784970506.916632,0.08121558086902488,0.3705836234326348,1784970506.8867636,7024.46533203125,nan,nan,58.9718017578125,nan
38.722991943359375,1784970506.9698837,BSMC,square,square_bsmc_tune_p04,1784970506.9526339,0.9484606075790695,0.036043809062249535,1.318041570594031,0.09752193463595783,-0.06380006176331136,1784970506.9611216,0.952856382319223,0.04108938649260936,1.295401023754688,0.008762121200561523,0,0,1784970506.956208,0.8819751131427301,0.03480054252440046,1.5894939639613133,1784970506.9562418,-0.01782993400618573,0.06406215837343998,0.27145239336728233,-0.025326423139475446,0.06650019676277022,0.29409294020662524,1784970506.9562774,0.0806479061766773,0.37590233481048063,1784970506.957752,7024.53662109375,nan,nan,71.06893157958984,nan
