t,ros_time,controller,trajectory,run_id,odom_stamp,odom_x,odom_y,odom_yaw,odom_v,odom_w,camera_stamp,camera_x,camera_y,camera_yaw,camera_age_s,disturbance_event,control_paused,desired_stamp,desired_x,desired_y,desired_yaw,error_stamp,error_ex,error_ey,error_etheta,camera_error_ex,camera_error_ey,camera_error_etheta,cmd_stamp,cmd_v,cmd_w,espnow_link_stamp,espnow_rx_time,espnow_robot_time_ms,espnow_seq,espnow_interarrival_ms,espnow_seq_gap
0.043119192123413086,1784975754.6872761,BSMC,circle,circle_bsmc_5laps_set01,nan,nan,nan,nan,nan,nan,nan,nan,nan,nan,nan,0,0,nan,nan,nan,nan,nan,nan,nan,nan,nan,nan,nan,nan,nan,nan,1784975754.6591716,12272.236328125,nan,nan,50.96664810180664,nan
0.08371758460998535,1784975754.7278745,BSMC,circle,circle_bsmc_5laps_set01,1784975754.6889813,1.0607503276928183,-0.06216139225840555,1.5883982564114414,-1.8987566841640647e-06,0.00012115194327653572,nan,nan,nan,nan,nan,0,0,nan,nan,nan,nan,nan,nan,nan,nan,nan,nan,nan,1784975754.722895,0.0,0.0,1784975754.710071,12272.2861328125,nan,nan,49.84709930419922,nan
0.12300825119018555,1784975754.7671652,BSMC,circle,circle_bsmc_5laps_set01,1784975754.7393143,1.0607503280227844,-0.06216141105679411,1.5884024821096985,-1.3269004004963464e-06,0.00011504101553643164,1784975754.754845,1.0607700858207452,-0.062179842737299325,1.5886688868701135,0.012320280075073242,0,0,nan,nan,nan,nan,nan,nan,nan,nan,nan,nan,nan,1784975754.7629144,0.0,0.0,1784975754.7584085,12272.3369140625,nan,nan,50.15314865112305,nan
0.16268634796142578,1784975754.8068433,BSMC,circle,circle_bsmc_5laps_set01,1784975754.7893455,1.060752963463206,-0.062164584093741024,1.5884689993263814,-2.446483674892109e-06,0.00018547284874072617,1784975754.754845,1.0607700858207452,-0.062179842737299325,1.5886688868701135,0.05199837684631348,0,0,nan,nan,nan,nan,nan,nan,nan,nan,nan,nan,nan,1784975754.8028078,0.0,0.0,1784975754.7584085,12272.3369140625,nan,nan,50.15314865112305,nan
0.20290637016296387,1784975754.8470633,BSMC,circle,circle_bsmc_5laps_set01,1784975754.8391588,1.060752963877063,-0.06216460738221479,1.5884753912833,-1.7083527635625591e-06,0.00017612529644541085,1784975754.8393426,1.0607636946425516,-0.06217230617143684,1.5885626879444006,0.0077207088470458984,0,0,nan,nan,nan,nan,nan,nan,nan,nan,nan,nan,nan,1784975754.8427153,0.0,0.0,1784975754.807374,12272.3857421875,nan,nan,49.476436614990234,nan
0.24304795265197754,1784975754.887205,BSMC,circle,circle_bsmc_5laps_set01,1784975754.8391588,1.060752963877063,-0.06216460738221479,1.5884753912833,-1.7083527635625591e-06,0.00017612529644541085,1784975754.8393426,1.0607636946425516,-0.06217230617143684,1.5885626879444006,0.04786229133605957,0,0,nan,nan,nan,nan,nan,nan,nan,nan,nan,nan,nan,1784975754.883112,0.0,0.0,1784975754.8584476,12272.4375,nan,nan,51.04570007324219,nan
0.28264904022216797,1784975754.926806,BSMC,circle,circle_bsmc_5laps_set01,1784975754.88885,1.0607543659572485,-0.06216591924687411,1.5885018576692502,-1.7512394261774616e-06,0.00019149294188175185,1784975754.8393426,1.0607636946425516,-0.06217230617143684,1.5885626879444006,0.08746337890625,0,0,nan,nan,nan,nan,nan,nan,nan,nan,nan,nan,nan,1784975754.922765,0.0,0.0,1784975754.9082575,12272.486328125,nan,nan,49.413917541503906,nan
0.32302284240722656,1784975754.9671798,BSMC,circle,circle_bsmc_5laps_set01,1784975754.9389513,1.0607543662473577,-0.06216593557528595,1.5885084683304564,-1.2217971436723682e-06,0.00018177274457213384,1784975754.951266,1.0607656560946888,-0.06217067406713513,1.5885979080943475,0.015913724899291992,0,0,nan,nan,nan,nan,nan,nan,nan,nan,nan,nan,nan,1784975754.9629962,0.0,0.0,1784975754.9647782,12272.54296875,nan,nan,56.06552505493164,nan
0.3628404140472412,1784975755.0069973,BSMC,circle,circle_bsmc_5laps_set01,1784975754.9890723,1.0607558641914567,-0.0621667633504933,1.5885355902632587,-1.2313123676532198e-06,0.00019783698882765692,1784975754.951266,1.0607656560946888,-0.06217067406713513,1.5885979080943475,0.05573129653930664,0,0,nan,nan,nan,nan,nan,nan,nan,nan,nan,nan,nan,1784975755.0027552,0.0,0.0,1784975754.9647782,12272.54296875,nan,nan,56.06552505493164,nan
0.4027140140533447,1784975755.046871,BSMC,circle,circle_bsmc_5laps_set01,1784975755.038962,1.0607571342770692,-0.06216742490546306,1.588554851155212,-1.259887650570641e-06,0.00020399805820726713,1784975755.032912,1.0607656560946888,-0.06217067406713513,1.5885979080943475,0.013958930969238281,0,0,nan,nan,nan,nan,nan,nan,nan,nan,nan,nan,nan,1784975755.0428057,0.0,0.0,1784975755.0091503,12272.5869140625,nan,nan,44.12089538574219,nan
0.44283175468444824,1784975755.0869887,BSMC,circle,circle_bsmc_5laps_set01,1784975755.038962,1.0607571342770692,-0.06216742490546306,1.588554851155212,-1.259887650570641e-06,0.00020399805820726713,1784975755.032912,1.0607656560946888,-0.06217067406713513,1.5885979080943475,0.0540766716003418,0,0,nan,nan,nan,nan,nan,nan,nan,nan,nan,nan,nan,1784975755.082736,0.0,0.0,1784975755.0637376,12272.6416015625,nan,nan,55.112186431884766,nan
0.4827282428741455,1784975755.1268852,BSMC,circle,circle_bsmc_5laps_set01,1784975755.0891802,1.060757134549426,-0.062167440211435915,1.5885622454457429,-8.734590325236453e-07,0.00019394913255363038,1784975755.032912,1.0607656560946888,-0.06217067406713513,1.5885979080943475,0.09397315979003906,0,0,nan,nan,nan,nan,nan,nan,nan,nan,nan,nan,nan,1784975755.1227415,0.0,0.0,1784975755.109242,12272.6875,nan,nan,45.574798583984375,nan
0.5228939056396484,1784975755.1670508,BSMC,circle,circle_bsmc_5laps_set01,1784975755.1392536,1.0607571346911586,-0.062167448188645634,1.5885688893347847,-6.116641079324871e-07,0.00018404595194349571,1784975755.1528428,1.0607656560946888,-0.06217067406713513,1.5885979080943475,0.014208078384399414,0,0,nan,nan,nan,nan,nan,nan,nan,nan,nan,nan,nan,1784975755.1634254,0.0,0.0,1784975755.1591973,12272.7373046875,nan,nan,50.117130279541016,nan
0.5629229545593262,1784975755.20708,BSMC,circle,circle_bsmc_5laps_set01,1784975755.1893091,1.0607582707065932,-0.0621680138783111,1.588581827322695,-6.996199832157794e-07,0.00018279068826972545,1784975755.1528428,1.0607656560946888,-0.06217067406713513,1.5885979080943475,0.05423712730407715,0,0,nan,nan,nan,nan,nan,nan,nan,nan,nan,nan,nan,1784975755.2025816,0.0,0.0,1784975755.1591973,12272.7373046875,nan,nan,50.117130279541016,nan
0.602738618850708,1784975755.2468956,BSMC,circle,circle_bsmc_5laps_set01,1784975755.2388802,1.0607592297484876,-0.062168464088007934,1.5885904456486357,-7.584191521574116e-07,0.0001766414582629625,1784975755.2322505,1.0607656560946888,-0.06217067406713513,1.5885979080943475,0.014645099639892578,0,0,nan,nan,nan,nan,nan,nan,nan,nan,nan,nan,nan,1784975755.243094,0.0,0.0,1784975755.2083933,12272.787109375,nan,nan,49.704959869384766,nan
0.6428885459899902,1784975755.2870455,BSMC,circle,circle_bsmc_5laps_set01,1784975755.2388802,1.0607592297484876,-0.062168464088007934,1.5885904456486357,-7.584191521574116e-07,0.0001766414582629625,1784975755.2322505,1.0607656560946888,-0.06217067406713513,1.5885979080943475,0.054795026779174805,0,0,nan,nan,nan,nan,nan,nan,nan,nan,nan,nan,nan,1784975755.2826345,0.0,0.0,1784975755.2587311,12272.837890625,nan,nan,50.271766662597656,nan
0.6828844547271729,1784975755.3270414,BSMC,circle,circle_bsmc_5laps_set01,1784975755.2887883,1.0607592299054829,-0.06216847290796385,1.5885967815422197,-5.294238580184475e-07,0.00016800229090538991,1784975755.2322505,1.0607656560946888,-0.06217067406713513,1.5885979080943475,0.09479093551635742,0,0,nan,nan,nan,nan,nan,nan,nan,nan,nan,nan,nan,1784975755.3232493,0.0,0.0,1784975755.3086064,12272.8876953125,nan,nan,49.90253829956055,nan
0.7228865623474121,1784975755.3670435,BSMC,circle,circle_bsmc_5laps_set01,1784975755.3390672,1.0607592299915127,-0.062168477746976904,1.5886025603682712,-3.6894710910722264e-07,0.00015941065974429004,1784975755.352045,1.0607649911318433,-0.06217034364075853,1.5885859679121073,0.014998435974121094,0,0,nan,nan,nan,nan,nan,nan,nan,nan,nan,nan,nan,1784975755.3627324,0.0,0.0,1784975755.360869,12272.939453125,nan,nan,51.65768814086914,nan
0.7629179954528809,1784975755.407075,BSMC,circle,circle_bsmc_5laps_set01,1784975755.3888602,1.0607599983454388,-0.06216880594648968,1.5886038044349349,-4.145202113410171e-07,0.00014617600942646273,1784975755.352045,1.0607649911318433,-0.06217034364075853,1.5885859679121073,0.055029869079589844,0,0,nan,nan,nan,nan,nan,nan,nan,nan,nan,nan,nan,1784975755.4034708,0.0,0.0,1784975755.360869,12272.939453125,nan,nan,51.65768814086914,nan
0.8032519817352295,1784975755.447409,BSMC,circle,circle_bsmc_5laps_set01,1784975755.439064,1.0607606470600528,-0.0621690673388132,1.5886039752147754,-4.4597448063182794e-07,0.00013243204477455343,1784975755.4317014,1.0607649911318433,-0.06217034364075853,1.5885859679121073,0.01570749282836914,0,0,nan,nan,nan,nan,nan,nan,nan,nan,nan,nan,nan,1784975755.442719,0.0,0.0,1784975755.409609,12272.98828125,nan,nan,48.815948486328125,nan
0.8429889678955078,1784975755.487146,BSMC,circle,circle_bsmc_5laps_set01,1784975755.439064,1.0607606470600528,-0.0621690673388132,1.5886039752147754,-4.4597448063182794e-07,0.00013243204477455343,1784975755.4317014,1.0607649911318433,-0.06217034364075853,1.5885859679121073,0.05544447898864746,0,0,nan,nan,nan,nan,nan,nan,nan,nan,nan,nan,nan,1784975755.482695,0.0,0.0,1784975755.4617102,12273.041015625,nan,nan,52.64384460449219,nan
0.8832426071166992,1784975755.5273995,BSMC,circle,circle_bsmc_5laps_set01,1784975755.489475,1.0607606471554685,-0.06216907270024562,1.5886087805664553,-3.0988392417096705e-07,0.00012591874891466627,1784975755.4317014,1.0607649911318433,-0.06217034364075853,1.5885859679121073,0.09569811820983887,0,0,nan,nan,nan,nan,nan,nan,nan,nan,nan,nan,nan,1784975755.5229042,0.0,0.0,1784975755.5092142,12273.087890625,nan,nan,47.41484069824219,nan
0.9230504035949707,1784975755.5672073,BSMC,circle,circle_bsmc_5laps_set01,1784975755.5394611,1.06076064720455,-0.062169075459924505,1.588613071500434,-2.1639004109826976e-07,0.00011947416352742844,1784975755.5618224,1.0607623889778381,-0.06216975042717644,1.58860988108252,0.005384922027587891,0,0,nan,nan,nan,nan,nan,nan,nan,nan,nan,nan,nan,1784975755.5633714,0.0,0.0,1784975755.563455,12273.1416015625,nan,nan,53.53641128540039,nan
0.9627397060394287,1784975755.6068966,BSMC,circle,circle_bsmc_5laps_set01,1784975755.589001,1.0607608824711638,-0.06216919623645028,1.5886159098534494,-2.1072180479407237e-07,0.00011188578917639695,1784975755.5618224,1.0607623889778381,-0.06216975042717644,1.58860988108252,0.0450742244720459,0,0,nan,nan,nan,nan,nan,nan,nan,nan,nan,nan,nan,1784975755.602893,0.0,0.0,1784975755.563455,12273.1416015625,nan,nan,53.53641128540039,nan
1.002840518951416,1784975755.6469975,BSMC,circle,circle_bsmc_5laps_set01,1784975755.6390002,1.0607496205785387,-0.06217652394714257,1.588437472798713,-4.292255795389762e-06,-0.0001296763297261033,1784975755.634272,1.0606739637238958,-0.062213769615011294,1.5877969842775894,0.012725353240966797,0,0,nan,nan,nan,nan,nan,nan,nan,nan,nan,nan,nan,1784975755.6428113,0.0,0.0,1784975755.6115875,12273.1904296875,nan,nan,48.989112854003906,nan
1.0432219505310059,1784975755.687379,BSMC,circle,circle_bsmc_5laps_set01,1784975755.6390002,1.0607496205785387,-0.06217652394714257,1.588437472798713,-4.292255795389762e-06,-0.0001296763297261033,1784975755.634272,1.0606739637238958,-0.062213769615011294,1.5877969842775894,0.05310678482055664,0,0,nan,nan,nan,nan,nan,nan,nan,nan,nan,nan,nan,1784975755.6830187,0.0,0.0,1784975755.6674507,12273.24609375,nan,nan,55.78533935546875,nan
1.0828397274017334,1784975755.7269967,BSMC,circle,circle_bsmc_5laps_set01,1784975755.6891282,1.0607496215498666,-0.06217657993971074,1.5884327821322197,-2.9627494376283546e-06,-0.00012326540741523358,1784975755.634272,1.0606739637238958,-0.062213769615011294,1.5877969842775894,0.09272456169128418,0,0,1784975755.7232661,1.0607496215498666,-0.06217657993971074,1.5884327821322197,nan,nan,nan,nan,3.5898130278453384e-05,-7.627911130911055e-05,0.0006357978546303045,1784975755.7233346,0.0,0.0,1784975755.710018,12273.2890625,nan,nan,42.50101852416992,nan
1.1227140426635742,1784975755.766871,BSMC,circle,circle_bsmc_5laps_set01,1784975755.7390935,1.060749622062757,-0.06217660947453014,1.5884285591963163,-2.082404766356562e-06,-0.00011698609736524601,1784975755.7552865,1.0606798277613987,-0.06219598733682702,1.5879044190535232,0.01158452033996582,0,0,1784975755.7627714,1.060749622062757,-0.06217660947453014,1.5884285591963163,nan,nan,nan,nan,1.8181037442962953e-05,-7.011558975572482e-05,0.0005241401427931169,1784975755.7628286,0.0,0.0,1784975755.7610362,12273.33984375,nan,nan,50.83622741699219,nan
1.1629643440246582,1784975755.8071213,BSMC,circle,circle_bsmc_5laps_set01,1784975755.788937,1.060740318260099,-0.062179920150698134,1.5882997878078196,-2.9139415166504214e-06,-0.00026350583775423006,1784975755.7552865,1.0606798277613987,-0.06219598733682702,1.5879044190535232,0.051834821701049805,0,0,1784975755.803188,1.060740318260099,-0.062179920150698134,1.5882997878078196,nan,nan,nan,nan,1.503000830862599e-05,-6.0756512024230414e-05,0.0003953687542963546,1784975755.8032541,0.0,0.0,1784975755.7610362,12273.33984375,nan,nan,50.83622741699219,nan
1.2028725147247314,1784975755.8470294,BSMC,circle,circle_bsmc_5laps_set01,1784975755.8392115,1.0607403187838815,-0.062179950615170024,1.5882906410455766,-2.0358511890227464e-06,-0.0002501415966973452,1784975755.8415153,1.0606798277613987,-0.06219598733682702,1.5879044190535232,0.0055141448974609375,0,0,1784975755.8433218,1.0607403187838815,-0.062179950615170024,1.5882906410455766,nan,nan,nan,nan,1.4999539334418912e-05,-6.075651456658115e-05,0.0003862219920534038,1784975755.8433747,0.0,0.0,1784975755.8102522,12273.3896484375,nan,nan,49.5024528503418,nan
1.2427260875701904,1784975755.886883,BSMC,circle,circle_bsmc_5laps_set01,1784975755.8392115,1.0607403187838815,-0.062179950615170024,1.5882906410455766,-2.0358511890227464e-06,-0.0002501415966973452,1784975755.8415153,1.0606798277613987,-0.06219598733682702,1.5879044190535232,0.04536771774291992,0,0,1784975755.8836877,1.0607403187838815,-0.062179950615170024,1.5882906410455766,nan,nan,nan,nan,1.4999539334418912e-05,-6.075651456658115e-05,0.0003862219920534038,1784975755.8837514,0.0,0.0,1784975755.8608654,12273.439453125,nan,nan,50.4512939453125,nan
1.282945156097412,1784975755.927102,BSMC,circle,circle_bsmc_5laps_set01,1784975755.8894901,1.0607324062009151,-0.062182636047095036,1.5881913978314939,-2.48930240745962e-06,-0.0003451942014112928,1784975755.8415153,1.0606798277613987,-0.06219598733682702,1.5879044190535232,0.0855867862701416,0,0,1784975755.9230907,1.0607324062009151,-0.062182636047095036,1.5881913978314939,nan,nan,nan,nan,1.2449862991114265e-05,-5.27991491502911e-05,0.00028697877797068116,1784975755.923152,0.0,0.0,1784975755.9108033,12273.4892578125,nan,nan,50.03369903564453,nan
1.3228933811187744,1784975755.9670503,BSMC,circle,circle_bsmc_5laps_set01,1784975755.939124,1.0607324066056019,-0.06218265968309578,1.5881796624525175,-1.7348600810954674e-06,-0.00032760676632288127,1784975755.9534464,1.0606780864693992,-0.062196326756436146,1.5879074007580478,0.013603925704956055,0,0,1784975755.9628472,1.0607324066056019,-0.06218265968309578,1.5881796624525175,nan,nan,nan,nan,1.2735642093601657e-05,-5.454603112261925e-05,0.00027226169446969983,1784975755.9629045,0.0,0.0,1784975755.9607518,12273.5390625,nan,nan,49.81809616088867,nan
1.362989902496338,1784975756.0071468,BSMC,circle,circle_bsmc_5laps_set01,1784975755.9888453,1.0607251904976582,-0.06218498250664937,1.5881044691368744,-2.223536517812685e-06,-0.00038896231255327565,1784975755.9534464,1.0606780864693992,-0.062196326756436146,1.5879074007580478,0.05370044708251953,0,0,1784975756.003506,1.0607251904976582,-0.06218498250664937,1.5881044691368744,nan,nan,nan,nan,1.0536627911610172e-05,-4.729123548506885e-05,0.00019706837882660366,1784975756.0035791,0.0,0.0,1784975755.9607518,12273.5390625,nan,nan,49.81809616088867,nan
1.4027631282806396,1784975756.04692,BSMC,circle,circle_bsmc_5laps_set01,1784975756.0389352,1.0607206627312817,-0.06218684850773967,1.5880564006458642,-2.5740111623656204e-06,-0.00041393580501424714,1784975756.0326207,1.0606901871875927,-0.062196299176484726,1.5879363152442125,0.014299392700195312,0,0,1784975756.0431848,1.0607206627312817,-0.06218684850773967,1.5880564006458642,nan,nan,nan,nan,8.926955682825663e-06,-3.063304368014859e-05,0.0001200854016516484,1784975756.0432434,0.0,0.0,1784975756.0110548,12273.58984375,nan,nan,50.448638916015625,nan
1.4427802562713623,1784975756.0869372,BSMC,circle,circle_bsmc_5laps_set01,1784975756.0389352,1.0607206627312817,-0.06218684850773967,1.5880564006458642,-2.5740111623656204e-06,-0.00041393580501424714,1784975756.0326207,1.0606901871875927,-0.062196299176484726,1.5879363152442125,0.05431652069091797,0,0,1784975756.0827737,1.0607206627312817,-0.06218684850773967,1.5880564006458642,nan,nan,nan,nan,8.926955682825663e-06,-3.063304368014859e-05,0.0001200854016516484,1784975756.0828362,0.0,0.0,1784975756.0620544,12273.640625,nan,nan,50.415771484375,nan
1.4828014373779297,1784975756.1269584,BSMC,circle,circle_bsmc_5laps_set01,1784975756.088963,1.0607206632706532,-0.06218688006148446,1.5880414848818052,-1.7932894592633123e-06,-0.00039365605486909634,1784975756.0326207,1.0606901871875927,-0.062196299176484726,1.5879363152442125,0.09433770179748535,0,0,1784975756.123239,1.0607206632706532,-0.06218688006148446,1.5880414848818052,nan,nan,nan,nan,8.895397328471033e-06,-3.063304216801805e-05,0.0001051696375926614,1784975756.1232948,0.0,0.0,1784975756.115313,12273.693359375,nan,nan,53.32804489135742,nan
1.522956371307373,1784975756.1671133,BSMC,circle,circle_bsmc_5laps_set01,1784975756.1390235,1.0607206635739883,-0.06218689777320819,1.5880279679275806,-1.2413721858604282e-06,-0.00037338463140642296,1784975756.155957,1.060691280519427,-0.06219673268019637,1.5879602281047323,0.011156320571899414,0,0,1784975756.1631353,1.0607206635739883,-0.06218689777320819,1.5880279679275806,nan,nan,nan,nan,9.329155257783751e-06,-2.9547523635509837e-05,6.773982284835611e-05,1784975756.1632042,0.0,0.0,1784975756.1632845,12273.7412109375,nan,nan,47.89452362060547,nan
1.5627942085266113,1784975756.2069511,BSMC,circle,circle_bsmc_5laps_set01,1784975756.1891518,1.0607167433879865,-0.06218858681071364,1.5879998168607783,-1.623841592198961e-06,-0.0003730834058179971,1784975756.155957,1.060691280519427,-0.06219673268019637,1.5879602281047323,0.050994157791137695,0,0,1784975756.2028565,1.0607167433879865,-0.06218858681071364,1.5879998168607783,nan,nan,nan,nan,7.707648923014185e-06,-2.559892601230892e-05,3.9588756046038405e-05,1784975756.2029269,0.0,0.0,1784975756.1632845,12273.7412109375,nan,nan,47.89452362060547,nan
1.6033403873443604,1784975756.2474973,BSMC,circle,circle_bsmc_5laps_set01,1784975756.239246,1.0607134279669388,-0.06218993965501648,1.5879809122781225,-1.8941424808411572e-06,-0.0003619260015766059,1784975756.237701,1.060691280519427,-0.06219673268019637,1.5879602281047323,0.009796380996704102,0,0,1784975756.2428682,1.0607134279669388,-0.06218993965501648,1.5879809122781225,nan,nan,nan,nan,6.411906654562271e-06,-2.226077436731041e-05,2.068417339029516e-05,1784975756.2429569,0.0,0.0,1784975756.211684,12273.7900390625,nan,nan,48.93474197387695,nan
1.642892837524414,1784975756.2870498,BSMC,circle,circle_bsmc_5laps_set01,1784975756.239246,1.0607134279669388,-0.06218993965501648,1.5879809122781225,-1.8941424808411572e-06,-0.0003619260015766059,1784975756.237701,1.060691280519427,-0.06219673268019637,1.5879602281047323,0.04934883117675781,0,0,1784975756.2829008,1.0607134279669388,-0.06218993965501648,1.5879809122781225,nan,nan,nan,nan,6.411906654562271e-06,-2.226077436731041e-05,2.068417339029516e-05,1784975756.282966,0.0,0.0,1784975756.266744,12273.845703125,nan,nan,55.014007568359375,nan
1.6832919120788574,1784975756.3274488,BSMC,circle,circle_bsmc_5laps_set01,1784975756.289093,1.060713428387074,-0.062189964183658304,1.5879679296507598,-1.311215246669764e-06,-0.00034408401992078294,1784975756.237701,1.060691280519427,-0.06219673268019637,1.5879602281047323,0.08974790573120117,0,0,1784975756.3230972,1.060713428387074,-0.062189964183658304,1.5879679296507598,nan,nan,nan,nan,6.387374414904399e-06,-2.2260773454169574e-05,7.701546027583106e-06,1784975756.3231637,0.0,0.0,1784975756.311954,12273.890625,nan,nan,45.18558883666992,nan
1.723005771636963,1784975756.3671627,BSMC,circle,circle_bsmc_5laps_set01,1784975756.3389418,1.060713428616085,-0.062189977545889216,1.5879561623150213,-9.185573355419959e-07,-0.00032652147074715466,1784975756.3605874,1.060691280519427,-0.06219673268019637,1.5879602281047323,0.006575345993041992,0,0,1784975756.362872,1.060713428616085,-0.062189977545889216,1.5879561623150213,nan,nan,nan,nan,6.374010221667615e-06,-2.226077309471764e-05,-4.06578971090532e-06,1784975756.362948,0.0,0.0,1784975756.311954,12273.890625,nan,nan,45.18558883666992,nan
1.763129711151123,1784975756.4072866,BSMC,circle,circle_bsmc_5laps_set01,1784975756.3890889,1.0607104614252736,-0.06219114213236569,1.5879469571816958,-1.149127435224674e-06,-0.0003070574097120251,1784975756.3605874,1.060691280519427,-0.06219673268019637,1.5879602281047323,0.04669928550720215,0,0,1784975756.4030907,1.0607104614252736,-0.06219114213236569,1.5879469571816958,nan,nan,nan,nan,5.26052135398565e-06,-1.9274031473053847e-05,-1.3270923036490245e-05,1784975756.403161,0.0,0.0,1784975756.372762,12273.951171875,nan,nan,60.829219818115234,nan
1.8030455112457275,1784975756.4472024,BSMC,circle,circle_bsmc_5laps_set01,1784975756.4387746,1.0607079766161627,-0.06219206448097772,1.5879414788172415,-1.3058699879718794e-06,-0.00028496102985446766,1784975756.4351015,1.060691280519427,-0.06219673268019637,1.5879602281047323,0.012100934982299805,0,0,1784975756.4429538,1.0607079766161627,-0.06219206448097772,1.5879414788172415,nan,nan,nan,nan,4.3809555246665125e-06,-1.6773758041669322e-05,-1.874928749079352e-05,1784975756.443009,0.0,0.0,1784975756.4125535,12273.9912109375,nan,nan,39.97478485107422,nan
1.843092918395996,1784975756.4872499,BSMC,circle,circle_bsmc_5laps_set01,1784975756.4387746,1.0607079766161627,-0.06219206448097772,1.5879414788172415,-1.3058699879718794e-06,-0.00028496102985446766,1784975756.4351015,1.060691280519427,-0.06219673268019637,1.5879602281047323,0.05214834213256836,0,0,1784975756.4845076,1.0607079766161627,-0.06219206448097772,1.5879414788172415,nan,nan,nan,nan,4.3809555246665125e-06,-1.6773758041669322e-05,-1.874928749079352e-05,1784975756.4845781,0.0,0.0,1784975756.4728758,12274.0517578125,nan,nan,60.198341369628906,nan
1.8830790519714355,1784975756.527236,BSMC,circle,circle_bsmc_5laps_set01,1784975756.4889739,1.0607079769372407,-0.06219208321790407,1.5879311192154775,-8.98922969527322e-07,-0.00027079480778996777,1784975756.4351015,1.060691280519427,-0.06219673268019637,1.5879602281047323,0.09213447570800781,0,0,1784975756.5232928,1.0607079769372407,-0.06219208321790407,1.5879311192154775,nan,nan,nan,nan,4.362215847511231e-06,-1.67737574894643e-05,-2.9108889254780838e-05,1784975756.5233564,0.0,0.0,1784975756.516027,12274.0947265625,nan,nan,42.915382385253906,nan
1.92327880859375,1784975756.5674357,BSMC,circle,circle_bsmc_5laps_set01,1784975756.5390012,1.0607079771135153,-0.062192093505262794,1.5879218000949775,-6.295771154091717e-07,-0.00025690400539431604,1784975756.5543044,1.060691280519427,-0.06219673268019637,1.5879602281047323,0.013131380081176758,0,0,1784975756.5627165,1.0607079771135153,-0.062192093505262794,1.5879218000949775,nan,nan,nan,nan,4.351926978667177e-06,-1.677375717550992e-05,-3.842800975473182e-05,1784975756.562778,0.0,0.0,1784975756.516027,12274.0947265625,nan,nan,42.915382385253906,nan
1.963127851486206,1784975756.6072848,BSMC,circle,circle_bsmc_5laps_set01,1784975756.5890968,1.0607057573212384,-0.06219288724093908,1.5879225335550582,-7.524020376556519e-07,-0.000231713221629321,1784975756.5543044,1.060691280519427,-0.06219673268019637,1.5879602281047323,0.05298042297363281,0,0,1784975756.6026783,1.0607057573212384,-0.06219288724093908,1.5879225335550582,nan,nan,nan,nan,3.5964066414520524e-06,-1.4540668933552445e-05,-3.7694549674061044e-05,1784975756.6027853,0.0,0.0,1784975756.582779,12274.1611328125,nan,nan,66.87910461425781,nan
2.00298810005188,1784975756.647145,BSMC,circle,circle_bsmc_5laps_set01,1784975756.639033,1.060710901980422,-0.06218632618120182,1.5880940005178703,3.021443258919238e-06,1.136690895749617e-05,1784975756.633797,1.0607456029719116,-0.06215297845447375,1.5887280151173224,0.013348102569580078,0,0,1784975756.6430807,1.060710901980422,-0.06218632618120182,1.5880940005178703,nan,nan,nan,nan,-3.272015144928994e-05,3.529336166232414e-05,-0.000634014599452115,1784975756.643143,0.0,0.0,1784975756.6152236,12274.1943359375,nan,nan,32.523677825927734,nan
2.0428411960601807,1784975756.6869981,BSMC,circle,circle_bsmc_5laps_set01,1784975756.639033,1.060710901980422,-0.06218632618120182,1.5880940005178703,3.021443258919238e-06,1.136690895749617e-05,1784975756.633797,1.0607456029719116,-0.06215297845447375,1.5887280151173224,0.05320119857788086,0,0,1784975756.6828196,1.060710901980422,-0.06218632618120182,1.5880940005178703,nan,nan,nan,nan,-3.272015144928994e-05,3.529336166232414e-05,-0.000634014599452115,1784975756.6829433,0.0,0.0,1784975756.6628597,12274.2412109375,nan,nan,47.68196487426758,nan
2.082855224609375,1784975756.7270122,BSMC,circle,circle_bsmc_5laps_set01,1784975756.689145,1.0607109012288607,-0.06218628336315882,1.5880944122260494,2.1381845315435483e-06,1.081288134092038e-05,1784975756.633797,1.0607456029719116,-0.06215297845447375,1.5887280151173224,0.0932152271270752,0,0,1784975756.7228637,1.0607109012288607,-0.06218628336315882,1.5880944122260494,nan,nan,nan,nan,-3.267732681403874e-05,3.5293345344099274e-05,-0.0006336028912730107,1784975756.7229192,0.0,0.0,1784975756.7178206,12274.296875,nan,nan,54.910152435302734,nan
2.123138904571533,1784975756.7672958,BSMC,circle,circle_bsmc_5laps_set01,1784975756.7389452,1.0607109008066915,-0.06218625926838452,1.588094781902705,1.4869306400537937e-06,1.025693040037655e-05,1784975756.7548368,1.0607456029719116,-0.06215297845447375,1.5887280151173224,0.012459039688110352,0,0,1784975756.7634914,1.0607109008066915,-0.06218625926838452,1.588094781902705,nan,nan,nan,nan,-3.2653228343616036e-05,3.5293335408587456e-05,-0.0006332332146175013,1784975756.7635458,0.0,0.0,1784975756.7641957,12274.3427734375,nan,nan,46.60860824584961,nan
2.1630306243896484,1784975756.8071876,BSMC,circle,circle_bsmc_5laps_set01,1784975756.789172,1.0607155072408998,-0.06218054538530077,1.5882457942386512,3.5808524271766083e-06,0.00019325149768498063,1784975756.7548368,1.0607456029719116,-0.06215297845447375,1.5887280151173224,0.052350759506225586,0,0,1784975756.8033955,1.0607155072408998,-0.06218054538530077,1.5882457942386512,nan,nan,nan,nan,-2.7022860587696066e-05,3.058518768966045e-05,-0.00048222087867122454,1784975756.8036592,0.0,0.0,1784975756.7641957,12274.3427734375,nan,nan,46.60860824584961,nan
2.202725887298584,1784975756.8468828,BSMC,circle,circle_bsmc_5laps_set01,1784975756.8391514,1.0607155065067477,-0.06218050403431432,1.5882524413853836,2.4786084195375487e-06,0.00018333861643778077,1784975756.8437436,1.0607456029719116,-0.06215297845447375,1.5887280151173224,0.0031392574310302734,0,0,1784975756.8425813,1.0607155065067477,-0.06218050403431432,1.5882524413853836,nan,nan,nan,nan,-2.698150308530049e-05,3.058518027044029e-05,-0.0004755737319388498,1784975756.8427453,0.0,0.0,1784975756.819594,12274.3984375,nan,nan,55.301475524902344,nan
2.243079900741577,1784975756.8872368,BSMC,circle,circle_bsmc_5laps_set01,1784975756.8391514,1.0607155065067477,-0.06218050403431432,1.5882524413853836,2.4786084195375487e-06,0.00018333861643778077,1784975756.8437436,1.0607456029719116,-0.06215297845447375,1.5887280151173224,0.04349327087402344,0,0,1784975756.883136,1.0607155065067477,-0.06218050403431432,1.5882524413853836,nan,nan,nan,nan,-2.698150308530049e-05,3.058518027044029e-05,-0.0004755737319388498,1784975756.8832004,0.0,0.0,1784975756.8636305,12274.4423828125,nan,nan,43.96579360961914,nan
2.283210039138794,1784975756.927367,BSMC,circle,circle_bsmc_5laps_set01,1784975756.888996,1.0607194406307079,-0.06217584846437481,1.588370050921591,3.6520853153675453e-06,0.0003067750537525994,1784975756.8437436,1.0607456029719116,-0.06215297845447375,1.5887280151173224,0.08362340927124023,0,0,1784975756.9230306,1.0607194406307079,-0.06217584846437481,1.588370050921591,nan,nan,nan,nan,-2.2397223318529202e-05,2.656821103785348e-05,-0.00035796419573141947,1784975756.923094,0.0,0.0,1784975756.9214501,12274.5,nan,nan,57.7523193359375,nan
2.322866439819336,1784975756.9670234,BSMC,circle,circle_bsmc_5laps_set01,1784975756.9395964,1.0607194398432094,-0.06217580426962562,1.5883808147396636,2.5164235360858764e-06,0.0002909435848551089,1784975756.9554338,1.06074264294105,-0.06215333103952306,1.5887176751243302,0.011589527130126953,0,0,1784975756.9631126,1.0607194398432094,-0.06217580426962562,1.5883808147396636,nan,nan,nan,nan,-2.2053812742369858e-05,2.360210084230064e-05,-0.00033686038466651524,1784975756.9631658,0.0,0.0,1784975756.9640412,12274.54296875,nan,nan,42.72797775268555,nan
2.3632569313049316,1784975757.0074139,BSMC,circle,circle_bsmc_5laps_set01,1784975756.9889991,1.060722514763901,-0.06217193986846858,1.5884698796231516,3.4814544786682945e-06,0.00037259958376464165,1784975756.9554338,1.06074264294105,-0.06215333103952306,1.5887176751243302,0.051980018615722656,0,0,1784975757.0031788,1.060722514763901,-0.06217193986846858,1.5884698796231516,nan,nan,nan,nan,-1.8245135917740427e-05,2.045842235875862e-05,-0.0002477955011785937,1784975757.003231,0.0,0.0,1784975756.9640412,12274.54296875,nan,nan,42.72797775268555,nan
2.4027440547943115,1784975757.046901,BSMC,circle,circle_bsmc_5laps_set01,1784975757.039758,1.0607256757408878,-0.06216639920056806,1.5885520109888853,5.55802564236273e-06,0.00044284635087264295,1784975757.0358207,1.06074701257061,-0.06213854119615838,1.5887939965935816,0.011080265045166016,0,0,1784975757.0425382,1.0607256757408878,-0.06216639920056806,1.5885520109888853,nan,nan,nan,nan,-2.7469500218260802e-05,2.1834726241500424e-05,-0.00024198560469623764,1784975757.0425878,0.0,0.0,1784975757.0148485,12274.5927734375,nan,nan,50.061737060546875,nan
2.443171262741089,1784975757.0873282,BSMC,circle,circle_bsmc_5laps_set01,1784975757.039758,1.0607256757408878,-0.06216639920056806,1.5885520109888853,5.55802564236273e-06,0.00044284635087264295,1784975757.0358207,1.06074701257061,-0.06213854119615838,1.5887939965935816,0.05150747299194336,0,0,1784975757.0827274,1.0607256757408878,-0.06216639920056806,1.5885520109888853,nan,nan,nan,nan,-2.7469500218260802e-05,2.1834726241500424e-05,-0.00024198560469623764,1784975757.0827878,0.0,0.0,1784975757.0642912,12274.6435546875,nan,nan,50.119781494140625,nan
2.483020305633545,1784975757.1271772,BSMC,circle,circle_bsmc_5laps_set01,1784975757.0890393,1.0607256744641018,-0.06216632824106284,1.5885677154457927,3.88872594985293e-06,0.00042121813529952837,1784975757.0358207,1.06074701257061,-0.06213854119615838,1.5887939965935816,0.09135651588439941,0,0,1784975757.12291,1.0607256744641018,-0.06216632824106284,1.5885677154457927,nan,nan,nan,nan,-2.7398529227265667e-05,2.1834725783931254e-05,-0.0002262811477888871,1784975757.1229568,0.0,0.0,1784975757.114638,12274.693359375,nan,nan,50.33887481689453,nan
2.5226330757141113,1784975757.16679,BSMC,circle,circle_bsmc_5laps_set01,1784975757.139196,1.060725673712014,-0.06216628633651305,1.5885822676260335,2.7115092095993673e-06,0.0003996918651097124,1784975757.1534493,1.06074701257061,-0.06213854119615838,1.5887939965935816,0.01334071159362793,0,0,1784975757.162788,1.060725673712014,-0.06216628633651305,1.5885822676260335,nan,nan,nan,nan,-2.7356617928970803e-05,2.183472360631777e-05,-0.0002117289675480638,1784975757.1628435,0.0,0.0,1784975757.1646504,12274.744140625,nan,nan,50.17909240722656,nan
2.5630931854248047,1784975757.20725,BSMC,circle,circle_bsmc_5laps_set01,1784975757.1892881,1.0607284931845613,-0.06216151953145348,1.5886455719208037,4.023381723359246e-06,0.0004395512055592756,1784975757.1534493,1.06074701257061,-0.06213854119615838,1.5887939965935816,0.05380082130432129,0,0,1784975757.2026446,1.0607284931845613,-0.06216151953145348,1.5886455719208037,nan,nan,nan,nan,-2.2641326067548845e-05,1.8929920931085945e-05,-0.00014842467277786933,1784975757.202703,0.0,0.0,1784975757.1646504,12274.744140625,nan,nan,50.17909240722656,nan
2.6028401851654053,1784975757.246997,BSMC,circle,circle_bsmc_5laps_set01,1784975757.2392793,1.060730882416938,-0.062157694484053096,1.588690578405786,4.920504343411506e-06,0.00045563497274053315,1784975757.2343652,1.06074701257061,-0.06213854119615838,1.5887939965935816,0.012631893157958984,0,0,1784975757.242707,1.060730882416938,-0.062157694484053096,1.588690578405786,nan,nan,nan,nan,-1.8859896441690702e-05,1.647223727583568e-05,-0.00010341818779546762,1784975757.2427526,0.0,0.0,1784975757.2177339,12274.796875,nan,nan,52.968387603759766,nan
2.6431243419647217,1784975757.2872813,BSMC,circle,circle_bsmc_5laps_set01,1784975757.2392793,1.060730882416938,-0.062157694484053096,1.588690578405786,4.920504343411506e-06,0.00045563497274053315,1784975757.2343652,1.06074701257061,-0.06213854119615838,1.5887939965935816,0.05291604995727539,0,0,1784975757.2834604,1.060730882416938,-0.062157694484053096,1.588690578405786,nan,nan,nan,nan,-1.8859896441690702e-05,1.647223727583568e-05,-0.00010341818779546762,1784975757.2835538,0.0,0.0,1784975757.2657566,12274.8447265625,nan,nan,47.955711364746094,nan
2.6828079223632812,1784975757.3269649,BSMC,circle,circle_bsmc_5laps_set01,1784975757.289369,1.0607308812275473,-0.062157628467643104,1.5887070724397383,3.437016513230311e-06,0.0004332541558832524,1784975757.2343652,1.06074701257061,-0.06213854119615838,1.5887939965935816,0.09259963035583496,0,0,1784975757.3229294,1.0607308812275473,-0.062157628467643104,1.5887070724397383,nan,nan,nan,nan,-1.8793869318196944e-05,1.6472238396389185e-05,-8.692415384325969e-05,1784975757.322985,0.0,0.0,1784975757.3168392,12274.8955078125,nan,nan,51.173583984375,nan
2.722820997238159,1784975757.366978,BSMC,circle,circle_bsmc_5laps_set01,1784975757.339581,1.0607308805580962,-0.062157591255716065,1.58872199879308,2.39153457764028e-06,0.00041097611642316117,1784975757.3533301,1.0607486366911894,-0.06213912437560432,1.5887803486899232,0.013647794723510742,0,0,1784975757.362801,1.0607308805580962,-0.062157591255716065,1.58872199879308,nan,nan,nan,nan,-1.8144584392921134e-05,1.808535265601557e-05,-5.834989684316839e-05,1784975757.3628635,0.0,0.0,1784975757.365253,12274.9443359375,nan,nan,48.449951171875,nan
2.7630648612976074,1784975757.4072218,BSMC,circle,circle_bsmc_5laps_set01,1784975757.389197,1.0607332322654224,-0.06215440832718617,1.5887491898888872,3.080183659448886e-06,0.0004060814441100831,1784975757.3533301,1.0607486366911894,-0.06213912437560432,1.5887803486899232,0.053891658782958984,0,0,1784975757.4030342,1.0607332322654224,-0.06215440832718617,1.5887491898888872,nan,nan,nan,nan,-1.500446144485593e-05,1.5676786849231923e-05,-3.115880103599089e-05,1784975757.403079,0.0,0.0,1784975757.365253,12274.9443359375,nan,nan,48.449951171875,nan
2.8030855655670166,1784975757.4472425,BSMC,circle,circle_bsmc_5laps_set01,1784975757.438789,1.0607352270700738,-0.06215185452869303,1.5887670862246983,3.5386557347985245e-06,0.0003904026661680505,1784975757.4357052,1.0607486366911894,-0.06213912437560432,1.5887803486899232,0.011537313461303711,0,0,1784975757.4427247,1.0607352270700738,-0.06215185452869303,1.5887670862246983,nan,nan,nan,nan,-1.248694859855287e-05,1.3636379681598107e-05,-1.3262465224928022e-05,1784975757.4427705,0.0,0.0,1784975757.4207144,12275.0,nan,nan,55.48969268798828,nan
2.842951536178589,1784975757.4871085,BSMC,circle,circle_bsmc_5laps_set01,1784975757.438789,1.0607352270700738,-0.06215185452869303,1.5887670862246983,3.5386557347985245e-06,0.0003904026661680505,1784975757.4357052,1.0607486366911894,-0.06213912437560432,1.5887803486899232,0.05140328407287598,0,0,1784975757.4827993,1.0607352270700738,-0.06215185452869303,1.5887670862246983,nan,nan,nan,nan,-1.248694859855287e-05,1.3636379681598107e-05,-1.3262465224928022e-05,1784975757.4828491,0.0,0.0,1784975757.4668226,12275.0458984375,nan,nan,45.87986373901367,nan
2.8827128410339355,1784975757.5268698,BSMC,circle,circle_bsmc_5laps_set01,1784975757.4893644,1.0607352261538692,-0.062151803652491525,1.588781403072304,2.4766438744023447e-06,0.00037121104972546434,1784975757.4357052,1.0607486366911894,-0.06213912437560432,1.5887803486899232,0.09116458892822266,0,0,1784975757.522932,1.0607352261538692,-0.062151803652491525,1.588781403072304,nan,nan,nan,nan,-1.2436064147984714e-05,1.3636380828705452e-05,1.0543823807385166e-06,1784975757.5229845,0.0,0.0,1784975757.5230772,12275.1015625,nan,nan,56.240821838378906,nan
2.9226982593536377,1784975757.5668552,BSMC,circle,circle_bsmc_5laps_set01,1784975757.5388684,1.0607352256482128,-0.06215177554856045,1.5887939760144247,1.7082572702937667e-06,0.0003519349087093131,1784975757.554775,1.060748286930687,-0.06213841489562772,1.5888061765500772,0.012080192565917969,0,0,1784975757.5630858,1.0607352256482128,-0.06215177554856045,1.5887939760144247,nan,nan,nan,nan,-1.3123267177333373e-05,1.3299774631674636e-05,-1.220053565242907e-05,1784975757.563135,0.0,0.0,1784975757.56668,12275.1455078125,nan,nan,43.7393913269043,nan
2.9628894329071045,1784975757.6070464,BSMC,circle,circle_bsmc_5laps_set01,1784975757.58914,1.06073695893323,-0.06214946573552421,1.5888083450645019,2.207418144933383e-06,0.0003366136949378206,1784975757.554775,1.060748286930687,-0.06213841489562772,1.5888061765500772,0.052271366119384766,0,0,1784975757.6028671,1.06073695893323,-0.06214946573552421,1.5888083450645019,nan,nan,nan,nan,-1.0845043245561775e-05,1.1525173569390318e-05,2.1685144246941235e-06,1784975757.6029162,0.0,0.0,1784975757.56668,12275.1455078125,nan,nan,43.7393913269043,nan
3.0033257007598877,1784975757.6474826,BSMC,circle,circle_bsmc_5laps_set01,1784975757.638879,1.0607357219126878,-0.06215382352180378,1.5887002167703335,-8.895208253094647e-07,0.00016511597698295303,1784975757.6336255,1.0607273045846046,-0.062176008782606,1.5882774361025493,0.013857126235961914,0,0,1784975757.6426811,1.0607357219126878,-0.06215382352180378,1.5887002167703335,nan,nan,nan,nan,2.2034734362551735e-05,-8.803845210744242e-06,0.00042278066778411727,1784975757.6427324,0.0,0.0,1784975757.6167116,12275.1953125,nan,nan,49.99039840698242,nan
3.043151378631592,1784975757.6873083,BSMC,circle,circle_bsmc_5laps_set01,1784975757.638879,1.0607357219126878,-0.06215382352180378,1.5887002167703335,-8.895208253094647e-07,0.00016511597698295303,1784975757.6336255,1.0607273045846046,-0.062176008782606,1.5882774361025493,0.053682804107666016,0,0,1784975757.6835854,1.0607357219126878,-0.06215382352180378,1.5887002167703335,nan,nan,nan,nan,2.2034734362551735e-05,-8.803845210744242e-06,0.00042278066778411727,1784975757.6836488,0.0,0.0,1784975757.666613,12275.2451171875,nan,nan,49.68928909301758,nan
3.0829455852508545,1784975757.7271025,BSMC,circle,circle_bsmc_5laps_set01,1784975757.689305,1.0607357221379337,-0.06215383617934284,1.5887062487020984,-6.217736040022168e-07,0.00015700230250794821,1784975757.6336255,1.0607273045846046,-0.062176008782606,1.5882774361025493,0.09347701072692871,0,0,1784975757.6835854,1.0607357219126878,-0.06215382352180378,1.5887002167703335,nan,nan,nan,nan,2.2034734362551735e-05,-8.803845210744242e-06,0.00042278066778411727,1784975757.7237859,0.0,0.0,1784975757.7167668,12275.2958984375,nan,nan,50.3292236328125,nan
3.122769832611084,1784975757.7669268,BSMC,circle,circle_bsmc_5laps_set01,1784975757.7389383,1.0607357222580647,-0.06215384291485732,1.5887115809346348,-4.334972570688365e-07,0.00014893894631147318,1784975757.7536135,1.0607273045846046,-0.062176008782606,1.5882774361025493,0.01331329345703125,0,0,1784975757.7628515,1.0607190104142479,-0.06203641809436619,1.5884012339756557,1784975757.7628906,0.00011770535778918921,1.4605579031670391e-05,-0.0003103469589791352,0.00013971434399489955,5.852827286426225e-06,0.00012379787310634605,1784975757.7629328,0.0040582946957117,0.003904858337191948,1784975757.7167668,12275.2958984375,nan,nan,50.3292236328125,nan
3.162688732147217,1784975757.8068457,BSMC,circle,circle_bsmc_5laps_set01,1784975757.7892225,1.0607346153515351,-0.062157649443250716,1.5886131454174126,-1.994013845732215e-06,1.5413455207365142e-05,1784975757.7536135,1.0607273045846046,-0.062176008782606,1.5882774361025493,0.05323219299316406,0,0,1784975757.8028033,1.0607154686472406,-0.061836394934775586,1.5886012884897753,1784975757.8028402,0.0003215446357745903,1.3420234928039082e-05,-1.185692763727708e-05,0.0003397688527697386,5.8976045135596625e-06,0.00032385238722598686,1784975757.8028793,0.006461241391477808,0.006079693733951989,1784975757.767357,12275.3466796875,nan,nan,50.676513671875,nan
3.2028870582580566,1784975757.847044,BSMC,circle,circle_bsmc_5laps_set01,1784975757.8389254,1.0607346157607673,-0.062157672658242825,1.588613672881007,-1.378080370120569e-06,1.4619251304077566e-05,1784975757.8424494,1.0607275993485343,-0.062176007797497906,1.5882784478433323,0.004594564437866211,0,0,1784975757.8432016,1.0607102831372472,-0.061547530232477235,1.5888901997327693,1784975757.8432343,0.0006104791009211932,1.3458217747564577e-05,0.000276526851762382,0.0006286842370602154,6.327004003972229e-06,0.0006117518894370733,1784975757.8432703,0.008980760966243912,0.008274060852673109,1784975757.8217015,12275.400390625,nan,nan,54.30091857910156,nan
3.2430362701416016,1784975757.8871932,BSMC,circle,circle_bsmc_5laps_set01,1784975757.8389254,1.0607346157607673,-0.062157672658242825,1.588613672881007,-1.378080370120569e-06,1.4619251304077566e-05,1784975757.8424494,1.0607275993485343,-0.062176007797497906,1.5882784478433323,0.04474377632141113,0,0,1784975757.8829648,1.0607034748849287,-0.06117513114232003,1.5892626610545912,1784975757.883001,0.000982940380709884,1.3630577015292375e-05,0.0006489881735842751,0.0010011454381419432,6.62422160622654e-06,0.0009842132112589663,1784975757.8830462,0.011577770225695436,0.01045687386096706,1784975757.8678672,12275.4462890625,nan,nan,46.13776779174805,nan
3.2832467555999756,1784975757.9274037,BSMC,circle,circle_bsmc_5laps_set01,1784975757.8891606,1.0607337075137881,-0.06216077900248751,1.5885357731655703,-2.222693624562117e-06,-7.931237486246006e-05,1784975757.8424494,1.0607275993485343,-0.062176007797497906,1.5882784478433323,0.08495426177978516,0,0,1784975757.9229212,1.0606948853374183,-0.060715753857495745,1.5897221186411568,1784975757.9229574,0.001445486432744598,1.3183466458359987e-05,0.0011863454755864924,0.001460602682125142,7.181976328085186e-06,0.0014436707978244812,1784975757.9229982,0.014286018325439907,0.012661996458262102,1784975757.9189596,12275.4970703125,nan,nan,50.16035079956055,nan
3.3227760791778564,1784975757.966933,BSMC,circle,circle_bsmc_5laps_set01,1784975757.939027,1.0607337079642774,-0.062160804645998186,1.588533052588438,-1.550776750770532e-06,-7.524672205438483e-05,1784975757.9566927,1.0607275993485343,-0.062176007797497906,1.5882784478433323,0.010240316390991211,0,0,1784975757.9629614,1.060684445992596,-0.06017203962006751,1.590265933094064,1784975757.9630067,0.001989325910175358,1.3981892717923375e-05,0.0017328805056260332,0.002004416328051975,8.114931983539168e-06,0.0019874852507317797,1784975757.9630566,0.017083493839504547,0.014868802692906642,1784975757.9189596,12275.4970703125,nan,nan,50.16035079956055,nan
3.3630151748657227,1784975758.007172,BSMC,circle,circle_bsmc_5laps_set01,1784975757.9892676,1.0607329029283632,-0.06216343256562964,1.5884700913872645,-2.259307446907347e-06,-0.00014496070368940652,1784975757.9566927,1.0607275993485343,-0.062176007797497906,1.5882784478433323,0.05047941207885742,0,0,1784975758.003279,1.0606718183873256,-0.05953400051777791,1.5909040971531325,1784975758.00334,0.0026301009288694317,1.4605457324990513e-05,0.0024340057658680525,0.0026425786786952185,9.586898991482791e-06,0.0026256493098002487,1784975758.003387,0.020023491541735036,0.01712535203492936,1784975757.9673069,12275.5458984375,nan,nan,49.053070068359375,nan
3.4030520915985107,1784975758.047209,BSMC,circle,circle_bsmc_5laps_set01,1784975758.039127,1.0607323422971913,-0.06216543651028308,1.5884265349070381,-2.692901825133918e-06,-0.00018745514059262223,1784975758.0366833,1.0607285322946367,-0.06217542521503758,1.5882909188261851,0.010525703430175781,0,0,1784975758.0430193,1.0606571883020832,-0.05881922523049758,1.591619022164914,1784975758.0430634,0.00334701616340568,1.6150970419934107e-05,0.003192487257875909,0.0033569344674736013,1.2620720560538562e-05,0.003328103338728905,1784975758.0431116,0.02302212560987882,0.01936618120049819,1784975758.0180466,12275.5966796875,nan,nan,50.78751754760742,nan
3.443011999130249,1784975758.087169,BSMC,circle,circle_bsmc_5laps_set01,1784975758.039127,1.0607323422971913,-0.06216543651028308,1.5884265349070381,-2.692901825133918e-06,-0.00018745514059262223,1784975758.0366833,1.0607285322946367,-0.06217542521503758,1.5882909188261851,0.05048561096191406,0,0,1784975758.0833712,1.060640009118758,-0.058010052887288596,1.5924283768715244,1784975758.0834708,0.004156365611570861,1.906234617022557e-05,0.004001841964486275,0.004166283513366749,1.564185708392168e-05,0.004137458045339271,1784975758.0835295,0.026153395800972205,0.021647141989679135,1784975758.0675344,12275.646484375,nan,nan,49.5620231628418,nan
3.4833462238311768,1784975758.1275032,BSMC,circle,circle_bsmc_5laps_set01,1784975758.0889013,1.0607323429566278,-0.06216547417405009,1.588419792249052,-1.8812061033400588e-06,-0.00017826123434642462,1784975758.0366833,1.0607285322946367,-0.06217542521503758,1.5882909188261851,0.0908198356628418,0,0,1784975758.1232173,1.06062030347016,-0.05711766535451693,1.5933209819768945,1784975758.123263,0.0050489993709082115,2.3066808475460257e-05,0.004901189727842592,0.005058879211920333,1.9733330732008263e-05,0.0050300631507094185,1784975758.1233115,0.02937424243195966,0.0239411768068524,1784975758.1179748,12275.6962890625,nan,nan,50.41181945800781,nan
3.5227484703063965,1784975758.1669054,BSMC,circle,circle_bsmc_5laps_set01,1784975758.1394398,1.0607323433504856,-0.062165496629920415,1.588413560325789,-1.3102533038094049e-06,-0.0001691149014038624,1784975758.1557379,1.0607285322946367,-0.06217542521503758,1.5882909188261851,0.011167526245117188,0,0,1784975758.1636639,1.0605976043194183,-0.05613168215676024,1.5943072264681566,1784975758.1637094,0.006035251755368929,2.8424502219803136e-05,0.005893666142367637,0.0060451086202719,2.5180513987551955e-05,0.0060163076419714745,1784975758.1637592,0.03272122552086909,0.026275425720995633,1784975758.1179748,12275.6962890625,nan,nan,50.41181945800781,nan
3.5627102851867676,1784975758.2068672,BSMC,circle,circle_bsmc_5laps_set01,1784975758.1890147,1.0607318420739589,-0.06216721305431677,1.588379051485144,-1.6788588287681897e-06,-0.00019549843748375864,1784975758.1557379,1.0607285322946367,-0.06217542521503758,1.5882909188261851,0.05112934112548828,0,0,1784975758.2032487,1.0605721782318742,-0.0550742188627001,1.5953649954450773,1784975758.203291,0.007094704993188724,3.4931424248998814e-05,0.0069859439599333495,0.007102854890793318,3.210376541671394e-05,0.007074076618892144,1784975758.2033389,0.036123473306035735,0.028605226297235796,1784975758.167596,12275.74609375,nan,nan,49.86745071411133,nan
3.603224277496338,1784975758.2473812,BSMC,circle,circle_bsmc_5laps_set01,1784975758.238841,1.0607314188453456,-0.06216858044304196,1.5883541777951418,-1.9157639000644235e-06,-0.00020887556403019152,1784975758.2327833,1.0607285322946367,-0.06217542521503758,1.5882909188261851,0.014597892761230469,0,0,1784975758.2428308,1.0605434915598821,-0.05393334988747043,1.5965062250824187,1784975758.2428653,0.00823726064718332,4.33127972502777e-05,0.00815204728727692,0.008244051118892115,4.082802840318445e-05,0.008215306256233568,1784975758.2429044,0.03962113869465108,0.03095836729947028,1784975758.2176383,12275.796875,nan,nan,50.14164352416992,nan
3.642878532409668,1784975758.2870355,BSMC,circle,circle_bsmc_5laps_set01,1784975758.238841,1.0607314188453456,-0.06216858044304196,1.5883541777951418,-1.9157639000644235e-06,-0.00020887556403019152,1784975758.2327833,1.0607285322946367,-0.06217542521503758,1.5882909188261851,0.05425214767456055,0,0,1784975758.2826974,1.060511025511433,-0.05270043024692839,1.5977395721856948,1784975758.2827313,0.009470560256279265,5.412753441826166e-05,0.009385394390553081,0.009477350041391294,5.172078281116379e-05,0.009448653359509729,1784975758.2827713,0.04323851733732651,0.03335141961278781,1784975758.2687273,12275.84765625,nan,nan,50.90625,nan
3.6829473972320557,1784975758.3271043,BSMC,circle,circle_bsmc_5laps_set01,1784975758.2891862,1.0607314193243815,-0.06216860780539107,1.5883465499550624,-1.3344980566753278e-06,-0.00019858026862593778,1784975758.2327833,1.0607285322946367,-0.06217542521503758,1.5882909188261851,0.09432101249694824,0,0,1784975758.3228595,1.0604743314769856,-0.051371653751087216,1.5990688553339567,1784975758.3228955,0.01079980302775234,6.756902972850413e-05,0.01072230537889429,0.010806565113670348,6.516398518817206e-05,0.01077793650777159,1784975758.3229346,0.04698549196377897,0.03579531060653653,1784975758.3187368,12275.8974609375,nan,nan,50.01665496826172,nan
3.723130226135254,1784975758.3672872,BSMC,circle,circle_bsmc_5laps_set01,1784975758.3390446,1.0607314195875843,-0.06216862282236296,1.5883397560893813,-9.288563473462104e-07,-0.00018835488847833177,1784975758.3539934,1.0607285322946367,-0.06217542521503758,1.5882909188261851,0.013293743133544922,0,0,1784975758.3633447,1.0604331535744171,-0.04995129145740833,1.600489814518699,1784975758.363384,0.012220683677769162,8.389722058143635e-05,0.012150058429317713,0.01222743040817773,8.148819509668515e-05,0.012198895692513867,1784975758.363426,0.050847758951740506,0.038281188949367766,1784975758.3187368,12275.8974609375,nan,nan,50.01665496826172,nan
3.762988805770874,1784975758.4071457,BSMC,circle,circle_bsmc_5laps_set01,1784975758.388932,1.0607310395798804,-0.062169799203985916,1.5883220444794,-1.1658360337516948e-06,-0.0001924045595462695,1784975758.3539934,1.0607285322946367,-0.06217542521503758,1.5882909188261851,0.05315232276916504,0,0,1784975758.4027019,1.0603881610013737,-0.048473324846417885,1.60196846594253,1784975758.402742,0.013700379855563721,0.00010279766719719369,0.013646421463129998,0.013705957937710737,0.00010061877910946427,0.013677547116344833,1784975758.402785,0.05473754550108067,0.04075655976659009,1784975758.3681364,12275.947265625,nan,nan,49.548587799072266,nan
3.8030765056610107,1784975758.4472334,BSMC,circle,circle_bsmc_5laps_set01,1784975758.4391375,1.060730717662508,-0.06217073995110005,1.58830977032871,-1.3258467523601155e-06,-0.00018975738779770113,1784975758.4339902,1.0607285322946367,-0.06217542521503758,1.5882909188261851,0.01324319839477539,0,0,1784975758.4428031,1.060337509025634,-0.04688923674646881,1.6035533638120631,1784975758.4428382,0.015286045773047704,0.00012553027347060364,0.015243593483353246,0.01529068972069623,0.00012355144232649489,0.015262444985878032,1784975758.4428766,0.05878197584191932,0.043302920411678165,1784975758.419094,12275.998046875,nan,nan,50.827091217041016,nan
3.8430745601654053,1784975758.4872315,BSMC,circle,circle_bsmc_5laps_set01,1784975758.4391375,1.060730717662508,-0.06217073995110005,1.58830977032871,-1.3258467523601155e-06,-0.00018975738779770113,1784975758.4339902,1.0607285322946367,-0.06217542521503758,1.5882909188261851,0.05324125289916992,0,0,1784975758.4828982,1.0602812555091075,-0.045215377794053185,1.6052281679517635,1784975758.4829347,0.016960633170849,0.0001524616274768077,0.016918397623053583,0.016965276610503486,0.00015051436481646927,0.016937249125578372,1784975758.4829798,0.06293577155288997,0.04589270554880984,1784975758.468886,12276.0478515625,nan,nan,49.731563568115234,nan
3.8829855918884277,1784975758.5271425,BSMC,circle,circle_bsmc_5laps_set01,1784975758.4890535,1.0607307179869678,-0.06217075849472291,1.5883029344354427,-9.250024628998487e-07,-0.00018040206991264054,1784975758.4339902,1.0607285322946367,-0.06217542521503758,1.5882909188261851,0.09315228462219238,0,0,1784975758.523568,1.0602188801228658,-0.043449862043320485,1.6069947854447657,1784975758.5236018,0.01872698780918954,0.00018403678362447022,0.018691851009323024,0.018731613366861372,0.00018199480371342252,0.018703866618580593,1784975758.5236394,0.06720394906734636,0.048533547431618335,1784975758.468886,12276.0478515625,nan,nan,49.731563568115234,nan
3.923130989074707,1784975758.567288,BSMC,circle,circle_bsmc_5laps_set01,1784975758.5395317,1.0607307181989343,-0.06217077059754445,1.588296646341725,-6.312359611593205e-07,-0.00017092983457846938,1784975758.5547197,1.0607492222339148,-0.06216056625770456,1.5886688516551712,0.012568235397338867,0,0,1784975758.5634792,1.0601501901602381,-0.041600418544359155,1.6088455043711454,1784975758.5635326,0.02057736109100477,0.00022046978500467893,0.020548858029420414,0.020567569711774775,0.00023149421409703568,0.02017665271597413,1784975758.563597,0.07156764169788467,0.051214779290024354,1784975758.5296965,12276.1083984375,nan,nan,60.98272705078125,nan
3.9627933502197266,1784975758.6069503,BSMC,circle,circle_bsmc_5laps_set01,1784975758.589026,1.0607331818149435,-0.06216903401576092,1.5883798144743089,2.9457913464529163e-07,-5.4070735616225515e-05,1784975758.5547197,1.0607492222339148,-0.06216056625770456,1.5886688516551712,0.0522305965423584,0,0,1784975758.6028206,1.0600759476677353,-0.03969778953387902,1.6107495816265565,1784975758.6028538,0.02247932662553309,0.0002620300581291336,0.02236976715224759,0.022471221684820093,0.00027172187540509693,0.022080729971385216,1784975758.6028917,0.075955280841955,0.05387949484185625,1784975758.5749834,12276.1533203125,nan,nan,45.10175323486328,nan
4.002833604812622,1784975758.6469905,BSMC,circle,circle_bsmc_5laps_set01,1784975758.6391647,1.0607365604106889,-0.06216734271132919,1.5884601667144889,1.079934325902647e-06,5.488075982634986e-05,1784975758.6370752,1.0607591405356884,-0.062158775508581156,1.5887484815651796,0.009915351867675781,0,0,1784975758.6438673,1.0599913545244806,-0.03763496962660173,1.6128141356906918,1784975758.6439068,0.024541708509135965,0.0003117762558357955,0.0243539689762029,0.02453363689669815,0.0003274307819772749,0.024065654125512204,1784975758.643951,0.08061281101807344,0.0566942430848208,1784975758.627943,12276.20703125,nan,nan,52.8676872253418,nan
4.0430967807769775,1784975758.6872537,BSMC,circle,circle_bsmc_5laps_set01,1784975758.6391647,1.0607365604106889,-0.06216734271132919,1.5884601667144889,1.079934325902647e-06,5.488075982634986e-05,1784975758.6370752,1.0607591405356884,-0.062158775508581156,1.5887484815651796,0.05017852783203125,0,0,1784975758.683603,1.0599022510931206,-0.03556662378615127,1.6148844002795792,1784975758.683651,0.026611305511303116,0.0003643327569521502,0.026424233565090383,0.026603248965666768,0.0003793905853668352,0.026135918714399686,1784975758.6837,0.0851929353398886,0.05946600536509068,1784975758.6694534,12276.248046875,nan,nan,41.58838653564453,nan
4.0829198360443115,1784975758.7270768,BSMC,circle,circle_bsmc_5laps_set01,1784975758.6892567,1.0607365601065326,-0.062167325642512844,1.5884621569870558,7.633644931013924e-07,5.2185716025304304e-05,1784975758.6370752,1.0607591405356884,-0.062158775508581156,1.5887484815651796,0.09000158309936523,0,0,1784975758.7234967,1.0598027518780764,-0.033366294512350174,1.6170869785343165,1784975758.7235384,0.028813032751296548,0.00042489485857597875,0.028624821547260648,0.028805009817449403,0.0004393752375528061,0.028338496969136928,1784975758.7235827,0.08997620139207481,0.062351674159357634,1784975758.7247124,12276.3037109375,nan,nan,55.40462112426758,nan
4.122990131378174,1784975758.767147,BSMC,circle,circle_bsmc_5laps_set01,1784975758.7389133,1.060736559927969,-0.062167315609031375,1.5884639401353835,5.299677279247572e-07,4.948251060792343e-05,1784975758.7555265,1.0607591405356884,-0.062158775508581156,1.5887484815651796,0.011620521545410156,0,0,1784975758.7634382,1.0596959651912659,-0.031115911820504234,1.6193398939350967,1784975758.7635226,0.03106494152019601,0.0004918566773094854,0.030875953799713196,0.031056946840683258,0.0005057476687905725,0.030591412369917137,1784975758.7635694,0.09478376955261104,0.06524684344433739,1784975758.7247124,12276.3037109375,nan,nan,55.40462112426758,nan
4.162798881530762,1784975758.8069558,BSMC,circle,circle_bsmc_5laps_set01,1784975758.7889302,1.0607395686911354,-0.06216585636839436,1.588533157920373,9.76338064456458e-07,0.00012881860849960644,1784975758.7555265,1.0607591405356884,-0.062158775508581156,1.5887484815651796,0.05142927169799805,0,0,1784975758.8033292,1.0595778651504453,-0.028743113567819972,1.6217156299941442,1784975758.803369,0.033438089480700595,0.0005687383497352214,0.03318247207377123,0.033431482787423444,0.0005812341259995252,0.03296714842896465,1784975758.8034134,0.09976873652013662,0.06823121106592658,1784975758.7695618,12276.3486328125,nan,nan,44.87327575683594,nan
4.213587522506714,1784975758.8577445,BSMC,circle,circle_bsmc_5laps_set01,1784975758.7889302,1.0607395686911354,-0.06216585636839436,1.588533157920373,9.76338064456458e-07,0.00012881860849960644,1784975758.7555265,1.0607591405356884,-0.062158775508581156,1.5887484815651796,0.1022179126739502,0,0,1784975758.8033292,1.0595778651504453,-0.028743113567819972,1.6217156299941442,1784975758.803369,0.033438089480700595,0.0005687383497352214,0.03318247207377123,0.033431482787423444,0.0005812341259995252,0.03296714842896465,1784975758.8034134,0.09976873652013662,0.06823121106592658,1784975758.8271253,12276.40625,nan,nan,57.26054382324219,nan
4.243214845657349,1784975758.8873718,BSMC,circle,circle_bsmc_5laps_set01,1784975758.8575778,1.0607395682277205,-0.062165830339186004,1.5885399048439588,6.735695007493778e-07,0.00012215500093810413,1784975758.8650305,1.0607591405356884,-0.062158775508581156,1.5887484815651796,0.022341251373291016,0,0,1784975758.8831706,1.0593130241760802,-0.023788283730631212,1.6266775378904443,1784975758.8832154,0.03839681614557519,0.0007454002320644282,0.03813763304648554,0.038390268435906864,0.0007570873306719981,0.037929056325264776,1784975758.8832579,0.10994443556268214,0.07435164161407438,1784975758.8710506,12276.44921875,nan,nan,43.88059616088867,nan
4.282817602157593,1784975758.9269745,BSMC,circle,circle_bsmc_5laps_set01,1784975758.8895273,1.0607421958738381,-0.06216462491368717,1.5885916545846346,1.0008069302422304e-06,0.00017689985691925217,1784975758.8650305,1.0607591405356884,-0.062158775508581156,1.5887484815651796,0.061944007873535156,0,0,1784975758.9229329,1.0591642638283447,-0.021189626177540454,1.6292804505944203,1784975758.9229782,0.04099658939128839,0.0008485571574854175,0.040688796009785706,0.04099117767808975,0.0008591747109973671,0.04053196902924072,1784975758.9230256,0.11516843991273162,0.07748760193675881,1784975758.8710506,12276.44921875,nan,nan,43.88059616088867,nan
4.322698354721069,1784975758.9668553,BSMC,circle,circle_bsmc_5laps_set01,1784975758.9393651,1.060742195619054,-0.06216461067577632,1.5885978113622437,6.915414035732219e-07,0.0001678132388959667,1784975758.8650305,1.0607591405356884,-0.062158775508581156,1.5887484815651796,0.10182476043701172,0,0,1784975758.963215,1.0590009088995616,-0.018463464250354417,1.6320115031977123,1784975758.9632554,0.043725218169337304,0.0009631066293516663,0.043413691835468615,0.043719832738978615,0.0009735654653527814,0.043263021632532705,1784975758.9632983,0.120577622951493,0.0807510323551232,1784975758.9273453,12276.505859375,nan,nan,56.6469841003418,nan
4.362824201583862,1784975759.0069811,BSMC,circle,circle_bsmc_5laps_set01,1784975758.9889631,1.0607421954727434,-0.0621646024875337,1.5886033137398363,4.841292190702915e-07,0.0001589375840842837,1784975758.8650305,1.0607591405356884,-0.062158775508581156,1.5887484815651796,0.1419506072998047,0,0,1784975759.003324,1.058825345997228,-0.0156634144509369,1.634817052408607,1784975759.0033622,0.04652794723855306,0.0010885432895110308,0.046213738668770654,0.04652258291379115,0.0010988358508480394,0.046068570843427414,1784975759.0034041,0.1260632156585975,0.08407005029724783,1784975758.9721518,12276.55078125,nan,nan,44.80795669555664,nan
4.40297794342041,1784975759.0471349,BSMC,circle,circle_bsmc_5laps_set01,1784975759.0395455,1.0607421953780352,-0.06216459717450841,1.5886084059146706,3.384776474526709e-07,0.00015025586577045228,1784975758.8650305,1.0607591405356884,-0.062158775508581156,1.5887484815651796,0.18210434913635254,0,0,1784975759.042971,1.0586386612274594,-0.012815072594431334,1.6376715064837588,1784975759.0430112,0.04937916255670211,0.001224229309017775,0.04906310056908825,0.04937381701488323,0.0012343594117325163,0.04892302491857925,1784975759.043055,0.13157681673672625,0.08741797905687923,1784975759.020998,12276.599609375,nan,nan,48.691139221191406,nan
4.443215608596802,1784975759.0873725,BSMC,circle,circle_bsmc_5laps_set01,1784975759.0395455,1.0607421953780352,-0.06216459717450841,1.5886084059146706,3.384776474526709e-07,0.00015025586577045228,1784975758.8650305,1.0607591405356884,-0.062158775508581156,1.5887484815651796,0.22234201431274414,0,0,1784975759.0831738,1.058434922419688,-0.009839615227480164,1.6406539321136027,1784975759.083211,0.05235777674408214,0.0013749395179437672,0.05204552619893211,0.05235245228387176,0.0013846523878614037,0.051905450548423104,1784975759.0832543,0.13727079962589098,0.09089043832833564,1784975759.0705788,12276.6494140625,nan,nan,49.568363189697266,nan
4.483118295669556,1784975759.1272752,BSMC,circle,circle_bsmc_5laps_set01,1784975759.089483,1.0607421953232816,-0.06216459409304928,1.5886128776998063,2.3623669007058848e-07,0.00014180819464505476,1784975758.8650305,1.0607591405356884,-0.062158775508581156,1.5887484815651796,0.26224470138549805,0,0,1784975759.1226194,1.0582198140876475,-0.006830575583599826,1.6436706518676891,1784975759.122652,0.05537017417340018,0.001536171705670247,0.05505777416788283,0.05536486851498526,0.0015457102143731892,0.054922170302509565,1784975759.1226897,0.1429664170010376,0.09437941441342694,1784975759.1207378,12276.69921875,nan,nan,49.938419342041016,nan
4.52298641204834,1784975759.1671433,BSMC,circle,circle_bsmc_5laps_set01,1784975759.1389687,1.0607421952904479,-0.06216459223619627,1.5886168013421196,1.6458583572652893e-07,0.000133627533804511,1784975759.158108,1.060756134038989,-0.06215856491982878,1.5887308855768383,0.009035348892211914,0,0,1784975759.1629856,1.057985709470471,-0.00369185057668971,1.6468180965167434,1784975759.163029,0.05851257661651241,0.0017140912904197066,0.0582012951746238,0.058506995411377195,0.001721460515132915,0.0580872109399051,1784975759.1630788,0.1488457217777561,0.09799926012743078,1784975759.1207378,12276.69921875,nan,nan,49.938419342041016,nan
4.562924385070801,1784975759.2070813,BSMC,circle,circle_bsmc_5laps_set01,1784975759.1887848,1.0607460514607818,-0.0621624770393772,1.5886769168320938,8.250138606602066e-07,0.00018777242994227886,1784975759.158108,1.060756134038989,-0.06215856491982878,1.5887308855768383,0.04897332191467285,0,0,1784975759.202656,1.0577365066272928,-0.0004881030335511474,1.6500315229221434,1784975759.2026927,0.06171832471180287,0.0019063483112367727,0.06135460609004961,0.061714696831643184,0.0019131685630546502,0.06130063734530511,1784975759.2027285,0.15478476490070034,0.10166254070242325,1784975759.1764653,12276.7548828125,nan,nan,55.65712356567383,nan
4.6031434535980225,1784975759.2473004,BSMC,circle,circle_bsmc_5laps_set01,1784975759.2388613,1.060747405868044,-0.06216180996119799,1.5886943540844993,8.934800238772474e-07,0.00019138537980493687,1784975759.2355504,1.060756134038989,-0.06215856491982878,1.5887308855768383,0.011749982833862305,0,0,1784975759.2430303,1.0574671440655656,0.00283413149208452,1.6533646608908803,1784975759.2430665,0.06504423843213801,0.0021164993915678814,0.06467030680638097,0.06504122771561831,0.002122908189605105,0.06463377531404202,1784975759.243106,0.16088569965386307,0.10546054714552049,1784975759.2207704,12276.7998046875,nan,nan,44.65223693847656,nan
4.642834424972534,1784975759.2869914,BSMC,circle,circle_bsmc_5laps_set01,1784975759.2388613,1.060747405868044,-0.06216180996119799,1.5886943540844993,8.934800238772474e-07,0.00019138537980493687,1784975759.2355504,1.060756134038989,-0.06215856491982878,1.5887308855768383,0.05144095420837402,0,0,1784975759.2826777,1.057183222244095,0.006195936846596975,1.6567384358743131,1784975759.282714,0.06841058671090641,0.0023402092670064796,0.0680440817898138,0.06840758416459604,0.002346495087168099,0.06800755029747485,1784975759.2827551,0.1670030370004216,0.10930007286030821,1784975759.2760344,12276.8544921875,nan,nan,55.14695358276367,nan
4.683172225952148,1784975759.3273292,BSMC,circle,circle_bsmc_5laps_set01,1784975759.2895784,1.0607474055857393,-0.06216179421763751,1.5887015303085774,6.192092271883188e-07,0.00018201401034777866,1784975759.2355504,1.060756134038989,-0.06215856491982878,1.5887308855768383,0.09177875518798828,0,0,1784975759.322954,1.0568797339578877,0.009648574020366701,1.6602043874924424,1784975759.322995,0.07186810522328041,0.0025813411076698574,0.07150285718386495,0.07186510872236833,0.002588016361517227,0.07147350191560409,1784975759.323041,0.17323034830466844,0.11323442084716773,1784975759.321825,12276.900390625,nan,nan,45.94370651245117,nan
4.723552703857422,1784975759.3677096,BSMC,circle,circle_bsmc_5laps_set01,1784975759.3391747,1.0607474054352957,-0.0621617858247154,1.5887078309527771,4.333141396119849e-07,0.00017276381947458719,1784975759.3555858,1.060756134038989,-0.06215856491982878,1.5887308855768383,0.012123823165893555,0,0,1784975759.3635452,1.0565513460164662,0.013238906047727395,1.663809708114313,1784975759.3636086,0.07546375081321131,0.002844918749447271,0.07510187716153593,0.07546075253005159,0.002851963922657807,0.07507882253747478,1784975759.3636675,0.17965063599650957,0.11732177371734764,1784975759.321825,12276.900390625,nan,nan,45.94370651245117,nan
4.763296604156494,1784975759.4074535,BSMC,circle,circle_bsmc_5laps_set01,1784975759.389659,1.0607485981672895,-0.06216122336599085,1.5887190894176668,5.157178269157784e-07,0.00016977794862847213,1784975759.3555858,1.060756134038989,-0.06215856491982878,1.5887308855768383,0.05186772346496582,0,0,1784975759.402655,1.056206967304386,0.01685948063700455,1.6674466259898892,1784975759.4026892,0.07908940682738097,0.0031247079410591126,0.07872753657222242,0.07908692080808835,0.0031313573248945973,0.07871574041305097,1784975759.4027243,0.18,0.12144310086088653,1784975759.3819115,12276.9609375,nan,nan,59.863311767578125,nan
4.803762197494507,1784975759.4479191,BSMC,circle,circle_bsmc_5laps_set01,1784975759.439578,1.0607495953387978,-0.06216077793829704,1.5887264576027391,5.829127587891417e-07,0.00016293124025995424,1784975759.4347625,1.060756134038989,-0.06215856491982878,1.5887308855768383,0.013156652450561523,0,0,1784975759.443069,1.0558362940651167,0.020609168854559583,1.6712145932371958,1784975759.4431093,0.08284473372541774,0.003428515052162502,0.08248813563445669,0.08284265350582705,0.003434725553814121,0.08248370766035751,1784975759.4431534,0.18,0.12571473529490354,1784975759.4216654,12277.0009765625,nan,nan,40.04237365722656,nan
4.842963457107544,1784975759.4871204,BSMC,circle,circle_bsmc_5laps_set01,1784975759.439578,1.0607495953387978,-0.06216077793829704,1.5887264576027391,5.829127587891417e-07,0.00016293124025995424,1784975759.4347625,1.060756134038989,-0.06215856491982878,1.5887308855768383,0.05235791206359863,0,0,1784975759.483044,1.0554436857058414,0.02443208839932653,1.6750576224260205,1784975759.4830754,0.08667407791428325,0.0037525185285882893,0.0863311648232814,0.08667199912933402,0.003758712073999848,0.08632673684918223,1784975759.483111,0.18,0.1300779639541673,1784975759.4811008,12277.0595703125,nan,nan,59.3128547668457,nan
4.88285231590271,1784975759.5270092,BSMC,circle,circle_bsmc_5laps_set01,1784975759.4887447,1.0607495951685448,-0.062160768446294416,1.588732290194375,4.0160436155063467e-07,0.00015476765100487733,1784975759.4347625,1.060756134038989,-0.06215856491982878,1.5887308855768383,0.09224677085876465,0,0,1784975759.522643,1.0550327131863202,0.028287332590537825,1.6789347121870795,1784975759.5227196,0.09053608519319829,0.004093775599325888,0.09020242199270445,0.09053399353629499,0.004100480103915028,0.09020382661024118,1784975759.5227826,0.18,0.1344853480553723,1784975759.5215852,12277.1005859375,nan,nan,40.648956298828125,nan
4.92288875579834,1784975759.5670457,BSMC,circle,circle_bsmc_5laps_set01,1784975759.5391042,1.0607495950648633,-0.06216076266451972,1.588737732168676,2.830920274046419e-07,0.00014681896300611057,1784975759.557992,1.060756134038989,-0.06215856491982878,1.5887308855768383,0.009053707122802734,0,0,1784975759.56377,1.0545822992623306,0.03235852114940905,1.6830307434908856,1784975759.5638149,0.0946147156434457,0.004470585411762422,0.09429301132220957,0.09461260490903381,0.004477810535994509,0.09429985791404727,1784975759.5638657,0.18,0.13914946051137733,1784975759.5215852,12277.1005859375,nan,nan,40.648956298828125,nan
4.963006973266602,1784975759.607164,BSMC,circle,circle_bsmc_5laps_set01,1784975759.5891616,1.0607504814396371,-0.06216038223808455,1.588740824718453,3.5157997240306326e-07,0.00013684766607592467,1784975759.557992,1.060756134038989,-0.06215856491982878,1.5887308855768383,0.04917192459106445,0,0,1784975759.6030686,1.0541239224835437,0.03635327976667292,1.6870517169384256,1784975759.60311,0.09861670537612596,0.004857808759569206,0.09831089221997269,0.09861494143425173,0.004864473206084948,0.09832083136158731,1784975759.6031537,0.18,0.14374505689601236,1784975759.572901,12277.1513671875,nan,nan,51.13560104370117,nan
5.0028791427612305,1784975759.647036,BSMC,circle,circle_bsmc_5laps_set01,1784975759.6388636,1.0607506980408123,-0.06215965068268678,1.5886577202572463,6.271997429176786e-07,1.817047853992867e-05,1784975759.6342587,1.060752153065308,-0.062155980689190427,1.5883447433103632,0.012777328491210938,0,0,1784975759.6427622,1.0536345424643425,0.04046974728579166,1.6911971749648662,1784975759.6427968,0.10274012520374487,0.005282013884843432,0.10253945470761994,0.10273482312689665,0.0053156881160636785,0.10285243165450297,1784975759.6428344,0.18,0.14853404237515785,1784975759.622808,12277.2021484375,nan,nan,49.962303161621094,nan
5.043018817901611,1784975759.6871758,BSMC,circle,circle_bsmc_5laps_set01,1784975759.6388636,1.0607506980408123,-0.06215965068268678,1.5886577202572463,6.271997429176786e-07,1.817047853992867e-05,1784975759.6342587,1.060752153065308,-0.062155980689190427,1.5883447433103632,0.0529170036315918,0,0,1784975759.6828713,1.0531120611496623,0.0447122117723094,1.6954716947582744,1784975759.6829116,0.10699124472099027,0.005728639559933139,0.10681397450102814,0.10698580265239585,0.005763644271664493,0.10712695144791118,1784975759.6829524,0.18,0.15345316978518236,1784975759.6728973,12277.251953125,nan,nan,49.982601165771484,nan
5.083037376403809,1784975759.7271943,BSMC,circle,circle_bsmc_5laps_set01,1784975759.6893475,1.0607506978599994,-0.06215964050391084,1.5886583902023326,4.3795081044996645e-07,1.7269361977083375e-05,1784975759.6342587,1.060752153065308,-0.062155980689190427,1.5883447433103632,0.09293556213378906,0,0,1784975759.7231047,1.0525667636130613,0.04898854129944073,1.6997826543277434,1784975759.7231417,0.11127662535642978,0.006197398424650866,0.11112426412541088,0.11127104237234112,0.006233818888846022,0.11143791101738021,1784975759.7232034,0.18,0.1559996907480128,1784975759.722801,12277.30078125,nan,nan,49.463600158691406,nan
5.123109817504883,1784975759.7672668,BSMC,circle,circle_bsmc_5laps_set01,1784975759.739065,1.0607506977593941,-0.06215963484434615,1.5886589834591094,3.0531782572765004e-07,1.637577540961909e-05,1784975759.754738,1.0607408918483228,-0.06214317152749451,1.5881446768112684,0.012528657913208008,0,0,1784975759.7633114,1.0519973717891755,0.05330471547746693,1.7041362271732023,1784975759.7633908,0.11560227928815935,0.0066895391591409665,0.11547724371409297,0.11558219257747955,0.006739474454101664,0.11599155036193397,1784975759.7634435,0.18,0.15803431610362104,1784975759.722801,12277.30078125,nan,nan,49.463600158691406,nan
5.162628889083862,1784975759.8067858,BSMC,circle,circle_bsmc_5laps_set01,1784975759.7891104,1.060745616213568,-0.06194802594077964,1.5895137190481685,0.0018607059547745737,0.0034352879466294497,1784975759.754738,1.0607408918483228,-0.06214317152749451,1.5881446768112684,0.0520477294921875,0,0,1784975759.8028421,1.0514185971019,0.05755049942404772,1.7084212813800506,1784975759.8028862,0.1196521606549329,0.0070888151678426044,0.11890756233188204,0.11983737790558309,0.007244508396689843,0.1202766045687822,1784975759.802935,0.18,0.1596650527529212,1784975759.773672,12277.3525390625,nan,nan,51.42387771606445,nan
5.20282769203186,1784975759.8469846,BSMC,circle,circle_bsmc_5laps_set01,1784975759.8392313,1.060734893402626,-0.061385110088344325,1.592281397132246,0.005782910958908536,0.012210480607574105,1784975759.8435729,1.0607408918483228,-0.06214317152749451,1.5881446768112684,0.0034117698669433594,0,0,1784975759.8427782,1.0508149578146873,0.061840488002286746,1.712753533882492,1784975759.8428118,0.12341027232557203,0.007270339152387868,0.12047213675024594,0.12413719255162842,0.007773636358663377,0.1246088570712236,1784975759.8428466,0.18,0.16046143710058874,1784975759.8242579,12277.4033203125,nan,nan,50.568660736083984,nan
5.242930173873901,1784975759.887087,BSMC,circle,circle_bsmc_5laps_set01,1784975759.8392313,1.060734893402626,-0.061385110088344325,1.592281397132246,0.005782910958908536,0.012210480607574105,1784975759.8435729,1.0607408918483228,-0.06214317152749451,1.5881446768112684,0.043514251708984375,0,0,1784975759.8828988,1.0501946943774665,0.0661145491554424,1.7170723710483244,1784975759.882934,0.12769667242407198,0.007798637995890855,0.12479097391607841,0.1284213705564378,0.008319662269747084,0.12892769423705608,1784975759.8829732,0.18,0.16250735719323955,1784975759.8242579,12277.4033203125,nan,nan,50.568660736083984,nan
5.2831947803497314,1784975759.9273517,BSMC,circle,circle_bsmc_5laps_set01,1784975759.8890855,1.0607305335928916,-0.06123209613693454,1.5918980113378014,0.0057079391808339324,0.010994683495897028,1784975759.8435729,1.0607408918483228,-0.06214317152749451,1.5881446768112684,0.08377885818481445,0,0,1784975759.9231262,1.049552500790124,0.07040880359870022,1.7214143825000456,1784975759.9231658,0.13184745003873546,0.008397905621662004,0.12951637116224424,0.13272611924552294,0.008887264728236094,0.13326970568877727,1784975759.9232085,0.18,0.1647498572805391,1784975759.924363,12277.5029296875,nan,nan,35.78749084472656,nan
5.323093414306641,1784975759.9672503,BSMC,circle,circle_bsmc_5laps_set01,1784975759.9388309,1.0606817795336128,-0.05914386165043493,1.599600797965462,0.0198749668789402,0.03453728578246603,1784975759.957209,1.0607408918483228,-0.06214317152749451,1.5881446768112684,0.010041236877441406,0,0,1784975759.9639957,1.048895148716357,0.07467794309128348,1.7257338376468352,1784975759.9640474,0.1341057534890688,0.007927608181664896,0.12613303968137313,0.13700601972473986,0.009470459073218281,0.13758916083556683,1784975759.964099,0.18,0.16329549102321178,1784975759.924363,12277.5029296875,nan,nan,35.78749084472656,nan
5.363152265548706,1784975760.0073092,BSMC,circle,circle_bsmc_5laps_set01,1784975759.9891882,1.060669637730462,-0.058737891577954185,1.5984247036934567,0.019528462310102523,0.030891053704775205,1784975759.957209,1.0607408918483228,-0.06214317152749451,1.5881446768112684,0.050100088119506836,0,0,1784975760.0029485,1.0482215470160616,0.07893060185096912,1.7300395169681242,1784975760.0029855,0.13795983050724328,0.008640266884543762,0.13161481327466754,0.14126972384112912,0.010070186498684864,0.14189484015685583,1784975760.0030243,0.18,0.16588998218603115,1784975759.9961717,12277.5751953125,nan,nan,71.84700012207031,nan
5.402857542037964,1784975760.0470145,BSMC,circle,circle_bsmc_5laps_set01,1784975760.0389683,1.060516582713964,-0.05375117023065669,1.6078249320456748,0.061264113751149304,0.0678325021572182,1784975760.0351768,1.0607408918483228,-0.06214317152749451,1.5881446768112684,0.01183772087097168,0,0,1784975760.042893,1.04753033697814,0.08317610355582694,1.7343409219211272,1784975760.042935,0.13731416550183634,0.007908276515408121,0.12651598987545243,0.14552657743995762,0.010687643768959684,0.14619624510985885,1784975760.0429971,0.18,0.15735299317843057,1784975760.024717,12277.603515625,nan,nan,28.465456008911133,nan
5.442949056625366,1784975760.087106,BSMC,circle,circle_bsmc_5laps_set01,1784975760.0389683,1.060516582713964,-0.05375117023065669,1.6078249320456748,0.061264113751149304,0.0678325021572182,1784975760.0351768,1.0607408918483228,-0.06214317152749451,1.5881446768112684,0.05192923545837402,0,0,1784975760.0830219,1.0468166085256905,0.08744375163011411,1.7386678443378143,1784975760.0830634,0.1416053105168293,0.008463526774393944,0.1308429122921395,0.1498059647133969,0.011327231881520312,0.15052316752654593,1784975760.0831091,0.18,0.1594194437502404,1784975760.082715,12277.6611328125,nan,nan,57.75862503051758,nan
5.482678651809692,1784975760.1268356,BSMC,circle,circle_bsmc_5laps_set01,1784975760.088709,1.060292344677762,-0.048101125133270924,1.6170421794550949,0.08631833360565652,0.08940658989498734,1784975760.0351768,1.0607408918483228,-0.06214317152749451,1.5881446768112684,0.0916588306427002,0,0,1784975760.123748,1.046077285822094,0.0917492920502164,1.7430364032214811,1784975760.123785,0.14035804948605013,0.00773466412567838,0.12599422376638625,0.15412368262641,0.01199175305713018,0.15489172641021276,1784975760.1238265,0.18,0.16128257111159883,1784975760.1253514,12277.7041015625,nan,nan,43.05422592163086,nan
5.52286958694458,1784975760.1670265,BSMC,circle,circle_bsmc_5laps_set01,1784975760.1390784,1.0599442018604046,-0.0411314692157406,1.6271218737044366,0.10880486353573059,0.10817541301134895,1784975760.1544962,1.0607408918483228,-0.06214317152749451,1.5881446768112684,0.012530326843261719,0,0,1784975760.1629708,1.0453346970716182,0.09596448821030353,1.7473165135806732,1784975760.1630054,0.13770099514924586,0.006868413764811281,0.12019463987623658,0.15835112653199057,0.012661107033375803,0.15917183676940483,1784975760.1630454,0.18,0.16126499654256346,1784975760.1253514,12277.7041015625,nan,nan,43.05422592163086,nan
5.562923431396484,1784975760.2070804,BSMC,circle,circle_bsmc_5laps_set01,1784975760.1890395,1.0597802673671781,-0.03767606041841254,1.6260770703906986,0.12504717748510005,0.10814948813575123,1784975760.1544962,1.0607408918483228,-0.06214317152749451,1.5881446768112684,0.052584171295166016,0,0,1784975760.202647,1.0445707444326038,0.10019467928611307,1.7516151376193694,1784975760.2026777,0.1385004951365664,0.007568573280107112,0.12553806722867078,0.16259393370650124,0.013351561559348813,0.16347046080810101,1784975760.202713,0.18,0.1735353773318428,1784975760.175285,12277.75390625,nan,nan,49.56212615966797,nan
5.603500127792358,1784975760.247657,BSMC,circle,circle_bsmc_5laps_set01,1784975760.2388902,1.0596813221504715,-0.035041825385775195,1.6244141666012724,0.1368859835869612,0.1055428405595453,1784975760.234929,1.0607408918483228,-0.06214317152749451,1.5881446768112684,0.012727975845336914,0,0,1784975760.2433393,1.0437764039225852,0.10448674362388982,1.7559800916141204,1784975760.2433846,0.14018043242167752,0.008404425012581717,0.13156592501284803,0.16689913198534084,0.014071326038430683,0.16783541480285202,1784975760.243429,0.18,0.18552928446788833,1784975760.2255805,12277.8046875,nan,nan,50.55342483520508,nan
5.643307685852051,1784975760.2874646,BSMC,circle,circle_bsmc_5laps_set01,1784975760.2388902,1.0596813221504715,-0.035041825385775195,1.6244141666012724,0.1368859835869612,0.1055428405595453,1784975760.234929,1.0607408918483228,-0.06214317152749451,1.5881446768112684,0.0525355339050293,0,0,1784975760.2828033,1.0429784312625592,0.10869660289610815,1.7602649140781097,1784975760.2828445,0.14442700681135656,0.008975635491261546,0.13585074747683734,0.17112220057739472,0.014796148171674187,0.17212023726684134,1784975760.2828953,0.18,0.18758981409686695,1784975760.2752998,12277.8544921875,nan,nan,49.6485595703125,nan
5.682962656021118,1784975760.3271196,BSMC,circle,circle_bsmc_5laps_set01,1784975760.2891283,1.0591872503406101,-0.026781905092620788,1.6327229170263267,0.149539465920678,0.11643600798057202,1784975760.234929,1.0607408918483228,-0.06214317152749451,1.5881446768112684,0.09219050407409668,0,0,1784975760.322758,1.042155520580635,0.1129382017248615,1.7645856051868132,1784975760.3227918,0.1405063288801556,0.008352221999386325,0.13186268816048652,0.17537743656168334,0.01554535397285449,0.1764409283755448,1784975760.3228292,0.18,0.18497641250508925,1784975760.3253665,12277.904296875,nan,nan,50.17013931274414,nan
5.723608016967773,1784975760.367765,BSMC,circle,circle_bsmc_5laps_set01,1784975760.3388135,1.0586000069156294,-0.01830186100223403,1.6415357867434113,0.15862502255967056,0.12660524075263424,1784975760.3552294,1.0607408918483228,-0.06214317152749451,1.5881446768112684,0.012535572052001953,0,0,1784975760.3632338,1.041309552254265,0.11719980997179806,1.7689303718036344,1784975760.363278,0.13638487990952283,0.00766988860522687,0.12739458506022316,0.17965307894518262,0.016317266835814578,0.18078569499236607,1784975760.363322,0.18,0.18092373207404144,1784975760.3253665,12277.904296875,nan,nan,50.17013931274414,nan
5.762770175933838,1784975760.406927,BSMC,circle,circle_bsmc_5laps_set01,1784975760.3889701,1.0586900496844385,-0.017666954176684766,1.6371910939965426,0.16167924882269513,0.11965281157114918,1784975760.3552294,1.0607408918483228,-0.06214317152749451,1.5881446768112684,0.051697731018066406,0,0,1784975760.4031205,1.040449135721675,0.1214379274591849,1.7732549510425262,1784975760.40316,0.14000860027724218,0.00897167127873472,0.13606385704598356,0.18390548474396054,0.017104033236322574,0.1851102742312578,1784975760.403202,0.18,0.19147655010870282,1784975760.376348,12277.955078125,nan,nan,50.87110900878906,nan
5.803454637527466,1784975760.4476116,BSMC,circle,circle_bsmc_5laps_set01,1784975760.439128,1.0588429739468452,-0.017711330318337,1.6329328648205206,0.16247793411278846,0.11133191612868583,1784975760.4372718,1.0607408918483228,-0.06214317152749451,1.5881446768112684,0.010339736938476562,0,0,1784975760.4431005,1.0395700344374077,0.12567402323312135,1.7775813069766693,1784975760.443134,0.14430542407717195,0.010332008145501514,0.1446484421561487,0.1881561932668659,0.017909516648481123,0.1894366301654009,1784975760.4431708,0.18,0.20267688616503196,1784975760.4265552,12278.005859375,nan,nan,50.26359176635742,nan
5.842906475067139,1784975760.4870634,BSMC,circle,circle_bsmc_5laps_set01,1784975760.439128,1.0588429739468452,-0.017711330318337,1.6329328648205206,0.16247793411278846,0.11133191612868583,1784975760.4372718,1.0607408918483228,-0.06214317152749451,1.5881446768112684,0.049791574478149414,0,0,1784975760.482766,1.0386838523349466,0.12985383095416422,1.7818540273135832,1784975760.4828067,0.14853219424242584,0.010956928359394187,0.14892116249306264,0.19235074504138985,0.018723056269181814,0.19370935050231486,1784975760.4828498,0.18,0.2047687551022777,1784975760.483396,12278.0625,nan,nan,56.92168426513672,nan
5.883182525634766,1784975760.5273395,BSMC,circle,circle_bsmc_5laps_set01,1784975760.4888313,1.058269552941498,-0.00911257567588331,1.6400226487185579,0.1677368667014513,0.1170880716874459,1784975760.4372718,1.0607408918483228,-0.06214317152749451,1.5881446768112684,0.09006762504577637,0,0,1784975760.5227664,1.0377682199110252,0.134082839602401,1.78618102697789,1784975760.5228043,0.14427053435041462,0.010547252295858511,0.1461583782593321,0.19659500122826604,0.019565188267600727,0.1980363501666216,1784975760.5228455,0.18,0.20186667723288118,1784975760.483396,12278.0625,nan,nan,56.92168426513672,nan
5.9230310916900635,1784975760.567188,BSMC,circle,circle_bsmc_5laps_set01,1784975760.5390525,1.057616155256935,-0.000345665401073187,1.6474000647246556,0.17097912153040065,0.12216346330286587,1784975760.556541,1.0607408918483228,-0.06214317152749451,1.5881446768112684,0.010647058486938477,0,0,1784975760.5631857,1.0368276016265383,0.13833782696266325,1.7905387454456023,1784975760.563225,0.13986770863043121,0.010114301692120317,0.14313868072094674,0.20086566565963296,0.020431851701558864,0.20239406863433396,1784975760.5632658,0.18,0.1984552361962384,1784975760.5278049,12278.1064453125,nan,nan,43.89023971557617,nan
5.962741136550903,1784975760.606898,BSMC,circle,circle_bsmc_5laps_set01,1784975760.5889509,1.058045146256321,-0.0027460474851512206,1.6401807168511169,0.16860373134238835,0.10899718854630568,1784975760.556541,1.0607408918483228,-0.06214317152749451,1.5881446768112684,0.05035710334777832,0,0,1784975760.6030145,1.0358789437641238,0.1425426315551387,1.794849239868515,1784975760.6030524,0.14647585011558106,0.0120401878355491,0.15466852301739809,0.2050862943410741,0.021307424048209716,0.20670456305724663,1784975760.6030924,0.18,0.21366283842155068,1784975760.5809505,12278.16015625,nan,nan,53.42985153198242,nan
6.002744197845459,1784975760.6469011,BSMC,circle,circle_bsmc_5laps_set01,1784975760.6389053,1.0584284179247336,-0.00515716764773979,1.634134862888389,0.16675902374480425,0.09654732562306635,1784975760.6360064,1.060767010623183,-0.06212101871350808,1.5892001797957809,0.010894775390625,0,0,1784975760.643015,1.0349102521421143,0.14675155945821994,1.7991682057803802,1784975760.643049,0.15309272791198963,0.013855762454561105,0.16503334289199123,0.2093130435304232,0.022008536509366603,0.2099680259845993,1784975760.6430867,0.18,0.2304967921663064,1784975760.6369479,12278.2138671875,nan,nan,54.4397087097168,nan
6.043172597885132,1784975760.6873295,BSMC,circle,circle_bsmc_5laps_set01,1784975760.6389053,1.0584284179247336,-0.00515716764773979,1.634134862888389,0.16675902374480425,0.09654732562306635,1784975760.6360064,1.060767010623183,-0.06212101871350808,1.5892001797957809,0.05132317543029785,0,0,1784975760.682965,1.0339254339194746,0.15094764535752359,1.8034783139651946,1784975760.6829958,0.15734273500461773,0.014573009635516703,0.1693434510768057,0.21352654226553783,0.022915968168041437,0.21427813416941377,1784975760.6830313,0.18,0.23266481529718538,1784975760.6769202,12278.255859375,nan,nan,41.68126678466797,nan
6.08272910118103,1784975760.726886,BSMC,circle,circle_bsmc_5laps_set01,1784975760.688931,1.0578415012901468,0.0036512422337373,1.639806282562815,0.17130280671039705,0.09962853625408209,1784975760.6360064,1.060767010623183,-0.06212101871350808,1.5892001797957809,0.09087967872619629,0,0,1784975760.7227612,1.032925846050893,0.1551257564730658,1.80777433733403,1784975760.7228043,0.15283203204840817,0.014411395490938105,0.16796805477121501,0.21772234106389984,0.023838497758080147,0.21857415753824913,1784975760.7228467,0.18,0.2317241910841701,1784975760.726692,12278.3056640625,nan,nan,49.823856353759766,nan
6.123092174530029,1784975760.767249,BSMC,circle,circle_bsmc_5laps_set01,1784975760.739019,1.0571915494626827,0.012554874459309246,1.645808737438982,0.17436726265674418,0.10305866711029725,1784975760.755089,1.0607212793289302,-0.059437246006162535,1.6102226735802407,0.012160062789916992,0,0,1784975760.763149,1.0318946272610183,0.15935516688635432,1.8121276526874235,1784975760.7631845,0.14828327762302998,0.014224264723155761,0.16631891524844145,0.21975862058768372,0.020180299456958137,0.20190497910718275,1784975760.763223,0.18,0.22939738079086638,1784975760.726692,12278.3056640625,nan,nan,49.823856353759766,nan
6.16320013999939,1784975760.807357,BSMC,circle,circle_bsmc_5laps_set01,1784975760.7890077,1.057550864148517,0.008567396510538866,1.643068963785668,0.17043310777766824,0.09556717895452786,1784975760.755089,1.0607212793289302,-0.059437246006162535,1.6102226735802407,0.052268028259277344,0,0,1784975760.8027465,1.0308579750863522,0.16352832240709936,1.8164276414340668,1784975760.8027804,0.15648388215870207,0.015433518903535684,0.17335867764839882,0.2239693938955388,0.021051656376606907,0.20620496785382603,1784975760.802819,0.18,0.23879762395880227,1784975760.7769992,12278.35546875,nan,nan,49.987220764160156,nan
6.204151153564453,1784975760.848308,BSMC,circle,circle_bsmc_5laps_set01,1784975760.8392196,1.05687961068475,0.017312854328975294,1.6490436199299074,0.17233792395995465,0.09956888466654563,1784975760.8445923,1.0598445173596371,-0.05238109997040578,1.642602313553902,0.0037157535552978516,0,0,1784975760.8425603,1.0298041904853514,0.16769383817241418,1.8207243857806854,1784975760.8425956,0.15203727157416483,0.015237674789096814,0.171680765850778,0.22166303982707877,0.01417379313729552,0.17812207222678333,1784975760.8427396,0.18,0.23483966491526767,1784975760.8267756,12278.4052734375,nan,nan,49.94413757324219,nan
6.243133306503296,1784975760.8872902,BSMC,circle,circle_bsmc_5laps_set01,1784975760.8392196,1.05687961068475,0.017312854328975294,1.6490436199299074,0.17233792395995465,0.09956888466654563,1784975760.8445923,1.0598445173596371,-0.05238109997040578,1.642602313553902,0.042697906494140625,0,0,1784975760.8826907,1.0287231398766374,0.17189087394367564,1.8250584149783782,1784975760.8827844,0.1563059684244508,0.015987345973155445,0.1760147950484707,0.2259268192942557,0.014950944563421525,0.18245610142447607,1784975760.8828962,0.18,0.2370355562191046,1784975760.877048,12278.4560546875,nan,nan,50.25265121459961,nan
6.282851696014404,1784975760.9270086,BSMC,circle,circle_bsmc_5laps_set01,1784975760.8891153,1.056794157719446,0.014175332611600476,1.6536327868984355,0.16955903822591686,0.10195858638099446,1784975760.8445923,1.0598445173596371,-0.05238109997040578,1.642602313553902,0.08241629600524902,0,0,1784975760.9232106,1.0276256609045566,0.1760765634509578,1.8293855948871307,1784975760.923248,0.1637595277360875,0.015672486381957954,0.1757528079886952,0.23018046037748865,0.01574529604769291,0.1867832813332286,1784975760.9232914,0.18,0.2323634454056372,1784975760.926781,12278.505859375,nan,nan,49.92010498046875,nan
6.322760105133057,1784975760.966917,BSMC,circle,circle_bsmc_5laps_set01,1784975760.939102,1.0560257013523184,0.022939977031212505,1.6600828353396313,0.17234131922230148,0.10654470878136808,1784975760.9562314,1.0570762865100833,-0.031102967847474745,1.701989221661036,0.01068568229675293,0,0,1784975760.9631166,1.0265067338701734,0.18026989695696624,1.8337256493991545,1784975760.9631526,0.15933535804455096,0.01537259971087431,0.1736428140595232,0.21355545578605226,0.002655716146764662,0.13173642773811856,1784975760.9631917,0.18,0.22862758727749433,1784975760.926781,12278.505859375,nan,nan,49.92010498046875,nan
6.362807750701904,1784975761.0069647,BSMC,circle,circle_bsmc_5laps_set01,1784975760.9890635,1.0551071379562134,0.02177145894462844,1.675796496094299,0.1689600975710599,0.12122394405138481,1784975760.9562314,1.0570762865100833,-0.031102967847474745,1.701989221661036,0.050733327865600586,0,0,1784975761.0027997,1.0253801646827445,0.18441981548913614,1.8380257668918303,1784975761.0028346,0.1648681829524633,0.012516512157302956,0.16222927079753124,0.21781708645927583,0.0032297248250537994,0.13603654523079434,1784975761.0028772,0.18,0.20797030460491353,1784975760.9777284,12278.556640625,nan,nan,50.80894088745117,nan
6.403033256530762,1784975761.0471902,BSMC,circle,circle_bsmc_5laps_set01,1784975761.038852,1.0538280293604645,0.02262674094062676,1.6952827809971822,0.1650970051266467,0.13898857044818863,1784975761.037783,1.0546020153067217,-0.015265389980209522,1.7417914325651704,0.009407281875610352,0,0,1784975761.043015,1.0242231285531864,0.18861022080210813,1.8423729796832733,1784975761.0430472,0.16837492486832437,0.008766436808743422,0.14709019868609108,0.2060716368110004,-0.004756252125607645,0.10058154711810285,1784975761.0430822,0.18,0.18648615590193274,1784975761.0275128,12278.6064453125,nan,nan,49.91728591918945,nan
6.442922830581665,1784975761.0870798,BSMC,circle,circle_bsmc_5laps_set01,1784975761.038852,1.0538280293604645,0.02262674094062676,1.6952827809971822,0.1650970051266467,0.13898857044818863,1784975761.037783,1.0546020153067217,-0.015265389980209522,1.7417914325651704,0.04929685592651367,0,0,1784975761.0831323,1.0230540106911374,0.19277392782165198,1.846697713417404,1784975761.0831738,0.17265157502911962,0.009409520102050518,0.15141493242022186,0.21037356064695634,-0.004312693753355787,0.10490628085223364,1784975761.0832136,0.18,0.18860954889364245,1784975761.0810294,12278.66015625,nan,nan,53.25584411621094,nan
6.4831507205963135,1784975761.1273077,BSMC,circle,circle_bsmc_5laps_set01,1784975761.08883,1.0527648510466194,0.031017360692879352,1.7027351835257951,0.1671198195935042,0.14087414654452582,1784975761.037783,1.0546020153067217,-0.015265389980209522,1.7417914325651704,0.08952474594116211,0,0,1784975761.1226819,1.021880084882753,0.1968867121021286,1.8509747596210173,1784975761.1227295,0.16849081761736817,0.00879516324763225,0.1482395760952222,0.21462612253960833,-0.0038557323868366467,0.10918332705584688,1784975761.1227696,0.18,0.18701963368180963,1784975761.0810294,12278.66015625,nan,nan,53.25584411621094,nan
6.52333402633667,1784975761.167491,BSMC,circle,circle_bsmc_5laps_set01,1784975761.1387868,1.0515783090726873,0.039705850043738486,1.7110310481453561,0.17076046363605524,0.14513641112537623,1784975761.158353,1.0503722819519445,0.008163240160520363,1.7847355424200317,0.009137868881225586,0,0,1784975761.1631234,1.0206653946140383,0.20107372088995265,1.8553344092792203,1784975761.1631587,0.16410462635886378,0.00805416844782434,0.14430336113386422,0.19481963586372575,-0.01192737240522957,0.07059886685918859,1784975761.1631956,0.18,0.1845282073415423,1784975761.1275067,12278.7060546875,nan,nan,46.668701171875,nan
6.562940359115601,1784975761.2070973,BSMC,circle,circle_bsmc_5laps_set01,1784975761.1891348,1.0495398051854512,0.04253109319463399,1.7359740864821336,0.17244465467551254,0.16850241223749163,1784975761.158353,1.0503722819519445,0.008163240160520363,1.7847355424200317,0.04874420166015625,0,0,1784975761.2035475,1.0194319485447996,0.2052571220282883,1.8596958613818817,1784975761.2035847,0.165461752845092,0.002941400498914667,0.12372177489974812,0.19916953859593028,-0.011610228100050045,0.07496031896184996,1784975761.2036195,0.18,0.16342006046227966,1784975761.1869395,12278.765625,nan,nan,59.051536560058594,nan
6.603769779205322,1784975761.2479267,BSMC,circle,circle_bsmc_5laps_set01,1784975761.238872,1.0474437188343264,0.04672164912310368,1.7586387429419181,0.17369752429748075,0.18764260252941117,1784975761.2378507,1.0471075516195263,0.023298120771820877,1.8073524065991118,0.010076045989990234,0,0,1784975761.2437172,1.018183171464348,0.20942549031209437,1.864047271293991,1784975761.2437525,0.1653058934109303,-0.0016374289777625617,0.10540852835207291,0.18772248138944114,-0.015501207705650704,0.05669486469487928,1784975761.2437925,0.18,0.14707812182196095,1784975761.2278297,12278.806640625,nan,nan,41.23826599121094,nan
6.642796277999878,1784975761.2869532,BSMC,circle,circle_bsmc_5laps_set01,1784975761.238872,1.0474437188343264,0.04672164912310368,1.7586387429419181,0.17369752429748075,0.18764260252941117,1784975761.2378507,1.0471075516195263,0.023298120771820877,1.8073524065991118,0.0491025447845459,0,0,1784975761.2832224,1.0169482911162973,0.21348395674350668,1.8682894530719452,1784975761.2832558,0.16952357028281473,-0.0011821476874889145,0.10965071013002703,0.19195732458195094,-0.015251843747237152,0.06093704647283338,1784975761.2832916,0.18,0.1490468220661725,1784975761.28336,12278.8623046875,nan,nan,55.45231246948242,nan
6.682936906814575,1784975761.3270938,BSMC,circle,circle_bsmc_5laps_set01,1784975761.2890399,1.0457625134596464,0.05555316932027973,1.7681688034169578,0.17644480563966644,0.18809375895716554,1784975761.2378507,1.0471075516195263,0.023298120771820877,1.8073524065991118,0.08924317359924316,0,0,1784975761.322972,1.01567476920145,0.21760601246005076,1.872603758377426,1784975761.3230093,0.1648066310757208,-0.0022739124216033142,0.10443495496046817,0.19626304203505845,-0.0149798168884623,0.06525135177831422,1784975761.3230512,0.18,0.14714193833241132,1784975761.28336,12278.8623046875,nan,nan,55.45231246948242,nan
6.723314046859741,1784975761.367471,BSMC,circle,circle_bsmc_5laps_set01,1784975761.3391874,1.0439710004587186,0.06445471677888931,1.7777784426488723,0.1785083434690117,0.18869784602839865,1784975761.3585541,1.0417477645402968,0.04621268047748073,1.8378298063802507,0.008916854858398438,0,0,1784975761.3635342,1.014374139821799,0.22175207151645776,1.8769490399783781,1784975761.363578,0.16002230503964188,-0.00336063339230842,0.09917059732950584,0.17654102146239647,-0.01991634699380667,0.03911923359812741,1784975761.363622,0.18,0.1449198762242625,1784975761.329441,12278.908203125,nan,nan,46.25575256347656,nan
6.762899875640869,1784975761.4070568,BSMC,circle,circle_bsmc_5laps_set01,1784975761.3887765,1.0413920036578017,0.06939544891836867,1.8003620483001976,0.1783099316269514,0.2041725153858485,1784975761.3585541,1.0417477645402968,0.04621268047748073,1.8378298063802507,0.04850268363952637,0,0,1784975761.4031177,1.0130650652003617,0.2258626504268575,1.8812630362933807,1784975761.4031522,0.1588082596534184,-0.008021050811587889,0.08090098799318302,0.18085134002006667,-0.01973833217836101,0.04343322991312992,1784975761.4031909,0.18,0.13003338406185558,1784975761.3862169,12278.96484375,nan,nan,56.623634338378906,nan
6.80308198928833,1784975761.447239,BSMC,circle,circle_bsmc_5laps_set01,1784975761.4396336,1.0387751835900503,0.07547820206097436,1.8191801049979306,0.17741666829556316,0.21346000199094708,1784975761.4355779,1.0376251959648362,0.06096094055463836,1.850097355329165,0.011661052703857422,0,0,1784975761.4426343,1.011751797639496,0.2299259941160794,1.8855333362048796,1784975761.4426675,0.15635131214538606,-0.01177501801890916,0.06635323120694903,0.1695502595913088,-0.021710171313054107,0.035435980875714534,1784975761.4427059,0.18,0.11908729921802272,1784975761.4286425,12279.0078125,nan,nan,42.56970977783203,nan
6.8428635597229,1784975761.4870205,BSMC,circle,circle_bsmc_5laps_set01,1784975761.4396336,1.0387751835900503,0.07547820206097436,1.8191801049979306,0.17741666829556316,0.21346000199094708,1784975761.4355779,1.0376251959648362,0.06096094055463836,1.850097355329165,0.051442623138427734,0,0,1784975761.4830132,1.0103929785956796,0.23406909561431266,1.8898935780948332,1784975761.4830465,0.16070131496021142,-0.011476430126467756,0.07071347309690257,0.1739074135852799,-0.021546194816803352,0.03979622276566808,1784975761.4830854,0.18,0.12099458679401792,1784975761.4786325,12279.0576171875,nan,nan,49.85942459106445,nan
6.883103609085083,1784975761.5272605,BSMC,circle,circle_bsmc_5laps_set01,1784975761.4891317,1.0365985620834735,0.08402978315359484,1.8294231004822654,0.17778063475529524,0.2122576609910721,1784975761.4355779,1.0376251959648362,0.06096094055463836,1.850097355329165,0.09168267250061035,0,0,1784975761.522811,1.0090388247929463,0.23813845914833826,1.8941823401874236,1784975761.5228517,0.15603183658209424,-0.012770634643365582,0.06475923970515816,0.17819240094994568,-0.021366374411484437,0.04408498485825851,1784975761.522888,0.18,0.11816651966456912,1784975761.4786325,12279.0576171875,nan,nan,49.85942459106445,nan
6.923006296157837,1784975761.5671632,BSMC,circle,circle_bsmc_5laps_set01,1784975761.5389278,1.0343157244320609,0.0926439298565227,1.8395784727245519,0.17830392237518994,0.21085334042161663,1784975761.5585744,1.0311221059230875,0.08399173324945286,1.8751221986370332,0.008588790893554688,0,0,1784975761.562875,1.0076555039684256,0.2422364739510648,1.8985075374072722,1784975761.5629184,0.15130124869900877,-0.014022437233514574,0.0589290646827203,0.15800503325704154,-0.025029758937315544,0.02338533877023896,1784975761.5629597,0.18,0.11550314722915105,1784975761.528394,12279.107421875,nan,nan,49.88821792602539,nan
6.962782621383667,1784975761.6069396,BSMC,circle,circle_bsmc_5laps_set01,1784975761.5888102,1.0313466470620096,0.09912729078140765,1.8568745337732804,0.17791908800248452,0.2169654041967898,1784975761.5585744,1.0311221059230875,0.08399173324945286,1.8751221986370332,0.048365116119384766,0,0,1784975761.602824,1.006255528984514,0.24632540011143336,1.9028294902270964,1784975761.602859,0.14829618909108672,-0.017466765521231165,0.045954956453815976,0.16232557250693783,-0.024919361063103777,0.027707291590063132,1784975761.6029,0.18,0.1063350308460496,1784975761.5787678,12279.1572265625,nan,nan,50.16828536987305,nan
7.003339767456055,1784975761.6474967,BSMC,circle,circle_bsmc_5laps_set01,1784975761.6389837,1.028832487240812,0.10772852200478741,1.8666764045451913,0.17826411115153767,0.21325458156862356,1784975761.6396725,1.0262505946725033,0.09851029206048453,1.8827783871448613,0.007824182510375977,0,0,1784975761.6430738,1.0048320733717764,0.2504248872550085,1.9071690812534026,1784975761.6431093,0.1434937066812305,-0.018650165264428455,0.04049267670821122,0.151155551566538,-0.026244933195598806,0.024390694108541226,1784975761.6431468,0.18,0.10430582705940666,1784975761.631873,12279.2099609375,nan,nan,52.91728973388672,nan
7.042705059051514,1784975761.686862,BSMC,circle,circle_bsmc_5laps_set01,1784975761.6389837,1.028832487240812,0.10772852200478741,1.8666764045451913,0.17826411115153767,0.21325458156862356,1784975761.6396725,1.0262505946725033,0.09851029206048453,1.8827783871448613,0.04718947410583496,0,0,1784975761.6827345,1.0034056912428295,0.2544762698717841,1.9114642291492157,1784975761.6827707,0.14778494717047125,-0.01846707471636161,0.04478782460402431,0.1554491837580161,-0.02613096087618014,0.02868584200435431,1784975761.682809,0.18,0.1061092922768326,1784975761.6785762,12279.2578125,nan,nan,47.00362014770508,nan
7.082671880722046,1784975761.7268288,BSMC,circle,circle_bsmc_5laps_set01,1784975761.6890285,1.0257350693451237,0.11479016214109833,1.880741217781976,0.1788355144280781,0.21593557616318426,1784975761.6396725,1.0262505946725033,0.09851029206048453,1.8827783871448613,0.08715629577636719,0,0,1784975761.7233865,1.0019446269086596,0.25856961345667806,1.9158105149692228,1784975761.723421,0.14418464643022644,-0.021196780550887074,0.03506929718724683,0.15979339688904298,-0.025996860299039443,0.03303212782436149,1784975761.7234561,0.18,0.09976601252493496,1784975761.6785762,12279.2578125,nan,nan,47.00362014770508,nan
7.123278379440308,1784975761.7674353,BSMC,circle,circle_bsmc_5laps_set01,1784975761.7388642,1.0229749940967598,0.12343547087704787,1.891027586510772,0.18033868931805044,0.21429675131105969,1784975761.7583055,1.0191864265422224,0.1207829089476499,1.9069103865828148,0.009129762649536133,0,0,1784975761.7630565,1.0004760092659253,0.26262850330106124,1.9201269317096403,1784975761.763094,0.13919919403944853,-0.022460831965413108,0.029099345198868365,0.14007949530564826,-0.029120222304105926,0.013216545126825574,1784975761.763134,0.18,0.09728971792677019,1784975761.7350054,12279.3134765625,nan,nan,56.355010986328125,nan
7.162788152694702,1784975761.806945,BSMC,circle,circle_bsmc_5laps_set01,1784975761.7893033,1.0196375469732122,0.13104675121780204,1.9039139650747219,0.1802868416079298,0.2145531771905427,1784975761.7583055,1.0191864265422224,0.1207829089476499,1.9069103865828148,0.048639535903930664,0,0,1784975761.8031952,0.9989828493959965,0.2667000749956017,1.9244636645740203,1784975761.8032343,0.13495001870898868,-0.024838140719755868,0.020549699499298413,0.14441571153955174,-0.029053504736847646,0.01755327799120554,1784975761.803279,0.18,0.09199588904760178,1784975761.7803774,12279.3583984375,nan,nan,45.06429672241211,nan
7.203003406524658,1784975761.8471603,BSMC,circle,circle_bsmc_5laps_set01,1784975761.8390594,1.0167056560671033,0.13952013017668818,1.9145844241311984,0.1802868416079298,0.2145531771905427,1784975761.7583055,1.0191864265422224,0.1207829089476499,1.9069103865828148,0.08885478973388672,0,0,1784975761.8435264,0.9974929952574295,0.2707091334830833,1.9287406077808074,1784975761.843862,0.12998817070130245,-0.026129607759053174,0.014156183649608911,0.14869182228953398,-0.028969289749230378,0.021830221197992605,1784975761.8439813,0.18,0.08844342892350865,1784975761.839917,12279.4169921875,nan,nan,58.33544158935547,nan
7.242640495300293,1784975761.8867974,BSMC,circle,circle_bsmc_5laps_set01,1784975761.8390594,1.0167056560671033,0.13952013017668818,1.9145844241311984,0.1802868416079298,0.2145531771905427,1784975761.8468535,1.0140280838012108,0.1353227331527127,1.9215087405991162,0.03994393348693848,0,0,1784975761.8832383,0.9959535492675958,0.27479742865847134,1.9331091409152679,1784975761.883277,0.13435611715377727,-0.026058227194268098,0.018524716784069417,0.137194430817467,-0.030944589796961113,0.011600400316151614,1784975761.883319,0.18,0.09019766518129069,1784975761.879589,12279.4580078125,nan,nan,41.04176712036133,nan
7.283103704452515,1784975761.9272606,BSMC,circle,circle_bsmc_5laps_set01,1784975761.8889177,1.013411633739793,0.14698724926489642,1.9241522078465392,0.17941217720519317,0.20718719083759526,1784975761.8468535,1.0140280838012108,0.1353227331527127,1.9215087405991162,0.08040714263916016,0,0,1784975761.9231672,0.9944185598847578,0.2788208845312393,1.9374154639667205,1784975761.9232054,0.1302610391852244,-0.027801185449318228,0.01326325612018131,0.14150034325519625,-0.030885364429550023,0.015906723367604236,1784975761.923249,0.18,0.08831161502161207,1784975761.879589,12279.4580078125,nan,nan,41.04176712036133,nan
7.32310152053833,1784975761.9672585,BSMC,circle,circle_bsmc_5laps_set01,1784975761.9393437,1.0102831710761038,0.15546923277078137,1.934592322054647,0.17941217720519317,0.20718719083759526,1784975761.9626694,1.0057283365328618,0.15737884902386434,1.951140571022411,0.004589080810546875,0,0,1784975761.9630518,0.992867369172364,0.2828348371869448,1.9417187228625945,1784975761.963093,0.12522685526781024,-0.029043795619371877,0.007126400807947464,0.12126502075520706,-0.0346324152877326,-0.009421848159816504,1784975761.9631343,0.18,0.08486486533445525,1784975761.9413297,12279.5205078125,nan,nan,62.10614013671875,nan
7.362961530685425,1784975762.0071185,BSMC,circle,circle_bsmc_5laps_set01,1784975761.9896002,1.006625122640564,0.16334943707561658,1.9452197036027175,0.177575505318709,0.20087154758063688,1784975761.9626694,1.0057283365328618,0.15737884902386434,1.951140571022411,0.0444490909576416,0,0,1784975762.0030515,0.9912927386710696,0.286857769766898,1.9460388474887542,1784975762.003092,0.1205591144385952,-0.03090129719202685,0.0008191438860367661,0.12558502811471514,-0.03466378680747921,-0.005101723533656787,1784975762.003137,0.18,0.0819669632333543,1784975761.9797804,12279.55859375,nan,nan,38.29268264770508,nan
7.402804374694824,1784975762.0469613,BSMC,circle,circle_bsmc_5laps_set01,1784975762.0387187,1.002774468060775,0.17166211731064207,1.9566748744301152,0.17721194824466857,0.1996260003324495,1784975762.0374799,0.9993372891569311,0.1728470404294882,1.966728409019677,0.009481430053710938,0,0,1784975762.042742,0.9897060859024399,0.29086046891927025,1.9503445525592498,1784975762.0427742,0.1153520629106272,-0.032755628840142104,-0.006330321870865463,0.1125980635964388,-0.036627932706809224,-0.016383856460427282,1784975762.0428097,0.18,0.07780439613680672,1784975762.0307603,12279.6083984375,nan,nan,50.023677825927734,nan
7.4428558349609375,1784975762.0870128,BSMC,circle,circle_bsmc_5laps_set01,1784975762.0387187,1.002774468060775,0.17166211731064207,1.9566748744301152,0.17721194824466857,0.1996260003324495,1784975762.0374799,0.9993372891569311,0.1728470404294882,1.966728409019677,0.04953289031982422,0,0,1784975762.082556,0.9881021363085916,0.2948564903338494,1.9546504636233977,1784975762.0825894,0.11965793307847461,-0.03277361614186913,-0.0020244108067175586,0.11690353532839669,-0.03668920758496543,-0.012077945396279379,1784975762.0826263,0.18,0.07947157964205204,1784975762.0808282,12279.6591796875,nan,nan,50.96577072143555,nan
7.482950210571289,1784975762.1271071,BSMC,circle,circle_bsmc_5laps_set01,1784975762.0891027,0.9994411291489088,0.1798948044262037,1.9655012574142396,0.1767924448455442,0.19507391431794555,1784975762.0374799,0.9993372891569311,0.1728470404294882,1.966728409019677,0.08962726593017578,0,0,1784975762.1227489,0.986470625337537,0.2988709271183834,1.9589837718433074,1784975762.122786,0.11481568023404944,-0.03377737870791519,-0.0065174855709322355,0.12123662732140388,-0.03673215552819942,-0.00774463717636964,1784975762.1228282,0.18,0.07797368196072398,1784975762.0808282,12279.6591796875,nan,nan,50.96577072143555,nan
7.522817134857178,1784975762.166974,BSMC,circle,circle_bsmc_5laps_set01,1784975762.1391299,0.9960343854494509,0.18811279323051436,1.9741310818656788,0.17721613194224067,0.19118590312891667,1784975762.15777,0.9901394892207214,0.19599288565566844,1.9911322763628074,0.00920414924621582,0,0,1784975762.1632261,0.9848113226278903,0.3029034032571319,1.963344296974533,1784975762.1632643,0.10998441091664832,-0.034731407179921896,-0.010786784891145818,0.09977841029710174,-0.0387623138065442,-0.027787979388274486,1784975762.1633012,0.18,0.07672248830718223,1784975762.130485,12279.708984375,nan,nan,49.80375289916992,nan
7.563026428222656,1784975762.2071834,BSMC,circle,circle_bsmc_5laps_set01,1784975762.1892393,0.991670583179568,0.19715654475949096,1.9858751008525637,0.17860940364760142,0.19096455634701065,1784975762.15777,0.9901394892207214,0.19599288565566844,1.9911322763628074,0.049413442611694336,0,0,1784975762.203216,0.9831504271700948,0.30689049062219653,1.967663494629257,1784975762.2032516,0.10385169450383017,-0.0364548691083659,-0.018211606223306642,0.10409618621869818,-0.03887299564455687,-0.02346878173355038,1784975762.2033021,0.18,0.0727998585837441,1784975762.181812,12279.7607421875,nan,nan,51.25691604614258,nan
7.6029722690582275,1784975762.2471292,BSMC,circle,circle_bsmc_5laps_set01,1784975762.2390542,0.9880603633000506,0.2054230596243681,1.9938932907490077,0.17981015976855244,0.18580064813463837,1784975762.2385793,0.9839118879230337,0.2103229851365331,2.005366934659714,0.008549928665161133,0,0,1784975762.242972,0.9814814864038299,0.31084877201504835,1.9719592347568207,1784975762.243008,0.09883065364650873,-0.0372875898135276,-0.021934055992187007,0.09220525634634101,-0.04011896535548686,-0.033407699902893384,1784975762.2430494,0.18,0.07257753228918862,1784975762.2346447,12279.8134765625,nan,nan,52.81684875488281,nan
7.642895936965942,1784975762.2870529,BSMC,circle,circle_bsmc_5laps_set01,1784975762.2390542,0.9880603633000506,0.2054230596243681,1.9938932907490077,0.17981015976855244,0.18580064813463837,1784975762.2385793,0.9839118879230337,0.2103229851365331,2.005366934659714,0.04847359657287598,0,0,1784975762.2829514,0.9797837652056582,0.3148273183995316,1.9762848697131803,1784975762.2829857,0.10315543980927253,-0.037373107335550645,-0.017608421035827382,0.09652877666899404,-0.040254097216321186,-0.02908206494653376,1784975762.2830439,0.18,0.07420458430876932,1784975762.2804003,12279.859375,nan,nan,45.797607421875,nan
7.682649374008179,1784975762.3268063,BSMC,circle,circle_bsmc_5laps_set01,1784975762.2892373,0.9835659651952191,0.214559876933246,2.004882964130214,0.1814851223023627,0.18503872165460497,1784975762.2385793,0.9839118879230337,0.2103229851365331,2.005366934659714,0.0882270336151123,0,0,1784975762.3232532,0.9780620788120505,0.31881407105237425,1.9806274991458586,1784975762.3232927,0.09689992861026557,-0.038854003552698954,-0.0242554649843556,0.10086983034440301,-0.040370946435830786,-0.02473943551385549,1784975762.323335,0.18,0.07104752711741626,1784975762.2804003,12279.859375,nan,nan,45.797607421875,nan
7.723278999328613,1784975762.367436,BSMC,circle,circle_bsmc_5laps_set01,1784975762.3392022,0.9797482827282166,0.2228359319977899,2.0131672559847766,0.18190383507160648,0.18171957140734127,1784975762.3590953,0.9742998698017086,0.23157285542371375,2.02799047830992,0.008340597152709961,0,0,1784975762.3631458,0.9763434254782941,0.32274706053955415,1.9849196086352996,1784975762.3631883,0.0917511710256293,-0.03969318927482414,-0.028247647349477042,0.08090803248777989,-0.04208089919743869,-0.04307086967462048,1784975762.363236,0.18,0.06991162677084453,1784975762.3344672,12279.9130859375,nan,nan,54.19083023071289,nan
7.762706995010376,1784975762.406864,BSMC,circle,circle_bsmc_5laps_set01,1784975762.3889844,0.9751320161920672,0.23190622769119465,2.0241496299811215,0.18246327663266318,0.18216938678093383,1784975762.3590953,0.9742998698017086,0.23157285542371375,2.02799047830992,0.047768592834472656,0,0,1784975762.403144,0.9745828379426006,0.32672900930611243,1.9892734132236174,1784975762.4031723,0.08548464385570596,-0.04103702200212862,-0.034876216757504075,0.0852581936777964,-0.042258893779402874,-0.03871706508630268,1784975762.403205,0.18,0.06604406896253225,1784975762.3822467,12279.9599609375,nan,nan,46.21990203857422,nan
7.8030054569244385,1784975762.4471624,BSMC,circle,circle_bsmc_5laps_set01,1784975762.4394412,0.9711216859616577,0.24018396733971378,2.032298607820261,0.1823416197006296,0.1785298217681752,1784975762.4397995,0.9672107765420824,0.24592525529448606,2.0388612665138686,0.007362842559814453,0,0,1784975762.4427047,0.9728383267022752,0.33062902872653777,1.993545824570053,1784975762.4427388,0.08021870139995138,-0.041811672178999795,-0.038752783250208145,0.07305436138079285,-0.043237239015440784,-0.04531544194381554,1784975762.442776,0.18,0.06494684516891194,1784975762.4395669,12280.015625,nan,nan,55.70145034790039,nan
7.842619180679321,1784975762.486776,BSMC,circle,circle_bsmc_5laps_set01,1784975762.4394412,0.9711216859616577,0.24018396733971378,2.032298607820261,0.1823416197006296,0.1785298217681752,1784975762.4397995,0.9672107765420824,0.24592525529448606,2.0388612665138686,0.046976566314697266,0,0,1784975762.4826117,0.9710642433210732,0.3345499647601195,1.9978494439548187,1784975762.4826555,0.08451943515602796,-0.04196915355008915,-0.03444916386544249,0.07735396903507877,-0.04342294104047765,-0.04101182255904989,1784975762.482696,0.18,0.0665137530105798,1784975762.4819882,12280.0595703125,nan,nan,44.454017639160156,nan
7.882875442504883,1784975762.5270324,BSMC,circle,circle_bsmc_5laps_set01,1784975762.489168,0.9664527289946615,0.2491736891825785,2.041489446744757,0.18214910624222938,0.17575489900012797,1784975762.4397995,0.9672107765420824,0.24592525529448606,2.0388612665138686,0.08723282814025879,0,0,1784975762.5233476,0.9692507249199478,0.33851227892648594,2.0022070594257046,1784975762.5233808,0.07835448787335271,-0.04300914587309009,-0.039282387319052425,0.08170829582500475,-0.043592117725460094,-0.03665420708816392,1784975762.5234182,0.18,0.06448471463794254,1784975762.4819882,12280.0595703125,nan,nan,44.454017639160156,nan
7.922961473464966,1784975762.5671184,BSMC,circle,circle_bsmc_5laps_set01,1784975762.5391958,0.962323311112063,0.257289074641068,2.0502753814750854,0.18214910624222938,0.17575489900012797,1784975762.5564015,0.9564542003863511,0.2679515595058389,2.0569654374442368,0.010716915130615234,0,0,1784975762.5628622,0.9674472149164571,0.34240810815988876,2.0065000958865813,1784975762.5628998,0.07315687257564349,-0.043812968996929214,-0.043775285588504076,0.06069281425394724,-0.044508496985046324,-0.05046534155765547,1784975762.5629454,0.18,0.06185496575173404,1784975762.5410187,12280.119140625,nan,nan,59.429344177246094,nan
7.962862014770508,1784975762.607019,BSMC,circle,circle_bsmc_5laps_set01,1784975762.5893786,0.9574773504736961,0.2665173124260883,2.057278692818365,0.18056574392462107,0.16712248369563598,1784975762.5564015,0.9564542003863511,0.2679515595058389,2.0569654374442368,0.05061745643615723,0,0,1784975762.6033428,0.9655873780196248,0.34638030472122144,2.010886138481491,1784975762.6033778,0.06680592434097982,-0.04450661252078732,-0.04639255433687417,0.06507374411424173,-0.04472013905048278,-0.046079298962745874,1784975762.6034164,0.18,0.06279247903858406,1784975762.5820518,12280.16015625,nan,nan,40.775508880615234,nan
8.002852439880371,1784975762.6470094,BSMC,circle,circle_bsmc_5laps_set01,1784975762.6396103,0.9533748431492457,0.27432802208144175,2.0640383398999957,0.1783410571349251,0.16151536792578677,1784975762.6416597,0.9492247588618068,0.282131678439293,2.0695383574089505,0.005349636077880859,0,0,1784975762.6428394,0.963767048879833,0.3502247875648173,2.015139804405563,1784975762.642873,0.06192951435030058,-0.0450893801589828,-0.04889853549443268,0.05284245956341208,-0.04534119734455745,-0.05439855300338747,1784975762.6429121,0.18,0.06262349819794362,1784975762.6324854,12280.2099609375,nan,nan,49.983219146728516,nan
8.043169498443604,1784975762.6873264,BSMC,circle,circle_bsmc_5laps_set01,1784975762.6396103,0.9533748431492457,0.27432802208144175,2.0640383398999957,0.1783410571349251,0.16151536792578677,1784975762.6416597,0.9492247588618068,0.282131678439293,2.0695383574089505,0.04566669464111328,0,0,1784975762.6830971,0.9618867136983744,0.3541522081977248,2.0194941497272185,1784975762.683139,0.06627910458100757,-0.04529274693934983,-0.04454419017277722,0.05719086549110029,-0.04556848375080429,-0.05004420768173201,1784975762.6831856,0.18,0.06417760846375965,1784975762.68147,12280.259765625,nan,nan,50.203521728515625,nan
8.082679748535156,1784975762.7268367,BSMC,circle,circle_bsmc_5laps_set01,1784975762.6893897,0.9485278413067414,0.2833004048256714,2.071636374893267,0.17808209107034606,0.15686724732828825,1784975762.6416597,0.9492247588618068,0.282131678439293,2.0695383574089505,0.08517694473266602,0,0,1784975762.7230747,0.960006121589703,0.35803683847317613,2.023810051483505,1784975762.7231076,0.06004582769385416,-0.045954151163546425,-0.047826323409761784,0.061501816463739103,-0.04577507699284001,-0.04572830592544541,1784975762.7231438,0.17915090372543505,0.06407343466312973,1784975762.68147,12280.259765625,nan,nan,50.203521728515625,nan
8.122671127319336,1784975762.766828,BSMC,circle,circle_bsmc_5laps_set01,1784975762.739076,0.9442532930413222,0.29117371210134363,2.077905338298457,0.1790891366797991,0.1516040133305726,1784975762.760328,0.9379594437416349,0.3027164142634408,2.0830648606482685,0.0065000057220458984,0,0,1784975762.7631025,0.9581031874214699,0.3619246828256698,2.028138621849411,1784975762.7631433,0.0551208843142696,-0.046467273916043474,-0.04976671644904629,0.041734414697888134,-0.046579266904929154,-0.0549262387988576,1784975762.7631865,0.17329477407496277,0.06562195041543926,1784975762.7338026,12280.3125,nan,nan,52.44740295410156,nan
8.162911176681519,1784975762.807068,BSMC,circle,circle_bsmc_5laps_set01,1784975762.7892048,0.9390445308586922,0.30056318194180703,2.084989914001468,0.18152306162180248,0.14854519767072238,1784975762.760328,0.9379594437416349,0.3027164142634408,2.0830648606482685,0.046740055084228516,0,0,1784975762.8027294,0.9562041559003437,0.3657626186792618,2.0324206891483,1784975762.802765,0.04832880547041833,-0.04700793384370239,-0.05256922485316817,0.04601051460011697,-0.04680519158413996,-0.05064417149996858,1784975762.8028026,0.1652170961933083,0.06640263925836677,1784975762.781675,12280.3603515625,nan,nan,47.828514099121094,nan
8.20296311378479,1784975762.84712,BSMC,circle,circle_bsmc_5laps_set01,1784975762.8389823,0.9345586112753264,0.30855532642575867,2.091121125023734,0.18278622331267624,0.14417922581399784,1784975762.760328,0.9379594437416349,0.3027164142634408,2.0830648606482685,0.0867919921875,0,0,1784975762.8447504,0.9541696940501193,0.369828998386647,2.0369676127856904,1784975762.8447807,0.04341469153406394,-0.04747864785535086,-0.05415351223804343,0.05055211608553695,-0.04702504356226101,-0.04609724786257807,1784975762.8448148,0.15937491699193293,0.06810472544310997,1784975762.8342745,12280.4130859375,nan,nan,52.63885498046875,nan
8.243059396743774,1784975762.8872163,BSMC,circle,circle_bsmc_5laps_set01,1784975762.8389823,0.9345586112753264,0.30855532642575867,2.091121125023734,0.18278622331267624,0.14417922581399784,1784975762.8477952,0.9305621456048485,0.3161900818053939,2.0917548699870934,0.03942108154296875,0,0,1784975762.8835726,0.9522811773796259,0.3735628449074754,2.041151884598129,1784975762.8836071,0.047593291081079944,-0.047696388254705444,-0.04996924042560469,0.03895201843279081,-0.04739293773562555,-0.05060298538896424,1784975762.8836472,0.16435843061737124,0.06958042232497216,1784975762.8817208,12280.4609375,nan,nan,47.325592041015625,nan
8.28347373008728,1784975762.9276307,BSMC,circle,circle_bsmc_5laps_set01,1784975762.888853,0.9295474133688009,0.3174417413055008,2.09689968133541,0.18245320764078107,0.13930890396869075,1784975762.8477952,0.9305621456048485,0.3161900818053939,2.0917548699870934,0.07983541488647461,0,0,1784975762.9231613,0.950337965401579,0.3773648421094569,2.0454216952747037,1784975762.923198,0.041379385138849416,-0.04807048522034607,-0.05147798606070619,0.04321681162829923,-0.04759980608759269,-0.046333174712389624,1784975762.923243,0.15697426267322992,0.07110795157155417,1784975762.8817208,12280.4609375,nan,nan,47.325592041015625,nan
8.32282567024231,1784975762.9669826,BSMC,circle,circle_bsmc_5laps_set01,1784975762.939014,0.92515495173901,0.32504678047354374,2.102605164987131,0.17901276800155144,0.13487192872597817,1784975762.9586425,0.9191866872413278,0.3371069523520654,2.109333717617042,0.008340120315551758,0,0,1784975762.9627256,0.9483741590768948,0.3811669400976558,2.049701007408493,1784975762.9627588,0.03659517153198921,-0.04847058206974399,-0.05290415757863798,0.022854027516489607,-0.047653797944855664,-0.05963271020854899,1784975762.9627943,0.15128736596219408,0.07112450766837346,1784975762.9334183,12280.5126953125,nan,nan,51.861549377441406,nan
8.362995624542236,1784975763.0071526,BSMC,circle,circle_bsmc_5laps_set01,1784975762.988915,0.9201679150616522,0.3337283548181669,2.1089490361238177,0.17380659098993517,0.13114836246371503,1784975762.9586425,0.9191866872413278,0.3371069523520654,2.109333717617042,0.048510074615478516,0,0,1784975763.0025997,0.9463795887375623,0.3849882574792405,2.0540115533298184,1784975763.0026321,0.030579861892441808,-0.04878013432079013,-0.05493748279399924,0.027157451786130632,-0.04790142048989308,-0.055322164287223696,1784975763.002668,0.14413535819426287,0.0696848803534489,1784975762.9844396,12280.5634765625,nan,nan,50.980430603027344,nan
8.402997970581055,1784975763.047155,BSMC,circle,circle_bsmc_5laps_set01,1784975763.0391624,0.9152024694217115,0.3422416456377768,2.1150114225424357,0.1674480866548725,0.12700906988776833,1784975763.0381923,0.91088894017054,0.3509286037477187,2.1188933076553513,0.008962631225585938,0,0,1784975763.0427043,0.9443581552971956,0.38882057421595245,2.0583443208163907,1784975763.0427372,0.024754592844735808,-0.04905976701383778,-0.056667101726044944,0.01490186582776647,-0.04831070463169724,-0.060548986838960595,1784975763.0427732,0.1372103454411418,0.06808253533381106,1784975763.0326514,12280.611328125,nan,nan,48.09620666503906,nan
8.443161249160767,1784975763.0873182,BSMC,circle,circle_bsmc_5laps_set01,1784975763.0391624,0.9152024694217115,0.3422416456377768,2.1150114225424357,0.1674480866548725,0.12700906988776833,1784975763.0381923,0.91088894017054,0.3509286037477187,2.1188933076553513,0.04912590980529785,0,0,1784975763.083282,0.9423087047928876,0.3926654312158551,2.0627012925571133,1784975763.083314,0.02910509479976066,-0.04929705472661187,-0.05231012998532236,0.01925141388257954,-0.04856487866298377,-0.05619201509823801,1784975763.0833516,0.1424000183347359,0.06961323272619005,1784975763.0830321,12280.6611328125,nan,nan,50.0767707824707,nan
8.482988834381104,1784975763.1271458,BSMC,circle,circle_bsmc_5laps_set01,1784975763.0893085,0.9111999439716456,0.3488789189445342,2.1200598308220284,0.16106963909339497,0.12209213856354546,1784975763.0381923,0.91088894017054,0.3509286037477187,2.1188933076553513,0.08895349502563477,0,0,1784975763.123621,0.9402365265181234,0.3965123947622734,2.0670708556598356,1784975763.1236587,0.025468216792749764,-0.04963306436091833,-0.05298897516219281,0.02361460253305578,-0.048800751786148275,-0.05182245199551571,1784975763.1236997,0.1380791859069112,0.06893987784912162,1784975763.0830321,12280.6611328125,nan,nan,50.0767707824707,nan
8.523439168930054,1784975763.167596,BSMC,circle,circle_bsmc_5laps_set01,1784975763.1389477,0.9073340514854937,0.3552390467073506,2.1245888723595563,0.15597090445690034,0.11682142683460878,1784975763.1566758,0.8988204157111351,0.3718751877991559,2.1328077895832367,0.010920286178588867,0,0,1784975763.1628234,0.9382194679089048,0.4002188157454844,2.0712905841296845,1784975763.1628866,0.02201376017151142,-0.049924772743424106,-0.053298288229871815,0.00298861592090352,-0.04844290179293341,-0.06151720545355221,1784975763.162955,0.13397697142690773,0.06942969007150615,1784975763.1321583,12280.7109375,nan,nan,49.697139739990234,nan
8.562988042831421,1784975763.207145,BSMC,circle,circle_bsmc_5laps_set01,1784975763.1887925,0.9020886383686252,0.36401278718809693,2.13141624487516,0.15464596586226953,0.117148606898139,1784975763.1566758,0.8988204157111351,0.3718751877991559,2.1328077895832367,0.050469160079956055,0,0,1784975763.2028785,0.9361314482978318,0.404016850734638,2.0756247420734097,1784975763.2029183,0.015779520214145748,-0.050102342758828654,-0.05579150280175016,0.007315139318388064,-0.04869998342603677,-0.05718304750982694,1784975763.202958,0.12656224873310976,0.06710736669644347,1784975763.1837847,12280.7626953125,nan,nan,51.252410888671875,nan
8.603625774383545,1784975763.2477827,BSMC,circle,circle_bsmc_5laps_set01,1784975763.2390773,0.8981104630144197,0.37033987492594056,2.137222525014811,0.15185844796371115,0.11685970124083729,1784975763.240056,0.8905155712182959,0.385537458192093,2.143565661043507,0.0077266693115234375,0,0,1784975763.2425132,0.9340428013120002,0.407777471439346,2.0799264560168913,1784975763.2425473,0.012308742430576867,-0.050410330568347206,-0.057296068997919836,-0.004899500985151645,-0.04863365952675948,-0.06363920502661591,1784975763.242585,0.12243325242222597,0.0647666513979902,1784975763.233622,12280.8115234375,nan,nan,49.297969818115234,nan
8.643109560012817,1784975763.2872665,BSMC,circle,circle_bsmc_5laps_set01,1784975763.2390773,0.8981104630144197,0.37033987492594056,2.137222525014811,0.15185844796371115,0.11685970124083729,1784975763.240056,0.8905155712182959,0.385537458192093,2.143565661043507,0.0472104549407959,0,0,1784975763.283105,0.9319136875540317,0.411572180950518,2.0842776599353483,1784975763.28315,0.01665333453790388,-0.05065004934004007,-0.05294486507946283,-0.000556516839257927,-0.04890093162980422,-0.059288001108158905,1784975763.2832012,0.12761617288096597,0.06629328020445477,1784975763.2832842,12280.861328125,nan,nan,50.038761138916016,nan
8.683342933654785,1784975763.3274999,BSMC,circle,circle_bsmc_5laps_set01,1784975763.2889297,0.8931036326385842,0.3785882465551398,2.1429975451540995,0.14586975810271866,0.1132409040803122,1784975763.240056,0.8905155712182959,0.385537458192093,2.143565661043507,0.08744382858276367,0,0,1784975763.3232377,0.9297864230666898,0.4153253947930173,2.08859181074559,1784975763.32327,0.011022185707117035,-0.05073220472719403,-0.05440573440850959,0.0037505919751699285,-0.049147268811959154,-0.05497385029791735,1784975763.323308,0.12092353472465753,0.06471998295830866,1784975763.2832842,12280.861328125,nan,nan,50.038761138916016,nan
8.723528385162354,1784975763.3676853,BSMC,circle,circle_bsmc_5laps_set01,1784975763.3388262,0.8895495748034429,0.384118727654803,2.1478000227170693,0.13929918562835766,0.11031944128296715,1784975763.3565404,0.8778127671267374,0.4059315181960451,2.1532725414468,0.011144876480102539,0,0,1784975763.3638356,0.9276023021133667,0.4191401001079567,2.09298753504216,1784975763.3639474,0.00859310459575676,-0.050996716929938936,-0.05481248767490943,-0.01635837314227649,-0.04884534838084901,-0.060285006404640296,1784975763.364,0.11803781769474476,0.06256222293157111,1784975763.3334262,12280.912109375,nan,nan,50.65505599975586,nan
8.762737274169922,1784975763.4068942,BSMC,circle,circle_bsmc_5laps_set01,1784975763.389677,0.8841173160658041,0.392951616508603,2.1538064748461045,0.13588908510028433,0.10996001832324333,1784975763.3565404,0.8778127671267374,0.4059315181960451,2.1532725414468,0.0503537654876709,0,0,1784975763.402682,0.9254866391646656,0.4227985725805225,2.0972137008136444,1784975763.4027214,0.002141075125104506,-0.05096741584312218,-0.0565927740324601,-0.012139359109065953,-0.04909105375848846,-0.05605884063315569,1784975763.4027607,0.11036855425565181,0.05994908917436685,1784975763.3846407,12280.9638671875,nan,nan,51.008609771728516,nan
8.803117990493774,1784975763.447275,BSMC,circle,circle_bsmc_5laps_set01,1784975763.438819,0.8788295212779118,0.4015692816947071,2.158118557909801,0.13273219978834516,0.10528746710977209,1784975763.4374542,0.8694493232641485,0.4193493523580737,2.159822752690319,0.009820699691772461,0,0,1784975763.443174,0.9232872285438969,0.42656445991690123,2.1015748181766205,1784975763.4432235,-0.0038288517179293595,-0.05085849549710823,-0.05654373973318049,-0.023910512291864038,-0.04877361196320436,-0.058247934513698585,1784975763.443281,0.10328255050199023,0.0614937621864201,1784975763.4358366,12281.0146484375,nan,nan,51.15448760986328,nan
8.843212842941284,1784975763.4873698,BSMC,circle,circle_bsmc_5laps_set01,1784975763.438819,0.8788295212779118,0.4015692816947071,2.158118557909801,0.13273219978834516,0.10528746710977209,1784975763.4374542,0.8694493232641485,0.4193493523580737,2.159822752690319,0.04991555213928223,0,0,1784975763.4831777,0.9210951292409273,0.4302807172128289,2.10588943247258,1784975763.4832368,0.00047937974460843247,-0.05109303613071983,-0.052229125437221136,-0.01960268678820979,-0.04901549431824803,-0.05393332021773922,1784975763.4832826,0.10842175163645262,0.06300947361718356,1784975763.4854221,12281.064453125,nan,nan,49.794776916503906,nan
8.883211374282837,1784975763.5273683,BSMC,circle,circle_bsmc_5laps_set01,1784975763.489328,0.875308701884076,0.4068750486017635,2.162351128901012,0.12933099327074823,0.10124151178740683,1784975763.4374542,0.8694493232641485,0.4193493523580737,2.159822752690319,0.08991408348083496,0,0,1784975763.522973,0.9188866987623414,0.4339880121200575,2.1102046647494963,1784975763.5230112,-0.0017955865768808227,-0.05129259665401414,-0.05214646415151591,-0.015293240535298225,-0.04923881852467586,-0.04961808794082279,1784975763.5230482,0.10572183230369092,0.06385484080185488,1784975763.4854221,12281.064453125,nan,nan,49.794776916503906,nan
8.923141717910767,1784975763.5672987,BSMC,circle,circle_bsmc_5laps_set01,1784975763.5389984,0.8717276723887601,0.4122054700707737,2.167378030804599,0.12933099327074823,0.10124151178740683,1784975763.5588994,0.8565039854426697,0.4387952422802933,2.1683104565634266,0.008399248123168945,0,0,1784975763.562827,0.9166696440175642,0.437673578796652,2.114505683464401,1784975763.562862,-0.004180435201501204,-0.05148717643727843,-0.05287234734019819,-0.03477586127734488,-0.049110121901092645,-0.05380477309902565,1784975763.5629008,0.10288690238274174,0.06330137444263677,1784975763.540814,12281.1201171875,nan,nan,55.46877670288086,nan
8.963469505310059,1784975763.6076264,BSMC,circle,circle_bsmc_5laps_set01,1784975763.5892653,0.8661847015610736,0.4210162544785899,2.170684010123379,0.12322544205742782,0.09557810159975022,1784975763.5588994,0.8565039854426697,0.4387952422802933,2.1683104565634266,0.04872703552246094,0,0,1784975763.6028328,0.9144231147088498,0.44137192784095325,2.11883288912236,1784975763.602866,-0.01043143207332813,-0.051307730079884824,-0.051851121001019074,-0.030454427627465017,-0.049333484382460706,-0.04947756744106657,1784975763.6029036,0.095472741560678,0.06447107612124489,1784975763.5833924,12281.162109375,nan,nan,42.446224212646484,nan
9.002810001373291,1784975763.646967,BSMC,circle,circle_bsmc_5laps_set01,1784975763.63909,0.860070174722642,0.43052478886429335,2.175649043738805,0.1266698702007336,0.09587222242204083,1784975763.6370435,0.8472627410865942,0.4526941746540213,2.1764990725546274,0.009923458099365234,0,0,1784975763.642848,0.9121634672074103,0.44505587405772196,2.123154635948532,1784975763.6428819,-0.017669313080027345,-0.05111417547102042,-0.05249440779027292,-0.04323003960115569,-0.04900624004237744,-0.053344436606095336,1784975763.64292,0.08687775374855909,0.06630891612455495,1784975763.6389003,12281.2177734375,nan,nan,55.1694221496582,nan
9.04284143447876,1784975763.6869984,BSMC,circle,circle_bsmc_5laps_set01,1784975763.63909,0.860070174722642,0.43052478886429335,2.175649043738805,0.1266698702007336,0.09587222242204083,1784975763.6370435,0.8472627410865942,0.4526941746540213,2.1764990725546274,0.049954891204833984,0,0,1784975763.6833591,0.9098708721182951,0.44875741238072814,2.127508646530502,1784975763.6833956,-0.01332081660131675,-0.05133316536567312,-0.048140397208302765,-0.03888173084114428,-0.04922892620478194,-0.04899042602412518,1784975763.6834364,0.09206306997741107,0.0678516365368187,1784975763.6848662,12281.263671875,nan,nan,46.4012565612793,nan
9.082747220993042,1784975763.7269042,BSMC,circle,circle_bsmc_5laps_set01,1784975763.6895168,0.8573806904216751,0.434413279944898,2.179330814223422,0.11268905947819419,0.09179292781725137,1784975763.6370435,0.8472627410865942,0.4526941746540213,2.1764990725546274,0.08986067771911621,0,0,1784975763.7232978,0.9075758417707886,0.4524271973459948,2.131836985153549,1784975763.7233357,-0.013914664049798471,-0.05148239080962734,-0.047493829069872984,-0.03455814009648977,-0.04943153188093778,-0.044662087401078576,1784975763.7233791,0.09136151082206925,0.06185793856190089,1784975763.6848662,12281.263671875,nan,nan,46.4012565612793,nan
9.122960329055786,1784975763.7671173,BSMC,circle,circle_bsmc_5laps_set01,1784975763.7391093,0.8541931376612019,0.43898823495454925,2.1838727685184565,0.11268905947819419,0.09179292781725137,1784975763.7592585,0.8336740309009177,0.4729140002619207,2.180704736417668,0.007858753204345703,0,0,1784975763.763016,0.9052859021840349,0.4560539871862137,2.1361262107318573,1784975763.763051,-0.015440311736382153,-0.051607240376729785,-0.0477465577865992,-0.05483889547665225,-0.04904299840429381,-0.04457852568581089,1784975763.7630885,0.08954926773032938,0.06158411289604297,1784975763.6848662,12281.263671875,nan,nan,46.4012565612793,nan
9.163002490997314,1784975763.8071594,BSMC,circle,circle_bsmc_5laps_set01,1784975763.7889898,0.8480150267719538,0.44855357151764513,2.1864488359072025,0.10904717148123842,0.08751178851411223,1784975763.7592585,0.8336740309009177,0.4729140002619207,2.180704736417668,0.04790091514587402,0,0,1784975763.8033164,0.9029415422518319,0.45973163423005237,2.1404875340884857,1784975763.8033519,-0.02259385300486065,-0.05129706614572162,-0.045961301818716827,-0.05048149489767297,-0.049227853658710255,-0.040217202329182467,1784975763.8033915,0.08106704473434988,0.06365099237370486,1784975763.7964494,12281.375,nan,nan,15.976152420043945,nan
9.203317642211914,1784975763.8474746,BSMC,circle,circle_bsmc_5laps_set01,1784975763.839095,0.8452462172096723,0.45246904998846277,2.1902122068215792,0.10453929337151467,0.08553454621318064,1784975763.7592585,0.8336740309009177,0.4729140002619207,2.180704736417668,0.08821606636047363,0,0,1784975763.8455858,0.9004793414829302,0.4635564405552477,2.1450363374179533,1784975763.8456178,-0.023038574001574497,-0.051408679758767936,-0.045175869403625946,-0.04593596945060572,-0.04940040643816722,-0.035668398999714857,1784975763.8456547,0.0805430250063097,0.062272036779447905,1784975763.8453763,12281.423828125,nan,nan,48.110984802246094,nan
9.242862939834595,1784975763.8870199,BSMC,circle,circle_bsmc_5laps_set01,1784975763.839095,0.8452462172096723,0.45246904998846277,2.1902122068215792,0.10453929337151467,0.08553454621318064,1784975763.84712,0.8258145854790937,0.4840194626657089,2.185884332477842,0.03989982604980469,0,0,1784975763.8830435,0.898278487520239,0.4669432270223513,2.1490754094546967,1784975763.8830807,-0.019003265447561413,-0.051582937076429414,-0.04113679736688258,-0.055760423171051884,-0.04932940431995296,-0.0368089230231452,1784975763.8831222,0.08535175605023064,0.06372146823091429,1784975763.8844285,12281.462890625,nan,nan,39.820465087890625,nan
9.282681465148926,1784975763.9268384,BSMC,circle,circle_bsmc_5laps_set01,1784975763.8892639,0.8394020593392438,0.4613672727340434,2.1925068966377417,0.10078797193808253,0.08133616539571883,1784975763.84712,0.8258145854790937,0.4840194626657089,2.185884332477842,0.07971835136413574,0,0,1784975763.9236982,0.8958643450905115,0.47062413698916233,2.15347736505925,1784975763.923779,-0.025360380828938732,-0.05128869595053767,-0.03902953157849165,-0.051361106988180624,-0.04948171642684629,-0.03240696741859184,1784975763.9238322,0.0778149799634692,0.06585059739394364,1784975763.8844285,12281.462890625,nan,nan,39.820465087890625,nan
9.322977542877197,1784975763.9671345,BSMC,circle,circle_bsmc_5laps_set01,1784975763.9391,0.8366672959816731,0.465186955067283,2.196141963056656,0.09765578778647974,0.0798880152712211,1784975763.9637866,0.8148003471401386,0.5004445802927799,2.1958191886236285,0.0033478736877441406,0,0,1784975763.9627922,0.893532270237085,0.47414669093201994,2.1577019343799284,1784975763.9628255,-0.026023275550396716,-0.05134872241314908,-0.03844002867672769,-0.06739355979897771,-0.04846032188291652,-0.03811725424370005,1784975763.962863,0.07703058941307718,0.064911447686476,1784975763.934055,12281.5126953125,nan,nan,49.70232009887695,nan
9.36274003982544,1784975764.006897,BSMC,circle,circle_bsmc_5laps_set01,1784975763.9895022,0.8304862945936589,0.4745146829647766,2.1986456283479687,0.09593137113793121,0.07576621112802025,1784975763.9637866,0.8148003471401386,0.5004445802927799,2.1958191886236285,0.04311037063598633,0,0,1784975764.0028248,0.8911323365608992,0.47773831475746603,2.16202159552037,1784975764.002868,-0.03301496133218659,-0.050973979013427394,-0.03662403282759863,-0.06307669423732239,-0.04861561217944942,-0.03379759310325836,1784975764.0029123,0.06873881772630686,0.06876586854382617,1784975763.9857187,12281.564453125,nan,nan,51.423038482666016,nan
9.40310025215149,1784975764.0472572,BSMC,circle,circle_bsmc_5laps_set01,1784975764.0388856,0.8277050273380838,0.47834654874993837,2.2023851803601446,0.09593137113793121,0.07576621112802025,1784975764.0384712,0.8072227968467034,0.5111716146545205,2.200819886118717,0.00878596305847168,0,0,1784975764.0427158,0.8887191495816389,0.4813162341752801,2.166337265533798,1784975764.042753,-0.033627632417144435,-0.05099729877840968,-0.036047914826346616,-0.0721382547072464,-0.04826045441611262,-0.03448262058491913,1784975764.0427938,0.0680138375022924,0.06894685553866328,1784975763.9857187,12281.564453125,nan,nan,51.423038482666016,nan
9.44263744354248,1784975764.0867944,BSMC,circle,circle_bsmc_5laps_set01,1784975764.0388856,0.8277050273380838,0.47834654874993837,2.2023851803601446,0.09593137113793121,0.07576621112802025,1784975764.0384712,0.8072227968467034,0.5111716146545205,2.200819886118717,0.04832315444946289,0,0,1784975764.0834239,0.8862526902785764,0.48493904947026456,2.1707199864810636,1784975764.0834684,-0.029247426618220666,-0.051145654143366207,-0.031665193879081066,-0.06775782205468991,-0.04840195329120952,-0.030099899637653586,1784975764.083517,0.07322916416503022,0.07055168956471729,1784975764.0865967,12281.666015625,nan,nan,37.18655014038086,nan
9.483154058456421,1784975764.127311,BSMC,circle,circle_bsmc_5laps_set01,1784975764.0888102,0.8221230229604644,0.4866899083830816,2.2043852595387854,0.08809747629770853,0.07041186329997824,1784975764.0384712,0.8072227968467034,0.5111716146545205,2.200819886118717,0.08883976936340332,0,0,1784975764.1234763,0.8838280899185733,0.4884674269449941,2.1750011268085174,1784975764.1235228,-0.035099407967248905,-0.05078096514336132,-0.029384132730267964,-0.06347835822164102,-0.04852163541824937,-0.025818759310199724,1784975764.1235662,0.06629038102571809,0.07081511040724296,1784975764.0865967,12281.666015625,nan,nan,37.18655014038086,nan
9.522932052612305,1784975764.167089,BSMC,circle,circle_bsmc_5laps_set01,1784975764.1390634,0.8195043039363109,0.49025460521583913,2.2079205048306423,0.08809747629770853,0.07041186329997824,1784975764.157218,0.7972236174737364,0.5254906416489293,2.207337509908879,0.00987100601196289,0,0,1784975764.1633804,0.8813459400226406,0.49204634359882227,2.1793565535968473,1784975764.1634173,-0.035348524495584725,-0.05077479784550728,-0.02856395123379496,-0.07689823793374084,-0.04776763785003449,-0.02798095631203168,1784975764.1634567,0.06599724585652736,0.07112978007046461,1784975764.1401849,12281.71875,nan,nan,53.198455810546875,nan
9.562683343887329,1784975764.2068403,BSMC,circle,circle_bsmc_5laps_set01,1784975764.1889966,0.813591754248621,0.4990073630930811,2.2103020248068845,0.08602150752717436,0.06769108023509444,1784975764.157218,0.7972236174737364,0.5254906416489293,2.207337509908879,0.049622297286987305,0,0,1784975764.2025673,0.8789081523604368,0.49552919478487173,2.1836077990955047,1784975764.2026,-0.041771604392145945,-0.050333513523173716,-0.0266942257113798,-0.0726484165313738,-0.04787754289150967,-0.023729710813374272,1784975764.2026374,0.058378628460383636,0.07357283801097708,1784975764.192952,12281.771484375,nan,nan,53.0120735168457,nan
9.60311245918274,1784975764.2472694,BSMC,circle,circle_bsmc_5laps_set01,1784975764.2389739,0.8079369352037299,0.5072988634989806,2.214166709346939,0.08610571028318914,0.06918577298561011,1784975764.2376373,0.7912913142435628,0.5340102226501707,2.2145659768346992,0.009632110595703125,0,0,1784975764.242947,0.8763963353358304,0.4990851461659353,2.1879614234393765,1784975764.2429838,-0.047640098235580824,-0.04984551794272399,-0.02620528590756255,-0.07901572706658208,-0.047107753700260546,-0.026604553395322746,1784975764.2430265,0.05141412279791527,0.07254479439061651,1784975764.2376,12281.81640625,nan,nan,44.52756118774414,nan
9.643072128295898,1784975764.287229,BSMC,circle,circle_bsmc_5laps_set01,1784975764.2389739,0.8079369352037299,0.5072988634989806,2.214166709346939,0.08610571028318914,0.06918577298561011,1784975764.2376373,0.7912913142435628,0.5340102226501707,2.2145659768346992,0.049591779708862305,0,0,1784975764.2833805,0.8738687760209572,0.5026305261195412,2.192315537018173,1784975764.2834172,-0.043287244971111805,-0.04995012943173855,-0.02185117232876621,-0.07466291591703239,-0.04721410313367814,-0.022250439816526413,1784975764.2834592,0.05659225766365357,0.07416949054024942,1784975764.2376,12281.81640625,nan,nan,44.52756118774414,nan
9.683040142059326,1784975764.327197,BSMC,circle,circle_bsmc_5laps_set01,1784975764.2888174,0.8057682815690661,0.510190344925244,2.2171612265575225,0.08115755783505614,0.06764646781242213,1784975764.2376373,0.7912913142435628,0.5340102226501707,2.2145659768346992,0.08955979347229004,0,0,1784975764.3230338,0.8713607972100668,0.5061164512747208,2.19660991243779,1784975764.3230782,-0.042757723896918474,-0.049907431959033674,-0.020551314119732655,-0.07036941153337366,-0.047300428164191444,-0.017956064396909444,1784975764.323115,0.057223775285428484,0.07181208330096805,1784975764.2895153,12281.8671875,nan,nan,51.3233757019043,nan
9.722950458526611,1784975764.3671074,BSMC,circle,circle_bsmc_5laps_set01,1784975764.3395393,0.8038610616370964,0.5127152844945838,2.220095128410019,0.07380811617306862,0.06618347101969359,1784975764.3582,0.7820534971555174,0.547257820642129,2.22230974998306,0.008907318115234375,0,0,1784975764.3631341,0.8688182535244157,0.5096184739178934,2.2009375815814667,1784975764.3631709,-0.041741574166360484,-0.04986650177973335,-0.01915754682855253,-0.08254289188590558,-0.04616832646623874,-0.021372168401593505,1784975764.3632083,0.058432933444235134,0.06691479968007205,1784975764.33546,12281.9140625,nan,nan,46.74729919433594,nan
9.762970209121704,1784975764.4071271,BSMC,circle,circle_bsmc_5laps_set01,1784975764.389365,0.7979162129491114,0.5213713891844136,2.2235371785514344,0.07740251245392443,0.06641994970148349,1784975764.3582,0.7820534971555174,0.547257820642129,2.22230974998306,0.04892706871032715,0,0,1784975764.403346,0.8662447655122343,0.5131309449389236,2.2052919269031217,1784975764.403381,-0.04804683584530165,-0.04927674483962095,-0.018245251648312703,-0.07818935215358858,-0.0462519029076303,-0.017017823079938488,1784975764.4034214,0.05095043033307355,0.07113353753591892,1784975764.3966632,12281.9755859375,nan,nan,61.18690872192383,nan
9.803128004074097,1784975764.447285,BSMC,circle,circle_bsmc_5laps_set01,1784975764.4391456,0.7930990942460161,0.5284412390226342,2.224932229462986,0.06818455447096379,0.06017511789673583,1784975764.4381647,0.7763819878361227,0.5549930203585707,2.2247624851184615,0.00912022590637207,0,0,1784975764.442853,0.8637123206602663,0.5165563529522069,2.2095518241351773,1784975764.4428875,-0.05239783098687267,-0.048805179739535014,-0.0153804053278086,-0.08363275970592857,-0.04592957583576762,-0.015210660983284274,1784975764.4429271,0.04579100079952176,0.07070189254724629,1784975764.4367492,12282.015625,nan,nan,40.02465057373047,nan
9.843010187149048,1784975764.4871671,BSMC,circle,circle_bsmc_5laps_set01,1784975764.4391456,0.7930990942460161,0.5284412390226342,2.224932229462986,0.06818455447096379,0.06017511789673583,1784975764.4381647,0.7763819878361227,0.5549930203585707,2.2247624851184615,0.04900240898132324,0,0,1784975764.4831192,0.8611185999783946,0.5200332759166237,2.2138896127170256,1784975764.4831557,-0.048060424367657735,-0.04886248676919495,-0.011042616745960299,-0.07929534342165664,-0.04598614661436198,-0.010872872401435973,1784975764.483197,0.05094569161573316,0.07235374786408852,1784975764.4367492,12282.015625,nan,nan,40.02465057373047,nan
9.88302206993103,1784975764.527179,BSMC,circle,circle_bsmc_5laps_set01,1784975764.4886308,0.7912863772508573,0.5308023755083767,2.2279745247340466,0.06400406359476156,0.060419856685858364,1784975764.4381647,0.7763819878361227,0.5549930203585707,2.2247624851184615,0.08901429176330566,0,0,1784975764.5233443,0.8585129897715785,0.5234947253324883,2.2182221484607387,1784975764.5233827,-0.046853350250943365,-0.0487604630040239,-0.009752376273307828,-0.07496297527919188,-0.04602386778361034,-0.006540336657722801,1784975764.5234232,0.052379937415314985,0.06816820482160045,1784975764.487487,12282.06640625,nan,nan,50.89772033691406,nan
9.923800945281982,1784975764.5679579,BSMC,circle,circle_bsmc_5laps_set01,1784975764.5387156,0.7895818564235606,0.5330094821711976,2.2308689728010127,0.059915670889861536,0.05996201619819067,1784975764.5575314,0.7687188334835746,0.5652927905693501,2.2326856812735416,0.010426521301269531,0,0,1784975764.5626748,0.8559302975727661,0.5268951893399518,2.2224922166293792,1784975764.5627093,-0.04551312647731001,-0.048662670888640985,-0.008376756171633469,-0.08389016546025385,-0.04519574524004942,-0.010193464644162376,1784975764.562748,0.053972129711216434,0.06489887759190745,1784975764.5359888,12282.115234375,nan,nan,48.413116455078125,nan
9.96316123008728,1784975764.6073182,BSMC,circle,circle_bsmc_5laps_set01,1784975764.5891902,0.7841545555419845,0.5407656478389704,2.2339841676612577,0.06329956372111513,0.06012398239273768,1784975764.5575314,0.7687188334835746,0.5652927905693501,2.2326856812735416,0.04978680610656738,0,0,1784975764.6029408,0.8532892423987806,0.530341584237478,2.2268342023318937,1784975764.6029842,-0.050776046010058085,-0.04806307501959969,-0.007149965329364072,-0.0795483228928773,-0.045230578296864346,-0.005851478941647947,1784975764.603032,0.0477260728095942,0.0695087143893822,1784975764.5956864,12282.1748046875,nan,nan,59.65058135986328,nan
10.002769470214844,1784975764.6469264,BSMC,circle,circle_bsmc_5laps_set01,1784975764.6385636,0.7830250965909336,0.5422172337892253,2.2352331538490127,0.053144374187010936,0.05442493367130362,1784975764.6376681,0.7641246592945649,0.571869028465146,2.238462136786965,0.009258270263671875,0,0,1784975764.6426566,0.8506581876196925,0.5337443687227696,2.2311355300372773,1784975764.64269,-0.04837401999918254,-0.04802060634412525,-0.004097623811735396,-0.08351575600747797,-0.04434703714304982,-0.00732660674968777,1784975764.6427286,0.05057913157411023,0.06580566436265316,1784975764.6373155,12282.2158203125,nan,nan,41.44636154174805,nan
10.043385744094849,1784975764.6875427,BSMC,circle,circle_bsmc_5laps_set01,1784975764.6385636,0.7830250965909336,0.5422172337892253,2.2352331538490127,0.053144374187010936,0.05442493367130362,1784975764.6376681,0.7641246592945649,0.571869028465146,2.238462136786965,0.04987454414367676,0,0,1784975764.6832254,0.8479856326091026,0.5371701182007833,2.235480451149338,1784975764.6832657,-0.04402911035650603,-0.048028971014852595,0.0002472973003251333,-0.07917089602484656,-0.044369431384894346,-0.0029816856376272405,1784975764.6833167,0.055737442704405796,0.06749487555193204,1784975764.6373155,12282.2158203125,nan,nan,41.44636154174805,nan
10.083317041397095,1784975764.727474,BSMC,circle,circle_bsmc_5laps_set01,1784975764.6892884,0.7780921915721417,0.5492562018034594,2.238680449672419,0.0558510636406335,0.05529873841152957,1784975764.6376681,0.7641246592945649,0.571869028465146,2.238462136786965,0.08980584144592285,0,0,1784975764.7235522,0.8452701416831664,0.5406197313177625,2.239870639366501,1784975764.7235863,-0.048385844961408346,-0.04739489013533196,0.0011901896940820222,-0.07478071269148535,-0.044372884666627546,0.0014085025795358417,1784975764.7236466,0.050565925537035886,0.07072181953924662,1784975764.690201,12282.2685546875,nan,nan,52.58661651611328,nan
10.122715950012207,1784975764.766873,BSMC,circle,circle_bsmc_5laps_set01,1784975764.738655,0.7764860224170592,0.5512877087363827,2.241751780100693,0.05438331305391538,0.05630102952383312,1784975764.7584817,0.7565098584710527,0.5815868908700869,2.2422272615944174,0.008391141891479492,0,0,1784975764.7626598,0.8426454672425502,0.5439246011289417,2.2440909600680996,1784975764.762697,-0.04690060846105194,-0.04724002983952318,0.0023391799674064018,-0.08307258286135129,-0.04400837583604251,0.0018636984736821738,1784975764.7627387,0.0523286822816684,0.0684515513248431,1784975764.73742,12282.31640625,nan,nan,47.73595428466797,nan
10.162711143493652,1784975764.806868,BSMC,circle,circle_bsmc_5laps_set01,1784975764.7894866,0.7713443310733232,0.5584981721825315,2.2443957879704373,0.057576490517144245,0.05607633408617188,1784975764.7584817,0.7565098584710527,0.5815868908700869,2.2422272615944174,0.048386335372924805,0,0,1784975764.8029082,0.8399235897142231,0.5473218591780946,2.248444120926254,1784975764.8029423,-0.05151516554813139,-0.04662845061394599,0.004048332955816747,-0.07871946097048518,-0.04399078791380482,0.006216859331836577,1784975764.802979,0.0468506134895918,0.07376013540517323,1784975764.792624,12282.37109375,nan,nan,55.15559768676758,nan
10.202751398086548,1784975764.8469083,BSMC,circle,circle_bsmc_5laps_set01,1784975764.8395705,0.7698154968205384,0.5604117722253018,2.246964910873291,0.05438290337971314,0.055408787397522204,1784975764.7584817,0.7565098584710527,0.5815868908700869,2.2422272615944174,0.08842658996582031,0,0,1784975764.8435466,0.8371736234266312,0.5507236474969582,2.25281842188298,1784975764.8435874,-0.04970984255421441,-0.04647481612518307,0.005853511009688894,-0.07434531797293994,-0.043954026707688915,0.010591160288562662,1784975764.8436294,0.04899256665950886,0.07167260320034739,1784975764.8377624,12282.4169921875,nan,nan,45.08125305175781,nan
10.242828607559204,1784975764.8869855,BSMC,circle,circle_bsmc_5laps_set01,1784975764.8395705,0.7698154968205384,0.5604117722253018,2.246964910873291,0.05438290337971314,0.055408787397522204,1784975764.8530242,0.752110704157638,0.5873953493676274,2.2450068768223512,0.03396129608154297,0,0,1784975764.882988,0.8344834229068966,0.5540222851411087,2.2570749717181853,1784975764.8830237,-0.0454534315216331,-0.04644084164200693,0.010110060844894075,-0.0774947450550131,-0.04351540760317332,0.012068094895834047,1784975764.8830636,0.05404125731099987,0.07335720154789412,1784975764.8377624,12282.4169921875,nan,nan,45.08125305175781,nan
10.28287410736084,1784975764.927031,BSMC,circle,circle_bsmc_5laps_set01,1784975764.8887227,0.7652657667856683,0.5667876510952529,2.248698618471895,0.05470475989643735,0.05346707854230571,1784975764.8530242,0.752110704157638,0.5873953493676274,2.2450068768223512,0.07400679588317871,0,0,1784975764.922988,0.831753882303458,0.5573400901670258,2.261371278328293,1784975764.9230223,-0.049057332195031535,-0.04586179314533877,0.012672659856397761,-0.07319887588698434,-0.04345433234631535,0.01636440150594165,1784975764.9230618,0.04976027459993408,0.07773735252287267,1784975764.8871388,12282.4658203125,nan,nan,49.40359878540039,nan
10.323129177093506,1784975764.967286,BSMC,circle,circle_bsmc_5laps_set01,1784975764.9389257,0.7637279424383844,0.5687021547584648,2.250609002756066,0.051812196324780374,0.050745303413477244,1784975764.9597328,0.7456453783059886,0.5955069680560504,2.2507855823694336,0.0075533390045166016,0,0,1784975764.9628484,0.8289843265387631,0.5606770713395978,2.2657078566974334,1784975764.9628851,-0.04726428433830629,-0.04570432206830845,0.015098853941367452,-0.07948526580706071,-0.0429021504986023,0.01492227432799975,1784975764.9629264,0.051884984053227653,0.07870488111392925,1784975764.9374685,12282.5166015625,nan,nan,50.39365005493164,nan
10.362637281417847,1784975765.0067942,BSMC,circle,circle_bsmc_5laps_set01,1784975764.9890544,0.7590806546827887,0.5750766377219844,2.253481691421112,0.05373521478925115,0.05271073707361878,1784975764.9597328,0.7456453783059886,0.5955069680560504,2.2507855823694336,0.04706144332885742,0,0,1784975765.003167,0.8261957846827671,0.5640074103544317,2.2700514903491666,1784975765.003202,-0.05092992144994059,-0.04509003848447521,0.016569798928054436,-0.0751422701761887,-0.04282790370343173,0.019265907979733043,1784975765.0032413,0.047531357433365555,0.07988265163014016,1784975764.9876149,12282.56640625,nan,nan,50.080326080322266,nan
10.403638362884521,1784975765.0477953,BSMC,circle,circle_bsmc_5laps_set01,1784975765.038869,0.7573943245265837,0.5771505576629778,2.256103716000885,0.05373521478925115,0.05271073707361878,1784975765.0391378,0.7418647977029506,0.6001447607319415,2.2543266322609568,0.008657455444335938,0,0,1784975765.043553,0.8233750447716883,0.5673465354581089,2.274422572655075,1784975765.0435932,-0.049350440108758276,-0.044878818573222054,0.018318856654189645,-0.07690654605681964,-0.042485610880979734,0.02009594039411811,1784975765.0436583,0.04940290675017019,0.08076543380195934,1784975765.0381298,12282.6171875,nan,nan,50.31452941894531,nan
10.443382978439331,1784975765.08754,BSMC,circle,circle_bsmc_5laps_set01,1784975765.038869,0.7573943245265837,0.5771505576629778,2.256103716000885,0.05373521478925115,0.05271073707361878,1784975765.0391378,0.7418647977029506,0.6001447607319415,2.2543266322609568,0.04840207099914551,0,0,1784975765.0829234,0.8206209271482383,0.5705784436728866,2.2786687970584563,1784975765.082965,-0.04510510605744696,-0.04479202349662082,0.022565081057571046,-0.07266137295098368,-0.04239127163128675,0.02434216479749951,1784975765.0830107,0.05443274440080382,0.08248312993871879,1784975765.0381298,12282.6171875,nan,nan,50.31452941894531,nan
10.483101606369019,1784975765.1272585,BSMC,circle,circle_bsmc_5laps_set01,1784975765.088941,0.7530348001307579,0.5830378348475627,2.2592001877039363,0.055934566615577046,0.05534511151082478,1784975765.0391378,0.7418647977029506,0.6001447607319415,2.2543266322609568,0.08812069892883301,0,0,1784975765.1235957,0.8177518458183259,0.5739159208614169,2.2830699801868133,1784975765.1236331,-0.04815958447633417,-0.04418325180839738,0.023869792482877017,-0.06826174363873419,-0.04227446591050739,0.028743347925856533,1784975765.1236737,0.05080380726978703,0.08311531602165767,1784975765.0883176,12282.6669921875,nan,nan,50.48323059082031,nan
10.523242712020874,1784975765.1673996,BSMC,circle,circle_bsmc_5laps_set01,1784975765.139121,0.7513934427469471,0.5850322823564486,2.261872907166829,0.054369267128295734,0.055008636427030494,1784975765.1607234,0.7363633975892322,0.6074054066114338,2.2600480749913574,0.006676197052001953,0,0,1784975765.1629624,0.8149624936637504,0.5771323779087304,2.287327456993454,1784975765.1629984,-0.04660417562015566,-0.0439486466175228,0.025454549826624984,-0.07334823963873045,-0.04140422578029227,0.027279382002096675,1784975765.1630363,0.05264585698624684,0.08251048075230691,1784975765.1385486,12282.7177734375,nan,nan,50.294986724853516,nan
10.563451766967773,1784975765.2076087,BSMC,circle,circle_bsmc_5laps_set01,1784975765.1892262,0.7472598228265216,0.5906342188664215,2.263727549900591,0.05511936140998151,0.05361379512139251,1784975765.1607234,0.7363633975892322,0.6074054066114338,2.2600480749913574,0.04688525199890137,0,0,1784975765.2033672,0.8120877881676037,0.5804185235794301,2.2916935439532926,1784975765.2034001,-0.04927150878528111,-0.043351400698053266,0.027965994052701504,-0.06898405096529936,-0.041275608979950806,0.031645468961935215,1784975765.203437,0.049472488595877835,0.08676695293426107,1784975765.189351,12282.767578125,nan,nan,50.42078399658203,nan
10.60291314125061,1784975765.24707,BSMC,circle,circle_bsmc_5laps_set01,1784975765.2401507,0.7456206538844043,0.5926003780284048,2.2672100270034172,0.05341315869977305,0.05602420221283621,1784975765.2400203,0.7329661552008333,0.6115559212680484,2.26273104739592,0.0070497989654541016,0,0,1784975765.242787,0.809284430989802,0.5835954290737541,2.295930472893112,1784975765.2428215,-0.04774656627535226,-0.043063105205210284,0.0287204458896948,-0.07022315110200368,-0.040926487663290045,0.03319942549719191,1784975765.2428584,0.051280286236222,0.08247553599312138,1784975765.2389383,12282.8173828125,nan,nan,49.649169921875,nan
10.643329381942749,1784975765.2874863,BSMC,circle,circle_bsmc_5laps_set01,1784975765.2401507,0.7456206538844043,0.5926003780284048,2.2672100270034172,0.05341315869977305,0.05602420221283621,1784975765.2400203,0.7329661552008333,0.6115559212680484,2.26273104739592,0.04746603965759277,0,0,1784975765.2832685,0.8063812182239075,0.5868571062307545,2.300297074837082,1784975765.283309,-0.0433820527760908,-0.042928182429833456,0.03308704783366467,-0.06585928569582436,-0.04077201773967285,0.037566027441161776,1784975765.2833526,0.056446392100104645,0.08427312696367673,1784975765.2389383,12282.8173828125,nan,nan,49.649169921875,nan
10.683112621307373,1784975765.3272696,BSMC,circle,circle_bsmc_5laps_set01,1784975765.2891579,0.7420636495599658,0.5973981468228337,2.2690129193817294,0.05175627420166154,0.055238712269633734,1784975765.2400203,0.7329661552008333,0.6115559212680484,2.26273104739592,0.0872492790222168,0,0,1784975765.323115,0.80349210708544,0.5900746777155227,2.304621396583908,1784975765.323152,-0.04509914915529895,-0.042345664939788405,0.03560847720217852,-0.06153837946792984,-0.040600265593390694,0.04189034918798784,1784975765.3231914,0.05439884715012,0.08485749350849935,1784975765.2884712,12282.8671875,nan,nan,49.79947280883789,nan
10.72313928604126,1784975765.3672962,BSMC,circle,circle_bsmc_5laps_set01,1784975765.3389316,0.7407382744463208,0.5989775706574582,2.271348950488263,0.048151916659396096,0.0539131364074644,1784975765.3584487,0.7289145007024864,0.6164429316353678,2.26293468240512,0.008847475051879883,0,0,1784975765.3629212,0.8006124657544834,0.5932540498429753,2.3089110084003144,1784975765.3629577,-0.042972866057962814,-0.042083372703297726,0.03756205791205147,-0.06360928880014723,-0.0404002575451989,0.04597632599519441,1784975765.362996,0.05691502790424779,0.0830154767247271,1784975765.3383098,12282.9169921875,nan,nan,49.84733581542969,nan
10.762876510620117,1784975765.4070334,BSMC,circle,circle_bsmc_5laps_set01,1784975765.389405,0.7372052274950558,0.6036909261371871,2.2725116753214154,0.04990675700302295,0.05362880496320378,1784975765.3584487,0.7289145007024864,0.6164429316353678,2.26293468240512,0.048584699630737305,0,0,1784975765.4027493,0.7977006206150512,0.5964413033143179,2.3132281203693084,1784975765.4027803,-0.04458831103607358,-0.04152267017867484,0.04071644504789296,-0.059297180516877185,-0.04019253426779714,0.05029343796418839,1784975765.4028158,0.05498416440682591,0.08733369595406808,1784975765.388701,12282.9677734375,nan,nan,50.272708892822266,nan
10.803464651107788,1784975765.4476216,BSMC,circle,circle_bsmc_5laps_set01,1784975765.4389591,0.7340769993685048,0.6078212261707131,2.2739879827915446,0.05138002767521225,0.053766114509242846,1784975765.437831,0.7264648946604289,0.6193375827590392,2.2667776814129037,0.009790658950805664,0,0,1784975765.442837,0.7947744657423192,0.599616579975076,2.3175460820621185,1784975765.4428725,-0.04550870924069386,-0.040993365641795065,0.04355809927057397,-0.05893030914010906,-0.03977856353424664,0.05076840064921484,1784975765.44291,0.05387872369662002,0.09067103389682478,1784975765.4429722,12283.021484375,nan,nan,54.165618896484375,nan
10.843445062637329,1784975765.487602,BSMC,circle,circle_bsmc_5laps_set01,1784975765.4389591,0.7340769993685048,0.6078212261707131,2.2739879827915446,0.05138002767521225,0.053766114509242846,1784975765.437831,0.7264648946604289,0.6193375827590392,2.2667776814129037,0.04977107048034668,0,0,1784975765.4832656,0.7918043330275697,0.60281163991335,2.3219084353870088,1784975765.4833012,-0.04115092177474249,-0.0407939044827042,0.04792045259546418,-0.05457407311357505,-0.03954768687125137,0.05513075397410505,1784975765.4833405,0.05902987561352248,0.09251146277607862,1784975765.4429722,12283.021484375,nan,nan,54.165618896484375,nan
10.88303518295288,1784975765.527192,BSMC,circle,circle_bsmc_5laps_set01,1784975765.4888875,0.7323919950669053,0.6098011057949811,2.2777551601593244,0.05166483389215213,0.05752924040417861,1784975765.437831,0.7264648946604289,0.6193375827590392,2.2667776814129037,0.08936119079589844,0,0,1784975765.5230336,0.7888675500978419,0.6059435332990917,2.326201858085983,1784975765.5230706,-0.03961532350320807,-0.04043507543395413,0.048446697926658455,-0.050287694514757106,-0.03930190513151352,0.0594241766730792,1784975765.5231118,0.06084989333217685,0.08930725239571691,1784975765.4913824,12283.0703125,nan,nan,48.721534729003906,nan
10.922794580459595,1784975765.5669515,BSMC,circle,circle_bsmc_5laps_set01,1784975765.5388525,0.7303912237176883,0.6121204851549735,2.283402759363261,0.05503861492800089,0.06640882069914847,1784975765.5578196,0.7219665557350758,0.6245900269014829,2.272956095818879,0.009131908416748047,0,0,1784975765.5625465,0.7859256647220647,0.6090540330592916,2.330483204407089,1784975765.5625808,-0.038629134142995895,-0.040015837633193524,0.047080445043828245,-0.05317008565139658,-0.03879531826003336,0.05752710858821031,1784975765.5626166,0.06202754519141977,0.08464963145662638,1784975765.5389147,12283.1181640625,nan,nan,47.415897369384766,nan
10.96289587020874,1784975765.6070528,BSMC,circle,circle_bsmc_5laps_set01,1784975765.5888054,0.7270809984498875,0.6163797248068003,2.285404558111756,0.05813259351173994,0.06814546125827191,1784975765.5578196,0.7219665557350758,0.6245900269014829,2.272956095818879,0.049233198165893555,0,0,1784975765.60299,0.7829216795218609,0.6122028533482837,2.3348351035541226,1784975765.603027,-0.03974860136306656,-0.039442066470240116,0.04943054544236647,-0.04882594370353775,-0.03853565110333969,0.061879007735243796,1784975765.6030695,0.060686494588874915,0.08778476048761318,1784975765.5895965,12283.16796875,nan,nan,49.69904708862305,nan
11.002730131149292,1784975765.646887,BSMC,circle,circle_bsmc_5laps_set01,1784975765.6389117,0.7252697298438766,0.6184617214530889,2.289292238356129,0.057063574128730955,0.06965421870147749,1784975765.6384125,0.7188805810914692,0.628143377792985,2.272925171010903,0.008474588394165039,0,0,1784975765.6435196,0.779875225537348,0.6153683599788642,2.339228433174484,1784975765.6435647,-0.03827291139160909,-0.03907061938016826,0.049936194818354984,-0.049146383247442485,-0.03831684675081939,0.06630326216358107,1784975765.6436,0.06243542648568857,0.08612474380582694,1784975765.6402667,12283.21875,nan,nan,51.293907165527344,nan
11.043068885803223,1784975765.6872258,BSMC,circle,circle_bsmc_5laps_set01,1784975765.6389117,0.7252697298438766,0.6184617214530889,2.289292238356129,0.057063574128730955,0.06965421870147749,1784975765.6384125,0.7188805810914692,0.628143377792985,2.272925171010903,0.0488133430480957,0,0,1784975765.6835256,0.7768789432365987,0.6184547655019769,2.3435300183719328,1784975765.6835675,-0.033977163403984656,-0.038846664237997375,0.054237780015803594,-0.04485487594662241,-0.038022615947040934,0.07060484736102968,1784975765.683615,0.06751029219164432,0.08795880796922259,1784975765.6402667,12283.21875,nan,nan,51.293907165527344,nan
11.082742929458618,1784975765.7268999,BSMC,circle,circle_bsmc_5laps_set01,1784975765.6888826,0.7223922797292164,0.6221548773418922,2.2897347487923687,0.05718927137912365,0.06781695950114103,1784975765.6384125,0.7188805810914692,0.628143377792985,2.272925171010903,0.08848738670349121,0,0,1784975765.7241092,0.7738623348467119,0.6215354504649094,2.3478416972583465,1784975765.7241547,-0.03436359002535785,-0.03832354294716339,0.05810694846597774,-0.040554608624271245,-0.0377091722119095,0.07491652624744338,1784975765.724206,0.06702814339216219,0.0916220364637427,1784975765.6898649,12283.2685546875,nan,nan,49.28700256347656,nan
11.123118877410889,1784975765.7672758,BSMC,circle,circle_bsmc_5laps_set01,1784975765.738963,0.7206931862008118,0.624092569228496,2.293265904868302,0.055168869925808266,0.0682435284264024,1784975765.7584023,0.7144579263916784,0.6333457435051063,2.279982715195666,0.008873462677001953,0,0,1784975765.763034,0.7708593996567956,0.6245759525817817,2.3521151385730437,1784975765.763074,-0.03280924985989442,-0.03795307307200016,0.05884923370474171,-0.04338489631975929,-0.03709159191296997,0.07213242337737746,1784975765.7631347,0.06886845983836377,0.08998948886244434,1784975765.7405586,12283.3193359375,nan,nan,51.4992790222168,nan
11.163278102874756,1784975765.807435,BSMC,circle,circle_bsmc_5laps_set01,1784975765.7895641,0.7179445783744786,0.6275863856802889,2.293317751280727,0.0554939451932125,0.06431016682577034,1784975765.7584023,0.7144579263916784,0.6333457435051063,2.279982715195666,0.04903268814086914,0,0,1784975765.802844,0.7678171831752445,0.6276298982593734,2.3564257874911956,1784975765.802876,-0.032947025538355594,-0.03744024720982575,0.06310803621046857,-0.03908613978401969,-0.03677165821868505,0.07644307229552938,1784975765.8029118,0.06867689034367376,0.0957662713604524,1784975765.7906911,12283.369140625,nan,nan,49.32559585571289,nan
11.202983856201172,1784975765.8471408,BSMC,circle,circle_bsmc_5laps_set01,1784975765.8391433,0.7159312089612355,0.6298610989101509,2.297480884440935,0.057582308152559755,0.06748231586330432,1784975765.7584023,0.7144579263916784,0.6333457435051063,2.279982715195666,0.08873844146728516,0,0,1784975765.8443372,0.7646563263303527,0.6307752362685721,2.3608849578326874,1784975765.844381,-0.031689534294309554,-0.037023588777346926,0.06340407339175247,-0.03464076577489812,-0.03642120550427764,0.08090224263702117,1784975765.844426,0.0701675113752546,0.09564569406141793,1784975765.8406,12283.4189453125,nan,nan,49.73558044433594,nan
11.243030548095703,1784975765.8871875,BSMC,circle,circle_bsmc_5laps_set01,1784975765.8391433,0.7159312089612355,0.6298610989101509,2.297480884440935,0.057582308152559755,0.06748231586330432,1784975765.8493505,0.7115932522608668,0.636371182249455,2.2811575456375084,0.03783702850341797,0,0,1784975765.8831947,0.7616717607234965,0.6337195636533904,2.365077417892807,1784975765.8832386,-0.027506067517307334,-0.03674917788773281,0.067596533451872,-0.034666841110411475,-0.036236697123857166,0.08391987225529852,1784975765.8832858,0.07510365006347794,0.09747298860180378,1784975765.8406,12283.4189453125,nan,nan,49.73558044433594,nan
11.28298568725586,1784975765.9271426,BSMC,circle,circle_bsmc_5laps_set01,1784975765.8888845,0.713075790243805,0.633380652036007,2.297756588140763,0.061520430391859685,0.06580319146625772,1784975765.8493505,0.7115932522608668,0.636371182249455,2.2811575456375084,0.07779216766357422,0,0,1784975765.9230719,0.7585740743409277,0.6367495395688922,2.369410597366684,1784975765.9231126,-0.02772099806599788,-0.036235197325482645,0.07165400922592102,-0.03034971143478723,-0.03586412989889282,0.08825305172917554,1784975765.9231546,0.07481804185982792,0.10492778683376942,1784975765.8921804,12283.470703125,nan,nan,52.51047134399414,nan
11.322973012924194,1784975765.96713,BSMC,circle,circle_bsmc_5laps_set01,1784975765.9390607,0.7106444746164691,0.6360965351211963,2.302770538031342,0.0654375525596629,0.07130293490545858,1784975765.9629102,0.7068508774441464,0.6418450515841782,2.2926180725379024,0.004219770431518555,0,0,1784975765.9631624,0.7554715493750579,0.6397580874366842,2.3737322926944424,1784975765.9632006,-0.027236034055085068,-0.03579206679868336,0.07096175466310051,-0.03369274546823982,-0.03511586623135833,0.08111422015654002,1784975765.9632404,0.07539902085009179,0.10398041356573574,1784975765.9423616,12283.521484375,nan,nan,50.20198440551758,nan
11.363003492355347,1784975766.0071604,BSMC,circle,circle_bsmc_5laps_set01,1784975765.989787,0.7077879976671357,0.6395447969798647,2.3041790824844948,0.06787355749586897,0.07001326076813429,1784975765.9629102,0.7068508774441464,0.6418450515841782,2.2926180725379024,0.0442502498626709,0,0,1784975766.0026324,0.7523853102993041,0.6427251910449806,2.3780134845203094,1784975766.0026655,-0.02749008139664455,-0.03526089370998198,0.0738344020358146,-0.02942638558264293,-0.03475984828006229,0.08539541198240697,1784975766.002704,0.07507502507175154,0.10903953215621236,1784975765.9935367,12283.572265625,nan,nan,51.125701904296875,nan
11.403028726577759,1784975766.0471857,BSMC,circle,circle_bsmc_5laps_set01,1784975766.038834,0.7054241539775364,0.6421598006979735,2.3082937871372087,0.0692533886307405,0.07221432574531793,1784975766.0419931,0.7040676746138892,0.644691834168814,2.2967480229459123,0.00519251823425293,0,0,1784975766.042891,0.7492494913466544,0.6457140805034856,2.382345556778305,1784975766.042923,-0.026839098218044113,-0.03482751652494132,0.0740517696410965,-0.029229330161939432,-0.03446864965626403,0.08559753383239288,1784975766.0429585,0.07584600782035056,0.10887961854592787,1784975766.040985,12283.6201171875,nan,nan,47.412723541259766,nan
11.443174600601196,1784975766.0873315,BSMC,circle,circle_bsmc_5laps_set01,1784975766.038834,0.7054241539775364,0.6421598006979735,2.3082937871372087,0.0692533886307405,0.07221432574531793,1784975766.0419931,0.7040676746138892,0.644691834168814,2.2967480229459123,0.04533839225769043,0,0,1784975766.0831616,0.7460919768926801,0.648697614724817,2.3866896796649626,1784975766.0832014,-0.022507592462589647,-0.03449671164683754,0.07839589252775392,-0.024901932418511435,-0.03408785739388639,0.08994165671905029,1784975766.0832427,0.0809517782252398,0.11080265028051757,1784975766.040985,12283.6201171875,nan,nan,47.412723541259766,nan
11.483097553253174,1784975766.1272545,BSMC,circle,circle_bsmc_5laps_set01,1784975766.0890732,0.7027851642695001,0.6452640176865311,2.3100929324578527,0.07072050395844312,0.07209877857146292,1784975766.0419931,0.7040676746138892,0.644691834168814,2.2967480229459123,0.08526134490966797,0,0,1784975766.1231773,0.7429351458362867,0.6516547066214217,2.3910151858752897,1784975766.1232185,-0.02232943251623331,-0.033974378116145426,0.08092225341743697,-0.020594763714820188,-0.03369002255187592,0.09426716292937742,1784975766.1232624,0.08114154232941014,0.11376497061627427,1784975766.0959735,12283.6748046875,nan,nan,54.893157958984375,nan
11.52290678024292,1784975766.1670637,BSMC,circle,circle_bsmc_5laps_set01,1784975766.1392639,0.7002487963906466,0.6480284986608291,2.314930135959393,0.07216672657193081,0.07603586009212152,1784975766.161189,0.7002952512420125,0.6487742418527492,2.308076521563441,0.0058746337890625,0,0,1784975766.1625102,0.7398062382305145,0.6545604959386524,2.3952852797931365,1784975766.1625447,-0.021988206825365057,-0.03352576552380257,0.08035514383374354,-0.02227876252046756,-0.033139939192895526,0.08720875822969543,1784975766.1625824,0.08155151081919135,0.11194132648796178,1784975766.1415339,12283.720703125,nan,nan,45.68711853027344,nan
11.563399076461792,1784975766.207556,BSMC,circle,circle_bsmc_5laps_set01,1784975766.1893442,0.6978621541391342,0.6507643642552945,2.3177868569875293,0.07366936476005204,0.07731802119245737,1784975766.161189,0.7002952512420125,0.6487742418527492,2.308076521563441,0.04636693000793457,0,0,1784975766.2033296,0.7365701996088985,0.6575397581847362,2.399683913750046,1784975766.2033668,-0.021328193120467534,-0.03300495304048309,0.08189705676251657,-0.017897701295681648,-0.03274718986290467,0.09160739218660474,1784975766.2034092,0.08232145224884967,0.11331047883479092,1784975766.20095,12283.779296875,nan,nan,59.21489334106445,nan
11.60333251953125,1784975766.2474895,BSMC,circle,circle_bsmc_5laps_set01,1784975766.239584,0.6952047779929209,0.6536174331741265,2.3226938845965615,0.07509724720578914,0.0806527326402444,1784975766.239725,0.696962896789325,0.6521798888951905,2.3154550880062508,0.007764339447021484,0,0,1784975766.242636,0.7334286447531821,0.6604070239451731,2.4039372191852264,1784975766.2426689,-0.021148815992586677,-0.032555953603852494,0.08124333458866495,-0.018664030196453567,-0.0323896666009404,0.08848213117897563,1784975766.2427106,0.08254012553373455,0.11211356083379147,1784975766.241578,12283.8203125,nan,nan,40.71732711791992,nan
11.642639636993408,1784975766.2867966,BSMC,circle,circle_bsmc_5laps_set01,1784975766.239584,0.6952047779929209,0.6536174331741265,2.3226938845965615,0.07509724720578914,0.0806527326402444,1784975766.239725,0.696962896789325,0.6521798888951905,2.3154550880062508,0.04707145690917969,0,0,1784975766.2833967,0.7301837868320515,0.6633430111210159,2.4083131938403777,1784975766.2834365,-0.016788066094800266,-0.03219128395335637,0.08561930924381622,-0.01430603429656809,-0.03199344019896989,0.0928581058341269,1784975766.2834787,0.08767695134015345,0.11407143908743138,1784975766.241578,12283.8203125,nan,nan,40.71732711791992,nan
11.683087825775146,1784975766.3272448,BSMC,circle,circle_bsmc_5laps_set01,1784975766.289006,0.6929115755850878,0.6561645270668147,2.32564313659079,0.07568619272368494,0.08089698273113069,1784975766.239725,0.696962896789325,0.6521798888951905,2.3154550880062508,0.08751964569091797,0,0,1784975766.3226888,0.7270118646862502,0.6661881897333041,2.412574198288315,1784975766.3227253,-0.016063736605858237,-0.031705833789573215,0.08693106169752474,-0.010064241779405526,-0.0315893020094969,0.0971191102820641,1784975766.3227623,0.08852452305954114,0.11536490373634033,1784975766.241578,12283.8203125,nan,nan,40.71732711791992,nan
11.722972631454468,1784975766.3671296,BSMC,circle,circle_bsmc_5laps_set01,1784975766.3389251,0.6903227482585347,0.6589165761842455,2.3296815977591208,0.07568619272368494,0.08089698273113069,1784975766.3603435,0.6909281654381957,0.6583800921731157,2.3370691641672763,0.0067861080169677734,0,0,1784975766.362889,0.7237689535231413,0.6690719751552753,2.4169138665622407,1784975766.3629274,-0.015645976111966824,-0.03125674657360801,0.08723226880311995,-0.01507009212023087,-0.03107613308042453,0.07984470239496444,1784975766.3629684,0.08901757554616635,0.11594806466362823,1784975766.3603613,12283.939453125,nan,nan,118.81114959716797,nan
11.762772560119629,1784975766.4069295,BSMC,circle,circle_bsmc_5laps_set01,1784975766.3893688,0.6877418463461553,0.6615913305817122,2.3364320612930713,0.07820929778152166,0.08741652252826337,1784975766.3603435,0.6909281654381957,0.6583800921731157,2.3370691641672763,0.046586036682128906,0,0,1784975766.4027264,0.7205411159825165,0.671917472883774,2.421216867966049,1784975766.4027624,-0.015285196068944271,-0.030802338947798828,0.08478480667297772,-0.010781551273178073,-0.030723698810356893,0.08414770379877279,1784975766.4028034,0.08946852771758278,0.11279748739150601,1784975766.3916812,12283.970703125,nan,nan,11.087679862976074,nan
11.80311918258667,1784975766.447276,BSMC,circle,circle_bsmc_5laps_set01,1784975766.4393182,0.6848815942418987,0.6645573663975157,2.3415257421522826,0.0796266310994471,0.08974670866812885,1784975766.4396734,0.6875475272865295,0.6621890543843382,2.3531384029168034,0.007602691650390625,0,0,1784975766.4427807,0.7172761999146277,0.6747706896828438,2.425552828354233,1784975766.4428132,-0.015240918377286156,-0.030355178408949142,0.08402708620195032,-0.012033298163868365,-0.0299548202851007,0.07241442543742949,1784975766.4428518,0.08952798439895501,0.1124911902807235,1784975766.4417942,12284.0205078125,nan,nan,50.1124382019043,nan
11.843287944793701,1784975766.4874449,BSMC,circle,circle_bsmc_5laps_set01,1784975766.4393182,0.6848815942418987,0.6645573663975157,2.3415257421522826,0.0796266310994471,0.08974670866812885,1784975766.4396734,0.6875475272865295,0.6621890543843382,2.3531384029168034,0.047771453857421875,0,0,1784975766.4828045,0.714022360636112,0.6775895250392927,2.429857863945358,1784975766.4828432,-0.010951862792840317,-0.029984631501376792,0.08833212179307548,-0.007740228835265527,-0.029634104590151006,0.07671946102855465,1784975766.482887,0.09457907431167441,0.11442637391642509,1784975766.4417942,12284.0205078125,nan,nan,50.1124382019043,nan
11.88330626487732,1784975766.5274632,BSMC,circle,circle_bsmc_5laps_set01,1784975766.4890096,0.6823197018482094,0.6671532375697253,2.3493677204016494,0.08161617491236456,0.09540631445701983,1784975766.4396734,0.6875475272865295,0.6621890543843382,2.3531384029168034,0.08778977394104004,0,0,1784975766.523254,0.7107363174440763,0.6804115119323071,2.434189343971603,1784975766.5232866,-0.01051714234316438,-0.029541083222021054,0.08482162356995371,-0.0034222223264102885,-0.029292769456077193,0.08105094105479972,1784975766.5233371,0.095127870697448,0.11144176215270213,1784975766.4916413,12284.0703125,nan,nan,49.86968231201172,nan
11.922948122024536,1784975766.567105,BSMC,circle,circle_bsmc_5laps_set01,1784975766.5391974,0.679199956013445,0.6703085381216474,2.35480882079964,0.08405452463997917,0.09748850228566566,1784975766.5602815,0.6823983899866175,0.6670708263632193,2.3594266582206713,0.006823539733886719,0,0,1784975766.5629013,0.7074409299712245,0.6832168249270847,2.4385170903628994,1784975766.562937,-0.010801517950228164,-0.029111916603107912,0.08370826956325939,-0.006384907651839461,-0.029104209880745184,0.0790904321422281,1784975766.5629754,0.09480043707015459,0.11191179409518312,1784975766.5465465,12284.1259765625,nan,nan,54.9490966796875,nan
11.963281869888306,1784975766.6074388,BSMC,circle,circle_bsmc_5laps_set01,1784975766.589271,0.6768209589203468,0.6726486970630688,2.3609034934501683,0.0853652111503539,0.10040949125368813,1784975766.5602815,0.6823983899866175,0.6670708263632193,2.3594266582206713,0.04715728759765625,0,0,1784975766.6031716,0.7041342015915835,0.686007204120486,2.4428438325351407,1784975766.6032288,-0.010002805773827714,-0.028712485309913657,0.08194033908497245,-0.002072443953433086,-0.028753032618357918,0.08341717431446938,1784975766.6032932,0.09576430452924994,0.11083757405639882,1784975766.5919666,12284.1708984375,nan,nan,45.18531036376953,nan
12.003164529800415,1784975766.6473215,BSMC,circle,circle_bsmc_5laps_set01,1784975766.6390054,0.6736329016833918,0.6757986912049997,2.366472742934208,0.08704519830588343,0.10225920758704632,1784975766.6421807,0.6788549455982532,0.6707994098939265,2.374118565567963,0.005140781402587891,0,0,1784975766.643609,0.7007828225523232,0.6888104049055742,2.447213009399765,1784975766.6436458,-0.010288576582099744,-0.028294311946559497,0.08074026646555721,-0.0032753764424687856,-0.028186869960720208,0.07309444383180218,1784975766.643686,0.09543562529910908,0.11089220111597792,1784975766.643753,12284.22265625,nan,nan,51.58873748779297,nan
12.043246984481812,1784975766.687404,BSMC,circle,circle_bsmc_5laps_set01,1784975766.6390054,0.6736329016833918,0.6757986912049997,2.366472742934208,0.08704519830588343,0.10225920758704632,1784975766.6421807,0.6788549455982532,0.6707994098939265,2.374118565567963,0.045223236083984375,0,0,1784975766.6831229,0.6975119638604157,0.6915223868379987,2.4514619374698334,1784975766.6831715,-0.006054231119132404,-0.02794262873048082,0.08498919453562559,0.0009615341354349029,-0.027867571762993745,0.07734337190187057,1784975766.6832213,0.10042381157631482,0.11279354696537316,1784975766.643753,12284.22265625,nan,nan,51.58873748779297,nan
12.083255767822266,1784975766.7274127,BSMC,circle,circle_bsmc_5laps_set01,1784975766.6895683,0.6712132370515151,0.6781150321176228,2.3735642685654907,0.08814650657479985,0.10513142735048356,1784975766.6421807,0.6788549455982532,0.6707994098939265,2.374118565567963,0.08523201942443848,0,0,1784975766.7235186,0.6941165630371823,0.6943129560145745,2.4558569407886197,1784975766.7235599,-0.0052209487042514015,-0.027562234568422626,0.08229267222312896,0.005342638211827445,-0.027518358144293195,0.08173837522065686,1784975766.7236056,0.10143724768582692,0.11129334164070122,1784975766.6915157,12284.2705078125,nan,nan,48.14866256713867,nan
12.122734069824219,1784975766.766891,BSMC,circle,circle_bsmc_5laps_set01,1784975766.7391438,0.6681097447919417,0.6811266293137099,2.3777628950922445,0.08780953506215972,0.10187609515663473,1784975766.7619162,0.6713231707503071,0.6774089364863537,2.383313968626209,0.004974842071533203,0,0,1784975766.7636015,0.6907669891764123,0.6970414931905409,2.460177194160812,1784975766.7636306,-0.005354698083276608,-0.027165434356045848,0.08241429906856768,-0.0006158420228559811,-0.027624628437923973,0.07686322553460334,1784975766.7636623,0.10127740662466453,0.11329756923363722,1784975766.7647185,12284.34375,nan,nan,73.07132720947266,nan
12.164027452468872,1784975766.8081844,BSMC,circle,circle_bsmc_5laps_set01,1784975766.7891076,0.665620760927765,0.6833828588227445,2.3835732554016142,0.08877183504114897,0.10270512383893228,1784975766.7619162,0.6713231707503071,0.6774089364863537,2.383313968626209,0.04626822471618652,0,0,1784975766.8029418,0.6874470597462468,0.699722251093371,2.4644443269199066,1784975766.8029783,-0.004617159190518548,-0.026870893191266974,0.08087107151829231,0.003637979925239329,-0.027287889386478262,0.08113035829369775,1784975766.8030205,0.10216645744750219,0.11315846810205962,1784975766.7919066,12284.37109375,nan,nan,27.28974723815918,nan
12.202757596969604,1784975766.8469145,BSMC,circle,circle_bsmc_5laps_set01,1784975766.8390365,0.66209217432182,0.6867154576502372,2.3893617509107936,0.09172439310454611,0.1048459938641222,1784975766.7619162,0.6713231707503071,0.6774089364863537,2.383313968626209,0.08499836921691895,0,0,1784975766.8430216,0.6840704532327975,0.7024248926034588,2.4687693438953096,1784975766.8430605,-0.005314024319177515,-0.026487586450513106,0.07940759298451594,0.007947999374425418,-0.026928063002850097,0.08545537526910074,1784975766.8430998,0.10135193146178148,0.11370630572205906,1784975766.7919066,12284.37109375,nan,nan,27.28974723815918,nan
12.242771625518799,1784975766.8869286,BSMC,circle,circle_bsmc_5laps_set01,1784975766.8390365,0.66209217432182,0.6867154576502372,2.3893617509107936,0.09172439310454611,0.1048459938641222,1784975766.850953,0.6668533642211943,0.6818115331278751,2.3964221301792095,0.03597545623779297,0,0,1784975766.8830538,0.6807044367769245,0.7050953331994368,2.4730660109943083,1784975766.8831153,-0.0010316419552265851,-0.026137556384979353,0.08370426008351473,0.005608524077252182,-0.026505320492147256,0.07664388081509887,1784975766.8831677,0.10639731608071357,0.11562447691872471,1784975766.8497858,12284.4287109375,nan,nan,57.79294204711914,nan
12.282800674438477,1784975766.9269576,BSMC,circle,circle_bsmc_5laps_set01,1784975766.8890307,0.6592925094584563,0.6892078588458265,2.3966789243867095,0.09515035579392477,0.10906272496777526,1784975766.850953,0.6668533642211943,0.6818115331278751,2.3964221301792095,0.0760045051574707,0,0,1784975766.9228923,0.6773061348131968,0.7077676038866337,2.4773891482776333,1784975766.922932,-0.0006608447251823107,-0.025855717330020414,0.08071022389092386,0.009918240963000258,-0.026164986498803673,0.08096701809842388,1784975766.9229717,0.10686400464986581,0.11461185930006498,1784975766.8926544,12284.4716796875,nan,nan,42.99679946899414,nan
12.322901010513306,1784975766.967058,BSMC,circle,circle_bsmc_5laps_set01,1784975766.939124,0.6553658545106524,0.6928225074478491,2.4027711339357856,0.09915921481647155,0.11107972333914669,1784975766.9614766,0.6592791428325326,0.6885494447558653,2.4145804944068696,0.005581378936767578,0,0,1784975766.9632444,0.6738770872014312,0.7104400747607845,2.4817366185611416,1784975766.963304,-0.0018206911303360242,-0.025489792026728735,0.07896548462535602,0.0036423404057817216,-0.02605826199457932,0.06715612415427198,1784975766.9633741,0.10550229498202475,0.11568117554935244,1784975766.9506593,12284.529296875,nan,nan,58.018375396728516,nan
12.362870454788208,1784975767.0070274,BSMC,circle,circle_bsmc_5laps_set01,1784975766.9890497,0.6525650011976734,0.6951908964102688,2.409842338590855,0.09927963490643589,0.11144883458658786,1784975766.9614766,0.6592791428325326,0.6885494447558653,2.4145804944068696,0.04555082321166992,0,0,1784975767.0030472,0.67046278517163,0.7130773647887227,2.4860508723682098,1784975767.0030859,-0.0013648056957953191,-0.025266454591900696,0.0762085337773546,0.007946231480994886,-0.025759466655145374,0.07147037796134015,1784975767.0031261,0.1060665094005332,0.11473524110842172,1784975766.994885,12284.57421875,nan,nan,44.108978271484375,nan
12.402776956558228,1784975767.046934,BSMC,circle,circle_bsmc_5laps_set01,1784975767.0390646,0.6486975746234488,0.6986637507021395,2.4153577839873877,0.10092063330755617,0.11125301607256426,1784975767.0416088,0.6541733921894266,0.6931970302685413,2.4304901633548917,0.0053250789642333984,0,0,1784975767.0427628,0.6670506737971169,0.7156895830042463,2.4903481059497525,1784975767.0427973,-0.0024160833694187086,-0.02491741872686617,0.07499032196236488,0.004923822906391023,-0.02544592851830585,0.05985794259486088,1784975767.0428345,0.10482857971020765,0.11573100544256802,1784975766.994885,12284.57421875,nan,nan,44.108978271484375,nan
12.443081617355347,1784975767.0872386,BSMC,circle,circle_bsmc_5laps_set01,1784975767.0390646,0.6486975746234488,0.6986637507021395,2.4153577839873877,0.10092063330755617,0.11125301607256426,1784975767.0416088,0.6541733921894266,0.6931970302685413,2.4304901633548917,0.04562973976135254,0,0,1784975767.0832288,0.663582228121465,0.7183212115960855,2.4947019105380708,1784975767.083264,0.0019247612464555353,-0.024581781316600416,0.07934412655068313,0.009269249327906282,-0.025176014336515763,0.06421174718317912,1784975767.0833027,0.10994491342894168,0.11766095603074121,1784975767.0541136,12284.6328125,nan,nan,59.205963134765625,nan
12.482698202133179,1784975767.1268551,BSMC,circle,circle_bsmc_5laps_set01,1784975767.0890715,0.645608324744434,0.7011837126752248,2.424671317095758,0.10252895155935562,0.11655645078276607,1784975767.0416088,0.6541733921894266,0.6931970302685413,2.4304901633548917,0.08524632453918457,0,0,1784975767.1232684,0.6601237963654123,0.7209216672301825,2.499028935951584,1784975767.123301,0.0020269287534809746,-0.02441674274389015,0.0743576188558257,0.013586743138053126,-0.02488901796803069,0.06853877259669217,1784975767.1233368,0.11010753297605286,0.1141503608193305,1784975767.0927932,12284.671875,nan,nan,38.810462951660156,nan
12.52272343635559,1784975767.1668804,BSMC,circle,circle_bsmc_5laps_set01,1784975767.138867,0.641672136016929,0.7046212893097646,2.430017111111269,0.1033560708841601,0.11508180224591125,1784975767.1617517,0.6460920437902395,0.7000226163699876,2.444630761135777,0.005128622055053711,0,0,1784975767.1628659,0.6567024945071087,0.7234712654428284,2.5032957597201992,1784975767.1628976,0.0009265576437262092,-0.024090968587693662,0.07327864860893031,0.006915428203053001,-0.024791080261351312,0.0586649985844221,1784975767.16293,0.10880998659588245,0.11531722909717339,1784975767.1423635,12284.7216796875,nan,nan,49.5874137878418,nan
12.562980890274048,1784975767.2071378,BSMC,circle,circle_bsmc_5laps_set01,1784975767.1889641,0.6385980823989555,0.7070367400165954,2.439029972478389,0.10446401915071257,0.12010458561804194,1784975767.1617517,0.6460920437902395,0.7000226163699876,2.444630761135777,0.04538607597351074,0,0,1784975767.2033043,0.653181512466837,0.7260715540016962,2.507672841591232,1784975767.203335,0.0011699228488972202,-0.023950612863135757,0.0686428691128431,0.011284404584577117,-0.024524883914682938,0.06304208045545501,1784975767.2033699,0.10913435876463895,0.11185418976777077,1784975767.193558,12284.7724609375,nan,nan,51.126163482666016,nan
12.603104829788208,1784975767.2472618,BSMC,circle,circle_bsmc_5laps_set01,1784975767.239258,0.6344385851674778,0.7105440860896156,2.4457981530064803,0.10575656785656655,0.12243867612165242,1784975767.2402132,0.6403357509188594,0.7049132614392101,2.4574991183669215,0.007048606872558594,0,0,1784975767.2425613,0.6497463749773935,0.7285856007209377,2.511929674667709,1784975767.242617,-0.00018488361498003592,-0.0236598921617509,0.06613152166122882,0.007667065964032114,-0.02429311819720692,0.054430556300787636,1784975767.2426536,0.10754446678494649,0.11084293526289948,1784975767.193558,12284.7724609375,nan,nan,51.126163482666016,nan
12.642757654190063,1784975767.2869146,BSMC,circle,circle_bsmc_5laps_set01,1784975767.239258,0.6344385851674778,0.7105440860896156,2.4457981530064803,0.10575656785656655,0.12243867612165242,1784975767.2402132,0.6403357509188594,0.7049132614392101,2.4574991183669215,0.04670143127441406,0,0,1784975767.2829297,0.6462363100272758,0.7311313979570269,2.5162657638019255,1784975767.28297,0.004141092500187746,-0.02336396958349409,0.07046761079544517,0.011996208443107063,-0.024047832818121482,0.058766645435003984,1784975767.2830133,0.11264744079519891,0.1127392740427918,1784975767.2597373,12284.8388671875,nan,nan,66.01453399658203,nan
12.683221817016602,1784975767.3273787,BSMC,circle,circle_bsmc_5laps_set01,1784975767.2891252,0.6312737863687228,0.7129677387932687,2.454839462637467,0.10590129846119715,0.12661218023002335,1784975767.2402132,0.6403357509188594,0.7049132614392101,2.4574991183669215,0.08716559410095215,0,0,1784975767.3235261,0.6427146319905133,0.7336623858300885,2.520602599663132,1784975767.3235705,0.004273716734243501,-0.023257186196864902,0.06576313702566461,0.016324991889508374,-0.023783731166550765,0.06310348129621035,1784975767.3236196,0.11283944724822173,0.10929101711888486,1784975767.292864,12284.8720703125,nan,nan,33.316932678222656,nan
12.723107099533081,1784975767.367264,BSMC,circle,circle_bsmc_5laps_set01,1784975767.3392854,0.6270806732555934,0.7164039589158098,2.4611758998798146,0.10664579334133181,0.12656484535160079,1784975767.360894,0.6308676611736448,0.7122481934634216,2.4739462584626026,0.006370067596435547,0,0,1784975767.3634272,0.6391509833443263,0.7362000703871484,2.5249774671024015,1784975767.3634622,0.0030716907995451005,-0.02298136485624436,0.0638015672225869,0.008324816274204963,-0.02393748667578517,0.05103120863979882,1784975767.3635006,0.1114263569755143,0.10926560985213295,1784975767.3438058,12284.9228515625,nan,nan,50.94221878051758,nan
12.763084411621094,1784975767.4072413,BSMC,circle,circle_bsmc_5laps_set01,1784975767.389053,0.6240282707785896,0.7186288375429831,2.4687432178163444,0.10466028860512457,0.12567948990483066,1784975767.360894,0.6308676611736448,0.7122481934634216,2.4739462584626026,0.04634737968444824,0,0,1784975767.4030943,0.6356581083012118,0.7386646601966399,2.529252324623459,1784975767.403136,0.0033915604206390566,-0.022916907036607998,0.06050910680711441,0.012593629662207263,-0.023710305571215597,0.055306066160856204,1784975767.4031847,0.11182812952832391,0.10744794378133274,1784975767.3938227,12284.97265625,nan,nan,49.88365173339844,nan
12.802842140197754,1784975767.446999,BSMC,circle,circle_bsmc_5laps_set01,1784975767.4392388,0.6198313311299061,0.721985710419221,2.4742177728216808,0.10549721098789466,0.12299065629353767,1784975767.4405131,0.6245611018174745,0.7172277991646299,2.483941842194463,0.006485939025878906,0,0,1784975767.4428484,0.6321285866561035,0.7411324918750968,2.5335590339130096,1784975767.442882,0.002191576556394426,-0.022649916684021693,0.05934126109132887,0.008622828856021905,-0.02354459561947255,0.04961719171854683,1784975767.44292,0.11041130236211755,0.10893566966334958,1784975767.444543,12285.0234375,nan,nan,50.663230895996094,nan
12.84310531616211,1784975767.4872622,BSMC,circle,circle_bsmc_5laps_set01,1784975767.4392388,0.6198313311299061,0.721985710419221,2.4742177728216808,0.10549721098789466,0.12299065629353767,1784975767.4405131,0.6245611018174745,0.7172277991646299,2.483941842194463,0.046749114990234375,0,0,1784975767.483134,0.6285739704302387,0.7435950988102021,2.5378833556598357,1784975767.4831777,0.006507718775021499,-0.02238412394786142,0.06366558283815493,0.012941351560667079,-0.02332078525448754,0.0539415134653729,1784975767.4832242,0.11550585756012258,0.11080702559659669,1784975767.444543,12285.0234375,nan,nan,50.663230895996094,nan
12.882712125778198,1784975767.526869,BSMC,circle,circle_bsmc_5laps_set01,1784975767.48889,0.6162654304191001,0.724567588732452,2.482354840082028,0.1073060329131318,0.12502694124422062,1784975767.4405131,0.6245611018174745,0.7172277991646299,2.483941842194463,0.08635592460632324,0,0,1784975767.5231202,0.6250011908047961,0.7460474681674512,2.5422168183749845,1784975767.5231605,0.006251475601869789,-0.022329751070211762,0.059861978292956586,0.017267991516605047,-0.02307777001210031,0.05827497618052169,1784975767.5232038,0.11522705266970004,0.10947084391686682,1784975767.4944463,12285.0732421875,nan,nan,50.042686462402344,nan
12.923177242279053,1784975767.5673342,BSMC,circle,circle_bsmc_5laps_set01,1784975767.5387547,0.6119263023236085,0.7279469516136204,2.4874888516869285,0.10833680257128202,0.12148045857900537,1784975767.561652,0.6147918840311045,0.7245244801051498,2.495939248381226,0.005682229995727539,0,0,1784975767.5628211,0.6214451113539883,0.7484658566338889,2.5465173221057587,1784975767.5628507,0.004930626951725931,-0.02207537330263186,0.05902847041883019,0.00909203805842363,-0.023125522433990568,0.05057807372453249,1784975767.5628831,0.11366455336152513,0.11163142618357588,1784975767.5447447,12285.1240234375,nan,nan,50.351806640625,nan
12.962642192840576,1784975767.6067991,BSMC,circle,circle_bsmc_5laps_set01,1784975767.589902,0.6081760074413781,0.7305887331448611,2.4948028080048044,0.10957045785295279,0.12229259016431118,1784975767.561652,0.6147918840311045,0.7245244801051498,2.495939248381226,0.04514718055725098,0,0,1784975767.6028984,0.6178635880439872,0.7508790411268131,2.5508359790271453,1784975767.602935,0.004496595778788721,-0.022030125790305784,0.056033171022340955,0.01340468742331701,-0.022897873422449144,0.054896730645919156,1784975767.6029758,0.11316795886720137,0.11083571871554733,1784975767.5941172,12285.1728515625,nan,nan,49.28705596923828,nan
13.002817153930664,1784975767.646974,BSMC,circle,circle_bsmc_5laps_set01,1784975767.6395016,0.603684994639234,0.7339767775699231,2.500968198143482,0.11090927600749004,0.12261040290185671,1784975767.6429713,0.6077596497683759,0.7296356761882252,2.5066967903896535,0.004002809524536133,0,0,1784975767.642869,0.6142682020379002,0.7532790442136531,2.555158807319992,1784975767.6429052,0.003052093990754649,-0.021800607759886792,0.05419060917650986,0.008782478764743758,-0.022896247967249574,0.048462016930338254,1784975767.6429462,0.11146429677546225,0.11096213786617744,1784975767.5941172,12285.1728515625,nan,nan,49.28705596923828,nan
13.04277491569519,1784975767.6869318,BSMC,circle,circle_bsmc_5laps_set01,1784975767.6395016,0.603684994639234,0.7339767775699231,2.500968198143482,0.11090927600749004,0.12261040290185671,1784975767.6429713,0.6077596497683759,0.7296356761882252,2.5066967903896535,0.0439605712890625,0,0,1784975767.6831017,0.6106755088871447,0.755654903676326,2.5594660315936735,1784975767.683139,0.007352479738194983,-0.02155804913796202,0.05849783345019154,0.013084183461834842,-0.022678328347016583,0.05276924120401994,1784975767.6831825,0.11654265832650605,0.11281111033710318,1784975767.64803,12285.2265625,nan,nan,53.88844299316406,nan
13.082910060882568,1784975767.727067,BSMC,circle,circle_bsmc_5laps_set01,1784975767.6891077,0.6001051395324886,0.7364245116918189,2.5071736342479376,0.10957432079983444,0.12020243439836617,1784975767.6429713,0.6077596497683759,0.7296356761882252,2.5066967903896535,0.08409571647644043,0,0,1784975767.7229095,0.6070579487518082,0.7580248301281775,2.5637907653278047,1784975767.7229497,0.007202812819008888,-0.021518243424747036,0.0566171310798671,0.017402390569170492,-0.02244088340999532,0.05709397493815116,1784975767.722997,0.11637668807503326,0.11262338988036068,1784975767.6957195,12285.2744140625,nan,nan,47.74490737915039,nan
13.12285327911377,1784975767.7670102,BSMC,circle,circle_bsmc_5laps_set01,1784975767.7390099,0.5955487013866732,0.7397826621801149,2.5127189051607974,0.11094666736025875,0.11874920153499569,1784975767.7627542,0.596271055258598,0.738277600529327,2.5263755161622377,0.004256010055541992,0,0,1784975767.7631392,0.603415940667897,0.7603882818788764,2.5681324420398406,1784975767.7631774,0.005758771317384886,-0.021291349651726778,0.05541353687904316,0.006926009673102409,-0.022180216573816813,0.041756925877602935,1784975767.7632174,0.11466988833593278,0.1139113551127046,1784975767.7477133,12285.3271484375,nan,nan,52.06816482543945,nan
13.163387775421143,1784975767.8075447,BSMC,circle,circle_bsmc_5laps_set01,1784975767.7892597,0.5912783620811348,0.7426405746476344,2.5216356802192728,0.11278134803508418,0.12326799756428099,1784975767.7627542,0.596271055258598,0.738277600529327,2.5263755161622377,0.04479050636291504,0,0,1784975767.8030453,0.5997869793230745,0.7627210097305769,2.572446489853256,1784975767.803086,0.004741542647537457,-0.021287043331841116,0.05081080963398321,0.011235895132441083,-0.02199083072509309,0.04607097369101831,1784975767.8031256,0.11348882724193884,0.11093715515956386,1784975767.7942457,12285.373046875,nan,nan,46.440521240234375,nan
13.202635765075684,1784975767.8467927,BSMC,circle,circle_bsmc_5laps_set01,1784975767.838792,0.586708108908831,0.7459111479755003,2.5270469945348424,0.11300153030653998,0.12101769783358331,1784975767.7627542,0.596271055258598,0.738277600529327,2.5263755161622377,0.08403849601745605,0,0,1784975767.8429856,0.5961645615242244,0.7650275576928565,2.576740916771286,1784975767.8430402,0.003296022909738899,-0.021071256477189177,0.04969392223644364,0.015525327464061883,-0.021783841633186918,0.05036540060904837,1784975767.8431048,0.11177905439523306,0.11198936961170704,1784975767.8456366,12285.4248046875,nan,nan,51.49586868286133,nan
13.243058204650879,1784975767.8872151,BSMC,circle,circle_bsmc_5laps_set01,1784975767.838792,0.586708108908831,0.7459111479755003,2.5270469945348424,0.11300153030653998,0.12101769783358331,1784975767.8539095,0.5888525058236963,0.7435987249443544,2.5342859403991267,0.03330564498901367,0,0,1784975767.883134,0.5924940191689297,0.7673425392348475,2.581080507797592,1784975767.8831778,0.00762977542953289,-0.02084629021538455,0.05403351326274963,0.010559226884282529,-0.021576192066979357,0.046794567398465325,1784975767.8832273,0.11689892227995362,0.11383860703685626,1784975767.8456366,12285.4248046875,nan,nan,51.49586868286133,nan
13.283117055892944,1784975767.927274,BSMC,circle,circle_bsmc_5laps_set01,1784975767.8889854,0.5825433649925487,0.748681241487406,2.5343012660911413,0.11380324251251364,0.12228012659902697,1784975767.8539095,0.5888525058236963,0.7435987249443544,2.5342859403991267,0.0733644962310791,0,0,1784975767.9235466,0.5887717617782556,0.7696674931543106,2.5854692025607755,1784975767.923579,0.006860966087001393,-0.020788045360251594,0.051167936469634245,0.014942652938274155,-0.021361280831251273,0.05118326216164881,1784975767.923616,0.11600261707193486,0.11263925756740245,1784975767.8957472,12285.474609375,nan,nan,50.080753326416016,nan
13.322749614715576,1784975767.9669065,BSMC,circle,circle_bsmc_5laps_set01,1784975767.9388642,0.5777280186500277,0.7520153063677486,2.54089938078997,0.11506492980208695,0.12388393579763324,1784975767.9608495,0.5767838399336042,0.751953104656797,2.5493643360224896,0.006057024002075195,0,0,1784975767.9631774,0.5851332092602739,0.7719183037291864,2.5897476649707487,1784975767.9632113,0.005140595801913135,-0.02060437882453218,0.04884828418077891,0.004217336247610759,-0.02122581487547319,0.040383328948259134,1784975767.963248,0.11397306047380086,0.1118588995228789,1784975767.9447067,12285.5234375,nan,nan,48.87445068359375,nan
13.362872838973999,1784975768.0070298,BSMC,circle,circle_bsmc_5laps_set01,1784975767.9888916,0.5734060437619183,0.7548225261613061,2.5477908158221765,0.11271224431188862,0.12327000741613078,1784975767.9608495,0.5767838399336042,0.751953104656797,2.5493643360224896,0.04618024826049805,0,0,1784975768.0026958,0.5814913915919293,0.774149665584266,2.5940187116092375,1784975768.0027306,0.004112551777952735,-0.020542591990312567,0.046227895787061,0.008484519512501483,-0.021044269725144324,0.044654375586747896,1784975768.0027697,0.11276622051893886,0.11001737362310486,1784975767.9960046,12285.5751953125,nan,nan,51.22960662841797,nan
13.403093099594116,1784975768.04725,BSMC,circle,circle_bsmc_5laps_set01,1784975768.039149,0.5688862570748326,0.757870273830912,2.553719551310596,0.11119688317364801,0.12240492390729245,1784975768.041682,0.5688178277422475,0.7568372187730577,2.5609911217117833,0.005568027496337891,0,0,1784975768.0426512,0.5778132742354302,0.7763816390857365,2.598321069282883,1784975768.0426838,0.0028378947640281486,-0.02035457276121093,0.04460151797228695,0.003199253907652395,-0.021275977002354972,0.03732994757109953,1784975768.0427196,0.11126117693966023,0.10923260145306483,1784975768.045655,12285.625,nan,nan,49.787086486816406,nan
13.44302773475647,1784975768.0871847,BSMC,circle,circle_bsmc_5laps_set01,1784975768.039149,0.5688862570748326,0.757870273830912,2.553719551310596,0.11119688317364801,0.12240492390729245,1784975768.041682,0.5688178277422475,0.7568372187730577,2.5609911217117833,0.045502662658691406,0,0,1784975768.0828269,0.5740952681189176,0.7786158989744087,2.6026587548679045,1784975768.082869,0.007170833545607173,-0.02015177175617765,0.04893920355730862,0.007533552804862157,-0.021104688350657624,0.0416676331561212,1784975768.082917,0.11638247276485092,0.11106590113660482,1784975768.045655,12285.625,nan,nan,49.787086486816406,nan
13.482897520065308,1784975768.1270545,BSMC,circle,circle_bsmc_5laps_set01,1784975768.0893683,0.5642317105457021,0.7607616189923277,2.5617104357277993,0.1113910240282589,0.125123565352239,1784975768.041682,0.5688178277422475,0.7568372187730577,2.5609911217117833,0.0853724479675293,0,0,1784975768.1241424,0.570302463824911,0.7808725779140303,2.607072143120163,1784975768.1241825,0.005940955274377027,-0.020149683981524013,0.04536170739236356,0.011942690369684008,-0.020911116184157676,0.04608102140837955,1784975768.1242278,0.11494081799980573,0.1085613249757924,1784975768.0997436,12285.6787109375,nan,nan,54.116363525390625,nan
13.522973537445068,1784975768.1671305,BSMC,circle,circle_bsmc_5laps_set01,1784975768.1388257,0.5596805955325757,0.7637439707044774,2.567361477330927,0.11088324427401884,0.12337103976995155,1784975768.1605723,0.5576158327304883,0.764585125116781,2.5728937342223235,0.00655817985534668,0,0,1784975768.1628351,0.5666461278080679,0.7830266851356606,2.611315844101303,1784975768.162871,0.00462583511504943,-0.019973566662062684,0.04395436677037612,0.0023224998532440783,-0.020402043023917467,0.03842210987897943,1784975768.1629093,0.11338655581371083,0.10878675643416125,1784975768.145594,12285.724609375,nan,nan,45.82850646972656,nan
13.562949895858765,1784975768.2071068,BSMC,circle,circle_bsmc_5laps_set01,1784975768.1890323,0.5549915078068753,0.7666768040621934,2.574096144230033,0.11097703595207507,0.12375907981295836,1784975768.1605723,0.5576158327304883,0.764585125116781,2.5728937342223235,0.04653453826904297,0,0,1784975768.202804,0.5629194672007037,0.7852007958509217,2.6156303296512298,1784975768.202841,0.0032718192972879343,-0.019881800985447985,0.04153418542119658,0.006633430250111184,-0.020227012175036467,0.04273659542890628,1784975768.2028844,0.11179050811463362,0.10785286044352302,1784975768.195761,12285.7744140625,nan,nan,50.02034378051758,nan
13.603152751922607,1784975768.2473097,BSMC,circle,circle_bsmc_5laps_set01,1784975768.2389395,0.5502838919131723,0.769672915539365,2.580273719613412,0.11125766242870704,0.12375568393067378,1784975768.2424843,0.5499748826403585,0.7697203289455947,2.5785583890178905,0.0048253536224365234,0,0,1784975768.2433703,0.5591453303388345,0.7873807223932549,2.619988794845932,1784975768.243401,0.0019242382659237448,-0.019707582846265694,0.039715075232519936,0.0016714228845244403,-0.019829093606560235,0.04143040582804147,1784975768.2434359,0.11019890850748086,0.10750706446022892,1784975768.195761,12285.7744140625,nan,nan,50.02034378051758,nan
13.642774820327759,1784975768.2869318,BSMC,circle,circle_bsmc_5laps_set01,1784975768.2389395,0.5502838919131723,0.769672915539365,2.580273719613412,0.11125766242870704,0.12375568393067378,1784975768.2424843,0.5499748826403585,0.7697203289455947,2.5785583890178905,0.04444742202758789,0,0,1784975768.283372,0.5553950976489175,0.7895251937907887,2.6243088679736783,1784975768.2834141,0.006240520912573426,-0.019526732306886303,0.04403514836026634,0.005987388962837735,-0.019640839485192466,0.045750478955787884,1784975768.2834582,0.11530280415080106,0.10931852033336747,1784975768.247986,12285.826171875,nan,nan,51.99311065673828,nan
13.682681798934937,1784975768.3268387,BSMC,circle,circle_bsmc_5laps_set01,1784975768.2892501,0.5455891607579325,0.7726198332859964,2.5857965458962813,0.11106572302960362,0.12247171583120103,1784975768.2424843,0.5499748826403585,0.7697203289455947,2.5785583890178905,0.08435440063476562,0,0,1784975768.322782,0.5516713744520052,0.791633312914724,2.6285879226154023,1784975768.322816,0.004865164333440197,-0.019360679404944167,0.04279137671912103,0.010261534376715894,-0.019435994009408965,0.05002953359751183,1784975768.3228552,0.11367608564731477,0.10955383515882126,1784975768.2987072,12285.8779296875,nan,nan,51.02313995361328,nan
13.723430156707764,1784975768.367587,BSMC,circle,circle_bsmc_5laps_set01,1784975768.3392937,0.5407391214329327,0.7756265598836637,2.591973497299254,0.11212234685934847,0.12262510277216615,1784975768.3631775,0.5363670171056649,0.7778699415124367,2.5902722654200714,0.0044095516204833984,0,0,1784975768.3631861,0.54788284721785,0.7937566050643532,2.6329308867877654,1784975768.363227,0.0033788329369046763,-0.01919153053637002,0.04095738948851135,-0.001487939416984503,-0.01956492929391474,0.04265862136769404,1784975768.3632696,0.11192010193984243,0.10953805891420632,1784975768.348412,12285.927734375,nan,nan,49.854637145996094,nan
13.763047456741333,1784975768.4072044,BSMC,circle,circle_bsmc_5laps_set01,1784975768.389253,0.5355825592775608,0.7787613311399959,2.596753472387018,0.11282437845101793,0.12038155088767812,1784975768.3631775,0.5363670171056649,0.7778699415124367,2.5902722654200714,0.044026851654052734,0,0,1784975768.4028769,0.5441180250273384,0.7958452698642642,2.6372362828677822,1784975768.402913,0.0015546521634192114,-0.01903413235613737,0.040482810480764186,0.0028131313297437947,-0.019372063526621824,0.04696401744771084,1784975768.4029527,0.10975688587466872,0.1110411761932077,1784975768.3990452,12285.9775390625,nan,nan,50.48007583618164,nan
13.803502798080444,1784975768.4476597,BSMC,circle,circle_bsmc_5laps_set01,1784975768.4389684,0.5308578922132712,0.7816197641445153,2.6025893450211064,0.11218951727289014,0.11989318831293369,1784975768.4451208,0.5279478087486343,0.7835402657680044,2.605495301517793,0.002538919448852539,0,0,1784975768.4432847,0.5403207673709869,0.797930533463585,2.641568432373398,1784975768.4433382,0.0002507705444933766,-0.018855352453996548,0.0389790873522915,-0.003286810099401377,-0.01869135599124344,0.03607313085560504,1784975768.4433966,0.10821562908441654,0.11057599329578924,1784975768.3990452,12285.9775390625,nan,nan,50.48007583618164,nan
13.8428955078125,1784975768.4870524,BSMC,circle,circle_bsmc_5laps_set01,1784975768.4389684,0.5308578922132712,0.7816197641445153,2.6025893450211064,0.11218951727289014,0.11989318831293369,1784975768.4451208,0.5279478087486343,0.7835402657680044,2.605495301517793,0.0419316291809082,0,0,1784975768.483851,0.5364576138428947,0.8000300908033666,2.6459652638858486,1784975768.4838936,0.004643871440299016,-0.01867435321666753,0.043375918864742236,0.00110679822263373,-0.018523123660266733,0.04046996236805578,1784975768.4839382,0.11341069193010626,0.11241693562989626,1784975768.4565382,12286.03515625,nan,nan,57.41218185424805,nan
13.88270115852356,1784975768.526858,BSMC,circle,circle_bsmc_5laps_set01,1784975768.4892297,0.5255877702069848,0.7847683267626894,2.6093881958145864,0.11273697282159567,0.12150342290090974,1784975768.4451208,0.5279478087486343,0.7835402657680044,2.605495301517793,0.08173727989196777,0,0,1784975768.5231543,0.532712451660086,0.8020445901301858,2.6502178483432464,1784975768.523196,0.0026272950585060012,-0.018502099405927244,0.040829652528660006,0.005355522030247078,-0.018342034400742054,0.04472254682545351,1784975768.5232403,0.11102859047127728,0.1111392748498623,1784975768.496446,12286.0751953125,nan,nan,40.05366516113281,nan
13.923499584197998,1784975768.5676565,BSMC,circle,circle_bsmc_5laps_set01,1784975768.5390542,0.5207792963922114,0.787597253526343,2.6152621752293697,0.11246351708438329,0.12092216498880837,1784975768.5640268,0.5151356851550195,0.7913108977256138,2.616848449882009,0.0036296844482421875,0,0,1784975768.563135,0.5289072858567428,0.8040704066322654,2.6545286775058443,1784975768.5631711,0.0012475992236929022,-0.01832682411558897,0.03926650227647466,-0.00552625373361789,-0.017942200898950544,0.03768022762383527,1784975768.5632124,0.10939765063308833,0.11088764557624552,1784975768.5539708,12286.1328125,nan,nan,57.39910125732422,nan
13.96311068534851,1784975768.6072676,BSMC,circle,circle_bsmc_5laps_set01,1784975768.5890715,0.5153573053327377,0.7908117122212952,2.621074762266321,0.11294975891296434,0.12095725963116663,1784975768.5640268,0.5151356851550195,0.7913108977256138,2.616848449882009,0.04324078559875488,0,0,1784975768.6028173,0.5251082239016159,0.8060720431383276,2.6588227954333954,1784975768.6028597,-0.0008701109609632347,-0.018088698669330532,0.037748033167074535,-0.0012355443448277279,-0.017771223174548576,0.04197434555138635,1784975768.6029084,0.10689024206918131,0.11082100782876682,1784975768.5980365,12286.1767578125,nan,nan,44.06169509887695,nan
14.002705097198486,1784975768.646862,BSMC,circle,circle_bsmc_5laps_set01,1784975768.6392257,0.5105024481680019,0.7935855457423784,2.627289427738929,0.11242145053821927,0.12143420480215911,1784975768.5640268,0.5151356851550195,0.7913108977256138,2.616848449882009,0.08283519744873047,0,0,1784975768.6429594,0.5212635035901988,0.8080765885166418,2.6631587043231657,1784975768.6429935,-0.002240404481573432,-0.01791008716461394,0.03586927658423677,0.0030961374859737436,-0.017579888484937304,0.04631025444115666,1784975768.6430316,0.1052711706589943,0.10978220654249005,1784975768.5980365,12286.1767578125,nan,nan,44.06169509887695,nan
14.043160200119019,1784975768.6873171,BSMC,circle,circle_bsmc_5laps_set01,1784975768.6392257,0.5105024481680019,0.7935855457423784,2.627289427738929,0.11242145053821927,0.12143420480215911,1784975768.6510057,0.5061726878376483,0.7966012996076306,2.6268759514320745,0.03631138801574707,0,0,1784975768.6832032,0.5174125792024561,0.8100631869115515,2.6674918580478364,1784975768.683241,0.002089611790013892,-0.017745311831027136,0.040202430308907466,-0.003156434300294591,-0.01725092722679194,0.040615906615761865,1784975768.6832829,0.11039310423734106,0.11158758027092675,1784975768.6470697,12286.2255859375,nan,nan,48.96159744262695,nan
14.082767248153687,1784975768.7269242,BSMC,circle,circle_bsmc_5laps_set01,1784975768.6890526,0.5054174745917399,0.7965565743754209,2.6319734869463804,0.10990130585377787,0.11769939989393018,1784975768.6510057,0.5061726878376483,0.7966012996076306,2.6268759514320745,0.07591843605041504,0,0,1784975768.722713,0.5135973947773398,0.8120105826330329,2.6717753158038784,1784975768.7227528,0.0003986575450335896,-0.017480804833614274,0.039801828857497945,0.0011231052388352954,-0.01706783264271582,0.04489936437180386,1784975768.7227986,0.10838767177741462,0.11224936065536312,1784975768.6971006,12286.2763671875,nan,nan,50.231327056884766,nan
14.123369932174683,1784975768.7675269,BSMC,circle,circle_bsmc_5laps_set01,1784975768.7391174,0.5007131549494513,0.7991836228019227,2.6375914275564716,0.10907272117147927,0.11680534743139666,1784975768.7629557,0.49274412961992914,0.8039887256133543,2.6405306719984085,0.004571199417114258,0,0,1784975768.7632728,0.5097097074434227,0.813973865151396,2.6761306138461762,1784975768.7633264,-0.0007351988820846981,-0.01729591593806811,0.03853918628970466,-0.010083614867755185,-0.016907233767768357,0.03559994184776771,1784975768.7633712,0.10704712433406728,0.11197951259168658,1784975768.7471685,12286.326171875,nan,nan,50.05445098876953,nan
14.162716150283813,1784975768.806873,BSMC,circle,circle_bsmc_5laps_set01,1784975768.789719,0.4948680741821052,0.8024610248127966,2.643527131902558,0.1100309116679972,0.11687583210488833,1784975768.7629557,0.49274412961992914,0.8039887256133543,2.6405306719984085,0.04391741752624512,0,0,1784975768.803045,0.5058411089069662,0.8159064828031027,2.680455090088241,1784975768.8030803,-0.0032166446978291775,-0.017054061936383973,0.036927958185683174,-0.0057622249397438164,-0.016743971052969257,0.0399244180898326,1784975768.8031185,0.10410821271035683,0.11213688703235591,1784975768.7983494,12286.376953125,nan,nan,50.757625579833984,nan
14.203717947006226,1784975768.8478749,BSMC,circle,circle_bsmc_5laps_set01,1784975768.8391306,0.4902672100498874,0.8049709352687975,2.6483232308622657,0.10861382188688494,0.1136883096190722,1784975768.7629557,0.49274412961992914,0.8039887256133543,2.6405306719984085,0.08491921424865723,0,0,1784975768.8448155,0.5019710523573945,0.8178189795034886,2.6847719188159633,1784975768.844963,-0.004224968225875185,-0.016858286060745242,0.0364486879536976,-0.0014492214726386206,-0.01656236042935824,0.04424124681755481,1784975768.84682,0.10291323128763004,0.11307770304834085,1784975768.7983494,12286.376953125,nan,nan,50.757625579833984,nan
14.242708921432495,1784975768.8868659,BSMC,circle,circle_bsmc_5laps_set01,1784975768.8391306,0.4902672100498874,0.8049709352687975,2.6483232308622657,0.10861382188688494,0.1136883096190722,1784975768.8539093,0.48429024611515764,0.8081767253018319,2.6434150828859493,0.032956600189208984,0,0,1784975768.882875,0.498123552275317,0.8196997896066769,2.6890545268481905,1784975768.8829198,5.444812860743234e-05,-0.016693061393010834,0.04073129598592473,-0.006645921578018026,-0.016732396620721422,0.04563944396224118,1784975768.8829663,0.1079750542362856,0.11486401450812084,1784975768.848387,12286.4267578125,nan,nan,49.683658599853516,nan
14.283314228057861,1784975768.9274712,BSMC,circle,circle_bsmc_5laps_set01,1784975768.8891962,0.4846652076676782,0.8080394152104162,2.652068793416523,0.10971226692715108,0.11036828004842142,1784975768.8539093,0.48429024611515764,0.8081767253018319,2.6434150828859493,0.0735619068145752,0,0,1784975768.9236085,0.4941849094955637,0.8216040748638684,2.6934293685382533,1784975768.9236479,-0.002023497412179368,-0.01644780145273966,0.0413605751217303,-0.002276085945197504,-0.016523241583985424,0.05001428565230403,1784975768.9236898,0.10550574409275626,0.1179106539202615,1784975768.9008436,12286.4794921875,nan,nan,53.205814361572266,nan
14.32277512550354,1784975768.966932,BSMC,circle,circle_bsmc_5laps_set01,1784975768.938905,0.4796451401762287,0.8107099515477845,2.657522564892444,0.11138849605201909,0.11025630138380962,1784975768.9642987,0.47175932656249625,0.8155798909066256,2.661515979230212,0.002633333206176758,0,0,1784975768.9632487,0.4903189919013058,0.8234525890343573,2.6977144999927214,1784975768.9633017,-0.003517274034234281,-0.016246067343552467,0.0401919351002773,-0.012825688280156825,-0.015554493673509431,0.03619852076250929,1784975768.96335,0.10373777631449374,0.1187484424333269,1784975768.9485486,12286.52734375,nan,nan,47.79861068725586,nan
14.363436460494995,1784975769.0075934,BSMC,circle,circle_bsmc_5laps_set01,1784975768.9889965,0.47379750468111564,0.8138765844329258,2.6628547497304504,0.11185512855057365,0.10904653523061053,1784975768.9642987,0.47175932656249625,0.8155798909066256,2.661515979230212,0.043294668197631836,0,0,1784975769.0033758,0.4863678507967879,0.8253208870183185,2.7020850930637055,1784975769.0034115,-0.005885225599177895,-0.015948347336968965,0.039230343333255036,-0.008458317925453235,-0.015386774952011836,0.04056911383349337,1784975769.003453,0.1009311408005939,0.11972310081715372,1784975768.998877,12286.578125,nan,nan,50.13560104370117,nan
14.402706861495972,1784975769.0468638,BSMC,circle,circle_bsmc_5laps_set01,1784975769.038936,0.4690039773857809,0.8163621164218244,2.667983544458298,0.11051965180747159,0.10801304911405274,1784975769.0433354,0.4632088541990618,0.8200245325728244,2.667455649424787,0.0035283565521240234,0,0,1784975769.0427806,0.4825062278765846,0.8271265009377704,2.7063480029529265,1784975769.0428174,-0.007106382781082659,-0.01573791809904592,0.03836445849462855,-0.013926072349111971,-0.015129147181316659,0.038892353528139356,1784975769.0428607,0.09948525447619315,0.11946466872928165,1784975768.998877,12286.578125,nan,nan,50.13560104370117,nan
14.443341970443726,1784975769.087499,BSMC,circle,circle_bsmc_5laps_set01,1784975769.038936,0.4690039773857809,0.8163621164218244,2.667983544458298,0.11051965180747159,0.10801304911405274,1784975769.0433354,0.4632088541990618,0.8200245325728244,2.667455649424787,0.04416346549987793,0,0,1784975769.0833483,0.47855157416763616,0.8289548852700525,2.710704871696823,1784975769.0833902,-0.002753097739444505,-0.015561326563338362,0.04272132723852496,-0.009572881135835997,-0.014950257592768558,0.04324922227203575,1784975769.0834343,0.10463353193476121,0.12128727633703378,1784975769.0480595,12286.626953125,nan,nan,49.3057746887207,nan
14.482811689376831,1784975769.1269686,BSMC,circle,circle_bsmc_5laps_set01,1784975769.0894842,0.4634735290005757,0.8193007249019186,2.672781050849712,0.10816779392986409,0.10629186937430289,1784975769.0433354,0.4632088541990618,0.8200245325728244,2.667455649424787,0.0836331844329834,0,0,1784975769.123107,0.47462598350608864,0.8307492114735037,2.7150211081927944,1784975769.1231396,-0.004776441299777879,-0.015252235730773212,0.04224005734308234,-0.00526109688793763,-0.014754336266731193,0.04756545876800722,1784975769.1231747,0.10223403048984075,0.12109463972140552,1784975769.1028435,12286.681640625,nan,nan,54.79264831542969,nan
14.522837400436401,1784975769.1669943,BSMC,circle,circle_bsmc_5laps_set01,1784975769.138786,0.45898769507241294,0.8215649741197958,2.6779452934193966,0.1058913166049613,0.1060346135588774,1784975769.1610994,0.4496582508367936,0.8271133310989737,2.6870733584756112,0.005894899368286133,0,0,1784975769.1626825,0.47072923103875397,0.8325101568053616,2.719297278923386,1784975769.1627176,-0.00560711827275245,-0.015040642125409884,0.04135198550398922,-0.01656231853679386,-0.01409969996355628,0.03222392044777455,1784975769.162755,0.10125202448566165,0.11975882399352539,1784975769.1477168,12286.7265625,nan,nan,44.9049072265625,nan
14.563372135162354,1784975769.207529,BSMC,circle,circle_bsmc_5laps_set01,1784975769.1893594,0.4531374307724717,0.8245578014354575,2.6848116895539533,0.10489973783461802,0.1078096245678851,1784975769.1610994,0.4496582508367936,0.8271133310989737,2.6870733584756112,0.04642963409423828,0,0,1784975769.2030442,0.4667509744371027,0.834287294334693,2.723654430908554,1784975769.2031112,-0.00792653784696062,-0.014736403935349598,0.03884274135460065,-0.012207748155821756,-0.013949832742654825,0.03658107243294273,1784975769.2032075,0.09850973685670751,0.11746738119090029,1784975769.2009528,12286.7802734375,nan,nan,53.19614028930664,nan
14.603187799453735,1784975769.2473447,BSMC,circle,circle_bsmc_5laps_set01,1784975769.2388046,0.44862706139757963,0.8267681144727509,2.690081872850659,0.10369745908810998,0.10760535480151728,1784975769.2424867,0.44052804678390073,0.8315974951001647,2.692931735352221,0.0048580169677734375,0,0,1784975769.2434464,0.4627719915080962,0.8360440180352606,2.728003961128586,1784975769.2434778,-0.008680139159695998,-0.014518147915649983,0.03792208827792676,-0.01811371269706262,-0.013654964497708203,0.03507222577636471,1784975769.2435148,0.09761902754530462,0.11674632238131798,1784975769.2009528,12286.7802734375,nan,nan,53.19614028930664,nan
14.643071413040161,1784975769.2872283,BSMC,circle,circle_bsmc_5laps_set01,1784975769.2388046,0.44862706139757963,0.8267681144727509,2.690081872850659,0.10369745908810998,0.10760535480151728,1784975769.2424867,0.44052804678390073,0.8315974951001647,2.692931735352221,0.04474163055419922,0,0,1784975769.2831452,0.4588362412652355,0.8377613678735621,2.732298079056137,1784975769.283179,-0.004389471249185711,-0.014346132442479741,0.042216206205477835,-0.013822571990551142,-0.013495177520100944,0.039366343703915785,1784975769.2832174,0.10269347268397792,0.11854174144523527,1784975769.2489192,12286.828125,nan,nan,47.82724380493164,nan
14.683449983596802,1784975769.327607,BSMC,circle,circle_bsmc_5laps_set01,1784975769.2889616,0.4426331538601521,0.8297841547623568,2.695789659902566,0.10447919791358755,0.10748563761035262,1784975769.2424867,0.44052804678390073,0.8315974951001647,2.692931735352221,0.08512020111083984,0,0,1784975769.32289,0.4548834970166894,0.8394659407418883,2.7366027026599578,1784975769.3229225,-0.006878435437562948,-0.014017667892258358,0.04081304275739184,-0.009521661326826929,-0.013316506815979939,0.043670967307736674,1784975769.3229585,0.09974536157969832,0.11891463855970641,1784975769.305779,12286.884765625,nan,nan,57.05840301513672,nan
14.722864389419556,1784975769.3670213,BSMC,circle,circle_bsmc_5laps_set01,1784975769.3393812,0.43813169044521355,0.8319437731363585,2.699975710557843,0.10243811455377623,0.10345703911886558,1784975769.3616521,0.4270097380731347,0.838404488738511,2.7102939542191913,0.0053691864013671875,0,0,1784975769.3630407,0.45093234299181484,0.8411497164517596,2.740897670311325,1784975769.3630729,-0.007637943374872323,-0.013793763770176472,0.04092195975348201,-0.02058421374309122,-0.012494696709867832,0.030603716092133745,1784975769.3631063,0.09884334506604416,0.12038496348852197,1784975769.3487377,12286.927734375,nan,nan,42.933441162109375,nan
14.763327836990356,1784975769.4074848,BSMC,circle,circle_bsmc_5laps_set01,1784975769.3891418,0.4320122474035557,0.8349462547015569,2.706793414024709,0.10275934527306181,0.1051719858297688,1784975769.3616521,0.4270097380731347,0.838404488738511,2.7102939542191913,0.04583263397216797,0,0,1784975769.4032042,0.44690437389372195,0.8428456433033711,2.7452681088870694,1784975769.4032383,-0.010179036756703431,-0.01343737259985237,0.03847469486236044,-0.01621612779374071,-0.01235142047214979,0.03497415466787812,1784975769.4032743,0.09583755691431486,0.11898246187492725,1784975769.4058657,12286.984375,nan,nan,57.08150863647461,nan
14.802940845489502,1784975769.4470978,BSMC,circle,circle_bsmc_5laps_set01,1784975769.4389095,0.42740238325638186,0.8370795441592582,2.7120797356522837,0.10248750898428109,0.10533575030805516,1784975769.4446666,0.4182459098138829,0.8423417559122045,2.718697250275515,0.002431154251098633,0,0,1784975769.4427624,0.44296145503575435,0.8444857421065599,2.749538537544601,1784975769.4428248,-0.01106167265214036,-0.013212716632364866,0.03745880189231743,-0.021658319206872546,-0.012098432193849588,0.03084128726908597,1784975769.4428828,0.09479403268206194,0.11857030014103663,1784975769.4058657,12286.984375,nan,nan,57.08150863647461,nan
14.842902183532715,1784975769.487059,BSMC,circle,circle_bsmc_5laps_set01,1784975769.4389095,0.42740238325638186,0.8370795441592582,2.7120797356522837,0.10248750898428109,0.10533575030805516,1784975769.4446666,0.4182459098138829,0.8423417559122045,2.718697250275515,0.04239249229431152,0,0,1784975769.4834113,0.438911926069932,0.8461496822760302,2.7539165978854827,1784975769.4834533,-0.0066870564015364935,-0.013039181642915055,0.041836862233199046,-0.017282650379473567,-0.011953849879787173,0.03521934760996759,1784975769.4834962,0.09996796039266817,0.1203989219699766,1784975769.4487426,12287.02734375,nan,nan,42.80307388305664,nan
14.88264012336731,1784975769.526797,BSMC,circle,circle_bsmc_5laps_set01,1784975769.4894013,0.4212321037532091,0.84000914599794,2.718891664681694,0.10326149131588229,0.10747666901856777,1784975769.4446666,0.4182459098138829,0.8423417559122045,2.718697250275515,0.08213043212890625,0,0,1784975769.5231004,0.4349274608765251,0.8477667158663923,2.758216689628952,1784975769.5231378,-0.009307599361150038,-0.012692962267784554,0.039325024947258314,-0.012985564075236572,-0.011793195580842668,0.03951943935343705,1784975769.523177,0.09686838160994643,0.11902389788629127,1784975769.4988604,12287.078125,nan,nan,50.21340560913086,nan
14.922817945480347,1784975769.5669749,BSMC,circle,circle_bsmc_5laps_set01,1784975769.5393212,0.41660343387255605,0.8420869716461521,2.724157688895648,0.10266327024935315,0.10714817591624273,1784975769.564581,0.40584261036261937,0.8484834644637443,2.7345464635302594,0.002393960952758789,0,0,1784975769.5631409,0.43092301814139744,0.8493718036296362,2.7625308404391937,1784975769.5631773,-0.01013659334257939,-0.012464699999086112,0.0383731515435457,-0.022679501683625924,-0.010745054872165967,0.02798437690893429,1784975769.5632277,0.09588835852600931,0.11873504292782204,1784975769.5491471,12287.1279296875,nan,nan,50.10158920288086,nan
14.962826490402222,1784975769.6069834,BSMC,circle,circle_bsmc_5laps_set01,1784975769.5897977,0.4105825728083712,0.8449300331888853,2.730758764051045,0.10187429453802409,0.10738190397619991,1784975769.564581,0.40584261036261937,0.8484834644637443,2.7345464635302594,0.04240250587463379,0,0,1784975769.6028473,0.42693193608468183,0.8509516362417587,2.7668232331699065,1784975769.6028864,-0.012584030324911344,-0.012050044134726726,0.03606446911886163,-0.01838906052672779,-0.010615742285934312,0.032276769639647096,1784975769.602931,0.09299252873618692,0.1176714854889093,1784975769.5491471,12287.1279296875,nan,nan,50.10158920288086,nan
15.003818273544312,1784975769.6479752,BSMC,circle,circle_bsmc_5laps_set01,1784975769.6389892,0.40613888838146445,0.846859518052211,2.7358647481282223,0.1005690946667473,0.10678861020636639,1784975769.6418629,0.39685657354796455,0.852240337188007,2.7373227576074814,0.006112337112426758,0,0,1784975769.6428318,0.42291149933262506,0.8525231048278589,2.771139881653183,1784975769.6428647,-0.013175584422602771,-0.01182373326860654,0.03527513352496081,-0.02384340772914201,-0.010508616609440347,0.033817124045701696,1784975769.6429007,0.09229339416530417,0.11715709301775334,1784975769.6126432,12287.19140625,nan,nan,63.71997833251953,nan
15.043547868728638,1784975769.6877048,BSMC,circle,circle_bsmc_5laps_set01,1784975769.6389892,0.40613888838146445,0.846859518052211,2.7358647481282223,0.1005690946667473,0.10678861020636639,1784975769.6418629,0.39685657354796455,0.852240337188007,2.7373227576074814,0.04584193229675293,0,0,1784975769.6830149,0.41886674145936353,0.8540839425598731,2.775475352806442,1784975769.6830523,-0.008843155404250848,-0.011661438845003735,0.03961060467821964,-0.01951074668898576,-0.010352639078678545,0.038152595198960526,1784975769.6830935,0.09741845961233882,0.11896164228493827,1784975769.6495981,12287.228515625,nan,nan,36.6677360534668,nan
15.083060503005981,1784975769.7272174,BSMC,circle,circle_bsmc_5laps_set01,1784975769.6889443,0.4002094525444206,0.849594150975886,2.7409277638227763,0.0996967127771846,0.10535433410694707,1784975769.6418629,0.39685657354796455,0.852240337188007,2.7373227576074814,0.08535456657409668,0,0,1784975769.7233036,0.41482756072919014,0.8556225725614438,2.779797666115158,1784975769.7233422,-0.011109112103665561,-0.011252492256519774,0.03886990229238174,-0.015191948575253526,-0.01017843774240203,0.042474908507676545,1784975769.7233868,0.09473190726227107,0.11941617493037357,1784975769.6992033,12287.2783203125,nan,nan,49.798194885253906,nan
15.123058080673218,1784975769.767215,BSMC,circle,circle_bsmc_5laps_set01,1784975769.7388937,0.39577221663471107,0.8514659989572693,2.746297171536544,0.09852474871403866,0.1056974097326523,1784975769.761373,0.3825337461317425,0.8584945437473015,2.7506217781356272,0.005841970443725586,0,0,1784975769.7626379,0.4108056233085662,0.8571348185966255,2.784094513458603,1784975769.7626717,-0.011691118573838654,-0.01102073404168287,0.03779734192205897,-0.02665663992741783,-0.009516902824279408,0.03347273532297556,1784975769.7627091,0.09404550492791498,0.11833064557067516,1784975769.74992,12287.3291015625,nan,nan,50.832454681396484,nan
15.162779569625854,1784975769.8069365,BSMC,circle,circle_bsmc_5laps_set01,1784975769.7897317,0.38935286190573154,0.8543412226851153,2.7521376338471955,0.09845692413540137,0.10643469693222253,1784975769.761373,0.3825337461317425,0.8584945437473015,2.7506217781356272,0.045563459396362305,0,0,1784975769.803237,0.4067072093351898,0.8586555781773131,2.7884659820026094,1784975769.803275,-0.014416693467225176,-0.010580453085169288,0.03632834815541397,-0.022287953786404646,-0.009361056102340105,0.03784420386698217,1784975769.8033192,0.09081612625237205,0.11777954478800812,1784975769.799903,12287.37890625,nan,nan,49.86479568481445,nan
15.203135967254639,1784975769.847293,BSMC,circle,circle_bsmc_5laps_set01,1784975769.8389795,0.3850374885452206,0.8561054025540765,2.757421337413932,0.09711408996044502,0.10657434491876329,1784975769.761373,0.3825337461317425,0.8584945437473015,2.7506217781356272,0.08591985702514648,0,0,1784975769.8443313,0.40255787770577534,0.8601745175429415,2.7928845973437957,1784975769.8443775,-0.014718248714667377,-0.010338998399413869,0.035463259929863884,-0.017872885919562227,-0.00918412250324055,0.042262819208168434,1784975769.8444257,0.09046153318142379,0.11679869004072746,1784975769.799903,12287.37890625,nan,nan,49.86479568481445,nan
15.24270510673523,1784975769.886862,BSMC,circle,circle_bsmc_5laps_set01,1784975769.8389795,0.3850374885452206,0.8561054025540765,2.757421337413932,0.09711408996044502,0.10657434491876329,1784975769.8513083,0.37350488445820185,0.8624330319988447,2.760903572769725,0.035553693771362305,0,0,1784975769.8835497,0.3985586425245303,0.8616188809078101,2.797136666817062,1784975769.8835897,-0.010469186080255353,-0.010179203864069165,0.03971532940313027,-0.023562636215112814,-0.008553116966311529,0.03623309404733722,1784975769.8836381,0.09548791271865362,0.11855892533282433,1784975769.849735,12287.4287109375,nan,nan,49.94719696044922,nan
15.282689094543457,1784975769.926846,BSMC,circle,circle_bsmc_5laps_set01,1784975769.888788,0.37885606820226797,0.8588169576294671,2.76358416532966,0.0973619852576581,0.10854321601694807,1784975769.8513083,0.37350488445820185,0.8624330319988447,2.760903572769725,0.07553768157958984,0,0,1784975769.9232073,0.3945180324498836,0.8630587097252033,2.801426149887436,1784975769.923245,-0.01299074817485296,-0.009722656365048946,0.03784198455777599,-0.019276314943456444,-0.008388536424088397,0.04052257711771112,1784975769.9232852,0.092502662291076,0.11736793468684578,1784975769.899879,12287.478515625,nan,nan,50.127685546875,nan
15.323097467422485,1784975769.9672544,BSMC,circle,circle_bsmc_5laps_set01,1784975769.9387622,0.3744831844175484,0.860543168672831,2.7693047659918615,0.09616345826420739,0.10949936215170455,1784975769.9644804,0.36149106384094476,0.8671602255156878,2.7688890873239314,0.0027740001678466797,0,0,1784975769.9628158,0.3904783820680384,0.8644787150285734,2.805708114189499,1784975769.9628513,-0.013467942434741045,-0.009484165728778696,0.036403348197637346,-0.0279736622955635,-0.008057874053686232,0.036819026865567483,1784975769.9628906,0.09194199922931591,0.11581170565686871,1784975769.9505563,12287.529296875,nan,nan,50.70034408569336,nan
15.363126516342163,1784975770.0072834,BSMC,circle,circle_bsmc_5laps_set01,1784975769.9891238,0.368301584069715,0.863194443180717,2.7739548084128094,0.09579544725918737,0.10832533629221563,1784975769.9644804,0.36149106384094476,0.8671602255156878,2.7688890873239314,0.042803049087524414,0,0,1784975770.0025947,0.38641216420373514,0.8658884762719539,2.8100117850726773,1784975770.0026307,-0.01593214373383478,-0.009023176997702767,0.036056976659867956,-0.023673262370530617,-0.007890198867406821,0.041122697748745995,1784975770.0026696,0.08901834729328775,0.116545455375435,1784975770.0009797,12287.580078125,nan,nan,50.289146423339844,nan
15.402871370315552,1784975770.0470283,BSMC,circle,circle_bsmc_5laps_set01,1784975770.0389686,0.3640504039447471,0.8648269077411788,2.779183650479183,0.09417148601664733,0.10775985407777514,1784975769.9644804,0.36149106384094476,0.8671602255156878,2.7688890873239314,0.08254790306091309,0,0,1784975770.0427408,0.38231219386216375,0.8672901359541523,2.8143447328036952,1784975770.0427723,-0.016202321255252537,-0.0087775423757816,0.035161082324512094,-0.01934437726075738,-0.007702687873464789,0.045455645479763884,1784975770.0428085,0.08870109125536796,0.11574603642790937,1784975770.0009797,12287.580078125,nan,nan,50.289146423339844,nan
15.44301986694336,1784975770.0871768,BSMC,circle,circle_bsmc_5laps_set01,1784975770.0389686,0.3640504039447471,0.8648269077411788,2.779183650479183,0.09417148601664733,0.10775985407777514,1784975770.0466056,0.3528181969538034,0.870588323962784,2.7765849058665215,0.04057121276855469,0,0,1784975770.0836673,0.3781588899812828,0.8686898437267644,2.8187275567477874,1784975770.0837095,-0.01182255793850778,-0.00861387116588597,0.03954390626860427,-0.024348948320565146,-0.007272115648279158,0.0421426508812659,1784975770.0837564,0.09388219382167524,0.11753806044398217,1784975770.050683,12287.6298828125,nan,nan,49.57619094848633,nan
15.48292350769043,1784975770.1270804,BSMC,circle,circle_bsmc_5laps_set01,1784975770.0898771,0.35804764780533405,0.8673344627604632,2.783605846841108,0.0930432639305739,0.10596971721162504,1784975770.0466056,0.3528181969538034,0.870588323962784,2.7765849058665215,0.080474853515625,0,0,1784975770.1229904,0.3740979427637745,0.8700388692456285,2.823006714386337,1784975770.1230266,-0.014085177118978564,-0.008156811154914994,0.03940086754522909,-0.020073988792177092,-0.0070826870744609225,0.04642180851981559,1784975770.123067,0.09119707447274435,0.11821600705225913,1784975770.1016874,12287.6806640625,nan,nan,51.273380279541016,nan
15.523212432861328,1784975770.1673694,BSMC,circle,circle_bsmc_5laps_set01,1784975770.138971,0.35400449126620864,0.8688388844368838,2.788921108873821,0.09120104474060585,0.10633981049407225,1784975770.1653464,0.34013337761254914,0.8755707621451088,2.7876810210720926,0.002022981643676758,0,0,1784975770.1627827,0.3700151960257899,0.8713757270214134,2.8273027635043793,1784975770.1628158,-0.014149057587063479,-0.007910904284285234,0.03838165463055843,-0.02948374186871196,-0.006421086885418593,0.03962174243228666,1784975770.1628525,0.09112552823320628,0.1167198053135675,1784975770.1508517,12287.7294921875,nan,nan,49.18281555175781,nan
15.563122987747192,1784975770.20728,BSMC,circle,circle_bsmc_5laps_set01,1784975770.1890347,0.34779320009325887,0.8713760498214596,2.7936047904832857,0.09173670182124455,0.1064010639307637,1784975770.1653464,0.34013337761254914,0.8755707621451088,2.7876810210720926,0.041933536529541016,0,0,1784975770.2025766,0.36591556177511275,0.8726986145877139,2.831610554260605,1784975770.2026067,-0.01658511744128592,-0.007423142861862277,0.038005763777319235,-0.02517971288040399,-0.006241178658251393,0.04392953318851234,1784975770.202643,0.08823547532921167,0.11736589261989093,1784975770.2006485,12287.779296875,nan,nan,49.634132385253906,nan
15.602822065353394,1784975770.246979,BSMC,circle,circle_bsmc_5laps_set01,1784975770.2394514,0.3437380290175127,0.8728481219321718,2.7982658327806154,0.08949048148768145,0.10410778302329966,1784975770.2444677,0.33202249001763534,0.8783859320267714,2.7971216308743636,0.002511262893676758,0,0,1784975770.2426445,0.36178968920944077,0.8740103228993858,2.8359399228519133,1784975770.2426755,-0.01660694331115127,-0.007170953955593456,0.03767409007129796,-0.029496139885518167,-0.005933787560591095,0.03881829197754971,1784975770.2427099,0.08821092315317838,0.11729917060438999,1784975770.2006485,12287.779296875,nan,nan,49.634132385253906,nan
15.64278507232666,1784975770.286942,BSMC,circle,circle_bsmc_5laps_set01,1784975770.2394514,0.3437380290175127,0.8728481219321718,2.7982658327806154,0.08949048148768145,0.10410778302329966,1784975770.2444677,0.33202249001763534,0.8783859320267714,2.7971216308743636,0.04247426986694336,0,0,1784975770.2830873,0.35764893095682815,0.8753070298821833,2.840278973144882,1784975770.283129,-0.012271340114572028,-0.006998116379739296,0.042013140364266725,-0.02516073728806075,-0.005755989293516395,0.043157342270518484,1784975770.2831748,0.09333861768932569,0.11907875624135186,1784975770.2522252,12287.8310546875,nan,nan,51.457916259765625,nan
15.683188438415527,1784975770.3273454,BSMC,circle,circle_bsmc_5laps_set01,1784975770.2891471,0.3376127160124139,0.8752350153700124,2.8031810567418414,0.09084611997139413,0.1041893400527723,1784975770.2444677,0.33202249001763534,0.8783859320267714,2.7971216308743636,0.08287763595581055,0,0,1784975770.3228328,0.35353705592596385,0.876575208198555,2.8445819745486904,1784975770.3228745,-0.014576232578009557,-0.006550890193838576,0.04140091780684907,-0.020862155241997884,-0.005561092128769523,0.04746034367432683,1784975770.322918,0.09060546720604111,0.12009845418495958,1784975770.301833,12287.880859375,nan,nan,49.799373626708984,nan
15.7227783203125,1784975770.3669353,BSMC,circle,circle_bsmc_5laps_set01,1784975770.3393688,0.33314445188454533,0.876794409376695,2.809215868007333,0.09207922622524214,0.10679696961463231,1784975770.362769,0.31973250037380474,0.8832724214452533,2.8111033660173623,0.004166364669799805,0,0,1784975770.3634284,0.34936002482128736,0.8778436820276037,2.848947366279953,1784975770.3634934,-0.014985718525051617,-0.00628283527164848,0.03973149827261979,-0.02978584969781781,-0.004479349766420367,0.037844000262590605,1784975770.363536,0.0901267193583909,0.11906219806797554,1784975770.3508072,12287.9296875,nan,nan,48.962303161621094,nan
15.762837886810303,1784975770.4069948,BSMC,circle,circle_bsmc_5laps_set01,1784975770.3891523,0.3267408065229197,0.8792613277433269,2.8149685914295253,0.09410984190858683,0.10883323094320349,1784975770.362769,0.31973250037380474,0.8832724214452533,2.8111033660173623,0.04422593116760254,0,0,1784975770.4029825,0.34524200171715713,0.8790747785790057,2.853245475334518,1784975770.40302,-0.01758290746332768,-0.005759374040817187,0.03827688390499295,-0.02549118078420397,-0.004307501206742342,0.042142109317155896,1784975770.4030647,0.08704998202871127,0.11918833172719441,1784975770.4009533,12287.9794921875,nan,nan,50.08330154418945,nan
15.803449392318726,1784975770.4476063,BSMC,circle,circle_bsmc_5laps_set01,1784975770.439123,0.32232899956505734,0.8807443473729863,2.820917928757072,0.09375889490562929,0.11049755838276812,1784975770.4443004,0.31201550885441587,0.8862858107740531,2.8197309506277035,0.0033059120178222656,0,0,1784975770.4428525,0.3411114336388016,0.8802902928169621,2.857551180405014,1784975770.4428906,-0.017968082265529296,-0.005489445780182814,0.03663325164794218,-0.02949837647666672,-0.0035163702696483917,0.03782022977731048,1784975770.442926,0.08659942671791306,0.1177430046040757,1784975770.4009533,12287.9794921875,nan,nan,50.08330154418945,nan
15.843236684799194,1784975770.4873936,BSMC,circle,circle_bsmc_5laps_set01,1784975770.439123,0.32232899956505734,0.8807443473729863,2.820917928757072,0.09375889490562929,0.11049755838276812,1784975770.4443004,0.31201550885441587,0.8862858107740531,2.8197309506277035,0.043093204498291016,0,0,1784975770.4833107,0.33691978810389933,0.8815040622345393,2.8619150271838834,1784975770.48335,-0.013607525858548086,-0.005320104967480659,0.04099709842681154,-0.02513802414531023,-0.003341853692368239,0.04218407655617984,1784975770.4833932,0.09175711836522793,0.11953049450674162,1784975770.4719567,12288.05078125,nan,nan,70.89070892333984,nan
15.882635116577148,1784975770.526792,BSMC,circle,circle_bsmc_5laps_set01,1784975770.4891043,0.3163823368526289,0.8830112678143157,2.826293972691011,0.09309330995035783,0.11112203709970332,1784975770.4443004,0.31201550885441587,0.8862858107740531,2.8197309506277035,0.08249163627624512,0,0,1784975770.523508,0.3327734355775799,0.8826852473432989,2.8662263455814054,1784975770.5235412,-0.01568417894017092,-0.004772938060703355,0.03993237289039442,-0.02083094644144516,-0.0031507537537507234,0.04649539495370191,1784975770.5235808,0.08929678294184835,0.11896097545268351,1784975770.4719567,12288.05078125,nan,nan,70.89070892333984,nan
15.922870635986328,1784975770.5670276,BSMC,circle,circle_bsmc_5laps_set01,1784975770.5389729,0.31196968801245223,0.8844505850400529,2.83183430558016,0.09309330995035783,0.11112203709970332,1784975770.5637934,0.2996183932502469,0.890286918465092,2.8300421333975185,0.0032341480255126953,0,0,1784975770.563216,0.32861801006429636,0.8838496621521242,2.8705418353503873,1784975770.563252,-0.01603916120983151,-0.004502559621392309,0.03870752977022729,-0.029576802208955952,-0.0027620310086675162,0.04049970195286878,1784975770.5632923,0.08888061901063325,0.11873230272826786,1784975770.5526145,12288.130859375,nan,nan,11.36534309387207,nan
15.96324610710144,1784975770.607403,BSMC,circle,circle_bsmc_5laps_set01,1784975770.5889149,0.30629411652092275,0.8865514484796391,2.8362734369234675,0.09007466790442971,0.10983062947863649,1784975770.5637934,0.2996183932502469,0.890286918465092,2.8300421333975185,0.043609619140625,0,0,1784975770.603205,0.3244496995487153,0.8849982917332994,2.87486551336705,1784975770.6032436,-0.017782781550651237,-0.003976200608569235,0.038592076443582535,-0.025257061522634735,-0.0025776323318949437,0.044823379969531445,1784975770.6032794,0.08681142346892665,0.11806625490622406,1784975770.5526145,12288.130859375,nan,nan,11.36534309387207,nan
16.003042936325073,1784975770.6471999,BSMC,circle,circle_bsmc_5laps_set01,1784975770.6391017,0.30198088110299837,0.8879108686447179,2.8417877185010854,0.09007466790442971,0.10983062947863649,1784975770.5637934,0.2996183932502469,0.890286918465092,2.8300421333975185,0.08340644836425781,0,0,1784975770.6427414,0.3203142854203068,0.8861187280811036,2.879150026840561,1784975770.6427727,-0.01804490639105391,-0.003702274300988238,0.037362308339475625,-0.02097727578196943,-0.0023764815503426774,0.04910789344304245,1784975770.6428087,0.08650532400979483,0.11783588993345952,1784975770.6389527,12288.2177734375,nan,nan,86.98916625976562,nan
16.043437242507935,1784975770.6875942,BSMC,circle,circle_bsmc_5laps_set01,1784975770.6391017,0.30198088110299837,0.8879108686447179,2.8417877185010854,0.09007466790442971,0.10983062947863649,1784975770.6468656,0.2916866477418254,0.8926916053565809,2.839288660681695,0.04072856903076172,0,0,1784975770.6832197,0.31611542857230923,0.8872369285708234,2.8834952311938933,1784975770.6832628,-0.013703100808220079,-0.003530531918162102,0.041707512692807924,-0.02494497995061906,-0.0020656250783017875,0.04420657051219833,1784975770.683308,0.09164049905927336,0.11961732258426282,1784975770.6524706,12288.2314453125,nan,nan,13.413653373718262,nan
16.082736492156982,1784975770.7268934,BSMC,circle,circle_bsmc_5laps_set01,1784975770.6897388,0.29620124086662997,0.8899345556333069,2.846592090758404,0.08931224336500392,0.10908853572165024,1784975770.6468656,0.2916866477418254,0.8926916053565809,2.839288660681695,0.08002781867980957,0,0,1784975770.7229707,0.31194363105636513,0.888328605659488,2.8878075023120573,1784975770.723005,-0.015529264602271465,-0.003040372529299247,0.041215411553653165,-0.020637345954475275,-0.0018657682915294216,0.04851884163036235,1784975770.7230415,0.0894750455535663,0.11982272392762071,1784975770.7076478,12288.2861328125,nan,nan,54.71159744262695,nan
16.122749090194702,1784975770.766906,BSMC,circle,circle_bsmc_5laps_set01,1784975770.73935,0.29198435902469044,0.8912109941565857,2.851911648200524,0.08911821863103053,0.10878342427902778,1784975770.6468656,0.2916866477418254,0.8926916053565809,2.839288660681695,0.1200404167175293,0,0,1784975770.7630234,0.30776347182636066,0.8894032236056701,2.89212358431279,1784975770.763056,-0.015638060156308257,-0.0027747990414216306,0.040211936112266145,-0.01632680827884986,-0.0016471364881196706,0.05283492363109499,1784975770.7630913,0.08935031637040716,0.11970525240903593,1784975770.7524335,12288.3310546875,nan,nan,44.9318962097168,nan
16.162715673446655,1784975770.8068726,BSMC,circle,circle_bsmc_5laps_set01,1784975770.7894511,0.28607230108998355,0.8932075481277627,2.8577190340125793,0.08985982587383341,0.11032535301177034,1784975770.7680495,0.2799587724922243,0.8965062532331913,2.8548941213421264,0.03882312774658203,0,0,1784975770.803014,0.30358233540504176,0.8904588835109131,2.896435932678574,1784975770.8030527,-0.017579078960850418,-0.0022654893022531243,0.03871689866599448,-0.024369431090735236,-0.0008799054311004265,0.04154181133644741,1784975770.8030941,0.08705269747936123,0.11931809933402626,1784975770.7524335,12288.3310546875,nan,nan,44.9318962097168,nan
16.20301342010498,1784975770.8471704,BSMC,circle,circle_bsmc_5laps_set01,1784975770.839144,0.2818954573396117,0.8944140974371058,2.863671541470614,0.08895058999667055,0.11187418517378041,1784975770.7680495,0.2799587724922243,0.8965062532331913,2.8548941213421264,0.07912087440490723,0,0,1784975770.8430126,0.2993972856455175,0.8914963557368515,2.9007476630634,1784975770.8430867,-0.017630749165704875,-0.001995969572614995,0.03707612159278595,-0.02006181998410648,-0.0006915529335423604,0.04585354172127376,1784975770.8431313,0.08699807874847422,0.1176588202360113,1784975770.807189,12288.384765625,nan,nan,54.258628845214844,nan
16.242833852767944,1784975770.8869908,BSMC,circle,circle_bsmc_5laps_set01,1784975770.839144,0.2818954573396117,0.8944140974371058,2.863671541470614,0.08895058999667055,0.11187418517378041,1784975770.8575566,0.2725474277355948,0.8989227298000364,2.8628012796726527,0.0294342041015625,0,0,1784975770.884011,0.29509568049317947,0.8925427929867932,2.9051747241443326,1784975770.884058,-0.01320710823333341,-0.001822076771918078,0.04150318267371844,-0.023433356095787672,-7.154193812587435e-05,0.04237344447167989,1784975770.884108,0.09223016011272389,0.11947326411441238,1784975770.856542,12288.431640625,nan,nan,46.82314682006836,nan
16.28286623954773,1784975770.9270232,BSMC,circle,circle_bsmc_5laps_set01,1784975770.8891573,0.2764815106354823,0.8962268173588903,2.8683306334769787,0.08808677924955463,0.11029470902592657,1784975770.8575566,0.2725474277355948,0.8989227298000364,2.8628012796726527,0.06946659088134766,0,0,1784975770.9236388,0.2909258057505486,0.8935379614555112,2.909461709541672,1784975770.923682,-0.014634001367831082,-0.001309049810581071,0.04113107606469324,-0.01915062115967144,0.0001192383473622707,0.04666042986901919,1784975770.9237268,0.09053809792238933,0.12005941549999205,1784975770.9098134,12288.48828125,nan,nan,56.68671798706055,nan
16.322747230529785,1784975770.9669042,BSMC,circle,circle_bsmc_5laps_set01,1784975770.9393733,0.27220785167492734,0.897416941575698,2.8740046431736435,0.08818771350118287,0.11074591828406688,1784975770.965988,0.2615437826836542,0.9018355888225665,2.8749737783621856,0.0009162425994873047,0,0,1784975770.9636714,0.2867671295346129,0.8945116675740158,2.913732859176987,1784975770.9637158,-0.014809306254742,-0.0010476817616244974,0.03972821600334342,-0.02626177930896356,0.0004195191843482096,0.038759080814801276,1784975770.96376,0.09033613480318528,0.11959696840991886,1784975770.9530413,12288.5322265625,nan,nan,43.15841293334961,nan
16.362922430038452,1784975771.0070794,BSMC,circle,circle_bsmc_5laps_set01,1784975770.988888,0.26662774799034744,0.8991678324968111,2.878384799675797,0.08842147082763745,0.1080228860468148,1784975770.965988,0.2615437826836542,0.9018355888225665,2.8749737783621856,0.0410914421081543,0,0,1784975771.0030363,0.2825715911263984,0.8954750470195351,2.9180375857776335,1784975771.003074,-0.01635552864651617,-0.0005826501704873921,0.03965278610183631,-0.02196065803684019,0.0005955825063095671,0.04306380741544791,1784975771.003116,0.08850109207512537,0.1214694577840692,1784975770.9530413,12288.5322265625,nan,nan,43.15841293334961,nan
16.403432607650757,1784975771.0475895,BSMC,circle,circle_bsmc_5laps_set01,1784975771.039038,0.26230581861863556,0.9003266570942711,2.8837853222120495,0.08873238892285049,0.10796409259653342,1784975770.965988,0.2615437826836542,0.9018355888225665,2.8749737783621856,0.08160161972045898,0,0,1784975771.0433972,0.27834892282233903,0.8964254866441062,2.922365898651474,1784975771.0434465,-0.016507547393773733,-0.00031812326925584593,0.03858057643942425,-0.017636774714324406,0.0007912763982233541,0.04739212028928819,1784975771.0434966,0.08832517432548347,0.1215066973621211,1784975771.013829,12288.5927734375,nan,nan,60.954524993896484,nan
16.44269037246704,1784975771.0868473,BSMC,circle,circle_bsmc_5laps_set01,1784975771.039038,0.26230581861863556,0.9003266570942711,2.8837853222120495,0.08873238892285049,0.10796409259653342,1784975771.0479076,0.25366561020119327,0.9039830755708803,2.8838838444530244,0.038939714431762695,0,0,1784975771.0846484,0.2739794376189192,0.8973887857418227,2.9268403125232387,1784975771.084767,-0.012036864125215315,-0.0001355384758084232,0.0430549903111892,-0.021323651220810785,0.0011992252999252209,0.04295646807021436,1784975771.084828,0.09361215620756999,0.12334399865833341,1784975771.0530443,12288.6318359375,nan,nan,39.02475357055664,nan
16.48347282409668,1784975771.1276298,BSMC,circle,circle_bsmc_5laps_set01,1784975771.0887933,0.25654890043239365,0.902034617520097,2.8891629871740077,0.09079673007302781,0.10857433973186305,1784975771.0479076,0.25366561020119327,0.9039830755708803,2.8838838444530244,0.07972216606140137,0,0,1784975771.1230645,0.26991820944641454,0.8982657693353436,2.9309951529925993,1784975771.1231065,-0.013886912508850484,0.00031032422340286376,0.041832165818591616,-0.017173026139307275,0.0013862705491146394,0.0471113085395749,1784975771.123152,0.09142175240609775,0.12424474320127109,1784975771.1039882,12288.681640625,nan,nan,50.08835983276367,nan
16.5230450630188,1784975771.167202,BSMC,circle,circle_bsmc_5laps_set01,1784975771.138899,0.25192284485621513,0.903222062420844,2.8947828563659974,0.09246807920343877,0.10916995477080607,1784975771.0479076,0.25366561020119327,0.9039830755708803,2.8838838444530244,0.11929440498352051,0,0,1784975771.163177,0.26566808048808943,0.8991646583885158,2.9353393016284635,1784975771.1632164,-0.014319981628648943,0.0005763299510324507,0.040556445262466045,-0.01283415549412201,0.0016002780645340345,0.05145545717543909,1784975771.1632571,0.09091337341702603,0.12469109868641734,1784975771.1553628,12288.7333984375,nan,nan,51.9136848449707,nan
16.563071250915527,1784975771.2072282,BSMC,circle,circle_bsmc_5laps_set01,1784975771.1890228,0.24603940080188302,0.9048135157831758,2.9017980190923915,0.09390524078236166,0.11126367350652294,1784975771.1702418,0.24158077350310136,0.9069021525205354,2.90469628567084,0.036986351013183594,0,0,1784975771.2031794,0.26145354023317524,0.9000369989285294,2.9396431785052943,1784975771.2032259,-0.016107528880225076,0.0009789387328908365,0.037845159412902785,-0.020928901963966393,0.002009540726745247,0.03494689283445451,1784975771.2032745,0.08880303062092758,0.1238316001631005,1784975771.2048109,12288.7841796875,nan,nan,49.885616302490234,nan
16.603132247924805,1784975771.2472892,BSMC,circle,circle_bsmc_5laps_set01,1784975771.2392929,0.24172830686335425,0.9058633891205802,2.9070127597391653,0.09177815342726464,0.11000633364948914,1784975771.2457008,0.23352672365997595,0.9089068382309249,2.9119995847523206,0.0015883445739746094,0,0,1784975771.2427874,0.2572462169104459,0.9008890032098501,2.9439359059756924,1784975771.2428322,-0.0162491251123962,0.0012312515990622113,0.03692314623652715,-0.024921781290049332,0.0024093268386024807,0.031936321223371866,1784975771.2428777,0.08863867764376422,0.12307348978842278,1784975771.2048109,12288.7841796875,nan,nan,49.885616302490234,nan
16.643083810806274,1784975771.2872407,BSMC,circle,circle_bsmc_5laps_set01,1784975771.2392929,0.24172830686335425,0.9058633891205802,2.9070127597391653,0.09177815342726464,0.11000633364948914,1784975771.2457008,0.23352672365997595,0.9089068382309249,2.9119995847523206,0.041539907455444336,0,0,1784975771.2830973,0.252984559144651,0.9017328681317545,2.9482803121036225,1784975771.2831345,-0.011908042071299394,0.0014010542771398455,0.041267552364457234,-0.020579905454054203,0.002557479273554571,0.036280727351301945,1784975771.283177,0.09377320452431373,0.12485363117399328,1784975771.2541914,12288.8330078125,nan,nan,49.17448043823242,nan
16.683237075805664,1784975771.327394,BSMC,circle,circle_bsmc_5laps_set01,1784975771.2889154,0.2363915021843133,0.9072586015946065,2.9132387722490853,0.08941723357691729,0.11054455817675946,1784975771.2457008,0.23352672365997595,0.9089068382309249,2.9119995847523206,0.08169317245483398,0,0,1784975771.3234055,0.24872233570552316,0.9025576255105673,2.95262160257756,1784975771.323438,-0.013074910296422885,0.0017875548134242449,0.03938283032847467,-0.01624182730780708,0.002724366588861025,0.04062201782523944,1784975771.3234742,0.09239633790736033,0.12284278986132467,1784975771.3032632,12288.8818359375,nan,nan,49.30414581298828,nan
16.72267746925354,1784975771.3668344,BSMC,circle,circle_bsmc_5laps_set01,1784975771.3392587,0.2321127958962643,0.9082364335214413,2.9196891046365403,0.08859381998980335,0.11343376357854511,1784975771.3640416,0.22242769550041547,0.9114764467226727,2.9261900648963586,0.002792835235595703,0,0,1784975771.3634627,0.24445401546062517,0.9033643490598887,2.956965493721359,1784975771.3634958,-0.013110898143831064,0.0020364815732909175,0.037276389084818895,-0.023251186721659597,0.003216708801647767,0.030775428825000617,1784975771.363533,0.09236233801553824,0.12043545931880885,1784975771.3539598,12288.9326171875,nan,nan,50.517730712890625,nan
16.76287841796875,1784975771.4070354,BSMC,circle,circle_bsmc_5laps_set01,1784975771.389226,0.22611548924437921,0.9097034053195763,2.927555918117866,0.09249087378124624,0.1193864403093275,1784975771.3640416,0.22242769550041547,0.9114764467226727,2.9261900648963586,0.042993783950805664,0,0,1784975771.4029417,0.24025310933379185,0.9041396028915978,2.9612373385852506,1784975771.402976,-0.0149968064808204,0.002433925764473163,0.03368142046738454,-0.018981658434754307,0.003357275502402016,0.035047273688892044,1784975771.403014,0.0901375368417473,0.11900934455269585,1784975771.4040804,12288.9833984375,nan,nan,50.384796142578125,nan
16.803038835525513,1784975771.4471958,BSMC,circle,circle_bsmc_5laps_set01,1784975771.4391835,0.2212210332988499,0.9107647366627691,2.933521243887761,0.09531662189143346,0.11937292563205149,1784975771.3640416,0.22242769550041547,0.9114764467226727,2.9261900648963586,0.08315420150756836,0,0,1784975771.4435284,0.23593436718101723,0.9049172808940744,2.96562554411351,1784975771.4435666,-0.015603912077037707,0.0026819509292772673,0.03210430022574906,-0.014596499118500333,0.0035206604122295124,0.039435479217151403,1784975771.4436076,0.089422504095783,0.12016457332856269,1784975771.4040804,12288.9833984375,nan,nan,50.384796142578125,nan
16.843204736709595,1784975771.4873617,BSMC,circle,circle_bsmc_5laps_set01,1784975771.4391835,0.2212210332988499,0.9107647366627691,2.933521243887761,0.09531662189143346,0.11937292563205149,1784975771.4480016,0.2149640417358123,0.9130789019331788,2.936452342120593,0.03936004638671875,0,0,1784975771.4838514,0.2316671060978005,0.9056664934514432,2.969958079857223,1784975771.4838924,-0.01127392369150275,0.0028304002121571545,0.03643683596946223,-0.017862782587568515,0.003854498256593761,0.03350573773663034,1784975771.4839377,0.09454616778686198,0.12192927767567745,1784975771.4564662,12289.03515625,nan,nan,52.155731201171875,nan
16.883147478103638,1784975771.5273044,BSMC,circle,circle_bsmc_5laps_set01,1784975771.4889095,0.21531752307381438,0.9121287141505374,2.9404361847265714,0.09869376668620637,0.12195934788865709,1784975771.4480016,0.2149640417358123,0.9130789019331788,2.936452342120593,0.07930278778076172,0,0,1784975771.5225742,0.22752069177467582,0.9063762528497884,2.974164804977768,1784975771.52261,-0.013106462858444672,0.0031982446276840213,0.033728620251196606,-0.013658727365701898,0.004004264187462042,0.03771246285717522,1784975771.5226462,0.09238120294011154,0.12193091500458102,1784975771.5077624,12289.0869140625,nan,nan,51.23936080932617,nan
16.922804832458496,1784975771.5669618,BSMC,circle,circle_bsmc_5laps_set01,1784975771.5392134,0.21024769208456978,0.9131399343152157,2.9479411775704976,0.10020558943125209,0.12645332832706643,1784975771.5661676,0.20343843094325945,0.915281030728126,2.9484603948177703,0.0007941722869873047,0,0,1784975771.563121,0.22321553080099255,0.907094208273769,2.9785294242328337,1784975771.5631597,-0.013888904895894734,0.0034371449105575075,0.03058824666233617,-0.020980729718642534,0.0042387169232188686,0.030069029415063397,1784975771.5632064,0.09146334922282774,0.11983570576909368,1784975771.555562,12289.134765625,nan,nan,48.06295394897461,nan
16.962820768356323,1784975771.6069777,BSMC,circle,circle_bsmc_5laps_set01,1784975771.5891838,0.20471828122979374,0.9143436276606023,2.9538492301915853,0.09983891022882214,0.12666438074505473,1784975771.5661676,0.20343843094325945,0.915281030728126,2.9484603948177703,0.04081010818481445,0,0,1784975771.6028833,0.2189687306986824,0.9077835292839208,2.9828318076556855,1784975771.6029222,-0.01522443209667375,0.003785084954245788,0.028982577464100157,-0.016680582663038634,0.004377316577617467,0.034371412837915116,1784975771.6029606,0.08988324282727324,0.11927107742671278,1784975771.603986,12289.1826171875,nan,nan,48.42058563232422,nan
17.00282049179077,1784975771.6469774,BSMC,circle,circle_bsmc_5laps_set01,1784975771.6391048,0.2001023800828892,0.9152196264717571,2.9594922081961528,0.0977294026968831,0.12442762958989427,1784975771.5661676,0.20343843094325945,0.915281030728126,2.9484603948177703,0.0808098316192627,0,0,1784975771.6425788,0.2147197420245306,0.9084544577277388,2.987133444351547,1784975771.6426094,-0.01560081377272401,0.004006168730442329,0.027641236155394378,-0.012381817881976113,0.0045343869022839035,0.038673049533776815,1784975771.6426435,0.08944057863004785,0.11876959491016474,1784975771.603986,12289.1826171875,nan,nan,48.42058563232422,nan
17.04272723197937,1784975771.6868842,BSMC,circle,circle_bsmc_5laps_set01,1784975771.6391048,0.2001023800828892,0.9152196264717571,2.9594922081961528,0.0977294026968831,0.12442762958989427,1784975771.6465468,0.1960186324110735,0.9166356124334845,2.959856641877599,0.040337324142456055,0,0,1784975771.6843874,0.21027390258613143,0.9091364350515635,2.9916312900012665,1784975771.6844242,-0.011104980999385176,0.004140589920769154,0.03213908180511371,-0.015375886842277434,0.004799217955343424,0.03177464812366759,1784975771.684464,0.09476261464344575,0.12059163278626127,1784975771.6609955,12289.240234375,nan,nan,56.81003952026367,nan
17.082841396331787,1784975771.7269983,BSMC,circle,circle_bsmc_5laps_set01,1784975771.689226,0.19500379510666313,0.9162475464801493,2.9651521230141156,0.09574990386582184,0.12278476703639375,1784975771.6465468,0.1960186324110735,0.9166356124334845,2.959856641877599,0.08045148849487305,0,0,1784975771.7233326,0.20610156526624035,0.9097578590046678,2.9958496537631683,1784975771.7233636,-0.012064586082632828,0.004440980601057201,0.03069753074905268,-0.011159947555680925,0.004942124820748064,0.03599301188556936,1784975771.7233977,0.09362845404251594,0.11995224453983341,1784975771.7048106,12289.283203125,nan,nan,43.822509765625,nan
17.123809099197388,1784975771.767966,BSMC,circle,circle_bsmc_5laps_set01,1784975771.73895,0.19072283498199585,0.9170028585661106,2.9711050024041716,0.09268257182451581,0.12225714063301003,1784975771.6465468,0.1960186324110735,0.9166356124334845,2.959856641877599,0.12141919136047363,0,0,1784975771.763268,0.2018347707438719,0.9103747624891919,3.000160817665451,1784975771.7633004,-0.012075378895696638,0.004646719112049871,0.029055815261279427,-0.006851923660401796,0.005106549645623841,0.04030417578785217,1784975771.763338,0.0936209394764293,0.1180864116842642,1784975771.7603114,12289.3388671875,nan,nan,55.590885162353516,nan
17.162864923477173,1784975771.8070219,BSMC,circle,circle_bsmc_5laps_set01,1784975771.789209,0.1858322186214048,0.9179341076210089,2.9769159494902966,0.08995308458913737,0.12092527176421594,1784975771.7665794,0.18431385567186997,0.9187970225523163,2.9748951027783033,0.040442466735839844,0,0,1784975771.803534,0.19755020482859298,0.9109753560300184,3.00448727659642,1784975771.8035798,-0.012700230257286456,0.0049436399412649485,0.027571327106123533,-0.014350690752861908,0.005516981158245959,0.02959217381811685,1784975771.8036237,0.09288377966872007,0.116862205728585,1784975771.805316,12289.3837890625,nan,nan,44.857486724853516,nan
17.202842235565186,1784975771.8469992,BSMC,circle,circle_bsmc_5laps_set01,1784975771.8390446,0.1814009511328871,0.9186629411983254,2.983066864046772,0.09000624744584518,0.12133096734694043,1784975771.7665794,0.18431385567186997,0.9187970225523163,2.9748951027783033,0.08041977882385254,0,0,1784975771.8436937,0.1932517230310874,0.9115589239110594,3.008825193924301,1784975771.8437326,-0.012823635024212458,0.005144146281623322,0.025758329877529018,-0.010014964619970049,0.005654735054118582,0.033930091145997654,1784975771.8438342,0.09274251866307442,0.11620014611176652,1784975771.805316,12289.3837890625,nan,nan,44.857486724853516,nan
17.243103504180908,1784975771.8872604,BSMC,circle,circle_bsmc_5laps_set01,1784975771.8390446,0.1814009511328871,0.9186629411983254,2.983066864046772,0.09000624744584518,0.12133096734694043,1784975771.8544984,0.1764580221756767,0.9200996171255584,2.983375963556164,0.03276205062866211,0,0,1784975771.883527,0.1889951081043202,0.9121181104997176,3.013118384880417,1784975771.883572,-0.008532118776825762,0.0052639318155103376,0.03005152083364493,-0.013638041166126975,0.005906505290910879,0.029742421324252977,1784975771.8836217,0.09782361161106262,0.11793494455129996,1784975771.8650396,12289.443359375,nan,nan,59.75727081298828,nan
17.282817363739014,1784975771.9269743,BSMC,circle,circle_bsmc_5laps_set01,1784975771.8894958,0.17619595229478147,0.9195901236906763,2.9885413433443957,0.0913705832796561,0.11995529396571894,1784975771.8544984,0.1764580221756767,0.9200996171255584,2.983375963556164,0.07247591018676758,0,0,1784975771.9229476,0.18475933192222338,0.9126561213273793,3.0173881955569914,1784975771.9229896,-0.009520397666956578,0.005547421714716063,0.028846852212595753,-0.009370402961561117,0.006042592286725005,0.03401223200082759,1784975771.9230363,0.09665435547764005,0.11902530999357169,1784975771.9058924,12289.484375,nan,nan,41.02683639526367,nan
17.322946310043335,1784975771.9671032,BSMC,circle,circle_bsmc_5laps_set01,1784975771.9394841,0.1713585700735612,0.920327718909025,2.9949536429321535,0.09375501266294098,0.12131513733735338,1784975771.8544984,0.1764580221756767,0.9200996171255584,2.983375963556164,0.11260485649108887,0,0,1784975771.962784,0.18047684082812143,0.9131813979003522,3.021702784103744,1784975771.9628172,-0.010064589087852295,0.005737317492099447,0.02674914117159055,-0.005058639698653525,0.006198614765288847,0.03832682054758019,1784975771.9628546,0.09601469716261755,0.11910301932275096,1784975771.9058924,12289.484375,nan,nan,41.02683639526367,nan
17.363139152526855,1784975772.007296,BSMC,circle,circle_bsmc_5laps_set01,1784975771.9893522,0.16557769638523764,0.92124316555887,3.002322150520285,0.09626816459606004,0.12377283628824778,1784975771.9678252,0.16332212755260883,0.9221671512298255,3.0027437593646504,0.03947091102600098,0,0,1784975772.003065,0.17616654578770496,0.9136911614760201,3.0260431218570405,1784975772.0030973,-0.011534697804668774,0.006008930344951796,0.023720971336755436,-0.013893907084004366,0.006616708248497657,0.023299362492390063,1784975772.0031354,0.09427793016861107,0.1185023704519537,1784975771.9682078,12289.546875,nan,nan,62.11246109008789,nan
17.40436601638794,1784975772.048523,BSMC,circle,circle_bsmc_5laps_set01,1784975772.0391638,0.16079055545549412,0.9219027836780938,3.0088910352686336,0.09654077073322527,0.1251041471141097,1784975772.0439372,0.15580406556882154,0.9230779344775304,3.005856448269215,0.004585742950439453,0,0,1784975772.0426948,0.17189348754257072,0.9141778106106961,3.03034380583226,1784975772.0427299,-0.012027426109907076,0.006187998949012457,0.021452770563626267,-0.017145793908773896,0.006641043256312058,0.024487357563044654,1784975772.0427678,0.09369859420694014,0.11738424384903329,1784975772.0074384,12289.5859375,nan,nan,39.44795227050781,nan
17.44349980354309,1784975772.0876567,BSMC,circle,circle_bsmc_5laps_set01,1784975772.0391638,0.16079055545549412,0.9219027836780938,3.0088910352686336,0.09654077073322527,0.1251041471141097,1784975772.0439372,0.15580406556882154,0.9230779344775304,3.005856448269215,0.04371953010559082,0,0,1784975772.0830147,0.16759011114807454,0.9146491122630496,3.034672916931503,1784975772.083057,-0.007699525675799687,0.00629023139332992,0.025781881662869655,-0.012818223634629387,0.006756408600150173,0.02881646866228804,1784975772.0831032,0.09882477091823932,0.11912409294203558,1784975772.0564172,12289.634765625,nan,nan,48.773643493652344,nan
17.483042001724243,1784975772.127199,BSMC,circle,circle_bsmc_5laps_set01,1784975772.089789,0.15532229823332036,0.922714113948806,3.0149115111186204,0.09591655599185123,0.1259944996470588,1784975772.0439372,0.15580406556882154,0.9230779344775304,3.005856448269215,0.08326172828674316,0,0,1784975772.1235015,0.16327354152109153,0.9151029320669234,3.0390132804340055,1784975772.1235392,-0.008849143716855313,0.006545610356480434,0.024101769315385102,-0.008479947119572466,0.006890880299350859,0.03315683216479037,1784975772.123581,0.09746469958119719,0.11803953096633786,1784975772.1065452,12289.685546875,nan,nan,50.248008728027344,nan
17.522722482681274,1784975772.1668794,BSMC,circle,circle_bsmc_5laps_set01,1784975772.1387537,0.15095812390150135,0.9232620475388784,3.0209655128972455,0.09368378674964889,0.12561085194350588,1784975772.0439372,0.15580406556882154,0.9230779344775304,3.005856448269215,0.12294220924377441,0,0,1784975772.1633575,0.1589477652985034,0.9155387293918185,3.043360956711166,1784975772.1633942,-0.008860967638779438,0.00670576359245524,0.022395443813920668,-0.004134987489306347,0.007044454540850307,0.03750450844195097,1784975772.1634352,0.09745494852596671,0.11651495171732529,1784975772.1562996,12289.7353515625,nan,nan,49.732940673828125,nan
17.562678337097168,1784975772.2068353,BSMC,circle,circle_bsmc_5laps_set01,1784975772.1896145,0.14588320884299674,0.9239586686913037,3.0267762787001344,0.09227114718455345,0.12412928355601278,1784975772.1669781,0.14506331915388487,0.9245597186469265,3.0236468703034323,0.03985714912414551,0,0,1784975772.2028487,0.1547046561887051,0.9159477534017876,3.0476237378543547,1784975772.202882,-0.009681130202865377,0.0069475474121503,0.02084745915422026,-0.0105877450033951,0.0074176128872811675,0.02397686755092243,1784975772.2029197,0.09648503000532635,0.11597783924264046,1784975772.2064495,12289.78515625,nan,nan,50.268333435058594,nan
17.60261845588684,1784975772.2467754,BSMC,circle,circle_bsmc_5laps_set01,1784975772.2394664,0.14149561741699818,0.9244648978760127,3.032260743808003,0.09088858222008978,0.12180354826889962,1784975772.245926,0.1355297364775097,0.9258717332061299,3.043253563094502,0.0008494853973388672,0,0,1784975772.2426584,0.15041273085674312,0.9163429227179792,3.0519338202899626,1784975772.2427363,-0.009750094315810027,0.007100496700780994,0.019673076481959484,-0.015746633762517098,0.008021550732903225,0.008680257195460506,1784975772.242794,0.09640573910452326,0.11584136776609882,1784975772.2064495,12289.78515625,nan,nan,50.268333435058594,nan
17.64282488822937,1784975772.2869818,BSMC,circle,circle_bsmc_5laps_set01,1784975772.2394664,0.14149561741699818,0.9244648978760127,3.032260743808003,0.09088858222008978,0.12180354826889962,1784975772.245926,0.1355297364775097,0.9258717332061299,3.043253563094502,0.041055917739868164,0,0,1784975772.2830489,0.14607932481043995,0.9167229957063384,3.056283865494125,1784975772.2830815,-0.005401090723397158,0.007195529283599193,0.024023121686121755,-0.011396848283799874,0.008068770726104253,0.013030302399622775,1784975772.283133,0.10155774284977298,0.11758569747773148,1784975772.258082,12289.8369140625,nan,nan,51.488319396972656,nan
17.682764291763306,1784975772.3269212,BSMC,circle,circle_bsmc_5laps_set01,1784975772.2892964,0.1357456013487771,0.9251297267145665,3.0413354689009964,0.09410700723338795,0.12707282339969847,1784975772.245926,0.1355297364775097,0.9258717332061299,3.043253563094502,0.08099532127380371,0,0,1784975772.3231797,0.14175598394445732,0.9170832671096679,3.060622194809311,1784975772.3232186,-0.006785565814875245,0.007404478894001701,0.019286725908314484,-0.007059023489404291,0.00813470842897101,0.017368631714808735,1784975772.3232605,0.09992544719939087,0.11557247474980223,1784975772.3065827,12289.8857421875,nan,nan,48.62772750854492,nan
17.723142623901367,1784975772.3672996,BSMC,circle,circle_bsmc_5laps_set01,1784975772.339246,0.13053701040397103,0.9256404650637884,3.0486207703424255,0.0980462884187193,0.13014192980481182,1784975772.245926,0.1355297364775097,0.9258717332061299,3.043253563094502,0.12137365341186523,0,0,1784975772.3631368,0.1374554337044268,0.9174229120009696,3.0649361396259,1784975772.3631742,-0.007651445415846025,0.007539770709568086,0.016315369283474546,-0.0027459043352172485,0.008218935390204631,0.021682576531397935,1784975772.3632145,0.09890336028140578,0.11536891519399653,1784975772.3573582,12289.9365234375,nan,nan,50.57836151123047,nan
17.762661933898926,1784975772.4068189,BSMC,circle,circle_bsmc_5laps_set01,1784975772.3889668,0.12431463050972491,0.9262716033347973,3.0563586423235103,0.0997638620160826,0.13116364840187392,1784975772.36841,0.12046781938096582,0.9272152306058012,3.0589866508320473,0.038408756256103516,0,0,1784975772.4029233,0.13317130715573178,0.9177427078013948,3.069232188743942,1784975772.4029624,-0.009550597062895058,0.007743957384557157,0.012873546420431927,-0.01344176732476855,0.008392030809667784,0.010245537911894864,1784975772.4029987,0.09665449208727743,0.11468947917881742,1784975772.3573582,12289.9365234375,nan,nan,50.57836151123047,nan
17.802711486816406,1784975772.4468684,BSMC,circle,circle_bsmc_5laps_set01,1784975772.4396262,0.11936272263865685,0.9266882573261053,3.0628217645464018,0.09911638369650447,0.13055587887828246,1784975772.4442291,0.11222150871169549,0.9278100671731951,3.0666581521163767,0.002639293670654297,0,0,1784975772.443075,0.12882750512395402,0.9180480712762721,3.0735867143100433,1784975772.4431055,-0.010115325396359058,0.007868615799204679,0.010764949763641509,-0.017290221293559793,0.008491403202958705,0.006928562193666554,1784975772.4431417,0.09598685107120833,0.11388709664057285,1784975772.4069672,12289.986328125,nan,nan,49.74793243408203,nan
17.843470335006714,1784975772.4876273,BSMC,circle,circle_bsmc_5laps_set01,1784975772.4396262,0.11936272263865685,0.9266882573261053,3.0628217645464018,0.09911638369650447,0.13055587887828246,1784975772.4442291,0.11222150871169549,0.9278100671731951,3.0666581521163767,0.043398141860961914,0,0,1784975772.483227,0.12452794969542347,0.91833161337981,3.07789561228215,1784975772.483261,-0.0058067903533130984,0.007924282578617322,0.015073847735748382,-0.01298150439788664,0.008530540402985473,0.011237460165773427,1784975772.483297,0.10109507015512731,0.11559519206441414,1784975772.456526,12290.03515625,nan,nan,49.506736755371094,nan
17.882686614990234,1784975772.5268435,BSMC,circle,circle_bsmc_5laps_set01,1784975772.4888947,0.11355948176044649,0.9272017091493596,3.0698382824846324,0.09824628030835204,0.1309586344520386,1784975772.4442291,0.11222150871169549,0.9278100671731951,3.0666581521163767,0.08261442184448242,0,0,1784975772.5226643,0.12025923934961458,0.9185947217887006,3.0821724267429045,1784975772.5227447,-0.0072995766406284725,0.008104515040873858,0.012334144258272062,-0.008705075781253005,0.00858774475668148,0.015514274626527769,1784975772.5227804,0.09932718755153339,0.11411634887418623,1784975772.5079765,12290.0869140625,nan,nan,51.529579162597656,nan
17.922651052474976,1784975772.566808,BSMC,circle,circle_bsmc_5laps_set01,1784975772.539429,0.10859639852448662,0.9275465948660164,3.0767812741093126,0.09832006254874916,0.13202241966359946,1784975772.4442291,0.11222150871169549,0.9278100671731951,3.0666581521163767,0.12257885932922363,0,0,1784975772.563134,0.11589166713062027,0.9188449637176364,3.0865471654361416,1784975772.5631678,-0.007843522004113377,0.008210876399574336,0.009765891326829035,-0.004331025966368038,0.008665180717533957,0.019889013319764892,1784975772.563206,0.09868458929984501,0.11285413571532707,1784975772.5600102,12290.138671875,nan,nan,52.09823989868164,nan
17.96287250518799,1784975772.6070294,BSMC,circle,circle_bsmc_5laps_set01,1784975772.5889976,0.10303218580993535,0.9279563476221763,3.08333180064527,0.09830787198541106,0.13191805015158792,1784975772.5670874,0.10147243132585035,0.92840056896969,3.0807990108772505,0.039942026138305664,0,0,1784975772.6028457,0.11161456555866955,0.9190714505791238,3.0908302627032924,1784975772.6028817,-0.009085167055633487,0.008370088242566985,0.007498462058022515,-0.010690199817164197,0.008695686552011153,0.01003125182604192,1784975772.6029198,0.09721287046479492,0.11214987973066855,1784975772.5600102,12290.138671875,nan,nan,52.09823989868164,nan
18.002679586410522,1784975772.6468365,BSMC,circle,circle_bsmc_5laps_set01,1784975772.6391315,0.09841828314499225,0.9282219023879275,3.0893931933054457,0.09601751653126277,0.13009809768964595,1784975772.644164,0.09403688501533514,0.9290994420192165,3.0941865574167484,0.002672433853149414,0,0,1784975772.64305,0.10727210095675033,0.9192826110161636,3.095177861732834,1784975772.643091,-0.009308172485995962,0.00846516066262443,0.00578466842738834,-0.013685550068941971,0.009178607261936478,0.0009913043160856285,1784975772.6431313,0.09694939229516558,0.11109928907041063,1784975772.6071715,12290.185546875,nan,nan,46.67732238769531,nan
18.042922973632812,1784975772.68708,BSMC,circle,circle_bsmc_5laps_set01,1784975772.6391315,0.09841828314499225,0.9282219023879275,3.0893931933054457,0.09601751653126277,0.13009809768964595,1784975772.644164,0.09403688501533514,0.9290994420192165,3.0941865574167484,0.04291582107543945,0,0,1784975772.6828487,0.1029848171734018,0.9194725290596996,3.0994693532413176,1784975772.6828833,-0.005016819218968701,0.008499193584894645,0.010076159935871853,-0.009394082970051596,0.009192069853262893,0.005282795824569142,1784975772.6829212,0.10203955306752174,0.11278944784713855,1784975772.6571765,12290.236328125,nan,nan,50.3620491027832,nan
18.083077907562256,1784975772.7272348,BSMC,circle,circle_bsmc_5laps_set01,1784975772.6892223,0.09331686032829246,0.9285474403354783,3.0963849205633616,0.09354152502399718,0.12964357484053288,1784975772.644164,0.09403688501533514,0.9290994420192165,3.0941865574167484,0.08307075500488281,0,0,1784975772.7229667,0.09866269026269336,0.9196453354406728,3.1037949366992645,1784975772.7230084,-0.005742675037521486,0.008651419112439525,0.007410016135902975,-0.005068622781927059,0.009224276040941027,0.009608379282516122,1784975772.7230499,0.10118047969371588,0.11081887140807775,1784975772.7067142,12290.28515625,nan,nan,49.573402404785156,nan
18.12299370765686,1784975772.7671506,BSMC,circle,circle_bsmc_5laps_set01,1784975772.7390127,0.08875756970282211,0.9287442742331397,3.102968767752622,0.09284635138889875,0.13006523935366016,1784975772.7650743,0.08021943290438474,0.9296302180954354,3.110166062097974,0.002076387405395508,0,0,1784975772.7626786,0.0943600580989058,0.9197987678882916,3.108100307030075,1784975772.7627106,-0.0059437343233146,0.00872249862641552,0.005131539277452912,-0.014442561025835876,0.009382277180006914,-0.0020657550678988557,1784975772.7627487,0.1009433653957967,0.10949404017612153,1784975772.7620466,12290.33984375,nan,nan,54.337867736816406,nan
18.162918090820312,1784975772.807075,BSMC,circle,circle_bsmc_5laps_set01,1784975772.789047,0.08278949779116587,0.9290272015943786,3.1106786935553767,0.09577065037040272,0.13237482385700522,1784975772.7650743,0.08021943290438474,0.9296302180954354,3.110166062097974,0.042000770568847656,0,0,1784975772.8030162,0.09002087462936348,0.9199347229034248,3.1124416232532193,1784975772.803055,-0.007508961452042527,0.008864619429688353,0.0017629296978425304,-0.01010124823578209,0.009382732596933827,0.0022755611552454096,1784975772.8031,0.09908669492872853,0.10893363470973913,1784975772.7620466,12290.33984375,nan,nan,54.337867736816406,nan
18.202757596969604,1784975772.8469145,BSMC,circle,circle_bsmc_5laps_set01,1784975772.8392599,0.07775605256000283,0.9291892496555492,3.1163479554820293,0.09757711622485118,0.12907144333622145,1784975772.7650743,0.08021943290438474,0.9296302180954354,3.110166062097974,0.08184027671813965,0,0,1784975772.843128,0.08568044681362175,0.9200518561753784,3.116783634704941,1784975772.8431664,-0.008152515539964765,0.008934454335262347,0.00043567922291165573,-0.005759283119829964,0.009402039562463025,0.006617572606967049,1784975772.8432074,0.09832295380397718,0.11058550873660111,1784975772.820417,12290.3984375,nan,nan,58.59865188598633,nan
18.243484497070312,1784975772.8876414,BSMC,circle,circle_bsmc_5laps_set01,1784975772.8392599,0.07775605256000283,0.9291892496555492,3.1163479554820293,0.09757711622485118,0.12907144333622145,1784975772.85268,0.07119637386264809,0.9300927293318071,3.1198054002153204,0.03496146202087402,0,0,1784975772.8832974,0.08136133058201778,0.9201496961592345,3.1211038623279266,1784975772.8833385,-0.0038323058318741493,0.008945668730717818,0.004755906845897329,-0.010379158486421302,0.009719224397619757,0.0012984621126062022,1784975772.8833826,0.10344983157277153,0.11227506186221592,1784975772.8579037,12290.4365234375,nan,nan,38.3040657043457,nan
18.28325843811035,1784975772.9274154,BSMC,circle,circle_bsmc_5laps_set01,1784975772.8894799,0.07153739151717527,0.9294331670377423,3.1235704421286368,0.10157718797078921,0.13089002697352173,1784975772.85268,0.07119637386264809,0.9300927293318071,3.1198054002153204,0.07473540306091309,0,0,1784975772.9230044,0.07709293744050705,0.9202280480423218,3.1253729777759247,1784975772.9230373,-0.005720531347466867,0.009103506320574902,0.0018025356472879393,-0.006110071437397376,0.009733880315719633,0.005567577560604331,1784975772.9230745,0.10120955383732731,0.11256928008959968,1784975772.9087553,12290.4873046875,nan,nan,50.216251373291016,nan
18.323108673095703,1784975772.9672656,BSMC,circle,circle_bsmc_5laps_set01,1784975772.9393132,0.06606013564145673,0.9295127945120341,3.131286364677355,0.10466839690510994,0.13479644088980303,1784975772.85268,0.07119637386264809,0.9300927293318071,3.1198054002153204,0.11458563804626465,0,0,1784975772.9631777,0.07274432883524773,0.9202891289420699,3.129722018761032,1784975772.9632149,-0.006778898280100302,0.009154287700663375,-0.001564345916323262,-0.0017611642199079167,0.00976755065455852,0.009916618545711575,1784975772.9632578,0.099953315593928,0.11132552399319291,1784975772.9579206,12290.537109375,nan,nan,49.6986083984375,nan
18.362903118133545,1784975773.00706,BSMC,circle,circle_bsmc_5laps_set01,1784975772.989305,0.06032212318646226,0.9296064195463306,3.1377350027818385,0.10414703826655794,0.13338308130519866,1784975772.9676929,0.05949707371346122,0.9298819048563188,3.135917417986971,0.0393671989440918,0,0,1784975773.0034862,0.06837008196217464,0.9203314878792945,3.1340964742129973,1784975773.0035203,-0.008083678251956425,0.009243816517142763,-0.0036385285688411706,-0.008927065932342269,0.00949990703409168,-0.0018209437739735712,1784975773.0035577,0.09840395901564852,0.11087278545179756,1784975772.9579206,12290.537109375,nan,nan,49.6986083984375,nan
18.40271520614624,1784975773.0468721,BSMC,circle,circle_bsmc_5laps_set01,1784975773.0390713,0.055254622476545535,0.9296178197631044,-3.1388971285088934,0.10326379887108078,0.1330973276352606,1784975773.0445466,0.05184404467322823,0.9296557887929265,3.1412266513452454,0.0023255348205566406,0,0,1784975773.04288,0.06411496136589745,0.9203543320830861,3.1383516593402554,1784975773.0429268,-0.008835336767260464,0.00928733726323685,-0.00593651933043773,-0.012274320224735052,0.009296964903887888,-0.0028749920049899735,1784975773.0429697,0.09751055218071582,0.10968440943043523,1784975773.0081022,12290.5869140625,nan,nan,50.1130256652832,nan
18.443157196044922,1784975773.0873141,BSMC,circle,circle_bsmc_5laps_set01,1784975773.0390713,0.055254622476545535,0.9296178197631044,-3.1388971285088934,0.10326379887108078,0.1330973276352606,1784975773.0445466,0.05184404467322823,0.9296557887929265,3.1412266513452454,0.04276752471923828,0,0,1784975773.082992,0.059788971807449465,0.9203589954866122,-3.1405076523940796,1784975773.0830271,-0.004509375495116339,0.009271013077419092,-0.0016105238851862325,-0.007948329249220626,0.009293884822527163,0.001451003440261079,1784975773.0830677,0.1026472312228192,0.11136061752607168,1784975773.0623116,12290.640625,nan,nan,54.163387298583984,nan
18.482741355895996,1784975773.1268983,BSMC,circle,circle_bsmc_5laps_set01,1784975773.0889668,0.04966936972378993,0.9296241436128188,-3.1328171211362745,0.10324409525048199,0.13319516994354796,1784975773.0445466,0.05184404467322823,0.9296557887929265,3.1412266513452454,0.0823516845703125,0,0,1784975773.1236603,0.05540156585678413,0.9203446103694225,-3.1361202193420166,1784975773.1237004,-0.005650543616340192,0.009329478364959478,-0.003303098205742039,-0.003560928857403629,0.009309875739143153,0.005838436492324095,1784975773.1237438,0.101292215563221,0.11070331347261746,1784975773.1082928,12290.6875,nan,nan,46.000511169433594,nan
18.522993087768555,1784975773.16715,BSMC,circle,circle_bsmc_5laps_set01,1784975773.1389866,0.04447064984528544,0.9295732365517207,-3.1263567504703977,0.1034864275299456,0.13252208306341687,1784975773.1656992,0.03787983439467077,0.9298257390381344,-3.1161811476484065,0.0014507770538330078,0,0,1784975773.163012,0.051156986261504556,0.920312373072311,-3.131875514141821,1784975773.1630511,-0.006544468212480681,0.009361657057965432,-0.0055187636714233435,-0.013031142334135892,0.009847650641759515,-0.015694366493414602,1784975773.1630938,0.10023007157132681,0.11023378304347126,1784975773.1631625,12290.7421875,nan,nan,54.953094482421875,nan
18.562710285186768,1784975773.2068672,BSMC,circle,circle_bsmc_5laps_set01,1784975773.1889741,0.038526947696069805,0.9294834328937075,-3.1179976344106946,0.10493356025645997,0.13520221521426543,1784975773.1656992,0.03787983439467077,0.9298257390381344,-3.1161811476484065,0.0411679744720459,0,0,1784975773.2032287,0.046810805121646926,0.9202606928681757,-3.1275290223281615,1784975773.2032685,-0.008063961080786771,0.009415612519289008,-0.009531387917466994,-0.00868505124986339,0.00978888303877376,-0.011347874679755066,1784975773.20331,0.09842317247704138,0.1083905719782679,1784975773.1631625,12290.7421875,nan,nan,54.953094482421875,nan
18.602901697158813,1784975773.2470586,BSMC,circle,circle_bsmc_5laps_set01,1784975773.2392757,0.033343269671039684,0.9293544619806543,-3.1114105542317003,0.10421694052602082,0.13448708966110462,1784975773.1656992,0.03787983439467077,0.9298257390381344,-3.1161811476484065,0.0813593864440918,0,0,1784975773.2434068,0.04251702299477356,0.9201910811008238,-3.1232346726577513,1784975773.2434642,-0.00889304710037751,0.009436048561979129,-0.011824118426051022,-0.004390886642308858,0.009749372604239625,-0.007053525009344863,1784975773.243526,0.0974364034518781,0.1074200132800335,1784975773.2087662,12290.787109375,nan,nan,45.06439208984375,nan
18.643052577972412,1784975773.2872095,BSMC,circle,circle_bsmc_5laps_set01,1784975773.2392757,0.033343269671039684,0.9293544619806543,-3.1114105542317003,0.10421694052602082,0.13448708966110462,1784975773.2495933,0.02914183751133937,0.9297074728842317,-3.105802869156068,0.03761625289916992,0,0,1784975773.2833266,0.03815778135816439,0.9201015381299,-3.1188745080154177,1784975773.2833598,-0.004533088673971528,0.009393999661870796,-0.0074639537837173356,-0.008666449218856129,0.009922393052614241,-0.013071638859349475,1784975773.2833996,0.10261621538523369,0.10909143726741358,1784975773.2673438,12290.8447265625,nan,nan,57.99298858642578,nan
18.682832956314087,1784975773.32699,BSMC,circle,circle_bsmc_5laps_set01,1784975773.2891755,0.027707182684391745,0.929214637879827,-3.103854512539736,0.10380959533536087,0.1352852187332196,1784975773.2495933,0.02914183751133937,0.9297074728842317,-3.105802869156068,0.07739663124084473,0,0,1784975773.323531,0.033810194119320514,0.9199932929577759,-3.114525570027136,1784975773.3235667,-0.005750752275675842,0.009445040974507176,-0.010671057487400049,-0.004317772869527603,0.009875002911898825,-0.008722700871067968,1784975773.3236067,0.10116770804785619,0.10738005207124526,1784975773.3096495,12290.8876953125,nan,nan,42.49147033691406,nan
18.722840785980225,1784975773.3669977,BSMC,circle,circle_bsmc_5laps_set01,1784975773.3394067,0.022597279329410837,0.9290115977387942,-3.09701439181711,0.10307409019982826,0.13543867775412094,1784975773.36488,0.01659141316962358,0.929140120712631,-3.0902817896892114,0.002117633819580078,0,0,1784975773.363595,0.02949029650043622,0.9198669952097114,-3.110203823200964,1784975773.3636336,-0.006478653845991314,0.009442694820800885,-0.013189431383854089,-0.012406303613873805,0.009922483480217827,-0.0199220335117527,1784975773.3636734,0.10030044412157622,0.10596978364697106,1784975773.3096495,12290.8876953125,nan,nan,42.49147033691406,nan
18.763049125671387,1784975773.407206,BSMC,circle,circle_bsmc_5laps_set01,1784975773.389523,0.017019629692430656,0.9287901208013609,-3.0895307657986493,0.10207651582123199,0.13621180724601087,1784975773.36488,0.01659141316962358,0.929140120712631,-3.0902817896892114,0.04232597351074219,0,0,1784975773.403163,0.025227236984607826,0.9197240372536548,-3.1059383641402953,1784975773.403206,-0.007724702456984619,0.00948091031007271,-0.016407598341646068,-0.008141522690663799,0.009846607991956415,-0.015656574451083923,1784975773.4032497,0.0988162412083873,0.10397016391194516,1784975773.367294,12290.9453125,nan,nan,58.137813568115234,nan
18.802693128585815,1784975773.44685,BSMC,circle,circle_bsmc_5laps_set01,1784975773.4390657,0.012186720788824244,0.9285328436321557,-3.083155360283648,0.10038740353296466,0.13495266669627115,1784975773.36488,0.01659141316962358,0.929140120712631,-3.0902817896892114,0.0819699764251709,0,0,1784975773.4437735,0.020945966905058455,0.9195621433174654,-3.1016540309112304,1784975773.443809,-0.008220369188454014,0.009466962927267866,-0.01849867062758248,-0.0038575839756958327,0.009788709572131885,-0.011372241222018964,1784975773.443846,0.09822394345624602,0.10276111868300006,1784975773.4089298,12290.98828125,nan,nan,42.23223876953125,nan
18.842973709106445,1784975773.4871306,BSMC,circle,circle_bsmc_5laps_set01,1784975773.4390657,0.012186720788824244,0.9285328436321557,-3.083155360283648,0.10038740353296466,0.13495266669627115,1784975773.4474564,0.007930665679418927,0.9286149279142257,-3.0797149858818806,0.03967428207397461,0,0,1784975773.4832866,0.016580772092298135,0.9193781586883961,-3.0972849570434327,1784975773.4833248,-0.003851880198912543,0.009395688490487787,-0.014129596759784757,-0.008062366656993402,0.009753998696615045,-0.017569971161552015,1784975773.4833665,0.10341703752600401,0.1044153727838627,1784975773.4585443,12291.037109375,nan,nan,49.497928619384766,nan
18.882791757583618,1784975773.5269487,BSMC,circle,circle_bsmc_5laps_set01,1784975773.4892251,0.006937378903495028,0.928260808070765,-3.0771587611456623,0.09792859969019159,0.1310415767751063,1784975773.4474564,0.007930665679418927,0.9286149279142257,-3.0797149858818806,0.07949233055114746,0,0,1784975773.523043,0.012277839147078806,0.9191780940384345,-3.0929773722808593,1784975773.5230837,-0.004744548265997224,0.009407734666646132,-0.015818611135197003,-0.0037552970814524337,0.009687594881457477,-0.013262386398978697,1784975773.5231276,0.10235470915327789,0.10397163918165041,1784975773.5090773,12291.087890625,nan,nan,50.50997543334961,nan
18.9230535030365,1784975773.5672104,BSMC,circle,circle_bsmc_5laps_set01,1784975773.5396454,0.0019572241103583987,0.9279354299931523,-3.0708111673066334,0.09832965138355351,0.13019101821193566,1784975773.4474564,0.007930665679418927,0.9286149279142257,-3.0797149858818806,0.11975407600402832,0,0,1784975773.564629,0.007834668934553868,0.9189520095906014,-3.088528450123572,1784975773.5646703,-0.005227398879513566,0.00937659323767909,-0.017717282816938518,0.0006933503907798478,0.00963848904858353,-0.008813464241691271,1784975773.5647135,0.10177812725945573,0.10369882367153202,1784975773.5601144,12291.138671875,nan,nan,51.07544708251953,nan
18.96275234222412,1784975773.6069093,BSMC,circle,circle_bsmc_5laps_set01,1784975773.589548,-0.0035832348644047217,0.92755503730218,-3.0645427128274605,0.10019451275649038,0.12984452118343945,1784975773.569462,-0.003682738107969069,0.9276169557333529,-3.0676615441266946,0.037447214126586914,0,0,1784975773.6033335,0.0036204650192657173,0.9187192566872978,-3.084307820431494,1784975773.603373,-0.006502204421964249,0.00936406155166178,-0.019765107604033716,-0.006626035584302583,0.009412835739955175,-0.016646276304799642,1784975773.6034143,0.10026078842604189,0.103923386766638,1784975773.5601144,12291.138671875,nan,nan,51.07544708251953,nan
19.002591133117676,1784975773.646748,BSMC,circle,circle_bsmc_5laps_set01,1784975773.639281,-0.00870156853296921,0.9271575810868583,-3.058436862888946,0.10150681554250993,0.1287683451705002,1784975773.6459942,-0.013314854938441749,0.9267217155467307,-3.0556579551198864,0.0007538795471191406,0,0,1784975773.642843,-0.0006468699013837398,0.9184653830588125,-3.0800329371612305,1784975773.6428816,-0.007304892148816015,0.00933118573915415,-0.021596074272284493,-0.011912606212953949,0.00931314577708676,-0.02437498204134414,1784975773.6429253,0.09930390891528569,0.10423119656483577,1784975773.611273,12291.1884765625,nan,nan,49.75709915161133,nan
19.043644666671753,1784975773.6878016,BSMC,circle,circle_bsmc_5laps_set01,1784975773.639281,-0.00870156853296921,0.9271575810868583,-3.058436862888946,0.10150681554250993,0.1287683451705002,1784975773.6459942,-0.013314854938441749,0.9267217155467307,-3.0556579551198864,0.04180741310119629,0,0,1784975773.683362,-0.004997251981595063,0.9181877164693749,-3.075673699490332,1784975773.6834025,-0.002946479616609008,0.00924655018034686,-0.017236836601385974,-0.007554445703391726,0.00921639893421285,-0.020015744370445617,1784975773.6834495,0.10448648523136661,0.10587210831816299,1784975773.6596065,12291.2373046875,nan,nan,48.89456558227539,nan
19.08292293548584,1784975773.7270799,BSMC,circle,circle_bsmc_5laps_set01,1784975773.6893446,-0.01454864314165431,0.926653003393135,-3.0519345385555514,0.10279727469010969,0.1278930217484895,1784975773.6459942,-0.013314854938441749,0.9267217155467307,-3.0556579551198864,0.0810856819152832,0,0,1784975773.7239118,-0.009334130258161322,0.9178919506260396,-3.0713267441909546,1784975773.7239518,-0.004409120769690124,0.009192760425369142,-0.019392205635403226,-0.0032081857265827953,0.009138843574468883,-0.01566878907106828,1784975773.7239923,0.102746067170229,0.10595894153297646,1784975773.7108464,12291.2880859375,nan,nan,50.4849739074707,nan
19.122938632965088,1784975773.7670956,BSMC,circle,circle_bsmc_5laps_set01,1784975773.7390437,-0.019429022726396832,0.9262219715768186,-3.046921166220708,0.10120909630655217,0.1234645641983484,1784975773.7655604,-0.028056971209826573,0.9254372741516279,-3.0336495868833815,0.001535177230834961,0,0,1784975773.7629113,-0.01357665173776934,0.9175842852120837,-3.067073078266882,1784975773.7629511,-0.005009642442243029,0.009152232215417938,-0.020151912046173948,-0.013550010618783446,0.009367299478948009,-0.033423491383500537,1784975773.7629955,0.102031625786981,0.10663911401116566,1784975773.7621744,12291.33984375,nan,nan,51.86320495605469,nan
19.1632981300354,1784975773.807455,BSMC,circle,circle_bsmc_5laps_set01,1784975773.788909,-0.025368801511657477,0.9256033078957793,-3.039040412575941,0.10096601094640806,0.12418410847344684,1784975773.7655604,-0.028056971209826573,0.9254372741516279,-3.0336495868833815,0.04189467430114746,0,0,1784975773.8032427,-0.017920990862560826,0.9172504275245189,-3.062715926281714,1784975773.8032784,-0.006553574882625445,0.009071446974943139,-0.02367551370577292,-0.009194988728908936,0.009231182891222616,-0.02906633939833236,1784975773.8033206,0.10019063941091086,0.10472010341600925,1784975773.7621744,12291.33984375,nan,nan,51.86320495605469,nan
19.202772617340088,1784975773.8469296,BSMC,circle,circle_bsmc_5laps_set01,1784975773.8391576,-0.03039741001026165,0.9250867984830681,-3.033502750000617,0.10080668767521345,0.12184876237180646,1784975773.7655604,-0.028056971209826573,0.9254372741516279,-3.0336495868833815,0.08136916160583496,0,0,1784975773.8431191,-0.02222549788756223,0.9169008416371696,-3.0583972436111204,1784975773.8431551,-0.007241123273921812,0.009019765571005842,-0.02489449361050333,-0.004877872653015267,0.009114994216298121,-0.02474765672773893,1784975773.8431966,0.09937132266829059,0.10509457920926972,1784975773.8096378,12291.388671875,nan,nan,48.66447448730469,nan
19.242851734161377,1784975773.8870087,BSMC,circle,circle_bsmc_5laps_set01,1784975773.8391576,-0.03039741001026165,0.9250867984830681,-3.033502750000617,0.10080668767521345,0.12184876237180646,1784975773.8541312,-0.03691555608141449,0.9246395483113106,-3.020966988163226,0.032877445220947266,0,0,1784975773.8829472,-0.026485515728141618,0.9165364357516032,-3.0541216651122802,1784975773.88299,-0.002966655074902043,0.008922475966942452,-0.020618915111663135,-0.009379176221914634,0.009299313325426758,-0.03315467694905428,1784975773.8830369,0.10445562369776591,0.1066935085995059,1784975773.861374,12291.4404296875,nan,nan,51.380916595458984,nan
19.283047199249268,1784975773.9272041,BSMC,circle,circle_bsmc_5laps_set01,1784975773.8892815,-0.036392215970912425,0.9244029454587325,-3.0251461589367628,0.10240744432174853,0.12412471832318304,1784975773.8541312,-0.03691555608141449,0.9246395483113106,-3.020966988163226,0.07307291030883789,0,0,1784975773.9228344,-0.030798243903920275,0.9161488211813574,-3.0497915497939823,1784975773.9228728,-0.004597095256776546,0.008848152703969516,-0.024645390857219507,-0.005051143345684859,0.009165146282170557,-0.02882456163075631,1784975773.922918,0.10251045024466603,0.10487074641584139,1784975773.9124753,12291.4912109375,nan,nan,51.368289947509766,nan
19.323395013809204,1784975773.967552,BSMC,circle,circle_bsmc_5laps_set01,1784975773.9391165,-0.04163436203332027,0.9237813115456192,-3.0187956221351535,0.1037280837489656,0.12465853606270758,1784975773.8541312,-0.03691555608141449,0.9246395483113106,-3.020966988163226,0.11342072486877441,0,0,1784975773.962829,-0.03508446868724935,0.9157449253171106,-3.0454863339584106,1784975773.9628582,-0.005516205966283937,0.008778159157602437,-0.026690711823257107,-0.0007474620934627679,0.009050331467568328,-0.024519345795184666,1784975773.9628935,0.10141379652046867,0.10443393165662623,1784975773.9626122,12291.5390625,nan,nan,47.51929473876953,nan
19.362731456756592,1784975774.0068884,BSMC,circle,circle_bsmc_5laps_set01,1784975773.9888153,-0.0475006345428076,0.9230690248741458,-3.0104528806764423,0.10260955928313847,0.1251828060930678,1784975773.9707017,-0.05049136379435519,0.923361928654311,-3.0015983292222277,0.03618669509887695,0,0,1784975774.0031095,-0.039413262163020546,0.9153181111281979,-3.0411365462463134,1784975774.0031443,-0.007004387985768316,0.008741899384646905,-0.03068366556987101,-0.009847308072515566,0.009510933701406637,-0.039538217024085665,1784975774.0031807,0.09963495513358923,0.101992100406642,1784975773.9626122,12291.5390625,nan,nan,47.51929473876953,nan
19.40343475341797,1784975774.0475917,BSMC,circle,circle_bsmc_5laps_set01,1784975774.0392592,-0.052600089408642164,0.9223954820807321,-3.0047329475539057,0.1023504337842875,0.12318309184100644,1784975773.9707017,-0.05049136379435519,0.923361928654311,-3.0015983292222277,0.0768899917602539,0,0,1784975774.0425959,-0.04367257860537199,0.9148795781634556,-3.036854710690283,1784975774.0426288,-0.00781861621645002,0.008663630953364934,-0.03212176313637727,-0.005568469633903112,0.00935084206045162,-0.03525638146805532,1784975774.0426648,0.09866358972771339,0.1020480577722112,1784975774.014899,12291.59375,nan,nan,54.89616775512695,nan
19.44310998916626,1784975774.087267,BSMC,circle,circle_bsmc_5laps_set01,1784975774.0392592,-0.052600089408642164,0.9223954820807321,-3.0047329475539057,0.1023504337842875,0.12318309184100644,1784975774.0494273,-0.059747187039680565,0.9220788034382966,-2.99140252619349,0.037839651107788086,0,0,1784975774.0831945,-0.048006741379337026,0.9144144065733952,-3.0324956532638305,1784975774.0832338,-0.0034615161226475982,0.008533130639149046,-0.027762705709924784,-0.010461485346128271,0.009334793407405069,-0.04109312707034052,1784975774.0832782,0.10384956157299216,0.10365626092614057,1784975774.0603173,12291.638671875,nan,nan,45.26533889770508,nan
19.48301935195923,1784975774.1271763,BSMC,circle,circle_bsmc_5laps_set01,1784975774.0892515,-0.05875227548844658,0.9215589983048849,-2.9959289440312364,0.10351572816291317,0.1261985457669377,1784975774.0494273,-0.059747187039680565,0.9220788034382966,-2.99140252619349,0.07774901390075684,0,0,1784975774.122957,-0.05230010152716402,0.9139347593651072,-3.0281755801360837,1784975774.1229925,-0.005277192320965571,0.008480024141770905,-0.03224663610484724,-0.006144689313864054,0.009166642227821006,-0.03677305394259367,1784975774.123031,0.10167982592143535,0.10112000001891,1784975774.1166067,12291.6953125,nan,nan,56.46678924560547,nan
19.522793292999268,1784975774.1669502,BSMC,circle,circle_bsmc_5laps_set01,1784975774.1387575,-0.06379947023095547,0.9208136401182921,-2.989929250139396,0.1033108406544568,0.12535451024415564,1784975774.0494273,-0.059747187039680565,0.9220788034382966,-2.99140252619349,0.1175229549407959,0,0,1784975774.1625974,-0.05655549896634238,0.9134408089570905,-3.023891607395911,1784975774.1626296,-0.006046911819500336,0.00838263779852822,-0.033962357256514863,-0.0018632884983550218,0.009018313444693267,-0.03248908120242078,1784975774.1626651,0.10076003580458529,0.1005745411876244,1784975774.161007,12291.740234375,nan,nan,44.34008026123047,nan
19.563070058822632,1784975774.207227,BSMC,circle,circle_bsmc_5laps_set01,1784975774.1889472,-0.0697794982886242,0.9199537845788529,-2.9816390755414828,0.10287332154448721,0.12753319363625124,1784975774.1710532,-0.07284763697134705,0.9202835339673296,-2.9765532556375245,0.03617382049560547,0,0,1784975774.2029893,-0.06087529370159861,0.9129204719599778,-3.0195405837218994,1784975774.2030225,-0.007670327127883588,0.00836172395344932,-0.0379015081804166,-0.010599975426459672,0.009229962429568696,-0.04298732808437489,1784975774.203061,0.09881775867156022,0.09782614873791148,1784975774.161007,12291.740234375,nan,nan,44.34008026123047,nan
19.602765560150146,1784975774.2469225,BSMC,circle,circle_bsmc_5laps_set01,1784975774.2391486,-0.07470917327890704,0.919149452144129,-2.975311664648722,0.10151623553826726,0.12727020219911164,1784975774.1710532,-0.07284763697134705,0.9202835339673296,-2.9765532556375245,0.07586932182312012,0,0,1784975774.242801,-0.06514491437784242,0.912387426490326,-3.0152378140609497,1784975774.242839,-0.008313118426332615,0.008251793823106163,-0.03992614941222783,-0.006300796177388434,0.009054303737554139,-0.03868455842342522,1784975774.2428792,0.0980462586025231,0.09630714097002631,1784975774.2150912,12291.7939453125,nan,nan,54.15598678588867,nan
19.64326047897339,1784975774.2874174,BSMC,circle,circle_bsmc_5laps_set01,1784975774.2391486,-0.07470917327890704,0.919149452144129,-2.975311664648722,0.10151623553826726,0.12727020219911164,1784975774.2468064,-0.0811739151819302,0.9189333654333067,-2.9694704977477717,0.04061102867126465,0,0,1784975774.2828453,-0.06942277126723617,0.9118346258880964,-3.0109243842284914,1784975774.2828848,-0.004002768188615881,0.008088916875153741,-0.035612719579769525,-0.01036167714358321,0.009006505049503335,-0.04145388648071968,1784975774.282929,0.1031802350450717,0.09787407077590705,1784975774.2620585,12291.8408203125,nan,nan,46.88737869262695,nan
19.683510303497314,1784975774.3276672,BSMC,circle,circle_bsmc_5laps_set01,1784975774.2890558,-0.08049203714492179,0.9182615511232204,-2.968126333066841,0.1007442594084793,0.12771635482676486,1784975774.2468064,-0.0811739151819302,0.9189333654333067,-2.9694704977477717,0.08086085319519043,0,0,1784975774.3229554,-0.07373400133944563,0.9112585160306929,-3.0065748282592533,1784975774.3229856,-0.005447906353290312,0.008064357681864618,-0.038448495192412224,-0.0060154795216306334,0.008835702431682416,-0.03710433051148154,1784975774.323021,0.1014535175058947,0.09611982434059597,1784975774.3192005,12291.8984375,nan,nan,57.2088623046875,nan
19.722901582717896,1784975774.3670585,BSMC,circle,circle_bsmc_5laps_set01,1784975774.339209,-0.08515064428806231,0.9174534420768112,-2.9631793971858826,0.09816842160304004,0.1228254085042849,1784975774.2468064,-0.0811739151819302,0.9189333654333067,-2.9694704977477717,0.12025213241577148,0,0,1784975774.3629236,-0.07798745258752082,0.9106714059736671,-3.002281045071387,1784975774.3630056,-0.005845890960998215,0.007945620675263557,-0.039101647885504416,-0.0017243229129430412,0.008685633452443057,-0.032810547323615324,1784975774.363062,0.10097837524936473,0.09639472918090619,1784975774.3609917,12291.939453125,nan,nan,41.5876350402832,nan
19.76292133331299,1784975774.4070783,BSMC,circle,circle_bsmc_5laps_set01,1784975774.389254,-0.09097012690222601,0.9165105263254871,-2.956428317200599,0.09844495807988843,0.12235370620490903,1784975774.3683484,-0.09399326098455853,0.9168513319906151,-2.954560281132074,0.03872990608215332,0,0,1784975774.4029977,-0.08227613660942179,0.9100605723684514,-2.9979490758102174,1784975774.4030316,-0.007357886763448777,0.007940332211911559,-0.04152075860961846,-0.010250082143054784,0.00885105846376927,-0.043388794678143494,1784975774.4030714,0.099173107222039,0.09573380367127997,1784975774.3609917,12291.939453125,nan,nan,41.5876350402832,nan
19.803159952163696,1784975774.447317,BSMC,circle,circle_bsmc_5laps_set01,1784975774.4390614,-0.09587391177109417,0.9155886307644499,-2.950591041003231,0.09913788320679083,0.12148687795435503,1784975774.3683484,-0.09399326098455853,0.9168513319906151,-2.954560281132074,0.07896852493286133,0,0,1784975774.4436958,-0.08662913975228004,0.9094211756052775,-2.993549360386633,1784975774.4437373,-0.007905807534113874,0.007810346986773318,-0.042958319383402,-0.005854101858863501,0.00866989024499844,-0.0389890792545593,1784975774.4437845,0.09851616925207582,0.09574971746762555,1784975774.4180582,12291.9970703125,nan,nan,57.09716796875,nan
19.842806339263916,1784975774.4869633,BSMC,circle,circle_bsmc_5laps_set01,1784975774.4390614,-0.09587391177109417,0.9155886307644499,-2.950591041003231,0.09913788320679083,0.12148687795435503,1784975774.4468546,-0.10324092827788645,0.9151438793953007,-2.946962994930464,0.040108680725097656,0,0,1784975774.4832518,-0.09083403942836155,0.9087849373914682,-2.9892965956847903,1784975774.4832966,-0.0036565907466483112,0.007636746745579707,-0.03870555468155912,-0.010942799145916652,0.00863841311727434,-0.042333600754326454,1784975774.4833453,0.10357873840484634,0.09728479506722713,1784975774.4608605,12292.0400390625,nan,nan,42.75505828857422,nan
19.88318705558777,1784975774.527344,BSMC,circle,circle_bsmc_5laps_set01,1784975774.4890447,-0.10194719553182809,0.9145295826950112,-2.944154178882478,0.10066851457356854,0.12145046240952347,1784975774.4468546,-0.10324092827788645,0.9151438793953007,-2.946962994930464,0.0804893970489502,0,0,1784975774.523716,-0.09511918697045796,0.9081177195302051,-2.984959811321997,1784975774.52376,-0.005437616133575775,0.007626665125873591,-0.04080563243951918,-0.006609515854298195,0.008464272236078594,-0.037996816391533184,1784975774.5238085,0.1014556467447641,0.09722860073183053,1784975774.5114956,12292.08984375,nan,nan,50.65632247924805,nan
19.9232017993927,1784975774.5673587,BSMC,circle,circle_bsmc_5laps_set01,1784975774.539176,-0.10689776452011268,0.9135349008809682,-2.938330662843297,0.10069635473576012,0.12057788649963233,1784975774.4468546,-0.10324092827788645,0.9151438793953007,-2.946962994930464,0.12050414085388184,0,0,1784975774.5635707,-0.09941352422192895,0.9074299556046131,-2.980610744587683,1784975774.5636115,-0.006097788322057216,0.007490072579596952,-0.042280081744386244,-0.00226324268630926,0.008308512177217014,-0.03364774965721917,1784975774.5636547,0.10066540895389381,0.09688578329969984,1784975774.5637271,12292.140625,nan,nan,50.714759826660156,nan
19.963011980056763,1784975774.607169,BSMC,circle,circle_bsmc_5laps_set01,1784975774.5891442,-0.11283708689070496,0.9124565183256543,-2.932924509235642,0.10035911042572589,0.11894988707644398,1784975774.5671196,-0.11624542152641067,0.9126162703833492,-2.935845398101125,0.04004931449890137,0,0,1784975774.6028194,-0.10360087444819355,0.906740861612187,-2.97636706935575,1784975774.6028578,-0.007851818639337272,0.007505018054899146,-0.04344256012010783,-0.01117751736587636,0.00833475282039194,-0.0405216712546248,1784975774.6028986,0.09857799547629874,0.09694066091099601,1784975774.5637271,12292.140625,nan,nan,50.714759826660156,nan
20.003026247024536,1784975774.6471832,BSMC,circle,circle_bsmc_5laps_set01,1784975774.6389892,-0.11772488980845182,0.9114144172852633,-2.9270350853038622,0.10032242487016062,0.11881782940375264,1784975774.5671196,-0.11624542152641067,0.9126162703833492,-2.935845398101125,0.0800635814666748,0,0,1784975774.643234,-0.10791142694709865,0.9060124077839715,-2.971995394818091,1784975774.6432736,-0.008438277203114294,0.007367580187999722,-0.04496030951422859,-0.0068090582989907885,0.008167202211308759,-0.036149996716965845,1784975774.6433148,0.09787462615715344,0.09621466109156504,1784975774.612565,12292.19140625,nan,nan,50.38352584838867,nan
20.04308795928955,1784975774.687245,BSMC,circle,circle_bsmc_5laps_set01,1784975774.6389892,-0.11772488980845182,0.9114144172852633,-2.9270350853038622,0.10032242487016062,0.11881782940375264,1784975774.6612067,-0.12474596984613869,0.9110360351629423,-2.9285264616591347,0.026038169860839844,0,0,1784975774.6833034,-0.11216123571177627,0.9052752234414324,-2.967682119480872,1784975774.6833463,-0.004128955896184618,0.007183012680411183,-0.040647034177009544,-0.01108198904522584,0.008291682804157822,-0.03915565782173713,1784975774.683391,0.1030097238392985,0.09776592929693681,1784975774.6615922,12292.240234375,nan,nan,48.96736526489258,nan
20.083642721176147,1784975774.7277997,BSMC,circle,circle_bsmc_5laps_set01,1784975774.6893137,-0.12335437068824606,0.910373970482448,-2.922797741459839,0.09976509518978292,0.11495409731765843,1784975774.6612067,-0.12474596984613869,0.9110360351629423,-2.9285264616591347,0.06659293174743652,0,0,1784975774.7232347,-0.11636309762230956,0.9045277713892735,-2.963414291493201,1784975774.7232919,-0.005555661680969038,0.007224303856160446,-0.04061655003336195,-0.006817088723106564,0.008133716580382437,-0.03488782983406624,1784975774.7233415,0.10131635780749605,0.09928783809203072,1784975774.7131941,12292.2919921875,nan,nan,51.602996826171875,nan
20.122814655303955,1784975774.7669716,BSMC,circle,circle_bsmc_5laps_set01,1784975774.7396045,-0.12834426817615807,0.9092574040268856,-2.9169941099624026,0.10050881869271755,0.11502737587009364,1784975774.6612067,-0.12474596984613869,0.9110360351629423,-2.9285264616591347,0.10576486587524414,0,0,1784975774.7626028,-0.12061029835046,0.9037534316144157,-2.9590970765273803,1784975774.7626388,-0.006313903061330199,0.007088203560434993,-0.0421029665649777,-0.0025021892064680893,0.007992442826834369,-0.030570614868245635,1784975774.7626765,0.10040968757696501,0.09891903241638346,1784975774.7619162,12292.3408203125,nan,nan,48.74570083618164,nan
20.16314125061035,1784975774.8072982,BSMC,circle,circle_bsmc_5laps_set01,1784975774.788971,-0.13455845643281777,0.9080344435128037,-2.9113606239610674,0.10245204720235843,0.11544092099359206,1784975774.7683465,-0.13845226819006023,0.9083663620619972,-2.91444621016975,0.03895163536071777,0,0,1784975774.8032026,-0.12492086065633123,0.9029481449255556,-2.9547119351546995,1784975774.8032343,-0.008222582260057194,0.007151421302523414,-0.043351311193632114,-0.011963653277506696,0.008326287710443945,-0.040265724984949625,1784975774.8032694,0.0981383265960475,0.09931365176114104,1784975774.7619162,12292.3408203125,nan,nan,48.74570083618164,nan
20.20349407196045,1784975774.847651,BSMC,circle,circle_bsmc_5laps_set01,1784975774.839044,-0.1395347599441229,0.9068683843363865,-2.906218649416539,0.10229555358470037,0.11329560391126342,1784975774.7683465,-0.13845226819006023,0.9083663620619972,-2.91444621016975,0.07930445671081543,0,0,1784975774.8430014,-0.1291378285865572,0.9021413904797169,-2.9504184867065186,1784975774.8430383,-0.009007892126806315,0.007021291334700915,-0.04419983728997945,-0.007673327062185304,0.0081626655036353,-0.03597227653676872,1784975774.8430805,0.09720215343601234,0.09981378162688938,1784975774.8125417,12292.3916015625,nan,nan,50.871826171875,nan
20.24311137199402,1784975774.8872683,BSMC,circle,circle_bsmc_5laps_set01,1784975774.839044,-0.1395347599441229,0.9068683843363865,-2.906218649416539,0.10229555358470037,0.11329560391126342,1784975774.8585534,-0.147066304592995,0.9065033780750386,-2.907189745824173,0.028714895248413086,0,0,1784975774.8833477,-0.13339021765701298,0.9013088306518018,-2.9460853587310547,1784975774.8834038,-0.004678594851468046,0.0068392095526952695,-0.039866709314515525,-0.012095592335436257,0.008228932061192963,-0.038895612906881816,1784975774.8834653,0.10236069413429548,0.10137474593359469,1784975774.8614075,12292.4404296875,nan,nan,48.860843658447266,nan
20.28279948234558,1784975774.9269564,BSMC,circle,circle_bsmc_5laps_set01,1784975774.8891494,-0.14544669368713783,0.9056636480607514,-2.9014923466454263,0.10279706333083119,0.11177904218112036,1784975774.8585534,-0.147066304592995,0.9065033780750386,-2.907189745824173,0.06840300559997559,0,0,1784975774.9232836,-0.1376468583262771,0.9004562526044289,-2.941744171253943,1784975774.9233208,-0.006337771335012906,0.006912818065026076,-0.040251824608516625,-0.0077573354743558556,0.008069537828598521,-0.03455442542977005,1784975774.9233608,0.10038958593080173,0.10232109796917532,1784975774.917164,12292.49609375,nan,nan,55.59260559082031,nan
20.322715520858765,1784975774.9668725,BSMC,circle,circle_bsmc_5laps_set01,1784975774.9393349,-0.15032231191595932,0.9044671833614429,-2.8963015154969414,0.10165261534360837,0.11034852058814529,1784975774.9660852,-0.1604656406135842,0.9032704512293447,-2.897903093823106,0.0007872581481933594,0,0,1784975774.9630492,-0.14184090719389864,0.8995973884323738,-2.937463082424902,1784975774.9630847,-0.00704495305132498,0.00678363952574189,-0.0411615669279608,-0.01718819925873322,0.00805840502251697,-0.0395599886017961,1784975774.9631245,0.09954616281693039,0.10190358157262148,1784975774.9631898,12292.5419921875,nan,nan,45.82981491088867,nan
20.362723350524902,1784975775.0068803,BSMC,circle,circle_bsmc_5laps_set01,1784975774.9891899,-0.15641701952794543,0.9031550823199197,-2.8921186226389723,0.10157415631660528,0.10824471293922698,1784975774.9660852,-0.1604656406135842,0.9032704512293447,-2.897903093823106,0.040795087814331055,0,0,1784975775.0026815,-0.1460397304680261,0.8987187816366825,-2.933173316113257,1784975775.0027194,-0.008960735863347944,0.006861057117713143,-0.04105469347428459,-0.0129014384844493,0.00789794053158495,-0.035270222290150866,1784975775.0027604,0.09727260296916124,0.10307187465623176,1784975774.9631898,12292.5419921875,nan,nan,45.82981491088867,nan
20.40313720703125,1784975775.0472941,BSMC,circle,circle_bsmc_5laps_set01,1784975775.0394983,-0.16130948441722776,0.9019039808522448,-2.8869035272404586,0.1010990877125358,0.1074686773361315,1784975775.0443127,-0.16878031674049448,0.9011939970923072,-2.890509504173586,0.002981424331665039,0,0,1784975775.04293,-0.15029527686845578,0.8978090958392272,-2.9288216229598754,1784975775.0429695,-0.009627223490050595,0.006737760686599035,-0.041918095719416744,-0.017064430849995375,0.007871432863824046,-0.03831211878628915,1784975775.043008,0.09647761476578898,0.10272962627309984,1784975775.013065,12292.5908203125,nan,nan,49.31381607055664,nan
20.44290590286255,1784975775.0870628,BSMC,circle,circle_bsmc_5laps_set01,1784975775.0394983,-0.16130948441722776,0.9019039808522448,-2.8869035272404586,0.1010990877125358,0.1074686773361315,1784975775.0443127,-0.16878031674049448,0.9011939970923072,-2.890509504173586,0.04275012016296387,0,0,1784975775.0829594,-0.15450875515149654,0.8968892971681919,-2.9245089141052003,1784975775.0829997,-0.005317926713725347,0.006566325187220451,-0.037605386864741686,-0.012754543899566267,0.007715537670135306,-0.0339994099316141,1784975775.0830426,0.10161126507321992,0.10429011864220275,1784975775.062455,12292.6416015625,nan,nan,50.122501373291016,nan
20.483360052108765,1784975775.127517,BSMC,circle,circle_bsmc_5laps_set01,1784975775.0892394,-0.16736591516099775,0.9005175661581418,-2.882622485553517,0.1019917295009284,0.10600487524007551,1784975775.0443127,-0.16878031674049448,0.9011939970923072,-2.890509504173586,0.08320426940917969,0,0,1784975775.1228669,-0.1587229250096973,0.8959502782321818,-2.920191390148901,1784975775.1229055,-0.007185168037654128,0.0066283299574455695,-0.0375689045953842,-0.00843921172100837,0.0075780882443223984,-0.02968188597531496,1784975775.1229472,0.09939499768339977,0.10569554365481951,1784975775.1131392,12292.6923828125,nan,nan,50.77898025512695,nan
20.522894144058228,1784975775.167051,BSMC,circle,circle_bsmc_5laps_set01,1784975775.1390288,-0.17224449638812173,0.8992202148329751,-2.8775101420680866,0.10176468789279192,0.10545607121241755,1784975775.166338,-0.18124861095566297,0.8980899667114963,-2.8773105106956827,0.0007131099700927734,0,0,1784975775.1627889,-0.1629159360247665,0.8949969919154596,-2.9158913756530516,1784975775.1628282,-0.007902800244088196,0.00651178919850989,-0.038381233584964924,-0.016888233578625105,0.00777438292114801,-0.0385808649573689,1784975775.1628673,0.09853983744420597,0.105415105016885,1784975775.163799,12292.7421875,nan,nan,50.63454055786133,nan
20.563530445098877,1784975775.2076874,BSMC,circle,circle_bsmc_5laps_set01,1784975775.1892023,-0.17797302216144598,0.8978737296427446,-2.8739457203137873,0.09993249831923458,0.1008290218673564,1784975775.166338,-0.18124861095566297,0.8980899667114963,-2.8773105106956827,0.04134941101074219,0,0,1784975775.2037241,-0.16722111248602434,0.8939984453177925,-2.9114719105880495,1784975775.203762,-0.009344228360892897,0.006580789208531888,-0.037526190274262294,-0.012471694950833617,0.007613677540072314,-0.03416139989236688,1784975775.203804,0.09683236625136238,0.10745981896007233,1784975775.163799,12292.7421875,nan,nan,50.63454055786133,nan
20.60305690765381,1784975775.2472138,BSMC,circle,circle_bsmc_5laps_set01,1784975775.239024,-0.18269997214754347,0.8965711546606808,-2.8689690669405614,0.09935662829746043,0.10068039402460427,1784975775.166338,-0.18124861095566297,0.8980899667114963,-2.8773105106956827,0.08087587356567383,0,0,1784975775.2428627,-0.17135200543343765,0.8930214446860523,-2.907227050892615,1784975775.242899,-0.009973069649196113,0.006474154093062226,-0.038257983952053376,-0.008229016919282453,0.007477699975735545,-0.02991654019693213,1784975775.2429388,0.09608293760631414,0.10676042254103667,1784975775.2144897,12292.79296875,nan,nan,50.37763214111328,nan
20.643538236618042,1784975775.2876952,BSMC,circle,circle_bsmc_5laps_set01,1784975775.239024,-0.18269997214754347,0.8965711546606808,-2.8689690669405614,0.09935662829746043,0.10068039402460427,1784975775.2482128,-0.189635814688116,0.8957526003233955,-2.8676768954111633,0.03948235511779785,0,0,1784975775.2832708,-0.17557023482401068,0.8920046513371745,-2.902888000599646,1784975775.2833135,-0.005636847990578182,0.0063175985656960644,-0.033918933659084605,-0.012527369267854518,0.007413007334655341,-0.035211105188482694,1784975775.2833564,0.10124694071204916,0.10834206420712454,1784975775.2638898,12292.8427734375,nan,nan,49.56594467163086,nan
20.68347191810608,1784975775.3276289,BSMC,circle,circle_bsmc_5laps_set01,1784975775.2890341,-0.18846068368555455,0.8951043439316191,-2.8638865978113297,0.09965356803504076,0.10075748758159071,1784975775.2482128,-0.189635814688116,0.8957526003233955,-2.8676768954111633,0.07941603660583496,0,0,1784975775.323144,-0.17973312766982064,0.8909821797616018,-2.898601375691199,1784975775.323177,-0.007263083275136627,0.0063568933285669,-0.03471477787986909,-0.008243091093011853,0.0072712840510468935,-0.030924480280035475,1784975775.323219,0.09931365043414332,0.10816232758754551,1784975775.3131652,12292.8916015625,nan,nan,49.48161697387695,nan
20.72266387939453,1784975775.3668208,BSMC,circle,circle_bsmc_5laps_set01,1784975775.3389804,-0.1930633000912572,0.8937886994041556,-2.85917122682314,0.09818008357296507,0.09970184464785117,1784975775.3660746,-0.20252976742617257,0.892117727742739,-2.8587365884973623,0.0007462501525878906,0,0,1784975775.3632476,-0.18397054093045173,0.8899219410949175,-2.894233331791663,1784975775.3632925,-0.007654939591064088,0.006247558630027658,-0.03506210496852269,-0.01720888158468496,0.007288399119594675,-0.035496743294300526,1784975775.36333,0.0988472085409375,0.10761408113016582,1784975775.36389,12292.9423828125,nan,nan,50.49073028564453,nan
20.762826919555664,1784975775.4069839,BSMC,circle,circle_bsmc_5laps_set01,1784975775.3897707,-0.19888059034612113,0.8922612648693973,-2.8547167435588885,0.09754554407868134,0.09887927751728333,1784975775.3660746,-0.20252976742617257,0.892117727742739,-2.8587365884973623,0.0409092903137207,0,0,1784975775.4028335,-0.18811814439429697,0.8888650954837105,-2.889953195683264,1784975775.4028668,-0.009361641543251954,0.006302688075565166,-0.03523645212437554,-0.012931129705557973,0.007145654593065371,-0.031216607185901687,1784975775.402903,0.09682069161687588,0.10766496672481769,1784975775.36389,12292.9423828125,nan,nan,50.49073028564453,nan
20.802949905395508,1784975775.4471068,BSMC,circle,circle_bsmc_5laps_set01,1784975775.4393587,-0.20358789142666206,0.8908644672429489,-2.849628110983881,0.0981084107082177,0.09949400482785636,1784975775.3660746,-0.20252976742617257,0.892117727742739,-2.8587365884973623,0.08103227615356445,0,0,1784975775.4428935,-0.19230879024714098,0.8877780501742305,-2.8856238528411624,1784975775.442928,-0.009913396230661179,0.0062023115782635935,-0.035995741857281605,-0.00860361712969185,0.007019896593153874,-0.02688726434380007,1784975775.4429653,0.09616283878325528,0.10721111669765444,1784975775.4145355,12292.9931640625,nan,nan,50.94303512573242,nan
20.842697143554688,1784975775.486854,BSMC,circle,circle_bsmc_5laps_set01,1784975775.4393587,-0.20358789142666206,0.8908644672429489,-2.849628110983881,0.0981084107082177,0.09949400482785636,1784975775.4475715,-0.21077425491476617,0.8898003216959015,-2.850944403067801,0.03928256034851074,0,0,1784975775.4828143,-0.19646095077156356,0.886681858041825,-2.881329425923132,1784975775.4828508,-0.005621432487369997,0.00605697941391279,-0.0317013149392511,-0.012819311346555812,0.007089481480170671,-0.030385022855330845,1784975775.482892,0.10127309562029178,0.10878309894626752,1784975775.4632847,12293.0419921875,nan,nan,48.56956481933594,nan
20.88301706314087,1784975775.527174,BSMC,circle,circle_bsmc_5laps_set01,1784975775.489025,-0.20957406501795925,0.8892217815036937,-2.8449041886458657,0.10087533829530049,0.09998361076519138,1784975775.4475715,-0.21077425491476617,0.8898003216959015,-2.850944403067801,0.07960247993469238,0,0,1784975775.522913,-0.20066252053743794,0.8855531722772728,-2.8769788914840455,1784975775.5229461,-0.007449661874694034,0.006113661475516972,-0.032074702838179814,-0.008470511278858983,0.006966770340446312,-0.02603448841624445,1784975775.5229826,0.0991017016430264,0.11012502077072858,1784975775.5190551,12293.09765625,nan,nan,55.88676071166992,nan
20.922652006149292,1784975775.566809,BSMC,circle,circle_bsmc_5laps_set01,1784975775.5392795,-0.21449840851944257,0.8877180280883531,-2.840444422604223,0.10149318835585884,0.09808747650338723,1784975775.4475715,-0.21077425491476617,0.8898003216959015,-2.850944403067801,0.11923742294311523,0,0,1784975775.5632799,-0.204856111710215,0.8844070529478972,-2.8726314984481567,1784975775.563326,-0.008226268656249307,0.006022038536340257,-0.03218707584393376,-0.004124359173522455,0.006863048024424421,-0.021687095380355625,1784975775.5633628,0.09817947951079581,0.11163542277869812,1784975775.565098,12293.14453125,nan,nan,46.131126403808594,nan
20.963390350341797,1784975775.6075473,BSMC,circle,circle_bsmc_5laps_set01,1784975775.5891614,-0.22051712988822283,0.8860407516900266,-2.8345509731658955,0.10270550048952123,0.09964646531262727,1784975775.5675,-0.22389837762559633,0.8864184878704915,-2.833661858491408,0.04004716873168945,0,0,1784975775.6032803,-0.20902397802316286,0.8832485165046575,-2.868305605999731,1784975775.6033165,-0.010111713396989241,0.006135337749536941,-0.03375463283383562,-0.013213970475305824,0.007529107933269805,-0.03464374750832322,1784975775.6033514,0.09593587577650527,0.110817603960088,1784975775.565098,12293.14453125,nan,nan,46.131126403808594,nan
21.002914428710938,1784975775.6470714,BSMC,circle,circle_bsmc_5laps_set01,1784975775.6389687,-0.2254163755452076,0.8844750325830861,-2.829112528217547,0.1029264506729266,0.10124830899088678,1784975775.5675,-0.22389837762559633,0.8864184878704915,-2.833661858491408,0.07957124710083008,0,0,1784975775.643432,-0.21319927434595076,0.8820684044842567,-2.8639667359512084,1784975775.6434681,-0.010885631912814081,0.006045861260207832,-0.034854207733661546,-0.008877391472274548,0.007388230986082227,-0.030304877459800483,1784975775.643597,0.09501316150719513,0.10935190739106167,1784975775.6190946,12293.1982421875,nan,nan,53.94048309326172,nan
21.042898893356323,1784975775.6870558,BSMC,circle,circle_bsmc_5laps_set01,1784975775.6389687,-0.2254163755452076,0.8844750325830861,-2.829112528217547,0.1029264506729266,0.10124830899088678,1784975775.6513422,-0.23241481448547038,0.8838132845960652,-2.823479461537353,0.03571367263793945,0,0,1784975775.6837118,-0.2173557339929153,0.8808741494575547,-2.859642105213904,1784975775.6837478,-0.006563315333734528,0.005904506190041924,-0.030529576996356948,-0.01338423715861683,0.007501774211850203,-0.036162643676550754,1784975775.6837873,0.10015901763414047,0.11093871658273342,1784975775.665119,12293.2421875,nan,nan,44.243953704833984,nan
21.082664489746094,1784975775.7268214,BSMC,circle,circle_bsmc_5laps_set01,1784975775.6893983,-0.23129404643529175,0.8827527262449519,-2.82274187660878,0.10339667314609224,0.10356190761363344,1784975775.6513422,-0.23241481448547038,0.8838132845960652,-2.823479461537353,0.07547926902770996,0,0,1784975775.7239146,-0.22151983471339198,0.8796581494508783,-2.855304084889197,1784975775.723961,-0.00831148135515077,0.00600257428124993,-0.03256220828041689,-0.00904872642886103,0.007354337653684198,-0.03182462335184377,1784975775.7240088,0.09807702063025765,0.10901064109847507,1784975775.7249453,12293.3037109375,nan,nan,61.525386810302734,nan
21.12318730354309,1784975775.7673442,BSMC,circle,circle_bsmc_5laps_set01,1784975775.738998,-0.23606791490823137,0.8811723488610863,-2.8177304151556357,0.10255441940514895,0.10313396367242034,1784975775.6513422,-0.23241481448547038,0.8838132845960652,-2.823479461537353,0.11600208282470703,0,0,1784975775.7629747,-0.22557708037304924,0.878454461522008,-2.851072048298621,1784975775.7630124,-0.00908053750632316,0.005915095893453499,-0.033341633142985216,-0.0048185604580306095,0.007228628337625307,-0.02759258676126786,1784975775.7630544,0.09716137765784452,0.1083290323358794,1784975775.7639804,12293.3427734375,nan,nan,39.1342887878418,nan
21.16270613670349,1784975775.806863,BSMC,circle,circle_bsmc_5laps_set01,1784975775.7890558,-0.24181846174553173,0.8794894149315176,-2.8116876531993547,0.10078386075565189,0.1027076995944812,1784975775.767328,-0.24571891242059968,0.8800703120446202,-2.8079521385998962,0.0395350456237793,0,0,1784975775.802918,-0.22972740417908666,0.8772037927903074,-2.8467373753707643,1784975775.8029516,-0.010698590095075509,0.006079301902770677,-0.03504972217140967,-0.014170936875668836,0.007945427398166442,-0.03878523677086809,1784975775.8029897,0.09523444226482287,0.10691443152406181,1784975775.7639804,12293.3427734375,nan,nan,39.1342887878418,nan
21.20281219482422,1784975775.8469691,BSMC,circle,circle_bsmc_5laps_set01,1784975775.8396726,-0.24648158293229466,0.8778852180978763,-2.8065548084905263,0.09942585266944108,0.10247791812803661,1784975775.767328,-0.24571891242059968,0.8800703120446202,-2.8079521385998962,0.07964110374450684,0,0,1784975775.8430781,-0.233872144744679,0.8759351835157342,-2.84240283118894,1784975775.8431137,-0.011267145576983623,0.005987653699564562,-0.03584802269841392,-0.00983930180183504,0.007786740805372406,-0.034450692589043985,1784975775.8431525,0.09455651127175345,0.1057653546083579,1784975775.813941,12293.392578125,nan,nan,49.981346130371094,nan
21.242780685424805,1784975775.8869376,BSMC,circle,circle_bsmc_5laps_set01,1784975775.8396726,-0.24648158293229466,0.8778852180978763,-2.8065548084905263,0.09942585266944108,0.10247791812803661,1784975775.8608036,-0.25382572322416563,0.8772272641341927,-2.8026155972082094,0.026134014129638672,0,0,1784975775.8833673,-0.23800468847879364,0.8746507062627691,-2.8380752650420895,1784975775.8834093,-0.006942037661863373,0.005841910602578227,-0.031520456551563214,-0.014063980129158955,0.007690790193841279,-0.0354596678338801,1784975775.8834524,0.09970615462147572,0.1073501854008468,1784975775.8642843,12293.443359375,nan,nan,50.167579650878906,nan
21.283313512802124,1784975775.9274704,BSMC,circle,circle_bsmc_5laps_set01,1784975775.8892267,-0.2518184030026339,0.8762695140621356,-2.8014445145558655,0.09811485656541281,0.10180980199304829,1784975775.8608036,-0.25382572322416563,0.8772272641341927,-2.8026155972082094,0.06666684150695801,0,0,1784975775.9229324,-0.2420986301336554,0.8733588505625536,-2.8337823315780395,1784975775.9229689,-0.008191805743218582,0.005986673976232626,-0.03233781702217398,-0.009773431822503868,0.007547805397968567,-0.031166734369830085,1784975775.923008,0.09821986184552303,0.10670249125853382,1784975775.9150882,12293.494140625,nan,nan,50.919795989990234,nan
21.322750568389893,1784975775.9669075,BSMC,circle,circle_bsmc_5laps_set01,1784975775.9390712,-0.25629349946424274,0.8746804912402115,-2.7965463473186,0.09695588319453712,0.10120187712303048,1784975775.8608036,-0.25382572322416563,0.8772272641341927,-2.8026155972082094,0.10610389709472656,0,0,1784975775.9634078,-0.24625491602504024,0.8720275123479447,-2.8294180213134523,1784975775.96345,-0.00854956297701938,0.0058920647799072315,-0.03287167399485247,-0.005410958133040728,0.007421325512831143,-0.026802424105242917,1784975775.9634974,0.09779332446484038,0.10600904608103666,1784975775.965164,12293.5439453125,nan,nan,49.992530822753906,nan
21.363086462020874,1784975776.0072434,BSMC,circle,circle_bsmc_5laps_set01,1784975775.988844,-0.26206768914344053,0.872829312156076,-2.7916024231682224,0.09750254068642317,0.10126265099597315,1784975775.9703457,-0.26654920484824796,0.872619824813177,-2.7937967434603355,0.03689765930175781,0,0,1784975776.0031574,-0.2503358564990701,0.870700808163421,-2.825126838795447,1784975776.003197,-0.01029076294020084,0.006022177724947438,-0.03352441562722453,-0.0145885419480501,0.007330056849971369,-0.03133009533511144,1784975776.0032399,0.09572418020588204,0.10614114787793796,1784975775.965164,12293.5439453125,nan,nan,49.992530822753906,nan
21.402920246124268,1784975776.0470772,BSMC,circle,circle_bsmc_5laps_set01,1784975776.0389335,-0.26675640634952136,0.8711096037357908,-2.7863336820036233,0.09838341150891801,0.10192642202116281,1784975775.9703457,-0.26654920484824796,0.872619824813177,-2.7937967434603355,0.07673144340515137,0,0,1784975776.0433419,-0.25446416504830416,0.8693389615498797,-2.8207797032516235,1784975776.0433772,-0.010908781913062451,0.005935726335598678,-0.03444602124800023,-0.010243257451508078,0.007203327529746514,-0.026982959791288067,1784975776.0434167,0.09498720967175733,0.10581912818468414,1784975776.0153332,12293.59375,nan,nan,50.20461654663086,nan
21.44283676147461,1784975776.0869937,BSMC,circle,circle_bsmc_5laps_set01,1784975776.0389335,-0.26675640634952136,0.8711096037357908,-2.7863336820036233,0.09838341150891801,0.10192642202116281,1784975776.046721,-0.2748524801106768,0.8694896439389386,-2.7865247224247525,0.04027271270751953,0,0,1784975776.0831857,-0.2585241963451028,0.8679801883259904,-2.8164983311813105,1784975776.0832527,-0.006629647010868197,0.005797439337779324,-0.03016464917768724,-0.014785003986899827,0.007091894252167335,-0.02997360875655808,1784975776.0833032,0.10008147779642643,0.10739099043428965,1784975776.0647686,12293.6435546875,nan,nan,49.405792236328125,nan
21.482807159423828,1784975776.126964,BSMC,circle,circle_bsmc_5laps_set01,1784975776.0898843,-0.27279707696559496,0.8690568400576394,-2.7813045886719907,0.10017628672634796,0.10200654307967685,1784975776.046721,-0.2748524801106768,0.8694896439389386,-2.7865247224247525,0.08024311065673828,0,0,1784975776.1230998,-0.2625898002175966,0.8666001389020936,-2.8122048827331296,1784975776.1231363,-0.008685826873713548,0.005897481725089412,-0.030900294061138922,-0.010493221012633901,0.006972436467844259,-0.02568016030837716,1784975776.123179,0.09763836688206172,0.10824044396774131,1784975776.1151755,12293.6943359375,nan,nan,50.29084014892578,nan
21.522703886032104,1784975776.1668608,BSMC,circle,circle_bsmc_5laps_set01,1784975776.1392133,-0.27727203617786744,0.8673734462025171,-2.777047890155113,0.09893152109283995,0.09941848872897419,1784975776.046721,-0.2748524801106768,0.8694896439389386,-2.7865247224247525,0.12013983726501465,0,0,1784975776.1631608,-0.26671028751292813,0.8651815527280923,-2.807847035519385,1784975776.1631978,-0.009086232959363661,0.00581337272783596,-0.030799145364271748,-0.006136580628060499,0.006870031177157574,-0.021322313094632506,1784975776.163239,0.09716342180910902,0.10902004447187169,1784975776.1151755,12293.6943359375,nan,nan,50.29084014892578,nan
21.562963485717773,1784975776.2071204,BSMC,circle,circle_bsmc_5laps_set01,1784975776.1893659,-0.28290390395285886,0.8654302908852941,-2.7720694110004884,0.09918948990679267,0.0994016967309184,1784975776.168403,-0.28614697098192354,0.8655185501828393,-2.773836350722602,0.03871750831604004,0,0,1784975776.2029521,-0.27075043955447864,0.8637710792269443,-2.8035677491348023,1784975776.2029908,-0.010733842243550767,0.00593669191557592,-0.03149833813431391,-0.01373880778346306,0.007166030660487717,-0.029731398412200516,1784975776.2030325,0.09520535783986205,0.10899815664837016,1784975776.16799,12293.7470703125,nan,nan,52.81249237060547,nan
21.602996349334717,1784975776.2471533,BSMC,circle,circle_bsmc_5laps_set01,1784975776.2390442,-0.2874177568485491,0.8636703940623824,-2.766776920326345,0.09853949508768459,0.10059975008558676,1784975776.168403,-0.28614697098192354,0.8655185501828393,-2.773836350722602,0.0787503719329834,0,0,1784975776.2433536,-0.2748857586276132,0.862307248654059,-2.7991809855621095,1784975776.2433903,-0.011162916491412659,0.005856487020349335,-0.032404065235764445,-0.009353710956040508,0.007045243256869529,-0.025344634839507663,1784975776.2434301,0.09469292182002567,0.10734934448130845,1784975776.2153952,12293.7939453125,nan,nan,47.207191467285156,nan
21.642815589904785,1784975776.2869725,BSMC,circle,circle_bsmc_5laps_set01,1784975776.2390442,-0.2874177568485491,0.8636703940623824,-2.766776920326345,0.09853949508768459,0.10059975008558676,1784975776.2467167,-0.2938269461726067,0.8626489185731834,-2.770456224215196,0.04025578498840332,0,0,1784975776.2830527,-0.2788897787126263,0.8608703991177393,-2.7949269591491457,1784975776.2831202,-0.006910842968448778,0.005727707415907851,-0.02815003882280065,-0.013275158212691544,0.00707476343130266,-0.02447073493394969,1784975776.2831745,0.09975404128906348,0.10891719870122389,1784975776.2672472,12293.8447265625,nan,nan,51.14836502075195,nan
21.682791471481323,1784975776.3269484,BSMC,circle,circle_bsmc_5laps_set01,1784975776.288875,-0.2928256376244538,0.8617643900015514,-2.7625155550548,0.09811101865494977,0.10046899846150867,1784975776.2467167,-0.2938269461726067,0.8626489185731834,-2.770456224215196,0.0802316665649414,0,0,1784975776.3231268,-0.28297520437191803,0.8593844737411316,-2.7905796948592894,1784975776.3231683,-0.008270397605148836,0.005856241125672776,-0.028064139804489407,-0.008928977945130555,0.006977840140451429,-0.020123470644093363,1784975776.3232112,0.09814051065307805,0.1088417732890522,1784975776.3153267,12293.89453125,nan,nan,49.089881896972656,nan
21.72307848930359,1784975776.3672354,BSMC,circle,circle_bsmc_5laps_set01,1784975776.3390775,-0.29728963436729167,0.859977326429223,-2.7573634621356122,0.09721069896792453,0.10083704821666865,1784975776.2467167,-0.2938269461726067,0.8626489185731834,-2.770456224215196,0.12051868438720703,0,0,1784975776.3630579,-0.2870207694455962,0.857893182604764,-2.786268015972876,1784975776.3630972,-0.008738907617363135,0.005781412968838254,-0.02890455383726387,-0.0046179983613999324,0.006900373712685771,-0.015811791757680105,1784975776.3631394,0.09758180424461564,0.10760630603434491,1784975776.3153267,12293.89453125,nan,nan,49.089881896972656,nan
21.762782335281372,1784975776.4069393,BSMC,circle,circle_bsmc_5laps_set01,1784975776.3890905,-0.30297374404504807,0.8579289735486776,-2.7530702875959445,0.09696976487346681,0.10015830160064418,1784975776.369359,-0.3077333450807876,0.8574282616080736,-2.7574439915678983,0.037580251693725586,0,0,1784975776.4030733,-0.2910693871975325,0.8563808826617083,-2.781946166149878,1784975776.4031165,-0.010430673260434174,0.005942335625103272,-0.02887587855393337,-0.015056926191862491,0.007216194886849575,-0.024502174581979563,1784975776.4031618,0.09557376788483933,0.10799687385786365,1784975776.3678718,12293.9462890625,nan,nan,51.969573974609375,nan
21.802798748016357,1784975776.4469557,BSMC,circle,circle_bsmc_5laps_set01,1784975776.4391084,-0.3073801244440034,0.8561148469313512,-2.7477955036966475,0.09628807260223661,0.10104765891569031,1784975776.369359,-0.3077333450807876,0.8574282616080736,-2.7574439915678983,0.07759666442871094,0,0,1784975776.4428043,-0.29510779779844887,0.8548524834893803,-2.7776282044570677,1784975776.4428368,-0.010848621655240795,0.005874603896115339,-0.029832700760420213,-0.010740045610617689,0.0071197259341327125,-0.020184212889169384,1784975776.442873,0.09507463019762193,0.10654144046125233,1784975776.4156735,12293.994140625,nan,nan,48.3491096496582,nan
21.84307026863098,1784975776.4872272,BSMC,circle,circle_bsmc_5laps_set01,1784975776.4391084,-0.3073801244440034,0.8561148469313512,-2.7477955036966475,0.09628807260223661,0.10104765891569031,1784975776.447816,-0.31615636058137253,0.8543446931271035,-2.7454901887882093,0.039411306381225586,0,0,1784975776.4832823,-0.29916940714662377,0.8532951470218267,-2.773278262249731,1784975776.4833164,-0.006500346514271324,0.005754309803239862,-0.025482758553083684,-0.015266741951959265,0.007522281847532135,-0.0277880734615219,1784975776.4833555,0.10024902455198327,0.108153317847758,1784975776.4683182,12294.046875,nan,nan,52.616268157958984,nan
21.883063077926636,1784975776.52722,BSMC,circle,circle_bsmc_5laps_set01,1784975776.489376,-0.3131144105668285,0.8539702755667133,-2.7424817386241798,0.0965473095236197,0.10127132966732352,1784975776.447816,-0.31615636058137253,0.8543446931271035,-2.7454901887882093,0.07940411567687988,0,0,1784975776.5233407,-0.30319873496247096,0.8517301137337405,-2.768955665699744,1784975776.523377,-0.008265846192176336,0.005917324940886973,-0.026473927075564063,-0.010945568081368423,0.0074115198481783245,-0.02346547691153455,1784975776.5234175,0.09815059586431267,0.10790927650824812,1784975776.5156054,12294.0947265625,nan,nan,47.272666931152344,nan
21.92314100265503,1784975776.567298,BSMC,circle,circle_bsmc_5laps_set01,1784975776.538897,-0.31758575070716955,0.8520770061862445,-2.7373459738647514,0.0971280244618531,0.10167306909485545,1784975776.447816,-0.31615636058137253,0.8543446931271035,-2.7454901887882093,0.11948204040527344,0,0,1784975776.5628335,-0.30717059979913164,0.8501677323693785,-2.7646875544708003,1784975776.5628743,-0.008824711350101442,0.005851936818897118,-0.027341580606048854,-0.006678431112833752,0.007320481943039489,-0.019197365682591002,1784975776.5629165,0.09748470179256538,0.10760818758930966,1784975776.5156054,12294.0947265625,nan,nan,47.272666931152344,nan
21.963671684265137,1784975776.6078286,BSMC,circle,circle_bsmc_5laps_set01,1784975776.5896454,-0.3235403328297276,0.849754414115554,-2.7327225624389815,0.0972834116243955,0.10021457350142764,1784975776.567028,-0.3289300154347503,0.8488140531095653,-2.7350940166875852,0.04080057144165039,0,0,1784975776.6027908,-0.31118172152796686,0.8485699914570924,-2.7603699275176754,1784975776.6028297,-0.010869004506212414,0.0060002392773805075,-0.02764736507869392,-0.016205500019891714,0.007241772697141499,-0.025275910830090176,1784975776.6028705,0.09505721793330944,0.10858908635327534,1784975776.5717027,12294.150390625,nan,nan,56.09282684326172,nan
22.00270962715149,1784975776.6468666,BSMC,circle,circle_bsmc_5laps_set01,1784975776.6391606,-0.32796465871101566,0.847826439067124,-2.727407679113109,0.09748408391024121,0.10145672345349152,1784975776.567028,-0.3289300154347503,0.8488140531095653,-2.7350940166875852,0.07983851432800293,0,0,1784975776.6427,-0.3151956419317583,0.8469509961492746,-2.7560417948882816,1784975776.6427329,-0.011337011088724666,0.0059402331086837205,-0.028634115775172386,-0.011878526668322528,0.007141750551995412,-0.020947778200696376,1784975776.6427672,0.09449869558309988,0.10747701778160274,1784975776.6170514,12294.1962890625,nan,nan,45.51134490966797,nan
22.042707204818726,1784975776.6868641,BSMC,circle,circle_bsmc_5laps_set01,1784975776.6391606,-0.32796465871101566,0.847826439067124,-2.727407679113109,0.09748408391024121,0.10145672345349152,1784975776.648468,-0.3364891756603921,0.8455503011384197,-2.73042060354406,0.03839612007141113,0,0,1784975776.6833103,-0.3192372898805691,0.8453003540909343,-2.7516760684173343,1784975776.6833518,-0.006972815275767669,0.005824767732674182,-0.024268389304225035,-0.015714093078971755,0.007124416831714572,-0.021255464873274118,1784975776.6833956,0.09969146627368886,0.10909857412524851,1784975776.673472,12294.251953125,nan,nan,56.25762939453125,nan
22.082687377929688,1784975776.7268443,BSMC,circle,circle_bsmc_5laps_set01,1784975776.6890864,-0.33374544060082556,0.845501201767934,-2.722707351727011,0.09851916772280839,0.10242253227133484,1784975776.648468,-0.3364891756603921,0.8455503011384197,-2.73042060354406,0.07837629318237305,0,0,1784975776.723478,-0.32324539939989516,0.8436430226544205,-2.747338820568823,1784975776.723541,-0.008836437920056079,0.0059683381040394065,-0.024631468841812332,-0.011377638651439198,0.007041637563159964,-0.016918217024763038,1784975776.7235878,0.097478387545398,0.10912370005338921,1784975776.7193983,12294.2978515625,nan,nan,45.82505798339844,nan
22.123085260391235,1784975776.7672422,BSMC,circle,circle_bsmc_5laps_set01,1784975776.73926,-0.3382364432910641,0.8434883936410785,-2.7170831285914097,0.09836494802970346,0.10405859597953519,1784975776.648468,-0.3364891756603921,0.8455503011384197,-2.73042060354406,0.1187741756439209,0,0,1784975776.7630575,-0.32718626723748545,0.8419935950339718,-2.74306669246366,1784975776.7631044,-0.009453703372693523,0.005913400564143682,-0.025983563872250315,-0.007105980541938089,0.00697848865987485,-0.012646088919599842,1784975776.7631538,0.09674199828582251,0.10744062127864003,1784975776.7193983,12294.2978515625,nan,nan,45.82505798339844,nan
22.163127183914185,1784975776.807284,BSMC,circle,circle_bsmc_5laps_set01,1784975776.7891195,-0.34385619573673065,0.841165814403957,-2.71175413280342,0.09809875499782679,0.10531431347866252,1784975776.7708697,-0.34843780904862776,0.8404544459707596,-2.714764524068482,0.036414384841918945,0,0,1784975776.8034291,-0.33118618967915814,0.8402991630969492,-2.7387226725738283,1784975776.8035154,-0.01115629988329963,0.006067710515569378,-0.026968539770408473,-0.015639578470642564,0.007283273227098626,-0.023958148505346163,1784975776.8035667,0.09471820010340662,0.10626792666776723,1784975776.7772596,12294.35546875,nan,nan,57.87228012084961,nan
22.203702449798584,1784975776.8478594,BSMC,circle,circle_bsmc_5laps_set01,1784975776.83906,-0.3481194502823839,0.8391953967180187,-2.7059250277741627,0.09643839416397419,0.10721061714669426,1784975776.7708697,-0.34843780904862776,0.8404544459707596,-2.714764524068482,0.07698965072631836,0,0,1784975776.8427794,-0.3351275719567439,0.8386094284008938,-2.734434348217749,1784975776.8428135,-0.011530999565133386,0.006014009504964344,-0.028509320443586447,-0.01135227765877371,0.007189735268657739,-0.019669824149266994,1784975776.842854,0.09426881629585061,0.10351480023835732,1784975776.8165054,12294.3955078125,nan,nan,39.49055099487305,nan
22.242966890335083,1784975776.8871238,BSMC,circle,circle_bsmc_5laps_set01,1784975776.83906,-0.3481194502823839,0.8391953967180187,-2.7059250277741627,0.09643839416397419,0.10721061714669426,1784975776.8587008,-0.3563130833537347,0.836621676883684,-2.7089886159307084,0.028423070907592773,0,0,1784975776.8829546,-0.3390751475913396,0.8368969270962429,-2.730131321064734,1784975776.8829904,-0.007229470373818844,0.005900604365955469,-0.024206293290571335,-0.015765322404648424,0.0069768761996657986,-0.021142705134025608,1784975776.8830388,0.09938697920095395,0.10511305162483955,1784975776.8826225,12294.4609375,nan,nan,65.64668273925781,nan
22.283448696136475,1784975776.9276056,BSMC,circle,circle_bsmc_5laps_set01,1784975776.8887856,-0.3532205928502244,0.8370119819851104,-2.701186534668194,0.0935462813041018,0.10813511126349974,1784975776.8587008,-0.3563130833537347,0.836621676883684,-2.7089886159307084,0.06890487670898438,0,0,1784975776.9251745,-0.3430241510848575,0.8351635551947842,-2.7258186379592653,1784975776.9252143,-0.008435486050442776,0.0060188604707617915,-0.02463210329107124,-0.011453419939738,0.006894999013086009,-0.01683002202855688,1784975776.9252567,0.09795431572701688,0.10279539331068979,1784975776.9253213,12294.501953125,nan,nan,41.27495193481445,nan
22.322608947753906,1784975776.9667659,BSMC,circle,circle_bsmc_5laps_set01,1784975776.9389966,-0.3570329110691779,0.8351929447331673,-2.694770992029454,0.0896211981787519,0.11149714578971552,1784975776.8587008,-0.3563130833537347,0.836621676883684,-2.7089886159307084,0.10806512832641602,0,0,1784975776.9632936,-0.3470163772187147,0.8333905049182279,-2.7214503880660765,1784975776.9633338,-0.008254324039372716,0.0059536437848587845,-0.026679396036622723,-0.007085642010680436,0.006831024412761876,-0.012461772135368143,1784975776.9633784,0.09816368297577865,0.09793925707915119,1784975776.9665675,12294.5458984375,nan,nan,43.174659729003906,nan
22.36291241645813,1784975777.0070693,BSMC,circle,circle_bsmc_5laps_set01,1784975776.989845,-0.3625040411714725,0.832754640105291,-2.6899155811500575,0.08898411277224914,0.11138667091410198,1784975776.9692826,-0.36837390688381766,0.8308736837999474,-2.6962532275245423,0.03778672218322754,0,0,1784975777.0035293,-0.3509995531203398,0.8316006052654182,-2.717083528630041,1784975777.0035648,-0.009847068802476482,0.00605972587907979,-0.027167947479983745,-0.015992869326791437,0.006828229214929198,-0.02083030110549888,1784975777.0036201,0.09627167452495003,0.09749261006018807,1784975776.9665675,12294.5458984375,nan,nan,43.174659729003906,nan
22.402695417404175,1784975777.0468524,BSMC,circle,circle_bsmc_5laps_set01,1784975777.0388076,-0.36659613556015236,0.8307839830565535,-2.68605593681286,0.0904712184714948,0.10598096767385733,1784975776.9692826,-0.36837390688381766,0.8308736837999474,-2.6962532275245423,0.07756972312927246,0,0,1784975777.0428014,-0.3548651153960878,0.829843509496489,-2.7128373557250733,1784975777.042841,-0.010120993717801507,0.006005564983504266,-0.026781418912213528,-0.011747442584611278,0.006748799839655249,-0.016584128200531015,1784975777.042883,0.09594765157434877,0.10112141918195017,1784975777.0166657,12294.595703125,nan,nan,50.07941818237305,nan
22.442957401275635,1784975777.0871143,BSMC,circle,circle_bsmc_5laps_set01,1784975777.0388076,-0.36659613556015236,0.8307839830565535,-2.68605593681286,0.0904712184714948,0.10598096767385733,1784975777.0499318,-0.37611459145851006,0.8271898756740915,-2.6871493091919265,0.03718256950378418,0,0,1784975777.0829234,-0.3587910320478154,0.8280386483704497,-2.7085164328735107,1784975777.0829577,-0.005801383813902826,0.005899190556407401,-0.022460496060650925,-0.0159378928748104,0.0068417612101723865,-0.02136712368158422,1784975777.082994,0.10108651696840294,0.10273175821920244,1784975777.0674515,12294.646484375,nan,nan,50.534912109375,nan
22.482672691345215,1784975777.1268296,BSMC,circle,circle_bsmc_5laps_set01,1784975777.0888138,-0.37284794414403444,0.8278899304680581,-2.6818162853576966,0.09855863260302931,0.10348029885623829,1784975777.0499318,-0.37611459145851006,0.8271898756740915,-2.6871493091919265,0.07689785957336426,0,0,1784975777.1230717,-0.36273096890967116,0.8262066205073713,-2.7041713830154173,1784975777.1231344,-0.008319380181490204,0.005997885770193996,-0.0223550976577207,-0.011593646838573897,0.0067583649084003074,-0.017022073823490746,1784975777.1231766,0.09809791032729999,0.10923175189409776,1784975777.1201124,12294.69921875,nan,nan,52.9069938659668,nan
22.52283763885498,1784975777.1669946,BSMC,circle,circle_bsmc_5laps_set01,1784975777.1393294,-0.37815380252590813,0.8252493887449713,-2.675619776111567,0.10627083077964947,0.10675727417494885,1784975777.0499318,-0.37611459145851006,0.8271898756740915,-2.6871493091919265,0.11706280708312988,0,0,1784975777.1638465,-0.3667130701221444,0.8243337655532335,-2.699770843617224,1784975777.163882,-0.009809595042357464,0.005958235382118946,-0.024151067505656876,-0.007193594349959148,0.006693143416126899,-0.012621534425297565,1784975777.163923,0.09632451541630098,0.11124794364605603,1784975777.1201124,12294.69921875,nan,nan,52.9069938659668,nan
22.5628821849823,1784975777.207039,BSMC,circle,circle_bsmc_5laps_set01,1784975777.1897604,-0.38420577431641756,0.8223506805025806,-2.670285168361924,0.10792984277617199,0.107188876291197,1784975777.169656,-0.3879154481174953,0.8213678027573552,-2.6732807779501053,0.037383079528808594,0,0,1784975777.2035916,-0.3705747201621705,0.8224970599595588,-2.695494647137427,1784975777.2036328,-0.012211397539746092,0.006058781595974862,-0.025209478775502614,-0.015983403333378502,0.006819595716159092,-0.02221386918732149,1784975777.2036803,0.09347075497546878,0.11163327105434515,1784975777.1671505,12294.74609375,nan,nan,46.88016891479492,nan
22.602909803390503,1784975777.2470667,BSMC,circle,circle_bsmc_5laps_set01,1784975777.2387679,-0.388614818636639,0.8200890093345145,-2.6647026765797475,0.10518654386785056,0.10829127720748169,1784975777.169656,-0.3879154481174953,0.8213678027573552,-2.6732807779501053,0.07741069793701172,0,0,1784975777.2440119,-0.37452424155580966,0.8205975498317664,-2.6911120806854005,1784975777.2440505,-0.012751875380878243,0.006016032760772631,-0.026409404105653064,-0.01160171885270815,0.006731851335986765,-0.017831302735295207,1784975777.2440917,0.09282586345409084,0.10879067440553303,1784975777.2175226,12294.7958984375,nan,nan,50.46477127075195,nan
22.643123865127563,1784975777.2872808,BSMC,circle,circle_bsmc_5laps_set01,1784975777.2387679,-0.388614818636639,0.8200890093345145,-2.6647026765797475,0.10518654386785056,0.10829127720748169,1784975777.2475092,-0.3954434313645988,0.8176967050157091,-2.661670116255399,0.03977155685424805,0,0,1784975777.282689,-0.37828471474499414,0.8187690938242272,-2.6869306412856813,1784975777.282724,-0.008571675413886098,0.005914355752358272,-0.0222279647059338,-0.01571544139132887,0.006971117246484928,-0.0252605250302822,1784975777.2827623,0.09779874193181927,0.11034930333674203,1784975777.2692306,12294.84765625,nan,nan,51.63020324707031,nan
22.683484077453613,1784975777.327641,BSMC,circle,circle_bsmc_5laps_set01,1784975777.288894,-0.39379412693184485,0.8175414456137655,-2.6588023270791648,0.10104349761099654,0.1089624152870789,1784975777.2475092,-0.3954434313645988,0.8176967050157091,-2.661670116255399,0.08013176918029785,0,0,1784975777.3229485,-0.38218786139123595,0.8168506387638714,-2.6825814973037474,1784975777.3229828,-0.009958994981796343,0.006000086070677764,-0.023779170224582646,-0.011367459747245083,0.0068707221102283274,-0.020911381048348332,1784975777.3230233,0.09614814015280211,0.10693973976298027,1784975777.2692306,12294.84765625,nan,nan,51.63020324707031,nan
22.72271156311035,1784975777.3668685,BSMC,circle,circle_bsmc_5laps_set01,1784975777.3390832,-0.39828269670923744,0.8151887051306318,-2.6533373513574596,0.10104349761099654,0.1089624152870789,1784975777.2475092,-0.3954434313645988,0.8176967050157091,-2.661670116255399,0.11935925483703613,0,1,1784975777.3638048,-0.38611922832003964,0.8148969383573713,-2.6781914378326173,1784975777.3638613,-0.010605335277165498,0.005963384505790476,-0.024854086475157636,-0.006978172701263693,0.006788561077919579,-0.016521321577218192,1784975777.3639302,0.0953781115599176,0.10645924012547936,1784975777.3437297,12294.9228515625,nan,nan,74.62638092041016,nan
22.76283311843872,1784975777.40699,BSMC,circle,circle_bsmc_5laps_set01,1784975777.3888645,-0.40315184846519764,0.8127625036962941,-2.648703402128894,0.09648173609365314,0.10723960538221573,1784975777.3684325,-0.4070251063417168,0.8116510005398836,-2.6518879151769528,0.03855752944946289,0,1,1784975777.3638048,-0.38611922832003964,0.8148969383573713,-2.6781914378326173,1784975777.3638613,-0.010605335277165498,0.005963384505790476,-0.024854086475157636,-0.01997562401948036,0.006968952087982811,-0.02630352265566449,1784975777.4034734,0.0,0.0,1784975777.3932486,12294.9716796875,nan,nan,49.46783447265625,nan
22.802735567092896,1784975777.4468925,BSMC,circle,circle_bsmc_5laps_set01,1784975777.4388738,-0.40710205900019397,0.8106296949451052,-2.6433548756997776,0.09429291183357022,0.1072053856714788,1784975777.3684325,-0.4070251063417168,0.8116510005398836,-2.6518879151769528,0.0784599781036377,0,1,1784975777.3638048,-0.38611922832003964,0.8148969383573713,-2.6781914378326173,1784975777.3638613,-0.010605335277165498,0.005963384505790476,-0.024854086475157636,-0.01997562401948036,0.006968952087982811,-0.02630352265566449,1784975777.442637,0.0,0.0,1784975777.4191582,12294.998046875,nan,nan,25.961780548095703,nan
22.84273362159729,1784975777.4868906,BSMC,circle,circle_bsmc_5laps_set01,1784975777.4388738,-0.40710205900019397,0.8106296949451052,-2.6433548756997776,0.09429291183357022,0.1072053856714788,1784975777.4474528,-0.41471676259674634,0.8080788748086176,-2.639978697777449,0.03943777084350586,0,1,1784975777.3638048,-0.38611922832003964,0.8148969383573713,-2.6781914378326173,1784975777.3638613,-0.010605335277165498,0.005963384505790476,-0.024854086475157636,-0.028352943249337813,0.007772745098231862,-0.03821274005516839,1784975777.4827652,0.0,0.0,1784975777.468392,12295.046875,nan,nan,49.09569549560547,nan
22.883333921432495,1784975777.5274909,BSMC,circle,circle_bsmc_5laps_set01,1784975777.4891887,-0.4124700027483576,0.8079014149194714,-2.637325880730706,0.09566680743634703,0.10830128065202825,1784975777.4474528,-0.41471676259674634,0.8080788748086176,-2.639978697777449,0.08003807067871094,0,1,1784975777.3638048,-0.38611922832003964,0.8148969383573713,-2.6781914378326173,1784975777.3638613,-0.010605335277165498,0.005963384505790476,-0.024854086475157636,-0.028352943249337813,0.007772745098231862,-0.03821274005516839,1784975777.5227065,0.0,0.0,1784975777.51918,12295.09765625,nan,nan,50.836334228515625,nan
22.92267417907715,1784975777.566831,BSMC,circle,circle_bsmc_5laps_set01,1784975777.5390387,-0.41639651302360564,0.8057296045983555,-2.6322409615336597,0.09337047756638939,0.10724657512265522,1784975777.4474528,-0.41471676259674634,0.8080788748086176,-2.639978697777449,0.11937832832336426,0,1,1784975777.3638048,-0.38611922832003964,0.8148969383573713,-2.6781914378326173,1784975777.3638613,-0.010605335277165498,0.005963384505790476,-0.024854086475157636,-0.028352943249337813,0.007772745098231862,-0.03821274005516839,1784975777.563024,0.0,0.0,1784975777.51918,12295.09765625,nan,nan,50.836334228515625,nan
22.96365237236023,1784975777.6078093,BSMC,circle,circle_bsmc_5laps_set01,1784975777.5892947,-0.421242224496762,0.8032348176750371,-2.626489622013814,0.08905650738177387,0.10492349924439445,1784975777.567299,-0.4262125091945017,0.8020805724055923,-2.6224321510153663,0.04051041603088379,0,1,1784975777.3638048,-0.38611922832003964,0.8148969383573713,-2.6781914378326173,1784975777.3638613,-0.010605335277165498,0.005963384505790476,-0.024854086475157636,-0.04116928825619396,0.008764708321834626,-0.05575928681725095,1784975777.602928,0.0,0.0,1784975777.5682883,12295.1474609375,nan,nan,48.983436584472656,nan
23.00281596183777,1784975777.646973,BSMC,circle,circle_bsmc_5laps_set01,1784975777.639489,-0.4243071118418697,0.8015079417654135,-2.622955078834409,0.08124564241764667,0.09907081485582499,1784975777.567299,-0.4262125091945017,0.8020805724055923,-2.6224321510153663,0.07967400550842285,0,1,1784975777.3638048,-0.38611922832003964,0.8148969383573713,-2.6781914378326173,1784975777.3638613,-0.010605335277165498,0.005963384505790476,-0.024854086475157636,-0.04116928825619396,0.008764708321834626,-0.05575928681725095,1784975777.6432648,0.0,0.0,1784975777.6183488,12295.197265625,nan,nan,50.22644805908203,nan
23.043002128601074,1784975777.687159,BSMC,circle,circle_bsmc_5laps_set01,1784975777.639489,-0.4243071118418697,0.8015079417654135,-2.622955078834409,0.08124564241764667,0.09907081485582499,1784975777.648055,-0.43342035816792845,0.7981397650390908,-2.6129800435170596,0.03910398483276367,0,1,1784975777.3638048,-0.38611922832003964,0.8148969383573713,-2.6781914378326173,1784975777.3638613,-0.010605335277165498,0.005963384505790476,-0.024854086475157636,-0.0492961281674274,0.009385706697223243,-0.06521139431555767,1784975777.6831472,0.0,0.0,1784975777.6689813,12295.248046875,nan,nan,50.572265625,nan
23.082731008529663,1784975777.726888,BSMC,circle,circle_bsmc_5laps_set01,1784975777.688791,-0.42812461650856665,0.7995097515117501,-2.6163037615736426,0.0716637235879429,0.10058133845055699,1784975777.648055,-0.43342035816792845,0.7981397650390908,-2.6129800435170596,0.07883286476135254,0,1,1784975777.3638048,-0.38611922832003964,0.8148969383573713,-2.6781914378326173,1784975777.3638613,-0.010605335277165498,0.005963384505790476,-0.024854086475157636,-0.0492961281674274,0.009385706697223243,-0.06521139431555767,1784975777.7225494,0.0,0.0,1784975777.718289,12295.296875,nan,nan,49.291194915771484,nan
23.12268090248108,1784975777.7668378,BSMC,circle,circle_bsmc_5laps_set01,1784975777.7389653,-0.42975037520074283,0.7985505649831428,-2.6114178663434293,0.057947973972876564,0.1000412912331104,1784975777.648055,-0.43342035816792845,0.7981397650390908,-2.6129800435170596,0.11878275871276855,0,1,1784975777.3638048,-0.38611922832003964,0.8148969383573713,-2.6781914378326173,1784975777.3638613,-0.010605335277165498,0.005963384505790476,-0.024854086475157636,-0.0492961281674274,0.009385706697223243,-0.06521139431555767,1784975777.7627761,0.0,0.0,1784975777.718289,12295.296875,nan,nan,49.291194915771484,nan
23.16298770904541,1784975777.8071446,BSMC,circle,circle_bsmc_5laps_set01,1784975777.7897134,-0.43285007663652014,0.7968719797635043,-2.603640023410443,0.044456473595219335,0.1016031118294015,1784975777.7670698,-0.4427850693069357,0.7925437115190445,-2.5937457320385007,0.040074825286865234,0,1,1784975777.3638048,-0.38611922832003964,0.8148969383573713,-2.6781914378326173,1784975777.3638613,-0.010605335277165498,0.005963384505790476,-0.024854086475157636,-0.06001536658951397,0.010432643862613777,-0.08444570579411659,1784975777.803106,0.0,0.0,1784975777.7761352,12295.3544921875,nan,nan,57.770389556884766,nan
23.202855348587036,1784975777.8470123,BSMC,circle,circle_bsmc_5laps_set01,1784975777.8388796,-0.43349859633782684,0.7964790758131297,-2.5998921563531896,0.032018712028036085,0.09728588202892331,1784975777.7670698,-0.4427850693069357,0.7925437115190445,-2.5937457320385007,0.07994246482849121,0,1,1784975777.3638048,-0.38611922832003964,0.8148969383573713,-2.6781914378326173,1784975777.3638613,-0.010605335277165498,0.005963384505790476,-0.024854086475157636,-0.06001536658951397,0.010432643862613777,-0.08444570579411659,1784975777.843235,0.0,0.0,1784975777.828901,12295.408203125,nan,nan,52.961204528808594,nan
23.242663383483887,1784975777.8868203,BSMC,circle,circle_bsmc_5laps_set01,1784975777.8388796,-0.43349859633782684,0.7964790758131297,-2.5998921563531896,0.032018712028036085,0.09728588202892331,1784975777.8573577,-0.4495826956050155,0.7888363396970891,-2.5849261105733343,0.029462575912475586,0,1,1784975777.3638048,-0.38611922832003964,0.8148969383573713,-2.6781914378326173,1784975777.3638613,-0.010605335277165498,0.005963384505790476,-0.024854086475157636,-0.0676511728583059,0.011405493994523938,-0.09326532725928294,1784975777.883165,0.0,0.0,1784975777.8739946,12295.453125,nan,nan,44.901554107666016,nan
23.28263568878174,1784975777.9267926,BSMC,circle,circle_bsmc_5laps_set01,1784975777.8888466,-0.436587645731065,0.7948443563905305,-2.593225036051145,0.024237922759861828,0.09656486997111981,1784975777.8573577,-0.4495826956050155,0.7888363396970891,-2.5849261105733343,0.06943488121032715,0,1,1784975777.3638048,-0.38611922832003964,0.8148969383573713,-2.6781914378326173,1784975777.3638613,-0.010605335277165498,0.005963384505790476,-0.024854086475157636,-0.0676511728583059,0.011405493994523938,-0.09326532725928294,1784975777.9226208,0.0,0.0,1784975777.9196177,12295.4990234375,nan,nan,45.85681915283203,nan
23.323025465011597,1784975777.9671824,BSMC,circle,circle_bsmc_5laps_set01,1784975777.9392052,-0.4368963792066816,0.7946524061376117,-2.5897649147934616,0.01727260185061766,0.0918228776277115,1784975777.8573577,-0.4495826956050155,0.7888363396970891,-2.5849261105733343,0.10982465744018555,0,1,1784975777.3638048,-0.38611922832003964,0.8148969383573713,-2.6781914378326173,1784975777.3638613,-0.010605335277165498,0.005963384505790476,-0.024854086475157636,-0.0676511728583059,0.011405493994523938,-0.09326532725928294,1784975777.964086,0.0,0.0,1784975777.9196177,12295.4990234375,nan,nan,45.85681915283203,nan
23.36323881149292,1784975778.0073957,BSMC,circle,circle_bsmc_5laps_set01,1784975777.9892805,-0.4416623170164139,0.7918693329652987,-2.58358159041944,0.014579696912515174,0.09086079695086134,1784975777.9700856,-0.4636998942228588,0.7793311903570677,-2.575030301231074,0.037310123443603516,0,1,1784975777.3638048,-0.38611922832003964,0.8148969383573713,-2.6781914378326173,1784975777.3638613,-0.010605335277165498,0.005963384505790476,-0.024854086475157636,-0.08454814056334473,0.011631598343600634,-0.10316113660154347,1784975778.002615,0.0,0.0,1784975777.9746583,12295.5537109375,nan,nan,54.914329528808594,nan
23.403297662734985,1784975778.0474546,BSMC,circle,circle_bsmc_5laps_set01,1784975778.0389223,-0.4418349749591374,0.7917576155176694,-2.580408461290819,0.01023339727631824,0.08629266727855678,1784975777.9700856,-0.4636998942228588,0.7793311903570677,-2.575030301231074,0.07736897468566895,0,1,1784975777.3638048,-0.38611922832003964,0.8148969383573713,-2.6781914378326173,1784975777.3638613,-0.010605335277165498,0.005963384505790476,-0.024854086475157636,-0.08454814056334473,0.011631598343600634,-0.10316113660154347,1784975778.0428545,0.0,0.0,1784975778.021716,12295.6005859375,nan,nan,47.12342834472656,nan
23.443918704986572,1784975778.0880756,BSMC,circle,circle_bsmc_5laps_set01,1784975778.0389223,-0.4418349749591374,0.7917576155176694,-2.580408461290819,0.01023339727631824,0.08629266727855678,1784975778.048111,-0.4718536808740123,0.7739973830239324,-2.560767424861829,0.03996467590332031,0,1,1784975777.3638048,-0.38611922832003964,0.8148969383573713,-2.6781914378326173,1784975777.3638613,-0.010605335277165498,0.005963384505790476,-0.024854086475157636,-0.09411702952318826,0.012851254216368471,-0.11742401297078818,1784975778.0834112,0.0,0.0,1784975778.0780253,12295.65625,nan,nan,56.04966735839844,nan
23.48276972770691,1784975778.1269267,BSMC,circle,circle_bsmc_5laps_set01,1784975778.089951,-0.44694601751519636,0.7886775698984734,-2.572867970451799,0.009444628668352696,0.08715661976300934,1784975778.048111,-0.4718536808740123,0.7739973830239324,-2.560767424861829,0.07881569862365723,0,1,1784975777.3638048,-0.38611922832003964,0.8148969383573713,-2.6781914378326173,1784975777.3638613,-0.010605335277165498,0.005963384505790476,-0.024854086475157636,-0.09411702952318826,0.012851254216368471,-0.11742401297078818,1784975778.1227672,0.0,0.0,1784975778.1186745,12295.697265625,nan,nan,40.79737091064453,nan
23.52332067489624,1784975778.1674776,BSMC,circle,circle_bsmc_5laps_set01,1784975778.1392033,-0.447045492376686,0.7886093596970882,-2.56988453848337,0.006669066067162627,0.08274975829159123,1784975778.048111,-0.4718536808740123,0.7739973830239324,-2.560767424861829,0.11936664581298828,0,1,1784975777.3638048,-0.38611922832003964,0.8148969383573713,-2.6781914378326173,1784975777.3638613,-0.010605335277165498,0.005963384505790476,-0.024854086475157636,-0.09411702952318826,0.012851254216368471,-0.11742401297078818,1784975778.1629944,0.0,0.0,1784975778.1186745,12295.697265625,nan,nan,40.79737091064453,nan
23.562851667404175,1784975778.2070086,BSMC,circle,circle_bsmc_5laps_set01,1784975778.1895018,-0.45287794285040633,0.7850699076102361,-2.56319108955767,0.00791904088066053,0.0832631254968106,1784975778.1695015,-0.48073161530040504,0.7684078138317959,-2.55192418083967,0.037507057189941406,0,1,1784975777.3638048,-0.38611922832003964,0.8148969383573713,-2.6781914378326173,1784975777.3638613,-0.010605335277165498,0.005963384505790476,-0.024854086475157636,-0.10448665656746159,0.01397430029125634,-0.12626725699294727,1784975778.2028809,0.0,0.0,1784975778.1684554,12295.7470703125,nan,nan,49.97954559326172,nan
23.60267400741577,1784975778.246831,BSMC,circle,circle_bsmc_5laps_set01,1784975778.238887,-0.4529613052866142,0.785010031312621,-2.5603146578563964,0.005536639158034362,0.07906796819703941,1784975778.1695015,-0.48073161530040504,0.7684078138317959,-2.55192418083967,0.07732939720153809,0,1,1784975777.3638048,-0.38611922832003964,0.8148969383573713,-2.6781914378326173,1784975777.3638613,-0.010605335277165498,0.005963384505790476,-0.024854086475157636,-0.10448665656746159,0.01397430029125634,-0.12626725699294727,1784975778.2430701,0.0,0.0,1784975778.2184389,12295.796875,nan,nan,49.74638748168945,nan
23.643112897872925,1784975778.2872698,BSMC,circle,circle_bsmc_5laps_set01,1784975778.238887,-0.4529613052866142,0.785010031312621,-2.5603146578563964,0.005536639158034362,0.07906796819703941,1784975778.2480245,-0.48742810037186934,0.7641082885838812,-2.542009395520795,0.0392453670501709,0,1,1784975777.3638048,-0.38611922832003964,0.8148969383573713,-2.6781914378326173,1784975777.3638613,-0.010605335277165498,0.005963384505790476,-0.024854086475157636,-0.11229760944286851,0.015238812803010628,-0.1361820423118223,1784975778.2833233,0.0,0.0,1784975778.2184389,12295.796875,nan,nan,49.74638748168945,nan
23.682969093322754,1784975778.327126,BSMC,circle,circle_bsmc_5laps_set01,1784975778.2888854,-0.4590157218471557,0.7812862839179754,-2.552297952094667,0.009561850487160437,0.08409367438218629,1784975778.2480245,-0.48742810037186934,0.7641082885838812,-2.542009395520795,0.0791015625,0,1,1784975777.3638048,-0.38611922832003964,0.8148969383573713,-2.6781914378326173,1784975777.3638613,-0.010605335277165498,0.005963384505790476,-0.024854086475157636,-0.11229760944286851,0.015238812803010628,-0.1361820423118223,1784975778.323307,0.0,0.0,1784975778.2184389,12295.796875,nan,nan,49.74638748168945,nan
23.72338342666626,1784975778.3675404,BSMC,circle,circle_bsmc_5laps_set01,1784975778.3388398,-0.45941295186534,0.7810207218905814,-2.548095638225791,0.009561850487160437,0.08409367438218629,1784975778.2480245,-0.48742810037186934,0.7641082885838812,-2.542009395520795,0.11951589584350586,0,1,1784975777.3638048,-0.38611922832003964,0.8148969383573713,-2.6781914378326173,1784975777.3638613,-0.010605335277165498,0.005963384505790476,-0.024854086475157636,-0.11229760944286851,0.015238812803010628,-0.1361820423118223,1784975778.362507,0.0,0.0,1784975778.3519976,12295.9306640625,nan,nan,3.7355289459228516,nan
23.76310110092163,1784975778.407258,BSMC,circle,circle_bsmc_5laps_set01,1784975778.3888483,-0.4660542491433418,0.7768082038059804,-2.5429653112522126,0.00885130333589557,0.08010631174809237,1784975778.37053,-0.49859158850015906,0.756299387183737,-2.531976785591686,0.0367281436920166,0,1,1784975777.3638048,-0.38611922832003964,0.8148969383573713,-2.6781914378326173,1784975777.3638613,-0.010605335277165498,0.005963384505790476,-0.024854086475157636,-0.1257626687970723,0.016354080379865507,-0.1462146522409311,1784975778.4030364,0.0,0.0,1784975778.4015272,12295.98046875,nan,nan,49.4365348815918,nan
23.803147315979004,1784975778.4473042,BSMC,circle,circle_bsmc_5laps_set01,1784975778.438775,-0.465941505759512,0.776874055241834,-2.5413086119544053,0.004669406000240886,0.07231012177161504,1784975778.37053,-0.49859158850015906,0.756299387183737,-2.531976785591686,0.07677435874938965,0,1,1784975777.3638048,-0.38611922832003964,0.8148969383573713,-2.6781914378326173,1784975777.3638613,-0.010605335277165498,0.005963384505790476,-0.024854086475157636,-0.1257626687970723,0.016354080379865507,-0.1462146522409311,1784975778.443027,0.0,0.0,1784975778.4195051,12295.998046875,nan,nan,18.064579010009766,nan
23.842794179916382,1784975778.486951,BSMC,circle,circle_bsmc_5laps_set01,1784975778.438775,-0.465941505759512,0.776874055241834,-2.5413086119544053,0.004669406000240886,0.07231012177161504,1784975778.448469,-0.5039704200410803,0.7527530104487345,-2.526327526123423,0.0384821891784668,0,1,1784975777.3638048,-0.38611922832003964,0.8148969383573713,-2.6781914378326173,1784975777.3638613,-0.010605335277165498,0.005963384505790476,-0.024854086475157636,-0.13210761805721577,0.017272765187778052,-0.15186391170919444,1784975778.483057,0.0,0.0,1784975778.4726942,12296.0517578125,nan,nan,53.02021408081055,nan
23.882681131362915,1784975778.526838,BSMC,circle,circle_bsmc_5laps_set01,1784975778.4890904,-0.47235181706059526,0.7727779497299397,-2.5353760742788682,0.006191759527961375,0.07266669839233024,1784975778.448469,-0.5039704200410803,0.7527530104487345,-2.526327526123423,0.078369140625,0,1,1784975777.3638048,-0.38611922832003964,0.8148969383573713,-2.6781914378326173,1784975777.3638613,-0.010605335277165498,0.005963384505790476,-0.024854086475157636,-0.13210761805721577,0.017272765187778052,-0.15186391170919444,1784975778.522655,0.0,0.0,1784975778.4726942,12296.0517578125,nan,nan,53.02021408081055,nan
23.92281723022461,1784975778.5669742,BSMC,circle,circle_bsmc_5laps_set01,1784975778.5391343,-0.47243260614024296,0.772718179266147,-2.5328191514001426,0.004325264493912945,0.06896317769164499,1784975778.448469,-0.5039704200410803,0.7527530104487345,-2.526327526123423,0.11850523948669434,0,1,1784975777.3638048,-0.38611922832003964,0.8148969383573713,-2.6781914378326173,1784975777.3638613,-0.010605335277165498,0.005963384505790476,-0.024854086475157636,-0.13210761805721577,0.017272765187778052,-0.15186391170919444,1784975778.5625985,0.0,0.0,1784975778.528766,12296.107421875,nan,nan,56.25642013549805,nan
23.962639570236206,1784975778.6067965,BSMC,circle,circle_bsmc_5laps_set01,1784975778.588976,-0.4783667184072147,0.7688842411016334,-2.5277836826891016,0.006192615723573963,0.06873278012279123,1784975778.5678282,-0.5068469746356263,0.7506778366084478,-2.520111223894254,0.03896832466125488,0,1,1784975777.3638048,-0.38611922832003964,0.8148969383573713,-2.6781914378326173,1784975777.3638613,-0.010605335277165498,0.005963384505790476,-0.024854086475157636,-0.1355446304506609,0.01808134165024878,-0.15808021393836347,1784975778.6030521,0.0,0.0,1784975778.5697103,12296.1484375,nan,nan,40.91012191772461,nan
24.003504276275635,1784975778.6476612,BSMC,circle,circle_bsmc_5laps_set01,1784975778.6395955,-0.47844306094294536,0.7688270934697847,-2.525318597898671,0.004355086670957341,0.06528939173160941,1784975778.5678282,-0.5068469746356263,0.7506778366084478,-2.520111223894254,0.0798330307006836,0,1,1784975777.3638048,-0.38611922832003964,0.8148969383573713,-2.6781914378326173,1784975777.3638613,-0.010605335277165498,0.005963384505790476,-0.024854086475157636,-0.1355446304506609,0.01808134165024878,-0.15808021393836347,1784975778.6427867,0.0,0.0,1784975778.6197016,12296.1982421875,nan,nan,49.9642448425293,nan
24.042887926101685,1784975778.6870449,BSMC,circle,circle_bsmc_5laps_set01,1784975778.6395955,-0.47844306094294536,0.7688270934697847,-2.525318597898671,0.004355086670957341,0.06528939173160941,1784975778.650054,-0.5068925158345237,0.7504405298672924,-2.5194626373947133,0.03699088096618652,0,1,1784975777.3638048,-0.38611922832003964,0.8148969383573713,-2.6781914378326173,1784975777.3638613,-0.010605335277165498,0.005963384505790476,-0.024854086475157636,-0.13570817781840022,0.0180029454730498,-0.15872880043790394,1784975778.6830482,0.0,0.0,1784975778.6734684,12296.251953125,nan,nan,53.51368713378906,nan
24.08267617225647,1784975778.726833,BSMC,circle,circle_bsmc_5laps_set01,1784975778.6888833,-0.48322322992013406,0.7657075558087434,-2.5217920614688105,0.005337447405012233,0.06350998706972996,1784975778.650054,-0.5068925158345237,0.7504405298672924,-2.5194626373947133,0.07677912712097168,0,1,1784975777.3638048,-0.38611922832003964,0.8148969383573713,-2.6781914378326173,1784975777.3638613,-0.010605335277165498,0.005963384505790476,-0.024854086475157636,-0.13570817781840022,0.0180029454730498,-0.15872880043790394,1784975778.7225926,0.0,0.0,1784975778.7200727,12296.298828125,nan,nan,46.74927520751953,nan
24.123652696609497,1784975778.7678096,BSMC,circle,circle_bsmc_5laps_set01,1784975778.7388024,-0.48328121843269783,0.7656637791476482,-2.519568739155224,0.0037386808198787676,0.06030009875094819,1784975778.650054,-0.5068925158345237,0.7504405298672924,-2.5194626373947133,0.11775565147399902,0,1,1784975777.3638048,-0.38611922832003964,0.8148969383573713,-2.6781914378326173,1784975777.3638613,-0.010605335277165498,0.005963384505790476,-0.024854086475157636,-0.13570817781840022,0.0180029454730498,-0.15872880043790394,1784975778.7626345,0.0,0.0,1784975778.7200727,12296.298828125,nan,nan,46.74927520751953,nan
24.162877321243286,1784975778.8070343,BSMC,circle,circle_bsmc_5laps_set01,1784975778.7889993,-0.48734999563379783,0.7630062705979058,-2.5177158323295727,0.004910889295179027,0.05691517859493653,1784975778.7693865,-0.5068840401670132,0.7504553400929843,-2.5193197886019374,0.03764772415161133,0,1,1784975777.3638048,-0.38611922832003964,0.8148969383573713,-2.6781914378326173,1784975777.3638613,-0.010605335277165498,0.005963384505790476,-0.024854086475157636,-0.13569008514637257,0.01802942484589362,-0.15887164923067987,1784975778.8032846,0.0,0.0,1784975778.769669,12296.3486328125,nan,nan,49.63519287109375,nan
24.202991485595703,1784975778.8471484,BSMC,circle,circle_bsmc_5laps_set01,1784975778.839086,-0.4874044442708297,0.7629653995991709,-2.515706044376472,0.003429437335611828,0.05404816175471948,1784975778.7693865,-0.5068840401670132,0.7504553400929843,-2.5193197886019374,0.07776188850402832,0,1,1784975777.3638048,-0.38611922832003964,0.8148969383573713,-2.6781914378326173,1784975777.3638613,-0.010605335277165498,0.005963384505790476,-0.024854086475157636,-0.13569008514637257,0.01802942484589362,-0.15887164923067987,1784975778.8430917,0.0,0.0,1784975778.8200312,12296.3994140625,nan,nan,50.410118103027344,nan
24.242903470993042,1784975778.8870604,BSMC,circle,circle_bsmc_5laps_set01,1784975778.839086,-0.4874044442708297,0.7629653995991709,-2.515706044376472,0.003429437335611828,0.05404816175471948,1784975778.8579266,-0.5068838400850137,0.7504538420294644,-2.519309428500642,0.02913379669189453,0,1,1784975777.3638048,-0.38611922832003964,0.8148969383573713,-2.6781914378326173,1784975777.3638613,-0.010605335277165498,0.005963384505790476,-0.024854086475157636,-0.1356906089849635,0.018029496730706536,-0.15888200933197538,1784975778.883304,0.0,0.0,1784975778.8697817,12296.4482421875,nan,nan,49.65254211425781,nan
24.283002614974976,1784975778.9271595,BSMC,circle,circle_bsmc_5laps_set01,1784975778.8890114,-0.49069952290702507,0.7608129324478613,-2.514789184747548,0.004133033343465908,0.05013478391715405,1784975778.8579266,-0.5068838400850137,0.7504538420294644,-2.519309428500642,0.06923294067382812,0,1,1784975777.3638048,-0.38611922832003964,0.8148969383573713,-2.6781914378326173,1784975777.3638613,-0.010605335277165498,0.005963384505790476,-0.024854086475157636,-0.1356906089849635,0.018029496730706536,-0.15888200933197538,1784975778.9227707,0.0,0.0,1784975778.9239066,12296.5029296875,nan,nan,54.243988037109375,nan
24.322941780090332,1784975778.9670987,BSMC,circle,circle_bsmc_5laps_set01,1784975778.9396825,-0.490745771299049,0.7607783923794212,-2.5129943551088956,0.0028601141063222917,0.04758116981858344,1784975778.8579266,-0.5068838400850137,0.7504538420294644,-2.519309428500642,0.10917210578918457,0,1,1784975777.3638048,-0.38611922832003964,0.8148969383573713,-2.6781914378326173,1784975777.3638613,-0.010605335277165498,0.005963384505790476,-0.024854086475157636,-0.1356906089849635,0.018029496730706536,-0.15888200933197538,1784975778.9628053,0.0,0.0,1784975778.9239066,12296.5029296875,nan,nan,54.243988037109375,nan
24.363624334335327,1784975779.0077813,BSMC,circle,circle_bsmc_5laps_set01,1784975778.989173,-0.4935215193697028,0.7589655075770985,-2.513098197483417,0.003580474093762223,0.04299150015952835,1784975778.9711077,-0.506899257953035,0.7504391588656594,-2.5193467542908725,0.036673545837402344,0,1,1784975777.3638048,-0.38611922832003964,0.8148969383573713,-2.6781914378326173,1784975777.3638613,-0.010605335277165498,0.005963384505790476,-0.024854086475157636,-0.13571236822725485,0.01802148732206625,-0.15884468354174475,1784975779.0029912,0.0,0.0,1784975778.9712155,12296.5498046875,nan,nan,47.22601318359375,nan
24.40372633934021,1784975779.0478833,BSMC,circle,circle_bsmc_5laps_set01,1784975779.0390863,-0.4935631913985339,0.7589346130793116,-2.5115831191973705,0.002475440468410359,0.040800647911487034,1784975778.9711077,-0.506899257953035,0.7504391588656594,-2.5193467542908725,0.07677555084228516,0,1,1784975777.3638048,-0.38611922832003964,0.8148969383573713,-2.6781914378326173,1784975777.3638613,-0.010605335277165498,0.005963384505790476,-0.024854086475157636,-0.13571236822725485,0.01802148732206625,-0.15884468354174475,1784975779.0427458,0.0,0.0,1784975779.02672,12296.60546875,nan,nan,55.52549362182617,nan
24.442874431610107,1784975779.0870314,BSMC,circle,circle_bsmc_5laps_set01,1784975779.0390863,-0.4935631913985339,0.7589346130793116,-2.5115831191973705,0.002475440468410359,0.040800647911487034,1784975779.0497084,-0.5069033554278886,0.7504193588517775,-2.519532678348359,0.037322998046875,0,1,1784975777.3638048,-0.38611922832003964,0.8148969383573713,-2.6781914378326173,1784975777.3638613,-0.010605335277165498,0.005963384505790476,-0.024854086475157636,-0.1357305841206508,0.017982551386611395,-0.15865875948425812,1784975779.083479,0.0,0.0,1784975779.0710468,12296.6494140625,nan,nan,44.14784240722656,nan
24.48280930519104,1784975779.1269662,BSMC,circle,circle_bsmc_5laps_set01,1784975779.0893097,-0.49579221431309606,0.7574791171584425,-2.5119849778416823,0.002828297070902348,0.03652748853181188,1784975779.0497084,-0.5069033554278886,0.7504193588517775,-2.519532678348359,0.07725787162780762,0,1,1784975777.3638048,-0.38611922832003964,0.8148969383573713,-2.6781914378326173,1784975777.3638613,-0.010605335277165498,0.005963384505790476,-0.024854086475157636,-0.1357305841206508,0.017982551386611395,-0.15865875948425812,1784975779.1227372,0.0,0.0,1784975779.1201587,12296.69921875,nan,nan,49.395294189453125,nan
24.522770643234253,1784975779.1669276,BSMC,circle,circle_bsmc_5laps_set01,1784975779.1390383,-0.49582184570506377,0.7574571670743354,-2.510715506136938,0.001981475357472928,0.03467487206692322,1784975779.0497084,-0.5069033554278886,0.7504193588517775,-2.519532678348359,0.11721920967102051,0,1,1784975777.3638048,-0.38611922832003964,0.8148969383573713,-2.6781914378326173,1784975777.3638613,-0.010605335277165498,0.005963384505790476,-0.024854086475157636,-0.1357305841206508,0.017982551386611395,-0.15865875948425812,1784975779.162593,0.0,0.0,1784975779.1201587,12296.69921875,nan,nan,49.395294189453125,nan
24.562893629074097,1784975779.2070506,BSMC,circle,circle_bsmc_5laps_set01,1784975779.1891677,-0.4977242870600732,0.7562172994978688,-2.5118008095683635,0.0024680270875329256,0.030043542538090093,1784975779.1701953,-0.5069094780244479,0.7504127553722386,-2.519753596778837,0.036855220794677734,0,1,1784975777.3638048,-0.38611922832003964,0.8148969383573713,-2.6781914378326173,1784975777.3638613,-0.010605335277165498,0.005963384505790476,-0.024854086475157636,-0.13574337671534015,0.017950764797930382,-0.15843784105378012,1784975779.2028818,0.0,0.0,1784975779.1702058,12296.7490234375,nan,nan,50.01611328125,nan
24.602843523025513,1784975779.2470005,BSMC,circle,circle_bsmc_5laps_set01,1784975779.2389276,-0.49775118818967323,0.7561975143454457,-2.5107491241534974,0.0017232934521543629,0.028526006079438823,1784975779.1701953,-0.5069094780244479,0.7504127553722386,-2.519753596778837,0.07680511474609375,0,1,1784975777.3638048,-0.38611922832003964,0.8148969383573713,-2.6781914378326173,1784975777.3638613,-0.010605335277165498,0.005963384505790476,-0.024854086475157636,-0.13574337671534015,0.017950764797930382,-0.15843784105378012,1784975779.2429903,0.0,0.0,1784975779.220304,12296.798828125,nan,nan,50.11155319213867,nan
24.64300775527954,1784975779.2871647,BSMC,circle,circle_bsmc_5laps_set01,1784975779.2389276,-0.49775118818967323,0.7561975143454457,-2.5107491241534974,0.0017232934521543629,0.028526006079438823,1784975779.2500336,-0.5069036771705797,0.7504077504309422,-2.519868090909723,0.03713107109069824,0,1,1784975777.3638048,-0.38611922832003964,0.8148969383573713,-2.6781914378326173,1784975777.3638613,-0.010605335277165498,0.005963384505790476,-0.024854086475157636,-0.13574363077988855,0.01792777583060194,-0.15832334692289415,1784975779.2827816,0.0,0.0,1784975779.2707853,12296.849609375,nan,nan,50.256290435791016,nan
24.68273901939392,1784975779.326896,BSMC,circle,circle_bsmc_5laps_set01,1784975779.288789,-0.4992784060871413,0.7552044534926864,-2.511858544339527,0.001963829620888037,0.024544687841200747,1784975779.2500336,-0.5069036771705797,0.7504077504309422,-2.519868090909723,0.07686233520507812,0,1,1784975777.3638048,-0.38611922832003964,0.8148969383573713,-2.6781914378326173,1784975777.3638613,-0.010605335277165498,0.005963384505790476,-0.024854086475157636,-0.13574363077988855,0.01792777583060194,-0.15832334692289415,1784975779.3225691,0.0,0.0,1784975779.3208683,12296.8994140625,nan,nan,50.127506256103516,nan
24.72360348701477,1784975779.3677604,BSMC,circle,circle_bsmc_5laps_set01,1784975779.3389797,-0.4992992036326069,0.7551892077264154,-2.510995634159758,0.0013680802437867484,0.023294947410295672,1784975779.2500336,-0.5069036771705797,0.7504077504309422,-2.519868090909723,0.11772680282592773,0,1,1784975777.3638048,-0.38611922832003964,0.8148969383573713,-2.6781914378326173,1784975777.3638613,-0.010605335277165498,0.005963384505790476,-0.024854086475157636,-0.13574363077988855,0.01792777583060194,-0.15832334692289415,1784975779.3628438,0.0,0.0,1784975779.3208683,12296.8994140625,nan,nan,50.127506256103516,nan
24.76334500312805,1784975779.407502,BSMC,circle,circle_bsmc_5laps_set01,1784975779.3888435,-0.5006081255633723,0.7543404665544513,-2.5124007424362182,0.001715021147539158,0.019324795786253145,1784975779.3734286,-0.5069083285819561,0.7504008924417507,-2.519822091064946,0.0340733528137207,0,1,1784975777.3638048,-0.38611922832003964,0.8148969383573713,-2.6781914378326173,1784975777.3638613,-0.010605335277165498,0.005963384505790476,-0.024854086475157636,-0.13575058146288485,0.017931154823987855,-0.15836934676767145,1784975779.4032803,0.0,0.0,1784975779.3712053,12296.9501953125,nan,nan,50.37818908691406,nan
24.802882194519043,1784975779.4470391,BSMC,circle,circle_bsmc_5laps_set01,1784975779.4395208,-0.5006281782176002,0.7543258490318899,-2.511707585718356,0.0011945682899622825,0.018346123658047855,1784975779.3734286,-0.5069083285819561,0.7504008924417507,-2.519822091064946,0.07361054420471191,0,1,1784975777.3638048,-0.38611922832003964,0.8148969383573713,-2.6781914378326173,1784975777.3638613,-0.010605335277165498,0.005963384505790476,-0.024854086475157636,-0.13575058146288485,0.017931154823987855,-0.15836934676767145,1784975779.443381,0.0,0.0,1784975779.422043,12297.0009765625,nan,nan,50.829986572265625,nan
24.842950344085693,1784975779.4871073,BSMC,circle,circle_bsmc_5laps_set01,1784975779.4395208,-0.5006281782176002,0.7543258490318899,-2.511707585718356,0.0011945682899622825,0.018346123658047855,1784975779.4539354,-0.506919121723582,0.7504039817934662,-2.519711724959414,0.033171892166137695,0,1,1784975777.3638048,-0.38611922832003964,0.8148969383573713,-2.6781914378326173,1784975777.3638613,-0.010605335277165498,0.005963384505790476,-0.024854086475157636,-0.13575557439052582,0.017954935660128513,-0.1584797128732034,1784975779.483228,0.0,0.0,1784975779.4723644,12297.05078125,nan,nan,49.77416229248047,nan
24.882732152938843,1784975779.526889,BSMC,circle,circle_bsmc_5laps_set01,1784975779.4892273,-0.5016810007729725,0.7536476289284073,-2.512932347757188,0.001366843870657288,0.015158225040456778,1784975779.4539354,-0.506919121723582,0.7504039817934662,-2.519711724959414,0.07295370101928711,0,1,1784975777.3638048,-0.38611922832003964,0.8148969383573713,-2.6781914378326173,1784975777.3638613,-0.010605335277165498,0.005963384505790476,-0.024854086475157636,-0.13575557439052582,0.017954935660128513,-0.1584797128732034,1784975779.5227084,0.0,0.0,1784975779.5250733,12297.1025390625,nan,nan,51.64898681640625,nan
24.922733783721924,1784975779.5668907,BSMC,circle,circle_bsmc_5laps_set01,1784975779.5390074,-0.5016956947427957,0.7536369424895822,-2.5124043555573503,0.0009502953799321296,0.014385012017927214,1784975779.4539354,-0.506919121723582,0.7504039817934662,-2.519711724959414,0.11295533180236816,0,1,1784975777.3638048,-0.38611922832003964,0.8148969383573713,-2.6781914378326173,1784975777.3638613,-0.010605335277165498,0.005963384505790476,-0.024854086475157636,-0.13575557439052582,0.017954935660128513,-0.1584797128732034,1784975779.5630875,0.0,0.0,1784975779.5250733,12297.1025390625,nan,nan,51.64898681640625,nan
24.96274995803833,1784975779.606907,BSMC,circle,circle_bsmc_5laps_set01,1784975779.5890694,-0.5025941257324296,0.7530629967390103,-2.5136544326224057,0.001185482432521044,0.011449284503641122,1784975779.5744734,-0.5069288305222223,0.7504130550956557,-2.519491541584541,0.032433509826660156,0,1,1784975777.3638048,-0.38611922832003964,0.8148969383573713,-2.6781914378326173,1784975777.3638613,-0.010605335277165498,0.005963384505790476,-0.024854086475157636,-0.1357542202216452,0.017997857560643968,-0.15869989624807612,1784975779.6030378,0.0,0.0,1784975779.571656,12297.150390625,nan,nan,47.95934295654297,nan
25.002742052078247,1784975779.646899,BSMC,circle,circle_bsmc_5laps_set01,1784975779.6389515,-0.5026078772205743,0.7530530290468889,-2.5132516497975215,0.0008238197370572271,0.010868693203541491,1784975779.5744734,-0.5069288305222223,0.7504130550956557,-2.519491541584541,0.07242560386657715,0,1,1784975777.3638048,-0.38611922832003964,0.8148969383573713,-2.6781914378326173,1784975777.3638613,-0.010605335277165498,0.005963384505790476,-0.024854086475157636,-0.1357542202216452,0.017997857560643968,-0.15869989624807612,1784975779.64275,0.0,0.0,1784975779.624158,12297.203125,nan,nan,52.42350387573242,nan
25.04289221763611,1784975779.6870492,BSMC,circle,circle_bsmc_5laps_set01,1784975779.6389515,-0.5026078772205743,0.7530530290468889,-2.5132516497975215,0.0008238197370572271,0.010868693203541491,1784975779.653585,-0.5067074879080878,0.7502101009341556,-2.522482738090448,0.03346419334411621,0,1,1784975777.3638048,-0.38611922832003964,0.8148969383573713,-2.6781914378326173,1784975777.3638613,-0.010605335277165498,0.005963384505790476,-0.024854086475157636,-0.135744964003835,0.0172979777398855,-0.15570869974216928,1784975779.683434,0.0,0.0,1784975779.6719553,12297.2509765625,nan,nan,47.94154739379883,nan
25.082836866378784,1784975779.7269938,BSMC,circle,circle_bsmc_5laps_set01,1784975779.6898632,-0.5032985561438098,0.7525701178209313,-2.5149857680433554,0.0009325098833183982,0.0077507079198293185,1784975779.653585,-0.5067074879080878,0.7502101009341556,-2.522482738090448,0.07340884208679199,0,1,1784975777.3638048,-0.38611922832003964,0.8148969383573713,-2.6781914378326173,1784975777.3638613,-0.010605335277165498,0.005963384505790476,-0.024854086475157636,-0.135744964003835,0.0172979777398855,-0.15570869974216928,1784975779.7228794,0.0,0.0,1784975779.6719553,12297.2509765625,nan,nan,47.94154739379883,nan
25.122977018356323,1784975779.767134,BSMC,circle,circle_bsmc_5laps_set01,1784975779.7391236,-0.5033357694607241,0.7525431779616254,-2.5146039208924504,0.0009325098833183982,0.0077507079198293185,1784975779.653585,-0.5067074879080878,0.7502101009341556,-2.522482738090448,0.11354899406433105,0,1,1784975777.3638048,-0.38611922832003964,0.8148969383573713,-2.6781914378326173,1784975777.3638613,-0.010605335277165498,0.005963384505790476,-0.024854086475157636,-0.135744964003835,0.0172979777398855,-0.15570869974216928,1784975779.7633045,0.0,0.0,1784975779.7439592,12297.3232421875,nan,nan,72.22850799560547,nan
25.16267681121826,1784975779.8068337,BSMC,circle,circle_bsmc_5laps_set01,1784975779.7891438,-0.5038959208871614,0.7521526556792577,-2.516310603182425,0.000771537185528928,0.0046706656283371254,1784975779.7703083,-0.5067074879080878,0.7502101009341556,-2.522482738090448,0.03652548789978027,0,1,1784975777.3638048,-0.38611922832003964,0.8148969383573713,-2.6781914378326173,1784975777.3638613,-0.010605335277165498,0.005963384505790476,-0.024854086475157636,-0.135744964003835,0.0172979777398855,-0.15570869974216928,1784975779.8036387,0.0,0.0,1784975779.7721941,12297.3505859375,nan,nan,28.17045783996582,nan
25.203495740890503,1784975779.8476527,BSMC,circle,circle_bsmc_5laps_set01,1784975779.8387446,-0.50390522723541,0.7521459684686136,-2.5161474002735735,0.0005441604400541921,0.004435175939570855,1784975779.7703083,-0.5067074879080878,0.7502101009341556,-2.522482738090448,0.07734441757202148,0,1,1784975777.3638048,-0.38611922832003964,0.8148969383573713,-2.6781914378326173,1784975777.3638613,-0.010605335277165498,0.005963384505790476,-0.024854086475157636,-0.135744964003835,0.0172979777398855,-0.15570869974216928,1784975779.842874,0.0,0.0,1784975779.821804,12297.400390625,nan,nan,49.699981689453125,nan
25.242722988128662,1784975779.88688,BSMC,circle,circle_bsmc_5laps_set01,1784975779.8387446,-0.50390522723541,0.7521459684686136,-2.5161474002735735,0.0005441604400541921,0.004435175939570855,1784975779.8594007,-0.5067074879080878,0.7502101009341556,-2.522482738090448,0.027479171752929688,0,1,1784975777.3638048,-0.38611922832003964,0.8148969383573713,-2.6781914378326173,1784975777.3638613,-0.010605335277165498,0.005963384505790476,-0.024854086475157636,-0.135744964003835,0.0172979777398855,-0.15570869974216928,1784975779.8833036,0.0,0.0,1784975779.871899,12297.4501953125,nan,nan,49.850486755371094,nan
25.28271985054016,1784975779.9268768,BSMC,circle,circle_bsmc_5laps_set01,1784975779.8890321,-0.5043800456842297,0.7518148776425903,-2.517456940061374,0.0006318764533295223,0.002421906348829646,1784975779.8594007,-0.5067074879080878,0.7502101009341556,-2.522482738090448,0.06747603416442871,0,1,1784975777.3638048,-0.38611922832003964,0.8148969383573713,-2.6781914378326173,1784975777.3638613,-0.010605335277165498,0.005963384505790476,-0.024854086475157636,-0.135744964003835,0.0172979777398855,-0.15570869974216928,1784975779.923552,0.0,0.0,1784975779.871899,12297.4501953125,nan,nan,49.850486755371094,nan
25.323100328445435,1784975779.9672573,BSMC,circle,circle_bsmc_5laps_set01,1784975779.9390118,-0.5043875483047804,0.7518094995364542,-2.5173716757951805,0.00043734356217326625,0.0022981616098845087,1784975779.8594007,-0.5067074879080878,0.7502101009341556,-2.522482738090448,0.10785651206970215,0,1,1784975777.3638048,-0.38611922832003964,0.8148969383573713,-2.6781914378326173,1784975777.3638613,-0.010605335277165498,0.005963384505790476,-0.024854086475157636,-0.135744964003835,0.0172979777398855,-0.15570869974216928,1784975779.9637072,0.0,0.0,1784975779.9270182,12297.505859375,nan,nan,55.27644729614258,nan
25.363523244857788,1784975780.0076802,BSMC,circle,circle_bsmc_5laps_set01,1784975779.989247,-0.5047883482493081,0.7515304851935528,-2.518499343269439,0.0005400400474096619,0.0006648426414965947,1784975779.9754877,-0.5067074841425395,0.7502102148589549,-2.5224828545868814,0.03219246864318848,0,1,1784975777.3638048,-0.38611922832003964,0.8148969383573713,-2.6781914378326173,1784975777.3638613,-0.010605335277165498,0.005963384505790476,-0.024854086475157636,-0.13574489684059413,0.017298052520723618,-0.1557085832457359,1784975780.0025933,0.0,0.0,1784975779.9739923,12297.552734375,nan,nan,46.86331558227539,nan
25.40273952484131,1784975780.0468965,BSMC,circle,circle_bsmc_5laps_set01,1784975780.0391455,-0.5047948816779818,0.7515258124002546,-2.518475856588754,0.0003777967451985061,0.0006313304292325942,1784975779.9754877,-0.5067074841425395,0.7502102148589549,-2.5224828545868814,0.07140874862670898,0,1,1784975777.3638048,-0.38611922832003964,0.8148969383573713,-2.6781914378326173,1784975777.3638613,-0.010605335277165498,0.005963384505790476,-0.024854086475157636,-0.13574489684059413,0.017298052520723618,-0.1557085832457359,1784975780.043412,0.0,0.0,1784975780.0228047,12297.6015625,nan,nan,48.9417839050293,nan
25.443073987960815,1784975780.087231,BSMC,circle,circle_bsmc_5laps_set01,1784975780.0391455,-0.5047948816779818,0.7515258124002546,-2.518475856588754,0.0003777967451985061,0.0006313304292325942,1784975780.0536578,-0.5067074841425395,0.7502102148589549,-2.5224828545868814,0.033573150634765625,0,1,1784975777.3638048,-0.38611922832003964,0.8148969383573713,-2.6781914378326173,1784975777.3638613,-0.010605335277165498,0.005963384505790476,-0.024854086475157636,-0.13574489684059413,0.017298052520723618,-0.1557085832457359,1784975780.0831206,0.0,0.0,1784975780.0722103,12297.6513671875,nan,nan,49.35102462768555,nan
25.483105182647705,1784975780.127262,BSMC,circle,circle_bsmc_5laps_set01,1784975780.08926,-0.5051154660890005,0.7513030613135216,-2.519363982454217,0.0004277858009424868,-0.0004992100082643191,1784975780.0536578,-0.5067074841425395,0.7502102148589549,-2.5224828545868814,0.07360434532165527,0,1,1784975777.3638048,-0.38611922832003964,0.8148969383573713,-2.6781914378326173,1784975777.3638613,-0.010605335277165498,0.005963384505790476,-0.024854086475157636,-0.13574489684059413,0.017298052520723618,-0.1557085832457359,1784975780.1230745,0.0,0.0,1784975780.1256602,12297.705078125,nan,nan,53.59272003173828,nan
25.52267026901245,1784975780.1668272,BSMC,circle,circle_bsmc_5laps_set01,1784975780.1393254,-0.5051203955383943,0.7512995401974006,-2.519381587737833,0.0002965884052012077,-0.0004737243470476456,1784975780.0536578,-0.5067074841425395,0.7502102148589549,-2.5224828545868814,0.11316943168640137,0,1,1784975777.3638048,-0.38611922832003964,0.8148969383573713,-2.6781914378326173,1784975777.3638613,-0.010605335277165498,0.005963384505790476,-0.024854086475157636,-0.13574489684059413,0.017298052520723618,-0.1557085832457359,1784975780.1628394,0.0,0.0,1784975780.1256602,12297.705078125,nan,nan,53.59272003173828,nan
25.563047885894775,1784975780.2072048,BSMC,circle,circle_bsmc_5laps_set01,1784975780.1897821,-0.505393933324645,0.7511098212603068,-2.520118901045168,0.0003673291129859191,-0.001352571432014673,1784975780.172824,-0.5067074841425395,0.7502102148589549,-2.5224828545868814,0.03438091278076172,0,1,1784975777.3638048,-0.38611922832003964,0.8148969383573713,-2.6781914378326173,1784975777.3638613,-0.010605335277165498,0.005963384505790476,-0.024854086475157636,-0.13574489684059413,0.017298052520723618,-0.1557085832457359,1784975780.2030346,0.0,0.0,1784975780.1725843,12297.751953125,nan,nan,46.9463005065918,nan
25.60268998146057,1784975780.246847,BSMC,circle,circle_bsmc_5laps_set01,1784975780.2394228,-0.505398333827806,0.751106681687783,-2.520166302040477,0.0002542993453182765,-0.0012836697820825332,1784975780.172824,-0.5067074841425395,0.7502102148589549,-2.5224828545868814,0.07402300834655762,0,1,1784975777.3638048,-0.38611922832003964,0.8148969383573713,-2.6781914378326173,1784975777.3638613,-0.010605335277165498,0.005963384505790476,-0.024854086475157636,-0.13574489684059413,0.017298052520723618,-0.1557085832457359,1784975780.2428346,0.0,0.0,1784975780.2275321,12297.806640625,nan,nan,54.937225341796875,nan
25.64297103881836,1784975780.287128,BSMC,circle,circle_bsmc_5laps_set01,1784975780.2394228,-0.505398333827806,0.751106681687783,-2.520166302040477,0.0002542993453182765,-0.0012836697820825332,1784975780.250213,-0.5066920203209417,0.7501698658183162,-2.5229097611763,0.03691506385803223,0,1,1784975777.3638048,-0.38611922832003964,0.8148969383573713,-2.6781914378326173,1784975777.3638613,-0.010605335277165498,0.005963384505790476,-0.024854086475157636,-0.13576307256689712,0.017198262050693275,-0.1552816766563172,1784975780.2829113,0.0,0.0,1784975780.2738836,12297.8525390625,nan,nan,46.17611312866211,nan
25.682721376419067,1784975780.3268783,BSMC,circle,circle_bsmc_5laps_set01,1784975780.2892933,-0.5056153806257266,0.7509498434568218,-2.520831086044717,0.0002866706799088279,-0.001962594270681303,1784975780.250213,-0.5066920203209417,0.7501698658183162,-2.5229097611763,0.07666540145874023,0,1,1784975777.3638048,-0.38611922832003964,0.8148969383573713,-2.6781914378326173,1784975777.3638613,-0.010605335277165498,0.005963384505790476,-0.024854086475157636,-0.13576307256689712,0.017198262050693275,-0.1552816766563172,1784975780.3225076,0.0,0.0,1784975780.2738836,12297.8525390625,nan,nan,46.17611312866211,nan
