t,ros_time,controller,trajectory,run_id,odom_stamp,odom_x,odom_y,odom_yaw,odom_v,odom_w,camera_stamp,camera_x,camera_y,camera_yaw,camera_age_s,disturbance_event,control_paused,desired_stamp,desired_x,desired_y,desired_yaw,error_stamp,error_ex,error_ey,error_etheta,camera_error_ex,camera_error_ey,camera_error_etheta,cmd_stamp,cmd_v,cmd_w,espnow_link_stamp,espnow_rx_time,espnow_robot_time_ms,espnow_seq,espnow_interarrival_ms,espnow_seq_gap
0.04318404197692871,1784967180.5493934,Backstepping,circle,circle_bs_safety_recheck_20260725,1784967180.535185,0.20871757364490326,0.3095302430814906,2.383449211743744,4.364240032904196e-202,7.055974726146283e-42,1784967180.533235,1.0347253272327066,-0.03819695967039072,1.589021499358086,0.016158342361450195,0,0,nan,nan,nan,nan,nan,nan,nan,nan,nan,nan,nan,1784967180.5452302,0.0,0.0,1784967180.5162218,3698.093017578125,nan,nan,42.050350189208984,nan
0.08276820182800293,1784967180.5889776,Backstepping,circle,circle_bs_safety_recheck_20260725,1784967180.5851495,0.20871757364490326,0.3095302430814906,2.383449211743744,3.0642894944231488e-202,6.577088789060578e-42,1784967180.533235,1.0347253272327066,-0.03819695967039072,1.589021499358086,0.055742502212524414,0,0,nan,nan,nan,nan,nan,nan,nan,nan,nan,nan,nan,1784967180.5849347,0.0,0.0,1784967180.562728,3698.1416015625,nan,nan,48.476966857910156,nan
0.1232142448425293,1784967180.6294236,Backstepping,circle,circle_bs_safety_recheck_20260725,1784967180.5851495,0.20871757364490326,0.3095302430814906,2.383449211743744,3.0642894944231488e-202,6.577088789060578e-42,1784967180.533235,1.0347253272327066,-0.03819695967039072,1.589021499358086,0.09618854522705078,0,0,nan,nan,nan,nan,nan,nan,nan,nan,nan,nan,nan,1784967180.6245902,0.0,0.0,1784967180.6136966,3698.1923828125,nan,nan,50.88636779785156,nan
0.16324853897094727,1784967180.669458,Backstepping,circle,circle_bs_safety_recheck_20260725,1784967180.6365707,0.20871757364490326,0.3095302430814906,2.383449211743744,2.132210808284068e-202,6.129097818015267e-42,1784967180.631756,1.0347253272327066,-0.03819695967039072,1.589021499358086,0.03770184516906738,0,0,nan,nan,nan,nan,nan,nan,nan,nan,nan,nan,nan,1784967180.6652398,0.0,0.0,1784967180.668116,3698.245361328125,nan,nan,52.78727722167969,nan
0.20296311378479004,1784967180.7091725,Backstepping,circle,circle_bs_safety_recheck_20260725,1784967180.6850877,0.20871757364490326,0.3095302430814906,2.383449211743744,1.4794870051410815e-202,5.710774073224525e-42,1784967180.631756,1.0347253272327066,-0.03819695967039072,1.589021499358086,0.07741641998291016,0,0,nan,nan,nan,nan,nan,nan,nan,nan,nan,nan,nan,1784967180.704619,0.0,0.0,1784967180.668116,3698.245361328125,nan,nan,52.78727722167969,nan
0.24316191673278809,1784967180.7493713,Backstepping,circle,circle_bs_safety_recheck_20260725,1784967180.7350352,0.20871757364490326,0.3095302430814906,2.383449211743744,1.0281467510642518e-202,5.321087920622334e-42,1784967180.722077,1.0347253272327066,-0.03819695967039072,1.589021499358086,0.027294397354125977,0,0,nan,nan,nan,nan,nan,nan,nan,nan,nan,nan,nan,1784967180.7453437,0.0,0.0,1784967180.7161086,3698.294677734375,nan,nan,49.36568069458008,nan
0.28313422203063965,1784967180.7893436,Backstepping,circle,circle_bs_safety_recheck_20260725,1784967180.7852592,0.20871757364490326,0.3095302430814906,2.383449211743744,7.17552646634809e-203,4.958941344806572e-42,1784967180.722077,1.0347253272327066,-0.03819695967039072,1.589021499358086,0.06726670265197754,0,0,nan,nan,nan,nan,nan,nan,nan,nan,nan,nan,nan,1784967180.7849455,0.0,0.0,1784967180.7652922,3698.3427734375,nan,nan,48.12269973754883,nan
0.322784423828125,1784967180.8289938,Backstepping,circle,circle_bs_safety_recheck_20260725,1784967180.7852592,0.20871757364490326,0.3095302430814906,2.383449211743744,7.17552646634809e-203,4.958941344806572e-42,1784967180.722077,1.0347253272327066,-0.03819695967039072,1.589021499358086,0.10691690444946289,0,0,nan,nan,nan,nan,nan,nan,nan,nan,nan,nan,nan,1784967180.8253858,0.0,0.0,1784967180.8190286,3698.397705078125,nan,nan,54.92890167236328,nan
0.36324191093444824,1784967180.8694513,Backstepping,circle,circle_bs_safety_recheck_20260725,1784967180.8349557,0.20871757364490326,0.3095302430814906,2.383449211743744,4.9530484961454535e-203,4.619169475770962e-42,1784967180.8318655,1.0347253272327066,-0.03819695967039072,1.589021499358086,0.03758573532104492,0,0,nan,nan,nan,nan,nan,nan,nan,nan,nan,nan,nan,1784967180.8647494,0.0,0.0,1784967180.8648407,3698.443359375,nan,nan,45.74830627441406,nan
0.40325260162353516,1784967180.909462,Backstepping,circle,circle_bs_safety_recheck_20260725,1784967180.8850417,0.20871757364490326,0.3095302430814906,2.383449211743744,3.4600442079258296e-203,4.304576682082687e-42,1784967180.8318655,1.0347253272327066,-0.03819695967039072,1.589021499358086,0.07759642601013184,0,0,nan,nan,nan,nan,nan,nan,nan,nan,nan,nan,nan,1784967180.904902,0.0,0.0,1784967180.8648407,3698.443359375,nan,nan,45.74830627441406,nan
0.4429595470428467,1784967180.949169,Backstepping,circle,circle_bs_safety_recheck_20260725,1784967180.9352765,0.20871757364490326,0.3095302430814906,2.383449211743744,2.3995343858517973e-203,4.0103160307098543e-42,1784967180.9222913,1.0347253272327066,-0.03819695967039072,1.589021499358086,0.026877641677856445,0,0,nan,nan,nan,nan,nan,nan,nan,nan,nan,nan,nan,1784967180.9444742,0.0,0.0,1784967180.915812,3698.49462890625,nan,nan,51.282745361328125,nan
0.48279833793640137,1784967180.9890077,Backstepping,circle,circle_bs_safety_recheck_20260725,1784967180.9849763,0.20871757364490326,0.3095302430814906,2.383449211743744,1.6804039101881628e-203,3.737778545809068e-42,1784967180.9222913,1.0347253272327066,-0.03819695967039072,1.589021499358086,0.06671643257141113,0,0,nan,nan,nan,nan,nan,nan,nan,nan,nan,nan,nan,1784967180.9860764,0.0,0.0,1784967180.9639933,3698.5419921875,nan,nan,47.203407287597656,nan
0.5230395793914795,1784967181.029249,Backstepping,circle,circle_bs_safety_recheck_20260725,1784967180.9849763,0.20871757364490326,0.3095302430814906,2.383449211743744,1.6804039101881628e-203,3.737778545809068e-42,1784967180.9222913,1.0347253272327066,-0.03819695967039072,1.589021499358086,0.10695767402648926,0,0,nan,nan,nan,nan,nan,nan,nan,nan,nan,nan,nan,1784967181.0251791,0.0,0.0,1784967181.014546,3698.59326171875,nan,nan,51.43416976928711,nan
0.5631089210510254,1784967181.0693183,Backstepping,circle,circle_bs_safety_recheck_20260725,1784967181.0359676,0.20871757364490326,0.3095302430814906,2.383449211743744,1.1695302097389415e-203,3.483155540774494e-42,1784967181.051607,1.0347253272327066,-0.03819695967039072,1.589021499358086,0.017711400985717773,0,0,nan,nan,nan,nan,nan,nan,nan,nan,nan,nan,nan,1784967181.064729,0.0,0.0,1784967181.0644803,3698.64306640625,nan,nan,49.6487922668457,nan
0.6035945415496826,1784967181.109804,Backstepping,circle,circle_bs_safety_recheck_20260725,1784967181.0849726,0.20871757364490326,0.3095302430814906,2.383449211743744,8.139687060827228e-204,3.2458764238948914e-42,1784967181.051607,1.0347253272327066,-0.03819695967039072,1.589021499358086,0.058197021484375,0,0,nan,nan,nan,nan,nan,nan,nan,nan,nan,nan,nan,1784967181.1046765,0.0,0.0,1784967181.0644803,3698.64306640625,nan,nan,49.6487922668457,nan
0.643303632736206,1784967181.149513,Backstepping,circle,circle_bs_safety_recheck_20260725,1784967181.135689,0.20871757364490326,0.3095302430814906,2.383449211743744,5.630997360078479e-204,3.023842082385331e-42,1784967181.123724,1.0347253236540832,-0.03819650338755729,1.5890214350992389,0.02578902244567871,0,0,nan,nan,nan,nan,nan,nan,nan,nan,nan,nan,nan,1784967181.1446517,0.0,0.0,1784967181.1175375,3698.694580078125,nan,nan,51.58009338378906,nan
0.6835067272186279,1784967181.189716,Backstepping,circle,circle_bs_safety_recheck_20260725,1784967181.1850505,0.20871757364490326,0.3095302430814906,2.383449211743744,3.9321266345627946e-204,2.8179901394662875e-42,1784967181.123724,1.0347253236540832,-0.03819650338755729,1.5890214350992389,0.06599211692810059,0,0,nan,nan,nan,nan,nan,nan,nan,nan,nan,nan,nan,1784967181.1850069,0.0,0.0,1784967181.164001,3698.74267578125,nan,nan,48.1947135925293,nan
0.7232668399810791,1784967181.2294762,Backstepping,circle,circle_bs_safety_recheck_20260725,1784967181.1850505,0.20871757364490326,0.3095302430814906,2.383449211743744,3.9321266345627946e-204,2.8179901394662875e-42,1784967181.123724,1.0347253236540832,-0.03819650338755729,1.5890214350992389,0.10575222969055176,0,0,nan,nan,nan,nan,nan,nan,nan,nan,nan,nan,nan,1784967181.224555,0.0,0.0,1784967181.2200155,3698.798828125,nan,nan,55.961158752441406,nan
0.7628121376037598,1784967181.2690215,Backstepping,circle,circle_bs_safety_recheck_20260725,1784967181.2350683,0.20871757364490326,0.3095302430814906,2.383449211743744,2.708002427334965e-204,2.6245257717281615e-42,1784967181.2316313,1.0347253236540832,-0.03819650338755729,1.5890214350992389,0.03739023208618164,0,0,nan,nan,nan,nan,nan,nan,nan,nan,nan,nan,nan,1784967181.2650666,0.0,0.0,1784967181.264804,3698.843505859375,nan,nan,44.66117858886719,nan
0.8033006191253662,1784967181.30951,Backstepping,circle,circle_bs_safety_recheck_20260725,1784967181.2852964,0.20871757364490326,0.3095302430814906,2.383449211743744,1.8939056022673068e-204,2.4457455310783376e-42,1784967181.2316313,1.0347253236540832,-0.03819650338755729,1.5890214350992389,0.07787871360778809,0,0,nan,nan,nan,nan,nan,nan,nan,nan,nan,nan,nan,1784967181.3049207,0.0,0.0,1784967181.264804,3698.843505859375,nan,nan,44.66117858886719,nan
0.8430957794189453,1784967181.3493052,Backstepping,circle,circle_bs_safety_recheck_20260725,1784967181.3349943,0.20871757364490326,0.3095302430814906,2.383449211743744,1.3062692178302158e-204,2.277834349696012e-42,1784967181.3235474,1.0347933779718872,-0.038192987971152274,1.5894428719528548,0.025757789611816406,0,0,nan,nan,nan,nan,nan,nan,nan,nan,nan,nan,nan,1784967181.3445241,0.0,0.0,1784967181.3197575,3698.8984375,nan,nan,54.98298645019531,nan
0.8832721710205078,1784967181.3894815,Backstepping,circle,circle_bs_safety_recheck_20260725,1784967181.3854177,0.20871757364490326,0.3095302430814906,2.383449211743744,9.051646609344147e-205,2.1216070189510703e-42,1784967181.3235474,1.0347933779718872,-0.038192987971152274,1.5894428719528548,0.0659341812133789,0,0,nan,nan,nan,nan,nan,nan,nan,nan,nan,nan,nan,1784967181.38477,0.0,0.0,1784967181.370198,3698.948974609375,nan,nan,50.54105758666992,nan
0.9229886531829834,1784967181.429198,Backstepping,circle,circle_bs_safety_recheck_20260725,1784967181.3854177,0.20871757364490326,0.3095302430814906,2.383449211743744,9.051646609344147e-205,2.1216070189510703e-42,1784967181.3235474,1.0347933779718872,-0.038192987971152274,1.5894428719528548,0.10565066337585449,0,0,nan,nan,nan,nan,nan,nan,nan,nan,nan,nan,nan,1784967181.425491,0.0,0.0,1784967181.4156413,3698.994140625,nan,nan,45.290714263916016,nan
0.9628143310546875,1784967181.4690237,Backstepping,circle,circle_bs_safety_recheck_20260725,1784967181.4349155,0.20871757364490326,0.3095302430814906,2.383449211743744,6.343586419276663e-205,1.977119590578824e-42,1784967181.4325464,1.0347975217614769,-0.03819310621020554,1.5894402189812344,0.03647732734680176,0,0,nan,nan,nan,nan,nan,nan,nan,nan,nan,nan,nan,1784967181.464477,0.0,0.0,1784967181.465606,3699.04443359375,nan,nan,50.2158088684082,nan
1.002814531326294,1784967181.509024,Backstepping,circle,circle_bs_safety_recheck_20260725,1784967181.4852922,0.20871757364490326,0.3095302430814906,2.383449211743744,4.425612575937403e-205,1.842376660991522e-42,1784967181.4325464,1.0347975217614769,-0.03819310621020554,1.5894402189812344,0.0764775276184082,0,0,nan,nan,nan,nan,nan,nan,nan,nan,nan,nan,nan,1784967181.5046058,0.0,0.0,1784967181.465606,3699.04443359375,nan,nan,50.2158088684082,nan
1.0433940887451172,1784967181.5496035,Backstepping,circle,circle_bs_safety_recheck_20260725,1784967181.5350797,0.20871757364490326,0.3095302430814906,2.383449211743744,3.0872126177351553e-205,1.7169205196881665e-42,1784967181.5344803,1.0347975217614769,-0.03819310621020554,1.5894402189812344,0.015123128890991211,0,0,1784967181.5454113,0.20871757364490326,0.3095302430814906,2.383449211743744,nan,nan,nan,nan,0.3630633709105761,0.8194538406926685,0.7940089927625096,1784967181.5454834,0.0,0.0,1784967181.515154,3699.093994140625,nan,nan,49.425567626953125,nan
1.083181381225586,1784967181.5893908,Backstepping,circle,circle_bs_safety_recheck_20260725,1784967181.5849857,0.20871757364490326,0.3095302430814906,2.383449211743744,2.1469797600368487e-205,1.5998492957704607e-42,1784967181.5344803,1.0347975217614769,-0.03819310621020554,1.5894402189812344,0.05491042137145996,0,0,1784967181.585574,0.20871757364490326,0.3095302430814906,2.383449211743744,nan,nan,nan,nan,0.3630633709105761,0.8194538406926685,0.7940089927625096,1784967181.58561,0.0,0.0,1784967181.5687852,3699.14453125,nan,nan,50.535423278808594,nan
1.1230156421661377,1784967181.629225,Backstepping,circle,circle_bs_safety_recheck_20260725,1784967181.5849857,0.20871757364490326,0.3095302430814906,2.383449211743744,2.1469797600368487e-205,1.5998492957704607e-42,1784967181.5344803,1.0347975217614769,-0.03819310621020554,1.5894402189812344,0.09474468231201172,0,0,1784967181.6253715,0.20871757364490326,0.3095302430814906,2.383449211743744,nan,nan,nan,nan,0.3630633709105761,0.8194538406926685,0.7940089927625096,1784967181.6254337,0.0,0.0,1784967181.6173873,3699.196044921875,nan,nan,51.65424728393555,nan
1.163135051727295,1784967181.6693444,Backstepping,circle,circle_bs_safety_recheck_20260725,1784967181.6349785,0.20871757364490326,0.3095302430814906,2.383449211743744,1.4884497920660568e-205,1.4905101607147223e-42,1784967181.6318505,1.0347975217614769,-0.03819310621020554,1.5894402189812344,0.03749394416809082,0,0,1784967181.6648476,0.20871757364490326,0.3095302430814906,2.383449211743744,nan,nan,nan,nan,0.3630633709105761,0.8194538406926685,0.7940089927625096,1784967181.6649065,0.0,0.0,1784967181.6655095,3699.244384765625,nan,nan,48.385276794433594,nan
1.203364610671997,1784967181.709574,Backstepping,circle,circle_bs_safety_recheck_20260725,1784967181.685441,0.20871757364490326,0.3095302430814906,2.383449211743744,1.0373997852404193e-205,1.3889166854544655e-42,1784967181.6318505,1.0347975217614769,-0.03819310621020554,1.5894402189812344,0.07772350311279297,0,0,1784967181.7050927,0.20871757364490326,0.3095302430814906,2.383449211743744,nan,nan,nan,nan,0.3630633709105761,0.8194538406926685,0.7940089927625096,1784967181.7051454,0.0,0.0,1784967181.6655095,3699.244384765625,nan,nan,48.385276794433594,nan
1.2430274486541748,1784967181.7492368,Backstepping,circle,circle_bs_safety_recheck_20260725,1784967181.7349515,0.20871757364490326,0.3095302430814906,2.383449211743744,7.095720231450665e-206,1.2930719425459498e-42,1784967181.7213721,1.0347975217614769,-0.03819310621020554,1.5894402189812344,0.027864694595336914,0,0,1784967181.745092,0.20871757364490326,0.3095302430814906,2.383449211743744,nan,nan,nan,nan,0.3630633709105761,0.8194538406926685,0.7940089927625096,1784967181.745148,0.0,0.0,1784967181.7252696,3699.303955078125,nan,nan,59.624481201171875,nan
1.2830572128295898,1784967181.7892666,Backstepping,circle,circle_bs_safety_recheck_20260725,1784967181.7851489,0.20871757364490326,0.3095302430814906,2.383449211743744,4.957781748995549e-206,1.2047318761187144e-42,1784967181.7213721,1.0347975217614769,-0.03819310621020554,1.5894402189812344,0.06789445877075195,0,0,1784967181.7853584,0.20871757364490326,0.3095302430814906,2.383449211743744,nan,nan,nan,nan,0.3630633709105761,0.8194538406926685,0.7940089927625096,1784967181.7854435,0.0,0.0,1784967181.7679815,3699.346923828125,nan,nan,42.73405075073242,nan
1.323251724243164,1784967181.829461,Backstepping,circle,circle_bs_safety_recheck_20260725,1784967181.7851489,0.20871757364490326,0.3095302430814906,2.383449211743744,4.957781748995549e-206,1.2047318761187144e-42,1784967181.7213721,1.0347975217614769,-0.03819310621020554,1.5894402189812344,0.10808897018432617,0,0,1784967181.8255324,0.20871757364490326,0.3095302430814906,2.383449211743744,nan,nan,nan,nan,0.3630633709105761,0.8194538406926685,0.7940089927625096,1784967181.8256967,0.0,0.0,1784967181.8161213,3699.39501953125,nan,nan,48.11423110961914,nan
1.3630616664886475,1784967181.869271,Backstepping,circle,circle_bs_safety_recheck_20260725,1784967181.8357122,0.20871757364490326,0.3095302430814906,2.383449211743744,3.4690918185094516e-206,1.1226529217605766e-42,1784967181.8311956,1.0347975217614769,-0.03819310621020554,1.5894402189812344,0.03807544708251953,0,0,1784967181.8646727,0.20871757364490326,0.3095302430814906,2.383449211743744,nan,nan,nan,nan,0.3630633709105761,0.8194538406926685,0.7940089927625096,1784967181.8647366,0.0,0.0,1784967181.8663874,3699.4453125,nan,nan,50.31190872192383,nan
1.4031314849853516,1784967181.9093409,Backstepping,circle,circle_bs_safety_recheck_20260725,1784967181.8855634,0.20871757364490326,0.3095302430814906,2.383449211743744,2.419136854563179e-206,1.0461325219596481e-42,1784967181.8311956,1.0347975217614769,-0.03819310621020554,1.5894402189812344,0.07814526557922363,0,0,1784967181.9051688,0.20871757364490326,0.3095302430814906,2.383449211743744,nan,nan,nan,nan,0.3630633709105761,0.8194538406926685,0.7940089927625096,1784967181.9052281,0.0,0.0,1784967181.8663874,3699.4453125,nan,nan,50.31190872192383,nan
1.443044900894165,1784967181.9492543,Backstepping,circle,circle_bs_safety_recheck_20260725,1784967181.9355686,0.20871757364490326,0.3095302430814906,2.383449211743744,1.6818729599855725e-206,9.747341733753995e-43,1784967181.9210076,1.0347975217614769,-0.03819310621020554,1.5894402189812344,0.028246641159057617,0,0,1784967181.9453454,0.20871757364490326,0.3095302430814906,2.383449211743744,nan,nan,nan,nan,0.3630633709105761,0.8194538406926685,0.7940089927625096,1784967181.945419,0.0,0.0,1784967181.9170716,3699.49609375,nan,nan,50.745994567871094,nan
1.4832251071929932,1784967181.9894345,Backstepping,circle,circle_bs_safety_recheck_20260725,1784967181.9851074,0.20871757364490326,0.3095302430814906,2.383449211743744,1.1716490160638558e-206,9.08291295533763e-43,1784967181.9210076,1.0347975217614769,-0.03819310621020554,1.5894402189812344,0.06842684745788574,0,0,1784967181.9848502,0.20871757364490326,0.3095302430814906,2.383449211743744,nan,nan,nan,nan,0.3630633709105761,0.8194538406926685,0.7940089927625096,1784967181.9849334,0.0,0.0,1784967181.966105,3699.544921875,nan,nan,48.895267486572266,nan
1.5233635902404785,1784967182.029573,Backstepping,circle,circle_bs_safety_recheck_20260725,1784967181.9851074,0.20871757364490326,0.3095302430814906,2.383449211743744,1.1716490160638558e-206,9.08291295533763e-43,1784967181.9210076,1.0347975217614769,-0.03819310621020554,1.5894402189812344,0.1085653305053711,0,0,1784967182.0245075,0.20871757364490326,0.3095302430814906,2.383449211743744,nan,nan,nan,nan,0.3630633709105761,0.8194538406926685,0.7940089927625096,1784967182.0245588,0.0,0.0,1784967182.0156064,3699.594482421875,nan,nan,49.573448181152344,nan
1.5630064010620117,1784967182.0692158,Backstepping,circle,circle_bs_safety_recheck_20260725,1784967182.035001,0.20871757364490326,0.3095302430814906,2.383449211743744,8.165660974676508e-207,8.464215079481655e-43,1784967182.050429,1.0347975217614769,-0.03819310621020554,1.5894402189812344,0.01878666877746582,0,0,1784967182.0648382,0.20871757364490326,0.3095302430814906,2.383449211743744,nan,nan,nan,nan,0.3630633709105761,0.8194538406926685,0.7940089927625096,1784967182.064905,0.0,0.0,1784967182.0156064,3699.594482421875,nan,nan,49.573448181152344,nan
1.6028037071228027,1784967182.109013,Backstepping,circle,circle_bs_safety_recheck_20260725,1784967182.0851774,0.20871757364490326,0.3095302430814906,2.383449211743744,8.165660974676508e-207,8.464215079481655e-43,1784967182.050429,1.0347975217614769,-0.03819310621020554,1.5894402189812344,0.058583974838256836,0,0,1784967182.10462,0.20871757364490326,0.3095302430814906,2.383449211743744,nan,nan,nan,nan,0.3630633709105761,0.8194538406926685,0.7940089927625096,1784967182.1046765,0.0,0.0,1784967182.0156064,3699.594482421875,nan,nan,49.573448181152344,nan
1.6431140899658203,1784967182.1493235,Backstepping,circle,circle_bs_safety_recheck_20260725,1784967182.1351755,0.20871757364490326,0.3095302430814906,2.383449211743744,8.165660974676508e-207,8.464215079481655e-43,1784967182.1227298,1.0347975217614769,-0.03819310621020554,1.5894402189812344,0.026593685150146484,0,0,1784967182.1448293,0.20871757364490326,0.3095302430814906,2.383449211743744,nan,nan,nan,nan,0.3630633709105761,0.8194538406926685,0.7940089927625096,1784967182.1448836,0.0,0.0,1784967182.1485436,3699.7275390625,nan,nan,11.333233833312988,nan
1.682811975479126,1784967182.1890213,Backstepping,circle,circle_bs_safety_recheck_20260725,1784967182.18506,0.20871757364490326,0.3095302430814906,2.383449211743744,2.5766417173533488e-207,6.788333082727152e-43,1784967182.1227298,1.0347975217614769,-0.03819310621020554,1.5894402189812344,0.06629157066345215,0,0,1784967182.1852431,0.20871757364490326,0.3095302430814906,2.383449211743744,nan,nan,nan,nan,0.3630633709105761,0.8194538406926685,0.7940089927625096,1784967182.1853144,0.0,0.0,1784967182.179266,3699.7578125,nan,nan,30.469518661499023,nan
1.7234160900115967,1784967182.2296255,Backstepping,circle,circle_bs_safety_recheck_20260725,1784967182.18506,0.20871757364490326,0.3095302430814906,2.383449211743744,2.5766417173533488e-207,6.788333082727152e-43,1784967182.1227298,1.0347975217614769,-0.03819310621020554,1.5894402189812344,0.10689568519592285,0,0,1784967182.2251167,0.20871757364490326,0.3095302430814906,2.383449211743744,nan,nan,nan,nan,0.3630633709105761,0.8194538406926685,0.7940089927625096,1784967182.22519,0.0,0.0,1784967182.2166488,3699.79541015625,nan,nan,37.53335952758789,nan
1.7629406452178955,1784967182.26915,Backstepping,circle,circle_bs_safety_recheck_20260725,1784967182.2349608,0.20871757364490326,0.3095302430814906,2.383449211743744,1.8775819374660916e-207,6.332672046181243e-43,1784967182.2334101,1.0347975217614769,-0.03819310621020554,1.5894402189812344,0.035739898681640625,0,0,1784967182.265457,0.20871757364490326,0.3095302430814906,2.383449211743744,nan,nan,nan,nan,0.3630633709105761,0.8194538406926685,0.7940089927625096,1784967182.2655246,0.0,0.0,1784967182.2669723,3699.845703125,nan,nan,50.37989807128906,nan
1.8030157089233398,1784967182.309225,Backstepping,circle,circle_bs_safety_recheck_20260725,1784967182.2851198,0.20871757364490326,0.3095302430814906,2.383449211743744,1.3354668555010374e-207,5.906391389219788e-43,1784967182.2334101,1.0347975217614769,-0.03819310621020554,1.5894402189812344,0.07581496238708496,0,0,1784967182.3056364,0.20871757364490326,0.3095302430814906,2.383449211743744,nan,nan,nan,nan,0.3630633709105761,0.8194538406926685,0.7940089927625096,1784967182.3057609,0.0,0.0,1784967182.2669723,3699.845703125,nan,nan,50.37989807128906,nan
1.8431413173675537,1784967182.3493507,Backstepping,circle,circle_bs_safety_recheck_20260725,1784967182.3350818,0.20871757364490326,0.3095302430814906,2.383449211743744,9.341611210043051e-208,5.506628281677353e-43,1784967182.3206072,1.0347659380905014,-0.03816534551635903,1.5886633178517997,0.028743505477905273,0,0,1784967182.3448877,0.20871757364490326,0.3095302430814906,2.383449211743744,nan,nan,nan,nan,0.3623983062541238,0.8197045750499353,0.7947858938919444,1784967182.3449533,0.0,0.0,1784967182.3196778,3699.898681640625,nan,nan,52.78082275390625,nan
1.883166790008545,1784967182.3893762,Backstepping,circle,circle_bs_safety_recheck_20260725,1784967182.3849044,0.20871757364490326,0.3095302430814906,2.383449211743744,6.529127216416751e-208,5.134060162844653e-43,1784967182.3206072,1.0347659380905014,-0.03816534551635903,1.5886633178517997,0.06876897811889648,0,0,1784967182.384789,0.20871757364490326,0.3095302430814906,2.383449211743744,nan,nan,nan,nan,0.3623983062541238,0.8197045750499353,0.7947858938919444,1784967182.3848422,0.0,0.0,1784967182.3687248,3699.947509765625,nan,nan,48.834808349609375,nan
1.9228711128234863,1784967182.4290805,Backstepping,circle,circle_bs_safety_recheck_20260725,1784967182.3849044,0.20871757364490326,0.3095302430814906,2.383449211743744,6.529127216416751e-208,5.134060162844653e-43,1784967182.3206072,1.0347659380905014,-0.03816534551635903,1.5886633178517997,0.10847330093383789,0,0,1784967182.424819,0.20871757364490326,0.3095302430814906,2.383449211743744,nan,nan,nan,nan,0.3623983062541238,0.8197045750499353,0.7947858938919444,1784967182.4248896,0.0,0.0,1784967182.4250903,3700.00390625,nan,nan,56.5184440612793,nan
1.9632866382598877,1784967182.469496,Backstepping,circle,circle_bs_safety_recheck_20260725,1784967182.4351566,0.20871757364490326,0.3095302430814906,2.383449211743744,4.498656259830428e-208,4.78346285291307e-43,1784967182.4328585,1.0347553668330265,-0.03816526127131576,1.5886318986617907,0.03663754463195801,0,0,1784967182.4649842,0.20871757364490326,0.3095302430814906,2.383449211743744,nan,nan,nan,nan,0.36237227885538925,0.8197053928329427,0.7948173130819532,1784967182.465049,0.0,0.0,1784967182.4250903,3700.00390625,nan,nan,56.5184440612793,nan
2.0029685497283936,1784967182.509178,Backstepping,circle,circle_bs_safety_recheck_20260725,1784967182.485454,0.20871757364490326,0.3095302430814906,2.383449211743744,3.1408122505628737e-208,4.458697532694063e-43,1784967182.4328585,1.0347553668330265,-0.03816526127131576,1.5886318986617907,0.07631945610046387,0,0,1784967182.5050209,0.20871757364490326,0.3095302430814906,2.383449211743744,nan,nan,nan,nan,0.36237227885538925,0.8197053928329427,0.7948173130819532,1784967182.505074,0.0,0.0,1784967182.471268,3700.049560546875,nan,nan,45.56390380859375,nan
2.0430445671081543,1784967182.549254,Backstepping,circle,circle_bs_safety_recheck_20260725,1784967182.5356119,0.20871757364490326,0.3095302430814906,2.383449211743744,2.185675933262551e-208,4.1555035413805886e-43,1784967182.530972,1.0347553668330265,-0.03816526127131576,1.5886318986617907,0.018281936645507812,0,0,1784967182.54452,0.20871757364490326,0.3095302430814906,2.383449211743744,nan,nan,nan,nan,0.36237227885538925,0.8197053928329427,0.7948173130819532,1784967182.5445762,0.0,0.0,1784967182.5213194,3700.099365234375,nan,nan,49.74045944213867,nan
2.0831894874572754,1784967182.5893989,Backstepping,circle,circle_bs_safety_recheck_20260725,1784967182.5850015,0.20871757364490326,0.3095302430814906,2.383449211743744,1.5010995153727376e-208,3.870270360331886e-43,1784967182.530972,1.0347553668330265,-0.03816526127131576,1.5886318986617907,0.058426856994628906,0,0,1784967182.5849862,0.20871757364490326,0.3095302430814906,2.383449211743744,nan,nan,nan,nan,0.36237227885538925,0.8197053928329427,0.7948173130819532,1784967182.585041,0.0,0.0,1784967182.5782073,3700.156982421875,nan,nan,57.75087356567383,nan
2.122781276702881,1784967182.6289907,Backstepping,circle,circle_bs_safety_recheck_20260725,1784967182.5850015,0.20871757364490326,0.3095302430814906,2.383449211743744,1.5010995153727376e-208,3.870270360331886e-43,1784967182.530972,1.0347553668330265,-0.03816526127131576,1.5886318986617907,0.09801864624023438,0,0,1784967182.6248178,0.20871757364490326,0.3095302430814906,2.383449211743744,nan,nan,nan,nan,0.36237227885538925,0.8197053928329427,0.7948173130819532,1784967182.6248744,0.0,0.0,1784967182.6224866,3700.201171875,nan,nan,44.13377380371094,nan
2.16302490234375,1784967182.6692343,Backstepping,circle,circle_bs_safety_recheck_20260725,1784967182.6355824,0.20871757364490326,0.3095302430814906,2.383449211743744,1.048926747159525e-208,3.6067603712046034e-43,1784967182.6340146,1.0347573048735486,-0.03816536982732132,1.5886388714006408,0.035219669342041016,0,0,1784967182.6653466,0.20871757364490326,0.3095302430814906,2.383449211743744,nan,nan,nan,nan,0.3623781375546843,0.8197048018809729,0.7948103403431033,1784967182.6654072,0.0,0.0,1784967182.6224866,3700.201171875,nan,nan,44.13377380371094,nan
2.2032392024993896,1784967182.7094486,Backstepping,circle,circle_bs_safety_recheck_20260725,1784967182.6849728,0.20871757364490326,0.3095302430814906,2.383449211743744,1.048926747159525e-208,3.6067603712046034e-43,1784967182.6340146,1.0347573048735486,-0.03816536982732132,1.5886388714006408,0.07543396949768066,0,0,1784967182.7047558,0.20871757364490326,0.3095302430814906,2.383449211743744,nan,nan,nan,nan,0.3623781375546843,0.8197048018809729,0.7948103403431033,1784967182.7048094,0.0,0.0,1784967182.6843708,3700.262939453125,nan,nan,61.89780807495117,nan
2.243563652038574,1784967182.749773,Backstepping,circle,circle_bs_safety_recheck_20260725,1784967182.7350693,0.20871757364490326,0.3095302430814906,2.383449211743744,5.009693551533271e-209,3.1281362862300845e-43,1784967182.722854,1.0347573048735486,-0.03816536982732132,1.5886388714006408,0.026919126510620117,0,0,1784967182.7453997,0.20871757364490326,0.3095302430814906,2.383449211743744,nan,nan,nan,nan,0.3623781375546843,0.8197048018809729,0.7948103403431033,1784967182.7454498,0.0,0.0,1784967182.7252753,3700.30419921875,nan,nan,41.101051330566406,nan
2.2828078269958496,1784967182.7890172,Backstepping,circle,circle_bs_safety_recheck_20260725,1784967182.7850485,0.20871757364490326,0.3095302430814906,2.383449211743744,3.4672385359544223e-209,2.9134043506429835e-43,1784967182.722854,1.0347573048735486,-0.03816536982732132,1.5886388714006408,0.06616330146789551,0,0,1784967182.7842615,0.20871757364490326,0.3095302430814906,2.383449211743744,nan,nan,nan,nan,0.3623781375546843,0.8197048018809729,0.7948103403431033,1784967182.7843823,0.0,0.0,1784967182.7800367,3700.35888671875,nan,nan,54.72093200683594,nan
2.3238983154296875,1784967182.8301077,Backstepping,circle,circle_bs_safety_recheck_20260725,1784967182.7850485,0.20871757364490326,0.3095302430814906,2.383449211743744,3.4672385359544223e-209,2.9134043506429835e-43,1784967182.722854,1.0347573048735486,-0.03816536982732132,1.5886388714006408,0.1072537899017334,0,0,1784967182.8249717,0.20871757364490326,0.3095302430814906,2.383449211743744,nan,nan,nan,nan,0.3623781375546843,0.8197048018809729,0.7948103403431033,1784967182.8250325,0.0,0.0,1784967182.8172295,3700.39599609375,nan,nan,37.19161605834961,nan
2.362924098968506,1784967182.8691335,Backstepping,circle,circle_bs_safety_recheck_20260725,1784967182.8353367,0.20871757364490326,0.3095302430814906,2.383449211743744,2.4647889246372666e-209,2.7168387533393938e-43,1784967182.8333056,1.034758211675839,-0.038168320565634635,1.5886572946517923,0.0358278751373291,0,0,1784967182.8648407,0.20871757364490326,0.3095302430814906,2.383449211743744,nan,nan,nan,nan,0.3623962055837877,0.8196989795158356,0.7947919170919517,1784967182.8649096,0.0,0.0,1784967182.8670301,3700.44580078125,nan,nan,49.86054992675781,nan
2.4034650325775146,1784967182.9096744,Backstepping,circle,circle_bs_safety_recheck_20260725,1784967182.884951,0.20871757364490326,0.3095302430814906,2.383449211743744,1.7318020691660132e-209,2.5331846943247593e-43,1784967182.8333056,1.034758211675839,-0.038168320565634635,1.5886572946517923,0.07636880874633789,0,0,1784967182.905252,0.20871757364490326,0.3095302430814906,2.383449211743744,nan,nan,nan,nan,0.3623962055837877,0.8196989795158356,0.7947919170919517,1784967182.9053102,0.0,0.0,1784967182.8670301,3700.44580078125,nan,nan,49.86054992675781,nan
2.4432435035705566,1784967182.9494529,Backstepping,circle,circle_bs_safety_recheck_20260725,1784967182.9354908,0.20871757364490326,0.3095302430814906,2.383449211743744,1.2104563445745016e-209,2.3617282184313785e-43,1784967182.9225419,1.034758211675839,-0.038168320565634635,1.5886572946517923,0.026911020278930664,0,0,1784967182.944863,0.20871757364490326,0.3095302430814906,2.383449211743744,nan,nan,nan,nan,0.3623962055837877,0.8196989795158356,0.7947919170919517,1784967182.9449215,0.0,0.0,1784967182.917215,3700.495849609375,nan,nan,49.978485107421875,nan
2.482797384262085,1784967182.9890068,Backstepping,circle,circle_bs_safety_recheck_20260725,1784967182.9849427,0.20871757364490326,0.3095302430814906,2.383449211743744,8.4326026528822e-210,2.201616997113681e-43,1784967182.9225419,1.034758211675839,-0.038168320565634635,1.5886572946517923,0.06646490097045898,0,0,1784967182.9849136,0.20871757364490326,0.3095302430814906,2.383449211743744,nan,nan,nan,nan,0.3623962055837877,0.8196989795158356,0.7947919170919517,1784967182.9849703,0.0,0.0,1784967182.9677105,3700.54638671875,nan,nan,50.49110412597656,nan
2.523151159286499,1784967183.0293605,Backstepping,circle,circle_bs_safety_recheck_20260725,1784967182.9849427,0.20871757364490326,0.3095302430814906,2.383449211743744,8.4326026528822e-210,2.201616997113681e-43,1784967182.9225419,1.034758211675839,-0.038168320565634635,1.5886572946517923,0.10681867599487305,0,0,1784967183.0246336,0.20871757364490326,0.3095302430814906,2.383449211743744,nan,nan,nan,nan,0.3623962055837877,0.8196989795158356,0.7947919170919517,1784967183.0247042,0.0,0.0,1784967183.0176494,3700.596435546875,nan,nan,50.16724395751953,nan
2.563255548477173,1784967183.069465,Backstepping,circle,circle_bs_safety_recheck_20260725,1784967183.0351741,0.20871757364490326,0.3095302430814906,2.383449211743744,5.870466637159678e-210,2.0522443359978913e-43,1784967183.0531368,1.034758211675839,-0.038168320565634635,1.5886572946517923,0.016328096389770508,0,0,1784967183.0650094,0.20871757364490326,0.3095302430814906,2.383449211743744,nan,nan,nan,nan,0.3623962055837877,0.8196989795158356,0.7947919170919517,1784967183.0650637,0.0,0.0,1784967183.0685208,3700.6474609375,nan,nan,50.94112014770508,nan
2.6034538745880127,1784967183.1096632,Backstepping,circle,circle_bs_safety_recheck_20260725,1784967183.0854495,0.20871757364490326,0.3095302430814906,2.383449211743744,4.0782831016625866e-210,1.9127438668005133e-43,1784967183.0531368,1.034758211675839,-0.038168320565634635,1.5886572946517923,0.05652642250061035,0,0,1784967183.1063702,0.20871757364490326,0.3095302430814906,2.383449211743744,nan,nan,nan,nan,0.3623962055837877,0.8196989795158356,0.7947919170919517,1784967183.1064372,0.0,0.0,1784967183.0685208,3700.6474609375,nan,nan,50.94112014770508,nan
2.64321231842041,1784967183.1494217,Backstepping,circle,circle_bs_safety_recheck_20260725,1784967183.1349835,0.20871757364490326,0.3095302430814906,2.383449211743744,2.8319291307960847e-210,1.782562725541764e-43,1784967183.1215026,1.034758211675839,-0.038168320565634635,1.5886572946517923,0.02791905403137207,0,0,1784967183.1449702,0.20871757364490326,0.3095302430814906,2.383449211743744,nan,nan,nan,nan,0.3623962055837877,0.8196989795158356,0.7947919170919517,1784967183.1450276,0.0,0.0,1784967183.118538,3700.697265625,nan,nan,49.82390213012695,nan
2.683389663696289,1784967183.189599,Backstepping,circle,circle_bs_safety_recheck_20260725,1784967183.1851459,0.20871757364490326,0.3095302430814906,2.383449211743744,1.9559840547792674e-210,1.660680141143954e-43,1784967183.1215026,1.034758211675839,-0.038168320565634635,1.5886572946517923,0.06809639930725098,0,0,1784967183.1846209,0.20871757364490326,0.3095302430814906,2.383449211743744,nan,nan,nan,nan,0.3623962055837877,0.8196989795158356,0.7947919170919517,1784967183.1846883,0.0,0.0,1784967183.1723483,3700.751220703125,nan,nan,53.85093307495117,nan
2.722801923751831,1784967183.2290113,Backstepping,circle,circle_bs_safety_recheck_20260725,1784967183.1851459,0.20871757364490326,0.3095302430814906,2.383449211743744,1.9559840547792674e-210,1.660680141143954e-43,1784967183.1215026,1.034758211675839,-0.038168320565634635,1.5886572946517923,0.10750865936279297,0,0,1784967183.2250154,0.20871757364490326,0.3095302430814906,2.383449211743744,nan,nan,nan,nan,0.3623962055837877,0.8196989795158356,0.7947919170919517,1784967183.225064,0.0,0.0,1784967183.2189808,3700.7978515625,nan,nan,46.66110610961914,nan
2.7629358768463135,1784967183.2691453,Backstepping,circle,circle_bs_safety_recheck_20260725,1784967183.2351537,0.20871757364490326,0.3095302430814906,2.383449211743744,1.364536681789912e-210,1.547655116449364e-43,1784967183.2347064,1.034758211675839,-0.038168320565634635,1.5886572946517923,0.0344388484954834,0,0,1784967183.264728,0.20871757364490326,0.3095302430814906,2.383449211743744,nan,nan,nan,nan,0.3623962055837877,0.8196989795158356,0.7947919170919517,1784967183.2647932,0.0,0.0,1784967183.2189808,3700.7978515625,nan,nan,46.66110610961914,nan
2.802912712097168,1784967183.309122,Backstepping,circle,circle_bs_safety_recheck_20260725,1784967183.2851603,0.20871757364490326,0.3095302430814906,2.383449211743744,9.487695149722167e-211,1.4421564208946435e-43,1784967183.2347064,1.034758211675839,-0.038168320565634635,1.5886572946517923,0.07441568374633789,0,0,1784967183.3052263,0.20871757364490326,0.3095302430814906,2.383449211743744,nan,nan,nan,nan,0.3623962055837877,0.8196989795158356,0.7947919170919517,1784967183.305287,0.0,0.0,1784967183.2697816,3700.8486328125,nan,nan,50.91270446777344,nan
2.8430395126342773,1784967183.349249,Backstepping,circle,circle_bs_safety_recheck_20260725,1784967183.3353884,0.20871757364490326,0.3095302430814906,2.383449211743744,6.601944924789298e-211,1.343875795538917e-43,1784967183.3230844,1.0347268838581933,-0.03816161167531133,1.588512172837731,0.026164531707763672,0,0,1784967183.3450527,0.20871757364490326,0.3095302430814906,2.383449211743744,nan,nan,nan,nan,0.3622699827579021,0.8197203584246578,0.7949370389060131,1784967183.3451154,0.0,0.0,1784967183.319414,3700.898193359375,nan,nan,49.39302062988281,nan
2.882877826690674,1784967183.3890872,Backstepping,circle,circle_bs_safety_recheck_20260725,1784967183.38525,0.20871757364490326,0.3095302430814906,2.383449211743744,4.597020933008519e-211,1.252333277013542e-43,1784967183.3230844,1.0347268838581933,-0.03816161167531133,1.588512172837731,0.06600284576416016,0,0,1784967183.3846455,0.20871757364490326,0.3095302430814906,2.383449211743744,nan,nan,nan,nan,0.3622699827579021,0.8197203584246578,0.7949370389060131,1784967183.3846982,0.0,0.0,1784967183.3690617,3700.94775390625,nan,nan,49.744781494140625,nan
2.9229581356048584,1784967183.4291675,Backstepping,circle,circle_bs_safety_recheck_20260725,1784967183.38525,0.20871757364490326,0.3095302430814906,2.383449211743744,4.597020933008519e-211,1.252333277013542e-43,1784967183.3230844,1.0347268838581933,-0.03816161167531133,1.588512172837731,0.10608315467834473,0,0,1784967183.4246216,0.20871757364490326,0.3095302430814906,2.383449211743744,nan,nan,nan,nan,0.3622699827579021,0.8197203584246578,0.7949370389060131,1784967183.4246821,0.0,0.0,1784967183.4177923,3700.99658203125,nan,nan,48.66448974609375,nan
2.9632649421691895,1784967183.4694743,Backstepping,circle,circle_bs_safety_recheck_20260725,1784967183.435118,0.20871757364490326,0.3095302430814906,2.383449211743744,3.205860549762102e-211,1.1671294553170998e-43,1784967183.4326966,1.0347268838581933,-0.03816161167531133,1.588512172837731,0.03677773475646973,0,0,1784967183.464816,0.20871757364490326,0.3095302430814906,2.383449211743744,nan,nan,nan,nan,0.3622699827579021,0.8197203584246578,0.7949370389060131,1784967183.4648924,0.0,0.0,1784967183.4177923,3700.99658203125,nan,nan,48.66448974609375,nan
3.0030465126037598,1784967183.509256,Backstepping,circle,circle_bs_safety_recheck_20260725,1784967183.485111,0.20871757364490326,0.3095302430814906,2.383449211743744,2.2150527644411975e-211,1.0872576314307025e-43,1784967183.4326966,1.0347268838581933,-0.03816161167531133,1.588512172837731,0.07655930519104004,0,0,1784967183.5047212,0.20871757364490326,0.3095302430814906,2.383449211743744,nan,nan,nan,nan,0.3622699827579021,0.8197203584246578,0.7949370389060131,1784967183.5047827,0.0,0.0,1784967183.4721475,3701.051025390625,nan,nan,54.49588394165039,nan
3.042903423309326,1784967183.5491128,Backstepping,circle,circle_bs_safety_recheck_20260725,1784967183.5357425,0.20871757364490326,0.3095302430814906,2.383449211743744,1.5416838883021453e-211,1.0130764515157516e-43,1784967183.5340044,1.0347268838581933,-0.03816161167531133,1.588512172837731,0.015108346939086914,0,0,1784967183.5047212,0.20871757364490326,0.3095302430814906,2.383449211743744,nan,nan,nan,nan,0.3622699827579021,0.8197203584246578,0.7949370389060131,1784967183.545433,0.0,0.0,1784967183.5198064,3701.098388671875,nan,nan,47.42037582397461,nan
3.0829017162323,1784967183.589111,Backstepping,circle,circle_bs_safety_recheck_20260725,1784967183.5850852,0.20871757364490326,0.3095302430814906,2.383449211743744,1.070527594895274e-211,9.438609960329792e-44,1784967183.5340044,1.0347268838581933,-0.03816161167531133,1.588512172837731,0.05510663986206055,0,0,1784967183.5851066,0.2086969260921328,0.309549794187689,2.3834776470596215,1784967183.5851462,2.843531587354167e-05,4.0428364264517e-10,2.8435315877484157e-05,0.3622898965658442,0.8197406563911136,0.7949654742218906,1784967183.5851908,0.0012013575491102893,0.0011684196556379512,1784967183.571093,3701.14990234375,nan,nan,51.43937301635742,nan
3.1228718757629395,1784967183.6290812,Backstepping,circle,circle_bs_safety_recheck_20260725,1784967183.5850852,0.20871757364490326,0.3095302430814906,2.383449211743744,1.070527594895274e-211,9.438609960329792e-44,1784967183.5340044,1.0347268838581933,-0.03816161167531133,1.588512172837731,0.0950767993927002,0,0,1784967183.625087,0.2086491431651529,0.30959503542887634,2.383543449628086,1784967183.625137,9.423788420218861e-05,4.440389420977268e-09,9.423788434181901e-05,0.3623359771784068,0.8197876303749854,0.7950312767903549,1784967183.6251915,0.0022364316119193118,0.0021275925562714145,1784967183.620143,3701.198974609375,nan,nan,49.01234817504883,nan
3.163001537322998,1784967183.669211,Backstepping,circle,circle_bs_safety_recheck_20260725,1784967183.635669,0.20871757364490326,0.3095302430814906,2.383449211743744,7.452619164920493e-212,8.79459664612657e-44,1784967183.634087,1.0347268838581933,-0.03816161167531133,1.588512172837731,0.03512382507324219,0,0,1784967183.6646404,0.20857412259311003,0.3096660534523868,2.3836467532867935,1784967183.664676,0.00019754154176491206,1.951133056374765e-08,0.00019754154304951754,0.3624083130410474,0.8198613810961277,0.7951345804490626,1784967183.6647177,0.0033090254209604017,0.0030815484559823013,1784967183.620143,3701.198974609375,nan,nan,49.01234817504883,nan
3.2028968334198,1784967183.7091062,Backstepping,circle,circle_bs_safety_recheck_20260725,1784967183.6850684,0.20871757364490326,0.3095302430814906,2.383449211743744,5.190916604751122e-212,8.194918623214849e-44,1784967183.634087,1.0347268838581933,-0.03816161167531133,1.588512172837731,0.07501912117004395,0,0,1784967183.705539,0.2084682607319274,0.3097662423059114,2.3837925083555263,1784967183.7055779,0.00034329660503917565,5.8926281312846876e-08,0.0003432966117822289,0.3625103615071222,0.819965451507847,0.7952803355177953,1784967183.7056234,0.004458593235774209,0.004064470148242573,1784967183.6695614,3701.24853515625,nan,nan,49.586605072021484,nan
3.243166208267212,1784967183.7493756,Backstepping,circle,circle_bs_safety_recheck_20260725,1784967183.7351649,0.20871757364490326,0.3095302430814906,2.383449211743744,3.611155626602938e-212,7.63588268621348e-44,1784967183.7224762,1.0347268838581933,-0.03816161167531133,1.588512172837731,0.026899337768554688,0,0,1784967183.7450752,0.2083379338185054,0.309889544997748,2.3839719203346768,1784967183.7451117,0.0005227085671297004,1.366121324039831e-07,0.00052270859093273,0.3626359535808786,0.8200935736729311,0.7954597474969458,1784967183.7451506,0.005616902528086318,0.005018585407361965,1784967183.719674,3701.298583984375,nan,nan,49.982540130615234,nan
3.2828288078308105,1784967183.7890382,Backstepping,circle,circle_bs_safety_recheck_20260725,1784967183.7852423,0.20871757364490326,0.3095302430814906,2.383449211743744,2.486075814167211e-212,7.111245809037342e-44,1784967183.7224762,1.0347268838581933,-0.03816161167531133,1.588512172837731,0.06656193733215332,0,0,1784967183.7849002,0.20818044941794842,0.3100384823639667,2.384188677516008,1784967183.7849476,0.0007394657048731155,2.734048017105596e-07,0.0007394657722641362,0.36278765739908037,0.8202483949473669,0.7956765046782772,1784967183.7849994,0.006817711066710343,0.005973800190959898,1784967183.7754529,3701.354248046875,nan,nan,55.74729919433594,nan
3.323061466217041,1784967183.8292708,Backstepping,circle,circle_bs_safety_recheck_20260725,1784967183.7852423,0.20871757364490326,0.3095302430814906,2.383449211743744,2.486075814167211e-212,7.111245809037342e-44,1784967183.7224762,1.0347268838581933,-0.03816161167531133,1.588512172837731,0.10679459571838379,0,0,1784967183.824743,0.20799276032697547,0.31021590071243255,2.3844469495927285,1784967183.8247812,0.000997737683446391,4.977403663667572e-07,0.0009977378489844924,0.36296837280390626,0.8204329116341494,0.7959347767549976,1784967183.824826,0.00808072795383858,0.00694550223958276,1784967183.8221476,3701.400390625,nan,nan,46.09109115600586,nan
3.363823652267456,1784967183.870033,Backstepping,circle,circle_bs_safety_recheck_20260725,1784967183.8351588,0.20871757364490326,0.3095302430814906,2.383449211743744,1.7331093015436927e-212,6.625493480941734e-44,1784967183.836799,1.034731116015081,-0.03816173057213112,1.5885068255695245,0.0332341194152832,0,0,1784967183.8652122,0.207775109253873,0.31042152656822736,2.384746372342138,1784967183.865256,0.0012971602346212611,8.413126910927597e-07,0.0012971605983937984,0.36317362766746514,0.8206530572927135,0.7962395467726133,1784967183.8653,0.009399326340509205,0.007927919270478338,1784967183.8221476,3701.400390625,nan,nan,46.09109115600586,nan
3.4033517837524414,1784967183.9095612,Backstepping,circle,circle_bs_safety_recheck_20260725,1784967183.8854272,0.20871757364490326,0.3095302430814906,2.383449211743744,1.2089216379588655e-212,6.173530273922998e-44,1784967183.836799,1.034731116015081,-0.03816173057213112,1.5885068255695245,0.07276225090026855,0,0,1784967183.9045362,0.20753523962124343,0.31064800060759656,2.3850762631303586,1784967183.904571,0.0016270506687336718,1.3236478153696128e-06,0.0016270513866145642,0.36340431417839375,0.8208888785488412,0.7965694375608341,1784967183.904608,0.010729581909419061,0.008889514420691332,1784967183.8704894,3701.449462890625,nan,nan,49.12702178955078,nan
3.442887544631958,1784967183.949097,Backstepping,circle,circle_bs_safety_recheck_20260725,1784967183.9349713,0.20871757364490326,0.3095302430814906,2.383449211743744,8.316387300796292e-213,5.748775973302446e-44,1784967183.924863,1.034731116015081,-0.03816173057213112,1.5885068255695245,0.02423381805419922,0,0,1784967183.9448476,0.20726277090109255,0.31090507175749227,2.3854508626247664,1784967183.9448857,0.002001649544384585,2.003302455948295e-06,0.002001650881022332,0.3636661703173205,0.8211567519183196,0.7969440370552419,1784967183.9449263,0.012129900736869688,0.009873116296374527,1784967183.926501,3701.50537109375,nan,nan,55.977352142333984,nan
3.483349084854126,1784967183.9895585,Backstepping,circle,circle_bs_safety_recheck_20260725,1784967183.9850895,0.20871757364490326,0.3095302430814906,2.383449211743744,5.8239016420851114e-213,5.35692501544651e-44,1784967183.924863,1.034731116015081,-0.03816173057213112,1.5885068255695245,0.06469535827636719,0,0,1784967183.984766,0.20696412591299504,0.31118661842934076,2.3858612981979195,1784967183.9848056,0.0024120841151913748,2.9090791207363794e-06,0.002412086454175455,0.3639529617103092,0.8214503639995634,0.797354472628395,1784967183.9848497,0.01356534100842862,0.010854117636551388,1784967183.9706593,3701.549560546875,nan,nan,44.09974670410156,nan
3.5231127738952637,1784967184.0293221,Backstepping,circle,circle_bs_safety_recheck_20260725,1784967183.9850895,0.20871757364490326,0.3095302430814906,2.383449211743744,5.8239016420851114e-213,5.35692501544651e-44,1784967183.924863,1.034731116015081,-0.03816173057213112,1.5885068255695245,0.10445904731750488,0,0,1784967184.0251892,0.20663228423900126,0.311499189799245,2.3863171707255866,1784967184.0252278,0.0028679550502603572,4.112591541899141e-06,0.0028679589818425555,0.3642713608349802,0.821776618126421,0.7978103451560621,1784967184.0252707,0.01506832986651071,0.011854710508261706,1784967184.0206048,3701.599365234375,nan,nan,49.84596252441406,nan
3.563016414642334,1784967184.0692258,Backstepping,circle,circle_bs_safety_recheck_20260725,1784967184.0352428,0.20871757364490326,0.3095302430814906,2.383449211743744,4.06469967719923e-213,4.991760457146171e-44,1784967184.0514383,1.0347062733754062,-0.0381614245930609,1.588700769028506,0.017787456512451172,0,0,1784967184.065077,0.20627854017163064,0.3118320775021525,2.386802916639194,1784967184.065124,0.0033536986087457253,5.6236629919815834e-06,0.0033537048954501714,0.3647691490824948,0.8220288489631314,0.7981021476106882,1784967184.0651739,0.016587984216903065,0.01284162895282775,1784967184.0206048,3701.599365234375,nan,nan,49.84596252441406,nan
3.6030876636505127,1784967184.109297,Backstepping,circle,circle_bs_safety_recheck_20260725,1784967184.0855207,0.20871757364490326,0.3095302430814906,2.383449211743744,2.8367138216714528e-213,4.651837923077172e-44,1784967184.0514383,1.0347062733754062,-0.0381614245930609,1.588700769028506,0.05785870552062988,0,0,1784967184.1051428,0.2058950225810599,0.3121926175315312,2.38732929564852,1784967184.1052496,0.0038800741689732753,7.527516110154191e-06,0.0038800839047761215,0.3651364976261078,0.822405850160168,0.7986285266200142,1784967184.1053584,0.018159548773701413,0.01383861905010913,1784967184.069642,3701.64794921875,nan,nan,48.707218170166016,nan
3.643075942993164,1784967184.1492853,Backstepping,circle,circle_bs_safety_recheck_20260725,1784967184.1356113,0.20871757364490326,0.3095302430814906,2.383449211743744,1.970778467799407e-213,4.3343686753651836e-44,1784967184.1236875,1.0347062733754062,-0.0381614245930609,1.588700769028506,0.025597810745239258,0,0,1784967184.1448903,0.2054857310840363,0.31257696812895147,2.3878907624058217,1784967184.1449473,0.004441536058738263,9.863669926504608e-06,0.004441550662077631,0.36552811436416305,0.8228081948404461,0.7991899933773157,1784967184.1450977,0.019766541538025997,0.014835681301216255,1784967184.1209054,3701.699462890625,nan,nan,51.323177337646484,nan
3.6830384731292725,1784967184.1892478,Backstepping,circle,circle_bs_safety_recheck_20260725,1784967184.1850364,0.20871757364490326,0.3095302430814906,2.383449211743744,1.373368633917259e-213,4.03906804772921e-44,1784967184.1236875,1.0347062733754062,-0.0381614245930609,1.588700769028506,0.06556034088134766,0,0,1784967184.1846306,0.2050477538688265,0.31298777784651505,2.388491252768711,1784967184.1846743,0.005042019661717087,1.2711061920172e-05,0.005042041024966971,0.36594669955583115,0.8232387469306788,0.7997904837402049,1784967184.1847284,0.021420597848812978,0.015840540242635447,1784967184.1698208,3701.74853515625,nan,nan,49.233604431152344,nan
3.722825288772583,1784967184.2290347,Backstepping,circle,circle_bs_safety_recheck_20260725,1784967184.1850364,0.20871757364490326,0.3095302430814906,2.383449211743744,1.373368633917259e-213,4.03906804772921e-44,1784967184.1236875,1.0347062733754062,-0.0381614245930609,1.588700769028506,0.1053471565246582,0,0,1784967184.225016,0.20457381574149933,0.3134317613935489,2.389140666930393,1784967184.2250562,0.005691424459801341,1.6196287350759078e-05,0.005691455186648931,0.36639909708553403,0.8237046602420254,0.800439897901887,1784967184.225101,0.023147314681383355,0.01686852315779189,1784967184.2214112,3701.800048828125,nan,nan,51.40870666503906,nan
3.7632558345794678,1784967184.2694652,Backstepping,circle,circle_bs_safety_recheck_20260725,1784967184.2350068,0.20871757364490326,0.3095302430814906,2.383449211743744,9.531961378495115e-214,3.7632495485968686e-44,1784967184.2335324,1.0347062733754062,-0.0381614245930609,1.588700769028506,0.03593277931213379,0,0,1784967184.2649148,0.20408106296910622,0.31389275825090485,2.3898154434967243,1784967184.2649689,0.006366188750331956,2.0264384925116827e-05,0.006366231752980234,0.36686884204638937,0.8241890805852646,0.8011146744682183,1784967184.2650301,0.02488434488803524,0.017883183338730377,1784967184.2214112,3701.800048828125,nan,nan,51.40870666503906,nan
3.803156614303589,1784967184.309366,Backstepping,circle,circle_bs_safety_recheck_20260725,1784967184.2850704,0.20871757364490326,0.3095302430814906,2.383449211743744,6.564021388704156e-214,3.5047055853462324e-44,1784967184.2335324,1.0347062733754062,-0.0381614245930609,1.588700769028506,0.07583355903625488,0,0,1784967184.3049052,0.20355432457613043,0.3143848616645723,2.3905362896154476,1784967184.3049448,0.0070870185451289225,2.51132312666753e-05,0.007087077871703596,0.3673702970388601,0.8247069241860787,0.8018355205869416,1784967184.304987,0.026685701477667287,0.01891659107411343,1784967184.2761056,3701.85498046875,nan,nan,54.9930305480957,nan
3.8429150581359863,1784967184.3491244,Backstepping,circle,circle_bs_safety_recheck_20260725,1784967184.3349767,0.20871757364490326,0.3095302430814906,2.383449211743744,4.586061729159593e-214,3.2656601572253603e-44,1784967184.3275044,1.0347492123068733,-0.0381592432842108,1.5888274849101487,0.02162003517150879,0,0,1784967184.3453925,0.20300189300508806,0.31490020565286614,2.391291776275887,1784967184.345443,0.00784248413849859,3.0752751597164923e-05,0.007842564532142937,0.3679986114534211,0.8252463872188792,0.8024642913657384,1784967184.3455203,0.028522353954878593,0.01995242447814516,1784967184.3212383,3701.900146484375,nan,nan,45.043739318847656,nan
3.8832571506500244,1784967184.3894665,Backstepping,circle,circle_bs_safety_recheck_20260725,1784967184.3851426,0.20871757364490326,0.3095302430814906,2.383449211743744,3.1966127358260754e-214,3.042899113938447e-44,1784967184.3275044,1.0347492123068733,-0.0381592432842108,1.5888274849101487,0.061962127685546875,0,0,1784967184.3847833,0.202420383682256,0.3154418329135911,2.392086454333553,1784967184.3848207,0.00863713519767215,3.730074788436087e-05,0.008637242589808913,0.3685506353872702,0.8258180363757568,0.8032589694234042,1784967184.3849304,0.03040565413827758,0.0209975718686793,1784967184.3712418,3701.949951171875,nan,nan,49.93339157104492,nan
3.922853708267212,1784967184.429063,Backstepping,circle,circle_bs_safety_recheck_20260725,1784967184.3851426,0.20871757364490326,0.3095302430814906,2.383449211743744,3.1966127358260754e-214,3.042899113938447e-44,1784967184.3275044,1.0347492123068733,-0.0381592432842108,1.5888274849101487,0.10155868530273438,0,0,1784967184.4250345,0.20180368379161143,0.31601529539847756,2.392928581413395,1784967184.4250693,0.009479227703379244,4.492888822873065e-05,0.009479369669651128,0.36913512386255437,0.82642429638512,0.8041010965032465,1784967184.4251077,0.03235434085554838,0.022062492978490087,1784967184.4200273,3701.998779296875,nan,nan,48.88532638549805,nan
3.963167428970337,1784967184.4693768,Backstepping,circle,circle_bs_safety_recheck_20260725,1784967184.4350727,0.20871757364490326,0.3095302430814906,2.383449211743744,2.2310959140057502e-214,2.835668430777538e-44,1784967184.4347322,1.0347492123068733,-0.0381592432842108,1.5888274849101487,0.03464460372924805,0,0,1784967184.4646723,0.20117216671540375,0.3166015338274796,2.39379025963589,1784967184.464714,0.010340863585890342,5.346815927303756e-05,0.010341047892146182,0.3697326533616746,0.8270451408188244,0.8049627747257415,1784967184.4647608,0.03430460246776938,0.023113242224001036,1784967184.4200273,3701.998779296875,nan,nan,48.88532638549805,nan
4.00297474861145,1784967184.5091841,Backstepping,circle,circle_bs_safety_recheck_20260725,1784967184.485962,0.20871757364490326,0.3095302430814906,2.383449211743744,1.5495147751075878e-214,2.6420794853096013e-44,1784967184.4347322,1.0347492123068733,-0.0381592432842108,1.5888274849101487,0.07445192337036133,0,0,1784967184.5050902,0.20049712493617494,0.31722705748280805,2.3947105646434057,1784967184.5051272,0.011261114877332477,6.340836445063724e-05,0.01126135289966168,0.37037024645931227,0.8277087945605639,0.805883079733257,1784967184.50517,0.03634482472678138,0.024197492311590997,1784967184.4715397,3702.050537109375,nan,nan,51.608917236328125,nan
4.042802095413208,1784967184.5490115,Backstepping,circle,circle_bs_safety_recheck_20260725,1784967184.5348926,0.20871757364490326,0.3095302430814906,2.383449211743744,1.0775412030984652e-214,2.461781842796635e-44,1784967184.5332098,1.0347488004622252,-0.03815924211215563,1.5888286519312873,0.015801668167114258,0,0,1784967184.5451252,0.19979904711612292,0.3178727144744837,2.395661451419987,1784967184.5451639,0.012211936125382475,7.45684721937985e-05,0.012212239676243188,0.3710293431208532,0.8283942728356684,0.8068327994886999,1784967184.5452638,0.03841198574644899,0.025282145146933745,1784967184.5209434,3702.099609375,nan,nan,49.137691497802734,nan
4.082857608795166,1784967184.589067,Backstepping,circle,circle_bs_safety_recheck_20260725,1784967184.5855396,0.20871757364490326,0.3095302430814906,2.383449211743744,7.475411549340275e-215,2.2935012500282406e-44,1784967184.5332098,1.0347488004622252,-0.03815924211215563,1.5888286519312873,0.055857181549072266,0,0,1784967184.5850785,0.1990772554961813,0.31853901116147904,2.396643762213632,1784967184.5851212,0.013194167619787332,8.704681816387467e-05,0.013194550469887822,0.3717085463585011,0.8291039328808222,0.8078151102823445,1784967184.585167,0.04050884219940009,0.02636939545142642,1784967184.5727,3702.151611328125,nan,nan,51.85844802856445,nan
4.123008489608765,1784967184.6292179,Backstepping,circle,circle_bs_safety_recheck_20260725,1784967184.5855396,0.20871757364490326,0.3095302430814906,2.383449211743744,7.475411549340275e-215,2.2935012500282406e-44,1784967184.5332098,1.0347488004622252,-0.03815924211215563,1.5888286519312873,0.0960080623626709,0,0,1784967184.6253514,0.1983139777563661,0.3192421777225216,2.397681565767939,1784967184.6253896,0.014231873545024122,0.00010127824094189643,0.014232354024195095,0.3724253615266276,0.8298544074875942,0.8088529138366518,1784967184.625464,0.042686217390829034,0.027485596946510708,1784967184.620373,3702.19921875,nan,nan,47.65791320800781,nan
4.163091659545898,1784967184.669301,Backstepping,circle,circle_bs_safety_recheck_20260725,1784967184.6351368,0.20871757364490326,0.3095302430814906,2.383449211743744,5.214557630723812e-215,2.1372043563978717e-44,1784967184.633696,1.0347488004622252,-0.03815924211215563,1.5888286519312873,0.03560495376586914,0,0,1784967184.6647153,0.1975450970703477,0.31994902752983606,2.3987259863051698,1784967184.664758,0.015276180353156359,0.00011668765109506662,0.015276774561425732,0.37314596037088366,0.8306104177157587,0.8098973343738823,1784967184.664803,0.0448422768295427,0.02857973228062713,1784967184.620373,3702.19921875,nan,nan,47.65791320800781,nan
4.202910661697388,1784967184.70912,Backstepping,circle,circle_bs_safety_recheck_20260725,1784967184.686049,0.20876295917295767,0.3094872590788971,2.382606787857651,-0.0004518468288147487,-0.0011913880013556316,1784967184.633696,1.0347488004622252,-0.03815924211215563,1.5888286519312873,0.0754239559173584,0,0,1784967184.7055182,0.1967140537261786,0.32071136117217575,2.3998537210953206,1784967184.7055588,0.016466164174357575,0.0001484171447888715,0.01724693323766946,0.37392315490623157,0.8314275800474629,0.8110250691640333,1784967184.7056022,0.04720691727675218,0.029811656934727548,1784967184.6710463,3702.25,nan,nan,50.78364944458008,nan
4.243061304092407,1784967184.7492707,Backstepping,circle,circle_bs_safety_recheck_20260725,1784967184.7353103,0.20876541745160895,0.30948489178099614,2.381932381314674,-0.0003129414840990312,-0.002065830909256313,1784967184.7220457,1.0347492405254584,-0.03815924277533474,1.588827991609844,0.027225017547607422,0,0,1784967184.7451928,0.19588192364947402,0.32147296516300944,2.4009817641966,1784967184.7452412,0.01759732337562537,0.00018034959344000526,0.01904938288192604,0.37469909855180783,0.8322465294933853,0.812153772586756,1784967184.7452896,0.049470120700727295,0.031006967549624957,1784967184.7225552,3702.30126953125,nan,nan,51.35078811645508,nan
4.283040285110474,1784967184.7892497,Backstepping,circle,circle_bs_safety_recheck_20260725,1784967184.7849984,0.2085750906830557,0.30966539353687694,2.383173169300199,0.0017640460116166944,-0.00015279481493253436,1784967184.7220457,1.0347492405254584,-0.03815924277533474,1.588827991609844,0.06720399856567383,0,0,1784967184.7846203,0.19502058082113385,0.3222594920039069,2.4021481844011747,1784967184.784662,0.018763518729561897,0.00020324797421361618,0.020215803086500724,0.37550102813366676,0.833093550676783,0.8133201927913307,1784967184.7847352,0.05177500097207889,0.032151428117875136,1784967184.7748482,3702.353515625,nan,nan,52.33669662475586,nan
4.323205232620239,1784967184.8294146,Backstepping,circle,circle_bs_safety_recheck_20260725,1784967184.7849984,0.2085750906830557,0.30966539353687694,2.383173169300199,0.0017640460116166944,-0.00015279481493253436,1784967184.7220457,1.0347492405254584,-0.03815924277533474,1.588827991609844,0.10736894607543945,0,0,1784967184.824733,0.19411576447623366,0.32308373527916767,2.40337214101063,1784967184.824769,0.019725170877726322,0.00020406693188818742,0.020198971710430946,0.3763414518758768,0.8339833582561736,0.8145441494007859,1784967184.8248131,0.05385817586319433,0.03319623389472069,1784967184.8221614,3702.401123046875,nan,nan,47.412742614746094,nan
4.363126516342163,1784967184.869336,Backstepping,circle,circle_bs_safety_recheck_20260725,1784967184.8360682,0.20809421121624852,0.3101205884530309,2.386757631810689,0.005931546465976095,0.004934316582223614,1784967184.834318,1.0347492405254584,-0.03815924277533474,1.588827991609844,0.035017967224121094,0,0,1784967184.864944,0.1931858376361665,0.32392874497470453,2.404628646291617,1784967184.864989,0.020319943627419273,0.00015709967799985847,0.01787101448092798,0.37720309142194386,0.8348978978157784,0.8158006546817729,1784967184.8650374,0.055511370057833145,0.033984077207529925,1784967184.8221614,3702.401123046875,nan,nan,47.412742614746094,nan
4.403156995773315,1784967184.9093664,Backstepping,circle,circle_bs_safety_recheck_20260725,1784967184.88487,0.20725319423311134,0.31091199976014167,2.3917706462499564,0.012768037424997531,0.011796081599904265,1784967184.834318,1.0347492405254584,-0.03815924277533474,1.588827991609844,0.07504844665527344,0,0,1784967184.9050028,0.19222586669692124,0.3247988214116184,2.4059242455526038,1784967184.9050512,0.02046113851654862,7.873415060351968e-05,0.014153599302647368,0.37809033535015574,0.8358420246198249,0.8170962539427598,1784967184.9051018,0.05663812997268222,0.03459867624643965,1784967184.8815808,3702.46044921875,nan,nan,59.3200798034668,nan
4.442870378494263,1784967184.9490798,Backstepping,circle,circle_bs_safety_recheck_20260725,1784967184.9352126,0.20611948944185768,0.3119686000797286,2.3963716825998063,0.0199252459226173,0.017559751585394023,1784967184.9253726,1.0347492405254584,-0.03815924277533474,1.588827991609844,0.023707151412963867,0,0,1784967184.944877,0.19123765769881995,0.3256921294644785,2.407256370382961,1784967184.9449172,0.020243619725117817,5.9352338201805466e-06,0.010884687783154767,0.37900131626926176,0.8368139660101658,0.818428378773117,1784967184.9449604,0.057345818285496813,0.0352346957035335,1784967184.9303837,3702.50927734375,nan,nan,48.94377517700195,nan
4.482742547988892,1784967184.988952,Backstepping,circle,circle_bs_safety_recheck_20260725,1784967184.9855988,0.2049641194534569,0.3130354580113613,2.3989681566000973,0.024413526221600996,0.020015562829382553,1784967184.9253726,1.0347492405254584,-0.03815924277533474,1.588827991609844,0.06357932090759277,0,0,1784967184.9848514,0.190218372580937,0.326611027747343,2.4086287101737422,1784967184.9848938,0.021615867541558857,2.1814026652876295e-05,0.012257027573935986,0.3799384435820797,0.8378165170589208,0.8198007185638982,1784967184.984943,0.05990179640174906,0.03639955963245599,1784967184.9814363,3702.5595703125,nan,nan,50.28657150268555,nan
4.5236804485321045,1784967185.0298898,Backstepping,circle,circle_bs_safety_recheck_20260725,1784967184.9855988,0.2049641194534569,0.3130354580113613,2.3989681566000973,0.024413526221600996,0.020015562829382553,1784967184.9253726,1.0347492405254584,-0.03815924277533474,1.588827991609844,0.10451722145080566,0,0,1784967185.0250509,0.18916923886677334,0.32755419179170253,2.4100394689393916,1784967185.025099,0.02145394270434183,-1.5025672478895594e-05,0.01107131233929426,0.38090037090232093,0.8388484743232204,0.8212114773295476,1784967185.025151,0.060674539700058,0.03725969258294137,1784967184.9814363,3702.5595703125,nan,nan,50.28657150268555,nan
4.563596725463867,1784967185.069806,Backstepping,circle,circle_bs_safety_recheck_20260725,1784967185.0351312,0.20407395604225087,0.3138525512288741,2.3999588026569585,0.024413526221600996,0.020015562829382553,1784967185.056424,1.0347492405254584,-0.03815924277533474,1.588827991609844,0.013382196426391602,0,0,1784967185.0645988,0.1881007801651131,0.32851198349636096,2.41147437984253,1784967185.064642,0.021680427078873674,-1.9587869998173926e-05,0.011515577185571502,0.3818772719477141,0.8398994896866551,0.822646388232686,1784967185.0646908,0.06188898312017997,0.038305368907872485,1784967185.0339575,3702.61279296875,nan,nan,53.2949333190918,nan
4.603278398513794,1784967185.1094878,Backstepping,circle,circle_bs_safety_recheck_20260725,1784967185.0855763,0.20205426610756486,0.31571099477992626,2.401337478077844,0.034936854122786166,0.02055999173150933,1784967185.056424,1.0347492405254584,-0.03815924277533474,1.588827991609844,0.05306386947631836,0,0,1784967185.1052094,0.18697952477188212,0.3295141358452249,2.4129782160747673,1784967185.1052501,0.020439520269561695,-2.325417062518445e-05,0.011640737996923445,0.3828994783864344,0.8410024933057887,0.8241502244649233,1784967185.1052938,0.06141688095770704,0.03933365711934449,1784967185.0817637,3702.66064453125,nan,nan,47.66511535644531,nan
4.643194913864136,1784967185.1494043,Backstepping,circle,circle_bs_safety_recheck_20260725,1784967185.135082,0.20013684990111671,0.31747251139828037,2.401688109907146,0.0415477779275053,0.01961276040587428,1784967185.1225317,1.0347492405254584,-0.03815924277533474,1.588827991609844,0.026872634887695312,0,0,1784967185.1451478,0.18585154801603038,0.33051924126975835,2.4144890333735645,1784967185.1451948,0.019346498235193757,-4.040174742944366e-06,0.012800923466418368,0.3839247586115446,0.8421121639488925,0.8256610417637205,1784967185.1452475,0.061096185930392066,0.040479638801368116,1784967185.1224797,3702.701171875,nan,nan,40.680137634277344,nan
4.683641195297241,1784967185.1898506,Backstepping,circle,circle_bs_safety_recheck_20260725,1784967185.1849866,0.19796331578526735,0.3194724372355782,2.401409785091174,0.04824093664817609,0.017826755337258172,1784967185.1225317,1.0347492405254584,-0.03815924277533474,1.588827991609844,0.06731891632080078,0,0,1784967185.185223,0.18466821299755665,0.33157039554137413,2.416071818132048,1784967185.1852717,0.02092913662015365,1.7472870923915598e-05,0.014383708224901872,0.3849970783453019,0.8432763535628631,0.827243826522204,1784967185.1853244,0.06390775866348217,0.04171422861824036,1784967185.1733813,3702.752197265625,nan,nan,50.874332427978516,nan
4.723200798034668,1784967185.2294102,Backstepping,circle,circle_bs_safety_recheck_20260725,1784967185.1849866,0.19796331578526735,0.3194724372355782,2.401409785091174,0.04824093664817609,0.017826755337258172,1784967185.1225317,1.0347492405254584,-0.03815924277533474,1.588827991609844,0.10687851905822754,0,0,1784967185.2250576,0.18347345224168451,0.3326283069067226,2.4176676346193515,1784967185.2251065,0.019571142122139597,5.872266003302193e-05,0.016257849528177548,0.38607636008822044,0.8444518452217482,0.8288396430095075,1784967185.2251568,0.06328345686814493,0.04298604279937248,1784967185.2232912,3702.802001953125,nan,nan,49.8476448059082,nan
4.762972116470337,1784967185.2691815,Backstepping,circle,circle_bs_safety_recheck_20260725,1784967185.2349775,0.19550719672767156,0.3217041522659664,2.403437222757846,0.05512981383724346,0.019441082362177557,1784967185.2364557,1.0347492405254584,-0.03815924277533474,1.588827991609844,0.03272581100463867,0,0,1784967185.264756,0.1822550489167136,0.33370365717920086,2.4192927147564554,1784967185.2648022,0.017877522620522,4.152973561754453e-05,0.01585549199860914,0.3871735041950739,0.8456506611707645,0.8304647231466113,1784967185.2648492,0.06226511250081596,0.04393929915312758,1784967185.2232912,3702.802001953125,nan,nan,49.8476448059082,nan
4.80336856842041,1784967185.309578,Backstepping,circle,circle_bs_safety_recheck_20260725,1784967185.2849915,0.19318981287130071,0.32383748586079625,2.402770405986345,0.05811696109418041,0.01710965030586719,1784967185.2364557,1.0347492405254584,-0.03815924277533474,1.588827991609844,0.07312226295471191,0,0,1784967185.3047874,0.18099145319912066,0.3348151812159803,2.4209756171571564,1784967185.3048332,0.01641036057161931,9.919633330231388e-05,0.01820521117081153,0.3883076310355196,0.8468940099278068,0.8321476255473124,1784967185.3048823,0.06151955777837126,0.045310656432559625,1784967185.2739978,3702.85302734375,nan,nan,50.95899963378906,nan
4.843128681182861,1784967185.349338,Backstepping,circle,circle_bs_safety_recheck_20260725,1784967185.3351142,0.19099388082593405,0.3258922013474364,2.4005194024004797,0.05881703721649258,0.012688615879064464,1784967185.3220396,1.034705464777593,-0.03818544298225394,1.5885492549604856,0.027298450469970703,0,0,1784967185.3451066,0.17968960824889932,0.33595641518999864,2.4227068641084832,1784967185.345147,0.015133814732020273,0.00020647135783644684,0.022187461708003564,0.38926113901201775,0.8482393592655014,0.8341576091479976,1784967185.3451927,0.06099924198202797,0.046957975420438496,1784967185.3245177,3702.902587890625,nan,nan,49.784358978271484,nan
4.883036375045776,1784967185.3892457,Backstepping,circle,circle_bs_safety_recheck_20260725,1784967185.3851166,0.18860818388740044,0.3280502291048102,2.402361580726712,0.06089621238351517,0.014407898570220774,1784967185.3220396,1.034705464777593,-0.03818544298225394,1.5885492549604856,0.06720614433288574,0,0,1784967185.3846576,0.17838010896296005,0.3371003472859631,2.4244456481036316,1784967185.3847039,0.01687213634378859,0.00024655868890631136,0.023926245703151938,0.3904281370738424,0.8495283451241323,0.835896393143146,1784967185.3847537,0.06396981588035214,0.048260930152043906,1784967185.3743958,3702.953125,nan,nan,50.51350402832031,nan
4.923042058944702,1784967185.4292514,Backstepping,circle,circle_bs_safety_recheck_20260725,1784967185.3851166,0.18860818388740044,0.3280502291048102,2.402361580726712,0.06089621238351517,0.014407898570220774,1784967185.3220396,1.034705464777593,-0.03818544298225394,1.5885492549604856,0.10721182823181152,0,0,1784967185.4246824,0.17703183170867243,0.3382739695672479,2.426233171995599,1784967185.4247203,0.015442708904740879,0.000244009206105485,0.023871591268886938,0.39162550902876075,0.8508555757804738,0.8376839170351134,1784967185.4247668,0.06326395468009118,0.049306999244652504,1784967185.42439,3703.0029296875,nan,nan,49.626976013183594,nan
4.963205814361572,1784967185.4694152,Backstepping,circle,circle_bs_safety_recheck_20260725,1784967185.4351058,0.186349797858692,0.33012560654037126,2.4023377324732333,0.06107476447474194,0.013348900427223922,1784967185.4354384,1.034705464777593,-0.03818544298225394,1.5885492549604856,0.03397679328918457,0,0,1784967185.4651275,0.17563162304838273,0.3394883226999746,2.4280866117185784,1784967185.4651713,0.014228430738970933,0.0003024629827801375,0.025748879245345076,0.3928645273028844,0.8522340066056155,0.8395373567580928,1784967185.46522,0.06282049673919791,0.0506861382172046,1784967185.42439,3703.0029296875,nan,nan,49.626976013183594,nan
5.003234148025513,1784967185.5094435,Backstepping,circle,circle_bs_safety_recheck_20260725,1784967185.4853876,0.18413530653163224,0.33218027999956584,2.4015678394750015,0.06069105039301837,0.011293034700822088,1784967185.4354384,1.034705464777593,-0.03818544298225394,1.5885492549604856,0.074005126953125,0,0,1784967185.5049305,0.17422553592184456,0.34070320918833225,2.4299448450679266,1784967185.5049837,0.013064952508240288,0.00038844749035588533,0.02837700559292511,0.3941041832031007,0.8536183055025557,0.841395590107441,1784967185.5050387,0.0624173491154945,0.05219010266421806,1784967185.475751,3703.054443359375,nan,nan,51.668758392333984,nan
5.043258905410767,1784967185.5494683,Backstepping,circle,circle_bs_safety_recheck_20260725,1784967185.5350854,0.18161363580408485,0.3343950250608838,2.4053345804848045,0.063270932016685,0.015865315574186384,1784967185.532169,1.034705464777593,-0.03818544298225394,1.5885492549604856,0.017299175262451172,0,0,1784967185.545025,0.17277246576224037,0.34195390701712136,2.4318620459112243,1784967185.5450675,0.011627127482937106,0.00033599201280774555,0.026527465426419816,0.395380478843229,0.8550489443062581,0.8433127909507387,1784967185.5451136,0.06150546129891128,0.05273606261866601,1784967185.5242684,3703.1025390625,nan,nan,48.0576286315918,nan
5.083030939102173,1784967185.5892403,Backstepping,circle,circle_bs_safety_recheck_20260725,1784967185.5849643,0.17913928670880494,0.3366074768246375,2.4071434117291135,0.06450565122315002,0.0173147886879786,1784967185.532169,1.034705464777593,-0.03818544298225394,1.5885492549604856,0.05707120895385742,0,0,1784967185.5857391,0.17129624132654916,0.3432195805010884,2.4338065687688903,1784967185.5857704,0.013570914822597006,0.0003894591122896758,0.028471988284085814,0.3966721588132937,0.8565024678896522,0.8452573138084047,1784967185.5858054,0.06376351955416062,0.053078796230197116,1784967185.5740247,3703.15283203125,nan,nan,50.20983123779297,nan
5.123002052307129,1784967185.6292114,Backstepping,circle,circle_bs_safety_recheck_20260725,1784967185.5849643,0.17913928670880494,0.3366074768246375,2.4071434117291135,0.06450565122315002,0.0173147886879786,1784967185.532169,1.034705464777593,-0.03818544298225394,1.5885492549604856,0.09704232215881348,0,0,1784967185.6247878,0.1698659745078894,0.3444411123151955,2.435687473920258,1784967185.624841,0.012132586019962449,0.00040065027491622326,0.02854406219114436,0.3979188882298845,0.857910824700706,0.8471382189597723,1784967185.6248972,0.06209064454518642,0.05312508264889107,1784967185.5740247,3703.15283203125,nan,nan,50.20983123779297,nan
5.162866115570068,1784967185.6690755,Backstepping,circle,circle_bs_safety_recheck_20260725,1784967185.6354167,0.17673113600033832,0.3387940052080368,2.4076210405996963,0.06448644217107488,0.01674669595103509,1784967185.6406085,1.0346907393231644,-0.03779978761859765,1.59121958927975,0.02846693992614746,0,0,1784967185.665316,0.1683841601842883,0.34570177377872774,2.43763299241391,1784967185.6653633,0.010824784918092054,0.00046184778552662686,0.030011951814213678,0.4011131597865955,0.8582941044301198,0.8464134031341599,1784967185.6654127,0.06056760926823471,0.05341460055065184,1784967185.630055,3703.207275390625,nan,nan,54.5267219543457,nan
5.202883243560791,1784967185.7090926,Backstepping,circle,circle_bs_safety_recheck_20260725,1784967185.6851988,0.17417311967361326,0.3410033189936333,2.4113897763622276,0.06577878796115126,0.02094395137642624,1784967185.6406085,1.0346907393231644,-0.03779978761859765,1.59121958927975,0.06848406791687012,0,0,1784967185.7046,0.16694134841814698,0.3469244901965821,2.439524220136078,1784967185.70464,0.009337496660588328,0.00041223781912957773,0.028134443773850215,0.40236508608487376,0.8597116451789824,0.8483046308563278,1784967185.7046819,0.0588405127430891,0.053129448723681576,1784967185.67708,3703.255859375,nan,nan,48.5986442565918,nan
5.242872953414917,1784967185.7490823,Backstepping,circle,circle_bs_safety_recheck_20260725,1784967185.7353795,0.17175836895603552,0.3431309488685749,2.41337901468987,0.06514945958323513,0.022284668050595487,1784967185.7240717,1.0347734244508255,-0.03614647413745741,1.5998443030109797,0.02501058578491211,0,0,1784967185.7446864,0.16547300845996313,0.34816403871227997,2.441445809033783,1784967185.7447307,0.008040879470297177,0.00042662311769012945,0.028066794343912793,0.40939625337264185,0.857771817707459,0.8416015060228033,1784967185.744778,0.05733263818633338,0.05315714342713684,1784967185.7272322,3703.305419921875,nan,nan,49.42631912231445,nan
5.283324718475342,1784967185.789534,Backstepping,circle,circle_bs_safety_recheck_20260725,1784967185.7854254,0.1694126082702844,0.3452278345710194,2.4143158360120016,0.06428944059970625,0.022030480017887714,1784967185.7240717,1.0347734244508255,-0.03614647413745741,1.5998443030109797,0.06546235084533691,0,0,1784967185.7850716,0.16398942074058248,0.3494115632760588,2.443384197858246,1784967185.7851167,0.009978450932026019,0.0004828982367273433,0.030005183168375638,0.4106863408127461,0.8592185465884916,0.8435398948472661,1784967185.7851617,0.059583332590610244,0.05350146723436754,1784967185.7743762,3703.35302734375,nan,nan,47.72822952270508,nan
5.323160409927368,1784967185.8293698,Backstepping,circle,circle_bs_safety_recheck_20260725,1784967185.7854254,0.1694126082702844,0.3452278345710194,2.4143158360120016,0.06428944059970625,0.022030480017887714,1784967185.7240717,1.0347734244508255,-0.03614647413745741,1.5998443030109797,0.10529804229736328,0,0,1784967185.8249044,0.16252835351192768,0.3506353643268772,2.445290085462006,1784967185.8249488,0.00873758407783823,0.0005375556912100505,0.030974249450004265,0.4119520606652716,0.8606434535024884,0.8454457824510262,1784967185.8249905,0.05813878642428377,0.05371461346230389,1784967185.8254468,3703.404296875,nan,nan,51.34402847290039,nan
5.363441705703735,1784967185.869651,Backstepping,circle,circle_bs_safety_recheck_20260725,1784967185.8352594,0.16706958294660249,0.34727272024040495,2.4164392903323932,0.06360145440255087,0.023496363478441706,1784967185.8372614,1.0344711999991352,-0.031234106318231904,1.6012291077375544,0.03238964080810547,0,0,1784967185.8652833,0.1610377032020715,0.35187907302905447,2.447231438306244,1784967185.865332,0.007569409536713524,0.000553261720610283,0.03079214797385088,0.40951268955488196,0.8613716611371999,0.8460023305686897,1784967185.8653986,0.05678046933609779,0.05372902975134576,1784967185.8254468,3703.404296875,nan,nan,51.34402847290039,nan
5.4029457569122314,1784967185.9091551,Backstepping,circle,circle_bs_safety_recheck_20260725,1784967185.885452,0.1648515229547983,0.3492235013759791,2.417941267410593,0.061768167548453656,0.0239543385319386,1784967185.8372614,1.0344711999991352,-0.031234106318231904,1.6012291077375544,0.07189369201660156,0,0,1784967185.9049191,0.159572158748345,0.3530970613039014,2.449137039807709,1784967185.90496,0.006521101298609921,0.0005927822474180015,0.031195772397115906,0.4107747075599439,0.8627994659342266,0.8479079320701546,1784967185.9050038,0.05556068647519493,0.05384777125387222,1784967185.8755734,3703.45361328125,nan,nan,49.33208084106445,nan
5.442906379699707,1784967185.9491158,Backstepping,circle,circle_bs_safety_recheck_20260725,1784967185.9353704,0.16257639813955818,0.3511716213691079,2.420629514638696,0.06108924778891963,0.02608484881829849,1784967185.9241562,1.0345415829404971,-0.02692050016437822,1.6090485062995195,0.024959564208984375,0,0,1784967185.9461033,0.15806511573387766,0.35434462604764605,2.4510934645208438,1784967185.9461508,0.005483268594759343,0.0005944687977964256,0.030463949882147734,0.414505180522462,0.8612546367669135,0.8420449582213243,1784967185.9462044,0.054354769844395634,0.05376909936857871,1784967185.927095,3703.50341796875,nan,nan,49.78545379638672,nan
5.482829570770264,1784967185.989039,Backstepping,circle,circle_bs_safety_recheck_20260725,1784967185.9852278,0.1603485882600293,0.35307321722910756,2.423240719859418,0.060198693458526666,0.02795421054139173,1784967185.9241562,1.0345415829404971,-0.02692050016437822,1.6090485062995195,0.06488275527954102,0,0,1784967185.9847975,0.15662045064660773,0.35553589920031003,2.4529659468206484,1784967185.9848387,0.007354827589433527,0.0006532554296846986,0.03233643218195237,0.4157508303410409,0.8626526873626035,0.8439174405211289,1784967185.9848838,0.056528571196871075,0.05410641904406538,1784967185.9747968,3703.553466796875,nan,nan,49.986305236816406,nan
5.5231006145477295,1784967186.02931,Backstepping,circle,circle_bs_safety_recheck_20260725,1784967185.9852278,0.1603485882600293,0.35307321722910756,2.423240719859418,0.060198693458526666,0.02795421054139173,1784967185.9241562,1.0345415829404971,-0.02692050016437822,1.6090485062995195,0.10515379905700684,0,0,1784967186.0252485,0.15511630631128456,0.35677140147836295,2.454912460950287,1784967186.025289,0.0063732807253381405,0.0006592677215167602,0.0316717410908689,0.41704295158633425,0.8641084822478879,0.8458639546507676,1784967186.0253332,0.05538805311550747,0.05404190782415198,1784967186.02754,3703.6064453125,nan,nan,52.97020721435547,nan
5.562904596328735,1784967186.069114,Backstepping,circle,circle_bs_safety_recheck_20260725,1784967186.035168,0.15839716029902562,0.3548746987985609,2.422320891397836,0.057484345641796976,0.024638196428594134,1784967186.0556703,1.0339247927572341,-0.017687147058890393,1.603814498392261,0.013443708419799805,0,0,1784967186.0650542,0.15363497006693466,0.35798338827591136,2.4568264280828553,1784967186.0650938,0.0056306473618870844,0.0007988844467669925,0.03450553668501933,0.4045260554922821,0.8674083199270748,0.8530119296905943,1784967186.0651326,0.054519870547485465,0.05459891027582865,1784967186.02754,3703.6064453125,nan,nan,52.97020721435547,nan
5.60296368598938,1784967186.109173,Backstepping,circle,circle_bs_safety_recheck_20260725,1784967186.0849943,0.15646720729270153,0.35662323399550283,2.422144379089808,0.055564706559816004,0.02263860028182124,1784967186.0556703,1.0339247927572341,-0.017687147058890393,1.603814498392261,0.053502798080444336,0,0,1784967186.1050115,0.15214970102742076,0.3591938519043881,2.4587424780401306,1784967186.105053,0.004941455678723872,0.0009115659929088086,0.03659809895032273,0.4057848913149638,0.8688528193861043,0.8549279796478695,1784967186.1051004,0.053714770441969414,0.05502898118293643,1784967186.074333,3703.653076171875,nan,nan,46.69990158081055,nan
5.6435441970825195,1784967186.1497536,Backstepping,circle,circle_bs_safety_recheck_20260725,1784967186.135436,0.15426687740805806,0.358428481041623,2.4260677684443017,0.055870180034541785,0.02660193081201762,1784967186.123128,1.0338216175958923,-0.01176753650085495,1.6050404663545481,0.026625633239746094,0,0,1784967186.1451643,0.15065558873911486,0.3604067553729471,2.460666927960785,1784967186.1452045,0.004023391551555389,0.000875954110262623,0.03459915951648318,0.4021934462852349,0.8699059545856793,0.8556264616062368,1784967186.1452458,0.05265047679630826,0.054737187928566626,1784967186.125887,3703.70361328125,nan,nan,50.416404724121094,nan
5.683293342590332,1784967186.1895027,Backstepping,circle,circle_bs_safety_recheck_20260725,1784967186.185012,0.15223300268862008,0.36019299567704677,2.427437829608053,0.055267922304349286,0.026673731807559817,1784967186.123128,1.0338216175958923,-0.01176753650085495,1.6050404663545481,0.0663747787475586,0,0,1784967186.184785,0.1491713548158964,0.3616069276784414,2.4625756880315857,1784967186.184822,0.005930945071781424,0.0009438029804166867,0.03650791958728395,0.4034437313423235,0.8713482275063601,0.8575352216770376,1784967186.1848617,0.054865704794563736,0.055087150008673764,1784967186.1758378,3703.75439453125,nan,nan,50.92002487182617,nan
5.723189353942871,1784967186.2293987,Backstepping,circle,circle_bs_safety_recheck_20260725,1784967186.185012,0.15223300268862008,0.36019299567704677,2.427437829608053,0.055267922304349286,0.026673731807559817,1784967186.123128,1.0338216175958923,-0.01176753650085495,1.6050404663545481,0.10627079010009766,0,0,1784967186.224774,0.14768047116753313,0.36280777096948563,2.4644900442632753,1784967186.2248194,0.005152730062364529,0.0010059652006127458,0.03705221465522213,0.4046949146611944,0.8727971232807974,0.8594495779087272,1784967186.224868,0.05395968003322235,0.05525022167469341,1784967186.2256465,3703.804443359375,nan,nan,49.971805572509766,nan
5.763550519943237,1784967186.26976,Backstepping,circle,circle_bs_safety_recheck_20260725,1784967186.2351258,0.1501610220016824,0.3620090024471649,2.4283064926941993,0.055158701967402954,0.02600541146267355,1784967186.2366266,1.0336732238525368,-0.003971484208715154,1.6042656607138868,0.03313326835632324,0,0,1784967186.2650464,0.14617124736706252,0.3640186047176646,2.466424954083832,1784967186.2650855,0.004332058107995855,0.001090905802350184,0.038118461389632596,0.3974825521737512,0.8746908508330868,0.8621592933699451,1784967186.26513,0.053003315391542946,0.05551111259007047,1784967186.2256465,3703.804443359375,nan,nan,49.971805572509766,nan
5.802852392196655,1784967186.3090618,Backstepping,circle,circle_bs_safety_recheck_20260725,1784967186.285171,0.14774070808071535,0.36395248934020696,2.4329734444502367,0.05773987176999468,0.030811424481366763,1784967186.2366266,1.0336732238525368,-0.003971484208715154,1.6042656607138868,0.07243514060974121,0,0,1784967186.304864,0.14468290995126518,0.3652079916732487,2.468330155042084,1784967186.3049064,0.0031387308285881774,0.0010367180399763311,0.03535671059184731,0.39872107738037316,0.8761385541541916,0.8640644943281972,1784967186.3050063,0.05162034475138974,0.05509384627988961,1784967186.275815,3703.854736328125,nan,nan,50.168235778808594,nan
5.843223571777344,1784967186.349433,Backstepping,circle,circle_bs_safety_recheck_20260725,1784967186.3351662,0.14547951062202347,0.36589346301850456,2.434438710977014,0.05846331779784832,0.030704155430203134,1784967186.3222036,1.033612306842864,0.0017555721047909437,1.6069981989364528,0.02722930908203125,0,0,1784967186.3449538,0.143171628228093,0.366410970782468,2.470261768964203,1784967186.3449938,0.0020906951244650373,0.001105951774045645,0.03582305798718898,0.3966450494053986,0.8766589226711254,0.8632635700277501,1784967186.3450377,0.05040068272768073,0.05525464538199458,1784967186.3287625,3703.907470703125,nan,nan,52.860713958740234,nan
5.883138418197632,1784967186.3893478,Backstepping,circle,circle_bs_safety_recheck_20260725,1784967186.3849125,0.14336759350286699,0.36777935662901406,2.4341693468095915,0.05786370936302527,0.028131873076001894,1784967186.3222036,1.033612306842864,0.0017555721047909437,1.6069981989364528,0.06714415550231934,0,0,1784967186.3847847,0.14166950381883098,0.3676019458783297,2.472178745892914,1784967186.3848248,0.004006375184096044,0.0011764452417977781,0.03774003491590028,0.3978896119935346,0.8781169567530577,0.8651805469564613,1784967186.3848672,0.05262523495057949,0.05560900300960603,1784967186.377216,3703.9560546875,nan,nan,48.54326629638672,nan
5.922902584075928,1784967186.429112,Backstepping,circle,circle_bs_safety_recheck_20260725,1784967186.3849125,0.14336759350286699,0.36777935662901406,2.4341693468095915,0.05786370936302527,0.028131873076001894,1784967186.3222036,1.033612306842864,0.0017555721047909437,1.6069981989364528,0.10690832138061523,0,0,1784967186.4245203,0.14017442848257355,0.3687826858513265,2.4740838438543395,1784967186.4245555,0.003078970862832612,0.001312596968227278,0.03991449704474803,0.3991236910311219,0.8795683168303319,0.8670856449178868,1784967186.4245965,0.051542612179783356,0.056081958081059244,1784967186.425261,3704.004150390625,nan,nan,48.22502136230469,nan
5.962851524353027,1784967186.469061,Backstepping,circle,circle_bs_safety_recheck_20260725,1784967186.4354796,0.14095968132605805,0.3697313654888152,2.437898676824717,0.05916843137151423,0.03142277024226814,1784967186.435117,1.0335374311093906,0.010936425262117987,1.6107717543882227,0.033943891525268555,0,0,1784967186.4651566,0.13864873398949998,0.3699828504589032,2.4760250135931092,1784967186.4651992,0.0019247190309755228,0.0013035255787001826,0.03812633676839239,0.3945236102343347,0.8798245487864003,0.8652532592048865,1784967186.4652686,0.050203565637498726,0.05584858163706745,1784967186.425261,3704.004150390625,nan,nan,48.22502136230469,nan
6.003642559051514,1784967186.509852,Backstepping,circle,circle_bs_safety_recheck_20260725,1784967186.4856045,0.13879720757912928,0.3715770592792503,2.4392088680751205,0.05825182265786698,0.03104637567847075,1784967186.435117,1.0335374311093906,0.010936425262117987,1.6107717543882227,0.07473492622375488,0,0,1784967186.5046234,0.13714849723219255,0.37115832472619575,2.4779309126409608,1784967186.5046594,0.000987948878076404,0.001384753208454694,0.038722044565840275,0.395758102036386,0.8812766094158889,0.867159158252738,1784967186.5046985,0.049113003519710666,0.05604336565071888,1784967186.4747996,3704.0537109375,nan,nan,49.40354537963867,nan
6.043243169784546,1784967186.5494525,Backstepping,circle,circle_bs_safety_recheck_20260725,1784967186.5358877,0.13656111081777048,0.37346899589980387,2.4407699789935746,0.05825182265786698,0.03104637567847075,1784967186.5292344,1.0332583550420527,0.01661515801666881,1.609921300999362,0.0202181339263916,0,0,1784967186.5448117,0.135630692510022,0.3723428784756873,2.4798562437566836,1784967186.544848,-1.5043259998053643e-05,0.0014606821627654283,0.03908626476310895,0.3905661875093851,0.8830264349497532,0.8699349427573215,1784967186.544888,0.04794584369010454,0.05620001528533712,1784967186.4747996,3704.0537109375,nan,nan,49.40354537963867,nan
6.082836389541626,1784967186.5890458,Backstepping,circle,circle_bs_safety_recheck_20260725,1784967186.5848982,0.1347083366831955,0.37498044158766697,2.4433062128104472,0.05510670861411111,0.03253780326765381,1784967186.5292344,1.0332583550420527,0.01661515801666881,1.609921300999362,0.05981135368347168,0,0,1784967186.5846598,0.1341203120381014,0.37351698075323214,2.481769295361908,1784967186.5846965,0.0018964745412030936,0.001537265606055468,0.04099931636833354,0.39179846978680777,0.8844897345488937,0.8718479943625461,1784967186.5847375,0.050165262887623546,0.05655213750588742,1784967186.5787015,3704.157470703125,nan,nan,14.631141662597656,nan
6.122978210449219,1784967186.6291876,Backstepping,circle,circle_bs_safety_recheck_20260725,1784967186.5848982,0.1347083366831955,0.37498044158766697,2.4433062128104472,0.05510670861411111,0.03253780326765381,1784967186.5292344,1.0332583550420527,0.01661515801666881,1.609921300999362,0.09995317459106445,0,0,1784967186.6248202,0.13260120453597923,0.3746932017447393,2.483690540936859,1784967186.6248643,0.0014292790086066565,0.001574698107179204,0.040384328126411795,0.3930332105145008,0.8859616716260956,0.873769239937497,1784967186.6249142,0.04962311535135324,0.05651786111297968,1784967186.626527,3704.205322265625,nan,nan,47.79464340209961,nan
6.162990093231201,1784967186.6691995,Backstepping,circle,circle_bs_safety_recheck_20260725,1784967186.6351244,0.13283860346902757,0.3765735959479367,2.444383212806334,0.05276034051445416,0.03174392167938407,1784967186.6388116,1.0332644747809467,0.025250854126414216,1.615919918156829,0.03038787841796875,0,0,1784967186.664709,0.1310848641718166,0.3758626349568761,2.485605446484955,1784967186.664753,0.0008879868854543517,0.0016710913633469983,0.04122223367862077,0.39095066475222867,0.8854457907662897,0.869685528328126,1784967186.6648006,0.048991951981323785,0.05675095431101915,1784967186.626527,3704.205322265625,nan,nan,47.79464340209961,nan
6.202763319015503,1784967186.7089727,Backstepping,circle,circle_bs_safety_recheck_20260725,1784967186.6853871,0.1310266733966995,0.37812572057395294,2.4451965122325827,0.05072647483760267,0.030628342633933305,1784967186.6388116,1.0332644747809467,0.025250854126414216,1.615919918156829,0.07016110420227051,0,0,1784967186.7047086,0.12955688713949848,0.3770363688740538,2.4875321966680604,1784967186.704749,0.00042878717489828273,0.0017785107046551292,0.04233568443547764,0.3921921283454576,0.8869192673579979,0.8716122785112315,1784967186.7047915,0.04845567046453553,0.0570343819840298,1784967186.6764042,3704.25537109375,nan,nan,50.00756072998047,nan
6.242918968200684,1784967186.7491283,Backstepping,circle,circle_bs_safety_recheck_20260725,1784967186.7353687,0.12896787658822548,0.3796868483333698,2.4501098227982743,0.05105452202894502,0.03545312137718877,1784967186.7216923,1.0331458881648716,0.031216195193889656,1.6187506698659166,0.027436017990112305,0,0,1784967186.745722,0.12801812878659147,0.3782136642210912,2.4894696699651795,1784967186.7457674,-0.0002078282485369282,0.0017404309048304014,0.039359847166905215,0.3899867377460035,0.8874535755129163,0.8707190000992627,1784967186.7458181,0.047721119805073854,0.05658201696937013,1784967186.7266161,3704.305419921875,nan,nan,50.10810852050781,nan
6.283579111099243,1784967186.7897885,Backstepping,circle,circle_bs_safety_recheck_20260725,1784967186.7853367,0.12690558015226017,0.3812102158622207,2.455789366342899,0.05110063075763983,0.041039456808986186,1784967186.7216923,1.0331458881648716,0.031216195193889656,1.6187506698659166,0.06809616088867188,0,0,1784967186.7845056,0.12650912880935847,0.3793636113992991,2.491366894391449,1784967186.784541,0.0016878548236312794,0.0018168843799140086,0.04125707159317482,0.3912076983285711,0.8889057169315714,0.8726162245255324,1784967186.7846017,0.04992212945120146,0.056931809106127385,1784967186.7776198,3704.356201171875,nan,nan,50.716251373291016,nan
6.322871208190918,1784967186.8290806,Backstepping,circle,circle_bs_safety_recheck_20260725,1784967186.7853367,0.12690558015226017,0.3812102158622207,2.455789366342899,0.05110063075763983,0.041039456808986186,1784967186.7216923,1.0331458881648716,0.031216195193889656,1.6187506698659166,0.10738825798034668,0,0,1784967186.8245904,0.12498207740755427,0.3805227178340509,2.493284031537445,1784967186.8246293,0.00105323013617733,0.001750206452929595,0.03749466519454625,0.39243867295076995,0.8903754499652675,0.8745333616715285,1784967186.8246725,0.04919117020298376,0.0633976085281868,1784967186.826497,3704.40478515625,nan,nan,48.56962966918945,nan
6.362895488739014,1784967186.8691049,Backstepping,circle,circle_bs_safety_recheck_20260725,1784967186.8352418,0.12522184035589226,0.3826065678184576,2.4573443421294248,0.048304240779720196,0.04033577184416122,1784967186.8354707,1.0326347671814047,0.038812402370747456,1.6205386017028676,0.033634185791015625,0,0,1784967186.865304,0.12342504383721677,0.38169984157903997,2.495235947278412,1784967186.8653407,0.0008191943293469209,0.0018383554752926996,0.03789160514898704,0.38767083636202226,0.8910361606718357,0.8746973455755442,1784967186.865383,0.04891826855794723,0.062177270944850226,1784967186.826497,3704.40478515625,nan,nan,48.56962966918945,nan
6.403164625167847,1784967186.909374,Backstepping,circle,circle_bs_safety_recheck_20260725,1784967186.885469,0.12361320997318852,0.38393590792017884,2.458920252392765,0.04568816556105543,0.039693741808715634,1784967186.8354707,1.0326347671814047,0.038812402370747456,1.6205386017028676,0.07390332221984863,0,0,1784967186.9047933,0.12191501875483769,0.3828368744679459,2.4971261908086855,1784967186.9048913,0.0006242629580348372,0.001924064370658248,0.03820593841592057,0.38888154397587327,0.8924877827347816,0.8765875891058179,1784967186.904996,0.048690989431872965,0.05662362574832084,1784967186.8764198,3704.455322265625,nan,nan,50.6237907409668,nan
6.442971229553223,1784967186.9491806,Backstepping,circle,circle_bs_safety_recheck_20260725,1784967186.9351647,0.12180809609207434,0.38524610221850264,2.4643057570354867,0.04532004361473509,0.04457365842496908,1784967186.9249542,1.0325768003514382,0.04264583881145632,1.6229424697911796,0.02422642707824707,0,0,1784967186.9445128,0.1203797045992565,0.38398837394650304,2.499045342114838,1784967186.9445572,0.0003249164655337644,0.001875263169095618,0.034739585079351265,0.38842455287442956,0.8931655135054393,0.8761028723236584,1784967186.9446046,0.04834891663170258,0.056559974982961954,1784967186.927022,3704.505615234375,nan,nan,50.189613342285156,nan
6.483083009719849,1784967186.9892924,Backstepping,circle,circle_bs_safety_recheck_20260725,1784967186.985759,0.1199917622113984,0.38660272098099085,2.468832852688789,0.045104680765577464,0.047819589751876584,1784967186.9249542,1.0325768003514382,0.04264583881145632,1.6229424697911796,0.06433820724487305,0,0,1784967186.9853404,0.1188141076186556,0.38515785509443473,2.5009995123418887,1784967186.9853828,0.00227784006588838,0.0019450447727762316,0.036693755306401954,0.38967404719383886,0.8946680260700449,0.878057042550709,1784967186.9854317,0.05061681726193833,0.05691374256238127,1784967186.9758742,3704.5546875,nan,nan,49.07065200805664,nan
6.522895097732544,1784967187.0291045,Backstepping,circle,circle_bs_safety_recheck_20260725,1784967186.985759,0.1199917622113984,0.38660272098099085,2.468832852688789,0.045104680765577464,0.047819589751876584,1784967186.9249542,1.0325768003514382,0.04264583881145632,1.6229424697911796,0.10415029525756836,0,0,1784967187.025383,0.11727664193887381,0.38630169363603795,2.5029158026250915,1784967187.0254252,0.001935924599462633,0.0019273534968652826,0.034082949936302676,0.3908964674888632,0.8961437821298587,0.8799733328339119,1784967187.0254729,0.05022360346848761,0.0544062853448201,1784967187.0280316,3704.60693359375,nan,nan,52.29670715332031,nan
6.56330132484436,1784967187.0695107,Backstepping,circle,circle_bs_safety_recheck_20260725,1784967187.0351906,0.11845640412696976,0.3879481829893,2.468404272354817,0.043633967292071155,0.04381587198906195,1784967187.0527558,1.0321059572791043,0.05054313860686703,1.6265459986085986,0.016754865646362305,0,0,1784967187.0647073,0.11575686188835514,0.3874278856930014,2.5048073736700136,1784967187.0647464,0.0017862080444259252,0.0020899039204298705,0.03640310131519664,0.3874210619995957,0.8961539589612035,0.8782613750614151,1784967187.0647907,0.05004555900889819,0.05641851085235681,1784967187.0280316,3704.60693359375,nan,nan,52.29670715332031,nan
6.60370659828186,1784967187.109916,Backstepping,circle,circle_bs_safety_recheck_20260725,1784967187.0852938,0.11688103864048982,0.3893133962754809,2.4680846326755606,0.04285005868431468,0.04021416501346573,1784967187.0527558,1.0321059572791043,0.05054313860686703,1.6265459986085986,0.057160139083862305,0,0,1784967187.1050215,0.11420116589389204,0.38857608964663637,2.5067409101995546,1784967187.105058,0.0016348098797535663,0.00224782909936582,0.03865627752399403,0.3886541667133466,0.8976432591697768,0.880194911590956,1784967187.1050978,0.04986542496883422,0.05891117663380804,1784967187.0771914,3704.65625,nan,nan,49.26996994018555,nan
6.643413782119751,1784967187.1496232,Backstepping,circle,circle_bs_safety_recheck_20260725,1784967187.1352618,0.11484448709960654,0.3907552726971436,2.4742755838508996,0.04552344129198416,0.046214750964477,1784967187.12127,1.031687300427823,0.05578300446759268,1.63055926340571,0.028353214263916016,0,0,1784967187.1445708,0.11266930143065997,0.3897021736363679,2.508642140057953,1784967187.1446092,0.0010568327026677497,0.0021733740968294534,0.03436655620705321,0.38821355856306616,0.8974331880239974,0.8780828766522428,1784967187.1446526,0.0492007537784463,0.055905795547702516,1784967187.1292222,3704.7080078125,nan,nan,51.81666564941406,nan
6.683461427688599,1784967187.1896708,Backstepping,circle,circle_bs_safety_recheck_20260725,1784967187.1851602,0.11278985258283894,0.39222305789764667,2.4800907934190946,0.04743481052439585,0.05124581044685368,1784967187.12127,1.031687300427823,0.05578300446759268,1.63055926340571,0.06840085983276367,0,0,1784967187.184514,0.11111593145442274,0.39083949497049075,2.5105673567327575,1784967187.1845465,0.0029808477258306044,0.0022413762348098294,0.03629177288185792,0.38944162816849803,0.8989158556011504,0.8800080933270475,1784967187.1845841,0.05143511914776165,0.056254278143378134,1784967187.1787705,3704.757568359375,nan,nan,49.504638671875,nan
6.723228454589844,1784967187.2294378,Backstepping,circle,circle_bs_safety_recheck_20260725,1784967187.1851602,0.11278985258283894,0.39222305789764667,2.4800907934190946,0.04743481052439585,0.05124581044685368,1784967187.12127,1.031687300427823,0.05578300446759268,1.63055926340571,0.10816788673400879,0,0,1784967187.2246745,0.10956673170173299,0.39196919740910996,2.512484711316498,1784967187.2247217,0.002387322523472969,0.0021802854241543546,0.03239391789740331,0.3906618434037571,0.9003948154563182,0.8819254479107879,1784967187.2248688,0.050751273515057836,0.0539263485679427,1784967187.1787705,3704.757568359375,nan,nan,49.504638671875,nan
6.763155698776245,1784967187.269365,Backstepping,circle,circle_bs_safety_recheck_20260725,1784967187.235003,0.11092554076644216,0.39367445114196414,2.4826432826992906,0.04743481052439585,0.05124581044685368,1784967187.2395902,1.031049305896613,0.06366177618762386,1.632043243204076,0.029774904251098633,0,0,1784967187.2653399,0.10799900480047574,0.3931077880888485,2.5144222761663513,1784967187.2654014,0.001966864403155956,0.002239902720088386,0.0317789934670607,0.3853269449603973,0.9011546363409437,0.8823790329622754,1784967187.2654567,0.050263227634396904,0.05389669870614489,1784967187.2338707,3704.812744140625,nan,nan,55.18980407714844,nan
6.802785634994507,1784967187.308995,Backstepping,circle,circle_bs_safety_recheck_20260725,1784967187.2850766,0.1084004862578799,0.39529662716556785,2.4930501306204764,0.051558383620849725,0.0622692081473179,1784967187.2395902,1.031049305896613,0.06366177618762386,1.632043243204076,0.06940484046936035,0,0,1784967187.305423,0.1064250939759755,0.3942462125218653,2.5163647505315856,1784967187.3054624,0.0009398412866132861,0.0020303309944660047,0.023314619911109172,0.38655957176933164,0.9026559146705898,0.8843215073275097,1784967187.305508,0.04907999029122211,0.04964978220323255,1784967187.2783835,3704.857177734375,nan,nan,44.60231399536133,nan
6.843304395675659,1784967187.3495138,Backstepping,circle,circle_bs_safety_recheck_20260725,1784967187.3349316,0.10645472271374634,0.3967197661614604,2.497265426446032,0.05023086370800388,0.06387034989147686,1784967187.3211284,1.0307178638383536,0.06866535174538924,1.6363165291160535,0.028385400772094727,0,0,1784967187.3450284,0.10488454475622366,0.3953560057675078,2.5182634169134217,1784967187.345066,0.0004362063867310252,0.0020334761416301054,0.020997990467389815,0.3866070741398842,0.902457250163702,0.8819468877973682,1784967187.345106,0.04849672644208756,0.04811026019016635,1784967187.3338437,3704.91259765625,nan,nan,55.363441467285156,nan
6.883907318115234,1784967187.3901167,Backstepping,circle,circle_bs_safety_recheck_20260725,1784967187.3850782,0.10468804555585107,0.39808181131381526,2.4995575954715648,0.04787624045026773,0.06255550126442709,1784967187.3211284,1.0307178638383536,0.06866535174538924,1.6363165291160535,0.06898832321166992,0,0,1784967187.3846219,0.10333401018266983,0.3964685153258947,2.5201717764410096,1784967187.3846557,0.002344105826165422,0.0020753654039054772,0.02290634999497776,0.38781871527569944,0.9039316180754826,0.8838552473249561,1784967187.3846974,0.050713602805560545,0.04843984261133564,1784967187.3839529,3704.962646484375,nan,nan,49.98508834838867,nan
6.922963380813599,1784967187.4291728,Backstepping,circle,circle_bs_safety_recheck_20260725,1784967187.3850782,0.10468804555585107,0.39808181131381526,2.4995575954715648,0.04787624045026773,0.06255550126442709,1784967187.3211284,1.0307178638383536,0.06866535174538924,1.6363165291160535,0.10804438591003418,0,0,1784967187.4247217,0.10177702279419942,0.39758115373982156,2.522085457471283,1784967187.42476,0.0020315692995780976,0.00214416363793974,0.022527861999718457,0.38903090747787666,0.9054124165198978,0.8857689283552296,1784967187.4248018,0.05035053550093171,0.04783522298840209,1784967187.4270182,3705.005859375,nan,nan,43.350555419921875,nan
6.963139057159424,1784967187.4693484,Backstepping,circle,circle_bs_safety_recheck_20260725,1784967187.4354768,0.10267589229982224,0.3994212313949422,2.5065539069898395,0.047882863243197,0.06806589340330588,1784967187.4381373,1.0304399570452494,0.07530680989618739,1.6422497100965223,0.031211137771606445,0,0,1784967187.4651103,0.10020254228739855,0.3987017250425204,2.5240179869207457,1784967187.4651585,0.001564349808960096,0.002046450427041436,0.017464079930906262,0.38898177085475044,0.904775718562659,0.8817682768242235,1784967187.4652114,0.0498120191557535,0.0452125546157788,1784967187.4270182,3705.005859375,nan,nan,43.350555419921875,nan
7.002772092819214,1784967187.5089815,Backstepping,circle,circle_bs_safety_recheck_20260725,1784967187.484885,0.10077076487610347,0.40082441771345045,2.5099173420200316,0.047882863243197,0.06806589340330588,1784967187.4381373,1.0304399570452494,0.07530680989618739,1.6422497100965223,0.07084417343139648,0,0,1784967187.5050423,0.09863452273114888,0.3998131515870745,2.5259399534734803,1784967187.5050848,0.0011268812736935922,0.0020775775016192177,0.016022611453448743,0.39020230635249886,0.9062603893650449,0.883690243376958,1784967187.505134,0.04930440167525211,0.045019730262476375,1784967187.4844055,3705.063232421875,nan,nan,57.22482681274414,nan
7.0431506633758545,1784967187.54936,Backstepping,circle,circle_bs_safety_recheck_20260725,1784967187.5352995,0.09883963533267506,0.40219538689308026,2.514309251847308,0.04760869990132619,0.0693030024927763,1784967187.533599,1.0301180562309122,0.07946227377183249,1.6468759307545777,0.015761137008666992,0,0,1784967187.5456102,0.09705413487236444,0.4009287727766475,2.5278744398626407,1784967187.5456502,0.0007021498102805056,0.0020734774794145218,0.013565188015332907,0.39145527979739214,0.9059314296579782,0.880998509108063,1784967187.5456982,0.04881218395325696,0.04416653230207708,1784967187.5290446,3705.106689453125,nan,nan,43.46873092651367,nan
7.083910703659058,1784967187.59012,Backstepping,circle,circle_bs_safety_recheck_20260725,1784967187.584943,0.09668182409473275,0.40365907746299695,2.520196634846419,0.04953936667825361,0.07282074174026225,1784967187.533599,1.0301180562309122,0.07946227377183249,1.6468759307545777,0.05652117729187012,0,0,1784967187.5846276,0.09550497101466673,0.4020179155418643,2.5297681509527283,1784967187.5846677,0.002595661213717032,0.002100958128546451,0.015458899105420532,0.39265901815389675,0.9073933306772339,0.8828922201981506,1784967187.584712,0.05101301864429531,0.04448476612880706,1784967187.5784256,3705.1572265625,nan,nan,50.58070755004883,nan
7.123170852661133,1784967187.6293802,Backstepping,circle,circle_bs_safety_recheck_20260725,1784967187.584943,0.09668182409473275,0.40365907746299695,2.520196634846419,0.04953936667825361,0.07282074174026225,1784967187.533599,1.0301180562309122,0.07946227377183249,1.6468759307545777,0.09578132629394531,0,0,1784967187.6253092,0.09390816628624377,0.40313597361574655,2.531717468884857,1784967187.625348,0.0019506325472354387,0.0020400607685228072,0.011520834038438288,0.39389520918007653,0.9089005370148266,0.8848415381302795,1784967187.6253908,0.050265400176862374,0.04364707971711844,1784967187.6265674,3705.20556640625,nan,nan,48.24475860595703,nan
7.163272142410278,1784967187.6694815,Backstepping,circle,circle_bs_safety_recheck_20260725,1784967187.6360688,0.0944915638406591,0.4051232356364567,2.5264074006850255,0.05030451176847126,0.07638270728361733,1784967187.6377716,1.02972227379714,0.0857077937266931,1.6577069766075807,0.031709909439086914,0,0,1784967187.66549,0.09232777513782221,0.4042379809866569,2.5336441389593203,1784967187.665529,0.0012562047007002473,0.001971701573630059,0.007236738274294829,0.39869498249721946,0.906207612660677,0.8759371623517396,1784967187.6655722,0.04945970918325927,0.04231196467943414,1784967187.6265674,3705.20556640625,nan,nan,48.24475860595703,nan
7.203052759170532,1784967187.7092621,Backstepping,circle,circle_bs_safety_recheck_20260725,1784967187.6850939,0.09267510480090961,0.4064327833799086,2.5294003525320283,0.048538366197162515,0.07530649809777103,1784967187.6377716,1.02972227379714,0.0857077937266931,1.6577069766075807,0.07149052619934082,0,0,1784967187.7045634,0.0907859539545702,0.4053087410356353,2.5355213018926697,1784967187.7046046,0.0009001169042527175,0.0020055302716795063,0.006120949360641337,0.39989553316870413,0.9076506711240838,0.877814325285089,1784967187.7046487,0.049045936777947496,0.04175786573937746,1784967187.677081,3705.255859375,nan,nan,50.38740158081055,nan
7.242864370346069,1784967187.7490737,Backstepping,circle,circle_bs_safety_recheck_20260725,1784967187.735984,0.09084813932116717,0.4077546473781725,2.532187844185112,0.04682113441456695,0.07379918110734131,1784967187.7262282,1.0292984909963385,0.08890373599052143,1.6599737828466143,0.02284550666809082,0,0,1784967187.7447612,0.08920149541792036,0.4064046508935312,2.537447834638031,1784967187.7448068,0.0005775192918698011,0.0020494872822640177,0.005259990452918917,0.39996365361082287,0.9080849452832584,0.8774740517914166,1784967187.7448523,0.048670990917986004,0.04136266293266341,1784967187.732824,3705.3115234375,nan,nan,55.73242950439453,nan
7.283022403717041,1784967187.7892318,Backstepping,circle,circle_bs_safety_recheck_20260725,1784967187.7851508,0.0888269759456215,0.40909820932034907,2.5374727264625054,0.04778549770070698,0.07618497040689703,1784967187.7262282,1.0292984909963385,0.08890373599052143,1.6599737828466143,0.0630035400390625,0,0,1784967187.7851555,0.08760080100648895,0.40750721725656597,2.539391510632904,1784967187.7851927,0.0025211572389188105,0.0020615998573202004,0.007203666447792134,0.4012043954638058,0.909581085262652,0.8794177277862898,1784967187.7852356,0.05093086044680131,0.041678913851442775,1784967187.7819982,3705.360595703125,nan,nan,49.09929275512695,nan
7.3228678703308105,1784967187.8290772,Backstepping,circle,circle_bs_safety_recheck_20260725,1784967187.7851508,0.0888269759456215,0.40909820932034907,2.5374727264625054,0.04778549770070698,0.07618497040689703,1784967187.7262282,1.0292984909963385,0.08890373599052143,1.6599737828466143,0.10284900665283203,0,0,1784967187.8248756,0.08603099023907106,0.40858406415782544,2.5412951666387635,1784967187.8249173,0.0020090487673568836,0.0020113687801501293,0.0038224401762581017,0.40241676957995154,0.9110487548769566,0.8813213837921492,1784967187.824963,0.0503361730516894,0.040911549116585684,1784967187.7819982,3705.360595703125,nan,nan,49.09929275512695,nan
7.3631110191345215,1784967187.8693204,Backstepping,circle,circle_bs_safety_recheck_20260725,1784967187.835133,0.08684087041842463,0.41048224945241185,2.540941935575095,0.04805756135030855,0.0756998454456521,1784967187.838003,1.0288139017713185,0.09403593018545947,1.668148461377452,0.03131747245788574,0,0,1784967187.864943,0.084444438305981,0.40966793868000423,2.5432166067632753,1784967187.8649843,0.0015167481624584072,0.002026194441629226,0.0022746711881804775,0.4059287296587292,0.9092189586396447,0.8750681453858233,1784967187.8650272,0.049763853933896325,0.04089795275464449,1784967187.8294594,3705.407470703125,nan,nan,46.70503616333008,nan
7.403155326843262,1784967187.9093647,Backstepping,circle,circle_bs_safety_recheck_20260725,1784967187.8855717,0.08486875778324857,0.4118615942720946,2.544029522318492,0.047911343510482804,0.07464228955812142,1784967187.838003,1.0288139017713185,0.09403593018545947,1.668148461377452,0.07136178016662598,0,0,1784967187.9046657,0.08286218816322553,0.41074443004479605,2.545130333569916,1784967187.9048712,0.0010302997874829679,0.002052525249215596,0.0011008112514239166,0.4071539160948634,0.9106890835899242,0.8769818721924639,1784967187.9049284,0.04919820956999576,0.04093242127652953,1784967187.8809536,3705.459716796875,nan,nan,52.281532287597656,nan
7.443007469177246,1784967187.9492168,Backstepping,circle,circle_bs_safety_recheck_20260725,1784967187.935139,0.0826741622008462,0.4132644725466643,2.5499658650428816,0.0497152133608425,0.07786472043831318,1784967187.9244084,1.0283354549163457,0.09743092393782152,1.6725867499757137,0.024808406829833984,0,0,1784967187.945277,0.08125915706913787,0.4118305514478519,2.5470666624578553,1784967187.9453175,0.0003747879976477693,0.0019793693938220435,-0.002899202585026295,0.40900914676946337,0.9102264320383882,0.8744799124821416,1784967187.945361,0.04843567671239056,0.04015429303244741,1784967187.930296,3705.50830078125,nan,nan,48.53653335571289,nan
7.483084678649902,1784967187.989294,Backstepping,circle,circle_bs_safety_recheck_20260725,1784967187.985065,0.0806143109928974,0.4146485160342356,2.553852655506503,0.0497152133608425,0.07786472043831318,1784967187.9244084,1.0283354549163457,0.09743092393782152,1.6725867499757137,0.06488561630249023,0,0,1784967187.9850245,0.07966948963429538,0.41290315467722843,2.5489843489202575,1784967187.9850602,0.0022924705561651734,0.001975648395862108,-0.0009815161226240932,0.41023773165230304,0.9116988787867378,0.8763975989445438,1784967187.9850986,0.050666120135848376,0.04045646517986701,1784967187.986453,3705.565185546875,nan,nan,57.01198959350586,nan
7.522806406021118,1784967188.0290158,Backstepping,circle,circle_bs_safety_recheck_20260725,1784967187.985065,0.0806143109928974,0.4146485160342356,2.553852655506503,0.0497152133608425,0.07786472043831318,1784967187.9244084,1.0283354549163457,0.09743092393782152,1.6725867499757137,0.10460734367370605,0,0,1784967188.0245087,0.07809287149948166,0.41396257964500605,2.550883850720795,1784967188.0245426,0.0017179925327669948,0.0019689254699918734,-0.0029688047857079343,0.4114518804853583,0.9131596828860492,0.8782971007450813,1784967188.0245807,0.04999781378451885,0.04013583819591181,1784967187.986453,3705.565185546875,nan,nan,57.01198959350586,nan
7.562843084335327,1784967188.0690525,Backstepping,circle,circle_bs_safety_recheck_20260725,1784967188.035413,0.07857587572534094,0.41604133669379184,2.5568749794838133,0.04937781399259829,0.07658317641622256,1784967188.0550954,1.0274625887994377,0.1049367150690357,1.6940648232100488,0.013957023620605469,0,0,1784967188.065218,0.07647687977965459,0.41504395962902485,2.5528282820257266,1784967188.0652626,0.0011997692362134993,0.0019902509312060756,-0.004046697458086612,0.42468409293261533,0.905639963284776,0.8587634588156778,1784967188.06531,0.04939493860400502,0.04015542307478335,1784967188.0299597,3705.608642578125,nan,nan,43.30636215209961,nan
7.602861642837524,1784967188.109071,Backstepping,circle,circle_bs_safety_recheck_20260725,1784967188.0852249,0.07634123740474752,0.41741707432781017,2.563207867829025,0.05063638495685018,0.08021036244215055,1784967188.0550954,1.0274625887994377,0.1049367150690357,1.6940648232100488,0.053975582122802734,0,0,1784967188.104849,0.07488711951094656,0.41610335567441653,2.554738690045746,1784967188.1048887,0.0004994274611138332,0.001894963788686186,-0.008469177783279047,0.4259309217821484,0.9070874008526614,0.860673866835697,1784967188.1049323,0.04857911270022909,0.039001126518401784,1784967188.0815654,3705.65966796875,nan,nan,51.15221405029297,nan
7.6427953243255615,1784967188.1490047,Backstepping,circle,circle_bs_safety_recheck_20260725,1784967188.1352143,0.07417844931375671,0.4187994170013405,2.567912706376308,0.05092522464650833,0.08121583440352259,1784967188.1255238,1.0265211219121488,0.10938116422301794,1.7005919925642394,0.023480892181396484,0,0,1784967188.1451056,0.07328300113077878,0.41716788292065293,2.5566638952764587,1784967188.1451542,-0.00013338144361211396,0.0018563244046619174,-0.01124881109984921,0.4285767964595462,0.9053825206253585,0.8560719027122192,1784967188.1452,0.04784184055507373,0.038403038181590535,1784967188.130298,3705.70751953125,nan,nan,47.723182678222656,nan
7.683785915374756,1784967188.1899953,Backstepping,circle,circle_bs_safety_recheck_20260725,1784967188.185845,0.07224229020385649,0.42012230043004317,2.5701429898721906,0.04909949604911243,0.07851105362189481,1784967188.1255238,1.0265211219121488,0.10938116422301794,1.7005919925642394,0.06447148323059082,0,0,1784967188.184645,0.07169312520230382,0.41821857766690224,2.5585695883306583,1784967188.1846855,0.001772210314832669,0.0018367038061158482,-0.009343118045649579,0.429824433215373,0.9068230300641508,0.8579775957664189,1784967188.1847293,0.050058985558875224,0.03869317231419452,1784967188.1789908,3705.757080078125,nan,nan,49.655662536621094,nan
7.722864389419556,1784967188.2290738,Backstepping,circle,circle_bs_safety_recheck_20260725,1784967188.185845,0.07224229020385649,0.42012230043004317,2.5701429898721906,0.04909949604911243,0.07851105362189481,1784967188.1255238,1.0265211219121488,0.10938116422301794,1.7005919925642394,0.10354995727539062,0,0,1784967188.2246397,0.07008805891005052,0.41927490391840455,2.5604910627874453,1784967188.2246752,0.0013536462394012436,0.0018778805003793844,-0.009651927084745271,0.43107962021829077,0.9082778731965355,0.8598990702232059,1784967188.2247155,0.04957205476106627,0.03861265149706479,1784967188.1789908,3705.757080078125,nan,nan,49.655662536621094,nan
7.762948513031006,1784967188.269158,Backstepping,circle,circle_bs_safety_recheck_20260725,1784967188.2365212,0.07027017417186962,0.42139702553763264,2.573885474600072,0.048023008595066884,0.07817898097896621,1784967188.2381077,1.0258735766927254,0.11518020319982486,1.7122346454092656,0.03105020523071289,0,0,1784967188.2647693,0.06848143518506579,0.42032783720227773,2.5624119764837343,1784967188.2648077,0.0009332474147242186,0.0018632767165081949,-0.011473498116337577,0.4370614151845485,0.9048160644654786,0.8501773310744687,1784967188.2648482,0.04908220739016629,0.03798475081215247,1784967188.2294667,3705.8076171875,nan,nan,50.62055587768555,nan
7.8034279346466064,1784967188.3096373,Backstepping,circle,circle_bs_safety_recheck_20260725,1784967188.2852273,0.06829811548095606,0.42265420978485635,2.577692761061364,0.048023008595066884,0.07817898097896621,1784967188.2381077,1.0258735766927254,0.11518020319982486,1.7122346454092656,0.07152962684631348,0,0,1784967188.3047721,0.06687504541024387,0.42137621469219677,2.564330200818451,1784967188.304814,0.0005196753039142949,0.0018407437251068744,-0.013362560242912826,0.4383257721484414,0.9062586264010214,0.8520955554091856,1784967188.3048625,0.048600097049827984,0.037659338115671376,1784967188.289171,3705.86767578125,nan,nan,59.86328125,nan
7.843206405639648,1784967188.3494158,Backstepping,circle,circle_bs_safety_recheck_20260725,1784967188.3349533,0.06619286159543782,0.42399301367424375,2.5813531260485094,0.048493127753510105,0.07772028776396456,1784967188.321764,1.0249827032157823,0.11940199091923945,1.7218371350723898,0.02765178680419922,0,0,1784967188.3454137,0.06525041107547247,0.4224320385404963,2.5662677771123965,1784967188.3454504,-3.110912278261272e-05,0.0018231534694699812,-0.015085348936112906,0.44398825666017716,0.9032096712757736,0.8444306420400067,1784967188.3454967,0.047958358567716616,0.03763915882637591,1784967188.3313322,3705.90771484375,nan,nan,40.264644622802734,nan
7.882781982421875,1784967188.3889914,Backstepping,circle,circle_bs_safety_recheck_20260725,1784967188.38534,0.06441157816590169,0.42524883036516137,2.581718083722251,0.046379236004024965,0.07259516285695773,1784967188.321764,1.0249827032157823,0.11940199091923945,1.7218371350723898,0.06722736358642578,0,0,1784967188.384469,0.06365646869143582,0.42346357300002946,2.568166386273773,1784967188.384499,0.001867310059218782,0.0017963155440301989,-0.013186739774736276,0.44524788310964014,0.9046302545618382,0.8463292512013834,1784967188.384537,0.05016750829680536,0.03792352332931052,1784967188.3820846,3705.960205078125,nan,nan,52.38273239135742,nan
7.9229161739349365,1784967188.4291255,Backstepping,circle,circle_bs_safety_recheck_20260725,1784967188.38534,0.06441157816590169,0.42524883036516137,2.581718083722251,0.046379236004024965,0.07259516285695773,1784967188.321764,1.0249827032157823,0.11940199091923945,1.7218371350723898,0.1073615550994873,0,0,1784967188.4245043,0.062046045971978006,0.4245014203811891,2.5700822645696717,1784967188.4245462,0.001607432397231382,0.0018895833754988978,-0.011635819152579163,0.44651623035762666,0.9060661806673362,0.8482451294972819,1784967188.4245923,0.049866194499745636,0.03864478249916001,1784967188.3820846,3705.960205078125,nan,nan,52.38273239135742,nan
7.962919235229492,1784967188.4691286,Backstepping,circle,circle_bs_safety_recheck_20260725,1784967188.4349515,0.06243391026572022,0.4264777652842825,2.585570984507665,0.04659607674850427,0.07295700344850352,1784967188.4359214,1.0239066167298994,0.1261710413227307,1.7343950552066163,0.03320717811584473,0,0,1784967188.4654453,0.060401805448120155,0.4255565649805792,2.5720359427007753,1784967188.4654906,0.0012397719020242838,0.0018550001671718316,-0.013535041806889579,0.4523139544373965,0.9018787611204878,0.837640887494159,1784967188.4655335,0.049437458052615235,0.038305189561188266,1784967188.430576,3706.008544921875,nan,nan,48.444549560546875,nan
8.00290298461914,1784967188.5091124,Backstepping,circle,circle_bs_safety_recheck_20260725,1784967188.485112,0.06028957876339856,0.4277862717665601,2.5898421503740807,0.04799069533313744,0.07383752119917113,1784967188.4359214,1.0239066167298994,0.1261710413227307,1.7343950552066163,0.07319092750549316,0,0,1784967188.5047548,0.05880853960768513,0.4265746795168622,2.573926724103363,1784967188.5048008,0.0006261742242247545,0.0018081312455684546,-0.015915426270717514,0.45357796974533954,0.9032849327133503,0.8395316688967469,1784967188.5048482,0.048722161532053804,0.038208219361102046,1784967188.4802098,3706.058349609375,nan,nan,49.729103088378906,nan
8.042921543121338,1784967188.549131,Backstepping,circle,circle_bs_safety_recheck_20260725,1784967188.5350037,0.05819781493854997,0.4291275640448767,2.5921524042190853,0.048741127835041996,0.07186164409000384,1784967188.531271,1.0234283194459841,0.1301260885708738,1.7415852935930054,0.017859935760498047,0,0,1784967188.5448282,0.05718222413212265,0.42760954559221837,2.5758543783697205,1784967188.544867,7.33887330919466e-05,0.0018249435066779402,-0.016298025849364798,0.4573784445906188,0.9016279068077475,0.8342690847767151,1784967188.544909,0.048078976222180575,0.038956785078018155,1784967188.5296226,3706.10791015625,nan,nan,49.47203826904297,nan
8.083154201507568,1784967188.5893636,Backstepping,circle,circle_bs_safety_recheck_20260725,1784967188.5853646,0.056060961402782286,0.4304558303920673,2.5952590334494787,0.049238162228606865,0.07112114091972564,1784967188.531271,1.0234283194459841,0.1301260885708738,1.7415852935930054,0.058092594146728516,0,0,1784967188.5846934,0.05555972050098881,0.4286376052444734,2.577775166181,1784967188.5847294,0.001993950327660694,0.0017954843297577152,-0.014377238038085325,0.4586673075220311,0.9030520756971946,0.8361898725879946,1784967188.5847702,0.0503140033971562,0.03924313847599313,1784967188.5806928,3706.158935546875,nan,nan,51.14337158203125,nan
