t,ros_time,controller,trajectory,run_id,odom_stamp,odom_x,odom_y,odom_yaw,odom_v,odom_w,camera_stamp,camera_x,camera_y,camera_yaw,camera_age_s,disturbance_event,control_paused,desired_stamp,desired_x,desired_y,desired_yaw,error_stamp,error_ex,error_ey,error_etheta,camera_error_ex,camera_error_ey,camera_error_etheta,cmd_stamp,cmd_v,cmd_w,espnow_link_stamp,espnow_rx_time,espnow_robot_time_ms,espnow_seq,espnow_interarrival_ms,espnow_seq_gap
0.042939186096191406,1784967068.6747475,Backstepping,circle,circle_bs_tune_baseline_20260725_151054,1784967068.6351662,1.0662182385891372,-0.03605753105880533,1.5942290574646834,1.0784462133533304e-06,-4.398104654585969e-08,nan,nan,nan,nan,nan,0,0,nan,nan,nan,nan,nan,nan,nan,nan,nan,nan,nan,1784967068.6701517,0.0,0.0,nan,nan,nan,nan,nan,nan
0.08286333084106445,1784967068.7146716,Backstepping,circle,circle_bs_tune_baseline_20260725_151054,1784967068.6852696,1.066220674371951,-0.03605600035682091,1.5942408521779923,1.2511941046732512e-06,1.3653731822504673e-05,nan,nan,nan,nan,nan,0,0,nan,nan,nan,nan,nan,nan,nan,nan,nan,nan,nan,1784967068.7103124,0.0,0.0,1784967068.6830268,3586.25927734375,nan,nan,52.8106689453125,nan
0.12252020835876465,1784967068.7543285,Backstepping,circle,circle_bs_tune_baseline_20260725_151054,1784967068.7350588,1.0662206738617805,-0.03605597861563256,1.5942413285081762,8.759736720396087e-07,1.2949836198325857e-05,1784967068.7495286,1.0662371058555768,-0.036048277758435575,1.5942810377828656,0.004799842834472656,0,0,nan,nan,nan,nan,nan,nan,nan,nan,nan,nan,nan,1784967068.7501533,0.0,0.0,1784967068.72819,3586.30615234375,nan,nan,46.704254150390625,nan
0.16241741180419922,1784967068.7942257,Backstepping,circle,circle_bs_tune_baseline_20260725_151054,1784967068.785143,1.066222835617118,-0.03605468115098533,1.594250961771636,1.0834950591773126e-06,2.324623266520488e-05,1784967068.7495286,1.0662371058555768,-0.036048277758435575,1.5942810377828656,0.04469704627990723,0,0,nan,nan,nan,nan,nan,nan,nan,nan,nan,nan,nan,1784967068.7897007,0.0,0.0,1784967068.779251,3586.35791015625,nan,nan,51.87810134887695,nan
0.20253682136535645,1784967068.834345,Backstepping,circle,circle_bs_tune_baseline_20260725_151054,1784967068.785143,1.066222835617118,-0.03605468115098533,1.594250961771636,1.0834950591773126e-06,2.324623266520488e-05,1784967068.8327997,1.0662371058555768,-0.036048277758435575,1.5942810377828656,0.0015454292297363281,0,0,nan,nan,nan,nan,nan,nan,nan,nan,nan,nan,nan,1784967068.8300786,0.0,0.0,1784967068.8301764,3586.40869140625,nan,nan,50.671634674072266,nan
0.24288344383239746,1784967068.8746917,Backstepping,circle,circle_bs_tune_baseline_20260725_151054,1784967068.8355544,1.066224676203925,-0.036053630458445,1.5942581623427479,1.239709367334115e-06,3.0187853047482547e-05,1784967068.8327997,1.0662371058555768,-0.036048277758435575,1.5942810377828656,0.041892051696777344,0,0,nan,nan,nan,nan,nan,nan,nan,nan,nan,nan,nan,1784967068.8710194,0.0,0.0,1784967068.8301764,3586.40869140625,nan,nan,50.671634674072266,nan
0.2830007076263428,1784967068.914809,Backstepping,circle,circle_bs_tune_baseline_20260725_151054,1784967068.8854003,1.0662246756366442,-0.03605360629546628,1.5942592630942494,8.623323617525922e-07,2.8673842732778717e-05,1784967068.8327997,1.0662371058555768,-0.036048277758435575,1.5942810377828656,0.08200931549072266,0,0,nan,nan,nan,nan,nan,nan,nan,nan,nan,nan,nan,1784967068.910782,0.0,0.0,1784967068.8805602,3586.45947265625,nan,nan,50.82221984863281,nan
0.32248497009277344,1784967068.9542933,Backstepping,circle,circle_bs_tune_baseline_20260725_151054,1784967068.9350376,1.066224675290379,-0.03605359154453751,1.5942602530429069,6.017183976789109e-07,2.7179525112942077e-05,1784967068.8327997,1.0662371058555768,-0.036048277758435575,1.5942810377828656,0.12149357795715332,0,0,nan,nan,nan,nan,nan,nan,nan,nan,nan,nan,nan,1784967068.9498892,0.0,0.0,1784967068.929012,3586.5078125,nan,nan,48.3958625793457,nan
0.3628833293914795,1784967068.9946916,Backstepping,circle,circle_bs_tune_baseline_20260725_151054,1784967068.9848228,1.0662263602506927,-0.036052668530195287,1.59426596976644,7.993265987757668e-07,3.169636570542308e-05,1784967068.9725258,1.0662371058555768,-0.036048277758435575,1.5942810377828656,0.022165775299072266,0,0,nan,nan,nan,nan,nan,nan,nan,nan,nan,nan,nan,1784967068.9903636,0.0,0.0,1784967068.9831629,3586.56201171875,nan,nan,54.110008239746094,nan
0.40272951126098633,1784967069.0345378,Backstepping,circle,circle_bs_tune_baseline_20260725_151054,1784967068.9848228,1.0662263602506927,-0.036052668530195287,1.59426596976644,7.993265987757668e-07,3.169636570542308e-05,1784967068.9725258,1.0662371058555768,-0.036048277758435575,1.5942810377828656,0.0620119571685791,0,0,nan,nan,nan,nan,nan,nan,nan,nan,nan,nan,nan,1784967069.0303547,0.0,0.0,1784967069.0330539,3586.61181640625,nan,nan,49.750701904296875,nan
0.4427909851074219,1784967069.0745993,Backstepping,circle,circle_bs_tune_baseline_20260725_151054,1784967069.034749,1.066226359892851,-0.03605265328914506,1.5942670884615533,5.55557825402374e-07,3.0056544919401707e-05,1784967069.0341947,1.0662371058555768,-0.036048277758435575,1.5942810377828656,0.040404558181762695,0,0,nan,nan,nan,nan,nan,nan,nan,nan,nan,nan,nan,1784967069.070773,0.0,0.0,1784967069.0330539,3586.61181640625,nan,nan,49.750701904296875,nan
0.4826936721801758,1784967069.114502,Backstepping,circle,circle_bs_tune_baseline_20260725_151054,1784967069.0848997,1.0662277443507728,-0.0360519305493106,1.59427135739501,6.095264446237507e-07,3.219720142523435e-05,1784967069.0341947,1.0662371058555768,-0.036048277758435575,1.5942810377828656,0.0803072452545166,0,0,nan,nan,nan,nan,nan,nan,nan,nan,nan,nan,nan,1784967069.1104534,0.0,0.0,1784967069.0835688,3586.662353515625,nan,nan,50.63612747192383,nan
0.5231738090515137,1784967069.154982,Backstepping,circle,circle_bs_tune_baseline_20260725_151054,1784967069.13512,1.0662277440813248,-0.03605191907454156,1.5942724928577443,4.2746222365386413e-07,3.052794873719055e-05,1784967069.149714,1.0662371058555768,-0.036048277758435575,1.5942810377828656,0.005268096923828125,0,0,nan,nan,nan,nan,nan,nan,nan,nan,nan,nan,nan,1784967069.150273,0.0,0.0,1784967069.1301117,3586.708251953125,nan,nan,45.86988067626953,nan
0.5631723403930664,1784967069.1949806,Backstepping,circle,circle_bs_tune_baseline_20260725_151054,1784967069.1850526,1.0662289776923042,-0.036051283411017966,1.5942759220600176,7.360394117270608e-07,3.288226645614374e-05,1784967069.149714,1.0662371058555768,-0.036048277758435575,1.5942810377828656,0.04526662826538086,0,0,nan,nan,nan,nan,nan,nan,nan,nan,nan,nan,nan,1784967069.1900685,0.0,0.0,1784967069.1843765,3586.76318359375,nan,nan,54.95130157470703,nan
0.6033823490142822,1784967069.2351906,Backstepping,circle,circle_bs_tune_baseline_20260725_151054,1784967069.1850526,1.0662289776923042,-0.036051283411017966,1.5942759220600176,7.360394117270608e-07,3.288226645614374e-05,1784967069.149714,1.0662371058555768,-0.036048277758435575,1.5942810377828656,0.08547663688659668,0,0,nan,nan,nan,nan,nan,nan,nan,nan,nan,nan,nan,1784967069.2303085,0.0,0.0,1784967069.2304096,3586.808837890625,nan,nan,45.689727783203125,nan
0.6429555416107178,1784967069.2747638,Backstepping,circle,circle_bs_tune_baseline_20260725_151054,1784967069.235107,1.06622897797527,-0.03605129546427558,1.5942765868379307,3.566246987153632e-07,2.9611211314108635e-05,1784967069.2378492,1.066199259490232,-0.036079652479659524,1.5943035625212374,0.03691458702087402,0,0,nan,nan,nan,nan,nan,nan,nan,nan,nan,nan,nan,1784967069.270168,0.0,0.0,1784967069.2304096,3586.808837890625,nan,nan,45.689727783203125,nan
0.682659387588501,1784967069.3144677,Backstepping,circle,circle_bs_tune_baseline_20260725_151054,1784967069.284968,1.0662251308370452,-0.0360559708612908,1.5942838264190138,-1.3326489435221356e-06,3.532977803610007e-05,1784967069.2378492,1.066199259490232,-0.036079652479659524,1.5943035625212374,0.07661843299865723,0,0,nan,nan,nan,nan,nan,nan,nan,nan,nan,nan,nan,1784967069.3099766,0.0,0.0,1784967069.2795773,3586.8583984375,nan,nan,49.531089782714844,nan
0.7227363586425781,1784967069.3545446,Backstepping,circle,circle_bs_tune_baseline_20260725_151054,1784967069.3355079,1.066225131411394,-0.03605599530301797,1.5942850803794835,-9.296693587787449e-07,3.348988557457178e-05,1784967069.3491728,1.0662149782338948,-0.03607609546036854,1.5944038767829318,0.005371809005737305,0,0,nan,nan,nan,nan,nan,nan,nan,nan,nan,nan,nan,1784967069.3501215,0.0,0.0,1784967069.3295157,3586.908203125,nan,nan,49.89793014526367,nan
0.7625124454498291,1784967069.3943207,Backstepping,circle,circle_bs_tune_baseline_20260725_151054,1784967069.3855176,1.0662238054319741,-0.036059399661033366,1.5943139056590292,-1.919771653520661e-06,6.481382915822026e-05,1784967069.3491728,1.0662149782338948,-0.03607609546036854,1.5944038767829318,0.04514789581298828,0,0,nan,nan,nan,nan,nan,nan,nan,nan,nan,nan,nan,1784967069.3898268,0.0,0.0,1784967069.3796182,3586.958251953125,nan,nan,50.01102066040039,nan
0.8027856349945068,1784967069.434594,Backstepping,circle,circle_bs_tune_baseline_20260725_151054,1784967069.3855176,1.0662238054319741,-0.036059399661033366,1.5943139056590292,-1.919771653520661e-06,6.481382915822026e-05,1784967069.3491728,1.0662149782338948,-0.03607609546036854,1.5944038767829318,0.08542108535766602,0,0,nan,nan,nan,nan,nan,nan,nan,nan,nan,nan,nan,1784967069.4296653,0.0,0.0,1784967069.4290006,3587.0078125,nan,nan,49.41402816772461,nan
0.8425123691558838,1784967069.4743207,Backstepping,circle,circle_bs_tune_baseline_20260725_151054,1784967069.4351232,1.06622380620533,-0.0360594325064026,1.5943161506015073,-1.3388208316368553e-06,6.144784685165568e-05,1784967069.453074,1.0662149782338948,-0.03607609546036854,1.5944038767829318,0.021246671676635742,0,0,nan,nan,nan,nan,nan,nan,nan,nan,nan,nan,nan,1784967069.470385,0.0,0.0,1784967069.4290006,3587.0078125,nan,nan,49.41402816772461,nan
0.8826894760131836,1784967069.5144978,Backstepping,circle,circle_bs_tune_baseline_20260725_151054,1784967069.4853857,1.0662226487711317,-0.036062272327558,1.5943386603099634,-2.03316724047799e-06,8.275880349351584e-05,1784967069.453074,1.0662149782338948,-0.03607609546036854,1.5944038767829318,0.06142377853393555,0,0,nan,nan,nan,nan,nan,nan,nan,nan,nan,nan,nan,1784967069.5101159,0.0,0.0,1784967069.4792032,3587.057861328125,nan,nan,50.26227951049805,nan
0.922539234161377,1784967069.5543475,Backstepping,circle,circle_bs_tune_baseline_20260725_151054,1784967069.5353174,1.0662226496058902,-0.036062307744909324,1.5943415569443886,-1.4126875596126415e-06,7.84611750281183e-05,1784967069.5519202,1.0662169610473218,-0.03607621574342398,1.594398809606939,0.002427339553833008,0,0,nan,nan,nan,nan,nan,nan,nan,nan,nan,nan,nan,1784967069.5500782,0.0,0.0,1784967069.530626,3587.109375,nan,nan,51.388858795166016,nan
0.9625740051269531,1784967069.5943823,Backstepping,circle,circle_bs_tune_baseline_20260725_151054,1784967069.5852475,1.0662219092676937,-0.03606467610443721,1.5943574456128984,-1.8836304576048992e-06,9.014684621882513e-05,1784967069.5519202,1.0662169610473218,-0.03607621574342398,1.594398809606939,0.04246211051940918,0,0,nan,nan,nan,nan,nan,nan,nan,nan,nan,nan,nan,1784967069.5901089,0.0,0.0,1784967069.582677,3587.161376953125,nan,nan,52.09959411621094,nan
1.0024287700653076,1784967069.634237,Backstepping,circle,circle_bs_tune_baseline_20260725_151054,1784967069.5852475,1.0662219092676937,-0.03606467610443721,1.5943574456128984,-1.8836304576048992e-06,9.014684621882513e-05,1784967069.5519202,1.0662169610473218,-0.03607621574342398,1.594398809606939,0.08231687545776367,0,0,nan,nan,nan,nan,nan,nan,nan,nan,nan,nan,nan,1784967069.6306229,0.0,0.0,1784967069.6302977,3587.208740234375,nan,nan,47.34794616699219,nan
1.0426521301269531,1784967069.6744604,Backstepping,circle,circle_bs_tune_baseline_20260725_151054,1784967069.6349778,1.0662219100471304,-0.03606470915860432,1.5943605865367712,-1.315584128271916e-06,8.547992411932414e-05,1784967069.643156,1.0662169610473218,-0.03607621574342398,1.594398809606939,0.031304359436035156,0,0,1784967069.670967,1.0662219100471304,-0.03606470915860432,1.5943605865367712,nan,nan,nan,nan,1.1386582102467071e-05,-5.219180140750665e-06,-3.8223070167875406e-05,1784967069.6710398,0.0,0.0,1784967069.6302977,3587.208740234375,nan,nan,47.34794616699219,nan
1.0826261043548584,1784967069.7144344,Backstepping,circle,circle_bs_tune_baseline_20260725_151054,1784967069.6851842,1.0662212725625053,-0.03606665016743837,1.5943723679227062,-1.6113818191733639e-06,9.14056114372901e-05,1784967069.643156,1.0662169610473218,-0.03607621574342398,1.594398809606939,0.07127833366394043,0,0,1784967069.7103326,1.0662212725625053,-0.03606665016743837,1.5943723679227062,nan,nan,nan,nan,9.461158712158597e-06,-4.536064697259461e-06,-2.6441684232825224e-05,1784967069.7103903,0.0,0.0,1784967069.6808183,3587.259521484375,nan,nan,50.74124526977539,nan
1.1234989166259766,1784967069.7553072,Backstepping,circle,circle_bs_tune_baseline_20260725_151054,1784967069.7358382,1.0662212732525713,-0.036066679422936634,1.5943756246332828,-1.1229375504791275e-06,8.665662558538366e-05,1784967069.7502384,1.0662169610473218,-0.03607621574342398,1.594398809606939,0.005068778991699219,0,0,1784967069.7502053,1.0662212732525713,-0.036066679422936634,1.5943756246332828,nan,nan,nan,nan,9.43189507653994e-06,-4.536064132776439e-06,-2.3184973656276142e-05,1784967069.7502718,0.0,0.0,1784967069.7331254,3587.308837890625,nan,nan,49.28520965576172,nan
1.1629297733306885,1784967069.794738,Backstepping,circle,circle_bs_tune_baseline_20260725_151054,1784967069.7849085,1.066220711791408,-0.03606830468581102,1.5943838183529622,-1.3896007689022492e-06,8.842302625880004e-05,1784967069.7502384,1.0662169610473218,-0.03607621574342398,1.594398809606939,0.04449963569641113,0,0,1784967069.7901347,1.066220711791408,-0.03606830468581102,1.5943838183529622,nan,nan,nan,nan,7.820335526684275e-06,-3.936402673227135e-06,-1.4991253976859298e-05,1784967069.7901943,0.0,0.0,1784967069.7809577,3587.359619140625,nan,nan,50.902587890625,nan
1.202784776687622,1784967069.834593,Backstepping,circle,circle_bs_tune_baseline_20260725_151054,1784967069.7849085,1.066220711791408,-0.03606830468581102,1.5943838183529622,-1.3896007689022492e-06,8.842302625880004e-05,1784967069.7502384,1.0662169610473218,-0.03607621574342398,1.594398809606939,0.08435463905334473,0,0,1784967069.830163,1.066220711791408,-0.03606830468581102,1.5943838183529622,nan,nan,nan,nan,7.820335526684275e-06,-3.936402673227135e-06,-1.4991253976859298e-05,1784967069.830231,0.0,0.0,1784967069.830314,3587.40869140625,nan,nan,49.06652069091797,nan
1.2426304817199707,1784967069.8744388,Backstepping,circle,circle_bs_tune_baseline_20260725_151054,1784967069.835277,1.0662207123839045,-0.03606832979776958,1.5943869441432499,-9.70971075014885e-07,8.384180077804672e-05,1784967069.8436,1.0662169610473218,-0.03607621574342398,1.594398809606939,0.030838727951049805,0,0,1784967069.8699813,1.0662207123839045,-0.03606832979776958,1.5943869441432499,nan,nan,nan,nan,7.795216579358078e-06,-3.93640235515648e-06,-1.186546368914243e-05,1784967069.8700478,0.0,0.0,1784967069.830314,3587.40869140625,nan,nan,49.06652069091797,nan
1.2831063270568848,1784967069.9149146,Backstepping,circle,circle_bs_tune_baseline_20260725_151054,1784967069.8859758,1.0662202289941232,-0.03606971472770641,1.5943938036166045,-1.653640680023741e-06,8.703041895689553e-05,1784967069.8436,1.0662169610473218,-0.03607621574342398,1.594398809606939,0.07131457328796387,0,0,1784967069.910759,1.0662202289941232,-0.03606971472770641,1.5943938036166045,nan,nan,nan,nan,6.422080520797248e-06,-3.4204624601260426e-06,-5.005990334483457e-06,1784967069.9108143,0.0,0.0,1784967069.886985,3587.46533203125,nan,nan,56.50460433959961,nan
1.3225274085998535,1784967069.9543357,Backstepping,circle,circle_bs_tune_baseline_20260725_151054,1784967069.9356036,1.0662202283062352,-0.036069685569779096,1.5943955115221962,-8.000209150209477e-07,7.83567162184722e-05,1784967069.8436,1.0662169610473218,-0.03607621574342398,1.594398809606939,0.11073565483093262,0,0,1784967069.9500878,1.0662202283062352,-0.036069685569779096,1.5943955115221962,nan,nan,nan,nan,6.451246561238328e-06,-3.4204628993350662e-06,-3.298084742864304e-06,1784967069.9501438,0.0,0.0,1784967069.93006,3587.508544921875,nan,nan,43.320369720458984,nan
1.3627147674560547,1784967069.994523,Backstepping,circle,circle_bs_tune_baseline_20260725_151054,1784967069.9849596,1.0662191659290023,-0.036070755666263506,1.594387439554423,-1.0090022235503574e-06,6.090746428526972e-05,1784967069.9723935,1.0662123601392768,-0.036075820108161814,1.5943525786205677,0.022129535675048828,0,0,1784967069.9899344,1.0662191659290023,-0.036070755666263506,1.594387439554423,nan,nan,nan,nan,4.902732771160643e-06,-6.923189792609199e-06,3.486093385540734e-05,1784967069.9899895,0.0,0.0,1784967069.982831,3587.560791015625,nan,nan,52.058143615722656,nan
1.402667760848999,1784967070.034476,Backstepping,circle,circle_bs_tune_baseline_20260725_151054,1784967069.9849596,1.0662191659290023,-0.036070755666263506,1.594387439554423,-1.0090022235503574e-06,6.090746428526972e-05,1784967069.9723935,1.0662123601392768,-0.036075820108161814,1.5943525786205677,0.062082529067993164,0,0,1784967070.0302327,1.0662191659290023,-0.036070755666263506,1.594387439554423,nan,nan,nan,nan,4.902732771160643e-06,-6.923189792609199e-06,3.486093385540734e-05,1784967070.0302973,0.0,0.0,1784967070.0313795,3587.60986328125,nan,nan,49.20851135253906,nan
1.4430670738220215,1784967070.0748754,Backstepping,circle,circle_bs_tune_baseline_20260725_151054,1784967070.0350935,1.0662191663848621,-0.03607077499443898,1.5943896055332394,-7.043529799204553e-07,5.777914747922452e-05,1784967070.0466132,1.0662135395067414,-0.036075472063528506,1.5943566316868485,0.02826213836669922,0,0,1784967070.07044,1.0662191663848621,-0.03607077499443898,1.5943896055332394,nan,nan,nan,nan,4.563206806862727e-06,-5.735970628905235e-06,3.297384639089351e-05,1784967070.070527,0.0,0.0,1784967070.0313795,3587.60986328125,nan,nan,49.20851135253906,nan
1.483560562133789,1784967070.1153688,Backstepping,circle,circle_bs_tune_baseline_20260725_151054,1784967070.0854433,1.0662184358423596,-0.03607159734571863,1.594384693560349,-1.100735533741163e-06,4.822173508710789e-05,1784967070.0466132,1.0662135395067414,-0.036075472063528506,1.5943566316868485,0.0687556266784668,0,0,1784967070.110251,1.0662184358423596,-0.03607159734571863,1.594384693560349,nan,nan,nan,nan,3.758293967101496e-06,-4.986257820241609e-06,2.8061873500462298e-05,1784967070.1103203,0.0,0.0,1784967070.087103,3587.666015625,nan,nan,56.047733306884766,nan
1.5233149528503418,1784967070.1551232,Backstepping,circle,circle_bs_tune_baseline_20260725_151054,1784967070.1351237,1.066218435419889,-0.03607157945327463,1.5943856718747556,-5.32094963791214e-07,4.344267408055181e-05,1784967070.1525047,1.0662135395067414,-0.036075472063528506,1.5943566316868485,0.002618551254272461,0,0,1784967070.1501765,1.066218435419889,-0.03607157945327463,1.5943856718747556,nan,nan,nan,nan,3.7761913980079273e-06,-4.986256979202588e-06,2.904018790705898e-05,1784967070.1502476,0.0,0.0,1784967070.13163,3587.71044921875,nan,nan,44.4417724609375,nan
1.5628283023834229,1784967070.1946366,Backstepping,circle,circle_bs_tune_baseline_20260725_151054,1784967070.1852176,1.0662177939164452,-0.03607226469443932,1.5943808536325594,-8.788901969110011e-07,3.4772963870635025e-05,1784967070.1525047,1.0662135395067414,-0.036075472063528506,1.5943566316868485,0.042131900787353516,0,0,1784967070.1897964,1.0662177939164452,-0.03607226469443932,1.5943808536325594,nan,nan,nan,nan,3.1062530275807755e-06,-4.328788575484962e-06,2.4221945710944937e-05,1784967070.1898556,0.0,0.0,1784967070.1885524,3587.767333984375,nan,nan,56.98063278198242,nan
1.602735996246338,1784967070.2345443,Backstepping,circle,circle_bs_tune_baseline_20260725_151054,1784967070.1852176,1.0662177939164452,-0.03607226469443932,1.5943808536325594,-8.788901969110011e-07,3.4772963870635025e-05,1784967070.1525047,1.0662135395067414,-0.036075472063528506,1.5943566316868485,0.08203959465026855,0,0,1784967070.2304056,1.0662177939164452,-0.03607226469443932,1.5943808536325594,nan,nan,nan,nan,3.1062530275807755e-06,-4.328788575484962e-06,2.4221945710944937e-05,1784967070.2304716,0.0,0.0,1784967070.2326384,3587.8115234375,nan,nan,44.13547134399414,nan
1.6434576511383057,1784967070.275266,Backstepping,circle,circle_bs_tune_baseline_20260725_151054,1784967070.2363453,1.0662177935970105,-0.03607225116378845,1.5943816038702678,-4.248765517761314e-07,3.1318144647036394e-05,1784967070.2452335,1.0661966168404884,-0.036057312384325156,1.5937401773811943,0.03003239631652832,0,0,1784967070.2700279,1.0662177935970105,-0.03607225116378845,1.5943816038702678,nan,nan,nan,nan,-1.542068130702406e-05,-2.082845977689712e-05,0.0006414264890735044,1784967070.2700922,0.0,0.0,1784967070.2326384,3587.8115234375,nan,nan,44.13547134399414,nan
1.6827921867370605,1784967070.3146005,Backstepping,circle,circle_bs_tune_baseline_20260725_151054,1784967070.2854545,1.0662150113003759,-0.03606972531956835,1.5942337557865343,9.094704131220834e-07,-0.00015176249216514517,1784967070.2452335,1.0661966168404884,-0.036057312384325156,1.5937401773811943,0.0693669319152832,0,0,1784967070.3100815,1.0662150113003759,-0.03606972531956835,1.5942337557865343,nan,nan,nan,nan,-1.2831670887964245e-05,-1.8104842946771803e-05,0.0004935784053399228,1784967070.310142,0.0,0.0,1784967070.2939854,3587.872802734375,nan,nan,61.2974739074707,nan
1.7233660221099854,1784967070.3551743,Backstepping,circle,circle_bs_tune_baseline_20260725_151054,1784967070.3349373,1.0662150116446611,-0.03606973983542332,1.5942307434785046,4.3980645633021074e-07,-0.000136588838683964,1784967070.2452335,1.0661966168404884,-0.036057312384325156,1.5937401773811943,0.10994076728820801,0,0,1784967070.3506842,1.0662150116446611,-0.03606973983542332,1.5942307434785046,nan,nan,nan,nan,-1.2846190820917748e-05,-1.8104854121035724e-05,0.000490566097310241,1784967070.350753,0.0,0.0,1784967070.3320415,3587.91064453125,nan,nan,37.88676834106445,nan
1.7625980377197266,1784967070.3944063,Backstepping,circle,circle_bs_tune_baseline_20260725_151054,1784967070.3849275,1.0662121632971693,-0.03606777654020324,1.5941092894371507,1.0810622129236982e-06,-0.0002697603959781099,1784967070.3526883,1.0661935294723701,-0.03605824580915953,1.5937254088356478,0.0417180061340332,0,0,1784967070.3899436,1.0662121632971693,-0.03606777654020324,1.5941092894371507,nan,nan,nan,nan,-9.955444857545961e-06,-1.8410414948117423e-05,0.00038388060150285064,1784967070.3901417,0.0,0.0,1784967070.381873,3587.960693359375,nan,nan,49.89612579345703,nan
1.8024358749389648,1784967070.4342442,Backstepping,circle,circle_bs_tune_baseline_20260725_151054,1784967070.3849275,1.0662121632971693,-0.03606777654020324,1.5941092894371507,1.0810622129236982e-06,-0.0002697603959781099,1784967070.3526883,1.0661935294723701,-0.03605824580915953,1.5937254088356478,0.08155584335327148,0,0,1784967070.4337645,1.0662121632971693,-0.03606777654020324,1.5941092894371507,nan,nan,nan,nan,-9.955444857545961e-06,-1.8410414948117423e-05,0.00038388060150285064,1784967070.4338548,0.0,0.0,1784967070.4340131,3588.01025390625,nan,nan,49.5572395324707,nan
1.8425934314727783,1784967070.4744017,Backstepping,circle,circle_bs_tune_baseline_20260725_151054,1784967070.4351387,1.06621216282549,-0.036067756205717776,1.5940997329411961,7.566692126999249e-07,-0.0002558176220655138,1784967070.4556735,1.0661935294723701,-0.03605824580915953,1.5937254088356478,0.018728256225585938,0,0,1784967070.4701083,1.06621216282549,-0.036067756205717776,1.5940997329411961,nan,nan,nan,nan,-9.935104902975804e-06,-1.84104096029726e-05,0.0003743241055482738,1784967070.4701731,0.0,0.0,1784967070.4340131,3588.01025390625,nan,nan,49.5572395324707,nan
1.8830945491790771,1784967070.5149028,Backstepping,circle,circle_bs_tune_baseline_20260725_151054,1784967070.484946,1.0662096830595142,-0.03606607015921133,1.5939999903054318,1.6991833700117913e-06,-0.0003646244501465616,1784967070.4556735,1.0661935294723701,-0.03605824580915953,1.5937254088356478,0.059229373931884766,0,0,1784967070.5105996,1.0662096830595142,-0.03606607015921133,1.5939999903054318,nan,nan,nan,nan,-8.192647815072616e-06,-1.59699515695678e-05,0.00027458146978398545,1784967070.5107303,0.0,0.0,1784967070.484445,3588.063232421875,nan,nan,53.15568161010742,nan
1.9226481914520264,1784967070.5544565,Backstepping,circle,circle_bs_tune_baseline_20260725_151054,1784967070.5350854,1.0662096836958619,-0.0360660972398292,1.593992446363829,8.255934983789383e-07,-0.00032860590803328007,1784967070.552467,1.0661935294723701,-0.03605824580915953,1.5937254088356478,0.0019893646240234375,0,0,1784967070.5501487,1.0662096836958619,-0.0360660972398292,1.593992446363829,nan,nan,nan,nan,-8.21973590412647e-06,-1.596996687063699e-05,0.0002670375281812465,1784967070.5502102,0.0,0.0,1784967070.532017,3588.110595703125,nan,nan,47.192195892333984,nan
1.9634387493133545,1784967070.595247,Backstepping,circle,circle_bs_tune_baseline_20260725_151054,1784967070.584912,1.066207547306735,-0.03606475041523811,1.5939201204140165,1.1003947667133686e-06,-0.00038448244799349545,1784967070.552467,1.0661935294723701,-0.03605824580915953,1.5937254088356478,0.04277992248535156,0,0,1784967070.5897956,1.066207547306735,-0.03606475041523811,1.5939201204140165,nan,nan,nan,nan,-6.824284189802593e-06,-1.3865018060362962e-05,0.00019471157836870034,1784967070.589858,0.0,0.0,1784967070.5837507,3588.162353515625,nan,nan,51.935462951660156,nan
2.002464771270752,1784967070.634273,Backstepping,circle,circle_bs_tune_baseline_20260725_151054,1784967070.584912,1.066207547306735,-0.03606475041523811,1.5939201204140165,1.1003947667133686e-06,-0.00038448244799349545,1784967070.552467,1.0661935294723701,-0.03605824580915953,1.5937254088356478,0.08180594444274902,0,0,1784967070.6308575,1.066207547306735,-0.03606475041523811,1.5939201204140165,nan,nan,nan,nan,-6.824284189802593e-06,-1.3865018060362962e-05,0.00019471157836870034,1784967070.63092,0.0,0.0,1784967070.632657,3588.21142578125,nan,nan,49.00830078125,nan
2.042886734008789,1784967070.674695,Backstepping,circle,circle_bs_tune_baseline_20260725_151054,1784967070.6351035,1.0662075468249768,-0.0360647295321041,1.5939064877666105,7.672860009759163e-07,-0.0003645891927476026,1784967070.6455755,1.0661933786904791,-0.03605824926685163,1.5937227010882322,0.029119491577148438,0,0,1784967070.6706684,1.0662075468249768,-0.0360647295321041,1.5939064877666105,nan,nan,nan,nan,-6.803357752657307e-06,-1.4015855170993334e-05,0.00018378667837826154,1784967070.670722,0.0,0.0,1784967070.632657,3588.21142578125,nan,nan,49.00830078125,nan
2.0827715396881104,1784967070.7145798,Backstepping,circle,circle_bs_tune_baseline_20260725_151054,1784967070.6848724,1.0662056870459384,-0.03606358423434905,1.5938465274522462,1.3567861062482748e-06,-0.0004159149108963809,1784967070.6455755,1.0661933786904791,-0.03605824926685163,1.5937227010882322,0.06900429725646973,0,0,1784967070.7105472,1.0662056870459384,-0.03606358423434905,1.5938465274522462,nan,nan,nan,nan,-5.6157267241325575e-06,-1.2182820103350233e-05,0.00012382636401397917,1784967070.710627,0.0,0.0,1784967070.6844022,3588.263427734375,nan,nan,51.888427734375,nan
2.122600793838501,1784967070.754409,Backstepping,circle,circle_bs_tune_baseline_20260725_151054,1784967070.7353067,1.0662056868601082,-0.03606357607400989,1.5938320450762062,9.431342771336436e-07,-0.00039513877595233923,1784967070.75208,1.0661933786904791,-0.03605824926685163,1.5937227010882322,0.002329111099243164,0,0,1784967070.7501092,1.0662056868601082,-0.03606357607400989,1.5938320450762062,nan,nan,nan,nan,-5.607564269450031e-06,-1.2182821392546932e-05,0.0001093439879740199,1784967070.7501676,0.0,0.0,1784967070.735284,3588.314208984375,nan,nan,50.80950164794922,nan
2.1625730991363525,1784967070.7943814,Backstepping,circle,circle_bs_tune_baseline_20260725_151054,1784967070.7851233,1.0662040572069966,-0.03606264734826977,1.593793681818803,1.1632606143697564e-06,-0.0004062379509718517,1784967070.75208,1.0661933786904791,-0.03605824926685163,1.5937227010882322,0.04230141639709473,0,0,1784967070.790219,1.0662040572069966,-0.03606264734826977,1.593793681818803,nan,nan,nan,nan,-4.641723832161e-06,-1.0574886998954389e-05,7.09807305707688e-05,1784967070.7902915,0.0,0.0,1784967070.7865336,3588.364501953125,nan,nan,50.43006134033203,nan
2.2025365829467773,1784967070.8343449,Backstepping,circle,circle_bs_tune_baseline_20260725_151054,1784967070.7851233,1.0662040572069966,-0.03606264734826977,1.593793681818803,1.1632606143697564e-06,-0.0004062379509718517,1784967070.75208,1.0661933786904791,-0.03605824926685163,1.5937227010882322,0.08226490020751953,0,0,1784967070.8302217,1.0662040572069966,-0.03606264734826977,1.593793681818803,nan,nan,nan,nan,-4.641723832161e-06,-1.0574886998954389e-05,7.09807305707688e-05,1784967070.830335,0.0,0.0,1784967070.7865336,3588.364501953125,nan,nan,50.43006134033203,nan
2.2428700923919678,1784967070.8746784,Backstepping,circle,circle_bs_tune_baseline_20260725_151054,1784967070.835215,1.066204057044669,-0.03606264023518058,1.5937796522515397,8.093569271760237e-07,-0.00038592892753614263,1784967070.8444436,1.0661933786904791,-0.03605824926685163,1.5937227010882322,0.030234813690185547,0,0,1784967070.8700435,1.066204057044669,-0.03606264023518058,1.5937796522515397,nan,nan,nan,nan,-4.634608891018389e-06,-1.0574887776966303e-05,5.6951163307505936e-05,1784967070.870111,0.0,0.0,1784967070.8399656,3588.416015625,nan,nan,51.34270477294922,nan
2.2832610607147217,1784967070.9150693,Backstepping,circle,circle_bs_tune_baseline_20260725_151054,1784967070.8847842,1.066202656777499,-0.03606190883866382,1.5937584670538392,6.676208683011332e-07,-0.00036348679043716824,1784967070.8444436,1.0661933786904791,-0.03605824926685163,1.5937227010882322,0.07062578201293945,0,0,1784967070.9109886,1.066202656777499,-0.03606190883866382,1.5937584670538392,nan,nan,nan,nan,-3.87130434666193e-06,-9.191755395502052e-06,3.576596560694867e-05,1784967070.9110575,0.0,0.0,1784967070.883204,3588.4619140625,nan,nan,45.90814971923828,nan
2.3225855827331543,1784967070.9543939,Backstepping,circle,circle_bs_tune_baseline_20260725_151054,1784967070.9352515,1.0662026564752505,-0.03606189568625387,1.5937455199196748,4.66704687132046e-07,-0.00034459317509090843,1784967070.8444436,1.0661933786904791,-0.03605824926685163,1.5937227010882322,0.10995030403137207,0,0,1784967070.9502358,1.0662026564752505,-0.03606189568625387,1.5937455199196748,nan,nan,nan,nan,-3.85814846427959e-06,-9.191754737142338e-06,2.2818831442616982e-05,1784967070.9502938,0.0,0.0,1784967070.9327824,3588.511474609375,nan,nan,49.699058532714844,nan
2.3625566959381104,1784967070.994365,Backstepping,circle,circle_bs_tune_baseline_20260725_151054,1784967070.985097,1.0662029242574818,-0.0360612329505224,1.5937374695142956,6.025297754975881e-07,-0.0003217488600090362,1784967070.9740298,1.0662046583167715,-0.036058098390335955,1.5937518590988573,0.02033519744873047,0,0,1784967070.9907136,1.0662029242574818,-0.0360612329505224,1.5937374695142956,nan,nan,nan,nan,-3.0939315762323012e-06,1.8055516011190426e-06,-1.438958456168038e-05,1784967070.990779,0.0,0.0,1784967070.9834745,3588.562255859375,nan,nan,50.779052734375,nan
2.4025068283081055,1784967071.034315,Backstepping,circle,circle_bs_tune_baseline_20260725_151054,1784967070.985097,1.0662029242574818,-0.0360612329505224,1.5937374695142956,6.025297754975881e-07,-0.0003217488600090362,1784967070.9740298,1.0662046583167715,-0.036058098390335955,1.5937518590988573,0.060285329818725586,0,0,1784967071.030077,1.0662029242574818,-0.0360612329505224,1.5937374695142956,nan,nan,nan,nan,-3.0939315762323012e-06,1.8055516011190426e-06,-1.438958456168038e-05,1784967071.0301416,0.0,0.0,1784967070.9834745,3588.562255859375,nan,nan,50.779052734375,nan
2.4434261322021484,1784967071.0752344,Backstepping,circle,circle_bs_tune_baseline_20260725_151054,1784967071.0354285,1.0662029235625943,-0.036061202665825444,1.593721293332119,6.025297754975881e-07,-0.0003217488600090362,1784967071.0438628,1.0662046583167715,-0.036058098390335955,1.5937518590988573,0.0313715934753418,0,0,1784967071.0704741,1.0662029235625943,-0.036061202665825444,1.593721293332119,nan,nan,nan,nan,-3.06363890817068e-06,1.805551165236098e-06,-3.05657667383219e-05,1784967071.0705516,0.0,0.0,1784967071.037194,3588.615478515625,nan,nan,53.2784309387207,nan
2.483011245727539,1784967071.1148195,Backstepping,circle,circle_bs_tune_baseline_20260725_151054,1784967071.0850086,1.0662031468497752,-0.036060677810359036,1.5937175831362964,6.697547102577162e-07,-0.00029675976245191016,1784967071.0438628,1.0662046583167715,-0.036058098390335955,1.5937518590988573,0.07095670700073242,0,0,1784967071.110194,1.0662031468497752,-0.036060677810359036,1.5937175831362964,nan,nan,nan,nan,-2.5440469496201116e-06,1.5702755345134163e-06,-3.427596256089238e-05,1784967071.1103768,0.0,0.0,1784967071.0844448,3588.662841796875,nan,nan,47.35257339477539,nan
2.522749900817871,1784967071.1545582,Backstepping,circle,circle_bs_tune_baseline_20260725_151054,1784967071.1350226,1.066203146742577,-0.036060673134121486,1.5937073049985193,4.687142401702954e-07,-0.00028200396073077246,1784967071.0438628,1.0662046583167715,-0.036058098390335955,1.5937518590988573,0.11069536209106445,0,0,1784967071.150049,1.066203146742577,-0.036060673134121486,1.5937073049985193,nan,nan,nan,nan,-2.539369483526066e-06,1.5702753684258761e-06,-4.455410033799012e-05,1784967071.1501062,0.0,0.0,1784967071.1369927,3588.7158203125,nan,nan,52.930118560791016,nan
2.5632472038269043,1784967071.1950555,Backstepping,circle,circle_bs_tune_baseline_20260725_151054,1784967071.18537,1.0662032979010057,-0.03606062521361664,1.593697146483881,2.477860371396178e-07,-0.0002591763937083323,1784967071.1546648,1.066204292924433,-0.03606034868196319,1.5936874967104455,0.040390729904174805,0,0,1784967071.1914914,1.0662032979010057,-0.03606062521361664,1.593697146483881,nan,nan,nan,nan,-2.536839433671602e-07,1.001092320103026e-06,9.649773435427278e-06,1784967071.1915972,0.0,0.0,1784967071.1831253,3588.761962890625,nan,nan,46.00737380981445,nan
2.602560520172119,1784967071.2343688,Backstepping,circle,circle_bs_tune_baseline_20260725_151054,1784967071.18537,1.0662032979010057,-0.03606062521361664,1.593697146483881,2.477860371396178e-07,-0.0002591763937083323,1784967071.1546648,1.066204292924433,-0.03606034868196319,1.5936874967104455,0.07970404624938965,0,0,1784967071.230987,1.0662032979010057,-0.03606062521361664,1.593697146483881,nan,nan,nan,nan,-2.536839433671602e-07,1.001092320103026e-06,9.649773435427278e-06,1784967071.231072,0.0,0.0,1784967071.1831253,3588.761962890625,nan,nan,46.00737380981445,nan
2.6432158946990967,1784967071.2750242,Backstepping,circle,circle_bs_tune_baseline_20260725_151054,1784967071.2356968,1.0662032976155564,-0.036060612751208955,1.5936841077788932,2.477860371396178e-07,-0.0002591763937083323,1784967071.2517655,1.0662139959606904,-0.03607554655795881,1.5942128324949736,0.023258686065673828,0,0,1784967071.2706032,1.0662032976155564,-0.036060612751208955,1.5936841077788932,nan,nan,nan,nan,1.5180207555276028e-05,1.0345746528266782e-05,-0.0005287247160803421,1784967071.27067,0.0,0.0,1784967071.2387788,3588.817626953125,nan,nan,55.8045539855957,nan
2.6834983825683594,1784967071.3153067,Backstepping,circle,circle_bs_tune_baseline_20260725_151054,1784967071.286017,1.0662047179198841,-0.036063158084017416,1.5937991404334968,-1.1697268023223331e-06,-9.293168766812295e-05,1784967071.2517655,1.0662139959606904,-0.03607554655795881,1.5942128324949736,0.06354117393493652,0,0,1784967071.3101223,1.0662047179198841,-0.036063158084017416,1.5937991404334968,nan,nan,nan,nan,1.2602317034574668e-05,8.98542893579055e-06,-0.00041369206147678916,1784967071.3101914,0.0,0.0,1784967071.2936869,3588.87255859375,nan,nan,54.92726135253906,nan
2.7227632999420166,1784967071.3545716,Backstepping,circle,circle_bs_tune_baseline_20260725_151054,1784967071.3349264,1.0662047175113238,-0.03606314017831573,1.5937973162697414,-5.680388901590463e-07,-8.366760103186808e-05,1784967071.3507962,1.0661867605644213,-0.03604272988854261,1.5932613324915257,0.003775358200073242,0,0,1784967071.3499866,1.0662047175113238,-0.03606314017831573,1.5937973162697414,nan,nan,nan,nan,-2.080850867709954e-05,-1.749393715887135e-05,0.0005359837782157317,1784967071.3500452,0.0,0.0,1784967071.3337374,3588.91259765625,nan,nan,39.908958435058594,nan
2.7626843452453613,1784967071.3944926,Backstepping,circle,circle_bs_tune_baseline_20260725_151054,1784967071.3850327,1.066202340071136,-0.03605968658164983,1.5936683567331094,1.2745219718489333e-06,-0.00023806745056839277,1784967071.3507962,1.0661867605644213,-0.03604272988854261,1.5932613324915257,0.04369640350341797,0,0,1784967071.3899105,1.066202340071136,-0.03605968658164983,1.5936683567331094,nan,nan,nan,nan,-1.730237873397617e-05,-1.5194675407931378e-05,0.00040702424158367556,1784967071.3899662,0.0,0.0,1784967071.3337374,3588.91259765625,nan,nan,39.908958435058594,nan
2.802773952484131,1784967071.4345822,Backstepping,circle,circle_bs_tune_baseline_20260725_151054,1784967071.3850327,1.066202340071136,-0.03605968658164983,1.5936683567331094,1.2745219718489333e-06,-0.00023806745056839277,1784967071.3507962,1.0661867605644213,-0.03604272988854261,1.5932613324915257,0.0837860107421875,0,0,1784967071.430087,1.066202340071136,-0.03605968658164983,1.5936683567331094,nan,nan,nan,nan,-1.730237873397617e-05,-1.5194675407931378e-05,0.00040702424158367556,1784967071.4301665,0.0,0.0,1784967071.3948882,3588.9736328125,nan,nan,61.05073547363281,nan
2.8431553840637207,1784967071.4749637,Backstepping,circle,circle_bs_tune_baseline_20260725_151054,1784967071.4356842,1.066202339870811,-0.03605967771849876,1.5936599991515144,8.766903043749711e-07,-0.0002260103406580551,1784967071.4528923,1.0661879530147198,-0.03604299378464419,1.5932335092613132,0.022071361541748047,0,0,1784967071.4705894,1.066202339870811,-0.03605967771849876,1.5936599991515144,nan,nan,nan,nan,-1.7002507889542937e-05,-1.4008925815927969e-05,0.0004264898902011094,1784967071.4706607,0.0,0.0,1784967071.4371452,3589.01513671875,nan,nan,41.49686813354492,nan
2.882568836212158,1784967071.514377,Backstepping,circle,circle_bs_tune_baseline_20260725_151054,1784967071.4850116,1.0662004277571766,-0.036056814879322864,1.593552942164514,2.149657702807715e-06,-0.0003384018710467017,1784967071.4528923,1.0661879530147198,-0.03604299378464419,1.5932335092613132,0.06148481369018555,0,0,1784967071.5107355,1.0662004277571766,-0.036056814879322864,1.593552942164514,nan,nan,nan,nan,-1.4097490456019731e-05,-1.2161522121955025e-05,0.0003194329032008003,1784967071.5107954,0.0,0.0,1784967071.4858847,3589.064453125,nan,nan,49.325565338134766,nan
2.9231505393981934,1784967071.5549588,Backstepping,circle,circle_bs_tune_baseline_20260725_151054,1784967071.5351958,1.066200427436233,-0.036056800500724566,1.5935412096181065,1.5077696905614665e-06,-0.00032157511299177034,1784967071.5518825,1.0661879530147198,-0.03604299378464419,1.5932335092613132,0.003076314926147461,0,0,1784967071.5517473,1.066200427436233,-0.036056800500724566,1.5935412096181065,nan,nan,nan,nan,-1.4083108276389682e-05,-1.2161523847186909e-05,0.00030770035679328345,1784967071.5518193,0.0,0.0,1784967071.5399973,3589.118896484375,nan,nan,54.412654876708984,nan
2.9625449180603027,1784967071.5943532,Backstepping,circle,circle_bs_tune_baseline_20260725_151054,1784967071.5853074,1.066198772498315,-0.036054428280145705,1.593458738720585,2.2910591753372057e-06,-0.00039383238279305175,1784967071.5518825,1.0661879530147198,-0.03604299378464419,1.5932335092613132,0.042470693588256836,0,0,1784967071.5903971,1.066198772498315,-0.036054428280145705,1.593458738720585,nan,nan,nan,nan,-1.1674355764053164e-05,-1.0560223962433211e-05,0.00022522945927172522,1784967071.5904498,0.0,0.0,1784967071.5845764,3589.1630859375,nan,nan,44.41090393066406,nan
3.0026893615722656,1784967071.6344976,Backstepping,circle,circle_bs_tune_baseline_20260725_151054,1784967071.5853074,1.066198772498315,-0.036054428280145705,1.593458738720585,2.2910591753372057e-06,-0.00039383238279305175,1784967071.5518825,1.0661879530147198,-0.03604299378464419,1.5932335092613132,0.08261513710021973,0,0,1784967071.6305273,1.066198772498315,-0.036054428280145705,1.593458738720585,nan,nan,nan,nan,-1.1674355764053164e-05,-1.0560223962433211e-05,0.00022522945927172522,1784967071.6305916,0.0,0.0,1784967071.5845764,3589.1630859375,nan,nan,44.41090393066406,nan
3.045009136199951,1784967071.6768174,Backstepping,circle,circle_bs_tune_baseline_20260725_151054,1784967071.6356149,1.0661987721455464,-0.03605441243894467,1.5934450352023366,1.6080974793722394e-06,-0.00037426052727954794,1784967071.643094,1.0661879530147198,-0.03604299378464419,1.5932335092613132,0.03372335433959961,0,0,1784967071.6305273,1.066198772498315,-0.036054428280145705,1.593458738720585,nan,nan,nan,nan,-1.1674355764053164e-05,-1.0560223962433211e-05,0.00022522945927172522,1784967071.6305916,0.0,0.0,1784967071.6424708,3589.220947265625,nan,nan,57.65730667114258,nan
3.0833091735839844,1784967071.7151175,Backstepping,circle,circle_bs_tune_baseline_20260725_151054,1784967071.6854062,1.066197349873176,-0.036052465806132375,1.5933831879490168,2.0664395143474557e-06,-0.0004152617458695678,1784967071.643094,1.0661879530147198,-0.03604299378464419,1.5932335092613132,0.07202339172363281,0,0,1784967071.7107196,1.0662060417730816,-0.03591756256728494,1.5941379523359296,1784967071.7107618,0.00013467252272359674,-1.1736464491447386e-05,0.0007547643869127985,0.0001249938192239405,-2.089829234913099e-05,0.0009044430746163457,1784967071.711083,0.004151676774155855,0.004005280515140153,1784967071.6849954,3589.263671875,nan,nan,42.77811050415039,nan
3.123131036758423,1784967071.7549393,Backstepping,circle,circle_bs_tune_baseline_20260725_151054,1784967071.7355454,1.0661973495447121,-0.036052451073232114,1.5933688458278545,1.452057684898936e-06,-0.0003945467496133138,1784967071.7510152,1.0661879530147198,-0.03604299378464419,1.5932335092613132,0.003924131393432617,0,0,1784967071.750183,1.0662013340523773,-0.035716775562539126,1.594338794522844,1784967071.7502184,0.0003355000651256271,-1.1559891047591552e-05,0.0009699486949894531,0.00032583590440054004,-2.0696473266314637e-05,0.001105285261530753,1784967071.7502577,0.006526258232329688,0.006156596502233642,1784967071.7350235,3589.313720703125,nan,nan,50.20314407348633,nan
3.162707567214966,1784967071.7945158,Backstepping,circle,circle_bs_tune_baseline_20260725_151054,1784967071.7855759,1.0661961015335653,-0.03605081794687295,1.593324198639179,1.8609565526592769e-06,-0.00041327683992409573,1784967071.7510152,1.0661879530147198,-0.03604299378464419,1.5932335092613132,0.043500661849975586,0,0,1784967071.790657,1.0661943946010173,-0.03542388994415723,1.5946317623402815,1784967071.7906988,0.0006268073751977355,-1.2415659691076609e-05,0.00130756370110241,0.0006188034912607714,-2.0329745281536255e-05,0.0013982530789682368,1784967071.7907436,0.009053147603342002,0.008361789083223005,1784967071.786039,3589.3642578125,nan,nan,50.541255950927734,nan
3.202803134918213,1784967071.8346114,Backstepping,circle,circle_bs_tune_baseline_20260725_151054,1784967071.7855759,1.0661961015335653,-0.03605081794687295,1.593324198639179,1.8609565526592769e-06,-0.00041327683992409573,1784967071.7510152,1.0661879530147198,-0.03604299378464419,1.5932335092613132,0.08359622955322266,0,0,1784967071.8301377,1.066185517857182,-0.035054408192301774,1.5950013507100798,1784967071.8301766,0.0009963953313315464,-1.1864101780987581e-05,0.0016771520709006893,0.000988391395854289,-1.9744669671952853e-05,0.0017678414487665162,1784967071.830221,0.01160903130076709,0.010510949412354482,1784967071.786039,3589.3642578125,nan,nan,50.541255950927734,nan
3.242733955383301,1784967071.8745422,Backstepping,circle,circle_bs_tune_baseline_20260725_151054,1784967071.835808,1.0661961012534853,-0.036050805386893064,1.5933098814895506,1.2979181204680733e-06,-0.0003926313504056053,1784967071.84358,1.0661989098886326,-0.03604294850319833,1.593269715466377,0.030962228775024414,0,0,1784967071.871149,1.0661739768588168,-0.03458230673739423,1.5954735932140052,1784967071.871192,0.001468624560191651,-1.0939543922476685e-05,0.0021637117244546196,0.0014608332129351477,-7.896073244985123e-06,0.0022038777476280913,1784967071.8712423,0.014365376574466954,0.012752240777409402,1784967071.8376396,3589.415771484375,nan,nan,51.48134231567383,nan
3.282635450363159,1784967071.9144437,Backstepping,circle,circle_bs_tune_baseline_20260725_151054,1784967071.8852797,1.0661964625052693,-0.03604951440287646,1.5932923238653425,1.0836662234623437e-06,-0.00036512530550391264,1784967071.84358,1.0661989098886326,-0.03604294850319833,1.593269715466377,0.07086372375488281,0,0,1784967071.9106214,1.0661604317012432,-0.034039500190567916,1.5960165687436696,1784967071.910666,0.002010316110425266,-9.191772719845969e-06,0.00272424487832712,0.0020038070724070875,-6.552011733930546e-06,0.0027468532772925154,1784967071.9107158,0.017131557128491022,0.014933213085249381,1784967071.8843782,3589.463134765625,nan,nan,47.34557342529297,nan
3.3232369422912598,1784967071.9550452,Backstepping,circle,circle_bs_tune_baseline_20260725_151054,1784967071.9350557,1.0661964612936083,-0.03604946055077831,1.5932741746051928,1.0836662234623437e-06,-0.00036512530550391264,1784967071.84358,1.0661989098886326,-0.03604294850319833,1.593269715466377,0.1114652156829834,0,0,1784967071.9503958,1.066144268699292,-0.03340670653271312,1.5966495687985138,1784967071.950431,0.0026432594940307957,-7.219010822817746e-06,0.0033753941933210023,0.002636804146606891,-4.612911989069498e-06,0.0033798533321367508,1784967071.950473,0.020021433891652438,0.01714549177037103,1784967071.9369164,3589.515869140625,nan,nan,52.705345153808594,nan
3.3632888793945312,1784967071.9950972,Backstepping,circle,circle_bs_tune_baseline_20260725_151054,1784967071.9854178,1.0661965912767326,-0.036048312126572286,1.5932619424762717,1.4271013619753832e-06,-0.00034629820796909055,1784967071.9731214,1.0661974655676105,-0.03604295417200201,1.5932651859902256,0.02197575569152832,0,0,1784967071.990263,1.066125353677511,-0.032685311735811025,1.5973712115450625,1784967071.9902997,0.0033637520286764764,-4.3258962237563105e-06,0.004109269068790722,0.003358415055146974,-3.3423594083850617e-06,0.004106025554836857,1784967071.990341,0.023020844807583547,0.019380794949697366,1784967071.9889617,3589.56787109375,nan,nan,51.94365310668945,nan
3.402764081954956,1784967072.0345724,Backstepping,circle,circle_bs_tune_baseline_20260725_151054,1784967071.9854178,1.0661965912767326,-0.036048312126572286,1.5932619424762717,1.4271013619753832e-06,-0.00034629820796909055,1784967071.9731214,1.0661974655676105,-0.03604295417200201,1.5932651859902256,0.061450958251953125,0,0,1784967072.03068,1.0661034353262095,-0.03187314984037472,1.5981836691715465,1784967072.03072,0.004176201349937063,-6.572581001300446e-07,0.004921726695274798,0.004170864388302567,3.2364352451158215e-07,0.004918483181320933,1784967072.0307698,0.026138061759346225,0.021643925706731435,1784967071.9889617,3589.56787109375,nan,nan,51.94365310668945,nan
3.4432876110076904,1784967072.075096,Backstepping,circle,circle_bs_tune_baseline_20260725_151054,1784967072.0352566,1.0661965910394244,-0.0360483015298518,1.5932499618059688,9.913190690585672e-07,-0.00032908805203823066,1784967072.0429466,1.0661974655676105,-0.03604295417200201,1.5932651859902256,0.032149314880371094,0,0,1784967072.0706,1.0660786417885575,-0.030982577065473776,1.5990745870349914,1784967072.0706406,0.005067095702600407,4.1851483322609585e-06,0.005824625229022607,0.005061769405625278,5.102452297232361e-06,0.005809401044765794,1784967072.0706842,0.02932588046094119,0.02390564091121762,1784967072.042266,3589.62060546875,nan,nan,52.77607727050781,nan
3.48266339302063,1784967072.1144717,Backstepping,circle,circle_bs_tune_baseline_20260725_151054,1784967072.0854945,1.06619669996775,-0.03604739878219282,1.5932420495256483,1.1114820188396376e-06,-0.00030829362429894437,1784967072.0429466,1.0661974655676105,-0.03604295417200201,1.5932651859902256,0.07152509689331055,0,0,1784967072.1110575,1.0660501542159782,-0.029992782751020852,1.600064791259801,1784967072.111103,0.00605637995485308,1.0620016041997866e-05,0.006822741734152649,0.0060519539113417205,1.1345156349159972e-05,0.006799605269575348,1784967072.1111507,0.032656623579730114,0.026218500874521683,1784967072.0875251,3589.666259765625,nan,nan,45.721858978271484,nan
3.5225963592529297,1784967072.1544046,Backstepping,circle,circle_bs_tune_baseline_20260725_151054,1784967072.1351075,1.0661966997912349,-0.03604739090580472,1.5932315105573673,7.787397664029185e-07,-0.00029290831398205404,1784967072.1522715,1.0661974655676105,-0.03604295417200201,1.5932651859902256,0.0021331310272216797,0,0,1784967072.151554,1.0660178686821051,-0.028910062217388767,1.601147993098966,1784967072.1515977,0.00713954429350391,1.867225679268167e-05,0.007916482541598713,0.007135126509017732,1.9297092579834547e-05,0.007882807108740453,1784967072.1516452,0.03610610301439544,0.028565572186544007,1784967072.1370418,3589.716064453125,nan,nan,49.62623977661133,nan
3.562760829925537,1784967072.194569,Backstepping,circle,circle_bs_tune_baseline_20260725_151054,1784967072.1850784,1.0661967967773545,-0.03604663036589292,1.593229971546656,9.326087950368365e-07,-0.0002677183550203348,1784967072.1522715,1.0661974655676105,-0.03604295417200201,1.5932651859902256,0.0422976016998291,0,0,1784967072.1904237,1.0659831941263975,-0.027788723158040103,1.6022698682002323,1784967072.190472,0.008260620807121578,2.8309485220276925e-05,0.009039896653576296,0.008256961558624881,2.8769806414429233e-05,0.00900468221000672,1784967072.1905231,0.03950918044750721,0.030839543595202846,1784967072.1866598,3589.765380859375,nan,nan,49.486454010009766,nan
3.6026244163513184,1784967072.2344327,Backstepping,circle,circle_bs_tune_baseline_20260725_151054,1784967072.1850784,1.0661967967773545,-0.03604663036589292,1.593229971546656,9.326087950368365e-07,-0.0002677183550203348,1784967072.1522715,1.0661974655676105,-0.03604295417200201,1.5932651859902256,0.08216118812561035,0,0,1784967072.2303824,1.0659434161056514,-0.026549702093570146,1.6035095277042641,1784967072.2304237,0.009500222395720589,4.028406987109052e-05,0.010279556157608115,0.009496563568133637,4.070073917763681e-05,0.010244341714038539,1784967072.2304664,0.04311091641249898,0.0332058711153097,1784967072.1866598,3589.765380859375,nan,nan,49.486454010009766,nan
3.6425437927246094,1784967072.274352,Backstepping,circle,circle_bs_tune_baseline_20260725_151054,1784967072.234948,1.0661967966341757,-0.036046623980270365,1.5932207500441848,6.51794597403294e-07,-0.0002543701838299396,1784967072.2435932,1.0662267687665203,-0.03606477551120559,1.5946734174436918,0.03075885772705078,0,0,1784967072.2702568,1.0658993352630417,-0.02522936816698283,1.604830597366394,1784967072.270318,0.010821206013638599,5.483619071126598e-05,0.011609847322209266,0.010840136190943803,6.864674957554579e-05,0.010157179922702262,1784967072.270366,0.04679921637731163,0.03559355264879266,1784967072.2368925,3589.81591796875,nan,nan,50.3712043762207,nan
3.68288254737854,1784967072.3146908,Backstepping,circle,circle_bs_tune_baseline_20260725_151054,1784967072.2856767,1.0662007234688298,-0.036049697275093766,1.5935492108671747,-1.0914236574283871e-06,0.00016933495182108182,1784967072.2435932,1.0662267687665203,-0.03606477551120559,1.5946734174436918,0.07109761238098145,0,0,1784967072.3103778,1.06585014938815,-0.023814202474759422,1.6062466176776096,1784967072.3104255,0.012240303700669718,7.21145645789762e-05,0.012697406810434853,0.012256072802418664,8.403177541570033e-05,0.011573200233917724,1784967072.310474,0.05061517786433015,0.03798708720881442,1784967072.2868223,3589.865478515625,nan,nan,49.70106887817383,nan
3.722842216491699,1784967072.3546505,Backstepping,circle,circle_bs_tune_baseline_20260725_151054,1784967072.335642,1.0662007236393154,-0.036049704481455454,1.5935550371245453,-7.617527993173344e-07,0.00016085484124730303,1784967072.3523796,1.066225025768973,-0.036060819873041786,1.5946421159379658,0.002270936965942383,0,0,1784967072.3502426,1.0657962717196077,-0.022326302412976357,1.607735493027167,1784967072.350286,0.013729052152275663,9.204720846732868e-05,0.014180455902621736,0.013740835782790757,0.00010115278575671178,0.013093377089201219,1784967072.3503318,0.054492156751912754,0.04042753027075625,1784967072.337153,3589.916015625,nan,nan,50.54940414428711,nan
3.7626190185546875,1784967072.3944273,Backstepping,circle,circle_bs_tune_baseline_20260725_151054,1784967072.3855674,1.066203944704861,-0.03605163006649959,1.5938161030281104,-1.564276744277233e-06,0.00046929166350692864,1784967072.3523796,1.066225025768973,-0.036060819873041786,1.5946421159379658,0.042047739028930664,0,0,1784967072.3900003,1.0657366084523527,-0.02074573176916174,1.6093171895173688,1784967072.390047,0.015312600127241565,0.00011490519814087014,0.015501086489258409,0.015322379657410116,0.0001231127083901009,0.014675073579403008,1784967072.3900936,0.058489266283692304,0.042879940679964895,1784967072.3878396,3589.966552734375,nan,nan,50.469722747802734,nan
3.803098201751709,1784967072.4349065,Backstepping,circle,circle_bs_tune_baseline_20260725_151054,1784967072.3855674,1.066203944704861,-0.03605163006649959,1.5938161030281104,-1.564276744277233e-06,0.00046929166350692864,1784967072.3523796,1.066225025768973,-0.036060819873041786,1.5946421159379658,0.08252692222595215,0,0,1784967072.430459,1.0656702581375816,-0.01906103833083825,1.6110031892263732,1784967072.430506,0.01699837445175146,0.00014246009287225206,0.017187086198262813,0.017008176167516573,0.0001492751225243665,0.016361073288407413,1784967072.430557,0.06262775307243605,0.04542941565277452,1784967072.3878396,3589.966552734375,nan,nan,50.469722747802734,nan
3.8425512313842773,1784967072.4743595,Backstepping,circle,circle_bs_tune_baseline_20260725_151054,1784967072.4350808,1.0662039449402323,-0.036051639787211064,1.5938320574023168,-1.0895779094187351e-06,0.00044578440635795934,1784967072.4532332,1.066225025768973,-0.036060819873041786,1.5946421159379658,0.021126270294189453,0,0,1784967072.4709685,1.0655978391266256,-0.017299511825257675,1.6127662039591808,1784967072.4710534,0.018761113677028575,0.00017401424186915264,0.018934146556863984,0.018770928600577597,0.00017967253603618877,0.018124088021215012,1784967072.4712286,0.06684233305273432,0.048001005613497225,1784967072.4424596,3590.020751953125,nan,nan,54.320274353027344,nan
3.8825793266296387,1784967072.5143876,Backstepping,circle,circle_bs_tune_baseline_20260725_151054,1784967072.4851933,1.0662067396336303,-0.03605323461271717,1.5940368736789763,-1.6119007727492028e-06,0.0006582093649678474,1784967072.4532332,1.066225025768973,-0.036060819873041786,1.5946421159379658,0.06115436553955078,0,0,1784967072.5104327,1.0655190670070265,-0.015463965602334527,1.6146034399083113,1784967072.5104773,0.0205996893408392,0.00020902412348635686,0.02056656622933506,0.020607831187903408,0.0002146563607173256,0.019961323970345557,1784967072.5105245,0.07113043505713001,0.05056717716366656,1784967072.4863691,3590.065185546875,nan,nan,44.33079528808594,nan
3.9233222007751465,1784967072.5551305,Backstepping,circle,circle_bs_tune_baseline_20260725_151054,1784967072.5354903,1.066206739910215,-0.036053246056451785,1.594059738545895,-1.1317465912433196e-06,0.0006254056245542401,1784967072.4532332,1.066225025768973,-0.036060819873041786,1.5946421159379658,0.1018972396850586,0,0,1784967072.5505717,1.0654320842182163,-0.013522760002257527,1.6165465936272445,1784967072.5506096,0.022542409242557092,0.00025035738548029004,0.022486855081349507,0.022550558885033482,0.0002553292278791549,0.021904477689278723,1784967072.5506513,0.07556114370778313,0.053230426901995365,1784967072.5417807,3590.12060546875,nan,nan,55.45744323730469,nan
3.963308811187744,1784967072.595117,Backstepping,circle,circle_bs_tune_baseline_20260725_151054,1784967072.5851254,1.0662091660975117,-0.036054565040557325,1.5942163420626414,-1.5002591486365765e-06,0.0007619973428401363,1784967072.5546286,1.066225025768973,-0.036060819873041786,1.5946421159379658,0.040488481521606445,0,0,1784967072.5903127,1.0653381349733486,-0.011514843720401605,1.618556706961378,1784967072.5903528,0.024553389342017104,0.0002961241453966686,0.024340364898736592,0.024560144403171273,0.00030137595245553685,0.0239145910234122,1784967072.590397,0.08004942032446069,0.05589018056269149,1784967072.5865493,3590.16552734375,nan,nan,44.82705307006836,nan
4.002626657485962,1784967072.634435,Backstepping,circle,circle_bs_tune_baseline_20260725_151054,1784967072.5851254,1.0662091660975117,-0.036054565040557325,1.5942163420626414,-1.5002591486365765e-06,0.0007619973428401363,1784967072.5546286,1.066225025768973,-0.036060819873041786,1.5946421159379658,0.07980632781982422,0,0,1784967072.630124,1.065236564859331,-0.00943520286784998,1.6206388270659453,1784967072.6301713,0.02663483843830185,0.0003489656370354832,0.026422485003303908,0.026641615809315938,0.0003533312126834697,0.02599671112797952,1784967072.6302214,0.08460509748835016,0.05860558190120914,1784967072.5865493,3590.16552734375,nan,nan,44.82705307006836,nan
4.0427985191345215,1784967072.6746068,Backstepping,circle,circle_bs_tune_baseline_20260725_151054,1784967072.635402,1.0662091663598865,-0.036054575913997945,1.5942428743778105,-1.0529955664761462e-06,0.0007240824787413698,1784967072.6445482,1.066225025768973,-0.036060819873041786,1.5946421159379658,0.030058622360229492,0,0,1784967072.6703935,1.0651242450986507,-0.007232399113631445,1.6228444929700567,1784967072.670433,0.02883969013035965,0.0004089044381058095,0.028601618592246195,0.028846471411755503,0.0004130964252189315,0.02820237703209094,1784967072.6704779,0.08934126094351022,0.061413957395088176,1784967072.643912,3590.222412109375,nan,nan,57.02653884887695,nan
4.083343744277954,1784967072.715152,Backstepping,circle,circle_bs_tune_baseline_20260725_151054,1784967072.685496,1.0662112441284286,-0.03605565096201418,1.5943603550024081,-1.2669168873139293e-06,0.0008002518055357771,1784967072.6445482,1.066225025768973,-0.036060819873041786,1.5946421159379658,0.07060384750366211,0,0,1784967072.7104168,1.0650029403878418,-0.004953915835625214,1.62512620354323,1784967072.7104554,0.03112157056648434,0.00047515395074512073,0.03076584854082176,0.031127199255416054,0.0004800395665398733,0.03048408760526411,1784967072.7104964,0.09415566394992042,0.06424362162354193,1784967072.6870022,3590.265869140625,nan,nan,43.43059158325195,nan
4.12298583984375,1784967072.7547941,Backstepping,circle,circle_bs_tune_baseline_20260725_151054,1784967072.7355974,1.066211244351679,-0.03605566024883334,1.5943879812595583,-8.900305171925733e-07,0.0007602647166340488,1784967072.6445482,1.066225025768973,-0.036060819873041786,1.5946421159379658,0.11024594306945801,0,0,1784967072.7501676,1.0648723776604627,-0.002604129432472262,1.6274796149655089,1784967072.7502086,0.033473805403554095,0.000549390371043737,0.033091633705950585,0.03347943069672291,0.0005545379742452871,0.03283749902754307,1784967072.7502534,0.09903744620122311,0.06712616841646926,1784967072.7488837,3590.32763671875,nan,nan,61.71175765991211,nan
4.162631511688232,1784967072.7944398,Backstepping,circle,circle_bs_tune_baseline_20260725_151054,1784967072.7855554,1.0662130741950337,-0.036056562733607606,1.5944719647724677,-1.0893582046496886e-06,0.0007933374693700744,1784967072.7543135,1.066225025768973,-0.036060819873041786,1.5946421159379658,0.04012632369995117,0,0,1784967072.7898479,1.0647317216862948,-0.00017749620426728345,1.6299103218249087,1784967072.789889,0.03590407993710555,0.0006315569189795413,0.03543835705244103,0.03590872777435834,0.0006372944597286534,0.0352682058869429,1784967072.7899373,0.1040019779672496,0.0700436172524817,1784967072.78909,3590.367919921875,nan,nan,40.24921798706055,nan
4.202831983566284,1784967072.8346403,Backstepping,circle,circle_bs_tune_baseline_20260725_151054,1784967072.7855554,1.0662130741950337,-0.036056562733607606,1.5944719647724677,-1.0893582046496886e-06,0.0007933374693700744,1784967072.7543135,1.066225025768973,-0.036060819873041786,1.5946421159379658,0.08032679557800293,0,0,1784967072.8303876,1.064577402166789,0.002374676400341776,1.6324671564068256,1784967072.8304305,0.03845919055478303,0.0007254145198930014,0.03799519163435794,0.038463854325028905,0.0007307173042359817,0.037825040468859816,1784967072.830477,0.10914479370322466,0.07308436202237602,1784967072.78909,3590.367919921875,nan,nan,40.24921798706055,nan
4.243473291397095,1784967072.8752816,Backstepping,circle,circle_bs_tune_baseline_20260725_151054,1784967072.8354688,1.0662130743954337,-0.03605657109256849,1.594499323645893,-7.669591219314195e-07,0.0007537118078097907,1784967072.842996,1.066225025768973,-0.036060819873041786,1.5946421159379658,0.03228569030761719,0,0,1784967072.8706455,1.0644111174886326,0.005010975315614655,1.6351086950914273,1784967072.8706887,0.04109871819573822,0.0008281179562963975,0.040609371445534226,0.04110336856108671,0.0008340960375748962,0.04046657915346152,1784967072.8707356,0.1143822014206885,0.07617803235912325,1784967072.8379984,3590.41650390625,nan,nan,48.53162384033203,nan
4.2831950187683105,1784967072.9150033,Backstepping,circle,circle_bs_tune_baseline_20260725_151054,1784967072.885652,1.0662146387179647,-0.03605730385979192,1.594558487968909,-9.044529464962183e-07,0.0007563800707537858,1784967072.842996,1.066225025768973,-0.036060819873041786,1.5946421159379658,0.07200741767883301,0,0,1784967072.9107835,1.0642333790621277,0.007713759702638228,1.6378173181505693,1784967072.9108431,0.043805781271511635,0.0009407031426697005,0.04325883018166033,0.04380962246503598,0.0009473400146957909,0.043175202212603514,1784967072.910889,0.11968097560350956,0.07930606533607168,1784967072.8877234,3590.466552734375,nan,nan,50.093727111816406,nan
4.32321834564209,1784967072.9550266,Backstepping,circle,circle_bs_tune_baseline_20260725_151054,1784967072.935181,1.0662146388655096,-0.03605731001579201,1.5945841808608427,-6.328766695089998e-07,0.0007185321702655635,1784967072.842996,1.066225025768973,-0.036060819873041786,1.5946421159379658,0.1120307445526123,0,0,1784967072.9504285,1.0640428864998943,0.010493811994276094,1.640603890092057,1784967072.9504642,0.046589608331880764,0.0010638910732536473,0.046019709231214234,0.04659342641014779,0.0010714921620276784,0.045961774154091195,1784967072.9505055,0.12506126796154954,0.08249792235430196,1784967072.9388542,3590.517578125,nan,nan,51.087432861328125,nan
4.362740993499756,1784967072.9945493,Backstepping,circle,circle_bs_tune_baseline_20260725_151054,1784967072.9852674,1.0662169413148535,-0.03605793384166548,1.5946082569103452,-8.356744757816053e-07,0.000681706796629278,1784967072.9727354,1.066231624091106,-0.03606075736781914,1.5946021914055546,0.02181386947631836,0,0,1784967072.9897327,1.063840982469597,0.013323708060803463,1.643440980570659,1784967072.9897664,0.04942421349017289,0.0011995241956048357,0.04883272366031366,0.04942737844283189,0.001214435384197318,0.04883878916510431,1784967072.9898026,0.13047325058788495,0.08572012985126716,1784967072.9890726,3590.56787109375,nan,nan,50.168495178222656,nan
4.402751684188843,1784967073.03456,Backstepping,circle,circle_bs_tune_baseline_20260725_151054,1784967072.9852674,1.0662169413148535,-0.03605793384166548,1.5946082569103452,-8.356744757816053e-07,0.000681706796629278,1784967072.9727354,1.066231624091106,-0.03606075736781914,1.5946021914055546,0.06182456016540527,0,0,1784967073.0303578,1.0636205214399497,0.016292118565031502,1.6464175676311932,1784967073.030413,0.052397031584439945,0.001349245822642822,0.051809310720847934,0.052400195628907006,0.001364175042874942,0.05181537622563859,1784967073.0304675,0.13608409898640797,0.08907862921137887,1784967072.9890726,3590.56787109375,nan,nan,50.168495178222656,nan
4.442460536956787,1784967073.0742688,Backstepping,circle,circle_bs_tune_baseline_20260725_151054,1784967073.0352538,1.066216941471867,-0.036057940408870004,1.5946319494254055,-5.828703870905746e-07,0.0006479233755125667,1784967073.0436869,1.066231624091106,-0.03606075736781914,1.5946021914055546,0.030581951141357422,0,0,1784967073.07038,1.0633839582211724,0.019352078433196397,1.6494866593445334,1784967073.0704212,0.05546179887480077,0.001511571284464417,0.054854709919127886,0.05546491952908238,0.0015278331222718226,0.05488446793897883,1784967073.0704632,0.14180410216622852,0.09251140632874995,1784967073.0468655,3590.62548828125,nan,nan,57.600128173828125,nan
4.4826250076293945,1784967073.1144333,Backstepping,circle,circle_bs_tune_baseline_20260725_151054,1784967073.0852993,1.0662188535982442,-0.03605842961359017,1.5946473681159907,-6.520999567351e-07,0.0006067137907526869,1784967073.0436869,1.066231624091106,-0.03606075736781914,1.5946021914055546,0.07074642181396484,0,0,1784967073.1106,1.0631303877317542,0.022504201796505162,1.6526489667338087,1784967073.110644,0.05861963101711927,0.0016909401231110543,0.05800159861781795,0.05862218564476611,0.0017062998289038823,0.058046775328254085,1784967073.1106932,0.1476344400804267,0.09603121928887563,1784967073.0897446,3590.668701171875,nan,nan,43.25885772705078,nan
4.522788763046265,1784967073.154597,Backstepping,circle,circle_bs_tune_baseline_20260725_151054,1784967073.1358304,1.0662188537234778,-0.03605843485694792,1.5946686431631534,-4.5725304073919926e-07,0.0005764009385488954,1784967073.0436869,1.066231624091106,-0.03606075736781914,1.5946021914055546,0.11091017723083496,0,0,1784967073.1514304,1.062856323517632,0.025778944290395754,1.6559351589547626,1784967073.15148,0.061900023570575856,0.001885510848474186,0.061266515791609244,0.061902523972121384,0.0019023356747054794,0.061332967549208035,1784967073.1515322,0.15362904675521336,0.09966811227061496,1784967073.13925,3590.71826171875,nan,nan,49.522926330566406,nan
4.563312530517578,1784967073.1951208,Backstepping,circle,circle_bs_tune_baseline_20260725_151054,1784967073.1856434,1.0662205418395505,-0.03605884551823558,1.5946714515797036,-5.516617057637856e-07,0.0005265965258766335,1784967073.1537085,1.066231624091106,-0.03606075736781914,1.5946021914055546,0.041412353515625,0,0,1784967073.1904788,1.0625744694510737,0.029019260957366885,1.6591877122815408,1784967073.1905258,0.06514660155737616,0.002091432962430054,0.06451626070183725,0.06514863165364204,0.002106978624887199,0.06458552087598624,1784967073.1905777,0.15950358145757443,0.1032621681368908,1784967073.1920981,3590.77099609375,nan,nan,52.78218460083008,nan
4.6030495166778564,1784967073.2348578,Backstepping,circle,circle_bs_tune_baseline_20260725_151054,1784967073.1856434,1.0662205418395505,-0.03605884551823558,1.5946714515797036,-5.516617057637856e-07,0.0005265965258766335,1784967073.1537085,1.066231624091106,-0.03606075736781914,1.5946021914055546,0.08114933967590332,0,0,1784967073.230231,1.0622714642884994,0.03237405615245163,1.6625561649913239,1784967073.2302732,0.06850767424384763,0.002314263224660996,0.06788471341162028,0.06850968889878926,0.0023300416750630915,0.06795397358576927,1784967073.2303188,0.16552927070866996,0.10697317570886665,1784967073.1920981,3590.77099609375,nan,nan,52.78218460083008,nan
4.642392158508301,1784967073.2742004,Backstepping,circle,circle_bs_tune_baseline_20260725_151054,1784967073.2353868,1.0662205419314426,-0.036058849365932594,1.5946895307912827,-3.8329100106928583e-07,0.0005001757201338475,1784967073.243159,1.0662841008455706,-0.03606737546086297,1.5950350801048077,0.031041383743286133,0,0,1784967073.271256,1.061942007336136,0.035886487923234366,1.666084015857769,1784967073.271308,0.0720270201755388,0.0025584723113141004,0.07139448506648627,0.07203796398213345,0.002596916874075798,0.07104893575296135,1784967073.2713683,0.17178171549309534,0.11084495740269003,1784967073.2418644,3590.820556640625,nan,nan,49.689002990722656,nan
4.682746887207031,1784967073.3145552,Backstepping,circle,circle_bs_tune_baseline_20260725_151054,1784967073.2852912,1.0662288397890227,-0.036060341149579275,1.594786643290429,-1.081067967653123e-06,0.0005723970291615697,1784967073.243159,1.0662841008455706,-0.03606737546086297,1.5950350801048077,0.0713961124420166,0,0,1784967073.3112361,1.0615915268255574,0.03948479013380579,1.6696993484321905,1784967073.3112817,0.07563463281621167,0.0028238007900425327,0.07491270514176152,0.07564370359111777,0.0028600846135508,0.07466426832738282,1784967073.3113291,0.1781339750643407,0.11478679853555328,1784967073.2897112,3590.86865234375,nan,nan,47.96791076660156,nan
4.722543001174927,1784967073.3543513,Backstepping,circle,circle_bs_tune_baseline_20260725_151054,1784967073.3359087,1.066228839993775,-0.036060349594878756,1.5948067046087882,-7.568061869869599e-07,0.0005437023058546416,1784967073.243159,1.0662841008455706,-0.03606737546086297,1.5950350801048077,0.11119222640991211,0,0,1784967073.3506951,1.0612267276954315,0.04309455259270673,1.673327499180821,1784967073.350734,0.07925217801934674,0.003100314010102717,0.07852079457203276,0.07926124711355359,0.0031372890116288885,0.07829241907601325,1784967073.350777,0.18,0.11876116860689755,1784967073.3378441,3590.916748046875,nan,nan,48.071475982666016,nan
4.762460708618164,1784967073.394269,Backstepping,circle,circle_bs_tune_baseline_20260725_151054,1784967073.3851554,1.0662368810513232,-0.03606173685619853,1.5948646494619758,-1.3350642989328137e-06,0.0005655969145533775,1784967073.351506,1.066289734746282,-0.03606813708054608,1.5949799763891863,0.04276299476623535,0,0,1784967073.3903453,1.0608408749080822,0.04677763455557036,1.6770307397605653,1784967073.3903897,0.0829452390807925,0.0034008310785836235,0.08216609029858946,0.08295330716009869,0.0034439487107419666,0.08205076337137895,1784967073.3904395,0.18,0.1228107912147902,1784967073.3378441,3590.916748046875,nan,nan,48.071475982666016,nan
4.802724361419678,1784967073.4345326,Backstepping,circle,circle_bs_tune_baseline_20260725_151054,1784967073.3851554,1.0662368810513232,-0.03606173685619853,1.5948646494619758,-1.3350642989328137e-06,0.0005655969145533775,1784967073.351506,1.066289734746282,-0.03606813708054608,1.5949799763891863,0.08302664756774902,0,0,1784967073.4306064,1.0604250813488432,0.05060686714103611,1.680882482849031,1784967073.430645,0.0867833691002961,0.0037243499047478023,0.08601783338705515,0.0867914744645102,0.0037670248950142943,0.08590250645984465,1784967073.43069,0.18,0.1270404834313564,1784967073.3989506,3590.977783203125,nan,nan,61.1942138671875,nan
4.8431830406188965,1784967073.4749913,Backstepping,circle,circle_bs_tune_baseline_20260725_151054,1784967073.43561,1.066236881296898,-0.0360617469479241,1.5948843970538642,-9.142834210637508e-07,0.0005367860353504677,1784967073.4518993,1.066289734746282,-0.03606813708054608,1.5949799763891863,0.023092031478881836,0,0,1784967073.4705715,1.0599878208682874,0.05449318567304198,1.684793325207656,1784967073.4706206,0.09067917556491172,0.004066164912550204,0.0899089281537917,0.09068723012084921,0.004110181311493293,0.08981334881846957,1784967073.470672,0.18,0.13133493514560776,1784967073.4403672,3591.0185546875,nan,nan,40.71883010864258,nan
4.883025646209717,1784967073.514834,Backstepping,circle,circle_bs_tune_baseline_20260725_151054,1784967073.4858525,1.0662438627733934,-0.03606289199078966,1.5949243144142047,-1.3128967334987987e-06,0.0005363017227985632,1784967073.4518993,1.066289734746282,-0.03606813708054608,1.5949799763891863,0.06293463706970215,0,0,1784967073.5102706,1.059526995541215,0.05844839666412266,1.6887752939314513,1784967073.5103085,0.09464582841899352,0.004434766229386579,0.09385097951724664,0.09465242791984833,0.004475229775192588,0.093795317542265,1784967073.5103533,0.18,0.13571413370500357,1784967073.4936996,3591.072509765625,nan,nan,53.82725524902344,nan
4.922863245010376,1784967073.5546715,Backstepping,circle,circle_bs_tune_baseline_20260725_151054,1784967073.5351253,1.0662438629843902,-0.03606290065475813,1.5949424301616966,-9.139136143177056e-07,0.0005093185183098529,1784967073.4518993,1.066289734746282,-0.03606813708054608,1.5949799763891863,0.10277223587036133,0,0,1784967073.5505934,1.0590321944222516,0.06255038105945054,1.6929070161404232,1784967073.550631,0.09875865242174466,0.004828671218570328,0.09796458597872659,0.09876517778361096,0.004870694925315016,0.09792703975123686,1784967073.5506728,0.18,0.1402723617542831,1784967073.5391634,3591.117919921875,nan,nan,45.56501388549805,nan
4.962639093399048,1784967073.5944474,Backstepping,circle,circle_bs_tune_baseline_20260725_151054,1784967073.5852363,1.066249943192274,-0.036063845744129026,1.5949673611079627,-1.213965392004095e-06,0.0004930746492563152,1784967073.555243,1.066289734746282,-0.03606813708054608,1.5949799763891863,0.03920435905456543,0,0,1784967073.590189,1.0585192313482066,0.06665988222868861,1.6970484114957112,1784967073.5902274,0.10288056294155132,0.005245756673630767,0.1020810503877485,0.10288588140284818,0.005284134954470552,0.10206843510652486,1784967073.5902696,0.18,0.14485896216279018,1784967073.5936759,3591.172607421875,nan,nan,54.57006072998047,nan
5.002499580383301,1784967073.6343079,Backstepping,circle,circle_bs_tune_baseline_20260725_151054,1784967073.5852363,1.066249943192274,-0.036063845744129026,1.5949673611079627,-1.213965392004095e-06,0.0004930746492563152,1784967073.555243,1.066289734746282,-0.03606813708054608,1.5949799763891863,0.07906484603881836,0,0,1784967073.6304352,1.0579714070801587,0.07090324190021155,1.7013269907759268,1784967073.630473,0.10713592329538413,0.005690864514043899,0.10635962966796408,0.10714124737150298,0.005729189112280696,0.10634701438674042,1784967073.6305134,0.18,0.14961965525797097,1784967073.5936759,3591.172607421875,nan,nan,54.57006072998047,nan
5.042453765869141,1784967073.674262,Backstepping,circle,circle_bs_tune_baseline_20260725_151054,1784967073.635033,1.0662499433987733,-0.03606385423679285,1.5949842943370054,-8.428609512350321e-07,0.0004683330764328119,1784967073.6447544,1.066289734746282,-0.03606813708054608,1.5949799763891863,0.02950763702392578,0,0,1784967073.6703744,1.0574019996546635,0.07516952517591055,1.7056311081539712,1784967073.6704166,0.11141483493074097,0.006155108563226052,0.11064681381696584,0.11142005214987852,0.006195265794028005,0.11065113176478492,1784967073.670463,0.18,0.15190987262676509,1784967073.6395628,3591.218505859375,nan,nan,45.91758728027344,nan
5.083463430404663,1784967073.7152717,Backstepping,circle,circle_bs_tune_baseline_20260725_151054,1784967073.6851645,1.0662551496324333,-0.03606461940466534,1.5949991889181003,-1.0266340228787402e-06,0.0004433825428543169,1784967073.6447544,1.066289734746282,-0.03606813708054608,1.5949799763891863,0.07051730155944824,0,0,1784967073.7102356,1.0568132683804061,0.0794402200661801,1.7099421948086344,1784967073.7102754,0.11569950923477845,0.0066438411777053705,0.11494300589053408,0.11570373452846007,0.006680553995505295,0.11496221841944809,1784967073.71032,0.18,0.15376237967716713,1784967073.6899047,3591.268798828125,nan,nan,50.33843994140625,nan
5.122830629348755,1784967073.754639,Backstepping,circle,circle_bs_tune_baseline_20260725_151054,1784967073.7354174,1.066255149813474,-0.036064626860140676,1.5950145749877649,-7.17458433444536e-07,0.00042121419143837616,1784967073.6447544,1.066289734746282,-0.03606813708054608,1.5949799763891863,0.10988450050354004,0,0,1784967073.750174,1.0562052661874726,0.08371432610889792,1.7142593325268352,1784967073.7502143,0.11998719488207597,0.007146383671903752,0.11924475753907025,0.1199912930577528,0.007185024994570854,0.11927935613764884,1784967073.7502592,0.18,0.15562484495613862,1784967073.7439597,3591.32275390625,nan,nan,54.028297424316406,nan
5.163045406341553,1784967073.7948537,Backstepping,circle,circle_bs_tune_baseline_20260725_151054,1784967073.7854683,1.0662597337303188,-0.036065265326105184,1.595019777889306,-8.84815692312853e-07,0.00038846804369671307,1784967073.754481,1.066289734746282,-0.03606813708054608,1.5949799763891863,0.040372610092163086,0,0,1784967073.7897496,1.0555825178938962,0.08796091014983716,1.7185513390194498,1784967073.7897835,0.12424840321202586,0.007670035232555299,0.12353156113014374,0.12425169421275195,0.00770490329994044,0.12357136263026347,1784967073.7898219,0.18,0.15749623501447213,1784967073.78909,3591.367919921875,nan,nan,45.059486389160156,nan
5.202479839324951,1784967073.8342881,Backstepping,circle,circle_bs_tune_baseline_20260725_151054,1784967073.7854683,1.0662597337303188,-0.036065265326105184,1.595019777889306,-8.84815692312853e-07,0.00038846804369671307,1784967073.754481,1.066289734746282,-0.03606813708054608,1.5949799763891863,0.07980704307556152,0,0,1784967073.8304763,1.0549276022575311,0.0922957730063459,1.7229353989254557,1784967073.8305159,0.12859785710035018,0.008219763664451424,0.12791562103614962,0.12860112621761494,0.008254804846190547,0.12795542253626935,1784967073.8305616,0.18,0.15941609345029734,1784967073.78909,3591.367919921875,nan,nan,45.059486389160156,nan
5.242842197418213,1784967073.8746505,Backstepping,circle,circle_bs_tune_baseline_20260725_151054,1784967073.8349674,1.0662597338776691,-0.03606527139964528,1.5950330083119562,-6.206860981525797e-07,0.00036912684865379644,1784967073.8425865,1.066289734746282,-0.03606813708054608,1.5949799763891863,0.032063961029052734,0,0,1784967073.8700502,1.0542711349660143,0.0965171331517421,1.7272075012814128,1784967073.87009,0.1328340013036942,0.008772035005769282,0.1321744929694566,0.13283712622174293,0.008809002236114345,0.13222752489222644,1784967073.8701315,0.18,0.16129548632668045,1784967073.839009,3591.41796875,nan,nan,50.0498046875,nan
5.283564329147339,1784967073.9153726,Backstepping,circle,circle_bs_tune_baseline_20260725_151054,1784967073.8856754,1.0662636553890863,-0.036065787164914515,1.5950334969220608,-7.270458484418781e-07,0.000335540311925021,1784967073.8425865,1.066289734746282,-0.03606813708054608,1.5949799763891863,0.07278609275817871,0,0,1784967073.9106925,1.0535799536655372,0.10083856491789962,1.7315838621746622,1784967073.910777,0.13717152941571456,0.009362127235882707,0.13655036525260145,0.1371740080142693,0.009395483623148827,0.1366038857854759,1784967073.91083,0.18,0.16323840745925566,1784967073.8906677,3591.469482421875,nan,nan,51.455810546875,nan
5.322722911834717,1784967073.9545312,Backstepping,circle,circle_bs_tune_baseline_20260725_151054,1784967073.9355648,1.0662636555115292,-0.03606579221330833,1.595045008547198,-5.060391418580898e-07,0.0003187000551085498,1784967073.8425865,1.066289734746282,-0.03606813708054608,1.5949799763891863,0.11194467544555664,0,0,1784967073.9506083,1.0528800678074695,0.10509571903580135,1.7358981674801433,1784967073.9506526,0.14144451445507222,0.009957008011126922,0.14085315893294514,0.141446841441432,0.009992221339077682,0.14091819109095693,1784967073.9507024,0.18,0.16515921332008016,1784967073.9404054,3591.519287109375,nan,nan,49.803062438964844,nan
5.362724542617798,1784967073.9945328,Backstepping,circle,circle_bs_tune_baseline_20260725_151054,1784967073.985537,1.0662673487674024,-0.03606623278757355,1.595038643662635,-6.654754800701069e-07,0.0002805481820248245,1784967073.9753115,1.0662908563939688,-0.03606813301729134,1.5949829929512684,0.01922130584716797,0,0,1784967073.990263,1.0521622690276984,0.1093471998233932,1.7402098206173502,1784967073.9903002,0.1457126120197847,0.010576121999073027,0.14517117695471526,0.14571449141505108,0.010607685788446574,0.14522682766608175,1784967073.99034,0.18,0.16710084630826524,1784967073.9404054,3591.519287109375,nan,nan,49.803062438964844,nan
5.402527570724487,1784967074.0343359,Backstepping,circle,circle_bs_tune_baseline_20260725_151054,1784967073.985537,1.0662673487674024,-0.03606623278757355,1.595038643662635,-6.654754800701069e-07,0.0002805481820248245,1784967073.9753115,1.0662908563939688,-0.03606813301729134,1.5949829929512684,0.05902433395385742,0,0,1784967074.030844,1.051419807439817,0.11363166103622808,1.7445581406246744,1784967074.0309057,0.15001381155308288,0.011214510335841154,0.14951949696203948,0.1500156554149238,0.01124631348903979,0.14957514767340596,1784967074.0309606,0.18,0.16906390766273421,1784967073.9957514,3591.57470703125,nan,nan,55.41506576538086,nan
5.4427268505096436,1784967074.0745351,Backstepping,circle,circle_bs_tune_baseline_20260725_151054,1784967074.0350323,1.066267348893662,-0.03606623799690513,1.595048275419084,-4.595635332112862e-07,0.0002665225170254033,1784967074.043626,1.0662908563939688,-0.03606813301729134,1.5949829929512684,0.030909061431884766,0,0,1784967074.070975,1.0506761948971146,0.11781576776139632,1.7488078154217326,1784967074.0710258,0.15421483338746356,0.01185499651703188,0.15375954000264858,0.15421652211417256,0.011888518811662451,0.15382482247046414,1784967074.0710819,0.18,0.1709922351925811,1784967074.042558,3591.62158203125,nan,nan,46.849979400634766,nan
5.48255467414856,1784967074.114363,Backstepping,circle,circle_bs_tune_baseline_20260725_151054,1784967074.0854478,1.066270405045561,-0.03606658004529207,1.595042526072055,-5.176263865840475e-07,0.00023495864304270893,1784967074.043626,1.0662908563939688,-0.03606813301729134,1.5949829929512684,0.07073688507080078,0,0,1784967074.1100242,1.0499031194667392,0.12206008428182501,1.7531219662319741,1784967074.1100645,0.15847699258254538,0.012528879855410825,0.15807944015991904,0.1584782935378826,0.012558722272324043,0.1581389732807057,1784967074.1101086,0.18,0.1729683807391747,1784967074.0990758,3591.677001953125,nan,nan,55.59829330444336,nan
5.5231773853302,1784967074.1549857,Backstepping,circle,circle_bs_tune_baseline_20260725_151054,1784967074.1353345,1.0662704051444165,-0.0360665841236732,1.5950506345880764,-3.575079924156532e-07,0.00022308255891845827,1784967074.043626,1.0662908563939688,-0.03606813301729134,1.5949829929512684,0.1113595962524414,0,0,1784967074.1508837,1.049092159839644,0.12640468752595074,1.7575416115414224,1784967074.1509538,0.1628400909872732,0.013232950935200279,0.16249097695334602,0.16284123855619623,0.013264373484197246,0.16255861859015397,1784967074.151005,0.18,0.17499292497295738,1784967074.1407535,3591.718994140625,nan,nan,41.850067138671875,nan
5.56250524520874,1784967074.1943135,Backstepping,circle,circle_bs_tune_baseline_20260725_151054,1784967074.1849718,1.066273106923607,-0.036066869545836405,1.595041833635848,-4.3283607327006396e-07,0.00019160095501330622,1784967074.154289,1.0662908563939688,-0.03606813301729134,1.5949829929512684,0.040024518966674805,0,0,1784967074.19074,1.0482849057638972,0.13062730116372853,1.7618406990658366,1784967074.190796,0.16708126830121534,0.013941725587927226,0.16679886542998856,0.1670821400318711,0.013969270462751938,0.16685770611456816,1784967074.1908445,0.18,0.17698656012636887,1784967074.1407535,3591.718994140625,nan,nan,41.850067138671875,nan
5.603439807891846,1784967074.235248,Backstepping,circle,circle_bs_tune_baseline_20260725_151054,1784967074.1849718,1.066273106923607,-0.036066869545836405,1.595041833635848,-4.3283607327006396e-07,0.00019160095501330622,1784967074.154289,1.0662908563939688,-0.03606813301729134,1.5949829929512684,0.08095908164978027,0,0,1784967074.23031,1.0474664174447659,0.1348114713454673,1.7661041754376017,1784967074.2303512,0.17128405144220546,0.014658535959026546,0.17106234180175361,0.17128488098797284,0.014686328127247385,0.17112118248633323,1784967074.2303965,0.18,0.17896990895848386,1784967074.2002313,3591.779052734375,nan,nan,60.02153778076172,nan
5.6426825523376465,1784967074.2744908,Backstepping,circle,circle_bs_tune_baseline_20260725_151054,1784967074.2357466,1.0662731070110432,-0.03606687315415178,1.595048609862159,-2.978074662058682e-07,0.00018189333295084623,1784967074.2429314,1.066239395391682,-0.036095447475115824,1.5940160213187984,0.03155946731567383,0,0,1784967074.2706056,1.0466138457675047,0.1390724461972873,1.770449611533793,1784967074.270656,0.1755645509775513,0.015406368020329995,0.17540100167163408,0.17557633285954094,0.015553279759364748,0.17643359021499472,1784967074.2707117,0.18,0.18099708998090921,1784967074.2429004,3591.82177734375,nan,nan,42.78654479980469,nan
5.683472394943237,1784967074.3152807,Backstepping,circle,circle_bs_tune_baseline_20260725_151054,1784967074.2859251,1.0662687396301724,-0.036071640382441005,1.5948158436878708,-2.4468155657178736e-06,-0.00011807398036522106,1784967074.2429314,1.066239395391682,-0.036095447475115824,1.5940160213187984,0.07234930992126465,0,0,1784967074.3103235,1.0457530102555652,0.14328015296797297,1.7747444761883342,1784967074.310367,0.17979278900380416,0.01620228230883802,0.17992863250046343,0.17980289192130966,0.01631619033346298,0.18072845486953584,1784967074.3104138,0.18,0.18311474842637002,1784967074.290516,3591.869384765625,nan,nan,47.72611618041992,nan
5.7226338386535645,1784967074.3544421,Backstepping,circle,circle_bs_tune_baseline_20260725_151054,1784967074.3353918,1.0662687400439006,-0.0360716580377545,1.594811835107364,-1.7197312360231395e-06,-0.00011217334617182573,1784967074.3523607,1.066250916556818,-0.03609722028927124,1.5940580802503994,0.0020813941955566406,0,0,1784967074.3508236,1.0448552409273615,0.14757340659017065,1.7791305960308634,1784967074.3508642,0.18410631565490868,0.016997418703554885,0.18431876092349955,0.18411859223722393,0.01711777165728451,0.18507251578046402,1784967074.3509076,0.18,0.18518763720296047,1784967074.3433473,3591.922119140625,nan,nan,52.6243896484375,nan
5.762429475784302,1784967074.3942378,Backstepping,circle,circle_bs_tune_baseline_20260725_151054,1784967074.385656,1.066266410774013,-0.036076012224070954,1.5946311758019918,-3.3733850757632533e-06,-0.00032519406052990477,1784967074.3523607,1.066250916556818,-0.03609722028927124,1.5940580802503994,0.041877031326293945,0,0,1784967074.3901434,1.043968033446508,0.15172659132346317,1.7833774899136148,1784967074.3901854,0.1882806888768318,0.01781622088821657,0.18874631411162301,0.18829128949850288,0.017908137464143416,0.18931940966321537,1784967074.390231,0.18,0.18728650729938628,1784967074.3917856,3591.970703125,nan,nan,48.555355072021484,nan
5.802500009536743,1784967074.4343083,Backstepping,circle,circle_bs_tune_baseline_20260725_151054,1784967074.385656,1.066266410774013,-0.036076012224070954,1.5946311758019918,-3.3733850757632533e-06,-0.00032519406052990477,1784967074.3523607,1.066250916556818,-0.03609722028927124,1.5940580802503994,0.08194756507873535,0,0,1784967074.430474,1.0430424458976948,0.15597014256586414,1.7877208145748698,1784967074.4305143,0.19254509394620467,0.018640410709621653,0.193089638772878,0.1925552215280839,0.018734771061642327,0.19366273432447031,1784967074.4305596,0.18,0.1893615840746221,1784967074.3917856,3591.970703125,nan,nan,48.555355072021484,nan
5.842613697052002,1784967074.474422,Backstepping,circle,circle_bs_tune_baseline_20260725_151054,1784967074.4349544,1.0662664113187217,-0.03607603580536912,1.5946201696925417,-2.3573894538015814e-06,-0.00030892229895696313,1784967074.4495623,1.066251024761401,-0.036092761413255,1.5940621641898076,0.02485966682434082,0,0,1784967074.4704366,1.042103504787001,0.1601870996767671,1.7920410421978556,1784967074.4704812,0.1967830398800165,0.019480749906506355,0.1974208725053139,0.1967885020112201,0.019574781393732962,0.19797887800804803,1784967074.4705305,0.18,0.19144245542890306,1784967074.4440484,3592.022705078125,nan,nan,51.97583770751953,nan
5.882680177688599,1784967074.5144885,Backstepping,circle,circle_bs_tune_baseline_20260725_151054,1784967074.485325,1.066264403618163,-0.036078878965646134,1.5944794390218433,-3.0236826703003786e-06,-0.00045326870661015445,1784967074.4495623,1.066251024761401,-0.036092761413255,1.5940621641898076,0.0649261474609375,0,0,1784967074.5104995,1.0411435495754664,0.16441218319264742,1.796373809684428,1784967074.5105414,0.20102972248109738,0.02036600089286455,0.20189437066258464,0.20103477420854168,0.02043618556749224,0.20231164549462033,1784967074.5105946,0.18,0.19359629689099803,1784967074.4925218,3592.0712890625,nan,nan,48.76894760131836,nan
5.923597574234009,1784967074.5554059,Backstepping,circle,circle_bs_tune_baseline_20260725_151054,1784967074.5357294,1.0662644041643503,-0.03607890260344168,1.5944636341059326,-2.1111166703061873e-06,-0.00043054676160136457,1784967074.5525787,1.066251024761401,-0.036092761413255,1.5940621641898076,0.002827167510986328,0,0,1784967074.5504823,1.0401707775485212,0.16860965080044615,1.800682527412089,1784967074.5505278,0.20524873703728516,0.021242344247796974,0.2062188933061564,0.20525373613872086,0.021311045537216362,0.2066203632222814,1784967074.5505736,0.18,0.19569665217852764,1784967074.5404315,3592.119140625,nan,nan,47.873531341552734,nan
5.96281886100769,1784967074.5946271,Backstepping,circle,circle_bs_tune_baseline_20260725_151054,1784967074.5855079,1.0662626503359764,-0.03608126912774063,1.5943555430119702,-2.663457469368998e-06,-0.0005245146822611716,1784967074.5525787,1.066251024761401,-0.036092761413255,1.5940621641898076,0.04204845428466797,0,0,1784967074.5901651,1.0391829463786495,0.172790239661321,1.8049782417904459,1784967074.59021,0.20945146338241097,0.02215179534940865,0.21062269877847561,0.209456174221959,0.022201353237054286,0.2109160776006382,1784967074.5902586,0.18,0.19784217175536645,1784967074.5924058,3592.171142578125,nan,nan,51.95110321044922,nan
6.0025718212127686,1784967074.63438,Backstepping,circle,circle_bs_tune_baseline_20260725_151054,1784967074.5855079,1.0662626503359764,-0.03608126912774063,1.5943555430119702,-2.663457469368998e-06,-0.0005245146822611716,1784967074.5525787,1.066251024761401,-0.036092761413255,1.5940621641898076,0.0818014144897461,0,0,1784967074.6301124,1.0381729564694708,0.1769838606506732,1.8092917746197306,1784967074.630154,0.21366771298844506,0.02306271569641779,0.21493623160776032,0.21367215640180973,0.023113510503187072,0.21522961042992295,1784967074.6301992,0.18,0.1999596821129543,1784967074.5924058,3592.171142578125,nan,nan,51.95110321044922,nan
6.042835712432861,1784967074.674644,Backstepping,circle,circle_bs_tune_baseline_20260725_151054,1784967074.6360087,1.0662626508027608,-0.03608128935037147,1.5943371908579564,-1.854251754634188e-06,-0.0004982411561359999,1784967074.6435056,1.066251024761401,-0.036092761413255,1.5940621641898076,0.03113842010498047,0,0,1784967074.6703198,1.0371407510355413,0.18118978189793608,1.813622507918986,1784967074.6703656,0.21789636259212547,0.02399955450753425,0.21928531706102958,0.21790095232681972,0.024047591131735824,0.21956034372917843,1784967074.6704168,0.18,0.20210398292431242,1784967074.6414773,3592.220458984375,nan,nan,49.142120361328125,nan
6.083088159561157,1784967074.7148964,Backstepping,circle,circle_bs_tune_baseline_20260725_151054,1784967074.6856725,1.0662611430786912,-0.0360832258105451,1.594256294587408,-2.2021183778878368e-06,-0.0005510411441266924,1784967074.6435056,1.066251024761401,-0.036092761413255,1.5940621641898076,0.07139086723327637,0,0,1784967074.7104926,1.0360878081645741,0.1854012301263876,1.8179635923992716,1784967074.710533,0.22213131005815762,0.024969490450651978,0.22370729781186371,0.2221357561675228,0.025002275006751368,0.22390142820946402,1784967074.7105777,0.18,0.20429110286897936,1784967074.691676,3592.2705078125,nan,nan,50.220947265625,nan
6.123223781585693,1784967074.755032,Backstepping,circle,circle_bs_tune_baseline_20260725_151054,1784967074.735306,1.0662611434359364,-0.036083241283781965,1.594237540188655,-1.535376296292054e-06,-0.0005233717062225274,1784967074.6435056,1.066251024761401,-0.036092761413255,1.5940621641898076,0.1115264892578125,0,0,1784967074.7505634,1.0350171761524334,0.18960579831513544,1.8223023337017619,1784967074.7506037,0.22635936488031475,0.025945443100376015,0.22806479351310682,0.22636409334607244,0.025974803291042056,0.22824016951195425,1784967074.7506468,0.18,0.20646131992050357,1784967074.7413046,3592.3203125,nan,nan,49.67491149902344,nan
6.162511587142944,1784967074.7943199,Backstepping,circle,circle_bs_tune_baseline_20260725_151054,1784967074.7854378,1.0662596967591709,-0.03608484097191287,1.5941770937308661,-1.888249368415677e-06,-0.0005498924159518281,1784967074.756212,1.0662501883644415,-0.0360925480823129,1.5940514255868499,0.038107872009277344,0,0,1784967074.7904267,1.0339337459995566,0.193784905860614,1.8266196001659951,1784967074.7904658,0.2305626560277402,0.026943074189798046,0.23244250643512898,0.23056675224880685,0.026962363320798505,0.23256817457914525,1784967074.7905076,0.18,0.20865046081505043,1784967074.7413046,3592.3203125,nan,nan,49.67491149902344,nan
6.203067779541016,1784967074.834876,Backstepping,circle,circle_bs_tune_baseline_20260725_151054,1784967074.7854378,1.0662596967591709,-0.03608484097191287,1.5941770937308661,-1.888249368415677e-06,-0.0005498924159518281,1784967074.756212,1.0662501883644415,-0.0360925480823129,1.5940514255868499,0.07866406440734863,0,0,1784967074.8299804,1.0328451048331768,0.19791112351057377,1.8308870161663615,1784967074.83002,0.23471319685586828,0.027934952467621378,0.23670992243549538,0.23471716839665935,0.027954763181550896,0.23683559057951165,1784967074.8300602,0.18,0.21080102722431188,1784967074.7945244,3592.373291015625,nan,nan,52.9648551940918,nan
6.24323844909668,1784967074.8750467,Backstepping,circle,circle_bs_tune_baseline_20260725_151054,1784967074.8352673,1.0662596970692497,-0.036084854392514194,1.5941582685724387,-1.3098901847697021e-06,-0.0005222545232090978,1784967074.8454905,1.0662501883644415,-0.0360925480823129,1.5940514255868499,0.0295562744140625,0,0,1784967074.870972,1.0317134289215186,0.20212660740912639,1.8352517641674602,1784967074.8710194,0.23895345368726584,0.028972265143359235,0.2410934955950215,0.23895782734366786,0.028988110443191564,0.24120033858061027,1784967074.8710737,0.18,0.21301585632149045,1784967074.8433242,3592.422119140625,nan,nan,48.86384963989258,nan
6.283509254455566,1784967074.9153175,Backstepping,circle,circle_bs_tune_baseline_20260725_151054,1784967074.885793,1.0662584583572297,-0.0360861576640663,1.5941154805770599,-1.5310454849934245e-06,-0.0005259271685063849,1784967074.8454905,1.0662501883644415,-0.0360925480823129,1.5940514255868499,0.06982707977294922,0,0,1784967074.9108083,1.030566578507058,0.20632544419095583,1.8396044100414835,1784967074.910849,0.2431779242006344,0.03002985485524995,0.24548892946442355,0.2431821965278836,0.030037015200088626,0.24555298445463358,1784967074.910895,0.18,0.2152460120398418,1784967074.8994677,3592.47802734375,nan,nan,55.955718994140625,nan
6.322527170181274,1784967074.9543355,Backstepping,circle,circle_bs_tune_baseline_20260725_151054,1784967074.9354568,1.066258458616945,-0.0360861688903206,1.594097536660801,-1.0557050588101701e-06,-0.0004992122194086488,1784967074.8454905,1.0662501883644415,-0.0360925480823129,1.5940514255868499,0.10884499549865723,0,0,1784967074.950255,1.029422570509275,0.2104438980577536,1.8438788040768228,1784967074.9502912,0.24732138676342447,0.031081959583001497,0.2497812674160218,0.24732613843689008,0.031084947453009725,0.24982737848997294,1784967074.95033,0.18,0.21744016790098117,1784967074.942823,3592.521484375,nan,nan,43.573246002197266,nan
6.363309383392334,1784967074.9951177,Backstepping,circle,circle_bs_tune_baseline_20260725_151054,1784967074.9859316,1.0662556862983077,-0.036087263879273905,1.5940601444366513,-1.3318586910821028e-06,-0.0004997669856815044,1784967074.9723268,1.0662379078394828,-0.03609249725317481,1.5940000115168342,0.022790908813476562,0,0,1784967074.9904652,1.0282448076866546,0.2146141855923424,1.8482122152935587,1784967074.9905064,0.25151781045365795,0.032168846491551516,0.2541520708569074,0.251520695068627,0.032166075838067895,0.2542122037767245,1784967074.9905517,0.18,0.21967904590691098,1784967074.942823,3592.521484375,nan,nan,43.573246002197266,nan
6.4030516147613525,1784967075.03486,Backstepping,circle,circle_bs_tune_baseline_20260725_151054,1784967074.9859316,1.0662556862983077,-0.036087263879273905,1.5940601444366513,-1.3318586910821028e-06,-0.0004997669856815044,1784967074.9723268,1.0662379078394828,-0.03609249725317481,1.5940000115168342,0.06253314018249512,0,0,1784967075.030154,1.0270623638716527,0.21873310222090975,1.8524975012432656,1784967075.0301917,0.2556631182190121,0.03325515726624705,0.2584373568066143,0.2556659375034478,0.03325263588025872,0.2584974897264314,1784967075.0302317,0.18,0.22189101319486682,1784967075.0099492,3592.588623046875,nan,nan,67.03604888916016,nan
6.443090915679932,1784967075.0748992,Backstepping,circle,circle_bs_tune_baseline_20260725_151054,1784967075.0354486,1.0662556865625474,-0.036087275305234284,1.5940429866214934,-9.042454040060894e-07,-0.0004742372008440898,1784967075.0423942,1.0662379078394828,-0.03609249725317481,1.5940000115168342,0.032505035400390625,0,0,1784967075.0703707,1.0258472715462081,0.222897950704383,1.8568359850536906,1784967075.0704136,0.2598545264955497,0.03437749780247115,0.2627929984321973,0.2598578569263862,0.034370769951484456,0.2628359735368564,1784967075.0704587,0.18,0.22414651304233946,1784967075.043399,3592.6220703125,nan,nan,33.334312438964844,nan
6.482841491699219,1784967075.1146498,Backstepping,circle,circle_bs_tune_baseline_20260725_151054,1784967075.0853212,1.0662533836297177,-0.03608814016602815,1.5940167091722157,-1.0184537062911388e-06,-0.0004626427105847771,1784967075.0423942,1.0662379078394828,-0.03609249725317481,1.5940000115168342,0.07225561141967773,0,0,1784967075.1105018,1.02462520154379,0.22702040727151293,1.8611357678066813,1784967075.1105666,0.2640041538243974,0.035508027851964025,0.2671190586344656,0.264007557737894,0.03549686338173514,0.2671357562898471,1784967075.1106315,0.18,0.22639659864946926,1784967075.0926225,3592.67138671875,nan,nan,49.40610885620117,nan
6.522901296615601,1784967075.1547096,Backstepping,circle,circle_bs_tune_baseline_20260725_151054,1784967075.1358538,1.066253383836415,-0.036088149103615824,1.5940004596360224,-7.170238264982105e-07,-0.00043958488880652737,1784967075.0423942,1.0662379078394828,-0.03609249725317481,1.5940000115168342,0.11231541633605957,0,0,1784967075.1502068,1.0233765784579196,0.23116669497821446,1.865465986121806,1784967075.1502435,0.2681777278667915,0.03666440236624503,0.2714655264857835,0.26818169934787756,0.036648949826893235,0.2714659746049717,1784967075.1502814,0.18,0.2286688943843036,1784967075.1429756,3592.721923828125,nan,nan,50.45494842529297,nan
6.5623939037323,1784967075.1942022,Backstepping,circle,circle_bs_tune_baseline_20260725_151054,1784967075.1851716,1.066251337228824,-0.036088883640550004,1.593986850945681,-8.568618893287198e-07,-0.0004160706746927407,1784967075.15694,1.0662379078394828,-0.03609249725317481,1.5940000115168342,0.0372622013092041,0,0,1784967075.1906214,1.0220984376535485,0.23534508669836587,1.869835497726115,1784967075.1906605,0.2723848220678134,0.03784689553896651,0.27584864678043397,0.272388621187496,0.03782980118001504,0.27583548620928067,1784967075.1907046,0.18,0.23096732596025274,1784967075.1429756,3592.721923828125,nan,nan,50.45494842529297,nan
6.602810382843018,1784967075.2346187,Backstepping,circle,circle_bs_tune_baseline_20260725_151054,1784967075.1851716,1.066251337228824,-0.036088883640550004,1.593986850945681,-8.568618893287198e-07,-0.0004160706746927407,1784967075.15694,1.0662379078394828,-0.03609249725317481,1.5940000115168342,0.07767868041992188,0,0,1784967075.2305303,1.0208224363815077,0.23945273435104625,1.8741367739330852,1784967075.2305732,0.27652095370873103,0.03902730374540207,0.28014992298740427,0.27652476836290163,0.039010154952493624,0.28013676241625096,1784967075.2307932,0.18,0.2332391141197071,1784967075.1945105,3592.7734375,nan,nan,51.53096389770508,nan
6.642507791519165,1784967075.274316,Backstepping,circle,circle_bs_tune_baseline_20260725_151054,1784967075.2360742,1.0662513373986304,-0.03608889098603748,1.5939720654691973,-5.971096445554757e-07,-0.0003952892078750509,1784967075.2437892,1.0662384764185764,-0.03609377453557355,1.5939845328038145,0.03052687644958496,0,0,1784967075.2703395,1.0195299484083564,0.24355117454330785,1.8784341877590738,1784967075.2703824,0.2806476752457172,0.04022855723999408,0.2844621222898765,0.28065276080713003,0.040212087555205916,0.2844496549552593,1784967075.2704275,0.18,0.2355263939789658,1784967075.2458644,3592.82470703125,nan,nan,51.363929748535156,nan
6.68280029296875,1784967075.3146086,Backstepping,circle,circle_bs_tune_baseline_20260725_151054,1784967075.285704,1.0662496655745022,-0.03608970404118142,1.5939615074336142,-7.803836317336819e-07,-0.0003718705671158302,1784967075.2437892,1.0662384764185764,-0.03609377453557355,1.5939845328038145,0.07081937789916992,0,0,1784967075.3104596,1.0182082108196013,0.24768014503960945,1.8827695559155069,1784967075.3105023,0.2848065028497602,0.04145557328986685,0.2888080484818927,0.28481126727108563,0.041437734976814744,0.2887850231116924,1784967075.31055,0.18,0.23783865491944162,1784967075.2946842,3592.87353515625,nan,nan,48.72783660888672,nan
6.722505569458008,1784967075.3543139,Backstepping,circle,circle_bs_tune_baseline_20260725_151054,1784967075.3354595,1.066249665712707,-0.03608971002596901,1.593948760142798,-5.435743247464522e-07,-0.0003531579211106462,1784967075.2437892,1.0662384764185764,-0.03609377453557355,1.5939845328038145,0.11052465438842773,0,0,1784967075.3499691,1.0168891595783869,0.2517404778178127,1.8870387743603312,1784967075.350009,0.2888957614706496,0.042683903339742375,0.2930900142175332,0.2889010921831249,0.04266228821598596,0.2930542415565167,1784967075.3500507,0.18,0.240131915628553,1784967075.3442712,3592.923095703125,nan,nan,49.72739791870117,nan
6.762561321258545,1784967075.3943696,Backstepping,circle,circle_bs_tune_baseline_20260725_151054,1784967075.3859751,1.066248326802382,-0.036089478339828875,1.5939512978441985,-2.430034289101627e-07,-0.0003170229865385723,1784967075.354251,1.0662395507362021,-0.03608837779396234,1.5940081071228005,0.04011869430541992,0,0,1784967075.390659,1.015515048642956,0.25590880075856504,1.8914277523647867,1784967075.3907053,0.29309462738277015,0.04395907083390613,0.29747645452058813,0.2930958202536912,0.043933672109900096,0.29741964524198616,1784967075.3907526,0.18,0.24248462214035918,1784967075.3442712,3592.923095703125,nan,nan,49.72739791870117,nan
6.802746534347534,1784967075.4345548,Backstepping,circle,circle_bs_tune_baseline_20260725_151054,1784967075.3859751,1.066248326802382,-0.036089478339828875,1.5939512978441985,-2.430034289101627e-07,-0.0003170229865385723,1784967075.354251,1.0662395507362021,-0.03608837779396234,1.5940081071228005,0.08030390739440918,0,0,1784967075.430065,1.0141660045447634,0.2599423827563568,1.8956809548031412,1784967075.4301078,0.29715836240677107,0.045214364172726305,0.3017296569589427,0.2971596265834437,0.04518873458883965,0.30167284768034075,1784967075.4301515,0.18,0.24478425801946627,1784967075.4303763,3593.009033203125,nan,nan,85.91957092285156,nan
6.842772722244263,1784967075.474581,Backstepping,circle,circle_bs_tune_baseline_20260725_151054,1784967075.435619,1.0662483268604426,-0.03608948084837361,1.5939404262503405,-1.5896472280632303e-07,-0.00030011697919499187,1784967075.453071,1.0662395507362021,-0.03608837779396234,1.5940081071228005,0.021509885787963867,0,0,1784967075.4706497,1.0127589026955992,0.26408995186702905,1.9000607145916544,1784967075.470694,0.3013368948830344,0.04652833658189965,0.3061202883413139,0.3013387368228341,0.04649919357283966,0.3060526074688539,1784967075.4707394,0.18,0.247160705796561,1784967075.444902,3593.023681640625,nan,nan,14.633706092834473,nan
6.882527112960815,1784967075.5143354,Backstepping,circle,circle_bs_tune_baseline_20260725_151054,1784967075.485612,1.066247167511385,-0.03608928647766276,1.5939466334873638,-6.511657977876852e-09,-0.0002647691767054833,1784967075.453071,1.0662395507362021,-0.03608837779396234,1.5940081071228005,0.0612642765045166,0,0,1784967075.510417,1.011362054803812,0.26814935190059463,1.9043537253033245,1784967075.510465,0.3054276093942471,0.047827817208129564,0.3104070918159607,0.30542946374498275,0.04780144773916462,0.310345618180524,1784967075.5105193,0.18,0.24949577402414358,1784967075.4940379,3593.07275390625,nan,nan,48.93669891357422,nan
6.923053979873657,1784967075.5548623,Backstepping,circle,circle_bs_tune_baseline_20260725_151054,1784967075.5357065,1.0662471675127119,-0.03608928653868374,1.5939374381714044,-4.632448150783886e-09,-0.0002515968544404542,1784967075.453071,1.0662395507362021,-0.03608837779396234,1.5940081071228005,0.1017911434173584,0,0,1784967075.549739,1.0099560883454795,0.27217910439195037,1.9086217077862344,1784967075.5497751,0.30948837592413675,0.04914297110080033,0.31468426961483,0.30949076275057197,0.049113506126106224,0.3146136006634339,1784967075.5498176,0.18,0.25183707869677974,1784967075.5489385,3593.126953125,nan,nan,54.29764938354492,nan
6.96262001991272,1784967075.5944283,Backstepping,circle,circle_bs_tune_baseline_20260725_151054,1784967075.5854304,1.0662458674509916,-0.036089120257497644,1.5939485269523623,9.601004271898175e-08,-0.00021453359655778862,1784967075.556746,1.066237361120412,-0.036088364971424834,1.594018023581056,0.037682294845581055,0,0,1784967075.590309,1.0084938173527644,0.27631265367950736,1.9130062826763712,1784967075.5903487,0.3136550177692797,0.050504430277833884,0.31905775572400885,0.3136575743033567,0.05047414568985358,0.31898825909531525,1784967075.5903924,0.18,0.2542344376181156,1784967075.5941153,3593.1728515625,nan,nan,45.97431182861328,nan
7.002541542053223,1784967075.6343498,Backstepping,circle,circle_bs_tune_baseline_20260725_151054,1784967075.5854304,1.0662458674509916,-0.036089120257497644,1.5939485269523623,9.601004271898175e-08,-0.00021453359655778862,1784967075.556746,1.066237361120412,-0.036088364971424834,1.594018023581056,0.07760381698608398,0,0,1784967075.6303596,1.007040977587909,0.2803634881259766,1.917309773315104,1784967075.6306715,0.31773840002336984,0.05186310332975954,0.32336124636274177,0.3177410509707824,0.0518325349571981,0.32329174973404823,1784967075.6307375,0.18,0.2564622188632558,1784967075.5941153,3593.1728515625,nan,nan,45.97431182861328,nan
7.042552709579468,1784967075.674361,Backstepping,circle,circle_bs_tune_baseline_20260725_151054,1784967075.635044,1.0662458674320268,-0.036089119444902715,1.5939411591507802,6.753266452123189e-08,-0.0002038665023170845,1784967075.6443613,1.066237361120412,-0.036088364971424834,1.594018023581056,0.029999732971191406,0,0,1784967075.6714787,1.0055574176959434,0.2844443764053198,1.9216519650112711,1784967075.671537,0.3218521460607002,0.05325416386964921,0.32771080586049095,0.3218552866775881,0.05322093823088123,0.3276339414302151,1784967075.671598,0.18,0.25860688940699966,1784967075.647283,3593.226318359375,nan,nan,53.261985778808594,nan
7.082934141159058,1784967075.7147424,Backstepping,circle,circle_bs_tune_baseline_20260725_151054,1784967075.6853468,1.0662447571203686,-0.03608898477138163,1.5939519307046297,1.2194041908093366e-07,-0.00017194323351290463,1784967075.6443613,1.066237361120412,-0.036088364971424834,1.594018023581056,0.07038116455078125,0,0,1784967075.7107196,1.0040598770527809,0.28850874128883425,1.9259834450375162,1784967075.71077,0.32595050799887354,0.05465262489359024,0.33203151433288647,0.32595332807105004,0.05462370215319401,0.33196542145646024,1784967075.7108223,0.18,0.2607428218958039,1784967075.6958025,3593.274658203125,nan,nan,48.346519470214844,nan
7.123226165771484,1784967075.7550344,Backstepping,circle,circle_bs_tune_baseline_20260725_151054,1784967075.7356987,1.066244757096029,-0.0360889837272722,1.593945931258732,8.520440350454746e-08,-0.00016332013236278127,1784967075.6443613,1.066237361120412,-0.036088364971424834,1.594018023581056,0.11067318916320801,0,0,1784967075.751037,1.0025342367313848,0.2925945407799604,1.9303447941433511,1784967075.7510815,0.3300701986202098,0.056085235761700915,0.33639886288461907,0.3300734507566714,0.05605406047451937,0.3363267705622952,1784967075.7511294,0.18,0.2629093124420935,1784967075.7447948,3593.323486328125,nan,nan,48.9460334777832,nan
7.162814617156982,1784967075.794623,Backstepping,circle,circle_bs_tune_baseline_20260725_151054,1784967075.785463,1.0662437730172456,-0.03608887026435793,1.5939579369756585,1.3088024041131598e-07,-0.00013319321456000527,1784967075.7584355,1.066237361120412,-0.036088364971424834,1.594018023581056,0.03618741035461426,0,0,1784967075.7900903,1.0010390361654997,0.2965469528737635,1.9345705736767373,1784967075.7901344,0.334056715858277,0.05748355532379116,0.34061263670107883,0.3340595152084984,0.05745708445055983,0.34055255009568147,1784967075.7901833,0.18,0.2650049165639083,1784967075.7447948,3593.323486328125,nan,nan,48.9460334777832,nan
7.202691316604614,1784967075.8344996,Backstepping,circle,circle_bs_tune_baseline_20260725_151054,1784967075.785463,1.0662437730172456,-0.03608887026435793,1.5939579369756585,1.3088024041131598e-07,-0.00013319321456000527,1784967075.7584355,1.066237361120412,-0.036088364971424834,1.594018023581056,0.0760641098022461,0,0,1784967075.8305886,0.9994729740097597,0.3006334829482626,1.9389469088207805,1784967075.8306293,0.33817841912956537,0.058954555279222165,0.344988971845122,0.33818130685974007,0.058927836744177516,0.34492888523972454,1784967075.8306723,0.18,0.2671886387201398,1784967075.7963512,3593.375244140625,nan,nan,51.701446533203125,nan
7.2428929805755615,1784967075.8747013,Backstepping,circle,circle_bs_tune_baseline_20260725_151054,1784967075.8351965,1.0662437729931038,-0.03608886922852211,1.5939533543131637,9.097012383698989e-08,-0.00012651677224442327,1784967075.8437862,1.066237361120412,-0.036088364971424834,1.594018023581056,0.030915021896362305,0,0,1784967075.870367,0.9979265350860778,0.3046171620487372,1.943220221389445,1784967075.8704174,0.3421965666776578,0.06040988741894222,0.3492668670762813,0.3421998196229695,0.06038135925587047,0.349202197808389,1784967075.870467,0.18,0.2693294744355451,1784967075.8499508,3593.428466796875,nan,nan,53.28043746948242,nan
7.282719612121582,1784967075.914528,Backstepping,circle,circle_bs_tune_baseline_20260725_151054,1784967075.8852453,1.0662429364783543,-0.03608877822907959,1.593963974858728,1.1430668971286977e-07,-0.00010190940894433452,1784967075.8437862,1.066237361120412,-0.036088364971424834,1.594018023581056,0.07074165344238281,0,0,1784967075.9104526,0.9963381357622312,0.30865726348033806,1.9475613573681436,1784967075.9105148,0.3462729113138459,0.06189980070812682,0.35359738250941564,0.34627571380933586,0.061875520750209384,0.3535433337870877,1784967075.910584,0.18,0.27150214097879016,1784967075.8953362,3593.47412109375,nan,nan,45.613773345947266,nan
7.3225438594818115,1784967075.9543521,Backstepping,circle,circle_bs_tune_baseline_20260725_151054,1784967075.9353588,1.0662429364564483,-0.036088777288488166,1.5939604460450252,8.026862147856834e-08,-9.67996515608553e-05,1784967075.8437862,1.066237361120412,-0.036088364971424834,1.594018023581056,0.1105659008026123,0,0,1784967075.9505818,0.9947266961734006,0.3127041988021465,1.9519173248898112,1784967075.9506192,0.3503558658040066,0.06341829460896573,0.357956878844786,0.3503589750293772,0.0633925576173482,0.35789930130875525,1784967075.950662,0.18,0.27369638804340923,1784967075.9468536,3593.525634765625,nan,nan,51.577823638916016,nan
7.36264967918396,1784967075.994458,Backstepping,circle,circle_bs_tune_baseline_20260725_151054,1784967075.9855201,1.0662421809040983,-0.03608869945282196,1.5939716151979046,1.1110165674857117e-07,-7.333038765748473e-05,1784967075.9749143,1.066237361120412,-0.036088364971424834,1.594018023581056,0.01954364776611328,0,0,1784967075.9904659,0.9931165895809313,0.31669738244538137,1.956222901214274,1784967075.9905038,0.3543859014656785,0.06493076720482407,0.36225128601636936,0.3543884681112593,0.0649095099405196,0.36220487763321807,1784967075.9905574,0.18,0.27586334282543323,1784967075.9468536,3593.525634765625,nan,nan,51.577823638916016,nan
7.402832269668579,1784967076.0346406,Backstepping,circle,circle_bs_tune_baseline_20260725_151054,1784967075.9855201,1.0662421809040983,-0.03608869945282196,1.5939716151979046,1.1110165674857117e-07,-7.333038765748473e-05,1784967075.9749143,1.066237361120412,-0.036088364971424834,1.594018023581056,0.05972623825073242,0,0,1784967076.0304346,0.9914917214331194,0.32067771353375507,1.9605221174847207,1784967076.0304766,0.35840281711309574,0.06646296195497248,0.366550502286816,0.3584054548610319,0.06644151827045763,0.3665040939036648,1784967076.0305204,0.18,0.27803945273371183,1784967075.9946635,3593.5732421875,nan,nan,47.623329162597656,nan
7.44254469871521,1784967076.074353,Backstepping,circle,circle_bs_tune_baseline_20260725_151054,1784967076.0360584,1.0662421808802505,-0.03608869842778432,1.5939690184764608,7.791340660672288e-08,-6.970495012364196e-05,1784967076.0441568,1.066237361120412,-0.036088364971424834,1.594018023581056,0.030196189880371094,0,0,1784967076.0705926,0.9898360346242572,0.3246840231512781,1.9648570736538493,1784967076.0706336,0.36244624081148225,0.06802630625633681,0.37088805517738854,0.36244912873312823,0.06800373374107084,0.3708390500727934,1784967076.0706773,0.18,0.2802410712957565,1784967076.0473254,3593.6259765625,nan,nan,52.7186393737793,nan
7.482634544372559,1784967076.1144428,Backstepping,circle,circle_bs_tune_baseline_20260725_151054,1784967076.085637,1.0662415541552983,-0.03608863794041643,1.5939779030088725,8.922194851447955e-08,-5.257321454573506e-05,1784967076.0441568,1.066237361120412,-0.036088364971424834,1.594018023581056,0.07028603553771973,0,0,1784967076.110508,0.988176101491328,0.32865198036586185,1.9691582468639932,1784967076.1105506,0.36645213770195667,0.06958997281033377,0.37518034385512067,0.36645455914052155,0.06957108491872462,0.3751402232829373,1784967076.1105962,0.18,0.28242515613485997,1784967076.0990217,3593.677734375,nan,nan,51.84143829345703,nan
7.52243185043335,1784967076.1542401,Backstepping,circle,circle_bs_tune_baseline_20260725_151054,1784967076.1351435,1.0662415541385268,-0.03608863721938956,1.5939761048246481,6.194468204625028e-08,-4.993033067378915e-05,1784967076.0441568,1.066237361120412,-0.036088364971424834,1.594018023581056,0.11008334159851074,0,0,1784967076.149966,0.9865031933406277,0.3326031905374771,1.973449017394694,1784967076.1500003,0.3704409347340533,0.07117151052770893,0.37947291257004573,0.37044354829499127,0.07115179647573865,0.379430993813638,1784967076.1500382,0.18,0.2846158610717493,1784967076.1459408,3593.724609375,nan,nan,46.8661003112793,nan
7.562671899795532,1784967076.1944802,Backstepping,circle,circle_bs_tune_baseline_20260725_151054,1784967076.1853004,1.066241000945448,-0.03608858676354167,1.5939842858636395,7.540005043629955e-08,-3.5158311813729735e-05,1784967076.1541834,1.066237361120412,-0.036088364971424834,1.594018023581056,0.04029679298400879,0,0,1784967076.19058,0.9847891909956332,0.3366032275131316,1.9778008135449014,1784967076.1906273,0.37448015601570595,0.07278872524911813,0.383816527681262,0.37448230528038984,0.07277245740824252,0.38378278996384546,1784967076.1906772,0.18,0.2868381172163842,1784967076.1459408,3593.724609375,nan,nan,46.8661003112793,nan
7.602981090545654,1784967076.2347894,Backstepping,circle,circle_bs_tune_baseline_20260725_151054,1784967076.1853004,1.066241000945448,-0.03608858676354167,1.5939842858636395,7.540005043629955e-08,-3.5158311813729735e-05,1784967076.1541834,1.066237361120412,-0.036088364971424834,1.594018023581056,0.08060598373413086,0,0,1784967076.2305436,0.9830688653241629,0.34057039621340324,1.9821249292980754,1784967076.2305882,0.37848614549385373,0.07441660614565304,0.3881406434344359,0.3784883496772435,0.07440020315091002,0.38810690571701945,1784967076.2306354,0.18,0.2890568261709753,1784967076.1980643,3593.77685546875,nan,nan,52.2119140625,nan
7.6424760818481445,1784967076.2742844,Backstepping,circle,circle_bs_tune_baseline_20260725_151054,1784967076.235079,1.0662410009312164,-0.0360885861514069,1.5939830737519514,5.247329237194192e-08,-3.3394411252027535e-05,1784967076.2424288,1.0661788542032549,-0.03606210408052462,1.5932948921495336,0.03185558319091797,0,0,1784967076.270884,0.9813267848766505,0.3445405481257243,1.9864604776989543,1784967076.2709386,0.3824955289724593,0.07606663042884478,0.3924774039470029,0.38241521728418754,0.07626830354036584,0.3931655855494207,1784967076.2709942,0.18,0.29128793626995003,1784967076.2472737,3593.826171875,nan,nan,49.16250228881836,nan
7.68266487121582,1784967076.3144732,Backstepping,circle,circle_bs_tune_baseline_20260725_151054,1784967076.2854083,1.066232893674739,-0.03608410434283148,1.5938232276387099,2.2318247053067095e-06,-0.0002242935168692822,1784967076.2424288,1.0661788542032549,-0.03606210408052462,1.5932948921495336,0.07204437255859375,0,0,1784967076.3103142,0.9795836135925062,0.34846704319299954,1.9907565268169962,1784967076.3103507,0.3864442882514883,0.07777207010035356,0.39693329917828635,0.3863799341705344,0.07792270060586082,0.39746163466746265,1784967076.3103905,0.18,0.29357936741629653,1784967076.2952359,3593.8740234375,nan,nan,47.97938919067383,nan
7.723340034484863,1784967076.3551483,Backstepping,circle,circle_bs_tune_baseline_20260725_151054,1784967076.3349657,1.0662328932801557,-0.03608408694457578,1.5938155656764819,1.5615398719692116e-06,-0.00021303420712350869,1784967076.2424288,1.0661788542032549,-0.03606210408052462,1.5932948921495336,0.11271953582763672,0,0,1784967076.349867,0.9778266956530773,0.35237913762901196,1.9950450314175212,1784967076.3499036,0.39039517229390397,0.07944143801946665,0.40122946574103935,0.3903305633240904,0.07959116481381961,0.4017501392679876,1784967076.3499455,0.18,0.29580133199780845,1784967076.3491793,3593.927978515625,nan,nan,53.914188385009766,nan
7.762614965438843,1784967076.3944232,Backstepping,circle,circle_bs_tune_baseline_20260725_151054,1784967076.385869,1.06622548123293,-0.03607961318791281,1.5936781693195798,3.4485131956217796e-06,-0.0003634838833493729,1784967076.3551328,1.0661770735131955,-0.036058263185185,1.5932607740243638,0.039290428161621094,0,0,1784967076.3908553,0.9759987181141568,0.3564024952748843,1.9994641874920451,1784967076.3908958,0.3944437397367362,0.08122321360788406,0.4057860181724653,0.39438737121373113,0.08133992955892465,0.4062034134676813,1784967076.3909426,0.18,0.29815769304264683,1784967076.3491793,3593.927978515625,nan,nan,53.914188385009766,nan
7.802521705627441,1784967076.43433,Backstepping,circle,circle_bs_tune_baseline_20260725_151054,1784967076.385869,1.06622548123293,-0.03607961318791281,1.5936781693195798,3.4485131956217796e-06,-0.0003634838833493729,1784967076.3551328,1.0661770735131955,-0.036058263185185,1.5932607740243638,0.07919716835021973,0,0,1784967076.4303374,0.9742278950061048,0.3602556681067902,2.0037047985684,1784967076.4303837,0.3983364200527239,0.08290541315314331,0.41002662924881994,0.39827934904847434,0.083023753744051,0.41044402454403595,1784967076.4304354,0.18,0.30036241160870986,1784967076.4009717,3593.9794921875,nan,nan,51.407257080078125,nan
7.84347677230835,1784967076.475285,Backstepping,circle,circle_bs_tune_baseline_20260725_151054,1784967076.435442,1.0662254806151872,-0.036079585634372996,1.5936657518868536,2.3900719340501607e-06,-0.0003451068777918814,1784967076.451279,1.066176902616966,-0.036058151540658646,1.5932577050952026,0.024006128311157227,0,0,1784967076.4708552,0.9724036370944036,0.36418070318424006,2.0080330599438274,1784967076.470904,0.40230108778697526,0.0846443848829584,0.41436730805697386,0.4022439957021506,0.08476045115401314,0.4147753548486248,1784967076.4709566,0.18,0.3026248071140497,1784967076.45212,3594.030517578125,nan,nan,51.12236785888672,nan
7.882476091384888,1784967076.5142844,Backstepping,circle,circle_bs_tune_baseline_20260725_151054,1784967076.4855597,1.0662190633498239,-0.03607588302821985,1.5935590982827699,3.5436537700250204e-06,-0.0004443047471152177,1784967076.451279,1.066176902616966,-0.036058151540658646,1.5932577050952026,0.06300544738769531,0,0,1784967076.5108488,0.9705382193981783,0.36814897319078094,2.012417918075236,1784967076.5108826,0.40629791055479103,0.08645557335060615,0.4188588197924661,0.4062531610573297,0.08653627298658348,0.41916021298003336,1784967076.5109215,0.18,0.30496616810902094,1784967076.498275,3594.076904296875,nan,nan,46.451141357421875,nan
7.922494411468506,1784967076.5543027,Backstepping,circle,circle_bs_tune_baseline_20260725_151054,1784967076.5353174,1.066219062668925,-0.03607585260515563,1.5935438352062523,2.48217543269962e-06,-0.00042198046837452327,1784967076.451279,1.066176902616966,-0.036058151540658646,1.5932577050952026,0.10302376747131348,0,0,1784967076.5507495,0.9687030310367838,0.3720094343818332,2.016692389358195,1784967076.550808,0.4101977652992588,0.08820867998121285,0.4231485541519426,0.4101538658559458,0.08828429444053423,0.42343468426299236,1784967076.550878,0.18,0.3072133474929665,1784967076.5540814,3594.133056640625,nan,nan,56.0605354309082,nan
7.9631664752960205,1784967076.5949748,Backstepping,circle,circle_bs_tune_baseline_20260725_151054,1784967076.5857959,1.0662134354523956,-0.03607275386645794,1.5934632713492625,3.3724403981255725e-06,-0.00048273798187138195,1784967076.560616,1.066176902616966,-0.036058151540658646,1.5932577050952026,0.03435873985290527,0,0,1784967076.5904253,0.9668360528789909,0.37589368479141255,2.0210020340572914,1784967076.5904808,0.41411299972674354,0.09001463328208288,0.42753876270802893,0.41407906785495396,0.0900635633783218,0.4277443289620888,1784967076.5905328,0.18,0.30951387654301804,1784967076.5540814,3594.133056640625,nan,nan,56.0605354309082,nan
8.002633094787598,1784967076.6344414,Backstepping,circle,circle_bs_tune_baseline_20260725_151054,1784967076.5857959,1.0662134354523956,-0.03607275386645794,1.5934632713492625,3.3724403981255725e-06,-0.00048273798187138195,1784967076.560616,1.066176902616966,-0.036058151540658646,1.5932577050952026,0.07382535934448242,0,0,1784967076.6303494,0.9649541837080838,0.37976610527003524,2.0253075073849285,1784967076.6304,0.41802707801329636,0.09180825060648702,0.431844236035666,0.4179927773516152,0.09185798526723488,0.4320498022897259,1784967076.6304526,0.18,0.311780358353335,1784967076.5966923,3594.175537109375,nan,nan,42.46339416503906,nan
8.04274296760559,1784967076.6745512,Backstepping,circle,circle_bs_tune_baseline_20260725_151054,1784967076.636078,1.0662134347571242,-0.036072722804543635,1.5934464109462048,2.3758482198161026e-06,-0.00045867825616686963,1784967076.6506383,1.066176902616966,-0.036058151540658646,1.5932577050952026,0.023912906646728516,0,0,1784967076.6706102,0.9630324396505104,0.3836773903410702,2.0296654060970867,1784967076.6706505,0.42197930472083706,0.09364796647159856,0.43621899515088197,0.42194623720685,0.09369139910561573,0.4364077010018841,1784967076.6706944,0.18,0.3140888553258337,1784967076.648266,3594.22705078125,nan,nan,51.440452575683594,nan
8.082492351531982,1784967076.7143006,Backstepping,circle,circle_bs_tune_baseline_20260725_151054,1784967076.6855323,1.0662086264184982,-0.036070209320422326,1.5933876611810338,2.9313723561946063e-06,-0.0004885697827729549,1784967076.6506383,1.066176902616966,-0.036058151540658646,1.5932577050952026,0.06366229057312012,0,0,1784967076.710319,0.9611261471575212,0.38751523276248523,2.033950614799174,1784967076.7103612,0.4258511058706218,0.09548711861279692,0.44056295361814035,0.4258259259038355,0.09551101476144062,0.44069290970397157,1784967076.7104082,0.18,0.3163823678406014,1784967076.6986074,3594.277587890625,nan,nan,50.559757232666016,nan
8.122735261917114,1784967076.7545435,Backstepping,circle,circle_bs_tune_baseline_20260725_151054,1784967076.735151,1.0662086258606274,-0.036070184387874446,1.5933709055169964,2.045847033056309e-06,-0.00046408347004309186,1784967076.6506383,1.066176902616966,-0.036058151540658646,1.5932577050952026,0.10390520095825195,0,0,1784967076.7502198,0.9591926355483237,0.39136624885412874,2.0382597702633465,1784967076.750263,0.42974316029689935,0.09734034530040467,0.44488886474635003,0.4297193962755011,0.09735754679364607,0.4450020651681439,1784967076.7503083,0.18,0.3186759446679518,1784967076.7505245,3594.329345703125,nan,nan,51.7790412902832,nan
8.162557601928711,1784967076.794366,Backstepping,circle,circle_bs_tune_baseline_20260725_151054,1784967076.7856991,1.0662044137636988,-0.036068085386300255,1.5933296449311927,2.537753513187903e-06,-0.00047172297316368196,1784967076.7575507,1.066176902616966,-0.036058151540658646,1.5932577050952026,0.03681516647338867,0,0,1784967076.7898748,0.9572448409226457,0.39520440186140127,2.042563878883036,1784967076.7899075,0.43361801543665546,0.09921473408370382,0.44923423395184336,0.4336003275967204,0.09921864713780654,0.44930617378783344,1784967076.789944,0.18,0.32098151561116495,1784967076.7505245,3594.329345703125,nan,nan,51.7790412902832,nan
8.203089237213135,1784967076.8348975,Backstepping,circle,circle_bs_tune_baseline_20260725_151054,1784967076.7856991,1.0662044137636988,-0.036068085386300255,1.5933296449311927,2.537753513187903e-06,-0.00047172297316368196,1784967076.7575507,1.066176902616966,-0.036058151540658646,1.5932577050952026,0.0773468017578125,0,0,1784967076.830277,0.955266501389538,0.3990613698873715,2.0468986290585125,1784967076.8303218,0.437518579097191,0.10110566845372403,0.45356898412731983,0.4375007552136542,0.10110986210884339,0.4536409239633099,1784967076.8303702,0.18,0.3232904663826978,1784967076.7981303,3594.376953125,nan,nan,47.60963439941406,nan
8.243374586105347,1784967076.8751829,Backstepping,circle,circle_bs_tune_baseline_20260725_151054,1784967076.8350677,1.0662044132950745,-0.036068064451841006,1.5933135562121366,1.775272923232419e-06,-0.00044814725690753466,1784967076.84522,1.066176902616966,-0.036058151540658646,1.5932577050952026,0.029962778091430664,0,0,1784967076.8707573,0.9532519797136406,0.40294710529817473,2.0512755306850994,1784967076.8708003,0.4414470394224913,0.10303922994530193,0.4579619744729629,0.4414307555914211,0.10303660399508101,0.4580178255898968,1784967076.870846,0.18,0.3256358131613805,1784967076.84847,3594.42724609375,nan,nan,50.28144454956055,nan
8.282500743865967,1784967076.914309,Backstepping,circle,circle_bs_tune_baseline_20260725_151054,1784967076.885028,1.0662008094433164,-0.03606635911307067,1.5932856261146875,2.087621094411106e-06,-0.0004408584765910725,1784967076.84522,1.066176902616966,-0.036058151540658646,1.5932577050952026,0.06908893585205078,0,0,1784967076.9102733,0.9512777330367103,0.40671526977041295,2.055529557098063,1784967076.9103162,0.44525398269046956,0.10493700617868168,0.46224393098337574,0.44524231013151655,0.10492572162484534,0.4622718520028606,1784967076.9103644,0.18,0.32792388744284373,1784967076.8986619,3594.477294921875,nan,nan,50.19975280761719,nan
8.322506666183472,1784967076.954315,Backstepping,circle,circle_bs_tune_baseline_20260725_151054,1784967076.9354596,1.0662008090212503,-0.03606634027773246,1.593270167702807,1.4555683457623885e-06,-0.0004187067558682155,1784967076.84522,1.066176902616966,-0.036058151540658646,1.5932577050952026,0.10909485816955566,0,0,1784967076.9502084,0.9492564361183636,0.41053333001720443,2.0598496559750163,1784967076.9502532,0.4491148602060699,0.10687887631930856,0.4665794882722094,0.4491048045845592,0.10686075699415044,0.46659195087981375,1784967076.950303,0.18,0.33024895940502397,1784967076.8986619,3594.477294921875,nan,nan,50.19975280761719,nan
8.36310887336731,1784967076.9949172,Backstepping,circle,circle_bs_tune_baseline_20260725_151054,1784967076.9857447,1.0661975718022259,-0.03606487596434964,1.5932556336789832,1.7880586517247687e-06,-0.0003966372521310103,1784967076.9738746,1.066176902616966,-0.036058151540658646,1.5932577050952026,0.021042585372924805,0,0,1784967076.9900885,0.9472134686707836,0.41435228341358527,2.0641807240139567,1784967076.9901502,0.45297564016809155,0.10883888861243182,0.47092509033497354,0.4529686786709251,0.10881743736669737,0.4709230189187541,1784967076.990196,0.18,0.33258174226075227,1784967076.9742355,3594.552978515625,nan,nan,75.58158874511719,nan
8.402714729309082,1784967077.034523,Backstepping,circle,circle_bs_tune_baseline_20260725_151054,1784967076.9857447,1.0661975718022259,-0.03606487596434964,1.5932556336789832,1.7880586517247687e-06,-0.0003966372521310103,1784967076.9738746,1.066176902616966,-0.036058151540658646,1.5932577050952026,0.060648441314697266,0,0,1784967077.0304606,0.9451526526231355,0.41816479630793746,2.068514572967204,1784967077.0305061,0.45683347215709963,0.11081356572437487,0.4752589392882207,0.4568265147503031,0.11079210648746042,0.4752568678720013,1784967077.030554,0.18,0.33491615339291103,1784967077.0009778,3594.579833984375,nan,nan,26.780916213989258,nan
8.442562341690063,1784967077.0743706,Backstepping,circle,circle_bs_tune_baseline_20260725_151054,1784967077.0352619,1.0661975713663838,-0.036064856529954024,1.5932419454431987,1.2753437907577458e-06,-0.0003769284914559822,1784967077.043225,1.066176902616966,-0.036058151540658646,1.5932577050952026,0.031145572662353516,0,0,1784967077.0706313,0.943069323338524,0.42197928938557483,2.072860910285624,1784967077.0706763,0.4606922257571984,0.11281701200073942,0.4796189648424254,0.4606868361492857,0.11278923869240348,0.47960320519042154,1784967077.070726,0.18,0.3372697570561248,1784967077.0493767,3594.628173828125,nan,nan,48.46708679199219,nan
8.482471942901611,1784967077.1142802,Backstepping,circle,circle_bs_tune_baseline_20260725_151054,1784967077.0852077,1.0661948869028204,-0.036063710195272235,1.5932325377945724,1.435761925900014e-06,-0.00035369080940599826,1784967077.043225,1.066176902616966,-0.036058151540658646,1.5932577050952026,0.07105517387390137,0,0,1784967077.1107857,0.9409677611199575,0.4257877089461316,2.0772106979977214,1784967077.1108217,0.46454456631417174,0.11483428191417268,0.483978160203149,0.4645414950656007,0.11480473564020822,0.4839529929025188,1784967077.110862,0.18,0.33962562644151845,1784967077.0993211,3594.677978515625,nan,nan,49.875980377197266,nan
8.52363634109497,1784967077.1554446,Backstepping,circle,circle_bs_tune_baseline_20260725_151054,1784967077.1354094,1.0661948865837778,-0.036063695964401454,1.5932201654960896,1.007818958568469e-06,-0.00033599100464636457,1784967077.043225,1.066176902616966,-0.036058151540658646,1.5932577050952026,0.11221957206726074,0,0,1784967077.1501794,0.9389039871997593,0.4294899759428817,2.0814493263851723,1784967077.1502244,0.46829074136845805,0.11682027238851327,0.48822916088908275,0.46828917948878807,0.11678483795400775,0.48819162128996973,1784967077.150268,0.18,0.3419301546137436,1784967077.1517894,3594.73046875,nan,nan,52.4449348449707,nan
8.563101053237915,1784967077.1949093,Backstepping,circle,circle_bs_tune_baseline_20260725_151054,1784967077.1858284,1.0661928091735648,-0.03606270744561806,1.5932205578854721,1.2202856358392378e-06,-0.00030398183340458275,1784967077.1577342,1.0661792233566614,-0.03605802595180605,1.593267269454083,0.03717517852783203,0,0,1784967077.190361,0.936770162388131,0.43327955630900794,2.08579836737028,1784967077.1904051,0.47212622534553544,0.11886635095030357,0.49257780948480784,0.4721267916918201,0.11883081986577358,0.492531097916197,1784967077.190453,0.18,0.34429070171363746,1784967077.1517894,3594.73046875,nan,nan,52.4449348449707,nan
8.603565692901611,1784967077.235374,Backstepping,circle,circle_bs_tune_baseline_20260725_151054,1784967077.1858284,1.0661928091735648,-0.03606270744561806,1.5932205578854721,1.2202856358392378e-06,-0.00030398183340458275,1784967077.1577342,1.0661792233566614,-0.03605802595180605,1.593267269454083,0.07763981819152832,0,0,1784967077.23035,0.9346391224428443,0.4370261553480973,2.0901086300503335,1784967077.2303948,0.475919665370049,0.12091284756367286,0.4968880721648614,0.4759203273072619,0.12087713927937624,0.49684136059625056,1784967077.2304425,0.18,0.3466370600708373,1784967077.2034116,3594.7822265625,nan,nan,51.69288635253906,nan
8.642510414123535,1784967077.2743187,Backstepping,circle,circle_bs_tune_baseline_20260725_151054,1784967077.2354834,1.0661928089235162,-0.036062696294553866,1.5932100940275262,8.482608218151469e-07,-0.00028868156604969745,1784967077.2445037,1.0662454070979461,-0.03608216385109721,1.5939548589573536,0.029814958572387695,0,0,1784967077.2714577,0.932453724714266,0.44082973901774947,2.0944953421246133,1784967077.2715056,0.4797699961632931,0.1230174308165396,0.5012852480970871,0.47988216248891147,0.12271221413537338,0.5005404831672597,1784967077.2715592,0.18,0.34903565136606984,1784967077.2534325,3594.832275390625,nan,nan,50.03654479980469,nan
8.682762861251831,1784967077.3145711,Backstepping,circle,circle_bs_tune_baseline_20260725_151054,1784967077.2852387,1.0661996727681209,-0.03606598459944819,1.5933717309568383,-1.0049547350442068e-06,-6.5800992366664e-05,1784967077.2445037,1.0662454070979461,-0.03608216385109721,1.5939548589573536,0.0700674057006836,0,0,1784967077.3100214,0.9303302779753128,0.44448890993869644,2.0987260140072426,1784967077.3101752,0.4834994885744501,0.12498697393799271,0.5053542830504043,0.4835895237288734,0.12475035802585381,0.504771155049889,1784967077.3102262,0.18,0.3512657086958967,1784967077.3005002,3594.87939453125,nan,nan,47.0491828918457,nan
8.723322629928589,1784967077.355131,Backstepping,circle,circle_bs_tune_baseline_20260725_151054,1784967077.3352306,1.066199672976966,-0.03606599373189988,1.5933694531906184,-7.039120208267469e-07,-6.249107775985793e-05,1784967077.2445037,1.0662454070979461,-0.03608216385109721,1.5939548589573536,0.1106271743774414,0,0,1784967077.3506782,0.9281143280820131,0.44826988163354764,2.1031085032116494,1784967077.3507223,0.48732923813225615,0.12711811948816418,0.509739050021031,0.4874207951280429,0.12687815979124148,0.5091536442542959,1784967077.3507695,0.18,0.35366694654285735,1784967077.3005002,3594.87939453125,nan,nan,47.0491828918457,nan
8.763389825820923,1784967077.395198,Backstepping,circle,circle_bs_tune_baseline_20260725_151054,1784967077.385443,1.066205945931815,-0.036068226229926385,1.593511374472273,-1.6703811240446724e-06,0.00011950812089670294,1784967077.3564851,1.0662469921273168,-0.036078815331934216,1.5939833231409795,0.03871297836303711,0,0,1784967077.3903282,0.9259224687063804,0.4519727919739437,2.1074115046154582,1784967077.3903692,0.4911013873797743,0.1291623658253055,0.5139001301431851,0.4911738285995386,0.12897136645796545,0.5134281814744788,1784967077.390415,0.18,0.3559556847976611,1784967077.355685,3594.9345703125,nan,nan,55.37310028076172,nan
8.802396059036255,1784967077.4342043,Backstepping,circle,circle_bs_tune_baseline_20260725_151054,1784967077.385443,1.066205945931815,-0.036068226229926385,1.593511374472273,-1.6703811240446724e-06,0.00011950812089670294,1784967077.3564851,1.0662469921273168,-0.036078815331934216,1.5939833231409795,0.07771921157836914,0,0,1784967077.4305387,0.9237143115361636,0.4556668766096167,2.1117152527462566,1784967077.4305894,0.4948446731138489,0.13128604925203585,0.5182038782739835,0.49491811618626064,0.1310932830095327,0.5177319296052771,1784967077.4306374,0.18,0.35832167262086617,1784967077.4001694,3594.978759765625,nan,nan,44.190643310546875,nan
8.84297227859497,1784967077.4747806,Backstepping,circle,circle_bs_tune_baseline_20260725_151054,1784967077.4349854,1.066205946285084,-0.03606824150319272,1.5935154705972063,-1.172548813884422e-06,0.00011351775618791097,1784967077.451303,1.0662469921273168,-0.036078815331934216,1.5939833231409795,0.023477554321289062,0,0,1784967077.4702551,0.9214890746147233,0.4593534051384792,2.1160213183056436,1784967077.470299,0.4985813544311504,0.13342493740227424,0.5225058477084372,0.4986552456899453,0.13323244990889987,0.5220379951646641,1784967077.4703467,0.18,0.3606912291846963,1784967077.457459,3595.0361328125,nan,nan,57.30528259277344,nan
8.882477045059204,1784967077.5142853,Backstepping,circle,circle_bs_tune_baseline_20260725_151054,1784967077.4856505,1.066211351999751,-0.03607007682217273,1.5936281938477455,-1.7434128463962265e-06,0.00024128253518219497,1784967077.451303,1.0662469921273168,-0.036078815331934216,1.5939833231409795,0.06298232078552246,0,0,1784967077.5103166,0.9192338896155827,0.46305332944225364,2.120354369033488,1784967077.5103562,0.5023487951904423,0.1355442256261928,0.5267261751857426,0.5024064617114191,0.1354012462557814,0.5263710458925087,1784967077.5103996,0.18,0.3630249626070661,1784967077.5008724,3595.07958984375,nan,nan,43.467132568359375,nan
8.922643899917603,1784967077.5544522,Backstepping,circle,circle_bs_tune_baseline_20260725_151054,1784967077.5354893,1.0662113523743402,-0.03607009297106086,1.5936365169140294,-1.224250129091143e-06,0.000229170300744311,1784967077.451303,1.0662469921273168,-0.036078815331934216,1.5939833231409795,0.1031491756439209,0,0,1784967077.5510108,0.9169320015087354,0.466793070118134,2.1247457674633585,1784967077.5510495,0.5061412757157556,0.13775592329825265,0.5311092505493291,0.5061985662098606,0.137615810016927,0.5307624443223791,1784967077.551094,0.18,0.36544827676870467,1784967077.5507348,3595.127685546875,nan,nan,48.06425094604492,nan
8.962422609329224,1784967077.594231,Backstepping,circle,circle_bs_tune_baseline_20260725_151054,1784967077.5855622,1.066216112599462,-0.03607163264502293,1.5937251954131988,-1.7262346417120886e-06,0.0003190143841714033,1784967077.5633242,1.0662469921273168,-0.036078815331934216,1.5939833231409795,0.03090667724609375,0,0,1784967077.5902448,0.9146870410406448,0.4704052557403786,2.128998738158854,1784967077.5902822,0.5098178441550855,0.13987731687838667,0.5352735427456554,0.5098618300795987,0.13977641879537606,0.5350154150178748,1784967077.590325,0.18,0.36775907066519326,1784967077.5507348,3595.127685546875,nan,nan,48.06425094604492,nan
9.002812385559082,1784967077.6346207,Backstepping,circle,circle_bs_tune_baseline_20260725_151054,1784967077.5855622,1.066216112599462,-0.03607163264502293,1.5937251954131988,-1.7262346417120886e-06,0.0003190143841714033,1784967077.5633242,1.0662469921273168,-0.036078815331934216,1.5939833231409795,0.07129645347595215,0,0,1784967077.6309907,0.9123542575868471,0.47412282406804424,2.1333876131664837,1784967077.6310303,0.5135879187000671,0.14212425498132963,0.5396624177532849,0.513632484496001,0.14202238366269732,0.5394042900255043,1784967077.6310725,0.18,0.37019449448173986,1784967077.6022122,3595.180908203125,nan,nan,53.2325325012207,nan
9.042771577835083,1784967077.6745799,Backstepping,circle,circle_bs_tune_baseline_20260725_151054,1784967077.6356995,1.0662161129737497,-0.03607164875524148,1.593736340021709,-1.201840443897381e-06,0.00030304077489772186,1784967077.6448834,1.0662497841090277,-0.036078935181361814,1.5939799425101568,0.02969646453857422,0,0,1784967077.6703818,0.9100905261564902,0.4776960548176912,2.1376175640713297,1784967077.6704292,0.5172137347712339,0.14429970428808994,0.5438812240496207,0.5172569362084287,0.14420719863128803,0.5436376215611729,1784967077.6704805,0.18,0.3725397910369996,1784967077.6508765,3595.229736328125,nan,nan,48.78390884399414,nan
9.083357095718384,1784967077.7151654,Backstepping,circle,circle_bs_tune_baseline_20260725_151054,1784967077.6855118,1.0662205031055816,-0.03607290659867883,1.5938027172848581,-1.4690964168997247e-06,0.0003557323797117868,1784967077.6448834,1.0662497841090277,-0.036078935181361814,1.5939799425101568,0.070281982421875,0,0,1784967077.7105806,0.9077375659062064,0.481375053746102,2.1419846552502237,1784967077.7106214,0.5209568240363909,0.1465374373265476,0.5481819379653656,0.5209894917266475,0.1464742417182357,0.5480047127400669,1784967077.7106664,0.18,0.37493872736848755,1784967077.7026696,3595.281494140625,nan,nan,51.680355072021484,nan
9.122926950454712,1784967077.7547352,Backstepping,circle,circle_bs_tune_baseline_20260725_151054,1784967077.7354295,1.0662205034094512,-0.03607291968592684,1.5938150122164036,-1.0220831905373722e-06,0.0003378018098617425,1784967077.6448834,1.0662497841090277,-0.036078935181361814,1.5939799425101568,0.10985183715820312,0,0,1784967077.7507455,0.9053987633305469,0.4849971915685809,2.1462962568890176,1784967077.7507918,0.5246336484142556,0.14878584568546466,0.552481244672614,0.5246648732224186,0.14872844906306606,0.5523163143788608,1784967077.7508378,0.18,0.3773372445846332,1784967077.7026696,3595.281494140625,nan,nan,51.680355072021484,nan
9.162575483322144,1784967077.7943838,Backstepping,circle,circle_bs_tune_baseline_20260725_151054,1784967077.7859337,1.0662243894699501,-0.036073981743769905,1.5938643857124037,-1.2871901347705913e-06,0.00036736651504531894,1784967077.7578979,1.0662497841090277,-0.036078935181361814,1.5939799425101568,0.036485910415649414,0,0,1784967077.79032,0.9030453105028624,0.4886077685280355,2.150606133330973,1784967077.7903616,0.5283060463813135,0.15103334809828475,0.5567417476185694,0.5283290365772813,0.15099757072158568,0.5566261908208163,1784967077.790408,0.18,0.3797216675525082,1784967077.7551339,3595.333251953125,nan,nan,51.934852600097656,nan
9.202469110488892,1784967077.8342774,Backstepping,circle,circle_bs_tune_baseline_20260725_151054,1784967077.7859337,1.0662243894699501,-0.036073981743769905,1.5938643857124037,-1.2871901347705913e-06,0.00036736651504531894,1784967077.7578979,1.0662497841090277,-0.036078935181361814,1.5939799425101568,0.07637953758239746,0,0,1784967077.8307798,0.9006655548390162,0.49222445057917624,2.1549355276714883,1784967077.8308322,0.5319766576682333,0.1533290481786499,0.5610711419590846,0.5319999131234427,0.15329284662253798,0.5609555851613315,1784967077.8308837,0.18,0.3821453357186152,1784967077.808072,3595.386962890625,nan,nan,53.532447814941406,nan
9.242661714553833,1784967077.87447,Backstepping,circle,circle_bs_tune_baseline_20260725_151054,1784967077.8356423,1.0662243897550143,-0.0360739940301441,1.593877061989544,-8.905694684154065e-07,0.0003487339824595353,1784967077.846151,1.0662497841090277,-0.036078935181361814,1.5939799425101568,0.02831888198852539,0,0,1784967077.8712242,0.8982388889221286,0.4958776575190938,2.1593212612759194,1784967077.871272,0.5356868517316691,0.15566401304685046,0.5654441992863755,0.5357083921949811,0.1556341734673011,0.5653413187657625,1784967077.8713202,0.18,0.38459766736100715,1784967077.8506851,3595.429443359375,nan,nan,42.705753326416016,nan
9.282588243484497,1784967077.9143965,Backstepping,circle,circle_bs_tune_baseline_20260725_151054,1784967077.8858404,1.066227710686623,-0.03607485454982877,1.5939127211622834,-1.0614835704243633e-06,0.00035988775374153813,1784967077.846151,1.0662497841090277,-0.036078935181361814,1.5939799425101568,0.06824541091918945,0,0,1784967077.910359,0.8958785007876272,0.49939805549310146,2.1635597351681315,1784967077.9103923,0.5392673555179462,0.1579265967965405,0.569647014005848,0.5392825615690989,0.15791231905659311,0.5695797926579746,1784967077.910431,0.18,0.3869614072089383,1784967077.9053535,3595.48388671875,nan,nan,54.413299560546875,nan
9.322603940963745,1784967077.9544122,Backstepping,circle,circle_bs_tune_baseline_20260725_151054,1784967077.935426,1.0662277109109404,-0.03607486421961432,1.5939250341224251,-7.369809464446315e-07,0.00034165792595497013,1784967077.846151,1.0662497841090277,-0.036078935181361814,1.5939799425101568,0.1082611083984375,0,0,1784967077.9511142,0.893429034071348,0.5030175293053808,2.1679301479946695,1784967077.951175,0.5429444634013226,0.16028506211082783,0.5740051138722444,0.5429578451356543,0.16027722255934831,0.5739502054845127,1784967077.9512382,0.18,0.38941349602186687,1784967077.951334,3595.52978515625,nan,nan,45.882816314697266,nan
9.362499475479126,1784967077.9943078,Backstepping,circle,circle_bs_tune_baseline_20260725_151054,1784967077.9854317,1.0662306978280371,-0.03607559929374942,1.5939474686029125,-9.680822992812634e-07,0.00033810786374392754,1784967077.9744487,1.0662497841090277,-0.036078935181361814,1.5939799425101568,0.01985907554626465,0,0,1784967077.990025,0.8910359213246015,0.5065211286217052,2.172173050750407,1784967077.9900634,0.5465069219786617,0.1625872168654585,0.5782255821474944,0.5465159789732326,0.16258847338560437,0.57819310824025,1784967077.9901066,0.18,0.3917946601205656,1784967077.951334,3595.52978515625,nan,nan,45.882816314697266,nan
9.40259313583374,1784967078.0344014,Backstepping,circle,circle_bs_tune_baseline_20260725_151054,1784967077.9854317,1.0662306978280371,-0.03607559929374942,1.5939474686029125,-9.680822992812634e-07,0.00033810786374392754,1784967077.9744487,1.0662497841090277,-0.036078935181361814,1.5939799425101568,0.059952735900878906,0,0,1784967078.0300648,0.8885883413765368,0.5100717630018361,2.17648555361143,1784967078.0301075,0.550113264083833,0.1649519470242724,0.5825380850085176,0.5501223978685302,0.16495308643115242,0.5825056111012732,1784967078.0301554,0.18,0.3942289639131752,1784967078.0003276,3595.5791015625,nan,nan,49.25716781616211,nan
9.443310499191284,1784967078.0751188,Backstepping,circle,circle_bs_tune_baseline_20260725_151054,1784967078.0354137,1.0662306980501237,-0.03607560886499133,1.5939592938414833,-6.786008268755469e-07,0.0003213422940237117,1784967078.044074,1.0662491588535055,-0.03607893862265484,1.5939772771914074,0.031044721603393555,0,0,1784967078.0715396,0.8860765845847233,0.5136817499502042,2.1808833893429362,1784967078.07159,0.5537824173238656,0.16737291427498086,0.586924095501453,0.5537891839237165,0.16738133404847783,0.5869061121515289,1784967078.071648,0.18,0.39670876073183964,1784967078.0506203,3595.62939453125,nan,nan,50.36597442626953,nan
9.4826340675354,1784967078.1144423,Backstepping,circle,circle_bs_tune_baseline_20260725_151054,1784967078.0855358,1.0662330954569184,-0.036076185091002584,1.5939745104203895,-7.623339116252074e-07,0.0003101494099613632,1784967078.044074,1.0662491588535055,-0.03607893862265484,1.5939772771914074,0.07036828994750977,0,0,1784967078.1103642,0.8836274708465836,0.5171693965883521,2.185145063270243,1784967078.1104095,0.5573290665110994,0.16973449681465685,0.5911705528498536,0.5573326612487756,0.1697489500692297,0.5911677860788358,1784967078.1104732,0.18,0.3991155655109069,1784967078.100896,3595.6796875,nan,nan,50.25810241699219,nan
9.522709846496582,1784967078.1545181,Backstepping,circle,circle_bs_tune_baseline_20260725_151054,1784967078.1351316,1.0662330956120132,-0.036076191774434815,1.5939851636355236,-5.313849407169421e-07,0.00029460078715696353,1784967078.044074,1.0662491588535055,-0.03607893862265484,1.5939772771914074,0.1104440689086914,0,0,1784967078.1504529,0.8811145809243864,0.5207153154467216,2.1894911173473917,1784967078.1504912,0.560934112696618,0.1721585554278904,0.5955059537118681,0.560935873398439,0.1721789744550616,0.5955138401559843,1784967078.1505327,0.18,0.4015744353820071,1784967078.100896,3595.6796875,nan,nan,50.25810241699219,nan
9.562973737716675,1784967078.194782,Backstepping,circle,circle_bs_tune_baseline_20260725_151054,1784967078.1858764,1.0662352194935647,-0.03607667777264957,1.5939928048157983,-6.331606426319106e-07,0.000276278488546738,1784967078.1563005,1.0662491588535055,-0.03607893862265484,1.5939772771914074,0.03848147392272949,0,0,1784967078.190273,0.8786099524763591,0.5242173650934812,2.1937966421734414,1784967078.1903138,0.5644951641565975,0.174579107966467,0.5998038373576431,0.564495036630995,0.1746017564252477,0.599819364982034,1784967078.19036,0.18,0.40401765195412503,1784967078.1551883,3595.734130859375,nan,nan,54.36529541015625,nan
9.602617979049683,1784967078.2344263,Backstepping,circle,circle_bs_tune_baseline_20260725_151054,1784967078.1858764,1.0662352194935647,-0.03607667777264957,1.5939928048157983,-6.331606426319106e-07,0.000276278488546738,1784967078.1563005,1.0662491588535055,-0.03607893862265484,1.5939772771914074,0.0781257152557373,0,0,1784967078.230608,0.8760678546237483,0.5277395140424461,2.1981403530727945,1784967078.2306528,0.5680753279840149,0.17703882780413047,0.6041475482569962,0.5680751622643752,0.17706153185405377,0.6041630758813873,1784967078.2307017,0.18,0.4064887805335787,1784967078.2101185,3595.788818359375,nan,nan,54.812705993652344,nan
9.642783403396606,1784967078.2745917,Backstepping,circle,circle_bs_tune_baseline_20260725_151054,1784967078.235754,1.0662352196377067,-0.03607668398393206,1.5940023875937166,-4.3609468428717184e-07,0.0002622209974682858,1784967078.2427163,1.0662209190469827,-0.03606424160989859,1.593947536088191,0.0318753719329834,0,0,1784967078.2702732,0.8735511837494038,0.5311949570341521,2.202415133346232,1784967078.2703173,0.5715899400890364,0.1794691972973825,0.6084127457525155,0.5715673249873515,0.17948654086792395,0.6084675972580411,1784967078.270365,0.18,0.408918867778344,1784967078.251556,3595.830322265625,nan,nan,41.437591552734375,nan
9.682448148727417,1784967078.3142564,Backstepping,circle,circle_bs_tune_baseline_20260725_151054,1784967078.2854779,1.0662333503846506,-0.03607460023048909,1.5939987685041819,6.626118607874737e-07,0.0002337915648763952,1784967078.2427163,1.0662209190469827,-0.03606424160989859,1.593947536088191,0.07154011726379395,0,0,1784967078.3103347,0.8709868389498231,0.5346842115542717,2.2067453516613567,1784967078.31038,0.575134973068988,0.18195214813339436,0.6127465831571748,0.5751150068465455,0.1819694252356016,0.6127978155731657,1784967078.3104284,0.18,0.41139008308329467,1784967078.301053,3595.8798828125,nan,nan,49.43035125732422,nan
9.72273588180542,1784967078.3545442,Backstepping,circle,circle_bs_tune_baseline_20260725_151054,1784967078.3353093,1.0662333502440995,-0.0360745941860019,1.5940068163753043,4.6437327397501516e-07,0.00022202358676250164,1784967078.2427163,1.0662209190469827,-0.03606424160989859,1.593947536088191,0.11182785034179688,0,0,1784967078.3510458,0.8683646266164413,0.5382197526564277,2.211147178519877,1784967078.3510911,0.5787318774986198,0.18448697128018035,0.6171403621445728,0.5787103024677378,0.18450909013527045,0.6171996424316861,1784967078.351134,0.18,0.4139008039360378,1784967078.3525798,3595.93115234375,nan,nan,51.3003044128418,nan
9.763230562210083,1784967078.3950388,Backstepping,circle,circle_bs_tune_baseline_20260725_151054,1784967078.3859594,1.0662315549094155,-0.03607293067089088,1.593995532212334,1.1806420752310704e-06,0.00018711341352733651,1784967078.3571422,1.0662198719547051,-0.03606495129924792,1.5939287322691265,0.03789663314819336,0,0,1784967078.3905559,0.8658088266194996,0.5416347196823782,2.215412637580546,1784967078.3906019,0.5822014262715443,0.1869676403532123,0.6214171053682118,0.582180688077269,0.1869950356948186,0.6214839053114194,1784967078.3906498,0.18,0.4163466151919178,1784967078.3525798,3595.93115234375,nan,nan,51.3003044128418,nan
9.80251955986023,1784967078.4343278,Backstepping,circle,circle_bs_tune_baseline_20260725_151054,1784967078.3859594,1.0662315549094155,-0.03607293067089088,1.593995532212334,1.1806420752310704e-06,0.00018711341352733651,1784967078.3571422,1.0662198719547051,-0.03606495129924792,1.5939287322691265,0.07718563079833984,0,0,1784967078.4304113,0.8632137111058942,0.5450714148818024,2.2197190893780316,1784967078.4304569,0.5856973959100279,0.18948233610210555,0.6257235571656976,0.5856764897264196,0.1895099649686744,0.6257903571089052,1784967078.4304998,0.18,0.41881444931789474,1784967078.4081185,3595.98681640625,nan,nan,55.73015213012695,nan
9.842867851257324,1784967078.4746761,Backstepping,circle,circle_bs_tune_baseline_20260725_151054,1784967078.434955,1.0662315546659276,-0.036072920169478835,1.5940018426633182,8.152422796080089e-07,0.00017760997004182368,1784967078.450336,1.066219437882654,-0.03606084034735923,1.5939273594748955,0.024340152740478516,0,0,1784967078.4702375,0.860614210680799,0.5484833248821935,2.224008443702372,1784967078.4702845,0.5891698898394376,0.19199827260419425,0.6300066010390539,0.5891432307222946,0.19203032117542881,0.6300810842274767,1784967078.4703386,0.18,0.42127227422296687,1784967078.4521198,3596.031005859375,nan,nan,44.186153411865234,nan
9.882704496383667,1784967078.5145128,Backstepping,circle,circle_bs_tune_baseline_20260725_151054,1784967078.485504,1.066229952133162,-0.03607085986795451,1.5939904100701667,1.5726283487945393e-06,0.00014701567594451237,1784967078.450336,1.066219437882654,-0.03606084034735923,1.5939273594748955,0.06417679786682129,0,0,1784967078.510026,0.8579820650653265,0.5519074097737592,2.228327306617411,1784967078.5100665,0.5926498064935021,0.19455548026795927,0.6343368965472446,0.5926272784526083,0.1945825671076607,0.6343999471425157,1784967078.5101104,0.18,0.4237592435361198,1784967078.5024238,3596.081298828125,nan,nan,50.18354415893555,nan
9.92321228981018,1784967078.5550206,Backstepping,circle,circle_bs_tune_baseline_20260725_151054,1784967078.5356424,1.0662299517828637,-0.036070844745359674,1.593995522660855,1.0993202223439357e-06,0.00013961842111743743,1784967078.450336,1.066219437882654,-0.03606084034735923,1.5939273594748955,0.10468459129333496,0,0,1784967078.5501287,0.8553325764292192,0.5553234058120157,2.232650366653117,1784967078.5502937,0.5961273233644335,0.19712198472451445,0.6386548439922617,0.5961036406196702,0.19715233850793465,0.6387230071782213,1784967078.5503948,0.18,0.42624385775925344,1784967078.5524063,3596.13134765625,nan,nan,50.10171890258789,nan
9.9628324508667,1784967078.5946407,Backstepping,circle,circle_bs_tune_baseline_20260725_151054,1784967078.5854533,1.0662285474148132,-0.036069115771040765,1.5939838105854398,1.6485029149436556e-06,0.00011204054594238398,1784967078.5585892,1.066219437882654,-0.03606084034735923,1.5939273594748955,0.03605151176452637,0,0,1784967078.5899446,0.8526738826023061,0.5587208712116273,2.2369644659649452,1784967078.5899813,0.5995814485423892,0.199706810203946,0.6429806553795054,0.5995616900118085,0.19973174123111623,0.6430371064900497,1784967078.590022,0.18,0.4287351103480253,1784967078.5524063,3596.13134765625,nan,nan,50.10171890258789,nan
10.002580642700195,1784967078.634389,Backstepping,circle,circle_bs_tune_baseline_20260725_151054,1784967078.5854533,1.0662285474148132,-0.036069115771040765,1.5939838105854398,1.6485029149436556e-06,0.00011204054594238398,1784967078.5585892,1.066219437882654,-0.03606084034735923,1.5939273594748955,0.07579970359802246,0,0,1784967078.6306572,0.8499749404893578,0.5621391349251308,2.2413197897564494,1784967078.6307113,0.6030613694349568,0.20232577296152243,0.6473359791710096,0.6030414630554751,0.20235090042991857,0.6473924302815539,1784967078.6307678,0.18,0.4312478872063407,1784967078.6027987,3596.181640625,nan,nan,50.27070617675781,nan
10.042668342590332,1784967078.6744766,Backstepping,circle,circle_bs_tune_baseline_20260725_151054,1784967078.6352744,1.066228547048089,-0.036069099928809106,1.5939876877788748,1.1524417258765057e-06,0.00010642019789318296,1784967078.6423051,1.066219437882654,-0.03606084034735923,1.5939273594748955,0.03217148780822754,0,0,1784967078.6704376,0.8472756155223393,0.5655275172397174,2.2456519392620646,1784967078.6704755,0.6065122046014019,0.20494345971970288,0.6516642514831898,0.6064913715488306,0.20497113350635415,0.6517245797871691,1784967078.6705172,0.18,0.43374830170397916,1784967078.6527238,3596.2314453125,nan,nan,49.9096565246582,nan
10.08246397972107,1784967078.7142723,Backstepping,circle,circle_bs_tune_baseline_20260725_151054,1784967078.6858706,1.0662273551315768,-0.03606770025835302,1.5939775240353624,1.4459301414383162e-06,8.428598513666015e-05,1784967078.6423051,1.066219437882654,-0.03606084034735923,1.5939273594748955,0.07196712493896484,0,0,1784967078.710321,0.8445795096294886,0.5688820349591597,2.24995563589445,1784967078.7103574,0.6099248044752013,0.20756609174271182,0.6559781118590875,0.6099073500523033,0.20758893162296452,0.6560282764195544,1784967078.710397,0.18,0.4362425355437859,1784967078.702922,3596.28173828125,nan,nan,50.28253173828125,nan
10.123049974441528,1784967078.7548583,Backstepping,circle,circle_bs_tune_baseline_20260725_151054,1784967078.7358954,1.0662273548280814,-0.0360676871439824,1.5939804390443775,1.0081069973029909e-06,8.003050147534059e-05,1784967078.6423051,1.066219437882654,-0.03606084034735923,1.5939273594748955,0.11255311965942383,0,0,1784967078.7506626,0.8418343566156915,0.572267444399521,2.2543141783367715,1784967078.7507532,0.6133735342932012,0.21023024840746524,0.660333739292394,0.6133553464222296,0.21025504924621807,0.660386818861876,1784967078.7508152,0.18,0.4387651210088415,1784967078.7523685,3596.331298828125,nan,nan,49.50423049926758,nan
10.162497282028198,1784967078.7943056,Backstepping,circle,circle_bs_tune_baseline_20260725_151054,1784967078.785806,1.0662263142714077,-0.03606650085554907,1.593969952573335,1.3096744861738551e-06,5.955681037359598e-05,1784967078.7573836,1.066219561555895,-0.03606084300189258,1.5939252988637773,0.03692197799682617,0,0,1784967078.7904582,0.8391153756599413,0.5755910814139321,2.258608296264323,1784967078.7905102,0.6167558672423706,0.2128769048225749,0.664638343690988,0.6167405483741677,0.21289782498695559,0.6646829974005457,1784967078.7905645,0.18,0.4412603372616546,1784967078.7523685,3596.331298828125,nan,nan,49.50423049926758,nan
10.202498435974121,1784967078.8343067,Backstepping,circle,circle_bs_tune_baseline_20260725_151054,1784967078.785806,1.0662263142714077,-0.03606650085554907,1.593969952573335,1.3096744861738551e-06,5.955681037359598e-05,1784967078.7573836,1.066219561555895,-0.03606084300189258,1.5939252988637773,0.07692313194274902,0,0,1784967078.830031,0.8363935021970805,0.5788893134284404,2.262884621490153,1784967078.8300745,0.6201162837250371,0.21552162231833455,0.6689146689168177,0.620100846757037,0.21554269253514008,0.6689593226263755,1784967078.83012,0.18,0.4437430367695265,1784967078.8028183,3596.381591796875,nan,nan,50.41241455078125,nan
10.242565155029297,1784967078.8743734,Backstepping,circle,circle_bs_tune_baseline_20260725_151054,1784967078.835013,1.0662263140063266,-0.03606648939694077,1.5939719715036331,9.134595036670278e-07,5.656163405371106e-05,1784967078.8414516,1.066219561555895,-0.03606084300189258,1.5939252988637773,0.032921791076660156,0,0,1784967078.8707902,0.833618734432281,0.5822222970257044,2.267221457351359,1784967078.8708389,0.6235130972076603,0.21821715583746856,0.6732494858477261,0.6234971107096678,0.2182396365412816,0.6732961584875818,1784967078.8708973,0.18,0.44626268379379214,1784967078.853107,3596.431884765625,nan,nan,50.22434616088867,nan
10.282565832138062,1784967078.914374,Backstepping,circle,circle_bs_tune_baseline_20260725_151054,1784967078.886011,1.0662254302980074,-0.03606552931555969,1.5939632041932954,1.075924309298688e-06,4.0715475005211474e-05,1784967078.8414516,1.066219561555895,-0.03606084300189258,1.5939252988637773,0.0729224681854248,0,0,1784967078.9103281,0.8308324271350591,0.5855397910287539,2.2715538128506267,1784967078.9103665,0.6268913517635141,0.22093047164785273,0.6775906086573313,0.6268781560847012,0.2209484752199014,0.6776285139868494,1784967078.9104073,0.18,0.4487882017798812,1784967078.9077945,3596.485107421875,nan,nan,53.21822738647461,nan
10.322488069534302,1784967078.9542964,Backstepping,circle,circle_bs_tune_baseline_20260725_151054,1784967078.9355948,1.0662254300795848,-0.03606551987419989,1.5939645934365014,7.452763160760059e-07,3.864421042512091e-05,1784967078.8414516,1.066219561555895,-0.03606084300189258,1.5939252988637773,0.11284470558166504,0,0,1784967078.950492,0.8280260827900503,0.5888518694406963,2.2758949488293254,1784967078.95053,0.6302678511046856,0.22365846369227274,0.6819303553928239,0.6302542507120968,0.2236774708330323,0.6819696499655481,1784967078.9505742,0.18,0.4513166038873889,1784967078.9540849,3596.532470703125,nan,nan,47.37526321411133,nan
10.362659454345703,1784967078.9944677,Backstepping,circle,circle_bs_tune_baseline_20260725_151054,1784967078.985167,1.0662246331432552,-0.03606469389166175,1.5939562599988564,9.85174918967637e-07,2.4417097356428068e-05,1784967078.9715633,1.066219561555895,-0.03606084300189258,1.5939252988637773,0.022904396057128906,0,0,1784967078.9898386,0.8252586057717729,0.5920897421007524,2.280154382575663,1784967078.9898775,0.633566236205487,0.22635469101513014,0.6861981225768068,0.633555260553714,0.22636932566473825,0.6862290837118858,1784967078.9899263,0.18,0.4538051835604555,1784967078.9540849,3596.532470703125,nan,nan,47.37526321411133,nan
10.402719020843506,1784967079.0345273,Backstepping,circle,circle_bs_tune_baseline_20260725_151054,1784967078.985167,1.0662246331432552,-0.03606469389166175,1.5939562599988564,9.85174918967637e-07,2.4417097356428068e-05,1784967078.9715633,1.066219561555895,-0.03606084300189258,1.5939252988637773,0.06296396255493164,0,0,1784967079.0303504,0.8224304031675558,0.5953700291682883,2.2844855536114297,1784967079.030406,0.6369111386960077,0.2291061707161006,0.6905292936125733,0.6369000778536968,0.22912090892636774,0.6905602547476524,1784967079.030452,0.18,0.4563342287829409,1784967079.0110133,3596.588134765625,nan,nan,55.76673126220703,nan
10.443744421005249,1784967079.0755527,Backstepping,circle,circle_bs_tune_baseline_20260725_151054,1784967079.0355978,1.0662246329001728,-0.03606468338491541,1.5939571221878266,6.80569154965743e-07,2.3183513306476332e-05,1784967079.0430176,1.066219561555895,-0.03606084300189258,1.5939252988637773,0.03253507614135742,0,0,1784967079.070606,0.8195607620986376,0.598669237198942,2.288858155120524,1784967079.0706558,0.640276106132371,0.23189808756115274,0.6949010329326972,0.6402647693997877,0.2319134819860417,0.6949328562567464,1784967079.070922,0.18,0.4588897696939974,1784967079.053844,3596.630859375,nan,nan,42.49999237060547,nan
10.483171224594116,1784967079.1149795,Backstepping,circle,circle_bs_tune_baseline_20260725_151054,1784967079.0863068,1.0662239705043297,-0.0360640307582012,1.5939506236480097,7.757282524143593e-07,1.3210483873731733e-05,1784967079.0430176,1.066219561555895,-0.03606084300189258,1.5939252988637773,0.07196187973022461,0,0,1784967079.1101723,0.8167389991003708,0.6018852013759259,2.293136566032084,1784967079.1102166,0.6435543635742338,0.2346481511998751,0.6991859423840743,0.6435451320850086,0.23466011495377537,0.6992112671683066,1784967079.1102653,0.18,0.46139666984938904,1784967079.1040232,3596.6826171875,nan,nan,51.87810134887695,nan
10.523342847824097,1784967079.1551511,Backstepping,circle,circle_bs_tune_baseline_20260725_151054,1784967079.1353443,1.0662239703459093,-0.036064023909887416,1.5939510691056502,5.392015418862467e-07,1.254173297585026e-05,1784967079.0430176,1.066219561555895,-0.03606084300189258,1.5939252988637773,0.11213350296020508,0,0,1784967079.1506085,0.8138629763352718,0.6051346550899284,2.2974759768139443,1784967079.150655,0.6468696315338641,0.23744788280460338,0.7035249077082941,0.6468602302107878,0.2374602186663667,0.703550677950167,1784967079.1507065,0.18,0.46393844221725156,1784967079.1040232,3596.6826171875,nan,nan,51.87810134887695,nan
10.562602519989014,1784967079.1944108,Backstepping,circle,circle_bs_tune_baseline_20260725_151054,1784967079.1850147,1.0662235268981977,-0.03606341498507939,1.5939454737734757,6.814397881172561e-07,4.442315573190408e-06,1784967079.1569128,1.066220647590685,-0.03606049997095595,1.5939255350343797,0.03749799728393555,0,0,1784967079.190031,0.811005559003355,0.6083351547667519,2.3017664383541665,1784967079.1900735,0.650133466932338,0.24023364254224963,0.7078209645806908,0.6501256960225709,0.24024379421463876,0.7078409033197868,1784967079.190123,0.18,0.46645729466772573,1784967079.1563985,3596.73193359375,nan,nan,49.3984260559082,nan
10.602681636810303,1784967079.23449,Backstepping,circle,circle_bs_tune_baseline_20260725_151054,1784967079.1850147,1.0662235268981977,-0.03606341498507939,1.5939454737734757,6.814397881172561e-07,4.442315573190408e-06,1784967079.1569128,1.066220647590685,-0.03606049997095595,1.5939255350343797,0.07757711410522461,0,0,1784967079.2309139,0.808051196606884,0.6116153889201313,2.3061809853207196,1784967079.2309537,0.653481207075345,0.24311128553705946,0.7122355115472438,0.6534733787883396,0.2431215039585939,0.7122554502863399,1784967079.230995,0.18,0.46904865296472764,1784967079.206431,3596.7841796875,nan,nan,52.07817459106445,nan
10.64290976524353,1784967079.274718,Backstepping,circle,circle_bs_tune_baseline_20260725_151054,1784967079.235368,1.066223526733896,-0.03606340788335839,1.593945629690315,4.756638187609578e-07,4.218722948250987e-06,1784967079.2426977,1.066208234521644,-0.03604335033494816,1.5935848782895778,0.03202033042907715,0,0,1784967079.2703173,0.8051976844071789,0.614756199454568,2.3104244803082072,1784967079.2703636,0.6566872578025634,0.2458912302169689,0.7164788506178923,0.6565781086698855,0.2461132838608446,0.7168396020186294,1784967079.2704127,0.18,0.4715419892866874,1784967079.2560833,3596.833740234375,nan,nan,49.573570251464844,nan
10.682705402374268,1784967079.3145137,Backstepping,circle,circle_bs_tune_baseline_20260725_151054,1784967079.285265,1.066221518314429,-0.03606003727241271,1.5938626029968677,1.8683816184142567e-06,-9.646343069875856e-05,1784967079.2426977,1.066208234521644,-0.03604335033494816,1.5935848782895778,0.07181596755981445,0,0,1784967079.310821,0.8022330819079202,0.6179911240527315,2.314812376845988,1784967079.3108597,0.6599658643033073,0.2488330246199485,0.7209497738491204,0.659879746476418,0.24900340374224902,0.7212274985564102,1784967079.3108997,0.18,0.4741699157363804,1784967079.3063476,3596.884033203125,nan,nan,50.42323303222656,nan
10.722811937332153,1784967079.3546202,Backstepping,circle,circle_bs_tune_baseline_20260725_151054,1784967079.3350735,1.0662215179080026,-0.03606001953863824,1.593859282806252,1.3024214388676972e-06,-9.158235298335175e-05,1784967079.2426977,1.066208234521644,-0.03604335033494816,1.5935848782895778,0.1119225025177002,0,0,1784967079.3503125,0.7993439824835591,0.621116434816201,2.3190684889446818,1784967079.3503516,0.6631561252784133,0.25165147442116204,0.7252092061384297,0.6630700784524572,0.25182053787728126,0.7254836106551039,1784967079.3503962,0.18,0.47667757661302634,1784967079.3063476,3596.884033203125,nan,nan,50.42323303222656,nan
10.76250958442688,1784967079.3943179,Backstepping,circle,circle_bs_tune_baseline_20260725_151054,1784967079.385207,1.0662201030765286,-0.03605756575400183,1.5938033648992622,2.133990365894882e-06,-0.00015237896181869738,1784967079.3566654,1.0662109584030202,-0.03604579902989624,1.5936337937353506,0.03765249252319336,0,0,1784967079.3902864,0.7963959711508091,0.6242781574116297,2.3233913687359413,1784967079.3903306,0.6663682716049295,0.2545616940083573,0.7295880038366791,0.666313123223095,0.25466581360124824,0.7297575750005907,1784967079.390378,0.18,0.47925671024998123,1784967079.3552732,3596.93408203125,nan,nan,49.92332458496094,nan
10.803241729736328,1784967079.43505,Backstepping,circle,circle_bs_tune_baseline_20260725_151054,1784967079.385207,1.0662201030765286,-0.03605756575400183,1.5938033648992622,2.133990365894882e-06,-0.00015237896181869738,1784967079.3566654,1.0662109584030202,-0.03604579902989624,1.5936337937353506,0.0783846378326416,0,0,1784967079.4306846,0.79341416235302,0.6274484454424548,2.32774360262266,1784967079.4307303,0.6696063171549343,0.25746978116679303,0.7339402377233979,0.6695506755988241,0.25757444979702393,0.7341098088873095,1784967079.4307745,0.18,0.4818237659695897,1784967079.4064283,3596.983154296875,nan,nan,49.11472702026367,nan
10.842442274093628,1784967079.4742506,Backstepping,circle,circle_bs_tune_baseline_20260725_151054,1784967079.4351473,1.0662201025849372,-0.03605754424234268,1.5937980817071233,1.492923341283026e-06,-0.0001447140146905875,1784967079.4497907,1.066225482659331,-0.0360722408237734,1.5939438589946444,0.0244598388671875,0,0,1784967079.470371,0.7904628844800098,0.6305592341717341,2.3320316179882608,1784967079.4704185,0.672782779786769,0.26035226871014305,0.7382335362811374,0.672835543254164,0.2602592279692876,0.7380877589936163,1784967079.470468,0.18,0.4843583255107609,1784967079.4571881,3597.03564453125,nan,nan,52.62205123901367,nan
10.88266921043396,1784967079.5144775,Backstepping,circle,circle_bs_tune_baseline_20260725_151054,1784967079.485233,1.0662208220726082,-0.0360600157340153,1.5938272439935819,-1.4009295363776332e-07,-9.558228399244201e-05,1784967079.4497907,1.066225482659331,-0.0360722408237734,1.5939438589946444,0.06468677520751953,0,0,1784967079.5106306,0.7874663745744452,0.6336905524982877,2.336365698684367,1784967079.510696,0.6759923535454798,0.26325691557021186,0.742538454690785,0.6760353783406694,0.26318245931413964,0.7424218396897226,1784967079.510854,0.18,0.4869025469924366,1784967079.4571881,3597.03564453125,nan,nan,52.62205123901367,nan
10.92336392402649,1784967079.5551722,Backstepping,circle,circle_bs_tune_baseline_20260725_151054,1784967079.5351183,1.066220822108864,-0.03606001731621882,1.5938239347865055,-9.519469677843599e-08,-9.062670114246358e-05,1784967079.4497907,1.066225482659331,-0.0360722408237734,1.5939438589946444,0.10538148880004883,0,0,1784967079.5503104,0.7844695665429451,0.6367951920545424,2.3406807507168375,1784967079.5503504,0.6791643036174363,0.2661836799696506,0.746856815930332,0.6792085487041728,0.2661066061976099,0.746736891722193,1784967079.5503976,0.18,0.4894563002563292,1784967079.5225496,3597.099609375,nan,nan,63.92524719238281,nan
10.962838411331177,1784967079.5946467,Backstepping,circle,circle_bs_tune_baseline_20260725_151054,1784967079.5851202,1.0662214522882487,-0.036062114550270225,1.593849330477959,-1.1032392216994512e-06,-5.066898104675562e-05,1784967079.5591226,1.066225482659331,-0.0360722408237734,1.5939438589946444,0.03552412986755371,0,0,1784967079.5903475,0.7814592277499077,0.6398870370564054,2.344996034492167,1784967079.5903883,0.6823335891964307,0.2691052826239675,0.7511467040142079,0.6823692411166149,0.2690445763537451,0.7510521754975226,1784967079.5904326,0.18,0.4919958459779533,1784967079.5556412,3597.133056640625,nan,nan,33.36701965332031,nan
11.00287914276123,1784967079.6346874,Backstepping,circle,circle_bs_tune_baseline_20260725_151054,1784967079.5851202,1.0662214522882487,-0.036062114550270225,1.593849330477959,-1.1032392216994512e-06,-5.066898104675562e-05,1784967079.5591226,1.066225482659331,-0.0360722408237734,1.5939438589946444,0.07556486129760742,0,0,1784967079.6303248,0.7784374914942152,0.6429639196150927,2.349308588851603,1784967079.6303668,0.6854793081277438,0.2720552908754983,0.7554592583736441,0.6855152388937774,0.27199428723195174,0.7553647298569588,1784967079.630411,0.18,0.49455036561442617,1784967079.610297,3597.1875,nan,nan,54.52208709716797,nan
11.043608665466309,1784967079.675417,Backstepping,circle,circle_bs_tune_baseline_20260725_151054,1784967079.6359172,1.0662214525876317,-0.036062127515896006,1.5938475276358408,-7.708726646082841e-07,-4.8112060709536745e-05,1784967079.645517,1.066225482659331,-0.0360722408237734,1.5939438589946444,0.02989983558654785,0,0,1784967079.6712143,0.7753576199035459,0.6460728652336283,2.353684795249613,1784967079.671253,0.6886579387482374,0.2750639214729881,0.7598372676137723,0.6886946367107152,0.2750013757567002,0.7597409362549687,1784967079.671299,0.18,0.4971457370237547,1784967079.658101,3597.23486328125,nan,nan,47.37479782104492,nan
11.083205699920654,1784967079.715014,Backstepping,circle,circle_bs_tune_baseline_20260725_151054,1784967079.6850357,1.0662219875830596,-0.036063833893709235,1.5938681613261598,-1.3090345114938622e-06,-1.874895268914391e-05,1784967079.645517,1.066225482659331,-0.0360722408237734,1.5939438589946444,0.06949687004089355,0,0,1784967079.7104907,0.7723256980106559,0.6491070013456466,2.357974149573954,1784967079.7105281,0.6917686068437144,0.278011325439323,0.7641059882477943,0.6917981352439574,0.27796225892984355,0.7640302905793097,1784967079.710568,0.18,0.4996787309249468,1784967079.7107685,3597.28955078125,nan,nan,54.53591537475586,nan
11.122649669647217,1784967079.754458,Backstepping,circle,circle_bs_tune_baseline_20260725_151054,1784967079.7352188,1.066221987909661,-0.03606384801676445,1.593867508099214,-9.075452446360493e-07,-1.779538850909325e-05,1784967079.645517,1.066225482659331,-0.0360722408237734,1.5939438589946444,0.10894083976745605,0,0,1784967079.7507606,0.7692468645630108,0.6521616186977893,2.3623111914288124,1784967079.7508066,0.6948932698224917,0.2810193240270662,0.7684436833295984,0.6949231953203159,0.28096956704267456,0.768367332434168,1784967079.7508576,0.18,0.5022541510381602,1784967079.7107685,3597.28955078125,nan,nan,54.53591537475586,nan
11.162446737289429,1784967079.794255,Backstepping,circle,circle_bs_tune_baseline_20260725_151054,1784967079.785719,1.0662224591642915,-0.03606529362498344,1.593884873461468,-1.346805726025925e-06,5.360358922734398e-06,1784967079.7576492,1.066225482659331,-0.0360722408237734,1.5939438589946444,0.0366058349609375,0,0,1784967079.7906573,0.7661663100043405,0.6551915941716666,2.3666321400295818,1784967079.7906985,0.6979998929297924,0.2840174766541797,0.7727472665681139,0.6980236599556904,0.2839791661531933,0.7726882810349374,1784967079.7907434,0.18,0.5048115968826988,1784967079.7550766,3597.333984375,nan,nan,44.4503059387207,nan
11.203505277633667,1784967079.8353136,Backstepping,circle,circle_bs_tune_baseline_20260725_151054,1784967079.785719,1.0662224591642915,-0.03606529362498344,1.593884873461468,-1.346805726025925e-06,5.360358922734398e-06,1784967079.7576492,1.066225482659331,-0.0360722408237734,1.5939438589946444,0.07766437530517578,0,0,1784967079.8301024,0.7631224965386747,0.6581598712789672,2.370883668769511,1784967079.8301442,0.7010376498916971,0.2869919517406266,0.776998795308043,0.7010615923633092,0.2869534620507517,0.7769398097748665,1784967079.8302512,0.18,0.5073395271126255,1784967079.8150997,3597.392333984375,nan,nan,58.44594955444336,nan
11.242823362350464,1784967079.8746316,Backstepping,circle,circle_bs_tune_baseline_20260725_151054,1784967079.835022,1.0662224594947907,-0.03606530790586171,1.5938850565693512,-9.273894058351327e-07,5.086850165116508e-06,1784967079.8412726,1.066225482659331,-0.0360722408237734,1.5939438589946444,0.03335905075073242,0,0,1784967079.870067,0.7600141333131107,0.6611652028523247,2.375207321036967,1784967079.8701055,0.7041140090628039,0.2900299749967465,0.7813222644676157,0.7041380633446019,0.2899914327729808,0.7812634620423224,1784967079.8701499,0.18,0.5099120223652929,1784967079.8580127,3597.43603515625,nan,nan,43.62995529174805,nan
11.282840728759766,1784967079.914649,Backstepping,circle,circle_bs_tune_baseline_20260725_151054,1784967079.8864787,1.0662228587105016,-0.03606647965272173,1.5938987901224053,-1.1604740629883772e-06,2.1087801627536967e-05,1784967079.8412726,1.066225482659331,-0.0360722408237734,1.5939438589946444,0.07337641716003418,0,0,1784967079.9110804,0.7568188696553046,0.6642276224986565,2.379633171905192,1784967079.911121,0.7072545871294187,0.2931443448809287,0.7857343817827867,0.7072736184563476,0.293114959317504,0.7856893129105476,1784967079.9111674,0.18,0.5125394050861298,1784967079.9064238,3597.484375,nan,nan,48.291011810302734,nan
11.323265075683594,1784967079.9550734,Backstepping,circle,circle_bs_tune_baseline_20260725_151054,1784967079.9355998,1.066222858960599,-0.03606649045563594,1.5938995018983932,-8.140416228992109e-07,2.0022983181290565e-05,1784967079.8412726,1.066225482659331,-0.0360722408237734,1.5939438589946444,0.1138007640838623,0,0,1784967079.950833,0.7537003800266078,0.6671904602584958,2.3839347313534343,1784967079.9508727,0.7102888942687698,0.2961930540124701,0.790035229455041,0.7103078413881926,0.29616403726916174,0.7899908723587898,1784967079.950917,0.18,0.5151019179962032,1784967079.9064238,3597.484375,nan,nan,48.291011810302734,nan
11.363598346710205,1784967079.9954066,Backstepping,circle,circle_bs_tune_baseline_20260725_151054,1784967079.9856486,1.066223219745065,-0.0360675037261995,1.593910666640017,-1.1322222009852977e-06,3.2362818248322945e-05,1784967079.9746425,1.066225482659331,-0.0360722408237734,1.5939438589946444,0.02076411247253418,0,0,1784967079.991299,0.7505223322633676,0.670183786070807,2.3883005093227947,1784967079.991336,0.7133592006387114,0.29929347731075806,0.7943898426827778,0.7133739227057265,0.2992719517400495,0.7943566503281503,1784967079.9913774,0.18,0.5176984377676443,1784967079.9553952,3597.53369140625,nan,nan,49.3139533996582,nan
11.402676820755005,1784967080.034485,Backstepping,circle,circle_bs_tune_baseline_20260725_151054,1784967079.9856486,1.066223219745065,-0.0360675037261995,1.593910666640017,-1.1322222009852977e-06,3.2362818248322945e-05,1784967079.9746425,1.066225482659331,-0.0360722408237734,1.5939438589946444,0.059842586517333984,0,0,1784967080.0304096,0.7474426591496287,0.6730596246494407,2.392514160979899,1784967080.0304525,0.7163054492829847,0.3023058605772038,0.7986034943398821,0.7163202713364704,0.30228423721190606,0.7985703019852546,1784967080.0304992,0.18,0.5202121737145632,1784967080.0060053,3597.583984375,nan,nan,50.44047927856445,nan
11.442599058151245,1784967080.0744073,Backstepping,circle,circle_bs_tune_baseline_20260725_151054,1784967080.0355542,1.0662232200215012,-0.03606751566550567,1.5939117957088567,-7.910959194089254e-07,3.0749365651340044e-05,1784967080.0427296,1.066225482659331,-0.0360722408237734,1.5939438589946444,0.0316777229309082,0,0,1784967080.070529,0.7442576395702065,0.6760084368950592,2.3968546532284343,1784967080.0705683,0.7193274436827497,0.30542106341117914,0.8029428575195776,0.7193420123780757,0.3054001519184874,0.8029107942337897,1784967080.0706124,0.18,0.5228024579918955,1784967080.0559304,3597.634521484375,nan,nan,50.49824905395508,nan
11.482677936553955,1784967080.1144862,Backstepping,circle,circle_bs_tune_baseline_20260725_151054,1784967080.0853977,1.0662235178131785,-0.036068311561510046,1.593920192790094,-9.062349233572622e-07,3.801669710070908e-05,1784967080.0427296,1.066225482659331,-0.0360722408237734,1.5939438589946444,0.07175660133361816,0,0,1784967080.1103168,0.7410864996202491,0.6789190437224987,2.401159045089396,1784967080.1103556,0.7223139620442081,0.30851829613721293,0.8072388522993021,0.7223252369859541,0.308503074996023,0.8072151860947516,1784967080.1103983,0.18,0.5253686066457298,1784967080.1053655,3597.683349609375,nan,nan,48.910682678222656,nan
11.522613048553467,1784967080.1544213,Backstepping,circle,circle_bs_tune_baseline_20260725_151054,1784967080.1355183,1.0662235180209558,-0.036068320535914404,1.5939215188470828,-6.329180468105433e-07,3.610587839584889e-05,1784967080.0427296,1.066225482659331,-0.0360722408237734,1.5939438589946444,0.11169171333312988,0,0,1784967080.1504343,0.7378910297415844,0.681826692665638,2.4054794014584147,1784967080.1504796,0.7252951409112928,0.3116447198491393,0.8115578826113319,0.7253060676294432,0.3116303899460766,0.8115355424637702,1784967080.1505263,0.18,0.5279497272513977,1784967080.1053655,3597.683349609375,nan,nan,48.910682678222656,nan
11.562676906585693,1784967080.1944852,Backstepping,circle,circle_bs_tune_baseline_20260725_151054,1784967080.1853042,1.0662236763403132,-0.0360689751305847,1.593929524285581,-7.669423365020638e-07,4.267352850950687e-05,1784967080.1587934,1.0662246854915194,-0.03607211805784397,1.5939509511120937,0.03569173812866211,0,0,1784967080.1905074,0.7346763610403406,0.6847264965136831,2.40980871855131,1784967080.1905544,0.728271680730842,0.31478578949974284,0.8158791942657289,0.7282815908733706,0.31477112099042587,0.8158577674392162,1784967080.1906059,0.18,0.5305337561785385,1784967080.1573434,3597.735595703125,nan,nan,52.08555603027344,nan
11.602801322937012,1784967080.2346096,Backstepping,circle,circle_bs_tune_baseline_20260725_151054,1784967080.1853042,1.0662236763403132,-0.0360689751305847,1.593929524285581,-7.669423365020638e-07,4.267352850950687e-05,1784967080.1587934,1.0662246854915194,-0.03607211805784397,1.5939509511120937,0.07581615447998047,0,0,1784967080.2301328,0.7314864954473463,0.6875791202654494,2.4140880564343057,1784967080.2301762,0.7311973264425842,0.3179088171877204,0.8201585321487246,0.7312073035010137,0.31789408599038343,0.820137105322212,1784967080.230223,0.18,0.5330939104795702,1784967080.207168,3597.784912109375,nan,nan,49.360557556152344,nan
11.642564535140991,1784967080.2743728,Backstepping,circle,circle_bs_tune_baseline_20260725_151054,1784967080.235308,1.0662236765228064,-0.03606898301138867,1.5939310118528667,-5.348347961113547e-07,4.052814592572858e-05,1784967080.2428887,1.0662558034250755,-0.036058546986864524,1.5945483093137658,0.031484127044677734,0,0,1784967080.2706475,0.7282084889316336,0.6904851198327898,2.418468717445048,1784967080.2706933,0.7341788580559786,0.3211176354322883,0.8245377055921814,0.7343672731876975,0.3206967332275814,0.8239204081312824,1784967080.2707434,0.18,0.5357151344750254,1784967080.2594936,3597.837646484375,nan,nan,52.704498291015625,nan
11.68253755569458,1784967080.3143458,Backstepping,circle,circle_bs_tune_baseline_20260725_151054,1784967080.2859004,1.066227845596002,-0.03606727614812127,1.594074384415365,3.5044963212572283e-07,0.000209564796718206,1784967080.2428887,1.0662558034250755,-0.036058546986864524,1.5945483093137658,0.0714571475982666,0,0,1784967080.3102427,0.724986520842158,0.6933165917199254,2.4227580460201823,1784967080.3102808,0.7371289797720062,0.3241717686754847,0.8286836616048172,0.7372744673497991,0.32385054576498457,0.8282097367064165,1784967080.3103223,0.18,0.5382016946515912,1784967080.3078272,3597.88525390625,nan,nan,47.59222412109375,nan
11.72286581993103,1784967080.354674,Backstepping,circle,circle_bs_tune_baseline_20260725_151054,1784967080.3356574,1.0662278455169965,-0.03606727280370737,1.5940815898117098,2.447866375278715e-07,0.00019896261852879967,1784967080.2428887,1.0662558034250755,-0.036058546986864524,1.5945483093137658,0.1117854118347168,0,0,1784967080.3506558,0.7217038869500048,0.6961763304346167,2.4271116446148477,1784967080.3506973,0.7400667057495428,0.32738161761335044,0.833030054803138,0.7402113611639746,0.32706433566329385,0.832563335301082,1784967080.350742,0.18,0.5408057732515329,1784967080.3078272,3597.88525390625,nan,nan,47.59222412109375,nan
11.762829542160034,1784967080.3946378,Backstepping,circle,circle_bs_tune_baseline_20260725_151054,1784967080.385594,1.0662306404817112,-0.0360659087162931,1.5941820782900176,7.990843099844071e-07,0.00030487299628402964,1784967080.3577929,1.0662489420739887,-0.03605920337469315,1.5944828923441314,0.03684496879577637,0,0,1784967080.39034,0.7184505191081565,0.6989859100932385,2.431410268653544,1784967080.3904233,0.7429831886760779,0.33049685399793527,0.8372281903635264,0.743076303157833,0.3302917945330957,0.8369273763094125,1784967080.390475,0.18,0.5433246545280354,1784967080.371202,3597.947509765625,nan,nan,62.188480377197266,nan
11.802576065063477,1784967080.4343843,Backstepping,circle,circle_bs_tune_baseline_20260725_151054,1784967080.385594,1.0662306404817112,-0.0360659087162931,1.5941820782900176,7.990843099844071e-07,0.00030487299628402964,1784967080.3577929,1.0662489420739887,-0.03605920337469315,1.5944828923441314,0.07659149169921875,0,0,1784967080.4305773,0.7151708967213096,0.7017935888684685,2.435727560866984,1784967080.4306588,0.7458667891793719,0.33370992593030585,0.8415454825769664,0.7459608700678393,0.33350399889254756,0.8412446685228525,1784967080.4307315,0.18,0.5459135756947726,1784967080.4081018,3597.986083984375,nan,nan,38.800418853759766,nan
11.842503547668457,1784967080.4743118,Backstepping,circle,circle_bs_tune_baseline_20260725_151054,1784967080.435066,1.0662306402825248,-0.036065900304323384,1.5941925455602415,5.631126135449441e-07,0.00028951691297562205,1784967080.4525523,1.0662489420739887,-0.03605920337469315,1.5944828923441314,0.021759510040283203,0,0,1784967080.4710584,0.7118902172611157,0.7045777593432297,2.4400304077755535,1784967080.471124,0.7487304307539071,0.33691676720843156,0.845837862215312,0.7488219603078701,0.3367178168076559,0.845547515431422,1784967080.4712327,0.18,0.5484886284575919,1784967080.458033,3598.036865234375,nan,nan,50.5521125793457,nan
11.882882595062256,1784967080.5146909,Backstepping,circle,circle_bs_tune_baseline_20260725_151054,1784967080.4856434,1.066233044171798,-0.03606477663464852,1.5942696752962269,8.9242715413797e-07,0.00035694024866166665,1784967080.4525523,1.0662489420739887,-0.03605920337469315,1.5944828923441314,0.06213855743408203,0,0,1784967080.510209,0.708585033961598,0.7073583033847382,2.444349631179484,1784967080.5102472,0.7516127025244711,0.3401004565076142,0.8500799558832572,0.7516800054894359,0.3399562175781452,0.8498667388353527,1784967080.5102897,0.18,0.5510366616368408,1784967080.507484,3598.085205078125,nan,nan,48.32984924316406,nan
11.922507047653198,1784967080.5543153,Backstepping,circle,circle_bs_tune_baseline_20260725_151054,1784967080.5355182,1.066233043950584,-0.03606476730362287,1.5942820339861687,6.258450433344815e-07,0.00033897760236314083,1784967080.4525523,1.0662489420739887,-0.03605920337469315,1.5944828923441314,0.10176301002502441,0,0,1784967080.5510855,0.7052097841657001,0.71017276999327,2.4487443512569986,1784967080.5511456,0.7545098496154928,0.3433993928501353,0.8544623172708299,0.7545736232017578,0.3432638617564369,0.8542614589128671,1784967080.5512116,0.18,0.5536677302212994,1784967080.507484,3598.085205078125,nan,nan,48.32984924316406,nan
11.96282958984375,1784967080.5946379,Backstepping,circle,circle_bs_tune_baseline_20260725_151054,1784967080.5850978,1.0662351475173013,-0.0360638264314672,1.5943394611107233,8.697855289655097e-07,0.00037862347791128826,1784967080.5575888,1.0662489420739887,-0.03605920337469315,1.5944828923441314,0.037049055099487305,0,0,1784967080.5900574,0.7019527692952202,0.7128649316762028,2.4529699762951456,1784967080.5901005,0.7572967665874719,0.3465509242809666,0.8586305151844222,0.7573421699792334,0.34645620088856366,0.8584870839510141,1784967080.5901508,0.18,0.5561729913452665,1784967080.557662,3598.136474609375,nan,nan,51.37066650390625,nan
12.002470016479492,1784967080.6342783,Backstepping,circle,circle_bs_tune_baseline_20260725_151054,1784967080.5850978,1.0662351475173013,-0.0360638264314672,1.5943394611107233,8.697855289655097e-07,0.00037862347791128826,1784967080.5575888,1.0662489420739887,-0.03605920337469315,1.5944828923441314,0.07668948173522949,0,0,1784967080.630499,0.69859444642892,0.7156167023365249,2.457311704505595,1784967080.6305401,0.7601268328009,0.3498435371444744,0.8629722433948717,0.7601727084270732,0.3497484077983166,0.8628288121614636,1784967080.6305826,0.18,0.5587814811932079,1784967080.609873,3598.187255859375,nan,nan,50.685752868652344,nan
12.042468547821045,1784967080.6742768,Backstepping,circle,circle_bs_tune_baseline_20260725_151054,1784967080.6349568,1.0662351472913085,-0.03606381689790392,1.5943526239693173,6.070494315765831e-07,0.0003595572448326766,1784967080.6426985,1.0662489420739887,-0.03605920337469315,1.5944828923441314,0.03157830238342285,0,0,1784967080.6703143,0.695245071411576,0.7183369962293111,2.461626602042826,1784967080.6703615,0.762929858899778,0.3531179033232636,0.8672739780735088,0.7629715670130452,0.35303241487590786,0.8671437096986948,1784967080.6704116,0.18,0.5613667800599311,1784967080.659412,3598.23681640625,nan,nan,49.66095733642578,nan
12.082817554473877,1784967080.7146258,Backstepping,circle,circle_bs_tune_baseline_20260725_151054,1784967080.685727,1.0662369369703133,-0.03606305201061105,1.594395243703353,7.397125111256279e-07,0.00037738966537776905,1784967080.6426985,1.0662489420739887,-0.03605920337469315,1.5944828923441314,0.07192730903625488,0,0,1784967080.7100215,0.6918914238707461,0.7210368542301563,2.465931972373637,1784967080.7100618,0.7657224269065301,0.3563762002995299,0.8715367286702841,0.7657500966315659,0.3563211772893159,0.8714490800295056,1784967080.7101052,0.18,0.5639310219235439,1784967080.7073383,3598.285888671875,nan,nan,49.10778045654297,nan
12.122507572174072,1784967080.7543159,Backstepping,circle,circle_bs_tune_baseline_20260725_151054,1784967080.7354488,1.0662369367966653,-0.03606304468456265,1.5944081973573578,5.163760774696116e-07,0.00035829779877696334,1784967080.6426985,1.0662489420739887,-0.03605920337469315,1.5944828923441314,0.1116173267364502,0,0,1784967080.750834,0.6884506975246794,0.723782213450327,2.4703337477337444,1784967080.7508712,0.768552864283296,0.35974123157526583,0.8759255503763865,0.7685761771106646,0.35969591641433746,0.8758508553896129,1784967080.7509122,0.18,0.5665702173826496,1784967080.7073383,3598.285888671875,nan,nan,49.10778045654297,nan
12.162537097930908,1784967080.7943454,Backstepping,circle,circle_bs_tune_baseline_20260725_151054,1784967080.7853556,1.0662385280864528,-0.03606239371488159,1.594436838350263,6.60775814215367e-07,0.000360345267695947,1784967080.758868,1.0662489420739887,-0.03605920337469315,1.5944828923441314,0.035477399826049805,0,0,1784967080.7902884,0.6850990392097387,0.7264327942358372,2.47460682855955,1784967080.790328,0.7712916218286358,0.36300889207587955,0.8801699902092871,0.7713053962232547,0.36298385725871096,0.8801239362154185,1784967080.7903724,0.18,0.5691246936567997,1784967080.7579834,3598.3369140625,nan,nan,51.00301742553711,nan
12.2028329372406,1784967080.8346412,Backstepping,circle,circle_bs_tune_baseline_20260725_151054,1784967080.7853556,1.0662385280864528,-0.03606239371488159,1.594436838350263,6.60775814215367e-07,0.000360345267695947,1784967080.758868,1.0662489420739887,-0.03605920337469315,1.5944828923441314,0.07577323913574219,0,0,1784967080.8305674,0.6816936194599987,0.729102170108113,2.4789337767254436,1784967080.830611,0.7740407501799343,0.3663502607366971,0.8844969383751806,0.7740546784550096,0.36632509930764484,0.8844508843813121,1784967080.830659,0.18,0.5717280273025445,1784967080.807096,3598.385986328125,nan,nan,49.00664520263672,nan
12.24272084236145,1784967080.8745291,Backstepping,circle,circle_bs_tune_baseline_20260725_151054,1784967080.8353362,1.066238527919715,-0.03606238667910034,1.5944493738764403,4.6142683755888376e-07,0.00034219753879098863,1784967080.8454714,1.0662489420739887,-0.03605920337469315,1.5944828923441314,0.029057741165161133,0,0,1784967080.8705916,0.6782768239500119,0.7317566756897514,2.483260544646891,1784967080.8706346,0.7767799086267303,0.3696936161714277,0.8888111707704509,0.7767893639949409,0.36967806611894893,0.8887776523027597,1784967080.870684,0.18,0.5743243077476097,1784967080.858292,3598.43603515625,nan,nan,50.15242385864258,nan
12.282771110534668,1784967080.9145794,Backstepping,circle,circle_bs_tune_baseline_20260725_151054,1784967080.8858428,1.0662398859446138,-0.03606185649939944,1.5944688728942942,5.454570656268386e-07,0.0003339816005190619,1784967080.8454714,1.0662489420739887,-0.03605920337469315,1.5944828923441314,0.0691080093383789,0,0,1784967080.9100385,0.6748992958054669,0.7343574905187151,2.4875234030376996,1784967080.91008,0.7794666526069305,0.3729948595142036,0.8930545301434054,0.7794694438211281,0.37299304821045637,0.8930405106935682,1784967080.9101255,0.18,0.5768796868103045,1784967080.9101975,3598.4873046875,nan,nan,51.295223236083984,nan
12.323368072509766,1784967080.9551764,Backstepping,circle,circle_bs_tune_baseline_20260725_151054,1784967080.935424,1.066239885817975,-0.03606185115522414,1.5944803040344862,3.794968433524355e-07,0.00031705408946950525,1784967080.8454714,1.0662489420739887,-0.03605920337469315,1.5944828923441314,0.10970497131347656,0,0,1784967080.9506187,0.6714072555856867,0.7370224892578401,2.491916191924723,1784967080.9506533,0.7822178599703139,0.376413898297488,0.8974358878902369,0.7822164016971683,0.3764209901007691,0.8974332995805916,1784967080.9506905,0.18,0.5795174284291812,1784967080.9101975,3598.4873046875,nan,nan,51.295223236083984,nan
12.362507104873657,1784967080.9943154,Backstepping,circle,circle_bs_tune_baseline_20260725_151054,1784967080.9852664,1.066239885745049,-0.03606184807110929,1.5944906962618979,2.636780270935804e-07,0.0003003128848017261,1784967080.9846773,1.0662489420739887,-0.03605920337469315,1.5944828923441314,0.009638071060180664,0,0,1784967080.9910114,0.6679503421154822,0.7396368900190752,2.496250401366862,1784967080.991082,0.7849173372458412,0.3797997716300678,0.901759705104964,0.7849119438344824,0.3798150134752898,0.9017675090227304,1784967080.9911397,0.18,0.5821209880921467,1784967080.958733,3598.537353515625,nan,nan,49.87123489379883,nan
12.40326452255249,1784967081.0350728,Backstepping,circle,circle_bs_tune_baseline_20260725_151054,1784967080.9852664,1.066239885745049,-0.03606184807110929,1.5944906962618979,2.636780270935804e-07,0.0003003128848017261,1784967080.9846773,1.0662489420739887,-0.03605920337469315,1.5944828923441314,0.05039548873901367,0,0,1784967081.0303473,0.664544351008641,0.7421898555357769,2.5005069769512733,1784967081.0303874,0.7875502814096011,0.3831443214323389,0.9060162806893755,0.7875448618975706,0.3831595838247388,0.9060240846071419,1784967081.0304306,0.18,0.584684459384636,1784967081.010355,3598.587158203125,nan,nan,49.91286849975586,nan
12.442802429199219,1784967081.0746107,Backstepping,circle,circle_bs_tune_baseline_20260725_151054,1784967081.035114,1.066241123503425,-0.03606138332777208,1.5944991500604084,3.6122979563240317e-07,0.0002829240213454569,1784967081.042759,1.0662489420739887,-0.03605920337469315,1.5944828923441314,0.031851768493652344,0,0,1784967081.070193,0.6610865331957487,0.7447586163139794,2.5048145359646403,1784967081.0702388,0.7902030767158597,0.3865348773871708,0.9103153859042318,0.7901947982732563,0.38655559224163116,0.9103316436205088,1784967081.070288,0.18,0.5872750010353279,1784967081.0575838,3598.636474609375,nan,nan,49.28030014038086,nan
12.482434034347534,1784967081.1142423,Backstepping,circle,circle_bs_tune_baseline_20260725_151054,1784967081.0856843,1.0662421316051571,-0.0360610254561315,1.5945054689220495,3.9662927332291875e-07,0.00026429798340774855,1784967081.042759,1.0662489420739887,-0.03605920337469315,1.5944828923441314,0.07148337364196777,0,0,1784967081.1103203,0.6576196346480503,0.747311027741437,2.5091196745525917,1784967081.110354,0.792839068854158,0.38993631486296154,0.9146142056305422,0.7928286049557198,0.3899610660698172,0.9146367822084602,1784967081.1104007,0.18,0.5898654732225194,1784967081.1100607,3598.6875,nan,nan,51.06703567504883,nan
12.5227530002594,1784967081.1545613,Backstepping,circle,circle_bs_tune_baseline_20260725_151054,1784967081.135487,1.066242131506852,-0.03606102130901671,1.5945146482833659,2.760916855858241e-07,0.0002509833321243031,1784967081.042759,1.0662489420739887,-0.03605920337469315,1.5944828923441314,0.11180233955383301,0,0,1784967081.15078,0.6540934859216914,0.7498835643037028,2.51348449980131,1784967081.1508703,0.7954980835212708,0.39339318350171854,0.9189698515179443,0.7954839344296288,0.39342529680543326,0.9190016074571787,1784967081.150922,0.18,0.5924895407130609,1784967081.1100607,3598.6875,nan,nan,51.06703567504883,nan
12.562635660171509,1784967081.194444,Backstepping,circle,circle_bs_tune_baseline_20260725_151054,1784967081.1857162,1.0662430308392272,-0.03606071565399208,1.5945150975799487,3.3082800157728086e-07,0.00022796390584494482,1784967081.1591249,1.0662489420739887,-0.03605920337469315,1.5944828923441314,0.03531908988952637,0,0,1784967081.1904542,0.6505925712586378,0.7524144706553615,2.517804444183024,1784967081.1905031,0.7981112001044728,0.39683363799320637,0.9232893466030754,0.798097047718365,0.39686528654074943,0.9233215518388926,1784967081.1905575,0.18,0.5950928484177859,1784967081.1589756,3598.73779296875,nan,nan,50.31912612915039,nan
12.602668523788452,1784967081.2344768,Backstepping,circle,circle_bs_tune_baseline_20260725_151054,1784967081.1857162,1.0662430308392272,-0.03606071565399208,1.5945150975799487,3.3082800157728086e-07,0.00022796390584494482,1784967081.1591249,1.0662489420739887,-0.03605920337469315,1.5944828923441314,0.07535195350646973,0,0,1784967081.2311685,0.6470225774612017,0.7549717139886302,2.5221958426128945,1784967081.2312152,0.8007523920696911,0.4003419786525701,0.9276807450329458,0.8007381266952754,0.4003737122585039,0.9277129502687631,1784967081.2312684,0.18,0.5977388438938492,1784967081.2091668,3598.787109375,nan,nan,49.3834228515625,nan
12.643291234970093,1784967081.2750995,Backstepping,circle,circle_bs_tune_baseline_20260725_151054,1784967081.2355015,1.0662430307551838,-0.036060712109123365,1.5945229979324314,2.3111155418060276e-07,0.0002165017576576823,1784967081.2486572,1.0662697265327,-0.03605634641766573,1.5945714203799037,0.026442289352416992,0,0,1784967081.2708359,0.643550513930964,0.7574361586215157,2.526453628410014,1784967081.2708735,0.8033016751017389,0.4037482711012521,0.9319306304775825,0.803317494816582,0.4037361648126137,0.9318822080301101,1784967081.2709196,0.18,0.6002996840999946,1784967081.2648556,3598.840087890625,nan,nan,52.934181213378906,nan
12.683326482772827,1784967081.3151348,Backstepping,circle,circle_bs_tune_baseline_20260725_151054,1784967081.2858882,1.066246513140594,-0.036060001709626276,1.5945414641662154,4.4722450960877793e-07,0.00021871060527912868,1784967081.2486572,1.0662697265327,-0.03605634641766573,1.5945714203799037,0.06647753715515137,0,0,1784967081.3105524,0.6400089711422625,0.7599271205245098,2.53078346048704,1784967081.310604,0.8058828493697224,0.407218337090925,0.9362419963208245,0.805891945317309,0.407217489437764,0.9362120401071363,1784967081.3106534,0.18,0.6029007331446138,1784967081.308228,3598.886962890625,nan,nan,46.84932327270508,nan
12.722530126571655,1784967081.3543384,Backstepping,circle,circle_bs_tune_baseline_20260725_151054,1784967081.3353689,1.06624651303287,-0.03605999717854311,1.594548965982458,3.128847797878312e-07,0.0002076737653461391,1784967081.2486572,1.0662697265327,-0.03605634641766573,1.5945714203799037,0.10568118095397949,0,0,1784967081.3505986,0.6364584744889915,0.7624014773369187,2.53511110388151,1784967081.3506362,0.8084438842721556,0.41070301964284267,0.9405621378990521,0.808450008279199,0.4107081601473854,0.9405396835016063,1784967081.3506763,0.18,0.605503993226436,1784967081.308228,3598.886962890625,nan,nan,46.84932327270508,nan
12.762470960617065,1784967081.3942792,Backstepping,circle,circle_bs_tune_baseline_20260725_151054,1784967081.385523,1.066249986646415,-0.036059033540805745,1.5945734395524689,6.453110706325041e-07,0.00021846920772246756,1784967081.3592987,1.066272773270087,-0.03605421938655055,1.5946261349340498,0.03498053550720215,0,0,1784967081.3907733,0.6328992764758927,0.7648590893513181,2.539436352599772,1784967081.3908165,0.8109945914374975,0.4141864921040588,0.944862913047303,0.8110121461887909,0.41416665072325537,0.944810217665722,1784967081.3908634,0.18,0.6080986458813683,1784967081.365513,3598.943359375,nan,nan,56.40099334716797,nan
12.802493810653687,1784967081.434302,Backstepping,circle,circle_bs_tune_baseline_20260725_151054,1784967081.385523,1.066249986646415,-0.036059033540805745,1.5945734395524689,6.453110706325041e-07,0.00021846920772246756,1784967081.3592987,1.066272773270087,-0.03605421938655055,1.5946261349340498,0.07500338554382324,0,0,1784967081.4300442,0.6293942238388114,0.7672571938658311,2.54368327223173,1784967081.4300904,0.8134753502777105,0.4176335393662738,0.9491098326792613,0.8134930866690303,0.4176135672561509,0.9490571372976804,1784967081.430141,0.18,0.6106576810203523,1784967081.4108255,3598.988037109375,nan,nan,44.69597625732422,nan
12.842634677886963,1784967081.474443,Backstepping,circle,circle_bs_tune_baseline_20260725_151054,1784967081.435822,1.0662499864706492,-0.03605902616499557,1.594581124366432,4.5231965273894384e-07,0.00020746009212059446,1784967081.4531894,1.066272773270087,-0.03605421938655055,1.5946261349340498,0.021253585815429688,0,0,1784967081.471119,0.625735923448832,0.7697369439978032,2.548102814544352,1784967081.4711726,0.8160446047894256,0.4212255788110044,0.95352169017792,0.8160593011051303,0.4212117426171209,0.9534766796103022,1784967081.4712262,0.18,0.6133159702072993,1784967081.4673305,3599.04443359375,nan,nan,56.238895416259766,nan
12.882537364959717,1784967081.5143456,Backstepping,circle,circle_bs_tune_baseline_20260725_151054,1784967081.4855103,1.0662529771546454,-0.03605823035073371,1.594598203444651,6.484946274108763e-07,0.00020906648740350936,1784967081.4531894,1.066272773270087,-0.03605421938655055,1.5946261349340498,0.061156272888183594,0,0,1784967081.5103898,0.6221957912813314,0.7721142270103531,2.55236708914152,1784967081.5104287,0.8185119378806731,0.42469720120293936,0.9577688856968691,0.8185202618543389,0.4246942248462191,0.9577409542074704,1784967081.5104713,0.18,0.6158775355548516,1784967081.5105472,3599.088134765625,nan,nan,43.88241958618164,nan
12.922513484954834,1784967081.5543218,Backstepping,circle,circle_bs_tune_baseline_20260725_151054,1784967081.5354817,1.066252976981138,-0.036058223074792936,1.5946054811900716,4.5523021893254275e-07,0.00019852353828724275,1784967081.4531894,1.066272773270087,-0.03605421938655055,1.5946261349340498,0.10113239288330078,0,0,1784967081.551045,0.6185639515260868,0.7745304304700313,2.556729236472758,1784967081.551115,0.8210170029314326,0.4282645323465302,0.9621237552826865,0.8210223171679167,0.4282674612467576,0.9621031015387083,1784967081.551171,0.18,0.6185010870937667,1784967081.5105472,3599.088134765625,nan,nan,43.88241958618164,nan
12.962809801101685,1784967081.594618,Backstepping,circle,circle_bs_tune_baseline_20260725_151054,1784967081.5854194,1.066255603337003,-0.036057552584155585,1.594616317671955,6.166776368050577e-07,0.0001933974016619479,1784967081.5616212,1.066272773270087,-0.03605421938655055,1.5946261349340498,0.03299689292907715,0,0,1784967081.5910163,0.6149417810724359,0.7769175358366227,2.561067256797465,1784967081.5910609,0.8234937361121972,0.4318225644217776,0.9664509391255101,0.82349505225404,0.4318317244273275,0.9664411218634152,1784967081.5911098,0.18,0.621110024912668,1784967081.5597808,3599.137939453125,nan,nan,49.764556884765625,nan
13.002660751342773,1784967081.634469,Backstepping,circle,circle_bs_tune_baseline_20260725_151054,1784967081.5854194,1.066255603337003,-0.036057552584155585,1.594616317671955,6.166776368050577e-07,0.0001933974016619479,1784967081.5616212,1.066272773270087,-0.03605421938655055,1.5946261349340498,0.07284784317016602,0,0,1784967081.6306949,0.6113711055319022,0.7792487385461141,2.5653315571438395,1784967081.6307523,0.8259093229160355,0.4353367030476186,0.9707152394718845,0.8259106735569817,0.4353458393385504,0.9707054222097897,1784967081.630804,0.18,0.623678431894743,1784967081.6091113,3599.187744140625,nan,nan,49.89092254638672,nan
13.042617797851562,1784967081.674426,Backstepping,circle,circle_bs_tune_baseline_20260725_151054,1784967081.6352015,1.066255603168779,-0.036057545531603744,1.5946230424434684,4.318659773591856e-07,0.00018368667888559343,1784967081.644399,1.0662753260572935,-0.036054135827657624,1.5946034730292535,0.030027151107788086,0,0,1784967081.6704307,0.6077529790431664,0.7815888619452297,2.5696405066143595,1784967081.670474,0.8283379024690534,0.4388924963165968,0.9750174641708911,0.8283263742050087,0.43892850478723905,0.975037033585106,1784967081.6705232,0.18,0.6262693148438573,1784967081.6594083,3599.23828125,nan,nan,50.35330581665039,nan
13.082801342010498,1784967081.7146096,Backstepping,circle,circle_bs_tune_baseline_20260725_151054,1784967081.6860034,1.066258162175612,-0.03605698976495575,1.5946249895769067,5.182565188508444e-07,0.00016889592844076547,1784967081.644399,1.0662753260572935,-0.036054135827657624,1.5946034730292535,0.07021069526672363,0,0,1784967081.710591,0.604094754377376,0.7839325328588809,2.573985092986735,1784967081.710628,0.8307684303365669,0.4424947998300804,0.9793601034098285,0.8307564646396973,0.4425299019516915,0.9793816199574816,1784967081.7106671,0.18,0.6288863962173502,1784967081.7116976,3599.29052734375,nan,nan,52.33209228515625,nan
13.122676372528076,1784967081.7544847,Backstepping,circle,circle_bs_tune_baseline_20260725_151054,1784967081.735196,1.0662581620497162,-0.036056984484398015,1.5946307270521436,3.600436597863313e-07,0.00016032092858211922,1784967081.644399,1.0662753260572935,-0.036054135827657624,1.5946034730292535,0.11008572578430176,0,0,1784967081.7502189,0.6004971589420749,0.7862155881284282,2.5782459686886394,1784967081.7504587,0.8331391090779127,0.4460321968333829,0.9836152416364958,0.8331245133347336,0.4460721300157557,0.9836424956593859,1784967081.7505703,0.18,0.6314480559709941,1784967081.7116976,3599.29052734375,nan,nan,52.33209228515625,nan
13.162597417831421,1784967081.7944057,Backstepping,circle,circle_bs_tune_baseline_20260725_151054,1784967081.7857618,1.0662604374729545,-0.03605650993035835,1.5946293455822498,4.5577336249254635e-07,0.00014345212712528553,1784967081.7599194,1.0662753260572935,-0.036054135827657624,1.5946034730292535,0.03448629379272461,0,0,1784967081.7902515,0.5968110428609034,0.78853260800658,2.5825998247753703,1784967081.790288,0.8355422775209873,0.44966548677509227,0.9879704791931205,0.8355286242384874,0.4497020451169771,0.9879963517461168,1784967081.7903264,0.18,0.6340714881855422,1784967081.761093,3599.339111328125,nan,nan,48.6789665222168,nan
13.202913761138916,1784967081.834722,Backstepping,circle,circle_bs_tune_baseline_20260725_151054,1784967081.7857618,1.0662604374729545,-0.03605650993035835,1.5946293455822498,4.5577336249254635e-07,0.00014345212712528553,1784967081.7599194,1.0662753260572935,-0.036054135827657624,1.5946034730292535,0.07480263710021973,0,0,1784967081.830383,0.5931622411002808,0.7908042109785987,2.586897959579142,1784967081.8304272,0.8379001891023403,0.4532591182705754,0.9922686139968921,0.8378864428426297,0.4532957376164497,0.9922944865498884,1784967081.8305218,0.18,0.6366579646677396,1784967081.8132832,3599.39208984375,nan,nan,52.88007736206055,nan
13.242463111877441,1784967081.8742714,Backstepping,circle,circle_bs_tune_baseline_20260725_151054,1784967081.835663,1.0662604373481708,-0.036056504694707024,1.5946343366659097,3.16218861513338e-07,0.00013617378557492657,1784967081.842838,1.0662753260572935,-0.036054135827657624,1.5946034730292535,0.0314333438873291,0,0,1784967081.8703182,0.5894733351420334,0.7930787484331341,2.5912317312847697,1784967081.8703575,0.8402642651888987,0.45688857881988576,0.99659739461886,0.8402481497740344,0.45692945309389604,0.9966282582555162,1784967081.8704073,0.18,0.6392622701825744,1784967081.8608162,3599.439453125,nan,nan,47.348087310791016,nan
13.282735586166382,1784967081.9145439,Backstepping,circle,circle_bs_tune_baseline_20260725_151054,1784967081.8857076,1.066262368851824,-0.03605611935057039,1.5946319810941587,3.6677122201701835e-07,0.0001207455911713388,1784967081.842838,1.0662753260572935,-0.036054135827657624,1.5946034730292535,0.07170581817626953,0,0,1784967081.9106562,0.5857553739183426,0.7953489641450042,2.5955880077969153,1784967081.9106956,0.8426210322436339,0.46055529642265647,1.0009560267027566,0.8426062278450679,0.46059231848184046,1.0009845347676618,1784967081.9107354,0.18,0.6418855871393292,1784967081.9110463,3599.489013671875,nan,nan,49.440765380859375,nan
13.323396444320679,1784967081.9552047,Backstepping,circle,circle_bs_tune_baseline_20260725_151054,1784967081.9352624,1.066262368759303,-0.03605611546805958,1.5946361186131113,2.560691983406825e-07,0.00011461729634557182,1784967081.842838,1.0662753260572935,-0.036054135827657624,1.5946034730292535,0.1123666763305664,0,0,1784967081.9507713,0.5820480110026605,0.7975906557487643,2.599920414794596,1784967081.9508088,0.8449523629148478,0.46420468311137136,1.0052842961814847,0.8449355375994247,0.46424526757855694,1.0053169417653425,1784967081.9508483,0.18,0.6444882078809133,1784967081.9110463,3599.489013671875,nan,nan,49.440765380859375,nan
13.36241364479065,1784967081.994222,Backstepping,circle,circle_bs_tune_baseline_20260725_151054,1784967081.9854736,1.0662653186296907,-0.036054689594210224,1.5946715620057315,8.598596716618029e-07,0.00014823420145697555,1784967081.9662943,1.0662844588975504,-0.036047742812825696,1.5947717662790195,0.027927637100219727,0,0,1784967081.990057,0.5783964460550882,0.7997772498672058,2.6041766041409096,1784967081.9900968,0.8472406049565663,0.4677760416736596,1.009505042135178,0.8472809879287491,0.4677104434994199,1.00940483786189,1784967081.990138,0.18,0.6470280750071531,1784967081.968199,3599.5439453125,nan,nan,55.052696228027344,nan
13.402703046798706,1784967082.0345113,Backstepping,circle,circle_bs_tune_baseline_20260725_151054,1784967081.9854736,1.0662653186296907,-0.036054689594210224,1.5946715620057315,8.598596716618029e-07,0.00014823420145697555,1784967081.9662943,1.0662844588975504,-0.036047742812825696,1.5947717662790195,0.06821703910827637,0,0,1784967082.0310721,0.5745983579292122,0.8020292683357743,2.6085921553265177,1784967082.0311105,0.8495826532326927,0.47151928498220735,1.0139205933207862,0.8496234112820922,0.4714534521059298,1.0138203890474982,1784967082.031151,0.18,0.6496815929904415,1784967082.0120423,3599.5888671875,nan,nan,44.84214401245117,nan
13.442601203918457,1784967082.0744095,Backstepping,circle,circle_bs_tune_baseline_20260725_151054,1784967082.035678,1.0662653183809767,-0.036054679204126756,1.5946767769881116,6.034711427942938e-07,0.0001407847382720489,1784967082.0446062,1.0662844588975504,-0.036047742812825696,1.5947717662790195,0.02980327606201172,0,0,1784967082.0706706,0.570934283076073,0.8041804262641189,2.612841031898173,1784967082.0707116,0.8518231378143447,0.47512651881534196,1.0181642549100614,0.8518617903629365,0.4750649038988416,1.0180692656191535,1784967082.0707595,0.18,0.6522309727345341,1784967082.0664961,3599.644775390625,nan,nan,55.92172622680664,nan
13.48242998123169,1784967082.1142383,Backstepping,circle,circle_bs_tune_baseline_20260725_151054,1784967082.0859272,1.0662678021885672,-0.03605353162784818,1.5947034576921164,8.85911333171301e-07,0.00015980394066699398,1784967082.0446062,1.0662844588975504,-0.036047742812825696,1.5947717662790195,0.06963205337524414,0,0,1784967082.1103773,0.5672136943761322,0.8063434224680724,2.617144677032145,1784967082.1104174,0.8540860445782487,0.4787741213257376,1.0224412193400287,0.8541133591316131,0.4787325694959707,1.0223729107531256,1784967082.110458,0.18,0.6548016956742465,1784967082.1120307,3599.6904296875,nan,nan,45.84206008911133,nan
13.522640705108643,1784967082.154449,Backstepping,circle,circle_bs_tune_baseline_20260725_151054,1784967082.1355042,1.0662678019553171,-0.03605352189762825,1.59470894764786,6.200311405576045e-07,0.00015170543185952557,1784967082.0446062,1.0662844588975504,-0.036047742812825696,1.5947717662790195,0.10984277725219727,0,0,1784967082.1500747,0.5634754077527659,0.8084952112116948,2.621458029616984,1784967082.1501231,0.8563292205548074,0.48245520029168737,1.026749081969124,0.8563541479357921,0.4824181966082387,1.0266862633379645,1784967082.1503422,0.18,0.6573878171447342,1784967082.1120307,3599.6904296875,nan,nan,45.84206008911133,nan
13.562745094299316,1784967082.1945534,Backstepping,circle,circle_bs_tune_baseline_20260725_151054,1784967082.1849544,1.0662700082300558,-0.036052543865706686,1.5947282672242156,8.635324578937082e-07,0.00016141524643275006,1784967082.1595514,1.0662844588975504,-0.036047742812825696,1.5947717662790195,0.03500199317932129,0,0,1784967082.1901329,0.5597282776905934,0.8106306268258925,2.625770918716105,1784967082.190174,0.8585620879289336,0.4861358426215898,1.0310426514918896,0.8585787803211559,0.48611305713310127,1.0309991524370856,1784967082.190217,0.18,0.6599663408452104,1784967082.1713297,3599.74951171875,nan,nan,58.91440963745117,nan
13.602532148361206,1784967082.2343404,Backstepping,circle,circle_bs_tune_baseline_20260725_151054,1784967082.1849544,1.0662700082300558,-0.036052543865706686,1.5947282672242156,8.635324578937082e-07,0.00016141524643275006,1784967082.1595514,1.0662844588975504,-0.036047742812825696,1.5947717662790195,0.07478904724121094,0,0,1784967082.230014,0.55596880675157,0.8127516388414932,2.630087438453349,1784967082.230053,0.8607724554281391,0.48984348192849925,1.0353591712291332,0.8607893090970755,0.48982060028760604,1.0353156721743293,1784967082.2300956,0.18,0.6625556281000401,1784967082.2124436,3599.790771484375,nan,nan,41.25524139404297,nan
13.642693519592285,1784967082.2745018,Backstepping,circle,circle_bs_tune_baseline_20260725_151054,1784967082.235348,1.0662700079701297,-0.03605253302614638,1.5947339625091603,6.075356735160019e-07,0.0001532696162730662,1784967082.2425609,1.0662234342429646,-0.036079503115964126,1.594155403819452,0.03194093704223633,0,0,1784967082.2705774,0.5521592508756538,0.8148791650067672,2.6344508217465004,1784967082.270623,0.8629933340688463,0.49359612096345507,1.03971685923734,0.8627334902365836,0.4940481396569727,1.0402954179270483,1784967082.2706711,0.18,0.6651685004721108,1784967082.2598417,3599.838623046875,nan,nan,47.93001937866211,nan
13.68297791481018,1784967082.3147862,Backstepping,circle,circle_bs_tune_baseline_20260725_151054,1784967082.2849534,1.0662639787145862,-0.0360569744678165,1.5946064865681806,-1.424881832688189e-06,-1.411933348071267e-05,1784967082.2425609,1.0662234342429646,-0.036079503115964126,1.594155403819452,0.07222533226013184,0,0,1784967082.3104346,0.5483948231843392,0.8169601445022858,2.638752149451884,1784967082.3104877,0.8651047148669948,0.497413811449341,1.0441456628837034,0.8649018275781899,0.49776293503180835,1.0445967456324319,1784967082.3105354,0.18,0.667817433438558,1784967082.3119545,3599.890380859375,nan,nan,51.7413444519043,nan
13.722927331924438,1784967082.3547356,Backstepping,circle,circle_bs_tune_baseline_20260725_151054,1784967082.3354735,1.0662639791102102,-0.03605699118620649,1.5946059893801403,-9.940503072163714e-07,-1.3402756029210288e-05,1784967082.2425609,1.0662234342429646,-0.036079503115964126,1.594155403819452,0.11217474937438965,0,0,1784967082.3503993,0.5445969418382506,0.8190382707244029,2.6430814150463666,1784967082.3504372,0.8672724392166478,0.5011615716445984,1.0484754256662263,0.8670680938002334,0.5015112415786709,1.0489260112269145,1784967082.3504856,0.18,0.6704111883440078,1784967082.3119545,3599.890380859375,nan,nan,51.7413444519043,nan
13.762531518936157,1784967082.3943398,Backstepping,circle,circle_bs_tune_baseline_20260725_151054,1784967082.3859499,1.066257861938082,-0.036060214244112,1.5944756217973766,-2.191188664650423e-06,-0.00017412844549527528,1784967082.361075,1.0662179261961713,-0.036075979793115644,1.594054348432684,0.033264875411987305,0,0,1784967082.3901575,0.5408124730015523,0.8210878808240609,2.6473852661739907,1784967082.3901994,0.8693488146305766,0.5050033189337175,1.0529096443766142,0.8691508255898229,0.5053292160278432,1.0533309177413068,1784967082.3902473,0.18,0.6730607754825536,1784967082.362852,3599.94140625,nan,nan,50.913002014160156,nan
13.802700281143188,1784967082.4345086,Backstepping,circle,circle_bs_tune_baseline_20260725_151054,1784967082.3859499,1.066257861938082,-0.036060214244112,1.5944756217973766,-2.191188664650423e-06,-0.00017412844549527528,1784967082.361075,1.0662179261961713,-0.036075979793115644,1.594054348432684,0.07343363761901855,0,0,1784967082.430735,0.5369651649782197,0.8231500066320276,2.651750374663981,1784967082.430775,0.8715014553676068,0.5088007232750485,1.0572747528666044,0.8713018663905806,0.5091275268823886,1.057696026231297,1784967082.430817,0.18,0.6756731050314493,1784967082.4111736,3599.989990234375,nan,nan,48.65338134765625,nan
13.842692613601685,1784967082.474501,Backstepping,circle,circle_bs_tune_baseline_20260725_151054,1784967082.4356143,1.0662578625204049,-0.036060239121736115,1.5944696034867765,-1.5308513013398384e-06,-0.00016534464496010512,1784967082.4511113,1.0662311990906599,-0.036075822685238866,1.594089331193328,0.023389577865600586,0,0,1784967082.4704847,0.5331663954645635,0.8251649782675469,2.65605046640745,1784967082.4705293,0.8736027460803634,0.5125559768023537,1.0615808629206736,0.873422730404626,0.5128611275026141,1.061961135214122,1784967082.4705782,0.18,0.6782487888512495,1784967082.462412,3600.04052734375,nan,nan,50.667232513427734,nan
13.88258409500122,1784967082.5143924,Backstepping,circle,circle_bs_tune_baseline_20260725_151054,1784967082.4854872,1.066254374760021,-0.03606285822480048,1.5943760437894452,-2.218539069489359e-06,-0.0002640600515387131,1784967082.4511113,1.0662311990906599,-0.036075822685238866,1.594089331193328,0.06328105926513672,0,0,1784967082.5100856,0.5293732390443964,0.8271561588168669,2.6603344906460364,1784967082.5101273,0.8756373841076479,0.5163793148672756,1.0659584468565912,0.8755017168266507,0.5166068785708089,1.0662451594527085,1784967082.5101705,0.18,0.6808626866036883,1784967082.462412,3600.04052734375,nan,nan,50.667232513427734,nan
13.92290997505188,1784967082.5547183,Backstepping,circle,circle_bs_tune_baseline_20260725_151054,1784967082.5353625,1.0662543753566553,-0.03606288377439718,1.5943668681972138,-1.5392453963429968e-06,-0.00025063498632966157,1784967082.4511113,1.0662311990906599,-0.036075822685238866,1.594089331193328,0.1036069393157959,0,0,1784967082.550119,0.5255415745501107,0.8291465801877744,2.664652297843608,1784967082.5501585,0.8777128460723695,0.5201710385299312,1.070285429646394,0.8775808411638365,0.5203911449489933,1.0705629666502798,1784967082.550203,0.18,0.6834480106628062,1784967082.5148284,3600.093017578125,nan,nan,52.38673782348633,nan
13.963250637054443,1784967082.595059,Backstepping,circle,circle_bs_tune_baseline_20260725_151054,1784967082.5860362,1.0662513096444137,-0.036065088382241366,1.594293942269518,-2.098458603335698e-06,-0.0003172208127707751,1784967082.5598516,1.0662311990906599,-0.036075822685238866,1.594089331193328,0.035207271575927734,0,0,1784967082.5905554,0.5216546496086244,0.8311443144001767,2.669022556174906,1784967082.5905962,0.8797655495403508,0.524070842766834,1.0747286139053882,0.8796685634242107,0.5242304864612437,1.0749332249815782,1784967082.5906422,0.18,0.686098463585649,1784967082.5627344,3600.140869140625,nan,nan,47.850887298583984,nan
14.002615213394165,1784967082.6344235,Backstepping,circle,circle_bs_tune_baseline_20260725_151054,1784967082.5860362,1.0662513096444137,-0.036065088382241366,1.594293942269518,-2.098458603335698e-06,-0.0003172208127707751,1784967082.5598516,1.0662311990906599,-0.036075822685238866,1.594089331193328,0.07457184791564941,0,0,1784967082.6304038,0.5178219671780102,0.8330932130031786,2.673322287429484,1784967082.6304436,0.8818039607484155,0.5278566769055091,1.079028345159966,0.8817061999660137,0.5280167376021785,1.079232956236156,1784967082.6304853,0.18,0.6886644598615124,1784967082.6113362,3600.189208984375,nan,nan,48.4100227355957,nan
14.04304027557373,1784967082.6748486,Backstepping,circle,circle_bs_tune_baseline_20260725_151054,1784967082.6350691,1.0662513101787052,-0.036065111308845564,1.594283157761736,-1.4679439763359204e-06,-0.0003012457653128401,1784967082.6430047,1.0662311990906599,-0.036075822685238866,1.594089331193328,0.03184390068054199,0,0,1784967082.6702685,0.513975690282087,0.8350282413280168,2.677627889503153,1784967082.67031,0.8838231141439677,0.5316659592687707,1.083344731741417,0.8837302866195466,0.5318169025718908,1.0835385583098252,1784967082.670353,0.18,0.6912388215446135,1784967082.6628895,3600.24169921875,nan,nan,52.30609893798828,nan
14.082639694213867,1784967082.714448,Backstepping,circle,circle_bs_tune_baseline_20260725_151054,1784967082.685155,1.0662487056325796,-0.036066895518343196,1.5942282822903302,-1.758592978447256e-06,-0.000339314022082365,1784967082.6430047,1.0662311990906599,-0.036075822685238866,1.594089331193328,0.07144331932067871,0,0,1784967082.7103176,0.5101011332111983,0.8369565837124097,2.681955790389689,1784967082.7103546,0.8858142532539771,0.5355401257893412,1.087727508099359,0.8857483478170018,0.5356454957665703,1.0878664591963612,1784967082.7104099,0.18,0.6938487764202783,1784967082.7117937,3600.2900390625,nan,nan,48.39839553833008,nan
14.122774362564087,1784967082.7545826,Backstepping,circle,circle_bs_tune_baseline_20260725_151054,1784967082.7351837,1.0662487060935129,-0.03606691528987545,1.5942164777483785,-1.2285565090821352e-06,-0.00032211224038974646,1784967082.6430047,1.0662311990906599,-0.036075822685238866,1.594089331193328,0.11157798767089844,0,0,1784967082.750553,0.5062064262221313,0.838873936663684,2.6862968748699747,1784967082.7506003,0.8878159845884595,0.5393993206984782,1.0920803971215962,0.8877558918721311,0.5394944893671316,1.0922075436766467,1784967082.7506483,0.18,0.696441545656582,1784967082.7117937,3600.2900390625,nan,nan,48.39839553833008,nan
14.16296911239624,1784967082.7947774,Backstepping,circle,circle_bs_tune_baseline_20260725_151054,1784967082.7850685,1.0662463850674162,-0.03606843580506539,1.5941768085486712,-1.5633914444796237e-06,-0.0003411975818234691,1784967082.7602048,1.0662311990906599,-0.036075822685238866,1.594089331193328,0.034572601318359375,0,0,1784967082.7899554,0.5023744165271168,0.8407399881123352,2.6905590895306193,1784967082.790004,0.8897511796948706,0.5432195204423478,1.0963822809819481,0.8897106880648948,0.5432819975395922,1.0964697583372913,1784967082.7900562,0.18,0.6990001276540234,1784967082.7641585,3600.341796875,nan,nan,51.7235221862793,nan
14.203388929367065,1784967082.8351972,Backstepping,circle,circle_bs_tune_baseline_20260725_151054,1784967082.7850685,1.0662463850674162,-0.03606843580506539,1.5941768085486712,-1.5633914444796237e-06,-0.0003411975818234691,1784967082.7602048,1.0662311990906599,-0.036075822685238866,1.594089331193328,0.07499241828918457,0,0,1784967082.8305953,0.4984240650713099,0.8426425829047556,2.694943741668376,1784967082.8306358,0.8917456071927243,0.5471243126934601,1.1007669331197047,0.8917047739742188,0.5471869642430067,1.100854410475048,1784967082.8306828,0.18,0.7016082489307358,1784967082.8122656,3600.390380859375,nan,nan,48.668060302734375,nan
14.243128776550293,1784967082.874937,Backstepping,circle,circle_bs_tune_baseline_20260725_151054,1784967082.835151,1.0662463854996143,-0.03606845435174063,1.5941648644583846,-1.091668712586953e-06,-0.00032396563524391943,1784967082.843103,1.0662366807497226,-0.03607578677238298,1.5940293539532495,0.03183412551879883,0,0,1784967082.8710291,0.49453389691331606,0.8444954031361755,2.699252613891276,1784967082.8710783,0.8936823043985355,0.5509807760026304,1.1050877494328915,0.8936147375014741,0.5510920018140736,1.1052232599380265,1784967082.871128,0.18,0.7041765629045416,1784967082.8633082,3600.441162109375,nan,nan,50.76723098754883,nan
14.28325629234314,1784967082.9150646,Backstepping,circle,circle_bs_tune_baseline_20260725_151054,1784967082.885045,1.0662451292181176,-0.03606968206761625,1.594122585215118,-1.274367239115634e-06,-0.00034491520039072143,1784967082.843103,1.0662366807497226,-0.03607578677238298,1.5940293539532495,0.07196164131164551,0,0,1784967082.9106603,0.4906231428295801,0.8463373634631511,2.703575442184123,1784967082.9107087,0.8955928808488711,0.5548840031835874,1.109452856969005,0.8955470512122851,0.5549589100199434,1.1095460882308734,1784967082.9107628,0.18,0.7067681673296433,1784967082.9130735,3600.491943359375,nan,nan,50.869083404541016,nan
14.32268500328064,1784967082.9544933,Backstepping,circle,circle_bs_tune_baseline_20260725_151054,1784967082.9355373,1.0662451295655335,-0.03606969699703036,1.5941104426284696,-8.864084422566407e-07,-0.0003273469276627682,1784967082.843103,1.0662366807497226,-0.03607578677238298,1.5940293539532495,0.11139035224914551,0,0,1784967082.9510796,0.4866582222958834,0.8481838136788731,2.7079492281567177,1784967082.9511213,0.8975245366531913,0.5588156765218135,1.113838785528248,0.8974851119375282,0.5588798657532995,1.1139198742034682,1784967082.951164,0.18,0.7093713005297804,1784967082.9130735,3600.491943359375,nan,nan,50.869083404541016,nan
14.362784624099731,1784967082.994593,Backstepping,circle,circle_bs_tune_baseline_20260725_151054,1784967082.98503,1.0662439697636528,-0.03607070930742007,1.5940807923367488,-1.1124276470646432e-06,-0.00033389886608242735,1784967082.9662855,1.0662364349444526,-0.03607556337831506,1.594024939741188,0.028307437896728516,0,0,1784967082.9899862,0.4828265794561184,0.8499482058090199,2.71216759191862,1784967082.9900296,0.8993620757927244,0.5626306300612941,1.118086799581871,0.8993353277626667,0.5626732153602725,1.1181426521774318,1784967082.9900746,0.18,0.7118895983733539,1784967082.9625232,3600.541259765625,nan,nan,49.28847885131836,nan
14.40285062789917,1784967083.034659,Backstepping,circle,circle_bs_tune_baseline_20260725_151054,1784967082.98503,1.0662439697636528,-0.03607070930742007,1.5940807923367488,-1.1124276470646432e-06,-0.00033389886608242735,1784967082.9662855,1.0662364349444526,-0.03607556337831506,1.594024939741188,0.06837344169616699,0,0,1784967083.0301957,0.4788853729734097,0.8517426711565856,2.7164980934750163,1784967083.0302334,0.9012478153073482,0.5665289888064516,1.1224173011382674,0.9012208495408949,0.566571679422796,1.1224731537338282,1784967083.030275,0.18,0.7144558572637677,1784967083.0160518,3600.59375,nan,nan,52.571632385253906,nan
14.442921161651611,1784967083.0747294,Backstepping,circle,circle_bs_tune_baseline_20260725_151054,1784967083.035811,1.066243970097119,-0.03607072365455202,1.5940688508676784,-7.721402653022316e-07,-0.0003169727380483214,1784967083.0534673,1.066234415223843,-0.036071386688682545,1.5939865285001755,0.021262168884277344,0,0,1784967083.070548,0.47490799336010303,0.853532778025248,2.7208597515713295,1784967083.0705874,0.9031232418334634,0.5704743970106791,1.1267909007036512,0.9030767172666091,0.5705391746422929,1.126873223071154,1784967083.0706284,0.18,0.7170455525322096,1784967083.0623674,3600.640869140625,nan,nan,47.10778045654297,nan
14.482502222061157,1784967083.1143105,Backstepping,circle,circle_bs_tune_baseline_20260725_151054,1784967083.085165,1.0662427137725656,-0.03607083582443443,1.5940397105480135,-5.742279529694319e-07,-0.00032334396005771754,1784967083.0534673,1.066234415223843,-0.036071386688682545,1.5939865285001755,0.06084322929382324,0,0,1784967083.111135,0.47096794011341625,0.8552855757952397,2.7251720999371134,1784967083.1111786,0.904950596820972,0.5743977071714512,1.1311323893890999,0.9049204061832571,0.5744375243941551,1.1311855714369379,1784967083.1112201,0.18,0.7196129798419144,1784967083.1116557,3600.68994140625,nan,nan,48.973243713378906,nan
14.523349046707153,1784967083.1551573,Backstepping,circle,circle_bs_tune_baseline_20260725_151054,1784967083.1351414,1.0662427139296862,-0.03607084258942047,1.5940284208662907,-4.0164875390071464e-07,-0.00030703967852455555,1784967083.0534673,1.066234415223843,-0.036071386688682545,1.5939865285001755,0.10169005393981934,0,0,1784967083.1500049,0.4670565804724307,0.8570055342899944,2.7294449232708535,1784967083.150044,0.9067544740228957,0.5782782732447939,1.1354165024045628,0.9067305993036506,0.5783079497366322,1.135458394770678,1784967083.1500864,0.18,0.7221454390513188,1784967083.1116557,3600.68994140625,nan,nan,48.973243713378906,nan
14.562629699707031,1784967083.194438,Backstepping,circle,circle_bs_tune_baseline_20260725_151054,1784967083.1851816,1.0662362494782016,-0.03606595667210702,1.5938220181614773,2.1694705799419e-06,-0.0005338903637215239,1784967083.1602979,1.0661941639142445,-0.03604236952352448,1.593184488023218,0.03414011001586914,0,0,1784967083.1900818,0.46308737120404386,0.8587306000139892,2.7337727984081828,1784967083.190124,0.9084460572080314,0.5823875070465119,1.1399507802467055,0.9080500596515481,0.5829250034052279,1.1405883103849648,1784967083.190172,0.18,0.7248177816439881,1784967083.161437,3600.740234375,nan,nan,50.179931640625,nan
14.602476596832275,1784967083.2342849,Backstepping,circle,circle_bs_tune_baseline_20260725_151054,1784967083.1851816,1.0662362494782016,-0.03606595667210702,1.5938220181614773,2.1694705799419e-06,-0.0005338903637215239,1784967083.1602979,1.0661941639142445,-0.03604236952352448,1.593184488023218,0.07398700714111328,0,0,1784967083.230247,0.4591121304664333,0.8604378749045689,2.7380991543423256,1784967083.2302926,0.9102444041133811,0.5863223863181011,1.1442771361808484,0.9098458975874775,0.5868610283774353,1.1449146663191077,1784967083.2303383,0.18,0.7273706388400858,1784967083.2116823,3600.790283203125,nan,nan,50.26145935058594,nan
14.642426013946533,1784967083.2742343,Backstepping,circle,circle_bs_tune_baseline_20260725_151054,1784967083.2353814,1.0662362488834651,-0.03606593042228253,1.5938032161061908,1.5125466686570547e-06,-0.0005069859055357021,1784967083.2530782,1.0662948533771905,-0.036058085208962955,1.5945538213358603,0.02115607261657715,0,0,1784967083.2701738,0.4551406676410825,0.8621232419999587,2.7424134338986,1784967083.2702153,0.9120096376435163,0.5902711408461864,1.1486102177924093,0.912445990455846,0.5896451897459991,1.1478596125627398,1784967083.2702603,0.18,0.7299251469005259,1784967083.2623267,3600.841064453125,nan,nan,50.726051330566406,nan
14.6825590133667,1784967083.3143673,Backstepping,circle,circle_bs_tune_baseline_20260725_151054,1784967083.2851768,1.0662439389072966,-0.03606464332052994,1.593960239555263,1.559302708143055e-06,-0.0002678736500154786,1784967083.2530782,1.0662948533771905,-0.036058085208962955,1.5945538213358603,0.061289072036743164,0,0,1784967083.3104963,0.4511355169709963,0.8638024836776577,2.746756372321757,1784967083.3105438,0.9138727620181955,0.5941008263166889,1.152796132766494,0.9142199016527354,0.5936093193563631,1.1522025509858966,1784967083.3105934,0.18,0.7323974955482965,1784967083.3124003,3600.891357421875,nan,nan,50.13143539428711,nan
14.722606420516968,1784967083.3544147,Backstepping,circle,circle_bs_tune_baseline_20260725_151054,1784967083.334989,1.066243938488071,-0.03606462530743963,1.5939509284868745,1.0861412241277572e-06,-0.00025432237986946924,1784967083.2530782,1.0662948533771905,-0.036058085208962955,1.5945538213358603,0.10133647918701172,0,0,1784967083.3503838,0.4471357071514329,0.8654591304786443,2.7510856894146523,1784967083.350421,0.9156160207021977,0.598069717498637,1.1571347609277778,0.9159710974758047,0.5975686463705359,1.156531868078792,1784967083.3504593,0.18,0.7349505704176562,1784967083.3124003,3600.891357421875,nan,nan,50.13143539428711,nan
14.762738943099976,1784967083.3945472,Backstepping,circle,circle_bs_tune_baseline_20260725_151054,1784967083.385538,1.0662459075019028,-0.03606052734907303,1.5940166018513442,2.7117421376115905e-06,-0.00014891872556746809,1784967083.3601358,1.0662589575056756,-0.03604053113203046,1.5942667050193984,0.03441143035888672,0,0,1784967083.3910737,0.44307275534584556,0.8671212156235388,2.755475465644511,1784967083.391112,0.9174072163047032,0.602034914169616,1.1614588637931669,0.9175380740004586,0.6018189645769668,1.1612087606251127,1784967083.3911555,0.18,0.7374944723149253,1784967083.3649359,3600.9423828125,nan,nan,51.114288330078125,nan
14.802733421325684,1784967083.4345417,Backstepping,circle,circle_bs_tune_baseline_20260725_151054,1784967083.385538,1.0662459075019028,-0.03606052734907303,1.5940166018513442,2.7117421376115905e-06,-0.00014891872556746809,1784967083.3601358,1.0662589575056756,-0.03604053113203046,1.5942667050193984,0.07440590858459473,0,0,1784967083.4305124,0.43913526023342175,0.8687121647933626,2.7597222307812297,1784967083.4305644,0.9190891580924458,0.6059344088604662,1.1657056289298855,0.9192209910115631,0.6057180384868921,1.1654555257618313,1784967083.430619,0.18,0.7399886496424033,1784967083.4154701,3600.994140625,nan,nan,51.8754997253418,nan
14.842820882797241,1784967083.4746292,Backstepping,circle,circle_bs_tune_baseline_20260725_151054,1784967083.435521,1.0662459067267052,-0.036060494172742756,1.5940113874799087,1.8827738344526309e-06,-0.00014136173072937765,1784967083.4632456,1.0662613793940947,-0.03604507604237516,1.5941967360049523,0.011383533477783203,0,0,1784967083.4701374,0.43515399257768295,0.8703010741117055,2.764008855689677,1784967083.4701765,0.9207668635709458,0.6098825128801811,1.1699974682097682,0.920864836702933,0.6097276688140731,1.1698121196847246,1784967083.470218,0.18,0.7425068063282471,1784967083.4636989,3601.04248046875,nan,nan,48.15357971191406,nan
14.8824942111969,1784967083.5143025,Backstepping,circle,circle_bs_tune_baseline_20260725_151054,1784967083.4854999,1.0662479484377447,-0.03605785772687265,1.5940503697654163,2.5692455174788986e-06,-7.957897902490036e-05,1784967083.4632456,1.0662613793940947,-0.03604507604237516,1.5941967360049523,0.051056861877441406,0,0,1784967083.5103693,0.43110967845815906,0.8718949402840819,2.7683559139858804,1784967083.5104423,0.9224755226546679,0.6138548814757276,1.1743055442204642,0.9225528964798649,0.6137335819761787,1.1741591779809282,1784967083.510505,0.18,0.7450337841366198,1784967083.5128531,3601.091796875,nan,nan,49.35863494873047,nan
14.922993421554565,1784967083.5548017,Backstepping,circle,circle_bs_tune_baseline_20260725_151054,1784967083.5352466,1.066247947692602,-0.03605782585299892,1.594047591680837,1.7959147555977866e-06,-7.557199469422309e-05,1784967083.4632456,1.0662613793940947,-0.03604507604237516,1.5941967360049523,0.09155607223510742,0,0,1784967083.550262,0.4270963484761463,0.873456567921574,2.772662365783366,1784967083.550302,0.9241282975503594,0.6178333828231977,1.1786147741025288,0.924208001572756,0.6177092738095817,1.1784656297784135,1784967083.550344,0.18,0.7475569565945042,1784967083.5128531,3601.091796875,nan,nan,49.35863494873047,nan
14.962822914123535,1784967083.5946312,Backstepping,circle,circle_bs_tune_baseline_20260725_151054,1784967083.5856762,1.066256433951154,-0.03605455427689514,1.5941885881825508,2.7180402306999636e-06,0.00010570062361837567,1784967083.560031,1.0663123416390015,-0.036038292111949054,1.5946666466581636,0.034600257873535156,0,0,1784967083.5900614,0.42308200795950945,0.8749987309239654,2.776962740768107,1784967083.5901082,0.9258479655497784,0.6216888091419197,1.1827741525855562,0.9261301402217822,0.6213024085583075,1.1822960941099434,1784967083.59016,0.18,0.7499974328573864,1784967083.5620356,3601.140869140625,nan,nan,49.19525146484375,nan
15.003182172775269,1784967083.6349905,Backstepping,circle,circle_bs_tune_baseline_20260725_151054,1784967083.5856762,1.066256433951154,-0.03605455427689514,1.5941885881825508,2.7180402306999636e-06,0.00010570062361837567,1784967083.560031,1.0663123416390015,-0.036038292111949054,1.5946666466581636,0.07495951652526855,0,0,1784967083.6307178,0.418985772780044,0.8765519845297931,2.781343582023295,1784967083.6307664,0.9274966056719277,0.6257475928460787,1.1871549938407442,0.9277807204914179,0.6253604036523159,1.1866769353651314,1784967083.6308198,0.18,0.7525571387285015,1784967083.6161819,3601.19482421875,nan,nan,53.95045471191406,nan
15.042646408081055,1784967083.6744547,Backstepping,circle,circle_bs_tune_baseline_20260725_151054,1784967083.6351144,1.0662564331669429,-0.03605452110528756,1.5941922436317182,1.882496425074462e-06,0.00010034118142841231,1784967083.6520913,1.0663110963037592,-0.03603793642322549,1.5946763945727733,0.02236342430114746,0,0,1784967083.6709254,0.4149538756517479,0.8780608466716188,2.7856485661160075,1784967083.6709764,0.9291016304065092,0.6297396981354351,1.1914563224842893,0.9293911358522045,0.6293448424753614,1.1909721715432342,1784967083.671025,0.18,0.7550676105235381,1784967083.6656635,3601.244140625,nan,nan,49.3442497253418,nan
15.08263349533081,1784967083.7144418,Backstepping,circle,circle_bs_tune_baseline_20260725_151054,1784967083.685572,1.0662635682645405,-0.03605176646950306,1.5943067030577587,2.4704110859907604e-06,0.00023049701568221906,1784967083.6520913,1.0663110963037592,-0.03603793642322549,1.5946763945727733,0.06235051155090332,0,0,1784967083.710575,0.4108943682922248,0.8795600977527244,2.789976080764445,1784967083.7106233,0.9307653863308114,0.6336636882332072,1.1956693777066865,0.9309868915715004,0.6333673935925695,1.1952996861916718,1784967083.7106752,0.18,0.7575302138057599,1784967083.6656635,3601.244140625,nan,nan,49.3442497253418,nan
15.12288784980774,1784967083.7546961,Backstepping,circle,circle_bs_tune_baseline_20260725_151054,1784967083.7356825,1.0662635675360919,-0.03605173579237402,1.5943147960004471,1.7213927942051218e-06,0.00021879598138106353,1784967083.6520913,1.0663110963037592,-0.03603793642322549,1.5946763945727733,0.10260486602783203,0,0,1784967083.7503054,0.4068654549515941,0.8810283580182997,2.7942641991268715,1784967083.75035,0.9323330831814359,0.6376494266830244,1.1999494031264244,0.9325509347934113,0.6373600994061468,1.1995878045540982,1784967083.7503974,0.18,0.7600227058385152,1784967083.7152398,3601.2939453125,nan,nan,49.74795150756836,nan
15.162466287612915,1784967083.7942746,Backstepping,circle,circle_bs_tune_baseline_20260725_151054,1784967083.785746,1.0662695085914589,-0.036049408407748514,1.5944115348380743,2.239092721031335e-06,0.0003180925748446097,1784967083.7600846,1.0663085847062181,-0.036037902433757124,1.5947019370339195,0.03418993949890137,0,0,1784967083.7902987,0.4027959215908642,0.8824916000971407,2.79858880411497,1784967083.790344,0.9339515058672424,0.6415990723504243,1.2041772692768955,0.9341272196253743,0.6413671637128423,1.2038868670810503,1784967083.790389,0.18,0.7624873099574839,1784967083.7645187,3601.34326171875,nan,nan,49.314762115478516,nan
15.203428506851196,1784967083.8352368,Backstepping,circle,circle_bs_tune_baseline_20260725_151054,1784967083.785746,1.0662695085914589,-0.036049408407748514,1.5944115348380743,2.239092721031335e-06,0.0003180925748446097,1784967083.7600846,1.0663085847062181,-0.036037902433757124,1.5947019370339195,0.07515215873718262,0,0,1784967083.8307467,0.3986899586383692,0.8839478456461647,2.802945363868388,1784967083.8307915,0.9355042995342672,0.6456695041081082,1.2085338290303138,0.9356811952892268,0.6454371443642051,1.2082434268344686,1784967083.8308399,0.18,0.7650185158480163,1784967083.8186758,3601.3974609375,nan,nan,54.083011627197266,nan
15.242995500564575,1784967083.8748038,Backstepping,circle,circle_bs_tune_baseline_20260725_151054,1784967083.8353775,1.0662695079201587,-0.03604938022675644,1.5944225695685874,1.5499102815428351e-06,0.0003018805979297481,1784967083.8534124,1.0663096843864852,-0.03603836099134316,1.5947002774461483,0.02139139175415039,0,0,1784967083.8701642,0.39465046632872924,0.88536090945662,2.807224881995829,1784967083.8701997,0.9370194946677859,0.6496641636839152,1.2128023124272416,0.9371898195866767,0.6494443493072268,1.2125246045496807,1784967083.8702466,0.18,0.7674955815488212,1784967083.862714,3601.44140625,nan,nan,43.937744140625,nan
15.283381938934326,1784967083.9151902,Backstepping,circle,circle_bs_tune_baseline_20260725_151054,1784967083.8859231,1.066274765630917,-0.036047543854822714,1.5944965264553186,1.8607273610224244e-06,0.000364032181922737,1784967083.8534124,1.0663096843864852,-0.03603836099134316,1.5947002774461483,0.06177783012390137,0,0,1784967083.9106858,0.39052567377610437,0.8867838362090957,2.811588213790568,1784967083.9107316,0.9385861043831434,0.6536900762839799,1.2170916873352493,0.9387109292771655,0.6535339531333452,1.2168879363444196,1784967083.9107828,0.18,0.7699864496106186,1784967083.862714,3601.44140625,nan,nan,43.937744140625,nan
15.322553634643555,1784967083.954362,Backstepping,circle,circle_bs_tune_baseline_20260725_151054,1784967083.9354,1.0662747651042381,-0.03604752178674333,1.5945090743696926,1.2975664411395866e-06,0.0003455857351288719,1784967083.8534124,1.0663096843864852,-0.03603836099134316,1.5947002774461483,0.10094952583312988,0,0,1784967083.9504733,0.38645696965224063,0.8881677272595994,2.815885833610209,1784967083.9505167,0.940074257786028,0.6577130464199836,1.2213767592405165,0.9401916738102745,0.6575684175730048,1.2211855561640608,1784967083.950563,0.18,0.7724670919804222,1784967083.9154067,3601.4931640625,nan,nan,51.75130081176758,nan
15.362730979919434,1784967083.9945393,Backstepping,circle,circle_bs_tune_baseline_20260725_151054,1784967083.9855103,1.066259141041321,-0.0360478715221768,1.593992525664121,9.080761388666528e-07,-0.0003535988308769246,1784967083.9839835,1.066159774687564,-0.03605018859143599,1.5922993486836663,0.010555744171142578,0,0,1784967083.9906876,0.38233488659201365,0.8895499235495025,2.8202334841381633,1784967083.99073,0.9412118113526393,0.6622718401350604,1.2262409584740424,0.9400892993198662,0.6637651350278144,1.227934135454497,1784967083.990778,0.18,0.7752654608638397,1784967083.965218,3601.54248046875,nan,nan,49.524810791015625,nan
15.402543783187866,1784967084.034352,Backstepping,circle,circle_bs_tune_baseline_20260725_151054,1784967083.9855103,1.066259141041321,-0.0360478715221768,1.593992525664121,9.080761388666528e-07,-0.0003535988308769246,1784967083.9839835,1.066159774687564,-0.03605018859143599,1.5922993486836663,0.050368547439575195,0,0,1784967084.0306888,0.3782264060607262,0.8909077638475954,2.8245605353008827,1784967084.0307243,0.942664578950202,0.6663477214947866,1.2305680096367617,0.9415351636498013,0.6678434703365542,1.2322611866172164,1784967084.0307612,0.18,0.7777636653812511,1784967084.0161254,3601.5947265625,nan,nan,52.088783264160156,nan
15.442494630813599,1784967084.074303,Backstepping,circle,circle_bs_tune_baseline_20260725_151054,1784967084.0354946,1.0662591407627686,-0.03604785914140528,1.5939800264275006,6.316985058038336e-07,-0.00033587860537692357,1784967084.054115,1.0661641551396364,-0.0360582763857288,1.5918385570109055,0.020187854766845703,0,0,1784967084.0706248,0.3741344329328714,0.892240589375822,2.8288641031872355,1784967084.0706725,0.9440835635908149,0.6704194804723452,1.2348840767597349,0.9426541335192551,0.6723444839892836,1.23702554617633,1784967084.0707252,0.18,0.7802522859883536,1784967084.06705,3601.644287109375,nan,nan,49.57456588745117,nan
15.482494354248047,1784967084.1143026,Backstepping,circle,circle_bs_tune_baseline_20260725_151054,1784967084.085064,1.0662467675560687,-0.03604950483666465,1.5934823417649477,-1.7627824933390316e-07,-0.0009108240611073864,1784967084.054115,1.0661641551396364,-0.0360582763857288,1.5918385570109055,0.060187578201293945,0,0,1784967084.1102228,0.37006666882059525,0.8935462638882046,2.833136282790812,1784967084.1102667,0.9451487657716516,0.6749139453788445,1.2396539410258645,0.9440451074944984,0.6763838753055099,1.2412977257799067,1784967084.1103156,0.18,0.7829876827021001,1784967084.06705,3601.644287109375,nan,nan,49.57456588745117,nan
15.52308702468872,1784967084.1548953,Backstepping,circle,circle_bs_tune_baseline_20260725_151054,1784967084.135048,1.0662467676041567,-0.03604950711058927,1.5934502306292944,-1.2305926720363774e-07,-0.0008649761555498306,1784967084.054115,1.0661641551396364,-0.0360582763857288,1.5918385570109055,0.10078024864196777,0,0,1784967084.150292,0.36593339488281396,0.8948533720894313,2.8374713162075604,1784967084.1503294,0.9465274948992005,0.6790468996432236,1.244021085578266,0.9454388932123027,0.6804887317789206,1.245632759196655,1784967084.1503701,0.18,0.785498675202,1784967084.1151848,3601.693115234375,nan,nan,48.943275451660156,nan
15.562735557556152,1784967084.1945438,Backstepping,circle,circle_bs_tune_baseline_20260725_151054,1784967084.1860626,1.0662284697738789,-0.03604931722714204,1.592926834574456,2.0363739878462742e-07,-0.00142849749768451,1784967084.1592407,1.0661075910761486,-0.03604907869497083,1.5912959119355075,0.03530311584472656,0,0,1784967084.1909099,0.3617336059068965,0.8961613685250378,2.8418700789105023,1784967084.1909504,0.9475719720784951,0.6836937425315365,1.2489432443360462,0.9464529444711911,0.6851174007359284,1.2505741669749948,1784967084.1909971,0.18,0.7883082325336092,1784967084.1681912,3601.744140625,nan,nan,51.000614166259766,nan
15.602917671203613,1784967084.234726,Backstepping,circle,circle_bs_tune_baseline_20260725_151054,1784967084.1860626,1.0662284697738789,-0.03604931722714204,1.592926834574456,2.0363739878462742e-07,-0.00142849749768451,1784967084.1592407,1.0661075910761486,-0.03604907869497083,1.5912959119355075,0.0754852294921875,0,0,1784967084.2303421,0.3576776316951247,0.8974053764178122,2.846112543929728,1784967084.230382,0.9489054287936023,0.6877211952789661,1.253185709355272,0.947779830951911,0.6891470228908116,1.2548166319942207,1784967084.2304275,0.18,0.7907403835772274,1784967084.2204561,3601.797119140625,nan,nan,53.00670623779297,nan
15.642611265182495,1784967084.2744195,Backstepping,circle,circle_bs_tune_baseline_20260725_151054,1784967084.2350483,1.0662284697220306,-0.03604931475314286,1.5928779578015373,1.4105898766785816e-07,-0.0013559311191857298,1784967084.2515836,1.0662209164978556,-0.03609443434916233,1.593737694735181,0.022835969924926758,0,0,1784967084.2708814,0.35348073191235785,0.8986728282844993,2.850496655334147,1784967084.2709281,0.9502316213296612,0.6919354653888555,1.2576186975326098,0.9508710870080617,0.6911096742968553,1.2567589605989662,1784967084.2709785,0.18,0.793278139621903,1784967084.2663388,3601.843017578125,nan,nan,45.87223815917969,nan
15.682907819747925,1784967084.314716,Backstepping,circle,circle_bs_tune_baseline_20260725_151054,1784967084.2854273,1.0662275224711375,-0.036056834217713156,1.5930293150492283,-3.279318278705691e-06,-0.0010441999172904894,1784967084.2515836,1.0662209164978556,-0.03609443434916233,1.593737694735181,0.06313252449035645,0,0,1784967084.3102643,0.3494083487094434,0.8998835204815934,2.8547451971661175,1784967084.3103006,0.9516447632124301,0.6958349804928029,1.2617158821168892,0.952174878468173,0.6951532133873088,1.2610075024309366,1784967084.3103397,0.18,0.7956194614852495,1784967084.2663388,3601.843017578125,nan,nan,45.87223815917969,nan
15.722837448120117,1784967084.3546457,Backstepping,circle,circle_bs_tune_baseline_20260725_151054,1784967084.335089,1.06622752337305,-0.03605687525390992,1.5929930590602746,-2.2752566212291962e-06,-0.0009909866679264825,1784967084.2515836,1.0662209164978556,-0.03609443434916233,1.593737694735181,0.10306215286254883,0,0,1784967084.3500552,0.34528234222555876,0.9010909864963776,2.8590442589413247,1784967084.350096,0.9529183203594668,0.6999676733437179,1.2660511998810502,0.9534766746784293,0.6992504356547576,1.2653065642061438,1784967084.350141,0.18,0.7980943068619756,1784967084.318138,3601.89697265625,nan,nan,53.91712188720703,nan
15.76270580291748,1784967084.394514,Backstepping,circle,circle_bs_tune_baseline_20260725_151054,1784967084.3854027,1.0662078568061604,-0.03605840901693052,1.592600304265934,-2.1061299377165387e-06,-0.0013855914595019962,1784967084.3612123,1.0660787027045249,-0.03606650966615474,1.5914322005639208,0.03330183029174805,0,0,1784967084.390397,0.3410901518341445,0.9022981354855001,2.863406792510661,1784967084.390439,0.9539426970685978,0.7044870626093248,1.270806488244727,0.9531245664045602,0.7054715919722385,1.2719745919467402,1784967084.3904848,0.18,0.8007870376392322,1784967084.366837,3601.943359375,nan,nan,46.25385284423828,nan
15.802767753601074,1784967084.434576,Backstepping,circle,circle_bs_tune_baseline_20260725_151054,1784967084.3854027,1.0662078568061604,-0.03605840901693052,1.592600304265934,-2.1061299377165387e-06,-0.0013855914595019962,1784967084.3612123,1.0660787027045249,-0.03606650966615474,1.5914322005639208,0.0733637809753418,0,0,1784967084.430407,0.3369245156222903,0.9034780574434809,2.8677363155972087,1784967084.430443,0.9552131588038384,0.7086259837073556,1.2751360113312746,0.9543901925850923,0.7096119942772793,1.276304115033288,1784967084.4304812,0.18,0.8032508988518362,1784967084.4214182,3601.999755859375,nan,nan,56.38542175292969,nan
15.842516422271729,1784967084.4743247,Backstepping,circle,circle_bs_tune_baseline_20260725_151054,1784967084.4352214,1.0662078574022429,-0.03605843696651342,1.5925519308887992,-1.4543880143262696e-06,-0.0013148226658069653,1784967084.4597383,1.0660542500750383,-0.03609003383044455,1.5911343855279974,0.014586448669433594,0,0,1784967084.4712145,0.3327292384952545,0.9046467206833793,2.8720913303982343,1784967084.4712539,0.9564385572817734,0.7128410511240024,1.279539399509435,0.9554555786147282,0.714041911371936,1.280956944870237,1784967084.4713013,0.18,0.8057529286510814,1784967084.4658346,3602.042724609375,nan,nan,43.053279876708984,nan
15.88240909576416,1784967084.5142174,Backstepping,circle,circle_bs_tune_baseline_20260725_151054,1784967084.485969,1.0661876293356594,-0.036063669045620285,1.592182115680328,-3.259677400222443e-06,-0.0016475406647287443,1784967084.4597383,1.0660542500750383,-0.03609003383044455,1.5911343855279974,0.054479122161865234,0,0,1784967084.5105104,0.32859322123407986,0.9057796374947491,2.876379706252726,1784967084.510549,0.9574007737457514,0.7172852175868759,1.2841975905723981,0.9566723738892391,0.7181540335182427,1.2852453207247287,1784967084.5105903,0.18,0.8083772015838647,1784967084.4658346,3602.042724609375,nan,nan,43.053279876708984,nan
15.922519207000732,1784967084.5543275,Backstepping,circle,circle_bs_tune_baseline_20260725_151054,1784967084.5355482,1.0661876302806095,-0.03606371441858504,1.5921247811538999,-2.2267660294986533e-06,-0.0015625314987066459,1784967084.4597383,1.0660542500750383,-0.03609003383044455,1.5911343855279974,0.0945892333984375,0,0,1784967084.5503328,0.3244500451463532,0.9068954315505241,2.8806705025326336,1784967084.550378,0.9585635934655486,0.721458545898518,1.2885457213787337,0.9578721955359304,0.7222736612301778,1.2895361170046362,1784967084.5504677,0.18,0.810839834699567,1784967084.5282717,3602.105712890625,nan,nan,62.90043640136719,nan
15.962571382522583,1784967084.5943797,Backstepping,circle,circle_bs_tune_baseline_20260725_151054,1784967084.5857162,1.0661731494013758,-0.036067656018543295,1.591852204306364,-3.22385727841481e-06,-0.0017520767906380492,1784967084.5601432,1.0660777064085092,-0.03608738138041095,1.5911574316930424,0.03423643112182617,0,0,1784967084.5901275,0.3202753954050832,0.9080004503643052,2.884988927711161,1784967084.590165,0.9595632090897195,0.7258556996176653,1.293136723404797,0.9590764509567671,0.7264263778020882,1.2938314960181188,1784967084.5902042,0.18,0.8134226604245707,1784967084.567271,3602.14501953125,nan,nan,39.452152252197266,nan
16.002874851226807,1784967084.6346831,Backstepping,circle,circle_bs_tune_baseline_20260725_151054,1784967084.5857162,1.0661731494013758,-0.036067656018543295,1.591852204306364,-3.22385727841481e-06,-0.0017520767906380492,1784967084.5601432,1.0660777064085092,-0.03608738138041095,1.5911574316930424,0.0745398998260498,0,0,1784967084.6303651,0.3161020217775147,0.9090858819828138,2.8893011473309125,1784967084.6304111,0.960736267654972,0.7300052951203897,1.2974489430245484,0.9602466262138171,0.7305767873121886,1.2981437156378701,1784967084.6304634,0.18,0.8158569937552365,1784967084.6174064,3602.19580078125,nan,nan,50.66758346557617,nan
16.042714595794678,1784967084.6745229,Backstepping,circle,circle_bs_tune_baseline_20260725_151054,1784967084.6350114,1.0661731502769298,-0.03606769859888422,1.5917917964308521,-2.2548384358464677e-06,-0.001663404738216255,1784967084.6538715,1.0660816471718821,-0.036079977351326835,1.5912410401020292,0.02065134048461914,0,0,1784967084.67046,0.31188471666919926,0.9101632539901376,2.8936538962017617,1784967084.6704981,0.9618578827767276,0.7342570871651174,1.3018620997709096,0.9614637457399716,0.7346949900923976,1.3024128560997326,1784967084.67054,0.18,0.8183441624342935,1784967084.6653838,3602.24365234375,nan,nan,47.83250427246094,nan
16.082740545272827,1784967084.7145488,Backstepping,circle,circle_bs_tune_baseline_20260725_151054,1784967084.6854067,1.0661611798194341,-0.036069712532045994,1.5916108694883124,-2.3577808989616976e-06,-0.00172863562934167,1784967084.6538715,1.0660816471718821,-0.036079977351326835,1.5912410401020292,0.060677289962768555,0,0,1784967084.7101834,0.3077358293620296,0.9112040972973638,2.89793135439268,1784967084.7102273,0.9628537533016133,0.738545416855428,1.3063204849043675,0.9625891884281855,0.7388217320801328,1.3066903142906507,1784967084.7102745,0.18,0.8208418012348728,1784967084.6653838,3602.24365234375,nan,nan,47.83250427246094,nan
16.12246870994568,1784967084.754277,Backstepping,circle,circle_bs_tune_baseline_20260725_151054,1784967084.735321,1.0661611804421058,-0.03606974283091606,1.5915503978972712,-1.6471034398929578e-06,-0.0016411845758647306,1784967084.6538715,1.0660816471718821,-0.036079977351326835,1.5912410401020292,0.10040545463562012,0,0,1784967084.750312,0.3035220412545656,0.9122419450369147,2.902271074165019,1784967084.7503562,0.9639341920407225,0.7427949834121431,1.3107206762677477,0.9637129629605765,0.7430134225440679,1.3110300340629897,1784967084.750402,0.18,0.8233132401317983,1784967084.7156825,3602.2939453125,nan,nan,50.28391647338867,nan
16.162610054016113,1784967084.7944183,Backstepping,circle,circle_bs_tune_baseline_20260725_151054,1784967084.7852087,1.0661543314316577,-0.036066915152437845,1.5914638498192524,2.7361403032823954e-07,-0.0015941467281068225,1784967084.760846,1.066109482955394,-0.03605319265756201,1.5913941042622148,0.03357243537902832,0,0,1784967084.7901495,0.2993183380050465,0.9132580131580748,2.906595833648356,1784967084.7901814,0.9649696574084785,0.747053425537492,1.3151319838291036,0.9649029081066186,0.7470761697369244,1.315201729386141,1784967084.7902162,0.18,0.8257806124745841,1784967084.7682796,3602.34619140625,nan,nan,52.25072479248047,nan
16.202696084976196,1784967084.8345044,Backstepping,circle,circle_bs_tune_baseline_20260725_151054,1784967084.7852087,1.0661543314316577,-0.036066915152437845,1.5914638498192524,2.7361403032823954e-07,-0.0015941467281068225,1784967084.760846,1.066109482955394,-0.03605319265756201,1.5913941042622148,0.07365846633911133,0,0,1784967084.8304307,0.2951018321806095,0.9142578757405063,2.9109292706142984,1784967084.8304691,0.9660564449820194,0.7512483676492804,1.319465420795046,0.965989403098942,0.7512711876371143,1.3195351663520836,1784967084.8305128,0.18,0.8282062323783752,1784967084.8195229,3602.397216796875,nan,nan,51.050960540771484,nan
16.242637395858765,1784967084.8744457,Backstepping,circle,circle_bs_tune_baseline_20260725_151054,1784967084.8350456,1.0661543313638604,-0.03606691150745683,1.5914080889138305,1.8997112706026116e-07,-0.0015130891124639893,1784967084.8519878,1.0661192502431462,-0.03606801047655197,1.5914196507559593,0.02245783805847168,0,0,1784967084.870416,0.29089350407863845,0.9152365851903602,2.9152499102245892,1784967084.8704534,0.9670797860187985,0.755489497363329,1.3238418213107588,0.9670888961018221,0.7554432197656313,1.32383025946863,1784967084.8704927,0.18,0.8306515554543553,1784967084.8645878,3602.443359375,nan,nan,46.15605163574219,nan
16.282399892807007,1784967084.9142082,Backstepping,circle,circle_bs_tune_baseline_20260725_151054,1784967084.88501,1.0661497453434106,-0.03606706552782726,1.5913612677089328,1.0551475819316856e-07,-0.0014293046114572997,1784967084.8519878,1.0661192502431462,-0.03606801047655197,1.5914196507559593,0.06222033500671387,0,0,1784967084.910279,0.28670881635510104,0.9161908200903589,2.91954201971403,1784967084.9103193,0.9680845566295879,0.7596943686242986,1.328180752005097,0.9681292241337418,0.7596073395014102,1.3281223689580706,1784967084.910365,0.18,0.8330675984922526,1784967084.8645878,3602.443359375,nan,nan,46.15605163574219,nan
16.322601556777954,1784967084.9544098,Backstepping,circle,circle_bs_tune_baseline_20260725_151054,1784967084.9355507,1.0661497453174082,-0.036067064132234046,1.5913105326844585,7.354270975399394e-08,-0.001356755781508754,1784967084.8519878,1.0661192502431462,-0.03606801047655197,1.5914196507559593,0.10242199897766113,0,0,1784967084.9507163,0.2824454269006541,0.9171435985162784,2.923910578597697,1784967084.9507551,0.9690860427431036,0.7639864317200907,1.3326000459132386,0.9691697189775453,0.7638501742671305,1.3324909278417378,1784967084.9507978,0.18,0.8355280885833527,1784967084.9169517,3602.4951171875,nan,nan,51.927513122558594,nan
16.362542629241943,1784967084.994351,Backstepping,circle,circle_bs_tune_baseline_20260725_151054,1784967084.985482,1.0661497453035704,-0.03606706334615279,1.5912654794520298,5.1183013222276305e-08,-0.0012850774830197491,1784967084.9848156,1.0661061729734274,-0.03606294078054574,1.59125974368232,0.00953531265258789,0,0,1784967084.9903352,0.2782501405548148,0.9180620957352531,2.9282052372585854,1784967084.9903727,0.9700557936820825,0.7682056993517172,1.3369397578065556,0.9700463741361436,0.7681677845041363,1.3369454935762655,1784967084.990415,0.18,0.83793987244191,1784967084.9667325,3602.54541015625,nan,nan,50.1123046875,nan
16.402583122253418,1784967085.0343914,Backstepping,circle,circle_bs_tune_baseline_20260725_151054,1784967084.985482,1.0661497453035704,-0.03606706334615279,1.5912654794520298,5.1183013222276305e-08,-0.0012850774830197491,1784967084.9848156,1.0661061729734274,-0.03606294078054574,1.59125974368232,0.0495758056640625,0,0,1784967085.03048,0.27403039451468414,0.918966928379472,2.9325209072720133,1784967085.030525,0.9710468053710861,0.7724060415508126,1.3412554278199835,0.9710373617329353,0.7723681323873773,1.3412611635896934,1784967085.0305758,0.18,0.8403339816796738,1784967085.0185046,3602.59619140625,nan,nan,50.8884162902832,nan
16.442704439163208,1784967085.0745127,Backstepping,circle,circle_bs_tune_baseline_20260725_151054,1784967085.0351179,1.066143813669136,-0.03606629935893659,1.5912191598476149,3.7765136671109324e-07,-0.0012220565408167668,1784967085.0515196,1.0661017876823482,-0.036061707359623586,1.5912387942331268,0.022993087768554688,0,0,1784967085.0704577,0.26979430320333087,0.9198561331369597,2.9368493231426798,1784967085.0704978,0.9719856681224407,0.7766621535343223,1.345630163295065,0.9719954671243279,0.7766011457026774,1.345610528909553,1784967085.0705428,0.18,0.8427510608578636,1784967085.0185046,3602.59619140625,nan,nan,50.8884162902832,nan
16.482532739639282,1784967085.114341,Backstepping,circle,circle_bs_tune_baseline_20260725_151054,1784967085.085497,1.0661383514726361,-0.036065469530856785,1.5911669297701927,9.452345968940673e-07,-0.0012103756912394106,1784967085.0515196,1.0661017876823482,-0.036061707359623586,1.5912387942331268,0.0628213882446289,0,0,1784967085.1104107,0.26557234394492035,0.9207233492728214,2.9411594313274945,1784967085.110456,0.9728971948751673,0.7809108940209728,1.3499925015573018,0.9729488033176537,0.780804496022181,1.3499206370943677,1784967085.1105032,0.18,0.8451571302594928,1784967085.0185046,3602.59619140625,nan,nan,50.8884162902832,nan
16.522578954696655,1784967085.1543872,Backstepping,circle,circle_bs_tune_baseline_20260725_151054,1784967085.1355217,1.0661383505095405,-0.036065422258699235,1.5911063850715013,9.452345968940673e-07,-0.0012103756912394106,1784967085.0515196,1.0661017876823482,-0.036061707359623586,1.5912387942331268,0.10286760330200195,0,0,1784967085.1504602,0.2613325682292402,0.9215751651028703,2.945483933318766,1784967085.150501,0.9737876101169566,0.7851913984097916,1.3543775482472649,0.973887106609887,0.7850259738747082,1.3542451390856394,1784967085.1505444,0.18,0.8475759305030593,1784967085.0185046,3602.59619140625,nan,nan,50.8884162902832,nan
16.56308341026306,1784967085.1948917,Backstepping,circle,circle_bs_tune_baseline_20260725_151054,1784967085.1854663,1.0661365184206222,-0.036065623525066405,1.5910829871504224,4.3579288845131287e-07,-0.0011197782789458758,1784967085.1604457,1.0661244308742281,-0.036066595671696344,1.5911594722148723,0.034446001052856445,0,0,1784967085.190098,0.25711028011275805,0.9224045347288988,2.949786908973368,1784967085.1901314,0.9746842512832862,0.7894169423278767,1.3587039218229457,0.9747453528596327,0.7893302863961621,1.3586274367584958,1784967085.1901677,0.18,0.8499561968144367,1784967085.1822064,3602.7607421875,nan,nan,164.6217498779297,nan
16.60312056541443,1784967085.2349288,Backstepping,circle,circle_bs_tune_baseline_20260725_151054,1784967085.1854663,1.0661365184206222,-0.036065623525066405,1.5910829871504224,4.3579288845131287e-07,-0.0011197782789458758,1784967085.1604457,1.0661244308742281,-0.036066595671696344,1.5911594722148723,0.07448315620422363,0,0,1784967085.2306845,0.25283986195812613,0.9232241893773683,2.9541352804791057,1784967085.2307327,0.9755903638542357,0.79366985485542,1.3630522933286833,0.9756517907122205,0.7935831296071872,1.3629758082642334,1784967085.2307854,0.18,0.85,1784967085.1822064,3602.7607421875,nan,nan,164.6217498779297,nan
16.642595052719116,1784967085.2744033,Backstepping,circle,circle_bs_tune_baseline_20260725_151054,1784967085.2350545,1.066136517982749,-0.03606560194373841,1.591027522096677,4.3579288845131287e-07,-0.0011197782789458758,1784967085.2593455,1.066053918329677,-0.03608608209402657,1.5910941780550318,0.015057802200317383,0,0,1784967085.2709978,0.2485966822049155,0.9240195698306741,2.958452366698893,1784967085.2710454,0.9764273762527963,0.7979501858191591,1.367424844602216,0.9764993616691167,0.797802101031513,1.367358188643861,1784967085.2710984,0.18,0.85,1784967085.2420614,3602.820068359375,nan,nan,59.12664794921875,nan
16.682462692260742,1784967085.314271,Backstepping,circle,circle_bs_tune_baseline_20260725_151054,1784967085.2849383,1.06612567112152,-0.036069172174169314,1.5910248535700218,-1.5385016814427552e-06,-0.0009797672109323795,1784967085.2593455,1.066053918329677,-0.03608608209402657,1.5910941780550318,0.05492544174194336,0,0,1784967085.3102846,0.24437466132665497,0.9247921863773814,2.9627445019375407,1784967085.3103259,0.9772864549122174,0.8021474038488948,1.371719648367519,0.9773575111285044,0.8020075708185956,1.3716503238825088,1784967085.3103712,0.18,0.85,1784967085.2817693,3602.860595703125,nan,nan,40.650184631347656,nan
16.722505807876587,1784967085.354314,Backstepping,circle,circle_bs_tune_baseline_20260725_151054,1784967085.334837,1.0661256715203515,-0.03606919203571496,1.59099108891073,-1.0561823017231072e-06,-0.0009269862826673232,1784967085.2593455,1.066053918329677,-0.03608608209402657,1.5910941780550318,0.09496855735778809,0,0,1784967085.350477,0.24011244192748304,0.9255531847557324,2.967074128020915,1784967085.350518,0.9781063018485094,0.8064263842984711,1.376083039110185,0.9782048607003836,0.8062534666535836,1.3759799499658831,1784967085.3505583,0.18,0.85,1784967085.3338835,3602.912353515625,nan,nan,51.76042938232422,nan
16.76263117790222,1784967085.3944395,Backstepping,circle,circle_bs_tune_baseline_20260725_151054,1784967085.3852186,1.0661166697826832,-0.03607238225304503,1.5909642021834034,-2.906760153352558e-06,-0.0009014043181138199,1784967085.3613985,1.0660573002162583,-0.03608704707720626,1.5910478745008698,0.03304100036621094,0,0,1784967085.3902006,0.23586204168757374,0.9262931316310673,2.971388459075602,1784967085.390244,0.978913139491265,0.8106782315556124,1.3804242568921987,0.9789944269644592,0.8105366664294762,1.3803405845747323,1784967085.3902924,0.18,0.85,1784967085.3845057,3602.963134765625,nan,nan,50.79428482055664,nan
16.80267357826233,1784967085.4344819,Backstepping,circle,circle_bs_tune_baseline_20260725_151054,1784967085.3852186,1.0661166697826832,-0.03607238225304503,1.5909642021834034,-2.906760153352558e-06,-0.0009014043181138199,1784967085.3613985,1.0660573002162583,-0.03608704707720626,1.5910478745008698,0.07308340072631836,0,0,1784967085.4300928,0.23162921150712779,0.9270112642198013,2.9756817787777505,1784967085.43014,0.9797164874418267,0.8148957187010373,1.3847175765943471,0.9797981277991317,0.814754086342153,1.3846339042768807,1784967085.43019,0.18,0.85,1784967085.3845057,3602.963134765625,nan,nan,50.79428482055664,nan
16.842506885528564,1784967085.4743152,Backstepping,circle,circle_bs_tune_baseline_20260725_151054,1784967085.4355316,1.066116669939515,-0.03607239026317337,1.5909332837094994,-2.0110484899348227e-06,-0.0008554424004857538,1784967085.461887,1.0660575419556841,-0.03608717028729575,1.5910393715675135,0.01242828369140625,0,0,1784967085.47033,0.2273405782065291,0.9277198177048401,2.9800285538326823,1784967085.47037,0.9804860636725832,0.8191995063148928,1.389095270123183,0.980586545423087,0.8190360689971419,1.3889891822651688,1784967085.4704163,0.18,0.85,1784967085.4349723,3603.013427734375,nan,nan,50.33634948730469,nan
16.88268208503723,1784967085.5144904,Backstepping,circle,circle_bs_tune_baseline_20260725_151054,1784967085.485243,1.0661023875333975,-0.035758163465648765,1.592563547262717,0.0028671468771681637,0.005255062206594039,1784967085.461887,1.0660575419556841,-0.03608717028729575,1.5910393715675135,0.05260348320007324,0,0,1784967085.5104969,0.22304875291882365,0.9284097470198566,2.984375483382853,1784967085.5105429,0.9822889876124961,0.8218683199041354,1.3918119361201358,0.9813632070609924,0.8233130496447616,1.3933361118153393,1784967085.5105915,0.18,0.85,1784967085.4838576,3603.0625,nan,nan,49.00373840332031,nan
16.925225019454956,1784967085.5570333,Backstepping,circle,circle_bs_tune_baseline_20260725_151054,1784967085.5351303,1.066087658054143,-0.03508329619684263,1.596227131670744,0.008020735212435185,0.017203186541872566,1784967085.461887,1.0660575419556841,-0.03608717028729575,1.5910393715675135,0.09514641761779785,0,0,1784967085.5504224,0.21879020827682183,0.9290754294818399,2.988685746062907,1784967085.55046,0.9853921029444725,0.8225067903404585,1.392458614392163,0.982114953158053,0.8275572472619408,1.3976463744953933,1784967085.5505004,0.18,0.85,1784967085.5342443,3603.113037109375,nan,nan,50.45883560180664,nan
16.96284532546997,1784967085.5946536,Backstepping,circle,circle_bs_tune_baseline_20260725_151054,1784967085.5849893,1.0660766518007023,-0.034901781953179785,1.5957333037074555,0.007896961656001605,0.015483005932738875,1784967085.5640168,1.0660622762824714,-0.03608657927605313,1.5910580260000462,0.03063678741455078,0,0,1784967085.5901227,0.21455037766763807,0.9297195250320146,2.9929742249142253,1784967085.5901618,0.9855536866074749,0.8272092795920379,1.3972409212067698,0.9828597592640317,0.8317695824089829,1.401916198914179,1784967085.590207,0.18,0.85,1784967085.5845835,3603.163330078125,nan,nan,50.336326599121094,nan
17.002533197402954,1784967085.6343415,Backstepping,circle,circle_bs_tune_baseline_20260725_151054,1784967085.5849893,1.0660766518007023,-0.034901781953179785,1.5957333037074555,0.007896961656001605,0.015483005932738875,1784967085.5640168,1.0660622762824714,-0.03608657927605313,1.5910580260000462,0.07032465934753418,0,0,1784967085.6303627,0.21025548470478927,0.9303530378805029,2.9973155926357826,1784967085.6304085,0.9862940930370536,0.831487040970442,1.4015822889283271,0.9835801579520911,0.8360507586284079,1.4062575666357364,1784967085.6304557,0.18,0.85,1784967085.5845835,3603.163330078125,nan,nan,50.336326599121094,nan
17.04275417327881,1784967085.6745625,Backstepping,circle,circle_bs_tune_baseline_20260725_151054,1784967085.634998,1.0660218633289587,-0.03295277615423355,1.6041725871716672,0.018675995315940143,0.040177241928526466,1784967085.6519268,1.0660629096792567,-0.036086583350231835,1.591054415416306,0.022635698318481445,0,0,1784967085.6705215,0.20595882531992937,0.9309677662224485,3.001656007636698,1784967085.6705647,0.9920840592645349,0.8274179480276461,1.3974834204650308,0.9842787945784873,0.8403382684979642,1.410601592220392,1784967085.6706123,0.18,0.85,1784967085.635889,3603.21435546875,nan,nan,51.05158996582031,nan
17.082853317260742,1784967085.7146616,Backstepping,circle,circle_bs_tune_baseline_20260725_151054,1784967085.6850348,1.0659270389240278,-0.0305674078712694,1.6135132652709565,0.0339862967521249,0.07299457841989794,1784967085.6519268,1.0660629096792567,-0.036086583350231835,1.591054415416306,0.06273484230041504,0,0,1784967085.7101192,0.20172408546928444,0.9315550310062386,3.00593127714506,1784967085.7101617,0.9981496406130973,0.8223281748155357,1.3924180118741036,0.9849517207301188,0.84456024338223,1.4148768617287542,1784967085.7102065,0.18,0.8336225983984616,1784967085.6845903,3603.263427734375,nan,nan,49.002037048339844,nan
17.12261939048767,1784967085.7544277,Backstepping,circle,circle_bs_tune_baseline_20260725_151054,1784967085.7352111,1.0656903117984124,-0.0260976350464852,1.6332688674170661,0.05316730948937366,0.12478121534252151,1784967085.6519268,1.0660629096792567,-0.036086583350231835,1.591054415416306,0.10250091552734375,0,0,1784967085.7504842,0.19740840234100654,0.9321345524365412,3.010285699714335,1784967085.750523,1.010571392298191,0.8067638195209306,1.377016832297269,0.9856185447610438,0.8488633017903466,1.419231284298029,1784967085.7505662,0.18,0.8224445289382201,1784967085.7344832,3603.31298828125,nan,nan,49.692481994628906,nan
17.162428617477417,1784967085.794237,Backstepping,circle,circle_bs_tune_baseline_20260725_151054,1784967085.7851787,1.0654711547367006,-0.0231531074156539,1.6444646852600555,0.07015099395000375,0.16677610727355774,1784967085.7651913,1.0660542335015606,-0.036087538426490665,1.5911191034020902,0.029045581817626953,0,0,1784967085.790159,0.1931534528119827,0.9326872052306122,3.014576392997416,1784967085.7901974,1.0174519032933034,0.7996002131413967,1.3701117077373604,0.9863132376306347,0.8530336887549842,1.4234572895953257,1784967085.7902405,0.18,0.8180812874713929,1784967085.7912529,3603.3701171875,nan,nan,57.11857986450195,nan
17.202504873275757,1784967085.8343132,Backstepping,circle,circle_bs_tune_baseline_20260725_151054,1784967085.7851787,1.0654711547367006,-0.0231531074156539,1.6444646852600555,0.07015099395000375,0.16677610727355774,1784967085.7651913,1.0660542335015606,-0.036087538426490665,1.5911191034020902,0.0691218376159668,0,0,1784967085.830365,0.1888563044552185,0.9332265128779919,3.0189072550427043,1784967085.8304074,1.0183060257935734,0.8038460124175162,1.3744425697826488,0.9869397578854969,0.857318990273992,1.4277881516406141,1784967085.8304508,0.18,0.8204486966323613,1784967085.7912529,3603.3701171875,nan,nan,57.11857986450195,nan
17.24290442466736,1784967085.8747127,Backstepping,circle,circle_bs_tune_baseline_20260725_151054,1784967085.8350277,1.0649722283043046,-0.018013175588205223,1.669628135080113,0.08215368750964033,0.2220052028403822,1784967085.8539646,1.066065567511218,-0.03608768797735643,1.5909865475035698,0.020748138427734375,0,0,1784967085.8703992,0.18458038425135448,0.9337444076990112,3.0232144278179724,1784967085.8704495,1.0339822494563993,0.7821847634854322,1.3535862927378595,0.9874306000402582,0.8617257291127067,1.4322278803144026,1784967085.8704998,0.18,0.8050003376715318,1784967085.8352964,3603.414306640625,nan,nan,44.026123046875,nan
17.282524824142456,1784967085.914333,Backstepping,circle,circle_bs_tune_baseline_20260725_151054,1784967085.8853478,1.064805159090691,-0.016443704382772255,1.6743825726433943,0.0866607640883409,0.2434355598662507,1784967085.8539646,1.066065567511218,-0.03608768797735643,1.5909865475035698,0.06036853790283203,0,0,1784967085.9101324,0.18029915206710556,0.9342442382076022,3.0275247419964395,1784967085.9101717,1.037050899489233,0.7814626494696333,1.3531421693530452,0.9880167618256883,0.8659959977124635,1.4365381944928697,1784967085.910262,0.18,0.8036637133523222,1784967085.8934436,3603.47216796875,nan,nan,58.033905029296875,nan
17.322789192199707,1784967085.9545975,Backstepping,circle,circle_bs_tune_baseline_20260725_151054,1784967085.9357626,1.0640601980391682,-0.010776177103926345,1.7010088807345685,0.09627608139766328,0.2904276389816998,1784967085.8539646,1.066065567511218,-0.03608768797735643,1.5909865475035698,0.10063290596008301,0,0,1784967085.9502242,0.1760014724330735,0.9347271900511529,3.0318494757305707,1784967085.9502707,1.0528089319264131,0.7577719117799754,1.3308405949960023,0.9885863804412932,0.8702830511705766,1.440862928227001,1784967085.9503174,0.18,0.7885686041535312,1784967085.9351041,3603.513671875,nan,nan,41.5464973449707,nan
17.362721920013428,1784967085.9945302,Backstepping,circle,circle_bs_tune_baseline_20260725_151054,1784967085.9850929,1.063064933848239,-0.004488280038497281,1.7299501369904444,0.1068897046091028,0.33457880494704034,1784967085.9855137,1.0660519957641914,-0.036087407845904404,1.5911324364061763,0.00901651382446289,0,0,1784967085.9905775,0.1716527082364352,0.9351967384397063,3.0362235191952314,1784967085.9906175,1.0690825150058558,0.731222446339912,1.306273382204787,0.9892706606579521,0.8744635717497354,1.445091082789055,1784967085.9906626,0.18,0.7724367233833415,1784967085.993588,3603.570556640625,nan,nan,56.83640670776367,nan
17.402552843093872,1784967086.0343611,Backstepping,circle,circle_bs_tune_baseline_20260725_151054,1784967085.9850929,1.063064933848239,-0.004488280038497281,1.7299501369904444,0.1068897046091028,0.33457880494704034,1784967085.9855137,1.0660519957641914,-0.036087407845904404,1.5911324364061763,0.04884743690490723,0,0,1784967086.0305088,0.16737745338685572,0.9356396044713139,3.040521653999003,1784967086.030555,1.0701973382054202,0.7353734827869355,1.3105715170085586,0.9898003711762371,0.8787289370468258,1.4493892175928267,1784967086.030604,0.18,0.7748510017729834,1784967085.993588,3603.570556640625,nan,nan,56.83640670776367,nan
17.442871809005737,1784967086.07468,Backstepping,circle,circle_bs_tune_baseline_20260725_151054,1784967086.0350437,1.0630925666552369,-0.0034830648629838156,1.723467635265965,0.11473808118349767,0.3326954735437487,1784967086.0528839,1.0660478446995358,-0.03608793313144005,1.591173490459355,0.021796226501464844,0,0,1784967086.070704,0.16311343080834473,0.9360628194251375,3.044806630958232,1784967086.07076,1.0654852651074143,0.7466257854383613,1.3213389956922668,0.9903468960863357,0.8829386540963698,1.4536331404988767,1784967086.0708175,0.18,0.7829649516117453,1784967086.0377035,3603.615478515625,nan,nan,44.89841842651367,nan
17.482762098312378,1784967086.1145704,Backstepping,circle,circle_bs_tune_baseline_20260725_151054,1784967086.0854418,1.0630742228111283,-0.0021434373290165755,1.7189953050569473,0.12309158236690036,0.3313585089441282,1784967086.0528839,1.0660478446995358,-0.03608793313144005,1.591173490459355,0.06168651580810547,0,0,1784967086.1103358,0.1587974836707392,0.9364724102637015,3.049141973365458,1784967086.1103837,1.061850192826353,0.7557713267233735,1.3301466683085108,0.9908443425658648,0.8872453594902464,1.457968482906103,1784967086.1104338,0.18,0.7899169969721686,1784967086.0889812,3603.66650390625,nan,nan,50.964839935302734,nan
17.52268958091736,1784967086.1544979,Backstepping,circle,circle_bs_tune_baseline_20260725_151054,1784967086.1360152,1.0616764834327757,0.005923795990048042,1.7475031778243253,0.1369612489215398,0.36993951179307466,1784967086.0528839,1.0660478446995358,-0.03608793313144005,1.591173490459355,0.10161399841308594,0,0,1784967086.150189,0.15449496011291797,0.9368619469023481,3.053462097991618,1784967086.1502266,1.0759137435685249,0.7294064528624029,1.3059589201672928,0.9913214654933202,0.8915390527106049,1.462288607532263,1784967086.150269,0.18,0.7745096596410749,1784967086.1393251,3603.717041015625,nan,nan,50.471519470214844,nan
17.562448740005493,1784967086.194257,Backstepping,circle,circle_bs_tune_baseline_20260725_151054,1784967086.1857388,1.0618841649892392,0.006778037419975706,1.7366611917270225,0.14790023028836424,0.3556967871324325,1784967086.1631303,1.0660635452571376,-0.03608770473458167,1.5909716403169605,0.031126737594604492,0,0,1784967086.1903517,0.15016636663613103,0.9372349442876748,3.0578067358624064,1784967086.190392,1.0682167724204643,0.7455818710854302,1.3211455441353839,0.9916018226875889,0.8960750226115414,1.4668350955454459,1784967086.1904335,0.18,0.7868050175063316,1784967086.1908374,3603.768310546875,nan,nan,51.318572998046875,nan
17.603200912475586,1784967086.2350092,Backstepping,circle,circle_bs_tune_baseline_20260725_151054,1784967086.1857388,1.0618841649892392,0.006778037419975706,1.7366611917270225,0.14790023028836424,0.3556967871324325,1784967086.1631303,1.0660635452571376,-0.03608770473458167,1.5909716403169605,0.07187891006469727,0,0,1784967086.2301087,0.14589833554945897,0.9375841830346576,3.0620890349041545,1784967086.2301505,1.069265893119546,0.7497336662174124,1.325427843177132,0.9920370933830828,0.9003351395677808,1.471117394587194,1784967086.2301948,0.18,0.7891962481637534,1784967086.1908374,3603.768310546875,nan,nan,51.318572998046875,nan
17.64331364631653,1784967086.275122,Backstepping,circle,circle_bs_tune_baseline_20260725_151054,1784967086.2351234,1.0601589256940893,0.015866489728649152,1.76410217545498,0.16173736491113658,0.38825362870027835,1784967086.254949,1.0661500224313063,-0.036063881130276566,1.592404654308848,0.020172834396362305,0,0,1784967086.2704062,0.1415732585482793,0.9379193295123429,3.066427080978068,1784967086.27045,1.0813433515290725,0.7243463421200937,1.3023249055230879,0.9937328362896984,0.903316410238266,1.47402242666922,1784967086.2704926,0.18,0.774387573977613,1784967086.2402751,3603.81591796875,nan,nan,47.72419357299805,nan
17.682767868041992,1784967086.3145761,Backstepping,circle,circle_bs_tune_baseline_20260725_151054,1784967086.2849975,1.0607309563912215,0.015609958415681045,1.7489043743872044,0.1650140579904955,0.36130839122039893,1784967086.254949,1.0661500224313063,-0.036063881130276566,1.592404654308848,0.05962705612182617,0,0,1784967086.3103404,0.1372625130469357,0.9382345933619467,3.0707493427883708,1784967086.3103845,1.0716382462344856,0.745400330070979,1.3218449684011664,0.9941411672927133,0.9076193375981221,1.4783446884795228,1784967086.3104284,0.18,0.7892185933958445,1784967086.2871068,3603.865478515625,nan,nan,49.37777328491211,nan
17.722501039505005,1784967086.3543093,Backstepping,circle,circle_bs_tune_baseline_20260725_151054,1784967086.3356006,1.058901361861014,0.02476933980135916,1.7747688289356807,0.171895884538486,0.3860598455451926,1784967086.254949,1.0661500224313063,-0.036063881130276566,1.592404654308848,0.09936022758483887,0,0,1784967086.3503792,0.13293973148852312,0.9385319358342493,3.0750823420178017,1784967086.3504188,1.0823837398099263,0.7216733766919255,1.300313513082121,0.9945318411610116,0.9119346854260748,1.4826776877089538,1784967086.3504577,0.18,0.774539484069169,1784967086.3368416,3603.9150390625,nan,nan,49.65238952636719,nan
17.762661933898926,1784967086.3944702,Backstepping,circle,circle_bs_tune_baseline_20260725_151054,1784967086.386079,1.0600174685269972,0.022565299618618216,1.7552605623623787,0.16835100675964865,0.3496559532903593,1784967086.3634906,1.066199017144512,-0.03587992302138361,1.594892214494884,0.030979633331298828,0,0,1784967086.390049,0.1286769694988369,0.9388067287198439,3.0793539551388345,1784967086.3900857,1.0715234502733262,0.7474830948227699,1.3240933927764558,0.9969919481391625,0.9137662251637134,1.4844617406439504,1784967086.3901305,0.18,0.7919659582988562,1784967086.3897312,3603.966796875,nan,nan,51.665931701660156,nan
17.802553176879883,1784967086.4343615,Backstepping,circle,circle_bs_tune_baseline_20260725_151054,1784967086.386079,1.0600174685269972,0.022565299618618216,1.7552605623623787,0.16835100675964865,0.3496559532903593,1784967086.3634906,1.066199017144512,-0.03587992302138361,1.594892214494884,0.07087087631225586,0,0,1784967086.430258,0.1243451573203157,0.9390672492317836,3.0836935976635536,1784967086.4302995,1.0725740914576756,0.7516936316993303,1.3284330353011748,0.9973567617836039,0.9180905029868828,1.4888013831686695,1784967086.4303389,0.18,0.794386273000984,1784967086.3897312,3603.966796875,nan,nan,51.665931701660156,nan
17.843366384506226,1784967086.4751747,Backstepping,circle,circle_bs_tune_baseline_20260725_151054,1784967086.4350278,1.0583788520146968,0.03063754752508742,1.777483381442244,0.16828598979022125,0.36639652384720234,1784967086.4629576,1.0656125436092274,-0.03153452047075997,1.6409796142524118,0.012217044830322266,0,0,1784967086.4702213,0.12003061392992465,0.9393079844489662,3.0880148552548015,1784967086.4702659,1.0818969536048009,0.7319005127999845,1.3105314738125575,1.0347620300501499,0.8751730664624771,1.4470352410023897,1784967086.4703143,0.18,0.7813706016153051,1784967086.4364748,3604.015380859375,nan,nan,48.762691497802734,nan
17.883153438568115,1784967086.5149617,Backstepping,circle,circle_bs_tune_baseline_20260725_151054,1784967086.4852457,1.0593714962435932,0.02755051887397302,1.7655042953226912,0.16105630135533758,0.3365078304026706,1784967086.4629576,1.0656125436092274,-0.03153452047075997,1.6409796142524118,0.052004098892211914,0,0,1784967086.510404,0.11570766376857577,0.939530438323241,3.0923435286175334,1784967086.5104854,1.0773274482598874,0.7493826602117044,1.3268392332948422,1.0352870861196326,0.8794697744985885,1.4513639143651216,1784967086.51055,0.18,0.792852163822714,1784967086.4883058,3604.066650390625,nan,nan,51.20218276977539,nan
17.922456979751587,1784967086.5542653,Backstepping,circle,circle_bs_tune_baseline_20260725_151054,1784967086.5354462,1.0574736495080221,0.03632518377223563,1.7889295885342118,0.16737356484478286,0.3579801099307398,1784967086.4629576,1.0656125436092274,-0.03153452047075997,1.6409796142524118,0.0913076400756836,0,0,1784967086.5501068,0.11140416397081265,0.9397332615534973,3.096651808608683,1784967086.5501435,1.086736661735773,0.7281463139400366,1.3077222200744714,1.0357911959024608,0.8837484566670765,1.4556721943562714,1784967086.5501847,0.18,0.7796734130161844,1784967086.5378904,3604.116455078125,nan,nan,49.697750091552734,nan
17.962432622909546,1784967086.594241,Backstepping,circle,circle_bs_tune_baseline_20260725_151054,1784967086.5850463,1.056633517488477,0.0351809559786463,1.8079637754127813,0.16762460983629435,0.37245787057448276,1784967086.5620694,1.0617839795120247,-0.01765295670508695,1.7787455741344196,0.03217148780822754,0,0,1784967086.5899177,0.10709540508726312,0.9399177221734851,3.1009645174633587,1784967086.5899599,1.1025050912318226,0.7103898695892732,1.2930007420505774,1.1340401675944602,0.7364270347206716,1.322218943328939,1784967086.5900054,0.18,0.7681318244078396,1784967086.590228,3604.1689453125,nan,nan,52.54206848144531,nan
18.00315523147583,1784967086.6349635,Backstepping,circle,circle_bs_tune_baseline_20260725_151054,1784967086.5850463,1.056633517488477,0.0351809559786463,1.8079637754127813,0.16762460983629435,0.37245787057448276,1784967086.5620694,1.0617839795120247,-0.01765295670508695,1.7787455741344196,0.07289409637451172,0,0,1784967086.630225,0.10277871145855988,0.9400838595209962,3.105284410346659,1784967086.6302764,1.103680786474059,0.714546693641324,1.2973206349338777,1.1350939233834607,0.7406164313645183,1.3265388362122394,1784967086.6303227,0.18,0.7705706097444716,1784967086.590228,3604.1689453125,nan,nan,52.54206848144531,nan
18.04298186302185,1784967086.6747901,Backstepping,circle,circle_bs_tune_baseline_20260725_151054,1784967086.6350734,1.054335174998664,0.044080905815763655,1.83249934191929,0.17334171261593792,0.39191266832721067,1784967086.6528244,1.0580146565634043,-0.00781871600410293,1.888725934830594,0.021965742111206055,0,0,1784967086.6702473,0.0984480863542635,0.940231771754459,3.1096175640713297,1784967086.6702936,1.1129504143326452,0.6914823757671159,1.2771182221520396,1.2004996985951129,0.6151164147340114,1.2208916292407357,1784967086.670336,0.18,0.7562863566263082,1784967086.637755,3604.216552734375,nan,nan,47.5651741027832,nan
18.083174467086792,1784967086.7149827,Backstepping,circle,circle_bs_tune_baseline_20260725_151054,1784967086.6852984,1.0522718121250894,0.043686466338318596,1.8693142432367595,0.1732688319430925,0.4258143867376436,1784967086.6528244,1.0580146565634043,-0.00781871600410293,1.888725934830594,0.06215834617614746,0,0,1784967086.710771,0.09407197149274282,0.9403621575335457,3.113995624412211,1784967086.7108164,1.1388291971083084,0.6521060416695571,1.2446813811754514,1.2019915261710046,0.6192324604354609,1.2252696895816169,1784967086.7108665,0.18,0.730498145485759,1784967086.6895363,3604.266357421875,nan,nan,49.81485366821289,nan
18.122589826583862,1784967086.754398,Backstepping,circle,circle_bs_tune_baseline_20260725_151054,1784967086.7358081,1.0495247202443505,0.05224450863278798,1.895223657727158,0.17486142242824834,0.44010978963979513,1784967086.6528244,1.0580146565634043,-0.00781871600410293,1.888725934830594,0.10157370567321777,0,0,1784967086.7503934,0.0897927878437601,0.9404711151462821,3.1182761982571208,1784967086.7504342,1.1478208211193603,0.6265295277899727,1.2230525405299628,1.2034326987053574,0.6232631311227437,1.2295502634265267,1784967086.7504785,0.18,0.7141787211781139,1784967086.737824,3604.315185546875,nan,nan,49.01272201538086,nan
18.163288593292236,1784967086.7950969,Backstepping,circle,circle_bs_tune_baseline_20260725_151054,1784967086.7850325,1.0462954356610918,0.05104520401066781,1.949723373199408,0.16891728121755445,0.48847883402259185,1784967086.7627063,1.0511064145784499,0.004813340189204561,2.033281730387437,0.032390594482421875,0,0,1784967086.790413,0.0854631553317391,0.9405627055249293,3.1226068028103433,1784967086.7904568,1.1818517500899728,0.5636191065181759,1.1728834296109354,1.2682901789918262,0.44669206476912443,1.0893250724229064,1784967086.7905023,0.18,0.6724235358929603,1784967086.788752,3604.366455078125,nan,nan,51.197200775146484,nan
18.202582597732544,1784967086.8343909,Backstepping,circle,circle_bs_tune_baseline_20260725_151054,1784967086.7850325,1.0462954356610918,0.05104520401066781,1.949723373199408,0.16891728121755445,0.48847883402259185,1784967086.7627063,1.0511064145784499,0.004813340189204561,2.033281730387437,0.07168459892272949,0,0,1784967086.8303277,0.08115716245763571,0.9406351932013101,3.126913409103068,1784967086.830366,1.1835119850692397,0.5675928263005303,1.17719003590366,1.270276272713902,0.4505133552346853,1.093631678715631,1784967086.8304067,0.18,0.6749460422920588,1784967086.788752,3604.366455078125,nan,nan,51.197200775146484,nan
18.242995023727417,1784967086.8748033,Backstepping,circle,circle_bs_tune_baseline_20260725_151054,1784967086.8350956,1.0429095323523554,0.059291168581638104,1.9786636696388933,0.17209166748207344,0.5031126200074667,1784967086.854507,1.0438400510698242,0.015614247422558306,2.122483620196246,0.020296335220336914,0,0,1784967086.8706288,0.07684384243656084,0.9406892092024915,3.1312270706783853,1784967086.8706684,1.192288320395227,0.5372094417374738,1.152563401039492,1.2946589520408465,0.3386791259049601,1.0087434504821395,1784967086.8707595,0.18,0.6555125452599874,1784967086.8383205,3604.416015625,nan,nan,49.46357345581055,nan
18.283112287521362,1784967086.9149206,Backstepping,circle,circle_bs_tune_baseline_20260725_151054,1784967086.8856995,1.0386100011354167,0.059307587929742084,2.0390504183625797,0.17080032521950925,0.5545070087524238,1784967086.854507,1.0438400510698242,0.015614247422558306,2.122483620196246,0.06041359901428223,0,0,1784967086.9107206,0.0724840848053101,0.9407248973595498,3.1355869778286536,1784967086.9107642,1.2225801016359026,0.4643206377613597,1.0965365594660739,1.2969744032731598,0.3423733708668681,1.0131033576324078,1784967086.910813,0.18,0.6075680595866974,1784967086.8912654,3604.46923828125,nan,nan,53.36772537231445,nan
18.32269525527954,1784967086.9545035,Backstepping,circle,circle_bs_tune_baseline_20260725_151054,1784967086.935154,1.0344921259244604,0.0673284771602526,2.06931418049422,0.17483257906993552,0.5638056774193236,1784967086.854507,1.0438400510698242,0.015614247422558306,2.122483620196246,0.09999656677246094,0,0,1784967086.9505649,0.06816973754808842,0.9407415011400024,3.1399013603817547,1784967086.9506028,1.2291340478470394,0.43111339709874374,1.0705871798875348,1.2992498007508924,0.34603894507287575,1.017417740185509,1784967086.9506445,0.18,0.5860054183082747,1784967086.8912654,3604.46923828125,nan,nan,53.36772537231445,nan
18.362554788589478,1784967086.994363,Backstepping,circle,circle_bs_tune_baseline_20260725_151054,1784967086.9850128,1.0298861603424436,0.07555392098178329,2.1009374543292996,0.18026368450849722,0.5749666810602516,1784967086.9851758,1.0293013294442734,0.0336521998340641,2.2643723469832047,0.00918722152709961,0,0,1784967086.9904308,0.06387021605072418,0.9407395299407267,-3.138984421536907,1784967086.9904728,1.2348974177474008,0.3959309412211699,1.0432634313133795,1.3147097605721392,0.16248970614992853,0.8798285386594744,1784967086.9905224,0.18,0.5629614485322482,1784967086.9674637,3604.544921875,nan,nan,75.54655456542969,nan
18.4025719165802,1784967087.0343802,Backstepping,circle,circle_bs_tune_baseline_20260725_151054,1784967086.9850128,1.0298861603424436,0.07555392098178329,2.1009374543292996,0.18026368450849722,0.5749666810602516,1784967086.9851758,1.0293013294442734,0.0336521998340641,2.2643723469832047,0.049204349517822266,0,0,1784967087.030361,0.059575145778127725,0.9407191033210474,-3.1346892993903004,1784967087.0304065,1.2370516191698275,0.3996467805778897,1.047558553459986,1.3174398534093976,0.1658055226396159,0.884123660806081,1784967087.030478,0.18,0.5655347025359163,1784967086.994564,3604.57177734375,nan,nan,26.8346004486084,nan
18.44276762008667,1784967087.074576,Backstepping,circle,circle_bs_tune_baseline_20260725_151054,1784967087.0356936,1.0236496029913382,0.07552869917609585,2.173147296534907,0.17898100127311242,0.6295255182213423,1784967087.056321,1.0173751137970448,0.045984425802050664,2.3511814394319326,0.018254995346069336,0,0,1784967087.070498,0.055218357163367426,0.9406795345757497,-3.130332327649578,1784967087.070538,1.261584359711874,0.30781479694617575,0.9797056829951016,1.3127369130297946,0.054284059984717414,0.8016715400980756,1784967087.070579,0.18,0.5037647676163713,1784967087.0392902,3604.6162109375,nan,nan,44.418338775634766,nan
18.48258900642395,1784967087.1143973,Backstepping,circle,circle_bs_tune_baseline_20260725_151054,1784967087.085147,1.0169063061810302,0.07665095015881074,2.241951531121747,0.1755565785923058,0.6744097497726845,1784967087.056321,1.0173751137970448,0.045984425802050664,2.3511814394319326,0.05807638168334961,0,0,1784967087.1105995,0.05091193565795149,0.9406217659266598,-3.126025515363201,1784967087.1106505,1.277322059492442,0.219178125539089,0.9152082606946392,1.315725656574612,0.05738503006236029,0.805978352384453,1784967087.1106944,0.18,0.4431179946557586,1784967087.0954144,3604.674072265625,nan,nan,57.91870880126953,nan
18.522831201553345,1784967087.1546395,Backstepping,circle,circle_bs_tune_baseline_20260725_151054,1784967087.135092,1.0114952603944616,0.08341954986497692,2.27424522769975,0.17481564758984122,0.6698088822547539,1784967087.056321,1.0173751137970448,0.045984425802050664,2.3511814394319326,0.09831857681274414,0,0,1784967087.150225,0.04660644649259005,0.9405454637140328,-3.1217193468069877,1784967087.1502593,1.2777977488784809,0.1814060868483377,0.887220732672849,1.3187005734280632,0.06049837692638782,0.8102845209406662,1784967087.1502979,0.18,0.41687063731802754,1784967087.1383348,3604.717041015625,nan,nan,43.1187744140625,nan
18.56283402442932,1784967087.1946423,Backstepping,circle,circle_bs_tune_baseline_20260725_151054,1784967087.1858468,1.0034243364466808,0.08524993718695362,2.3441108437178784,0.17402259040099444,0.7134902848251294,1784967087.1662905,0.9997442514914979,0.06145947134998275,2.4486187856528288,0.028351783752441406,0,0,1784967087.1900365,0.04229864868025812,0.9404505573561643,-3.117410500333294,1784967087.1900716,1.2833378373085118,0.09041395774211713,0.8216639631284138,1.298134491840214,-0.06460845699793982,0.7171560211934642,1784967087.190109,0.18,0.35313062214847496,1784967087.1921544,3604.770751953125,nan,nan,53.52497863769531,nan
18.60246443748474,1784967087.2342727,Backstepping,circle,circle_bs_tune_baseline_20260725_151054,1784967087.1858468,1.0034243364466808,0.08524993718695362,2.3441108437178784,0.17402259040099444,0.7134902848251294,1784967087.1662905,0.9997442514914979,0.06145947134998275,2.4486187856528288,0.06798219680786133,0,0,1784967087.2308059,0.037905049326416584,0.940334628546077,-3.1130153682684742,1784967087.2308464,1.2863238559275547,0.09363899225012073,0.8260590951932338,1.301440647313017,-0.061712513151671367,0.7215511532582835,1784967087.2308896,0.18,0.35576185765146484,1784967087.1921544,3604.770751953125,nan,nan,53.52497863769531,nan
18.642752170562744,1784967087.2745605,Backstepping,circle,circle_bs_tune_baseline_20260725_151054,1784967087.2351077,0.9972364227356841,0.0916161185871927,2.37793256935166,0.17625203614307716,0.7091525820660391,1784967087.2528334,0.9884152323762972,0.06995777435222447,2.5036555266004314,0.02172708511352539,0,0,1784967087.270126,0.03366880697374608,0.9402045502704027,-3.1087771261191213,1784967087.2701743,1.2828523078306995,0.053430635642524704,0.7964756117088057,1.285238989650138,-0.13050259498579375,0.6707526544600333,1784967087.2702236,0.18,0.32721853759498953,1784967087.244023,3604.822265625,nan,nan,51.696189880371094,nan
18.683184146881104,1784967087.3149924,Backstepping,circle,circle_bs_tune_baseline_20260725_151054,1784967087.2851896,0.9892469382457539,0.09335454395081932,2.437373356959861,0.17528388303491926,0.7321575382602784,1784967087.2528334,0.9884152323762972,0.06995777435222447,2.5036555266004314,0.062159061431884766,0,0,1784967087.3099966,0.0293567828911403,0.9400536849413998,-3.1044624603247484,1784967087.3100374,1.2797349161412166,-0.023813653854979133,0.7413494898949778,1.2886131043895612,-0.1278134200636899,0.6750673202544067,1784967087.3100815,0.18,0.27193515945374874,1784967087.2913148,3604.869873046875,nan,nan,47.46757888793945,nan
18.723000288009644,1784967087.3548086,Backstepping,circle,circle_bs_tune_baseline_20260725_151054,1784967087.3351514,0.9826543651386552,0.09904940170059069,2.469028566918683,0.17493761009538375,0.716023014799548,1784967087.2528334,0.9884152323762972,0.06995777435222447,2.5036555266004314,0.1019752025604248,0,0,1784967087.351011,0.024931865019182542,0.939879499458549,-3.1000341117834886,1784967087.3510518,1.2729881134709053,-0.06106474836218001,0.714122628477415,1.2920640215700048,-0.12503827873940998,0.6794956687956664,1784967087.3510916,0.18,0.24468770596712464,1784967087.3374767,3604.91650390625,nan,nan,46.60169219970703,nan
18.762932538986206,1784967087.3947408,Backstepping,circle,circle_bs_tune_baseline_20260725_151054,1784967087.3851402,0.9738688599034875,0.10090501105878127,2.525309614517571,0.17534240326362865,0.7316390649082478,1784967087.365465,0.9696106710036794,0.08273468658062293,2.5941411772221126,0.029275894165039062,0,0,1784967087.3901103,0.020716856900719893,0.9396953211530477,-3.0958150785422167,1784967087.3901553,1.2626288571391426,-0.1335525898503126,0.6620606141197991,1.2562756466040301,-0.23780769415487962,0.5932290514152572,1784967087.3902047,0.18,0.1914989843065572,1784967087.3908021,3604.9697265625,nan,nan,53.28410339355469,nan
18.80248188972473,1784967087.4342902,Backstepping,circle,circle_bs_tune_baseline_20260725_151054,1784967087.3851402,0.9738688599034875,0.10090501105878127,2.525309614517571,0.17534240326362865,0.7316390649082478,1784967087.365465,0.9696106710036794,0.08273468658062293,2.5941411772221126,0.06882524490356445,0,0,1784967087.4305956,0.016351396345194003,0.9394857806512894,-3.0914445884680593,1784967087.4306371,1.2660700992260738,-0.13085833559674576,0.6664311041939561,1.2598940433065553,-0.23535649885729837,0.5975995414894142,1784967087.4306793,0.18,0.19403455957411342,1784967087.3908021,3604.9697265625,nan,nan,53.28410339355469,nan
18.842967987060547,1784967087.4747763,Backstepping,circle,circle_bs_tune_baseline_20260725_151054,1784967087.4353888,0.9665430541370781,0.10622554013764099,2.5564032788493747,0.1770709346913566,0.7130847879815648,1784967087.461125,0.954966567992656,0.09021533155921514,2.657851232496953,0.013651371002197266,0,0,1784967087.4702237,0.01209086864784914,0.939262831789936,-3.087178228185161,1784967087.4702668,1.255772691542059,-0.16722754212679458,0.6396038001450502,1.229578463514753,-0.3131022901923481,0.5381558464974721,1784967087.4703088,0.18,0.16682386000034477,1784967087.4442666,3605.023193359375,nan,nan,53.41016387939453,nan
18.88337016105652,1784967087.5151784,Backstepping,circle,circle_bs_tune_baseline_20260725_151054,1784967087.4850533,0.9575462518479348,0.10784673328000277,2.606432872893824,0.17837373687010036,0.7186187613410602,1784967087.461125,0.954966567992656,0.09021533155921514,2.657851232496953,0.054053544998168945,0,0,1784967087.5103781,0.007746479284348906,0.9390167195654031,-3.082826869771465,1784967087.5104172,1.2408843769372333,-0.2305842950779744,0.5939255645142973,1.2333099165669794,-0.3108638647886795,0.5425072049111679,1784967087.5104594,0.18,0.11933394290579016,1784967087.4934351,3605.072265625,nan,nan,49.18747329711914,nan
18.923312425613403,1784967087.5551207,Backstepping,circle,circle_bs_tune_baseline_20260725_151054,1784967087.5351634,0.9496905806851184,0.11264765557608236,2.635701603236959,0.18018562542801353,0.6963471334277048,1784967087.461125,0.954966567992656,0.09021533155921514,2.657851232496953,0.09399580955505371,0,0,1784967087.5506163,0.0034151515127929244,0.9387524608876797,-3.0784874847388113,1784967087.550663,1.2280675457093841,-0.26407658053964256,0.5689962192038165,1.2370213668845387,-0.3086154499128851,0.5468465899438224,1784967087.550714,0.18,0.09359283406859428,1784967087.5377808,3605.11669921875,nan,nan,44.40875244140625,nan
18.963281631469727,1784967087.59509,Backstepping,circle,circle_bs_tune_baseline_20260725_151054,1784967087.5857952,0.9396553093071681,0.11402923636556121,2.6874433248965763,0.18071390182404076,0.7032915243813017,1784967087.566238,0.9341936383131902,0.09899321238955983,2.749939064695237,0.028851985931396484,0,0,1784967087.5901363,-0.0008709035150715749,0.9384723863060018,-3.074192285344585,1784967087.5901806,1.2068709273895195,-0.3282660949769596,0.5215496969384258,1.184704367551794,-0.41898274705246824,0.45905395713976405,1784967087.590227,0.18,0.04399818865898638,1784967087.5377808,3605.11669921875,nan,nan,44.40875244140625,nan
19.002456426620483,1784967087.6342647,Backstepping,circle,circle_bs_tune_baseline_20260725_151054,1784967087.5857952,0.9396553093071681,0.11402923636556121,2.6874433248965763,0.18071390182404076,0.7032915243813017,1784967087.566238,0.9341936383131902,0.09899321238955983,2.749939064695237,0.06802678108215332,0,0,1784967087.6302116,-0.00516670837805111,0.9381731153871422,-3.0698860652899587,1784967087.6302528,1.2105999964586958,-0.32611259866143316,0.5258559169930515,1.1885606534001734,-0.41706635409713155,0.4633601771943907,1784967087.6302948,0.18,0.046373595506984326,1784967087.5967631,3605.175537109375,nan,nan,58.72201919555664,nan
19.042723894119263,1784967087.6745322,Backstepping,circle,circle_bs_tune_baseline_20260725_151054,1784967087.6353636,0.9317468228061716,0.11801728931772341,2.714585816672154,0.17987812551442492,0.677668479600856,1784967087.654114,0.9199380688177704,0.1039104089911704,2.8141805610906467,0.020418167114257812,0,0,1784967087.6706548,-0.009482289401576027,0.9378537410691732,-3.065558679387554,1784967087.670698,1.1962494586341026,-0.3564144806337261,0.5030408111198785,1.148238376049221,-0.49074669143845273,0.4034460667013857,1784967087.6707456,0.18,0.022335507164766642,1784967087.6407583,3605.219482421875,nan,nan,44.0626220703125,nan
19.08277416229248,1784967087.7145824,Backstepping,circle,circle_bs_tune_baseline_20260725_151054,1784967087.6851802,0.922089641886083,0.11879506706671511,2.7613727818542033,0.17887033874500188,0.675907726928043,1784967087.654114,0.9199380688177704,0.1039104089911704,2.8141805610906467,0.060468435287475586,0,0,1784967087.7106032,-0.013830866168830891,0.9375129221542724,-3.0611967637991753,1784967087.710643,1.1729263030167472,-0.41290436099465466,0.46061576152620837,1.1522463415050286,-0.4890255027972758,0.40780798228976445,1784967087.7106867,0.18,-0.022282265131634102,1784967087.6984935,3605.27734375,nan,nan,57.78262710571289,nan
19.122581958770752,1784967087.7543902,Backstepping,circle,circle_bs_tune_baseline_20260725_151054,1784967087.7354207,0.9138188129057014,0.12226461491567216,2.7861435936656043,0.17858763434480807,0.645449583809611,1784967087.654114,0.9199380688177704,0.1039104089911704,2.8141805610906467,0.10027623176574707,0,0,1784967087.7500415,-0.018071721088037895,0.9371621550914866,-3.0569414241766775,1784967087.7500846,1.157231966663212,-0.43965002406974124,0.4401002893373048,1.1561491082763413,-0.48732953714112737,0.41206332191226225,1784967087.7501328,0.18,-0.044029723467138016,1784967087.7384658,3605.3173828125,nan,nan,40.09135818481445,nan
19.16274070739746,1784967087.794549,Backstepping,circle,circle_bs_tune_baseline_20260725_151054,1784967087.7858016,0.903026861407756,0.12258222183269295,2.8365168114592727,0.1793213142580359,0.6499777274800445,1784967087.763687,0.896637870546617,0.11002021898730698,2.911001087338291,0.030862092971801758,0,0,1784967087.7901886,-0.022396758624604107,0.9367857006157085,-3.052600030705913,1784967087.7902343,1.127250068996875,-0.4986416181213751,0.39406846501440135,1.0836691543759038,-0.5948335692295283,0.31958418913538217,1784967087.7902863,0.18,-0.0919359016030884,1784967087.7883615,3605.3671875,nan,nan,49.82249069213867,nan
19.203436136245728,1784967087.8352444,Backstepping,circle,circle_bs_tune_baseline_20260725_151054,1784967087.7858016,0.903026861407756,0.12258222183269295,2.8365168114592727,0.1793213142580359,0.6499777274800445,1784967087.763687,0.896637870546617,0.11002021898730698,2.911001087338291,0.07155752182006836,0,0,1784967087.8302217,-0.02669033067921811,0.9363932611661329,-3.048288557813152,1784967087.8302636,1.1312275065416348,-0.49697765890093754,0.3983799379071622,1.0877593880224143,-0.5934702063186715,0.323895662028143,1784967087.8303094,0.18,-0.08970983838859911,1784967087.7883615,3605.3671875,nan,nan,49.82249069213867,nan
19.242666006088257,1784967087.8744743,Backstepping,circle,circle_bs_tune_baseline_20260725_151054,1784967087.835449,0.8945252152139559,0.12546415497397265,2.859808951420872,0.17966698668278386,0.6206890729623112,1784967087.8529184,0.8812092525832373,0.11267289064148792,2.967140213938639,0.02155590057373047,0,0,1784967087.8707361,-0.03105374575081199,0.9359753021009654,-3.0439051673865163,1784967087.870782,1.114453412454267,-0.5211701488638545,0.3794711883721987,1.0413161262852573,-0.6524656036778389,0.2721399258544308,1784967087.8708274,0.18,-0.10989394792551116,1784967087.8385847,3605.41748046875,nan,nan,50.32248306274414,nan
19.282636880874634,1784967087.9144452,Backstepping,circle,circle_bs_tune_baseline_20260725_151054,1784967087.885232,0.8839563802393564,0.12528867048610512,2.9057228863635074,0.1808416830473607,0.6209188328097338,1784967087.8529184,0.8812092525832373,0.11267289064148792,2.967140213938639,0.06152677536010742,0,0,1784967087.9107063,-0.03534968610952971,0.9355449376490927,-3.039587720677837,1784967087.910744,1.0831995994143735,-0.5729899562220109,0.33787470013824206,1.0454721637934146,-0.651296129711526,0.27645737256311015,1784967087.9107876,0.18,-0.15297801572423128,1784967087.891159,3605.469970703125,nan,nan,52.38003921508789,nan
19.32263731956482,1784967087.9544456,Backstepping,circle,circle_bs_tune_baseline_20260725_151054,1784967087.9354699,0.875036646253073,0.12762758475036798,2.9277522825366735,0.18169003174074314,0.591023178550755,1784967087.8529184,0.8812092525832373,0.11267289064148792,2.967140213938639,0.10152721405029297,0,0,1784967087.9502077,-0.03958087081047612,0.9351027362247304,-3.035333488271221,1784967087.950249,1.0651432213924317,-0.594988437442098,0.3200995363716921,1.0495623739924542,-0.6501262380067503,0.28071160496972625,1784967087.9502962,0.18,-0.171884430831931,1784967087.9393048,3605.518310546875,nan,nan,48.356998443603516,nan
19.363118648529053,1784967087.994927,Backstepping,circle,circle_bs_tune_baseline_20260725_151054,1784967087.985859,0.8643713594628861,0.12685788907710352,2.9719129531518207,0.1822664837992178,0.5912742749687332,1784967087.972142,0.8592513448841536,0.11539367133220194,3.040442067666737,0.022784948348999023,0,0,1784967087.9900074,-0.04386037320344083,0.9346369625308343,-3.0310287101721607,1784967087.9900382,1.0315954833772307,-0.6428084243439438,0.28024364385560513,0.9812212919184465,-0.7238612586725361,0.2117145293406886,1784967087.9900768,0.18,-0.212858856216913,1784967087.9897516,3605.568115234375,nan,nan,49.87982940673828,nan
19.402780771255493,1784967088.034589,Backstepping,circle,circle_bs_tune_baseline_20260725_151054,1784967087.985859,0.8643713594628861,0.12685788907710352,2.9719129531518207,0.1822664837992178,0.5912742749687332,1784967087.972142,0.8592513448841536,0.11539367133220194,3.040442067666737,0.06244707107543945,0,0,1784967088.0307915,-0.04824222026656533,0.9341407212503547,-3.0266188495611988,1784967088.0308337,1.0358306037134823,-0.6415793617619197,0.284653504466567,0.9855306322373634,-0.7229250828830488,0.21612438995165054,1784967088.0308776,0.18,-0.21075226765296787,1784967087.9897516,3605.568115234375,nan,nan,49.87982940673828,nan
19.442482233047485,1784967088.0742905,Backstepping,circle,circle_bs_tune_baseline_20260725_151054,1784967088.0351892,0.8554955226695962,0.12856278126597193,2.9924642093713545,0.18242540104135735,0.5629400803255129,1784967088.0524523,0.8436540632159384,0.11588981688719717,3.0885462533752337,0.02183818817138672,0,0,1784967088.0705829,-0.052490375321725624,0.9336409219855436,-3.022341391370281,1784967088.0706255,1.0175236502553564,-0.6612373437628917,0.2683797064379514,0.9382423057297016,-0.7690858861990416,0.17229766243407177,1784967088.0706687,0.18,-0.22815908984832844,1784967088.0428019,3605.62158203125,nan,nan,53.49240493774414,nan
19.483128309249878,1784967088.1149366,Backstepping,circle,circle_bs_tune_baseline_20260725_151054,1784967088.085322,0.8448859451473013,0.12735418547717317,3.0334081477636627,0.18303265943339062,0.5602439314961891,1784967088.0524523,0.8436540632159384,0.11588981688719717,3.0885462533752337,0.0624842643737793,0,0,1784967088.110704,-0.05680182016279489,0.933114825468805,-3.0179979637121996,1784967088.1107464,0.9834171602906504,-0.703691497685962,0.23177919570372407,0.9425197915214477,-0.7683319303224035,0.1766410900921527,1784967088.1107903,0.18,-0.2654938844962292,1784967088.0893219,3605.668212890625,nan,nan,46.55827331542969,nan
19.522515296936035,1784967088.1543236,Backstepping,circle,circle_bs_tune_baseline_20260725_151054,1784967088.1351166,0.8360713404986351,0.12851566689090582,3.0512259777302733,0.1813234803624039,0.5273345282604437,1784967088.0524523,0.8436540632159384,0.11588981688719717,3.0885462533752337,0.10187125205993652,0,0,1784967088.150638,-0.06108667742006557,0.9325731282870688,-3.013678997800335,1784967088.15068,0.9660585012674626,-0.7198137831908455,0.21828033164897878,0.9467698999572393,-0.7675638054393938,0.18096005600401835,1784967088.150724,0.18,-0.28022390916984274,1784967088.1394346,3605.71826171875,nan,nan,50.09638595581055,nan
19.563003063201904,1784967088.1948113,Backstepping,circle,circle_bs_tune_baseline_20260725_151054,1784967088.1851618,0.8255265774432133,0.12691019113756277,3.0859125648305694,0.1803631607179705,0.5159030721096834,1784967088.1679645,0.8201888745250412,0.11622194647446354,3.141373229246243,0.026846885681152344,0,0,1784967088.190464,-0.0653512369877629,0.9320153131704555,-3.0093781078314623,1784967088.1905003,0.9343023541909907,-0.7542788931967304,0.18789463451755523,0.8857190951172589,-0.8155990380008763,0.13243397010188065,1784967088.190542,0.18,-0.3114533240269497,1784967088.190198,3605.768798828125,nan,nan,50.41079330444336,nan
19.60254693031311,1784967088.2343552,Backstepping,circle,circle_bs_tune_baseline_20260725_151054,1784967088.1851618,0.8255265774432133,0.12691019113756277,3.0859125648305694,0.1803631607179705,0.5159030721096834,1784967088.1679645,0.8201888745250412,0.11622194647446354,3.141373229246243,0.0663907527923584,0,0,1784967088.2304227,-0.06962075581164795,0.9314381456062033,-3.005069750592693,1784967088.2304661,0.9385331362508086,-0.7534650157200439,0.19220299175632352,0.8899884871937487,-0.8150209336141608,0.13674232734065075,1784967088.2305148,0.18,-0.30955001674592897,1784967088.190198,3605.768798828125,nan,nan,50.41079330444336,nan
19.642646551132202,1784967088.2744548,Backstepping,circle,circle_bs_tune_baseline_20260725_151054,1784967088.2359889,0.8164111077568467,0.12763902248643544,3.10149626239862,0.1799682625502446,0.4809675843566806,1784967088.2561996,0.8043132722798627,0.11582405872137544,-3.1123535851775377,0.018255233764648438,0,0,1784967088.2703395,-0.07389519269991429,0.9308415334343201,-3.000753874585613,1784967088.2703776,0.9217876076507658,-0.7668684297892756,0.180935170195353,0.8540061350370498,-0.8403434496494168,0.11159971059192486,1784967088.270419,0.18,-0.32188608722072043,1784967088.2419527,3605.82080078125,nan,nan,52.208251953125,nan
19.68304419517517,1784967088.3148525,Backstepping,circle,circle_bs_tune_baseline_20260725_151054,1784967088.2850792,0.8059613809986456,0.1258728174754791,3.130695214292919,0.18210945210971702,0.46723176121473975,1784967088.2561996,0.8043132722798627,0.11582405872137544,-3.1123535851775377,0.05865287780761719,0,0,1784967088.3108704,-0.07823226479200307,0.9302169383257386,-2.996372054860576,1784967088.3109136,0.8929062632090533,-0.7946611058337892,0.15611803802609117,0.8583596133066472,-0.8398459153915186,0.11598153031696158,1784967088.3109612,0.18,-0.34732635153064795,1784967088.2911572,3605.869384765625,nan,nan,48.54969787597656,nan
19.72302269935608,1784967088.354831,Backstepping,circle,circle_bs_tune_baseline_20260725_151054,1784967088.3354511,0.7962295513321195,0.12620657142963973,-3.138794966215031,0.18593943975919924,0.4350092999363657,1784967088.2561996,0.8043132722798627,0.11582405872137544,-3.1123535851775377,0.09863138198852539,0,0,1784967088.3502893,-0.08244548737511548,0.9295915862885581,-2.9921126726126515,1784967088.350329,0.8764239828096013,-0.8058401256472534,0.1466822936023795,0.8625893171331348,-0.8393440038002493,0.12024091256488623,1784967088.3503728,0.18,-0.35738306142650134,1784967088.3398886,3605.918701171875,nan,nan,49.3565788269043,nan
19.7627055644989,1784967088.3945138,Backstepping,circle,circle_bs_tune_baseline_20260725_151054,1784967088.3850503,0.7844634288399974,0.12416606808524336,-3.114370071756337,0.19207252075589432,0.41983705253678244,1784967088.3635192,0.7797860485073569,0.11397703645327976,-3.082775287217045,0.030994653701782227,0,0,1784967088.391067,-0.08679308159049648,0.9289270433165784,-2.98771457938908,1784967088.3911061,0.8490287340322371,-0.8281777242901596,0.12665549236725715,0.8171750239208254,-0.8644812795472446,0.09506070782796527,1784967088.3911486,0.18,-0.3781222814376399,1784967088.392362,3605.971435546875,nan,nan,52.532989501953125,nan
19.802449703216553,1784967088.434258,Backstepping,circle,circle_bs_tune_baseline_20260725_151054,1784967088.3850503,0.7844634288399974,0.12416606808524336,-3.114370071756337,0.19207252075589432,0.41983705253678244,1784967088.3635192,0.7797860485073569,0.11397703645327976,-3.082775287217045,0.0707387924194336,0,0,1784967088.43009,-0.09095630964947543,0.9282723223221183,-2.9835001810049855,1784967088.4301322,0.8532082405614937,-0.8276365656964384,0.13086989075135147,0.8213695395130716,-0.8640724196714182,0.0992751062120596,1784967088.4301786,0.18,-0.3763697606791924,1784967088.392362,3605.971435546875,nan,nan,52.532989501953125,nan
19.843574047088623,1784967088.4753823,Backstepping,circle,circle_bs_tune_baseline_20260725_151054,1784967088.4355438,0.774504453396165,0.1240979336096513,-3.1025418169019514,0.1937950177981891,0.3890046604432262,1784967088.4618258,0.7640938718061102,0.11312935766547169,-3.0688549582311984,0.013556480407714844,0,0,1784967088.4711697,-0.0952960373422691,0.9275706857564554,-2.979104096219524,1784967088.4712205,0.837769056926683,-0.8368179995598546,0.12343772068242753,0.7979291321895594,-0.8747427009423295,0.08975086201167448,1784967088.4712884,0.18,-0.3846865560785486,1784967088.4469392,3606.025634765625,nan,nan,54.1764030456543,nan
19.883481740951538,1784967088.51529,Backstepping,circle,circle_bs_tune_baseline_20260725_151054,1784967088.4855278,0.7642286406387673,0.12209816616319534,-3.0857810096097396,0.19214612855305205,0.3651502319137407,1784967088.4618258,0.7640938718061102,0.11312935766547169,-3.0688549582311984,0.05346417427062988,0,0,1784967088.510145,-0.09948303018131988,0.9268751683032267,-2.9748597257590137,1784967088.5101886,0.8174742023669612,-0.8517040577271092,0.11092128385072587,0.8021555994364084,-0.8743533063181731,0.09399523247218466,1784967088.5102394,0.18,-0.3987129889867292,1784967088.4905417,3606.0693359375,nan,nan,43.73920822143555,nan
19.923179388046265,1784967088.5549877,Backstepping,circle,circle_bs_tune_baseline_20260725_151054,1784967088.535278,0.7550897166006112,0.12178963791323304,-3.0772442781699247,0.18906821415401953,0.3335821919637867,1784967088.4618258,0.7640938718061102,0.11312935766547169,-3.0688549582311984,0.09316182136535645,0,0,1784967088.5505252,-0.10378958720812315,0.9261407176319711,-2.970490986630901,1784967088.5505648,0.8053787577802174,-0.857915715249505,0.10675329153902391,0.8065041441330355,-0.8739337705806587,0.09836397160029753,1784967088.5506094,0.18,-0.4041468453556796,1784967088.5401566,3606.118896484375,nan,nan,49.71102523803711,nan
19.963209867477417,1784967088.5950181,Backstepping,circle,circle_bs_tune_baseline_20260725_151054,1784967088.5859196,0.7444312343839603,0.11997091775851919,-3.0677858852671656,0.18711062761556746,0.3042099750581452,1784967088.5653703,0.740736729560307,0.1118884110405489,-3.0644829675429133,0.0296478271484375,0,0,1784967088.5902135,-0.10803146189031643,0.9253983494518295,-2.9661846378302417,1784967088.5902514,0.7907498416692129,-0.8660950780159223,0.10160124743692389,0.7835787440417077,-0.8764760205495116,0.0982983297126716,1784967088.590295,0.18,-0.4111262143614376,1784967088.5919478,3606.1708984375,nan,nan,51.904666900634766,nan
20.002828121185303,1784967088.6346364,Backstepping,circle,circle_bs_tune_baseline_20260725_151054,1784967088.5859196,0.7444312343839603,0.11997091775851919,-3.0677858852671656,0.18711062761556746,0.3042099750581452,1784967088.5653703,0.740736729560307,0.1118884110405489,-3.0644829675429133,0.06926608085632324,0,0,1784967088.6303873,-0.11226901097006303,0.9246379191322867,-2.961879396245464,1784967088.630524,0.7950319280544532,-0.865649193879087,0.10590648902170141,0.7878622797857013,-0.8760442821981113,0.10260357129744913,1784967088.6305945,0.18,-0.4093834272387229,1784967088.5919478,3606.1708984375,nan,nan,51.904666900634766,nan
20.042452096939087,1784967088.6742604,Backstepping,circle,circle_bs_tune_baseline_20260725_151054,1784967088.6351857,0.7356929266251576,0.11953544495792326,-3.0628533710371575,0.1836050466709526,0.2711064795106462,1784967088.6570053,0.7245614367207499,0.11101078629034718,-3.0570300767154595,0.017255067825317383,0,0,1784967088.6701758,-0.11650451267514916,0.9238590166614192,-2.957572867200359,1784967088.6702151,0.7862906056029934,-0.8688636067233724,0.10528050383679854,0.7694059316737182,-0.8809816622131847,0.09945720951510051,1784967088.6702585,0.18,-0.41056115819132755,1784967088.6401896,3606.218994140625,nan,nan,48.16069030761719,nan
20.08249306678772,1784967088.7143013,Backstepping,circle,circle_bs_tune_baseline_20260725_151054,1784967088.6854885,0.7254899379015031,0.11782010149994301,-3.0568818761161207,0.18277895451168694,0.24280666390348032,1784967088.6570053,0.7245614367207499,0.11101078629034718,-3.0570300767154595,0.057296037673950195,0,0,1784967088.7103689,-0.1207750167964079,0.9230545626776374,-2.953227250859722,1784967088.7104058,0.7750999210679996,-0.8739490965601886,0.10365462525639879,0.773729121724581,-0.8805407773690015,0.10380282585573752,1784967088.7104454,0.18,-0.41283368598510434,1784967088.6911464,3606.269775390625,nan,nan,50.77938461303711,nan
20.122910976409912,1784967088.7547193,Backstepping,circle,circle_bs_tune_baseline_20260725_151054,1784967088.7353053,0.716483681139707,0.11724076313383808,-3.05336507621767,0.18205195534056828,0.21467952516905542,1784967088.6570053,0.7245614367207499,0.11101078629034718,-3.0570300767154595,0.09771394729614258,0,0,1784967088.7501767,-0.12499487649736674,0.9222407495593893,-2.9489296310400808,1784967088.750214,0.7672745102214684,-0.8760142504962539,0.10443544517758907,0.7780026388117037,-0.8800862893127445,0.10810044567537869,1784967088.750254,0.18,-0.41092698277833767,1784967088.7424326,3606.3212890625,nan,nan,51.49357223510742,nan
20.162662267684937,1784967088.7944705,Backstepping,circle,circle_bs_tune_baseline_20260725_151054,1784967088.7851472,0.7058604417694672,0.11563541610805345,-3.0516805823801705,0.18142124166801876,0.18441867351824257,1784967088.76575,0.7004601314096345,0.10953114568050899,-3.0524795759028858,0.028720617294311523,0,0,1784967088.7900808,-0.1292356177927474,0.9214039357847115,-2.9446071117377124,1784967088.7901192,0.7593720575673745,-0.8774978143472169,0.10707347064245809,0.7541507972876583,-0.8824902483917164,0.10787246416517338,1784967088.7901614,0.18,-0.4061862549254692,1784967088.7914324,3606.370361328125,nan,nan,49.05735397338867,nan
20.203416109085083,1784967088.8352244,Backstepping,circle,circle_bs_tune_baseline_20260725_151054,1784967088.7851472,0.7058604417694672,0.11563541610805345,-3.0516805823801705,0.18142124166801876,0.18441867351824257,1784967088.76575,0.7004601314096345,0.10953114568050899,-3.0524795759028858,0.06947445869445801,0,0,1784967088.8305318,-0.1335076194569611,0.9205416729369962,-2.9402489555334888,1784967088.8305767,0.7637042264676919,-0.8770226216950037,0.11143162684668173,0.758482585129357,-0.88201159451666,0.11223062036939703,1784967088.8306253,0.18,-0.4044113776212268,1784967088.7914324,3606.370361328125,nan,nan,49.05735397338867,nan
20.24299168586731,1784967088.8748,Backstepping,circle,circle_bs_tune_baseline_20260725_151054,1784967088.835148,0.6971019753181255,0.11504044576046231,-3.0517023691562115,0.17920644246149003,0.15403591085777169,1784967088.8524454,0.6845533190393369,0.108680925781674,-3.048584127048739,0.022354602813720703,0,0,1784967088.8709567,-0.1377744111304875,0.919661094810914,-2.9358922412848316,1784967088.8710093,0.7592754325491139,-0.876318313773722,0.1158101278713799,0.7434541169903963,-0.883848237139714,0.11269188576390743,1784967088.8710651,0.18,-0.39431785394548824,1784967088.8428879,3606.421875,nan,nan,51.41172790527344,nan
20.28296208381653,1784967088.9147704,Backstepping,circle,circle_bs_tune_baseline_20260725_151054,1784967088.8850904,0.6867086019500525,0.11352842615790602,-3.051507121073217,0.1793011926386715,0.12635373170626052,1784967088.8524454,0.6845533190393369,0.108680925781674,-3.048584127048739,0.06232500076293945,0,0,1784967088.9103312,-0.14193613862800314,0.9187835037809459,-2.931638987348064,1784967088.910378,0.7528408662355253,-0.8765377779942544,0.11986813372515304,0.7476793625874316,-0.8833609575236909,0.11694513970067488,1784967088.9104247,0.18,-0.3805908232580691,1784967088.8910007,3606.4697265625,nan,nan,48.01801681518555,nan
20.322763204574585,1784967088.9545715,Backstepping,circle,circle_bs_tune_baseline_20260725_151054,1784967088.935044,0.67757127485355,0.1128683870098078,-3.05284092056175,0.18065180656502433,0.1013654756406625,1784967088.8524454,0.6845533190393369,0.108680925781674,-3.048584127048739,0.1021261215209961,0,0,1784967088.9502325,-0.14615073229043718,0.9178758972013201,-2.9273277719473683,1784967088.950316,0.7491279067827589,-0.8748499390165942,0.1255131486143819,0.7519600335313338,-0.8828487020085023,0.12125635510137078,1784967088.9503617,0.18,-0.35783307698456684,1784967088.9413173,3606.520263671875,nan,nan,50.45411682128906,nan
20.362895727157593,1784967088.994704,Backstepping,circle,circle_bs_tune_baseline_20260725_151054,1784967088.9852498,0.6670153962841833,0.11158563768238776,-3.0567146457785257,0.18184833950702212,0.07497663040993666,1784967088.9827137,0.6605846420594,0.10719568512464729,-3.0601602265305616,0.01199030876159668,0,0,1784967088.9902027,-0.1503836951194224,0.9169451707298027,-2.9229936912512624,1784967088.9902377,0.7461812094413082,-0.8717561899834707,0.13372095452726332,0.7424139469143565,-0.8730323045405852,0.13716653527929923,1784967088.9902751,0.18,-0.3435170488670525,1784967088.991942,3606.57080078125,nan,nan,50.505889892578125,nan
20.402583122253418,1784967089.0343914,Backstepping,circle,circle_bs_tune_baseline_20260725_151054,1784967088.9852498,0.6670153962841833,0.11158563768238776,-3.0567146457785257,0.18184833950702212,0.07497663040993666,1784967088.9827137,0.6605846420594,0.10719568512464729,-3.0601602265305616,0.051677703857421875,0,0,1784967089.0305061,-0.15461861123562448,0.9159947407356426,-2.9186534307455863,1784967089.0305486,0.7504814537380192,-0.8711682013154926,0.13806121503293944,0.7467121397263571,-0.8724295025532521,0.14150679578497538,1784967089.030596,0.18,-0.34169874280984347,1784967088.991942,3606.57080078125,nan,nan,50.505889892578125,nan
20.442595958709717,1784967089.0744042,Backstepping,circle,circle_bs_tune_baseline_20260725_151054,1784967089.0350804,0.6582932719662307,0.11099869948101168,-3.060551333281832,0.1794268044831659,0.049835534445488466,1784967089.05193,0.6443926984439365,0.10686527321394308,-3.0717324400748787,0.022474288940429688,0,0,1784967089.070109,-0.15879243954248157,0.915039102215002,-2.914371595189556,1784967089.070146,0.7493148010806071,-0.8675467469029354,0.14617973809227625,0.7448126996709428,-0.8622675606639604,0.15736084488532276,1784967089.0701866,0.18,-0.3404937094331837,1784967089.0655298,3606.6435546875,nan,nan,72.81340789794922,nan
20.482712507247925,1784967089.1145208,Backstepping,circle,circle_bs_tune_baseline_20260725_151054,1784967089.085133,0.6478474522723813,0.10999539658973567,-3.0675776400888863,0.17743946021506948,0.02066164866798034,1784967089.05193,0.6443926984439365,0.10686527321394308,-3.0717324400748787,0.0625908374786377,0,0,1784967089.1104426,-0.16303599561069015,0.9140481874411326,-2.9100138767218433,1784967089.1104844,0.7492057053971564,-0.8618141722709179,0.15756376336704303,0.7491150739423891,-0.8615752776138293,0.16171856335303536,1784967089.11053,0.18,-0.40262295036404644,1784967089.1012287,3606.679443359375,nan,nan,35.80162048339844,nan
20.522802591323853,1784967089.1546109,Backstepping,circle,circle_bs_tune_baseline_20260725_151054,1784967089.1357267,0.6388565970897533,0.10947102569359268,-3.073216445860726,0.177521004991315,-0.0015772139488946166,1784967089.05193,0.6443926984439365,0.10686527321394308,-3.0717324400748787,0.10268092155456543,0,0,1784967089.1499243,-0.16718546380258292,0.9130603577624322,-2.905748443410381,1784967089.1499655,0.7492549624332115,-0.8567827144682689,0.1674680024503452,0.7533233744895789,-0.860879504479702,0.1659839966644978,1784967089.1500132,0.18,-0.4002051248883757,1784967089.143649,3606.720458984375,nan,nan,41.033103942871094,nan
20.56311583518982,1784967089.194924,Backstepping,circle,circle_bs_tune_baseline_20260725_151054,1784967089.1851463,0.6274968464298811,0.10881853552478243,-3.084081253431038,0.17998121517674787,-0.02668279738862181,1784967089.1670966,0.6189337253993333,0.10636547130406854,-3.098959489959343,0.02782750129699707,0,0,1784967089.190625,-0.17146420960818065,0.9120221358524451,-2.9013455350851856,1784967089.1906652,0.7514722105998894,-0.8477996870375041,0.18273571834585223,0.7553424470652378,-0.8386115575502497,0.19761395487415756,1784967089.1907094,0.18,-0.39491217522652144,1784967089.1923862,3606.770751953125,nan,nan,50.4373779296875,nan
20.602714776992798,1784967089.234523,Backstepping,circle,circle_bs_tune_baseline_20260725_151054,1784967089.1851463,0.6274968464298811,0.10881853552478243,-3.084081253431038,0.17998121517674787,-0.02668279738862181,1784967089.1670966,0.6189337253993333,0.10636547130406854,-3.098959489959343,0.06742644309997559,0,0,1784967089.2303,-0.17560820699598567,0.910997564374238,-2.8970767543768727,1784967089.2303398,0.755668248676965,-0.847015005242238,0.18700449905416505,0.7595263464787207,-0.8377645352589567,0.20188273558247039,1784967089.230383,0.18,-0.3930354366489863,1784967089.1923862,3606.770751953125,nan,nan,50.4373779296875,nan
20.642887592315674,1784967089.2746959,Backstepping,circle,circle_bs_tune_baseline_20260725_151054,1784967089.2351248,0.6187029332013542,0.10844960513615386,-3.091732434265198,0.17852278095519764,-0.04745790522318219,1784967089.2540295,0.6013442287176665,0.1067394972074921,-3.1182346578493205,0.02066636085510254,0,0,1784967089.270695,-0.1797752200089191,0.9099483442775306,-2.892779675290569,1784967089.2707438,0.757539487172335,-0.8402984680302475,0.19895275897462916,0.7621467277492799,-0.8212334689791755,0.2254549825587517,1784967089.2707994,0.18,-0.32420295184153414,1784967089.2430863,3606.821533203125,nan,nan,50.736915588378906,nan
20.682819604873657,1784967089.314628,Backstepping,circle,circle_bs_tune_baseline_20260725_151054,1784967089.2855678,0.6075376168109877,0.10816089231195371,-3.1058570221720125,0.17832814623737384,-0.07575212864945613,1784967089.2540295,0.6013442287176665,0.1067394972074921,-3.1182346578493205,0.06059837341308594,0,0,1784967089.3110375,-0.18405716777958614,0.9088503152213331,-2.8883591802573045,1784967089.3110783,0.7624823386282199,-0.8284603419778116,0.21749784191470797,0.766453152892205,-0.8202357480726296,0.229875477592016,1784967089.3111236,0.18,-0.31628814789518933,1784967089.293274,3606.87158203125,nan,nan,49.927101135253906,nan
20.72262716293335,1784967089.3544354,Backstepping,circle,circle_bs_tune_baseline_20260725_151054,1784967089.335161,0.5985500750065561,0.10795618772438088,-3.1149192444800056,0.17932940187413704,-0.09314097953073935,1784967089.2540295,0.6013442287176665,0.1067394972074921,-3.1182346578493205,0.10040593147277832,0,0,1784967089.3505182,-0.18816900974573403,0.9077768882342964,-2.8841095312094533,1784967089.3505692,0.7651078224319043,-0.8205181846438032,0.23080971327055222,0.7705889440302479,-0.819258649554793,0.23412512663986715,1784967089.3506243,0.18,-0.31609691717998556,1784967089.346668,3606.92431640625,nan,nan,52.89869689941406,nan
20.76250457763672,1784967089.3943129,Backstepping,circle,circle_bs_tune_baseline_20260725_151054,1784967089.384943,0.5867572144574369,0.10818576182781026,-3.1339403218783657,0.18232677251534987,-0.12067615547270498,1784967089.3681948,0.5768673021979116,0.10732622639766329,3.120261409716643,0.026118040084838867,0,0,1784967089.3901975,-0.19232012732170323,0.9066742430584234,-2.87981446056126,1784967089.3902652,0.7729442921229609,-0.8044268023917136,0.2541258613171058,0.7860622319764197,-0.7827596827447951,0.2831094369016836,1784967089.3903117,0.18,-0.3315372560633821,1784967089.3930538,3606.970947265625,nan,nan,46.62381362915039,nan
20.802469968795776,1784967089.4342782,Backstepping,circle,circle_bs_tune_baseline_20260725_151054,1784967089.384943,0.5867572144574369,0.10818576182781026,-3.1339403218783657,0.18232677251534987,-0.12067615547270498,1784967089.3681948,0.5768673021979116,0.10732622639766329,3.120261409716643,0.06608343124389648,0,0,1784967089.4303024,-0.19650512635820738,0.9055432429009996,-2.8754793241476855,1784967089.4303422,0.7771378233310007,-0.80332786003707,0.2584609977306802,0.7902221551051796,-0.7815396754274233,0.2874445733152575,1784967089.4303844,0.18,-0.3295087142422541,1784967089.3930538,3606.970947265625,nan,nan,46.62381362915039,nan
20.84272813796997,1784967089.4745364,Backstepping,circle,circle_bs_tune_baseline_20260725_151054,1784967089.4362385,0.5777480259843949,0.10824203394467383,3.137841862941288,0.17984297856912268,-0.13774843255776836,1784967089.4673114,0.5611570451917058,0.10897025292775639,3.1007589160117437,0.00722503662109375,0,0,1784967089.4702735,-0.20067094020841858,0.9043980594714189,-2.871158967778667,1784967089.4703228,0.7813996982060839,-0.7932307454673405,0.27418447645963107,0.7936642047196403,-0.7636651130622737,0.31126742338917546,1784967089.4703968,0.18,-0.3359195030568506,1784967089.446643,3607.024658203125,nan,nan,53.53642654418945,nan
20.88266897201538,1784967089.5144773,Backstepping,circle,circle_bs_tune_baseline_20260725_151054,1784967089.485142,0.5675131153849923,0.10880070550175132,3.119515413046398,0.177411691947556,-0.16169610255506406,1784967089.4673114,0.5611570451917058,0.10897025292775639,3.1007589160117437,0.047165870666503906,0,0,1784967089.5108364,-0.2048755595895042,0.9032225436867453,-2.866793112561687,1784967089.510904,0.7897376670561599,-0.7771774182558168,0.2968767815715021,0.7978173318441095,-0.7623189345496626,0.3156332786061553,1784967089.5109715,0.18,-0.33767927353653254,1784967089.493923,3607.0712890625,nan,nan,46.759239196777344,nan
20.92269015312195,1784967089.5544984,Backstepping,circle,circle_bs_tune_baseline_20260725_151054,1784967089.5349448,0.5587906189016326,0.10905238357812938,3.1092101452533205,0.17660679803029866,-0.1691193980271659,1784967089.4673114,0.5611570451917058,0.10897025292775639,3.1007589160117437,0.08718705177307129,0,0,1784967089.5508895,-0.20901540260651075,0.9020457659969906,-2.8624892614340625,1784967089.5509365,0.7930781127664651,-0.7677185019752042,0.31148590049220304,0.8019056850868783,-0.7609741395099245,0.31993712973378075,1784967089.550983,0.18,-0.3348171849598066,1784967089.5515394,3607.12890625,nan,nan,57.532997131347656,nan
20.962443113327026,1784967089.5942514,Backstepping,circle,circle_bs_tune_baseline_20260725_151054,1784967089.585168,0.5472316566831515,0.11024794862819622,3.0882009815314406,0.17814105526331328,-0.18976335386562473,1784967089.5644186,0.537591865989058,0.11200605417693292,3.0593633337055106,0.029832839965820312,0,0,1784967089.5907662,-0.21317788061786636,0.9008431029519073,-2.8581565196966965,1784967089.5908422,0.801517101207733,-0.7488883087150134,0.33682780595144934,0.8130254101644446,-0.7245058898084772,0.36566545377737936,1784967089.5909133,0.18,-0.3281551085788375,1784967089.5515394,3607.12890625,nan,nan,57.532997131347656,nan
21.002631664276123,1784967089.63444,Backstepping,circle,circle_bs_tune_baseline_20260725_151054,1784967089.585168,0.5472316566831515,0.11024794862819622,3.0882009815314406,0.17814105526331328,-0.18976335386562473,1784967089.5644186,0.537591865989058,0.11200605417693292,3.0593633337055106,0.07002139091491699,0,0,1784967089.6304638,-0.21729385084928898,0.8996346270462626,-2.8538668048834643,1784967089.63051,0.805562714296729,-0.7474619007458039,0.341117520764682,0.8170282126343672,-0.7229634251096063,0.36995516859061106,1784967089.630561,0.18,-0.32602017185294413,1784967089.594625,3607.171630859375,nan,nan,42.72609329223633,nan
21.04278802871704,1784967089.6745963,Backstepping,circle,circle_bs_tune_baseline_20260725_151054,1784967089.635088,0.5385920046196528,0.11080426641661338,3.0750128887282773,0.1764528372742516,-0.20200514064359823,1784967089.6528296,0.5219342406492876,0.11498187171860687,3.0310435930608515,0.02176666259765625,0,0,1784967089.6706326,-0.22145391708493767,0.8983936791854183,-2.8495255916571463,1784967089.6706898,0.8107607384816828,-0.7352781182259729,0.35864682679416254,0.8252794183529437,-0.6966160310967073,0.4026161224615888,1784967089.6707509,0.18,-0.3216399376673158,1784967089.6461937,3607.223388671875,nan,nan,51.76389694213867,nan
21.08253288269043,1784967089.7143412,Backstepping,circle,circle_bs_tune_baseline_20260725_151054,1784967089.685099,0.527708389624048,0.11242945911972231,3.0523053734296073,0.17642637952590087,-0.22508677748509864,1784967089.6528296,0.5219342406492876,0.11498187171860687,3.0310435930608515,0.06151151657104492,0,0,1784967089.7112517,-0.22562062379556602,0.8971309979699394,-2.8451717613196217,1784967089.7112913,0.8202989652972046,-0.714402348166636,0.3857081724303575,0.8292813860484973,-0.6949013698391804,0.40696995279911286,1784967089.7113354,0.18,-0.3121889510794625,1784967089.6937423,3607.272705078125,nan,nan,49.26110076904297,nan
21.122722148895264,1784967089.7545304,Backstepping,circle,circle_bs_tune_baseline_20260725_151054,1784967089.7352157,0.5188730775823871,0.11328496118539645,3.0386677321386886,0.17664664920580006,-0.2328020294608676,1784967089.6528296,0.5219342406492876,0.11498187171860687,3.0310435930608515,0.1017007827758789,0,0,1784967089.750896,-0.2297485678667086,0.8958604931250177,-2.840852718160137,1784967089.7509348,0.8250642565999539,-0.7015182133819893,0.40366485688076126,0.8332439645900835,-0.6931832091606606,0.41128899595859836,1784967089.7509766,0.18,-0.3048294483204774,1784967089.748056,3607.325439453125,nan,nan,52.89786148071289,nan
21.162784099578857,1784967089.7945924,Backstepping,circle,circle_bs_tune_baseline_20260725_151054,1784967089.7851415,0.5072777066635225,0.1157435555779659,3.0134107965588353,0.17979859396343195,-0.25292479159045117,1784967089.7634132,0.4982814050777897,0.12043278143900961,2.980107150916549,0.031179189682006836,0,0,1784967089.7902608,-0.23380167599850754,0.894593993568236,-2.836606339261516,1784967089.7903085,0.8345608590383733,-0.6777276951147144,0.43316817135923485,0.847031502737163,-0.6463813528671608,0.4664718170015212,1784967089.7903605,0.18,-0.2907324289905906,1784967089.793527,3607.37255859375,nan,nan,46.97528839111328,nan
21.20280885696411,1784967089.8346171,Backstepping,circle,circle_bs_tune_baseline_20260725_151054,1784967089.7851415,0.5072777066635225,0.1157435555779659,3.0134107965588353,0.17979859396343195,-0.25292479159045117,1784967089.7634132,0.4982814050777897,0.12043278143900961,2.980107150916549,0.07120394706726074,0,0,1784967089.8304758,-0.23793342533717343,0.8932834360836736,-2.832271717832073,1784967089.8305223,0.8384911812494432,-0.6758997233329084,0.4375027927886779,0.8508987786535829,-0.6444235248603667,0.47080643843096426,1784967089.8305738,0.18,-0.28844346528956,1784967089.793527,3607.37255859375,nan,nan,46.97528839111328,nan
21.242990732192993,1784967089.874799,Backstepping,circle,circle_bs_tune_baseline_20260725_151054,1784967089.8358314,0.4982570840541766,0.1169622952308255,2.998814136571077,0.17968466879016073,-0.2587161737523449,1784967089.852325,0.4829167293772836,0.12469757015311611,2.946480181347608,0.022474050521850586,0,0,1784967089.871152,-0.2421036890516124,0.8919406324107836,-2.827890593335613,1784967089.8711953,0.8431018896046992,-0.6617436824005197,0.4564805772728964,0.8600144735389796,-0.6121206000657109,0.5088145324963655,1784967089.8712482,0.18,-0.27969099604059616,1784967089.8489733,3607.427490234375,nan,nan,54.97886657714844,nan
21.282686471939087,1784967089.9144948,Backstepping,circle,circle_bs_tune_baseline_20260725_151054,1784967089.8852751,0.48766274346248095,0.11978828676691834,2.972802521096367,0.17904503646830247,-0.2794493538154453,1784967089.852325,0.4829167293772836,0.12469757015311611,2.946480181347608,0.062169790267944336,0,0,1784967089.9105837,-0.24617142087254473,0.8906113755715075,-2.8236111782049975,1784967089.910624,0.85289586704673,-0.6365920632195626,0.4867716078782218,0.8637473115262564,-0.6100279255873143,0.5130939476269811,1784967089.9106665,0.18,-0.26481788272561424,1784967089.8965027,3607.471923828125,nan,nan,44.34621810913086,nan
21.322802305221558,1784967089.9546106,Backstepping,circle,circle_bs_tune_baseline_20260725_151054,1784967089.9351718,0.47922188280672146,0.1212967818548381,2.9569648352364237,0.1765149636360675,-0.2856461544017374,1784967089.852325,0.4829167293772836,0.12469757015311611,2.946480181347608,0.10228562355041504,0,0,1784967089.9505882,-0.250281687810767,0.8892486077791599,-2.8192808826422535,1784967089.9506278,0.85808652384842,-0.6209774424839438,0.5069395893009097,0.8675153805651388,-0.6078941294214358,0.5174242431897247,1784967089.9506695,0.18,-0.25524827567465025,1784967089.9520912,3607.5302734375,nan,nan,58.4582633972168,nan
21.363017559051514,1784967089.9948258,Backstepping,circle,circle_bs_tune_baseline_20260725_151054,1784967089.9851108,0.46860873468637204,0.12481600139692771,2.929930544832488,0.1789276748152361,-0.3029384544635058,1784967089.983497,0.4601490091906983,0.13196781445825115,2.892550120414906,0.011328935623168945,0,0,1784967089.9899442,-0.2543152409830505,0.8878920278436776,-2.815025311276897,1784967089.989982,0.8671015231606191,-0.5941708889435591,0.5382294510702014,0.878739498236498,-0.5565046948569083,0.5756098754877839,1784967089.9900212,0.18,-0.2376298550529046,1784967089.9520912,3607.5302734375,nan,nan,58.4582633972168,nan
21.402674198150635,1784967090.0344825,Backstepping,circle,circle_bs_tune_baseline_20260725_151054,1784967089.9851108,0.46860873468637204,0.12481600139692771,2.929930544832488,0.1789276748152361,-0.3029384544635058,1784967089.983497,0.4601490091906983,0.13196781445825115,2.892550120414906,0.05098557472229004,0,0,1784967090.0304909,-0.2584561748820524,0.8864794130171725,-2.810650057599529,1784967090.0305283,0.8708532746975365,-0.5919198503812055,0.5426047047475697,0.8824045037423127,-0.5541150193880814,0.5799851291651514,1784967090.0305703,0.18,-0.23519896917600797,1784967089.995839,3607.5732421875,nan,nan,42.87586212158203,nan
21.442491054534912,1784967090.0742993,Backstepping,circle,circle_bs_tune_baseline_20260725_151054,1784967090.0352442,0.45955211109112143,0.1267660289350625,2.9151385731012467,0.1813183368584489,-0.3017944990102455,1784967090.0538101,0.4452703651912202,0.13741160997633423,2.8585344078553017,0.020489215850830078,0,0,1784967090.0709527,-0.2625133222620124,0.8850757206921117,-2.806356943891033,1784967090.071056,0.8738885244293482,-0.5768283328051912,0.5616897901873072,0.8884357117889339,-0.5202320219819231,0.6182939554332523,1784967090.0711806,0.18,-0.2243718384564724,1784967090.0528276,3607.631591796875,nan,nan,58.45331573486328,nan
21.482929944992065,1784967090.1147382,Backstepping,circle,circle_bs_tune_baseline_20260725_151054,1784967090.0855062,0.44890376348898914,0.1307746891475347,2.887427207101469,0.1823631182350605,-0.31837693280202384,1784967090.0538101,0.4452703651912202,0.13741160997633423,2.8585344078553017,0.0609281063079834,0,0,1784967090.1105683,-0.2666123085483585,0.8836377027068822,-2.8020130269980275,1784967090.110611,0.8818272094453371,-0.5487683839392232,0.59374507308009,0.8919699530513246,-0.5177064085909403,0.6226378723262569,1784967090.1106555,0.18,-0.2061155300375081,1784967090.0940647,3607.6728515625,nan,nan,41.24837112426758,nan
21.52315616607666,1784967090.1549644,Backstepping,circle,circle_bs_tune_baseline_20260725_151054,1784967090.1349351,0.4403657446042431,0.13303467386850945,2.8710571514972782,0.18103692924531148,-0.3204538875781694,1784967090.0538101,0.4452703651912202,0.13741160997633423,2.8585344078553017,0.10115432739257812,0,0,1784967090.1509538,-0.2707288144056026,0.8821733664616136,-2.797643824384197,1784967090.1509938,0.8854360154778075,-0.5318527193578089,0.6144843312981119,0.8955136661881499,-0.5151506311523074,0.627007074940088,1784967090.1510384,0.18,-0.1949619838377118,1784967090.1436303,3607.722412109375,nan,nan,49.56279754638672,nan
21.562459707260132,1784967090.194268,Backstepping,circle,circle_bs_tune_baseline_20260725_151054,1784967090.1859944,0.4295618690101753,0.13789469154474737,2.839274830629661,0.18135660710930768,-0.34015902301079093,1784967090.1635551,0.42252864656639594,0.14632578471207383,2.797584060130248,0.03071284294128418,0,0,1784967090.1900337,-0.27470227813391057,0.8807406516189715,-2.793419950292095,1784967090.1900766,0.8934953205916197,-0.49947394469788003,0.65049052625783,0.9040717056074311,-0.4562351479362273,0.6921812967572437,1784967090.1901248,0.18,-0.17385188737468213,1784967090.193855,3607.772705078125,nan,nan,50.29762268066406,nan
