t,ros_time,controller,trajectory,run_id,odom_stamp,odom_x,odom_y,odom_yaw,odom_v,odom_w,camera_stamp,camera_x,camera_y,camera_yaw,camera_age_s,disturbance_event,control_paused,desired_stamp,desired_x,desired_y,desired_yaw,error_stamp,error_ex,error_ey,error_etheta,camera_error_ex,camera_error_ey,camera_error_etheta,cmd_stamp,cmd_v,cmd_w,espnow_link_stamp,espnow_rx_time,espnow_robot_time_ms,espnow_seq,espnow_interarrival_ms,espnow_seq_gap
0.04267001152038574,1784980893.935967,BSMC,circle,circle_dist_bsmc_30cm_yawfree_p02_manual,1784980893.9137104,0.9522847611273507,-0.06862743834897708,1.5790764311541237,-1.482614103736814e-06,-0.000406420950777284,nan,nan,nan,nan,nan,0,0,nan,nan,nan,nan,nan,nan,nan,nan,nan,nan,nan,1784980893.9304304,0.0,0.0,1784980893.9009628,17411.478515625,nan,nan,50.13722610473633,nan
0.08243441581726074,1784980893.9757314,BSMC,circle,circle_dist_bsmc_30cm_yawfree_p02_manual,1784980893.9637167,0.952279215279017,-0.06862893898056403,1.5790815737616646,-1.6630951870599539e-06,-0.0003622247112194156,1784980893.9446654,0.9522419647368171,-0.06863653304360615,1.5791572615280014,0.031065940856933594,0,0,nan,nan,nan,nan,nan,nan,nan,nan,nan,nan,nan,1784980893.9702122,0.0,0.0,1784980893.9547303,17411.53125,nan,nan,52.28263854980469,nan
0.12260699272155762,1784980894.015904,BSMC,circle,circle_dist_bsmc_30cm_yawfree_p02_manual,1784980894.0140479,0.9522792155232206,-0.06862896834537796,1.5790683085870176,-1.1619073154915588e-06,-0.0003442530543314527,1784980893.9446654,0.9522419647368171,-0.06863653304360615,1.5791572615280014,0.07123851776123047,0,0,nan,nan,nan,nan,nan,nan,nan,nan,nan,nan,nan,1784980894.0101662,0.0,0.0,1784980894.0026412,17411.58203125,nan,nan,49.98249816894531,nan
0.16288042068481445,1784980894.0561774,BSMC,circle,circle_dist_bsmc_30cm_yawfree_p02_manual,1784980894.0140479,0.9522792155232206,-0.06862896834537796,1.5790683085870176,-1.1619073154915588e-06,-0.0003442530543314527,1784980894.0233073,0.9522419647368171,-0.06863653304360615,1.5791572615280014,0.03287005424499512,0,0,nan,nan,nan,nan,nan,nan,nan,nan,nan,nan,nan,1784980894.050422,0.0,0.0,1784980894.052383,17411.630859375,nan,nan,49.87632369995117,nan
0.2027297019958496,1784980894.0960267,BSMC,circle,circle_dist_bsmc_30cm_yawfree_p02_manual,1784980894.063947,0.9522744901880268,-0.068630190620551,1.5790754994791265,-1.2719370473740193e-06,-0.000303916806281989,1784980894.0233073,0.9522419647368171,-0.06863653304360615,1.5791572615280014,0.07271933555603027,0,0,nan,nan,nan,nan,nan,nan,nan,nan,nan,nan,nan,1784980894.090342,0.0,0.0,1784980894.052383,17411.630859375,nan,nan,49.87632369995117,nan
0.24273347854614258,1784980894.1360304,BSMC,circle,circle_dist_bsmc_30cm_yawfree_p02_manual,1784980894.1141236,0.9522744903545401,-0.06863021064498606,1.5790645909160965,-8.880068670935497e-07,-0.0002885625532610159,1784980894.0233073,0.9522419647368171,-0.06863653304360615,1.5791572615280014,0.11272311210632324,0,0,nan,nan,nan,nan,nan,nan,nan,nan,nan,nan,nan,1784980894.1305537,0.0,0.0,1784980894.1022754,17411.6796875,nan,nan,48.93656921386719,nan
0.28334689140319824,1784980894.1766438,BSMC,circle,circle_dist_bsmc_30cm_yawfree_p02_manual,1784980894.1641304,0.9522702227395063,-0.06863127005759692,1.5790767808891026,-1.0824361878747693e-06,-0.0002458910709311056,1784980894.1442213,0.9522419647368171,-0.06863653304360615,1.5791572615280014,0.032422542572021484,0,0,nan,nan,nan,nan,nan,nan,nan,nan,nan,nan,nan,1784980894.170529,0.0,0.0,1784980894.1555781,17411.734375,nan,nan,53.9089241027832,nan
0.32240796089172363,1784980894.215705,BSMC,circle,circle_dist_bsmc_30cm_yawfree_p02_manual,1784980894.214249,0.9522702228828055,-0.06863128728338988,1.5790680124677958,-7.560488966712573e-07,-0.0002334165393852407,1784980894.1442213,0.9522419647368171,-0.06863653304360615,1.5791572615280014,0.07148361206054688,0,0,nan,nan,nan,nan,nan,nan,nan,nan,nan,nan,nan,1784980894.210143,0.0,0.0,1784980894.2020967,17411.779296875,nan,nan,46.169166564941406,nan
0.362501859664917,1784980894.2557988,BSMC,circle,circle_dist_bsmc_30cm_yawfree_p02_manual,1784980894.214249,0.9522702228828055,-0.06863128728338988,1.5790680124677958,-7.560488966712573e-07,-0.0002334165393852407,1784980894.2268817,0.9522419647368171,-0.06863653304360615,1.5791572615280014,0.02891707420349121,0,0,nan,nan,nan,nan,nan,nan,nan,nan,nan,nan,nan,1784980894.2503557,0.0,0.0,1784980894.2020967,17411.779296875,nan,nan,46.169166564941406,nan
0.4032773971557617,1784980894.2965744,BSMC,circle,circle_dist_bsmc_30cm_yawfree_p02_manual,1784980894.2644532,0.952266585520043,-0.06863215129241804,1.5790799298371114,-8.601458993655364e-07,-0.00019696073764389221,1784980894.2268817,0.9522419647368171,-0.06863653304360615,1.5791572615280014,0.06969261169433594,0,0,nan,nan,nan,nan,nan,nan,nan,nan,nan,nan,nan,1784980894.2901962,0.0,0.0,1784980894.256902,17411.8359375,nan,nan,55.4879035949707,nan
0.44247889518737793,1784980894.3357759,BSMC,circle,circle_dist_bsmc_30cm_yawfree_p02_manual,1784980894.314565,0.9522665856296914,-0.06863216447129296,1.5790729707874764,-6.035821897971193e-07,-0.00018691575254557307,1784980894.2268817,0.9522419647368171,-0.06863653304360615,1.5791572615280014,0.10889410972595215,0,0,nan,nan,nan,nan,nan,nan,nan,nan,nan,nan,nan,1784980894.3303292,0.0,0.0,1784980894.30218,17411.880859375,nan,nan,44.538673400878906,nan
0.4831101894378662,1784980894.3764071,BSMC,circle,circle_dist_bsmc_30cm_yawfree_p02_manual,1784980894.3637803,0.9522633196258211,-0.06863290640295852,1.5790870977121476,-7.436296699234697e-07,-0.0001513663148257085,1784980894.3480196,0.9522419647368171,-0.06863653304360615,1.5791572615280014,0.02838754653930664,0,0,nan,nan,nan,nan,nan,nan,nan,nan,nan,nan,nan,1784980894.3701737,0.0,0.0,1784980894.361818,17411.939453125,nan,nan,58.992340087890625,nan
0.5227129459381104,1784980894.41601,BSMC,circle,circle_dist_bsmc_30cm_yawfree_p02_manual,1784980894.4136395,0.9522633197271461,-0.06863291857665271,1.5790817531692258,-5.227444376887268e-07,-0.00014368011256893617,1784980894.3480196,0.9522419647368171,-0.06863653304360615,1.5791572615280014,0.06799030303955078,0,0,nan,nan,nan,nan,nan,nan,nan,nan,nan,nan,nan,1784980894.4103587,0.0,0.0,1784980894.403333,17411.98046875,nan,nan,41.98066329956055,nan
0.5628092288970947,1784980894.4561062,BSMC,circle,circle_dist_bsmc_30cm_yawfree_p02_manual,1784980894.4136395,0.9522633197271461,-0.06863291857665271,1.5790817531692258,-5.227444376887268e-07,-0.00014368011256893617,1784980894.4315624,0.9522419647368171,-0.06863653304360615,1.5791572615280014,0.02454376220703125,0,0,nan,nan,nan,nan,nan,nan,nan,nan,nan,nan,nan,1784980894.4502048,0.0,0.0,1784980894.4522574,17412.03125,nan,nan,49.6733512878418,nan
0.6034724712371826,1784980894.4967694,BSMC,circle,circle_dist_bsmc_30cm_yawfree_p02_manual,1784980894.4639323,0.9522605344611507,-0.06863352195792341,1.5790942665857979,-6.088477845707634e-07,-0.00011476190581816281,1784980894.4315624,0.9522419647368171,-0.06863653304360615,1.5791572615280014,0.06520700454711914,0,0,nan,nan,nan,nan,nan,nan,nan,nan,nan,nan,nan,1784980894.4906328,0.0,0.0,1784980894.4522574,17412.03125,nan,nan,49.6733512878418,nan
0.6435441970825195,1784980894.5368412,BSMC,circle,circle_dist_bsmc_30cm_yawfree_p02_manual,1784980894.5136611,0.9522605345416988,-0.06863353163180108,1.5790902402548428,-4.239210903490722e-07,-0.00010889237376652682,1784980894.4315624,0.9522419647368171,-0.06863653304360615,1.5791572615280014,0.10527873039245605,0,0,nan,nan,nan,nan,nan,nan,nan,nan,nan,nan,nan,1784980894.5305753,0.0,0.0,1784980894.5051851,17412.083984375,nan,nan,52.33980178833008,nan
0.6824045181274414,1784980894.5757015,BSMC,circle,circle_dist_bsmc_30cm_yawfree_p02_manual,1784980894.564358,0.9522580436843159,-0.06863404694568268,1.579102878835128,-5.365256394018007e-07,-8.23083612738844e-05,1784980894.5563006,0.9522419647368171,-0.06863653304360615,1.5791572615280014,0.019400835037231445,0,0,nan,nan,nan,nan,nan,nan,nan,nan,nan,nan,nan,1784980894.5703013,0.0,0.0,1784980894.5535772,17412.130859375,nan,nan,47.56401824951172,nan
0.7224600315093994,1784980894.615757,BSMC,circle,circle_dist_bsmc_30cm_yawfree_p02_manual,1784980894.6138885,0.9522580437615148,-0.06863405621256198,1.5790999828379486,-3.6995141329364556e-07,-7.809812205786311e-05,1784980894.5563006,0.9522419647368171,-0.06863653304360615,1.5791572615280014,0.05945634841918945,0,0,nan,nan,nan,nan,nan,nan,nan,nan,nan,nan,nan,1784980894.6101124,0.0,0.0,1784980894.6094337,17412.1875,nan,nan,57.398067474365234,nan
0.7628707885742188,1784980894.6561677,BSMC,circle,circle_dist_bsmc_30cm_yawfree_p02_manual,1784980894.6138885,0.9522580437615148,-0.06863405621256198,1.5790999828379486,-3.6995141329364556e-07,-7.809812205786311e-05,1784980894.6242332,0.9522742429533256,-0.06862012777822601,1.5795976657657729,0.031934499740600586,0,0,nan,nan,nan,nan,nan,nan,nan,nan,nan,nan,nan,1784980894.6505694,0.0,0.0,1784980894.6543062,17412.232421875,nan,nan,44.95185852050781,nan
0.8025870323181152,1784980894.695884,BSMC,circle,circle_dist_bsmc_30cm_yawfree_p02_manual,1784980894.664392,0.9522601226111446,-0.06863178591573794,1.5792086893845083,6.101047222901889e-07,5.877898901643545e-05,1784980894.6242332,0.9522742429533256,-0.06862012777822601,1.5795976657657729,0.07165074348449707,0,0,nan,nan,nan,nan,nan,nan,nan,nan,nan,nan,nan,1784980894.6903656,0.0,0.0,1784980894.6543062,17412.232421875,nan,nan,44.95185852050781,nan
0.8432095050811768,1784980894.7365065,BSMC,circle,circle_dist_bsmc_30cm_yawfree_p02_manual,1784980894.7136219,0.9522601225244003,-0.06863177572167302,1.5792107218623999,4.2010951465387143e-07,5.573267330363522e-05,1784980894.6242332,0.9522742429533256,-0.06862012777822601,1.5795976657657729,0.1122732162475586,0,0,nan,nan,nan,nan,nan,nan,nan,nan,nan,nan,nan,1784980894.7304714,0.0,0.0,1784980894.711823,17412.291015625,nan,nan,57.49630355834961,nan
0.8830602169036865,1784980894.7763572,BSMC,circle,circle_dist_bsmc_30cm_yawfree_p02_manual,1784980894.7646751,0.9522629739994973,-0.06862980820477607,1.5792825584982921,1.1401518010803958e-06,0.00013930564981417284,1784980894.7444198,0.9522816802773404,-0.06862016861965604,1.5795139566499374,0.031937360763549805,0,0,nan,nan,nan,nan,nan,nan,nan,nan,nan,nan,nan,1784980894.7700586,0.0,0.0,1784980894.756456,17412.3359375,nan,nan,44.5970344543457,nan
0.9227657318115234,1784980894.8160627,BSMC,circle,circle_dist_bsmc_30cm_yawfree_p02_manual,1784980894.8140569,0.9522629738304801,-0.06862978851610577,1.5792874125962402,7.90352339868971e-07,0.0001321343354195668,1784980894.7444198,0.9522816802773404,-0.06862016861965604,1.5795139566499374,0.07164287567138672,0,0,nan,nan,nan,nan,nan,nan,nan,nan,nan,nan,nan,1784980894.8104427,0.0,0.0,1784980894.8101785,17412.388671875,nan,nan,53.484352111816406,nan
0.9625897407531738,1784980894.8558867,BSMC,circle,circle_dist_bsmc_30cm_yawfree_p02_manual,1784980894.8140569,0.9522629738304801,-0.06862978851610577,1.5792874125962402,7.90352339868971e-07,0.0001321343354195668,1784980894.835921,0.9522833905056229,-0.06862243043166866,1.5795510829527077,0.019965648651123047,0,0,nan,nan,nan,nan,nan,nan,nan,nan,nan,nan,nan,1784980894.8507314,0.0,0.0,1784980894.8101785,17412.388671875,nan,nan,53.484352111816406,nan
1.0025479793548584,1784980894.895845,BSMC,circle,circle_dist_bsmc_30cm_yawfree_p02_manual,1784980894.8640058,0.9522656466902509,-0.06862855100995607,1.5793518632026917,1.047123318873147e-06,0.00019821771270788312,1784980894.835921,0.9522833905056229,-0.06862243043166866,1.5795510829527077,0.05992388725280762,0,0,nan,nan,nan,nan,nan,nan,nan,nan,nan,nan,nan,1784980894.8904624,0.0,0.0,1784980894.8569844,17412.435546875,nan,nan,47.1766471862793,nan
1.0425193309783936,1784980894.9358163,BSMC,circle,circle_dist_bsmc_30cm_yawfree_p02_manual,1784980894.913686,0.952265646538884,-0.0686285334911767,1.5793588184427325,7.354801084576062e-07,0.00018812020839871466,1784980894.835921,0.9522833905056229,-0.06862243043166866,1.5795510829527077,0.09989523887634277,0,0,1784980894.931486,0.952265646538884,-0.0686285334911767,1.5793588184427325,nan,nan,nan,nan,-5.947483505067277e-06,1.779671685867331e-05,-0.00019226450997522626,1784980894.9315593,0.0,0.0,1784980894.9042017,17412.482421875,nan,nan,46.1358642578125,nan
1.0834805965423584,1784980894.9767776,BSMC,circle,circle_dist_bsmc_30cm_yawfree_p02_manual,1784980894.9643888,0.9522689747529217,-0.0686269817588856,1.579439067595039,1.1760762349878907e-06,0.00026950178751538223,1784980894.9457133,0.9522907512002751,-0.06861940216207256,1.5796810967234067,0.031064271926879883,0,0,1784980894.9707544,0.9522689747529217,-0.0686269817588856,1.579439067595039,nan,nan,nan,nan,-7.385821472493036e-06,2.1842929939865773e-05,-0.00024202912836779333,1784980894.9708152,0.0,0.0,1784980894.9609013,17412.5390625,nan,nan,57.21870803833008,nan
1.1222708225250244,1784980895.0155678,BSMC,circle,circle_dist_bsmc_30cm_yawfree_p02_manual,1784980895.0141084,0.9522689745811125,-0.06862696209700479,1.5794485357523969,8.280647142423958e-07,0.0002558370916945676,1784980894.9457133,0.9522907512002751,-0.06861940216207256,1.5796810967234067,0.0698544979095459,0,0,1784980895.010418,0.9522689747529217,-0.0686269817588856,1.579439067595039,nan,nan,nan,nan,-7.385821472493036e-06,2.1842929939865773e-05,-0.00024202912836779333,1784980895.0104737,0.0,0.0,1784980895.0029023,17412.58203125,nan,nan,42.45130157470703,nan
1.1624383926391602,1784980895.0557353,BSMC,circle,circle_dist_bsmc_30cm_yawfree_p02_manual,1784980895.0141084,0.9522689745811125,-0.06862696209700479,1.5794485357523969,8.280647142423958e-07,0.0002558370916945676,1784980895.0268533,0.9522913099056034,-0.06861483570612148,1.5796889874487468,0.02888202667236328,0,0,1784980895.0503278,0.9522689745811125,-0.06862696209700479,1.5794485357523969,nan,nan,nan,nan,-1.192729356902978e-05,2.2442275822378287e-05,-0.00024045169634989708,1784980895.050385,0.0,0.0,1784980895.0555122,17412.634765625,nan,nan,52.72334671020508,nan
1.203002691268921,1784980895.0962996,BSMC,circle,circle_dist_bsmc_30cm_yawfree_p02_manual,1784980895.0635772,0.9522718657118008,-0.06862495404956238,1.5795114220884294,1.3577276919193182e-06,0.0003075561541305906,1784980895.0268533,0.9522913099056034,-0.06861483570612148,1.5796889874487468,0.06944632530212402,0,0,1784980895.0907006,0.9522718657118008,-0.06862495404956238,1.5795114220884294,nan,nan,nan,nan,-9.94503502896975e-06,1.9533402798655068e-05,-0.00017756536031732217,1784980895.0907674,0.0,0.0,1784980895.0555122,17412.634765625,nan,nan,52.72334671020508,nan
1.2429323196411133,1784980895.1362293,BSMC,circle,circle_dist_bsmc_30cm_yawfree_p02_manual,1784980895.113972,0.9522718655090691,-0.06862493097514635,1.5795223754381844,9.438144539938973e-07,0.0002917401249775074,1784980895.0268533,0.9522913099056034,-0.06861483570612148,1.5796889874487468,0.1093759536743164,0,0,1784980895.1306071,0.9522718655090691,-0.06862493097514635,1.5795223754381844,nan,nan,nan,nan,-9.921959722488083e-06,1.9533400332112333e-05,-0.0001666120105623392,1784980895.1306646,0.0,0.0,1784980895.1067438,17412.685546875,nan,nan,50.93070602416992,nan
1.28346586227417,1784980895.1767628,BSMC,circle,circle_dist_bsmc_30cm_yawfree_p02_manual,1784980895.1644385,0.9522744502926223,-0.06862320545972095,1.579569795672605,1.4219672122873214e-06,0.0003228532655662698,1784980895.146822,0.9522913099056034,-0.06861483570612148,1.5796889874487468,0.02994084358215332,0,0,1784980895.1706152,0.9522744502926223,-0.06862320545972095,1.579569795672605,nan,nan,nan,nan,-8.219497823063024e-06,1.693337475893416e-05,-0.00011919177614183595,1784980895.1706846,0.0,0.0,1784980895.1545064,17412.732421875,nan,nan,47.817176818847656,nan
1.3223152160644531,1784980895.2156122,BSMC,circle,circle_dist_bsmc_30cm_yawfree_p02_manual,1784980895.214692,0.9522744500800954,-0.06862318139537778,1.5795813089404491,9.918421255995712e-07,0.0003063896374044005,1784980895.146822,0.9522913099056034,-0.06861483570612148,1.5796889874487468,0.06879019737243652,0,0,1784980895.2104437,0.9522744502926223,-0.06862320545972095,1.579569795672605,nan,nan,nan,nan,-8.219497823063024e-06,1.693337475893416e-05,-0.00011919177614183595,1784980895.2105086,0.0,0.0,1784980895.2054844,17412.783203125,nan,nan,50.20176315307617,nan
1.3630101680755615,1784980895.2563071,BSMC,circle,circle_dist_bsmc_30cm_yawfree_p02_manual,1784980895.214692,0.9522744500800954,-0.06862318139537778,1.5795813089404491,9.918421255995712e-07,0.0003063896374044005,1784980895.2252557,0.9522928971071244,-0.06861448774247458,1.5797014319603242,0.0310513973236084,0,0,1784980895.2508705,0.9522744500800954,-0.06862318139537778,1.5795813089404491,nan,nan,nan,nan,-8.529037653701542e-06,1.8523712471112434e-05,-0.00012012301987507357,1784980895.2515678,0.0,0.0,1784980895.254577,17412.833984375,nan,nan,50.06283187866211,nan
1.403047800064087,1784980895.2963448,BSMC,circle,circle_dist_bsmc_30cm_yawfree_p02_manual,1784980895.263962,0.9522768362654128,-0.06862173678629223,1.5796188008836383,1.2444676556026055e-06,0.0003229147426566294,1784980895.2252557,0.9522928971071244,-0.06861448774247458,1.5797014319603242,0.07108902931213379,0,0,1784980895.2908003,0.9522768362654128,-0.06862173678629223,1.5796188008836383,nan,nan,nan,nan,-7.105734797522795e-06,1.612475754055343e-05,-8.263107668593506e-05,1784980895.2908564,0.0,0.0,1784980895.254577,17412.833984375,nan,nan,50.06283187866211,nan
1.4424223899841309,1784980895.3357193,BSMC,circle,circle_dist_bsmc_30cm_yawfree_p02_manual,1784980895.313735,0.9522768360898445,-0.06862171696348704,1.5796301009667615,8.683312198732436e-07,0.0003063549524335135,1784980895.2252557,0.9522928971071244,-0.06861448774247458,1.5797014319603242,0.11046361923217773,0,0,1784980895.3304965,0.9522768360898445,-0.06862171696348704,1.5796301009667615,nan,nan,nan,nan,-7.085911214877907e-06,1.6124756580097956e-05,-7.133099356271266e-05,1784980895.3305554,0.0,0.0,1784980895.3039372,17412.8828125,nan,nan,49.34888458251953,nan
1.4831392765045166,1784980895.3764362,BSMC,circle,circle_dist_bsmc_30cm_yawfree_p02_manual,1784980895.363723,0.9522789734455206,-0.06862047844303425,1.5796557024303741,1.1511758930784998e-06,0.0003090980575181276,1784980895.346127,0.9522928971071244,-0.06861448774247458,1.5797014319603242,0.030309200286865234,0,0,1784980895.370148,0.9522789734455206,-0.06862047844303425,1.5796557024303741,nan,nan,nan,nan,-5.866472995164891e-06,1.3976456641425397e-05,-4.5729529950078174e-05,1784980895.3702245,0.0,0.0,1784980895.3555553,17412.93359375,nan,nan,51.50336456298828,nan
1.5229520797729492,1784980895.416249,BSMC,circle,circle_dist_bsmc_30cm_yawfree_p02_manual,1784980895.4139051,0.9522789732736995,-0.06862045909224455,1.5796666860145687,8.029323935630069e-07,0.00029332015193795437,1784980895.346127,0.9522928971071244,-0.06861448774247458,1.5797014319603242,0.07012200355529785,0,0,1784980895.4106805,0.9522789734455206,-0.06862047844303425,1.5796557024303741,nan,nan,nan,nan,-5.866472995164891e-06,1.3976456641425397e-05,-4.5729529950078174e-05,1784980895.4107752,0.0,0.0,1784980895.4044423,17412.982421875,nan,nan,48.9094352722168,nan
1.5629549026489258,1784980895.4562519,BSMC,circle,circle_dist_bsmc_30cm_yawfree_p02_manual,1784980895.4139051,0.9522789732736995,-0.06862045909224455,1.5796666860145687,8.029323935630069e-07,0.00029332015193795437,1784980895.4256833,0.9522928971071244,-0.06861448774247458,1.5797014319603242,0.030568599700927734,0,0,1784980895.4508793,0.9522789732736995,-0.06862045909224455,1.5796666860145687,nan,nan,nan,nan,-5.847121442669623e-06,1.3976456137185826e-05,-3.4745945755476626e-05,1784980895.4509616,0.0,0.0,1784980895.4543993,17413.033203125,nan,nan,50.02170944213867,nan
1.6029016971588135,1784980895.4961987,BSMC,circle,circle_dist_bsmc_30cm_yawfree_p02_manual,1784980895.4645724,0.952280778303156,-0.06861946175534815,1.5796847543083878,9.429716947326055e-07,0.00028735445204649884,1784980895.4256833,0.9522928971071244,-0.06861448774247458,1.5797014319603242,0.07051539421081543,0,0,1784980895.490526,0.952280778303156,-0.06861946175534815,1.5796847543083878,nan,nan,nan,nan,-4.865897855553287e-06,1.2162616977807006e-05,-1.667765193635873e-05,1784980895.490584,0.0,0.0,1784980895.4543993,17413.033203125,nan,nan,50.02170944213867,nan
1.6429874897003174,1784980895.5362844,BSMC,circle,circle_dist_bsmc_30cm_yawfree_p02_manual,1784980895.513885,0.9522807781733585,-0.068619447158709,1.5796946697534084,6.555837534425078e-07,0.00027256669756215443,1784980895.4256833,0.9522928971071244,-0.06861448774247458,1.5797014319603242,0.11060118675231934,0,0,1784980895.5301538,0.9522807781733585,-0.068619447158709,1.5796946697534084,nan,nan,nan,nan,-4.851300639320213e-06,1.2162616787277895e-05,-6.762206915755797e-06,1784980895.5302255,0.0,0.0,1784980895.505513,17413.083984375,nan,nan,51.04651641845703,nan
1.6832661628723145,1784980895.5765631,BSMC,circle,circle_dist_bsmc_30cm_yawfree_p02_manual,1784980895.5637398,0.9522823895843643,-0.06861859739762172,1.5797043311952972,8.247676312745947e-07,0.00025868584878309647,1784980895.5444057,0.9522928971071244,-0.06861448774247458,1.5797014319603242,0.03215742111206055,0,0,1784980895.5702877,0.9522823895843643,-0.06861859739762172,1.5797043311952972,nan,nan,nan,nan,-4.01592284003173e-06,1.0543702562449924e-05,2.8992349729861644e-06,1784980895.5703495,0.0,0.0,1784980895.5571332,17413.134765625,nan,nan,51.04964828491211,nan
1.7225236892700195,1784980895.6158206,BSMC,circle,circle_dist_bsmc_30cm_yawfree_p02_manual,1784980895.6137555,0.952282389217214,-0.06861855618293845,1.5797172585677437,8.247676312745947e-07,0.00025868584878309647,1784980895.5444057,0.9522928971071244,-0.06861448774247458,1.5797014319603242,0.07141494750976562,0,0,1784980895.6105995,0.9522823895843643,-0.06861859739762172,1.5797043311952972,nan,nan,nan,nan,-4.01592284003173e-06,1.0543702562449924e-05,2.8992349729861644e-06,1784980895.6106653,0.0,0.0,1784980895.5571332,17413.134765625,nan,nan,51.04964828491211,nan
1.762373685836792,1784980895.6556706,BSMC,circle,circle_dist_bsmc_30cm_yawfree_p02_manual,1784980895.6137555,0.952282389217214,-0.06861855618293845,1.5797172585677437,8.247676312745947e-07,0.00025868584878309647,1784980895.6228757,0.9522957629044284,-0.06864214177225325,1.5800471746573597,0.032794952392578125,0,0,1784980895.6508446,0.952282389217214,-0.06861855618293845,1.5797172585677437,nan,nan,nan,nan,2.3708296297213928e-05,1.3154931384061667e-05,-0.0003299160896159669,1784980895.6509178,0.0,0.0,1784980895.6275594,17413.20703125,nan,nan,71.03820037841797,nan
1.8025963306427002,1784980895.6958933,BSMC,circle,circle_dist_bsmc_30cm_yawfree_p02_manual,1784980895.66396,0.9522841289376895,-0.06862247387480616,1.579797694246297,-1.0587391189709765e-06,0.0003220204674383333,1784980895.6228757,0.9522957629044284,-0.06864214177225325,1.5800471746573597,0.07301759719848633,0,0,1784980895.6912582,0.9522841289376895,-0.06862247387480616,1.579797694246297,nan,nan,nan,nan,1.9774678402896346e-05,1.1451526803545493e-05,-0.0002494804110626525,1784980895.6913269,0.0,0.0,1784980895.6562061,17413.234375,nan,nan,28.21048355102539,nan
1.8432538509368896,1784980895.7365508,BSMC,circle,circle_dist_bsmc_30cm_yawfree_p02_manual,1784980895.714147,0.9522841291063078,-0.06862249243260696,1.5798090702386725,-7.450593036525809e-07,0.0003054661761018146,1784980895.6228757,0.9522957629044284,-0.06864214177225325,1.5800471746573597,0.11367511749267578,0,0,1784980895.7304034,0.9522841291063078,-0.06862249243260696,1.5798090702386725,nan,nan,nan,nan,1.975611983632673e-05,1.14515298654732e-05,-0.00023810441868721277,1784980895.7304616,0.0,0.0,1784980895.7065628,17413.28515625,nan,nan,50.73439025878906,nan
1.8830974102020264,1784980895.7763944,BSMC,circle,circle_dist_bsmc_30cm_yawfree_p02_manual,1784980895.7636254,0.9522866777263798,-0.06862585012898073,1.579856765241113,-1.9785938713364155e-06,0.0003356470360981205,1784980895.744801,0.952303190483514,-0.0686420651632738,1.579975061852261,0.03159332275390625,0,0,1784980895.7703147,0.9522866777263798,-0.06862585012898073,1.579856765241113,nan,nan,nan,nan,1.636591534080365e-05,1.6363230132114034e-05,-0.00011829661114792778,1784980895.770383,0.0,0.0,1784980895.7576017,17413.3359375,nan,nan,50.889549255371094,nan
1.9230091571807861,1784980895.816306,BSMC,circle,circle_dist_bsmc_30cm_yawfree_p02_manual,1784980895.8138602,0.9522866780558117,-0.06862588624632245,1.579868718423631,-1.3762166886728237e-06,0.0003183958920595032,1784980895.744801,0.952303190483514,-0.0686420651632738,1.579975061852261,0.07150506973266602,0,0,1784980895.810057,0.9522866777263798,-0.06862585012898073,1.579856765241113,nan,nan,nan,nan,1.636591534080365e-05,1.6363230132114034e-05,-0.00011829661114792778,1784980895.8101275,0.0,0.0,1784980895.8094287,17413.388671875,nan,nan,51.982181549072266,nan
1.9626398086547852,1784980895.8559368,BSMC,circle,circle_dist_bsmc_30cm_yawfree_p02_manual,1784980895.8138602,0.9522866780558117,-0.06862588624632245,1.579868718423631,-1.3762166886728237e-06,0.0003183958920595032,1784980895.8343158,0.952303190483514,-0.0686420651632738,1.579975061852261,0.021620988845825195,0,0,1784980895.8506632,0.9522866780558117,-0.06862588624632245,1.579868718423631,nan,nan,nan,nan,1.6329796496780612e-05,1.6363232220920606e-05,-0.00010634342862991808,1784980895.8507373,0.0,0.0,1784980895.8556306,17413.43359375,nan,nan,46.169471740722656,nan
2.0028076171875,1784980895.8961046,BSMC,circle,circle_dist_bsmc_30cm_yawfree_p02_manual,1784980895.8644133,0.9522888534125065,-0.06862862806392823,1.579903553586217,-2.0707205590381458e-06,0.00033050540959711874,1784980895.8343158,0.952303190483514,-0.0686420651632738,1.579975061852261,0.06178879737854004,0,0,1784980895.8908226,0.9522888534125065,-0.06862862806392823,1.579903553586217,nan,nan,nan,nan,1.3568127645729015e-05,1.4213133225510813e-05,-7.150826604407357e-05,1784980895.8909667,0.0,0.0,1784980895.8556306,17413.43359375,nan,nan,46.169471740722656,nan
2.042602777481079,1784980895.9358997,BSMC,circle,circle_dist_bsmc_30cm_yawfree_p02_manual,1784980895.9134238,0.9522888537385052,-0.06862866372654723,1.579914947073222,-1.42944739274111e-06,0.00031340313732295284,1784980895.8343158,0.952303190483514,-0.0686420651632738,1.579975061852261,0.10158395767211914,0,0,1784980895.9303284,0.9522888537385052,-0.06862866372654723,1.579914947073222,nan,nan,nan,nan,1.3532463536780384e-05,1.4213134573594678e-05,-6.0114779038888955e-05,1784980895.930398,0.0,0.0,1784980895.9124234,17413.490234375,nan,nan,56.8527946472168,nan
2.082456111907959,1784980895.975753,BSMC,circle,circle_dist_bsmc_30cm_yawfree_p02_manual,1784980895.9641004,0.9522907749146268,-0.06863097976868758,1.579938186857825,-2.020570190245622e-06,0.0003122650493987433,1784980895.94874,0.952303190483514,-0.0686420651632738,1.579975061852261,0.027013063430786133,0,0,1784980895.9708717,0.9522907749146268,-0.06863097976868758,1.579938186857825,nan,nan,nan,nan,1.119888523905769e-05,1.2313297418947843e-05,-3.6874994435942554e-05,1784980895.9709287,0.0,0.0,1784980895.9558637,17413.53515625,nan,nan,43.48191452026367,nan
2.1231677532196045,1784980896.0164647,BSMC,circle,circle_dist_bsmc_30cm_yawfree_p02_manual,1784980896.0145633,0.9522907758468685,-0.06863108174090672,1.57995394661259,-2.020570190245622e-06,0.0003122650493987433,1784980895.94874,0.952303190483514,-0.0686420651632738,1.579975061852261,0.06772470474243164,0,0,1784980896.010529,0.9522907749146268,-0.06863097976868758,1.579938186857825,nan,nan,nan,nan,1.119888523905769e-05,1.2313297418947843e-05,-3.6874994435942554e-05,1784980896.010635,0.0,0.0,1784980896.0145361,17413.59375,nan,nan,58.7801628112793,nan
2.162897825241089,1784980896.0561948,BSMC,circle,circle_dist_bsmc_30cm_yawfree_p02_manual,1784980896.0145633,0.9522907758468685,-0.06863108174090672,1.57995394661259,-2.020570190245622e-06,0.0003122650493987433,1784980896.0252812,0.952303190483514,-0.0686420651632738,1.579975061852261,0.030913591384887695,0,0,1784980896.0509186,0.9522907758468685,-0.06863108174090672,1.57995394661259,nan,nan,nan,nan,1.1096908758744754e-05,1.2313301179329837e-05,-2.1115239670965735e-05,1784980896.0510228,0.0,0.0,1784980896.0145361,17413.59375,nan,nan,58.7801628112793,nan
2.202789545059204,1784980896.0960865,BSMC,circle,circle_dist_bsmc_30cm_yawfree_p02_manual,1784980896.063949,0.9522923884403445,-0.06863287163231475,1.5799652751479152,-1.6524298591502019e-06,0.00028747817957617774,1784980896.0252812,0.952303190483514,-0.0686420651632738,1.579975061852261,0.07080531120300293,0,0,1784980896.0909674,0.9522923884403445,-0.06863287163231475,1.5799652751479152,nan,nan,nan,nan,9.292291388186465e-06,1.0717204341044286e-05,-9.786704345815522e-06,1784980896.0910883,0.0,0.0,1784980896.059271,17413.638671875,nan,nan,44.694766998291016,nan
2.2433993816375732,1784980896.1366963,BSMC,circle,circle_dist_bsmc_30cm_yawfree_p02_manual,1784980896.1141899,0.952292388712704,-0.06863290134314126,1.579975493911382,-1.1595392048856523e-06,0.0002727375191274473,1784980896.0252812,0.952303190483514,-0.0686420651632738,1.579975061852261,0.11141514778137207,0,0,1784980896.1304464,0.952292388712704,-0.06863290134314126,1.579975493911382,nan,nan,nan,nan,9.262579313345327e-06,1.0717204696913534e-05,4.320591209250324e-07,1784980896.1305058,0.0,0.0,1784980896.10628,17413.685546875,nan,nan,46.874149322509766,nan
2.283269166946411,1784980896.1765661,BSMC,circle,circle_dist_bsmc_30cm_yawfree_p02_manual,1784980896.1638386,0.9522938323865532,-0.06863448252724084,1.5799833660847942,-1.4859445327965483e-06,0.0002566109324505116,1784980896.1464274,0.952303190483514,-0.0686420651632738,1.579975061852261,0.030138731002807617,0,0,1784980896.170535,0.9522938323865532,-0.06863448252724084,1.5799833660847942,nan,nan,nan,nan,7.668210906318623e-06,9.288104727659902e-06,8.304232533173916e-06,1784980896.1706052,0.0,0.0,1784980896.1606717,17413.740234375,nan,nan,54.26588439941406,nan
2.322608709335327,1784980896.2159057,BSMC,circle,circle_dist_bsmc_30cm_yawfree_p02_manual,1784980896.2143314,0.9522938326462715,-0.06863451083411631,1.5799926109193543,-1.0318454355206146e-06,0.0002433981328345571,1784980896.1464274,0.952303190483514,-0.0686420651632738,1.579975061852261,0.06947827339172363,0,0,1784980896.210288,0.9522938323865532,-0.06863448252724084,1.5799833660847942,nan,nan,nan,nan,7.668210906318623e-06,9.288104727659902e-06,8.304232533173916e-06,1784980896.2103963,0.0,0.0,1784980896.2113485,17413.791015625,nan,nan,50.903385162353516,nan
2.3628005981445312,1784980896.2560976,BSMC,circle,circle_dist_bsmc_30cm_yawfree_p02_manual,1784980896.2143314,0.9522938326462715,-0.06863451083411631,1.5799926109193543,-1.0318454355206146e-06,0.0002433981328345571,1784980896.2267108,0.952303190483514,-0.0686420651632738,1.579975061852261,0.02938675880432129,0,0,1784980896.250464,0.9522938326462715,-0.06863451083411631,1.5799926109193543,nan,nan,nan,nan,7.639902839404592e-06,9.288104837904378e-06,1.7549067093280964e-05,1784980896.2505317,0.0,0.0,1784980896.2113485,17413.791015625,nan,nan,50.903385162353516,nan
2.4027626514434814,1784980896.2960596,BSMC,circle,circle_dist_bsmc_30cm_yawfree_p02_manual,1784980896.2639146,0.9522950521870468,-0.0686358331069478,1.5799998736145497,-1.7109598442666403e-06,0.00023751043062608914,1784980896.2267108,0.952303190483514,-0.0686420651632738,1.579975061852261,0.06934881210327148,0,0,1784980896.2905688,0.9522950521870468,-0.0686358331069478,1.5799998736145497,nan,nan,nan,nan,6.30649202323134e-06,8.080752056517924e-06,2.4811762288745598e-05,1784980896.2906387,0.0,0.0,1784980896.265758,17413.84375,nan,nan,54.502540588378906,nan
2.4430737495422363,1784980896.3363707,BSMC,circle,circle_dist_bsmc_30cm_yawfree_p02_manual,1784980896.3146462,0.9522950522808211,-0.06863584328579919,1.580008258695332,-1.182325273777977e-06,0.00022564031332992024,1784980896.2267108,0.952303190483514,-0.0686420651632738,1.579975061852261,0.10965991020202637,0,0,1784980896.3310926,0.9522950522808211,-0.06863584328579919,1.580008258695332,nan,nan,nan,nan,6.296312739903924e-06,8.080751713814646e-06,3.319684307090398e-05,1784980896.3311496,0.0,0.0,1784980896.265758,17413.84375,nan,nan,54.502540588378906,nan
2.482450485229492,1784980896.3757474,BSMC,circle,circle_dist_bsmc_30cm_yawfree_p02_manual,1784980896.3640118,0.9522961424149433,-0.06863689566375673,1.5800041252377772,-1.0175866497672835e-06,0.0001921956201235223,1784980896.3483083,0.952303190483514,-0.0686420651632738,1.579975061852261,0.027439117431640625,0,0,1784980896.3705125,0.9522961424149433,-0.06863689566375673,1.5800041252377772,nan,nan,nan,nan,5.233973201254647e-06,7.000322875567894e-06,2.9063385516225893e-05,1784980896.3705692,0.0,0.0,1784980896.35942,17413.9375,nan,nan,16.914648056030273,nan
2.5233962535858154,1784980896.4166932,BSMC,circle,circle_dist_bsmc_30cm_yawfree_p02_manual,1784980896.4137282,0.95229614259624,-0.06863691539360106,1.5800109106159612,-7.244216470421425e-07,0.00018242055307129553,1784980896.3483083,0.952303190483514,-0.0686420651632738,1.579975061852261,0.06838488578796387,0,0,1784980896.4101312,0.9522961424149433,-0.06863689566375673,1.5800041252377772,nan,nan,nan,nan,5.233973201254647e-06,7.000322875567894e-06,2.9063385516225893e-05,1784980896.4102037,0.0,0.0,1784980896.4080386,17413.986328125,nan,nan,48.00168228149414,nan
2.563279628753662,1784980896.4565766,BSMC,circle,circle_dist_bsmc_30cm_yawfree_p02_manual,1784980896.4137282,0.95229614259624,-0.06863691539360106,1.5800109106159612,-7.244216470421425e-07,0.00018242055307129553,1784980896.4276958,0.952303190483514,-0.0686420651632738,1.579975061852261,0.028880834579467773,0,0,1784980896.4504697,0.95229614259624,-0.06863691539360106,1.5800109106159612,nan,nan,nan,nan,5.214242523982146e-06,7.0003226790314905e-06,3.5848763700219166e-05,1784980896.4505374,0.0,0.0,1784980896.4080386,17413.986328125,nan,nan,48.00168228149414,nan
2.602705478668213,1784980896.4960024,BSMC,circle,circle_dist_bsmc_30cm_yawfree_p02_manual,1784980896.464382,0.9522970613677638,-0.06863778430987406,1.580009059497404,-8.291470929044125e-07,0.00016306941003578853,1784980896.4276958,0.952303190483514,-0.0686420651632738,1.579975061852261,0.06830668449401855,0,0,1784980896.4910667,0.9522970613677638,-0.06863778430987406,1.580009059497404,nan,nan,nan,nan,4.336929811480911e-06,6.089565298039481e-06,3.3997645142891386e-05,1784980896.491135,0.0,0.0,1784980896.4581811,17414.037109375,nan,nan,50.77835464477539,nan
2.643188238143921,1784980896.5364852,BSMC,circle,circle_dist_bsmc_30cm_yawfree_p02_manual,1784980896.5141375,0.9522970617475227,-0.06863782552980044,1.5800171666166274,-8.291470929044125e-07,0.00016306941003578853,1784980896.4276958,0.952303190483514,-0.0686420651632738,1.579975061852261,0.10878944396972656,0,0,1784980896.53073,0.9522970617475227,-0.06863782552980044,1.5800171666166274,nan,nan,nan,nan,4.295708135808903e-06,6.08956389661629e-06,4.2104764366390775e-05,1784980896.5308354,0.0,0.0,1784980896.5134683,17414.091796875,nan,nan,55.09695053100586,nan
2.6823272705078125,1784980896.5756242,BSMC,circle,circle_dist_bsmc_30cm_yawfree_p02_manual,1784980896.5639143,0.952297881576235,-0.06863853792137144,1.5800100624966686,-7.107583462939898e-07,0.00013407961405584307,1784980896.547808,0.952303190483514,-0.0686420651632738,1.579975061852261,0.027816295623779297,0,0,1784980896.5705953,0.952297881576235,-0.06863853792137144,1.5800100624966686,nan,nan,nan,nan,3.5758216889220636e-06,5.276308480742522e-06,3.500064440764561e-05,1784980896.570653,0.0,0.0,1784980896.562542,17414.140625,nan,nan,49.23228073120117,nan
2.7230210304260254,1784980896.616318,BSMC,circle,circle_dist_bsmc_30cm_yawfree_p02_manual,1784980896.613477,0.9522978817026796,-0.06863855166853239,1.580014782765454,-4.954189450237997e-07,0.00012719106040138368,1784980896.547808,0.952303190483514,-0.0686420651632738,1.579975061852261,0.06851005554199219,0,0,1784980896.6106892,0.952297881576235,-0.06863853792137144,1.5800100624966686,nan,nan,nan,nan,3.5758216889220636e-06,5.276308480742522e-06,3.500064440764561e-05,1784980896.6107466,0.0,0.0,1784980896.6123211,17414.19140625,nan,nan,49.915855407714844,nan
2.762674331665039,1784980896.6559713,BSMC,circle,circle_dist_bsmc_30cm_yawfree_p02_manual,1784980896.613477,0.9522978817026796,-0.06863855166853239,1.580014782765454,-4.954189450237997e-07,0.00012719106040138368,1784980896.6251383,0.9522526209488427,-0.06862020280417791,1.5796760462189723,0.030833005905151367,0,0,1784980896.650422,0.9522978817026796,-0.06863855166853239,1.580014782765454,nan,nan,nan,nan,-1.8750038473983976e-05,-4.5096038830591564e-05,0.0003387365464817549,1784980896.6504805,0.0,0.0,1784980896.6123211,17414.19140625,nan,nan,49.915855407714844,nan
2.803431749343872,1784980896.6967287,BSMC,circle,circle_dist_bsmc_30cm_yawfree_p02_manual,1784980896.6638842,0.9522920057536062,-0.06863552134906564,1.5799427150795502,7.766528222533874e-07,2.9930745798153963e-05,1784980896.6251383,0.9522526209488427,-0.06862020280417791,1.5796760462189723,0.07159042358398438,0,0,1784980896.6905432,0.9522920057536062,-0.06863552134906564,1.5799427150795502,nan,nan,nan,nan,-1.5667662382474815e-05,-3.924722944624242e-05,0.0002666688605779121,1784980896.6906128,0.0,0.0,1784980896.6583626,17414.236328125,nan,nan,45.887603759765625,nan
2.843292713165283,1784980896.7365897,BSMC,circle,circle_dist_bsmc_30cm_yawfree_p02_manual,1784980896.714249,0.9522920053962398,-0.06863548227830273,1.5799442208565924,7.766528222533874e-07,2.9930745798153963e-05,1784980896.6251383,0.9522526209488427,-0.06862020280417791,1.5796760462189723,0.11145138740539551,0,0,1784980896.7302666,0.9522920053962398,-0.06863548227830273,1.5799442208565924,nan,nan,nan,nan,-1.562858998663019e-05,-3.924721902682576e-05,0.0002681746376200778,1784980896.7303243,0.0,0.0,1784980896.7155585,17414.29296875,nan,nan,56.2437858581543,nan
2.882469415664673,1784980896.7757664,BSMC,circle,circle_dist_bsmc_30cm_yawfree_p02_manual,1784980896.7641785,0.9522888924318598,-0.06863211512047115,1.5798729793084336,1.815950626954603e-06,-6.15406008237996e-05,1784980896.746056,0.952268709283735,-0.06861566129651711,1.579635292452701,0.02971029281616211,0,0,1784980896.770532,0.9522888924318598,-0.06863211512047115,1.5798729793084336,nan,nan,nan,nan,-1.6631577041882813e-05,-2.00369268112172e-05,0.0002376868557325551,1784980896.7705863,0.0,0.0,1784980896.7579525,17414.3359375,nan,nan,43.32928466796875,nan
2.9224445819854736,1784980896.8157415,BSMC,circle,circle_dist_bsmc_30cm_yawfree_p02_manual,1784980896.813713,0.952288891615633,-0.06863202519697302,1.5798699317728961,1.815950626954603e-06,-6.15406008237996e-05,1784980896.746056,0.952268709283735,-0.06861566129651711,1.579635292452701,0.06968545913696289,0,0,1784980896.810613,0.9522888924318598,-0.06863211512047115,1.5798729793084336,nan,nan,nan,nan,-1.6631577041882813e-05,-2.00369268112172e-05,0.0002376868557325551,1784980896.8106809,0.0,0.0,1784980896.8149998,17414.39453125,nan,nan,57.220558166503906,nan
2.962778329849243,1784980896.8560753,BSMC,circle,circle_dist_bsmc_30cm_yawfree_p02_manual,1784980896.813713,0.952288891615633,-0.06863202519697302,1.5798699317728961,1.815950626954603e-06,-6.15406008237996e-05,1784980896.832968,0.952268709283735,-0.06861566129651711,1.579635292452701,0.023107290267944336,0,0,1784980896.850797,0.952288891615633,-0.06863202519697302,1.5798699317728961,nan,nan,nan,nan,-1.6541649841960472e-05,-2.0036905436711158e-05,0.0002346393201950736,1784980896.8508654,0.0,0.0,1784980896.8149998,17414.39453125,nan,nan,57.220558166503906,nan
3.0026369094848633,1784980896.8959339,BSMC,circle,circle_dist_bsmc_30cm_yawfree_p02_manual,1784980896.863821,0.9522862416184288,-0.06862931452290513,1.5798152132764518,1.951634626956148e-06,-0.00011977761156693987,1784980896.832968,0.952268709283735,-0.06861566129651711,1.579635292452701,0.06296586990356445,0,0,1784980896.8904154,0.9522862416184288,-0.06862931452290513,1.5798152132764518,nan,nan,nan,nan,-1.3807658732941545e-05,-1.7410970993403745e-05,0.00017992082375073437,1784980896.890481,0.0,0.0,1784980896.8594131,17414.4375,nan,nan,44.26944351196289,nan
3.042375326156616,1784980896.9356723,BSMC,circle,circle_dist_bsmc_30cm_yawfree_p02_manual,1784980896.9137063,0.9522862412953277,-0.06862927842826948,1.5798109824507822,1.3631926367628604e-06,-0.0001136170523246637,1784980896.832968,0.952268709283735,-0.06861566129651711,1.579635292452701,0.10270428657531738,0,0,1784980896.8904154,0.9522862416184288,-0.06862931452290513,1.5798152132764518,nan,nan,nan,nan,-1.3807658732941545e-05,-1.7410970993403745e-05,0.00017992082375073437,1784980896.931114,0.0,0.0,1784980896.9097335,17414.48828125,nan,nan,50.25960159301758,nan
3.0826423168182373,1784980896.9759393,BSMC,circle,circle_dist_bsmc_30cm_yawfree_p02_manual,1784980896.963607,0.9522838929447764,-0.068626932556754,1.5797669278482607,1.9686783787447965e-06,-0.00015744344359862022,1784980896.9496732,0.952268709283735,-0.06861566129651711,1.579635292452701,0.026266098022460938,0,0,1784980896.970397,0.9522856136416086,-0.06854543156395063,1.579908312511644,1784980896.9704664,8.148227808653785e-05,-2.4517306851935894e-06,0.0001413846633833149,7.007757406103773e-05,-1.7524447643181343e-05,0.0002730200589429188,1784980896.9705222,0.0030814129614789507,0.002990779248423069,1784980896.9598563,17414.5390625,nan,nan,49.9798583984375,nan
3.122558355331421,1784980897.0158553,BSMC,circle,circle_dist_bsmc_30cm_yawfree_p02_manual,1784980897.014341,0.9522838926022049,-0.06862689414439342,1.5797612032730237,1.3754156317773063e-06,-0.00014939523254329577,1784980896.9496732,0.952268709283735,-0.06861566129651711,1.579635292452701,0.06618213653564453,0,0,1784980897.0102077,0.9522841190864327,-0.06838286560812919,1.580070885337619,1784980897.0102427,0.00024405509985220855,-2.4155304194119366e-06,0.0003039574893584085,0.0002326503896529512,-1.7466847040074764e-05,0.0004355928849180124,1784980897.0102859,0.005434230137918187,0.005160017766573584,1784980897.0095038,17414.587890625,nan,nan,49.041439056396484,nan
3.1627817153930664,1784980897.0560787,BSMC,circle,circle_dist_bsmc_30cm_yawfree_p02_manual,1784980897.014341,0.9522838926022049,-0.06862689414439342,1.5797612032730237,1.3754156317773063e-06,-0.00014939523254329577,1784980897.0266619,0.952268709283735,-0.06861566129651711,1.579635292452701,0.029416799545288086,0,0,1784980897.050735,0.9522817559825928,-0.06813148578032112,1.5803222762730589,1784980897.0507834,0.0004954076107400161,-2.3046815465365093e-06,0.0005610730000351616,0.0004840412848313033,-1.7325744243846057e-05,0.0006869838203578116,1784980897.0508354,0.00791037529523397,0.007355195546403543,1784980897.0095038,17414.587890625,nan,nan,49.041439056396484,nan
3.2031989097595215,1784980897.0964959,BSMC,circle,circle_dist_bsmc_30cm_yawfree_p02_manual,1784980897.0636415,0.9522819146313225,-0.06862501087833725,1.5797278253924663,1.6722523321955477e-06,-0.00017538950806862726,1784980897.0266619,0.952268709283735,-0.06861566129651711,1.579635292452701,0.06983399391174316,0,0,1784980897.0907464,0.9522785129042148,-0.06779692503781559,1.580656852735213,1784980897.0908155,0.0008280831939641302,-3.9943577633253085e-06,0.000929027342746691,0.0008186176233409947,-1.7039924959201866e-05,0.0010215602825118797,1784980897.0910578,0.010456617358003925,0.009534840155131931,1784980897.0601568,17414.638671875,nan,nan,50.79444122314453,nan
3.243232011795044,1784980897.136529,BSMC,circle,circle_dist_bsmc_30cm_yawfree_p02_manual,1784980897.1137743,0.9522819143564255,-0.06862497998852612,1.5797215865525753,1.16396994376581e-06,-0.00016634596714545875,1784980897.0266619,0.952268709283735,-0.06861566129651711,1.579635292452701,0.10986709594726562,0,0,1784980897.13048,0.9522742617652314,-0.06737484657717842,1.581078952606999,1784980897.1305192,0.0012501519191582815,-3.5053308978248143e-06,0.0013573660544237143,0.0012407171713395239,-1.6519640479681578e-05,0.0014436601542979766,1784980897.1305614,0.013117385377952775,0.011733028113311792,1784980897.1098764,17414.689453125,nan,nan,50.29646301269531,nan
3.28309965133667,1784980897.1763966,BSMC,circle,circle_dist_bsmc_30cm_yawfree_p02_manual,1784980897.1636183,0.9522801549852756,-0.06862337879702732,1.5796967006887375,1.4933028456515106e-06,-0.000181254089143587,1784980897.1453857,0.952268709283735,-0.06861566129651711,1.579635292452701,0.031010866165161133,0,0,1784980897.1703215,0.9522689329267021,-0.06686906833111796,1.5815847589297773,1784980897.1703677,0.0017543408602626628,-4.392198835420305e-06,0.0018880582410398805,0.0017465227607881635,-1.5661508448442974e-05,0.0019494664770762782,1784980897.1704173,0.01586514294663914,0.013935091029168963,1784980897.159739,17414.73828125,nan,nan,49.84479904174805,nan
3.3223493099212646,1784980897.2156463,BSMC,circle,circle_dist_bsmc_30cm_yawfree_p02_manual,1784980897.2138822,0.952280154729375,-0.06862334998678829,1.5796902010302165,1.0354490256134625e-06,-0.00017190166792325318,1784980897.1453857,0.952268709283735,-0.06861566129651711,1.579635292452701,0.07026052474975586,0,0,1784980897.2108448,0.9522622691028662,-0.06626814810885844,1.5821857161087325,1784980897.2108862,0.0023552965909748487,-3.0769829854737285e-06,0.002489015419995022,0.0023474784096021704,-1.4309388969640414e-05,0.00255042365603142,1784980897.210928,0.018760272905891363,0.016184250770902058,1784980897.212316,17414.791015625,nan,nan,52.83991622924805,nan
3.36289119720459,1784980897.2561882,BSMC,circle,circle_dist_bsmc_30cm_yawfree_p02_manual,1784980897.2138822,0.952280154729375,-0.06862334998678829,1.5796902010302165,1.0354490256134625e-06,-0.00017190166792325318,1784980897.2252731,0.952268709283735,-0.06861566129651711,1.579635292452701,0.030915021896362305,0,0,1784980897.250795,0.9522542677150171,-0.0655860752659318,1.5828678358953583,1784980897.250839,0.003037384828730856,-1.126792738796701e-06,0.0031776348651417767,0.00302959533151423,-1.2337053614500801e-05,0.0032325434426572204,1784980897.250888,0.02173087174483828,0.018429849378451768,1784980897.212316,17414.791015625,nan,nan,52.83991622924805,nan
3.403245687484741,1784980897.2965426,BSMC,circle,circle_dist_bsmc_30cm_yawfree_p02_manual,1784980897.264327,0.9522786682225065,-0.06862205906591157,1.5796718281065327,1.1956947806377023e-06,-0.00017755577746621066,1784980897.2252731,0.952268709283735,-0.06861566129651711,1.579635292452701,0.07126951217651367,0,0,1784980897.2904093,0.9522447765962916,-0.06482393550199675,1.5836300347731,1784980897.2904487,0.003798274768433465,1.8048323512823112e-07,0.003958206666567321,0.003791789214256927,-9.582745126806787e-06,0.003994742320398981,1784980897.2904892,0.02477793701257972,0.020677730284058296,1784980897.260716,17414.83984375,nan,nan,48.1054573059082,nan
3.44307541847229,1784980897.3363724,BSMC,circle,circle_dist_bsmc_30cm_yawfree_p02_manual,1784980897.3139777,0.9522786676962361,-0.06862199977275518,1.579663022968861,1.1956947806377023e-06,-0.00017755577746621066,1784980897.2252731,0.952268709283735,-0.06861566129651711,1.579635292452701,0.1110992431640625,0,0,1784980897.3303037,0.9522334883290335,-0.06397264409519669,1.5844814010444839,1784980897.3303432,0.004649573503007069,3.953707217664911e-06,0.004818378075622798,0.0046431471420254325,-5.8193563581362436e-06,0.004846108591782805,1784980897.3303843,0.027942029357761893,0.02295620817314098,1784980897.3155968,17414.89453125,nan,nan,55.05830383300781,nan
3.482402801513672,1784980897.3756998,BSMC,circle,circle_dist_bsmc_30cm_yawfree_p02_manual,1784980897.3638604,0.9522773371553528,-0.06862093510248025,1.579653629744868,1.0440586488732569e-06,-0.000167104925159358,1784980897.3464801,0.952268709283735,-0.06861566129651711,1.579635292452701,0.029219627380371094,0,0,1784980897.3703287,0.9522201366213029,-0.0630295674156489,1.5854245722683618,1784980897.3703678,0.005591654997626521,7.674500359210372e-06,0.00577094252349375,0.005586304995538597,-8.038840316789276e-07,0.005789279815660686,1784980897.3704097,0.03122681078060072,0.02527145796777704,1784980897.359804,17414.939453125,nan,nan,44.06496810913086,nan
3.5228261947631836,1784980897.4161232,BSMC,circle,circle_dist_bsmc_30cm_yawfree_p02_manual,1784980897.4137661,0.9522773369786073,-0.06862091514548466,1.5796477062077723,7.288181108243282e-07,-0.0001585111513005859,1784980897.3464801,0.952268709283735,-0.06861566129651711,1.579635292452701,0.06964302062988281,0,0,1784980897.4108772,0.9522044752635366,-0.061995572835035026,1.5864586854953178,1784980897.4109275,0.0066257477347060785,1.4176960297866333e-05,0.006805055750449762,0.006620397613206787,5.71753836653027e-06,0.006823393042616699,1784980897.410985,0.03462883371935355,0.027619915176476374,1784980897.4110727,17414.990234375,nan,nan,50.82627868652344,nan
3.56260347366333,1784980897.4559004,BSMC,circle,circle_dist_bsmc_30cm_yawfree_p02_manual,1784980897.4137661,0.9522773369786073,-0.06862091514548466,1.5796477062077723,7.288181108243282e-07,-0.0001585111513005859,1784980897.4264283,0.952268709283735,-0.06861566129651711,1.579635292452701,0.02947211265563965,0,0,1784980897.450419,0.9521865794903424,-0.06089196214315858,1.5875624413295517,1784980897.4504614,0.007729453552954675,2.2342930822230936e-05,0.007914735121779426,0.007724123372359427,1.3857962504467254e-05,0.007927148876850643,1784980897.4505055,0.0380799122620216,0.02995985944131702,1784980897.4110727,17414.990234375,nan,nan,50.82627868652344,nan
3.6029109954833984,1784980897.496208,BSMC,circle,circle_dist_bsmc_30cm_yawfree_p02_manual,1784980897.4637613,0.9522762138239386,-0.06862003047747783,1.579639507072344,8.343373047974745e-07,-0.0001534247109494341,1784980897.4264283,0.952268709283735,-0.06861566129651711,1.579635292452701,0.06977963447570801,0,0,1784980897.490269,0.9521658399070771,-0.05969763738941771,1.5887569462133293,1784980897.4903147,0.008923020260290047,3.146829896454261e-05,0.009117439140985397,0.008918584785788825,2.40402775876049e-05,0.009121653760628234,1784980897.4903626,0.04164771391628402,0.03233978088570957,1784980897.461254,17415.0390625,nan,nan,49.52500534057617,nan
3.6425869464874268,1784980897.535884,BSMC,circle,circle_dist_bsmc_30cm_yawfree_p02_manual,1784980897.5140312,0.952276213684522,-0.06862001471879287,1.5796340405421225,5.817143498434906e-07,-0.0001454932487315297,1784980897.4264283,0.952268709283735,-0.06861566129651711,1.579635292452701,0.10945558547973633,0,0,1784980897.530626,0.9521416413959708,-0.05839754572322571,1.5900572631541874,1784980897.5306702,0.01022325908013589,4.422495445747692e-05,0.010423222612064853,0.010218839553000167,3.674652746061393e-05,0.010421970701486314,1784980897.5307178,0.045374668854084046,0.034787266164032396,1784980897.5104108,17415.08984375,nan,nan,50.187503814697266,nan
3.6832752227783203,1784980897.5765722,BSMC,circle,circle_dist_bsmc_30cm_yawfree_p02_manual,1784980897.5637133,0.9522751943950083,-0.06861928034766009,1.5796297003608846,7.204830480314514e-07,-0.00013705101321597672,1784980897.5483603,0.9522686021149013,-0.06861577586505441,1.5796333683410422,0.02821183204650879,0,0,1784980897.5704167,0.9521143995155447,-0.057031804330310965,1.5914232763175684,1784980897.5704577,0.011588444286435209,5.8433432980908154e-05,0.011793575956683842,0.011584881899426714,5.1829872949887894e-05,0.011789907976526237,1784980897.5705028,0.049144044837757375,0.03722892815054201,1784980897.5605254,17415.138671875,nan,nan,50.249488830566406,nan
3.7227396965026855,1784980897.6160367,BSMC,circle,circle_dist_bsmc_30cm_yawfree_p02_manual,1784980897.614528,0.9522751942691002,-0.0686192661001261,1.5796247192228734,5.019945204977285e-07,-0.00013000701294726546,1784980897.5483603,0.9522686021149013,-0.06861577586505441,1.5796333683410422,0.06767630577087402,0,0,1784980897.6104352,0.9520832870981831,-0.0555751414310053,1.5928802715681658,1784980897.6104755,0.013045325179539265,7.667755630826207e-05,0.013250571207281236,0.01304176285944005,7.006865246691117e-05,0.01324690322712363,1784980897.610519,0.05302987316341326,0.0397141200027843,1784980897.61072,17415.189453125,nan,nan,50.231781005859375,nan
3.763282299041748,1784980897.6565793,BSMC,circle,circle_dist_bsmc_30cm_yawfree_p02_manual,1784980897.614528,0.9522751942691002,-0.0686192661001261,1.5796247192228734,5.019945204977285e-07,-0.00013000701294726546,1784980897.6271777,0.9522959321591331,-0.0686102172491631,1.579803009757157,0.029401540756225586,0,0,1784980897.6504436,0.9520480275001938,-0.05403268335638985,1.5944231327490233,1784980897.6505065,0.014588019795889081,9.838351237756752e-05,0.014798413526149856,0.014579175398012538,0.00011660115292026551,0.014620122991866324,1784980897.6505506,0.05701690847665996,0.042236849403198544,1784980897.61072,17415.189453125,nan,nan,50.231781005859375,nan
3.8033697605133057,1784980897.6966667,BSMC,circle,circle_dist_bsmc_30cm_yawfree_p02_manual,1784980897.6637893,0.9522778880711814,-0.06861776787157733,1.5796607709268033,8.959958034994969e-07,-7.498758377604995e-05,1784980897.6271777,0.9522959321591331,-0.0686102172491631,1.579803009757157,0.0694890022277832,0,0,1784980897.6908028,0.9520077503991711,-0.05238572233450626,1.596070586380035,1784980897.6908505,0.01623380238634968,0.0001262408821884376,0.016409815453231724,0.016226432377505328,0.0001420431650837506,0.016267576622878144,1784980897.6909,0.061149847906954734,0.04482093798877489,1784980897.6606588,17415.240234375,nan,nan,49.87771987915039,nan
3.843278646469116,1784980897.7365756,BSMC,circle,circle_dist_bsmc_30cm_yawfree_p02_manual,1784980897.714026,0.952277887919563,-0.0686177508198228,1.5796580944647551,6.232456897958297e-07,-7.110646775431815e-05,1784980897.6271777,0.9522959321591331,-0.0686102172491631,1.579803009757157,0.10939788818359375,0,0,1784980897.7313883,0.9519624883683855,-0.050654600693889315,1.5978022998480945,1784980897.7314293,0.017965239760104158,0.00015620398740050876,0.018144205383339385,0.017957891459260578,0.00017171190705930292,0.017999290090937592,1784980897.7314744,0.0653794776599232,0.04744740485087253,1784980897.7110407,17415.2890625,nan,nan,50.20428466796875,nan
3.883509635925293,1784980897.7768066,BSMC,circle,circle_dist_bsmc_30cm_yawfree_p02_manual,1784980897.7640152,0.9522817014029616,-0.06861674149989358,1.5796826420232661,8.453365528127139e-07,-3.3965165714684716e-05,1784980897.7478523,0.9523064564590425,-0.06861182784255915,1.5797725838904566,0.028954267501831055,0,0,1784980897.7701647,0.9519131860494038,-0.04888731471855896,1.5995702736181034,1784980897.7702076,0.019731922504099858,0.0001931812052176567,0.019887631594837307,0.01972724854474963,0.00021620464293528347,0.019797689727646835,1784980897.770254,0.06959057912779852,0.05004046488819999,1784980897.7616189,17415.33984375,nan,nan,50.789493560791016,nan
3.923083543777466,1784980897.8163805,BSMC,circle,circle_dist_bsmc_30cm_yawfree_p02_manual,1784980897.8136063,0.9522817012595882,-0.06861672542410939,1.5796814460197646,5.88818656550031e-07,-3.221743696048204e-05,1784980897.7478523,0.9523064564590425,-0.06861182784255915,1.5797725838904566,0.0685281753540039,0,0,1784980897.8106246,0.951856584264146,-0.04698376753727648,1.6014746624254481,1784980897.8106794,0.0216358975022406,0.0002328654579859552,0.021792020402181977,0.02163122710446502,0.0002557176484768824,0.02170207853499151,1784980897.8107324,0.07402396614982487,0.052755511028713,1784980897.8116038,17415.390625,nan,nan,50.1159782409668,nan
3.963491201400757,1784980897.8567882,BSMC,circle,circle_dist_bsmc_30cm_yawfree_p02_manual,1784980897.8136063,0.9522817012595882,-0.06861672542410939,1.5796814460197646,5.88818656550031e-07,-3.221743696048204e-05,1784980897.83483,0.9523064564590425,-0.06861182784255915,1.5797725838904566,0.021958112716674805,0,0,1784980897.8504014,0.9517944070383579,-0.045020546182251396,1.6034388684575762,1784980897.8504539,0.02359957745403166,0.00027762287927170356,0.023757422437811645,0.023594927479785407,0.0003002702264024033,0.02366628456711961,1784980897.8505092,0.07849803623209156,0.05548162451800809,1784980897.8116038,17415.390625,nan,nan,50.1159782409668,nan
4.002532482147217,1784980897.8958294,BSMC,circle,circle_dist_bsmc_30cm_yawfree_p02_manual,1784980897.864104,0.9522849473481654,-0.0686159052731916,1.5797011927628128,7.134614884064342e-07,-5.332092206003012e-06,1784980897.83483,0.9523064564590425,-0.06861182784255915,1.5797725838904566,0.060999393463134766,0,0,1784980897.8906507,0.9517243071388098,-0.04294018701203808,1.605520408713599,1784980897.8907015,0.02567969262875389,0.0003319821730181324,0.02581921595078618,0.02567583206624346,0.0003516937138876584,0.025747824823142418,1784980897.8907547,0.08314264667101459,0.05829675392661882,1784980897.8626912,17415.44140625,nan,nan,50.99715042114258,nan
4.043342590332031,1784980897.9366395,BSMC,circle,circle_dist_bsmc_30cm_yawfree_p02_manual,1784980897.9135888,0.9522849472287302,-0.06861589190319961,1.5797010061667476,4.971684618246204e-07,-5.056916749835764e-06,1784980897.83483,0.9523064564590425,-0.06861182784255915,1.5797725838904566,0.10180950164794922,0,0,1784980897.9306386,0.9516475389139304,-0.04079653531049585,1.6076654349936434,1784980897.9306931,0.027823929497155172,0.00038966386684463784,0.02796442882689587,0.027820086490005683,0.00040921713565782473,0.027892851103186844,1784980897.9307485,0.08783874563321648,0.061136375478839725,1784980897.911718,17415.490234375,nan,nan,48.91047668457031,nan
4.082687139511108,1784980897.975984,BSMC,circle,circle_dist_bsmc_30cm_yawfree_p02_manual,1784980897.9638045,0.9522878084110183,-0.06861517667988933,1.5797176106538207,8.911403462274231e-07,1.6448489497482592e-05,1784980897.9465284,0.9523064564590425,-0.06861182784255915,1.5797725838904566,0.02945566177368164,0,0,1784980897.9704077,0.9515629735765729,-0.03857118230007067,1.6098923946625388,1784980897.970454,0.030049265168954332,0.0004567785433539091,0.030174784008718092,0.030046108919151698,0.00047380399368372126,0.030119810772082145,1784980897.9705021,0.09262665137483975,0.06402268301486504,1784980897.975603,17415.5546875,nan,nan,63.84230041503906,nan
4.12310266494751,1784980898.0163996,BSMC,circle,circle_dist_bsmc_30cm_yawfree_p02_manual,1784980898.0137458,0.9522878083566975,-0.06861517065653264,1.579718183025517,6.067751373446628e-07,1.56189847062547e-05,1784980897.9465284,0.9523064564590425,-0.06861182784255915,1.5797725838904566,0.06987118721008301,0,0,1784980898.0106065,0.9514692913514969,-0.03624550051786019,1.6122199630411784,1784980898.0106504,0.03237569015671563,0.0005297092482779967,0.03250235238735777,0.03237253791263461,0.000546606807386305,0.03244737915072182,1784980898.0106978,0.09754738714037721,0.06698673865014619,1784980898.0123928,17415.591796875,nan,nan,36.97187805175781,nan
4.162973642349243,1784980898.0562706,BSMC,circle,circle_dist_bsmc_30cm_yawfree_p02_manual,1784980898.0137458,0.9522878083566975,-0.06861517065653264,1.579718183025517,6.067751373446628e-07,1.56189847062547e-05,1784980898.026999,0.9523064564590425,-0.06861182784255915,1.5797725838904566,0.029271602630615234,0,0,1784980898.050258,0.9513671045822072,-0.03384948156531678,1.6146181606379724,1784980898.0502965,0.03477251971206692,0.0006104967660546257,0.034899977612455446,0.03476937758077453,0.0006272824666399969,0.03484557674751576,1784980898.0503376,0.10253669077133086,0.06999037424045994,1784980898.0123928,17415.591796875,nan,nan,36.97187805175781,nan
4.202734708786011,1784980898.0960317,BSMC,circle,circle_dist_bsmc_30cm_yawfree_p02_manual,1784980898.0636983,0.9522902274675614,-0.06861461245103233,1.579731172753361,7.033563294033418e-07,3.019657895366083e-05,1784980898.026999,0.9523064564590425,-0.06861182784255915,1.5797725838904566,0.06903266906738281,0,0,1784980898.0904496,0.9512543671474958,-0.03134994962551911,1.6171202343605624,1784980898.090492,0.03727243051821088,0.0007028693811906908,0.03738906160720146,0.03726982077022441,0.0007175792195589902,0.0373476504701058,1784980898.0905366,0.10766293914721516,0.07307528035511679,1784980898.0673814,17415.646484375,nan,nan,55.089900970458984,nan
4.242825031280518,1784980898.136122,BSMC,circle,circle_dist_bsmc_30cm_yawfree_p02_manual,1784980898.1142397,0.9522902274239051,-0.0686146076051796,1.579732234382613,4.897803042555918e-07,2.8689133317508806e-05,1784980898.026999,0.9523064564590425,-0.06861182784255915,1.5797725838904566,0.10912299156188965,0,0,1784980898.1306775,0.951130476600595,-0.028750545050278367,1.6197225903768193,1784980898.1307182,0.03987283427219802,0.0008034876819703155,0.039990355994206306,0.03987023268347392,0.0008181321649355789,0.03995000648636271,1784980898.1307642,0.11291840738635432,0.07624247090305529,1784980898.115784,17415.6953125,nan,nan,48.109981536865234,nan
4.2829155921936035,1784980898.1762125,BSMC,circle,circle_dist_bsmc_30cm_yawfree_p02_manual,1784980898.1637173,0.9522920017834354,-0.06856894338871022,1.5795580152202462,0.00035454195033384807,-0.0006157001023243826,1784980898.152299,0.9523064564590425,-0.06861182784255915,1.5797725838904566,0.02391362190246582,0,0,1784980898.1702573,0.9509980286644575,-0.026116713390404875,1.622359750914006,1784980898.1703036,0.04246193778389563,0.0009219749987014657,0.04280173569375978,0.042505147106709794,0.0009269331325903183,0.04258716702354936,1784980898.1703556,0.11811681890121993,0.07946325074473902,1784980898.1647322,17415.7421875,nan,nan,48.159027099609375,nan
4.322705507278442,1784980898.2160025,BSMC,circle,circle_dist_bsmc_30cm_yawfree_p02_manual,1784980898.213854,0.9522891565707329,-0.06822731759349548,1.5781195532532988,0.0026376859639757107,-0.00520867473724559,1784980898.152299,0.9523064564590425,-0.06861182784255915,1.5797725838904566,0.06370353698730469,0,0,1784980898.2105098,0.9508511736643458,-0.02334588148508502,1.6251344726619024,1784980898.2105532,0.04523395001670647,0.0010445475068071239,0.04557645744165617,0.04527718557592918,0.0010489108509003377,0.04536188877144576,1784980898.2106013,0.12357242555111582,0.08276684428020652,1784980898.2146826,17415.79296875,nan,nan,50.046531677246094,nan
4.36313009262085,1784980898.256427,BSMC,circle,circle_dist_bsmc_30cm_yawfree_p02_manual,1784980898.213854,0.9522891565707329,-0.06822731759349548,1.5781195532532988,0.0026376859639757107,-0.00520867473724559,1784980898.2278423,0.9523064564590425,-0.06861182784255915,1.5797725838904566,0.028584718704223633,0,0,1784980898.25047,0.950693563604698,-0.020521844642680084,1.6279629051520874,1784980898.2505198,0.047715878526908,0.0012461953216083767,0.04984335189878863,0.048102523377685294,0.0011811656206839214,0.04819032126163081,1784980898.2505727,0.12865193682939885,0.08651905855836527,1784980898.2146826,17415.79296875,nan,nan,50.046531677246094,nan
4.403199911117554,1784980898.2964969,BSMC,circle,circle_dist_bsmc_30cm_yawfree_p02_manual,1784980898.2643175,0.9522877931195941,-0.06774849792582212,1.5762234425815471,0.005784335401280912,-0.011843365816495748,1784980898.2278423,0.9523064564590425,-0.06861182784255915,1.5797725838904566,0.06865453720092773,0,0,1784980898.290374,0.950521980147298,-0.01759868530372255,1.6308910970054926,1784980898.290421,0.05015865730242348,0.0014936194638750884,0.0546676544239455,0.051027105109839245,0.001326503488218141,0.05111851311503601,1784980898.2904716,0.1336907605668141,0.09052382106796117,1784980898.2658348,17415.845703125,nan,nan,52.14156723022461,nan
4.442509889602661,1784980898.3358068,BSMC,circle,circle_dist_bsmc_30cm_yawfree_p02_manual,1784980898.313758,0.9522850213258525,-0.06702131825626433,1.5729441088705058,0.0088956059281446,-0.020616865916315702,1784980898.2278423,0.9523064564590425,-0.06861182784255915,1.5797725838904566,0.10796451568603516,0,0,1784980898.3302362,0.9503371189261736,-0.014601308078959627,1.6338941705437706,1784980898.3302798,0.05242407293808305,0.0018353112351728238,0.06095006167326478,0.054026020920853034,0.0014844523946867395,0.054121586653314006,1784980898.330324,0.1385013225325291,0.09504844352363734,1784980898.3133519,17415.892578125,nan,nan,47.31143569946289,nan
4.48284125328064,1784980898.3761382,BSMC,circle,circle_dist_bsmc_30cm_yawfree_p02_manual,1784980898.3640842,0.9522863168614057,-0.06634383933155259,1.5703003770012927,0.01302616016623207,-0.03028949890653811,1784980898.3472073,0.9523064564590425,-0.06861182784255915,1.5797725838904566,0.0289309024810791,0,0,1784980898.3711724,0.950133936553467,-0.011463848923292956,1.6370382031728514,1784980898.3714297,0.054878916186422766,0.0021795977620325353,0.06673782617155877,0.057165177472542794,0.0016594643201048407,0.05726561928239482,1784980898.3714995,0.14357249704019334,0.09957679580011322,1784980898.3720617,17415.951171875,nan,nan,58.91291809082031,nan
4.522681474685669,1784980898.4159784,BSMC,circle,circle_dist_bsmc_30cm_yawfree_p02_manual,1784980898.4143555,0.9522935437482682,-0.06486927035053852,1.563509409483433,0.018986970110768414,-0.04768351086407943,1784980898.3472073,0.9523064564590425,-0.06861182784255915,1.5797725838904566,0.0687711238861084,0,0,1784980898.4105227,0.9499191716812415,-0.008302310266659254,1.640207029300979,1784980898.4105735,0.058040347941650965,0.0023959305722255292,0.06990665229968629,0.06032851652122231,0.001845842137536677,0.06043444541052234,1784980898.4106169,0.14945041429660075,0.10330798155659063,1784980898.4138672,17415.9921875,nan,nan,41.79899215698242,nan
4.563092231750488,1784980898.4563892,BSMC,circle,circle_dist_bsmc_30cm_yawfree_p02_manual,1784980898.4143555,0.9522935437482682,-0.06486927035053852,1.563509409483433,0.018986970110768414,-0.04768351086407943,1784980898.4291825,0.9523064564590425,-0.06861182784255915,1.5797725838904566,0.0272066593170166,0,0,1784980898.4508505,0.9496851547840756,-0.005014566815086395,1.6435030922171128,1784980898.4508982,0.059834107478638786,0.0030444721283155517,0.0799936827336798,0.06361822808931838,0.0020503383728423573,0.06373050832665617,1784980898.4509509,0.15368644877576954,0.10942926904561226,1784980898.4138672,17415.9921875,nan,nan,41.79899215698242,nan
4.602590799331665,1784980898.4958878,BSMC,circle,circle_dist_bsmc_30cm_yawfree_p02_manual,1784980898.4645596,0.9523077463219863,-0.06367392764478462,1.5589440985193637,0.025569926627783686,-0.0641743226428269,1784980898.4291825,0.9523064564590425,-0.06861182784255915,1.5797725838904566,0.06670522689819336,0,0,1784980898.4903028,0.9494379475217978,-0.0016966922714944004,1.6468301649738355,1784980898.4903395,0.061938869574267905,0.0036041483781343955,0.08788606645447183,0.0669381879340811,0.002267753981072006,0.06705758108337888,1784980898.4903808,0.1582605556193152,0.07596129630462128,1784980898.4708486,17416.048828125,nan,nan,56.83000946044922,nan
4.642384767532349,1784980898.5356817,BSMC,circle,circle_dist_bsmc_30cm_yawfree_p02_manual,1784980898.5139077,0.9523590799697715,-0.06119633395548294,1.5470900295832544,0.03424710030585441,-0.09263807973901979,1784980898.4291825,0.9523064564590425,-0.06861182784255915,1.5797725838904566,0.10649919509887695,0,0,1784980898.5310483,0.949168021450959,0.0017670888180369335,1.6503044493118868,1784980898.5310867,0.06287009014515721,0.0046826517025391565,0.10321441972863243,0.07040425237387257,0.002506577805524684,0.0705318654214302,1784980898.5311317,0.16140749601153936,0.08240679832973358,1784980898.5168848,17416.095703125,nan,nan,46.032432556152344,nan
4.682764053344727,1784980898.576061,BSMC,circle,circle_dist_bsmc_30cm_yawfree_p02_manual,1784980898.563816,0.9523956892128356,-0.05990429287619274,1.542432516199585,0.04180708451393184,-0.1120525521720472,1784980898.5484715,0.9523064564590425,-0.06861182784255915,1.5797725838904566,0.02758955955505371,0,0,1784980898.5705054,0.9488835490616825,0.0052601293969344425,1.653809056222406,1784980898.5705554,0.06503860713276895,0.005358790988750421,0.11137654002282082,0.07389970569401363,0.0027596847252253434,0.07403647233194932,1784980898.5706122,0.1660348388044949,0.08860795961366404,1784980898.565021,17416.142578125,nan,nan,47.50588607788086,nan
4.72285270690918,1784980898.6161497,BSMC,circle,circle_dist_bsmc_30cm_yawfree_p02_manual,1784980898.613791,0.9525398948783537,-0.056368734661800986,1.526673649918188,0.05194581561021406,-0.14515406198548908,1784980898.5484715,0.9523064564590425,-0.06861182784255915,1.5797725838904566,0.06767821311950684,0,0,1784980898.610238,0.9485783376683039,0.00885008555218711,1.6574119652183943,1784980898.610277,0.06861846351720742,0.005765690802070149,0.11497944901880917,0.07749225684227024,0.0030326598860821027,0.07763938132793768,1784980898.6103187,0.17238423254591834,0.0930751312560374,1784980898.565021,17416.142578125,nan,nan,47.50588607788086,nan
4.762922286987305,1784980898.6562192,BSMC,circle,circle_dist_bsmc_30cm_yawfree_p02_manual,1784980898.613791,0.9525398948783537,-0.056368734661800986,1.526673649918188,0.05194581561021406,-0.14515406198548908,1784980898.6280093,0.9522975201376546,-0.06864338312364979,1.5800744435950584,0.028209924697875977,0,0,1784980898.6503108,0.9482509217640619,0.01254135631265601,1.6611177305532498,1784980898.6503534,0.06865384482961302,0.007324310110479749,0.13444408063506175,0.08121878940377997,0.003293193514275653,0.08104328695819141,1784980898.6503994,0.17434569530872202,0.10261014538087249,1784980898.6186998,17416.197265625,nan,nan,54.42454528808594,nan
4.802698612213135,1784980898.6959956,BSMC,circle,circle_dist_bsmc_30cm_yawfree_p02_manual,1784980898.6644747,0.9526141713033177,-0.05437290064348033,1.5235145269593684,0.06293802810481298,-0.15978923510321488,1784980898.6280093,0.9522975201376546,-0.06864338312364979,1.5800744435950584,0.06798624992370605,0,0,1784980898.690577,0.9478988582205556,0.016347650077574993,1.664940274046223,1784980898.690625,0.07041864969650936,0.008052592543903269,0.14142574708685451,0.08502818578023497,0.003609927173015587,0.08486583045116447,1784980898.6906745,0.17850650396040862,0.11105930414748255,1784980898.6657991,17416.244140625,nan,nan,46.33071517944336,nan
4.843111515045166,1784980898.7364085,BSMC,circle,circle_dist_bsmc_30cm_yawfree_p02_manual,1784980898.7140417,0.9529026420751329,-0.04966714174733462,1.5057413414929501,0.07405692429726629,-0.19175940288883575,1784980898.6280093,0.9522975201376546,-0.06864338312364979,1.5800744435950584,0.1083991527557373,0,0,1784980898.7302616,0.9475297068781102,0.0201784179953929,1.6687887898425349,1784980898.7303061,0.06934852365505849,0.00990216720067466,0.16304744834958473,0.08886221379650647,0.003943520824420298,0.08871434624747643,1784980898.7303495,0.179037076934438,0.12252300193276115,1784980898.715268,17416.29296875,nan,nan,49.61751937866211,nan
4.882840394973755,1784980898.7761374,BSMC,circle,circle_dist_bsmc_30cm_yawfree_p02_manual,1784980898.764643,0.9529310812916238,-0.04833714531322352,1.5075297524530606,0.08218351026769137,-0.19439144637530884,1784980898.7474759,0.9523199041539525,-0.06863357945669431,1.5800611111391825,0.028661489486694336,0,0,1784980898.7704718,0.9471309788534266,0.024152813048489014,1.6727831385114367,1784980898.770566,0.07197822257514534,0.010371630850509418,0.16525338605837603,0.09283048390279157,0.0043290689846585935,0.09272202737225421,1784980898.7707043,0.18,0.1295065060071331,1784980898.765897,17416.34375,nan,nan,50.48408508300781,nan
4.922635078430176,1784980898.815932,BSMC,circle,circle_dist_bsmc_30cm_yawfree_p02_manual,1784980898.8141067,0.9533524709850156,-0.0427771186496476,1.490718895622623,0.09286835650808148,-0.21789061424170802,1784980898.7474759,0.9523199041539525,-0.06863357945669431,1.5800611111391825,0.06845617294311523,0,0,1784980898.8105178,0.9467119013183198,0.02816766612613343,1.6768198071059475,1784980898.8105617,0.07595854737171347,0.011043706537710458,0.16929005465288682,0.09684904727918554,0.004710932318073793,0.09675869596676501,1784980898.8106139,0.18,0.13487950665851756,1784980898.765897,17416.34375,nan,nan,50.48408508300781,nan
4.9631383419036865,1784980898.8564353,BSMC,circle,circle_dist_bsmc_30cm_yawfree_p02_manual,1784980898.8141067,0.9533524709850156,-0.0427771186496476,1.490718895622623,0.09286835650808148,-0.21789061424170802,1784980898.8360872,0.9523205911462954,-0.0686323250538164,1.5800627439901564,0.020348072052001953,0,0,1784980898.8506515,0.9462665992570348,0.0322714424333315,1.6809476755752786,1784980898.8507137,0.07424125694518319,0.013066440447586876,0.19022877995265564,0.10095553340380617,0.0051187289485395025,0.10088493158512213,1784980898.850782,0.18,0.14769640166216297,1784980898.8236043,17416.40234375,nan,nan,58.45608901977539,nan
5.002906322479248,1784980898.8962033,BSMC,circle,circle_dist_bsmc_30cm_yawfree_p02_manual,1784980898.864818,0.9533108415144128,-0.04198114657933095,1.4950589555190907,0.09721111463560012,-0.21397644738026234,1784980898.8360872,0.9523205911462954,-0.0686323250538164,1.5800627439901564,0.06011605262756348,0,0,1784980898.8903244,0.9457949524031992,0.03645528863711672,1.6851580254418563,1784980898.890392,0.07764289153603912,0.013429234993807887,0.19009906992276557,0.10514357039675803,0.005551586843613264,0.10509528145169988,1784980898.890459,0.18,0.15343464997751183,1784980898.869405,17416.447265625,nan,nan,45.59185028076172,nan
5.042773246765137,1784980898.9360702,BSMC,circle,circle_dist_bsmc_30cm_yawfree_p02_manual,1784980898.913772,0.9538336066822243,-0.03614129808065314,1.4785781408261065,0.10505875771336776,-0.2337045614897009,1784980898.8360872,0.9523205911462954,-0.0686323250538164,1.5800627439901564,0.09998297691345215,0,0,1784980898.9305718,0.9452902049600603,0.04076705932015138,1.689499242552596,1784980898.930617,0.07579482649875764,0.015589401114198813,0.2109211017264896,0.10945983309626615,0.0060163585222548985,0.10943649856243964,1784980898.9306614,0.18,0.16485191501886853,1784980898.9152012,17416.494140625,nan,nan,46.04243850708008,nan
5.082613706588745,1784980898.9759107,BSMC,circle,circle_dist_bsmc_30cm_yawfree_p02_manual,1784980898.9642353,0.9536139561691054,-0.036113906514931106,1.4892275285536425,0.10948434585747709,-0.21303529131732227,1784980898.9501095,0.9523205911462954,-0.0686323250538164,1.5800627439901564,0.02580118179321289,0,0,1784980898.9705915,0.9447669404134149,0.045075009925486714,1.6938388593281086,1784980898.97063,0.08019813172522641,0.01543274143934941,0.20461133077446614,0.11377244746683285,0.006499681907336528,0.11377611533795218,1784980898.9706762,0.18,0.16664876157990047,1784980898.968149,17416.546875,nan,nan,52.89303970336914,nan
5.122429132461548,1784980899.015726,BSMC,circle,circle_dist_bsmc_30cm_yawfree_p02_manual,1784980899.0142093,0.9542292816997251,-0.02935210167886314,1.4747840423312124,0.11892784908742093,-0.22553890041003558,1784980898.9501095,0.9523205911462954,-0.0686323250538164,1.5800627439901564,0.06561660766601562,0,0,1784980899.0104656,0.9442321579961326,0.04932463850550466,1.6981220080936728,1784980899.0105128,0.08439005755363697,0.016311998598003377,0.20889447954003026,0.11802684904388508,0.006995063097043129,0.1180592641035163,1784980899.010563,0.18,0.16892054347836016,1784980899.0155175,17416.59375,nan,nan,47.387359619140625,nan
5.16317892074585,1784980899.0564759,BSMC,circle,circle_dist_bsmc_30cm_yawfree_p02_manual,1784980899.0142093,0.9542292816997251,-0.02935210167886314,1.4747840423312124,0.11892784908742093,-0.22553890041003558,1784980899.0268135,0.9523274807020825,-0.0686146681696635,1.580237806922551,0.029662370681762695,0,0,1784980899.0508811,0.9436675407886276,0.0536598248820222,1.702493811377364,1784980899.0509217,0.08161710393428782,0.018471022381087387,0.2277097690461516,0.12235080465929848,0.007505118891367931,0.1222560044548131,1784980899.0509665,0.18,0.17853734269403332,1784980899.0155175,17416.59375,nan,nan,47.387359619140625,nan
5.20305609703064,1784980899.096353,BSMC,circle,circle_dist_bsmc_30cm_yawfree_p02_manual,1784980899.0636766,0.9539866306492032,-0.02889043322324466,1.4863803701959153,0.1263818540092904,-0.20224178576047624,1784980899.0268135,0.9523274807020825,-0.0686146681696635,1.580237806922551,0.06953954696655273,0,0,1784980899.0903628,0.9431000576670852,0.05787499588905637,1.7067470138157186,1784980899.0904057,0.08553855571064765,0.01816349766077961,0.2203666436198033,0.1265711455953096,0.008032779857904113,0.1265092068931677,1784980899.090453,0.18,0.1820342451735471,1784980899.071053,17416.650390625,nan,nan,55.52119827270508,nan
5.243153810501099,1784980899.1364508,BSMC,circle,circle_dist_bsmc_30cm_yawfree_p02_manual,1784980899.1139455,0.9546939551899551,-0.021061304857561306,1.474159648987274,0.13720410879740771,-0.20899401277919905,1784980899.0268135,0.9523274807020825,-0.0686146681696635,1.580237806922551,0.10963726043701172,0,0,1784980899.1303842,0.9425049338916123,0.06215655548570659,1.711069739111739,1784980899.1304283,0.08165351747403901,0.020161537749881595,0.23691009012446518,0.13085813312677558,0.008587453449177395,0.1308319321891882,1784980899.1304748,0.18,0.19194768657700156,1784980899.1171792,17416.6953125,nan,nan,46.0545768737793,nan
5.282806634902954,1784980899.1761036,BSMC,circle,circle_dist_bsmc_30cm_yawfree_p02_manual,1784980899.1646008,0.954327415975902,-0.021566131301575812,1.4844514960847301,0.14143629842327113,-0.1829442053031321,1784980899.1474671,0.9519451434787749,-0.06617481886161296,1.5569116285387519,0.028636455535888672,0,0,1784980899.170639,0.9418865246383478,0.06646834680673203,1.7154256551349936,1784980899.1706774,0.08663364213289884,0.019986424489232123,0.23097415905026342,0.13249072367754272,0.011899300437338145,0.1585140265962417,1784980899.170716,0.18,0.19724505369183365,1784980899.173113,17416.751953125,nan,nan,56.03203582763672,nan
5.322360992431641,1784980899.215658,BSMC,circle,circle_dist_bsmc_30cm_yawfree_p02_manual,1784980899.2136767,0.9550506405205705,-0.013121332675072293,1.47645709114561,0.15262726812757943,-0.1796702982076936,1784980899.1474671,0.9519451434787749,-0.06617481886161296,1.5569116285387519,0.0681908130645752,0,0,1784980899.2105954,0.9412549266842205,0.07074017507355068,1.719743925818282,1784980899.2106338,0.09083508865308605,0.02098406162509637,0.23529242973355194,0.1367533709138577,0.012590148651915557,0.1628322972795302,1784980899.2106745,0.18,0.19961165120850663,1784980899.173113,17416.751953125,nan,nan,56.03203582763672,nan
5.3627495765686035,1784980899.2560465,BSMC,circle,circle_dist_bsmc_30cm_yawfree_p02_manual,1784980899.2136767,0.9550506405205705,-0.013121332675072293,1.47645709114561,0.15262726812757943,-0.1796702982076936,1784980899.2283993,0.9534304518642083,-0.06294686850344246,1.533872257156208,0.02764725685119629,0,0,1784980899.2509298,0.9406028199467877,0.07502262141025662,1.7240757405842122,1784980899.2509959,0.08639103359904479,0.022686680559691988,0.24761864943860212,0.13740190694633622,0.017912125925347258,0.1902034834280042,1784980899.2510576,0.18,0.21072113165819187,1784980899.2163038,17416.794921875,nan,nan,43.262550354003906,nan
5.403210401535034,1784980899.2965074,BSMC,circle,circle_dist_bsmc_30cm_yawfree_p02_manual,1784980899.2638423,0.9550291180880315,-0.01301130780751308,1.482917621728546,0.15789267179499444,-0.1566046091384007,1784980899.2283993,0.9534304518642083,-0.06294686850344246,1.533872257156208,0.06810808181762695,0,0,1784980899.2905507,0.9399352561992258,0.07928277418537096,1.7283878829563435,1784980899.290593,0.09061321062666296,0.023135866042911773,0.24547026122779747,0.1416345123634804,0.01873650108699102,0.19451562580013548,1784980899.2906363,0.18,0.22064390358780295,1784980899.2752583,17416.853515625,nan,nan,58.663631439208984,nan
5.442869186401367,1784980899.3361661,BSMC,circle,circle_dist_bsmc_30cm_yawfree_p02_manual,1784980899.3137608,0.9557799619369542,-0.0038592705867400486,1.4780799784707503,0.16733883196071703,-0.14675389558168225,1784980899.2283993,0.9534304518642083,-0.06294686850344246,1.533872257156208,0.10776686668395996,0,0,1784980899.3310568,0.9392497932044073,0.08353716253509488,1.7326971414173422,1784980899.3311398,0.08549063621909998,0.024550643975247345,0.25461716294659187,0.14586069652147643,0.01957855049779526,0.1988248842611342,1784980899.3312035,0.18,0.2340716821399561,1784980899.3183846,17416.896484375,nan,nan,43.19445037841797,nan
5.482733726501465,1784980899.3760307,BSMC,circle,circle_dist_bsmc_30cm_yawfree_p02_manual,1784980899.3639224,0.9564537359588678,-0.004823359374151558,1.4694320866646446,0.16712700481990586,-0.13907264625130195,1784980899.3499763,0.9554024242498045,-0.055253700334967806,1.450594561793016,0.02605438232421875,0,0,1784980899.3703268,0.9385461013538625,0.08778797348527585,1.7370058076465902,1784980899.3703713,0.09032387589742331,0.027187125519497583,0.26757372098194554,0.1399882670370121,0.03388718286968441,0.28641124585357414,1784980899.3704176,0.18,0.24475987593261522,1784980899.3668523,17416.9453125,nan,nan,48.606990814208984,nan
5.5230185985565186,1784980899.4163156,BSMC,circle,circle_dist_bsmc_30cm_yawfree_p02_manual,1784980899.4139771,0.9572190975572527,0.004138966431825609,1.4686522972361586,0.1715617126112478,-0.11885758805490321,1784980899.3499763,0.9554024242498045,-0.055253700334967806,1.450594561793016,0.06633925437927246,0,0,1784980899.4104905,0.9378211730812693,0.09205271475164585,1.741331725844222,1784980899.4105337,0.09449337039462068,0.02833988512467331,0.27189963917957743,0.14413530792516047,0.03511827626236812,0.290737164051206,1784980899.4105785,0.18,0.24724227021730763,1784980899.3668523,17416.9453125,nan,nan,48.606990814208984,nan
5.562787055969238,1784980899.456084,BSMC,circle,circle_dist_bsmc_30cm_yawfree_p02_manual,1784980899.4139771,0.9572190975572527,0.004138966431825609,1.4686522972361586,0.1715617126112478,-0.11885758805490321,1784980899.4276779,0.957730243169922,-0.048400177175366266,1.3838445424742216,0.028406143188476562,0,0,1784980899.4506872,0.9370749042701343,0.09633068580594462,1.7456743037784872,1784980899.450727,0.08965716774562367,0.029439665694063047,0.27702200654232856,0.138369881452651,0.04719577980242913,0.3618297613042656,1784980899.450768,0.18,0.2661517588337433,1784980899.4171133,17416.99609375,nan,nan,50.307491302490234,nan
5.602755308151245,1784980899.4960523,BSMC,circle,circle_dist_bsmc_30cm_yawfree_p02_manual,1784980899.4639113,0.9586542166057489,0.0036185567646741064,1.4494260365709997,0.16892497741426746,-0.12155092063813565,1784980899.4276779,0.957730243169922,-0.048400177175366266,1.3838445424742216,0.0683743953704834,0,0,1784980899.4903688,0.9363201664100126,0.10054960926426139,1.7499602077091512,1784980899.4904094,0.0935139550726204,0.033905441207855484,0.3005341711381515,0.14237501256913512,0.04872151540351055,0.36611566523492955,1784980899.490452,0.18,0.2745692411198419,1784980899.4671903,17417.046875,nan,nan,50.03506088256836,nan
5.64339804649353,1784980899.536695,BSMC,circle,circle_dist_bsmc_30cm_yawfree_p02_manual,1784980899.5137115,0.9595647457843183,0.012360372403056177,1.4497055589394565,0.17159189417298942,-0.10092082919711537,1784980899.4276779,0.957730243169922,-0.048400177175366266,1.3838445424742216,0.10901713371276855,0,0,1784980899.5309336,0.9355338087961328,0.10483824806379863,1.7543203466022785,1784980899.5309966,0.08889788490255884,0.03502584016273247,0.30461478766282196,0.14644276726691577,0.05029127741365297,0.3704758041280569,1784980899.531061,0.18,0.29766691290963115,1784980899.5173972,17417.095703125,nan,nan,50.14616012573242,nan
5.683160781860352,1784980899.5764577,BSMC,circle,circle_dist_bsmc_30cm_yawfree_p02_manual,1784980899.564306,0.962204429841112,0.011598463868085105,1.4122208406328587,0.1662898153760751,-0.13174847770836798,1784980899.54854,0.962772088233778,-0.034879947714890606,1.2905437063594412,0.02791762351989746,0,0,1784980899.5701144,0.9347467664968018,0.10902868285812418,1.7585840547169027,1784980899.5701523,0.09187189767263006,0.042498532525326586,0.346363214084044,0.13054236114560042,0.06673683059895123,0.46804034835746156,1784980899.570196,0.18,0.2898907194348104,1784980899.5674362,17417.146484375,nan,nan,50.09495544433594,nan
5.722473382949829,1784980899.6157703,BSMC,circle,circle_dist_bsmc_30cm_yawfree_p02_manual,1784980899.6140153,0.9633719502081485,0.019697670746247477,1.4112970251305041,0.16573600118915982,-0.11332933968352604,1784980899.54854,0.962772088233778,-0.034879947714890606,1.2905437063594412,0.067230224609375,0,0,1784980899.6107357,0.9339204199402659,0.11332597569271827,1.762960080870467,1784980899.6107793,0.09598478356225854,0.04399310403470553,0.3507392402376084,0.13444343150170507,0.0687195621527613,0.4724163745110259,1784980899.610824,0.18,0.29263366025217813,1784980899.5674362,17417.146484375,nan,nan,50.09495544433594,nan
5.763275384902954,1784980899.6565723,BSMC,circle,circle_dist_bsmc_30cm_yawfree_p02_manual,1784980899.6140153,0.9633719502081485,0.019697670746247477,1.4112970251305041,0.16573600118915982,-0.11332933968352604,1784980899.6292152,0.9668483373708369,-0.02521773762763202,1.232471274989981,0.027357101440429688,0,0,1784980899.650542,0.9330914085168885,0.11753857217384367,1.7672534778202351,1784980899.6505885,0.09178972678630384,0.04543566059579654,0.355956452689731,0.12345954829896982,0.07922521169173216,0.534782202830254,1784980899.650638,0.18,0.30933103775638904,1784980899.6187997,17417.197265625,nan,nan,51.44935989379883,nan
5.803194522857666,1784980899.6964915,BSMC,circle,circle_dist_bsmc_30cm_yawfree_p02_manual,1784980899.663809,0.9665939946917732,0.019894889274665626,1.3704154300140954,0.16337120910674596,-0.14351895752611538,1784980899.6292152,0.9668483373708369,-0.02521773762763202,1.232471274989981,0.0672762393951416,0,0,1784980899.6908453,0.9322407138498698,0.12176528345961336,1.7715649507129965,1784980899.6908958,0.09299428553734586,0.05394245056908248,0.4011495206989011,0.12716430343108748,0.08143055953749133,0.5390936757230154,1784980899.6909502,0.18,0.31081613583723217,1784980899.6712656,17417.25,nan,nan,52.28083038330078,nan
5.842376708984375,1784980899.7356737,BSMC,circle,circle_dist_bsmc_30cm_yawfree_p02_manual,1784980899.713962,0.9681824370708444,0.02874512882467662,1.3713040786193833,0.1691010133270029,-0.1169989639078696,1784980899.6292152,0.9668483373708369,-0.02521773762763202,1.232471274989981,0.10645842552185059,0,0,1784980899.7309463,0.9313609636553133,0.12604039572855436,1.775929647215682,1784980899.7309895,0.0880686685661117,0.055372371119357326,0.4046255685962987,0.1309050720381527,0.08367938046083487,0.5434583722257009,1784980899.7310326,0.18,0.33405874847416794,1784980899.7180698,17417.296875,nan,nan,46.85356903076172,nan
5.88276743888855,1784980899.7760644,BSMC,circle,circle_dist_bsmc_30cm_yawfree_p02_manual,1784980899.763741,0.9724180883843228,0.029254279362520657,1.3216480926474339,0.1689858327589139,-0.15763718860012804,1784980899.7509077,0.9743054110627044,-0.011326479498344727,1.15462978192882,0.025156736373901367,0,0,1784980899.7705152,0.9304796362400847,0.13023130791647064,1.780212229498702,1784980899.7705579,0.08751801658689042,0.06554228281450494,0.45856413685126807,0.11175828911759879,0.0973107934922341,0.6255824475698819,1784980899.7706065,0.18,0.3365083611233663,1784980899.7751017,17417.353515625,nan,nan,57.06844711303711,nan
5.923027038574219,1784980899.816324,BSMC,circle,circle_dist_bsmc_30cm_yawfree_p02_manual,1784980899.8137848,0.9744601385522497,0.038044123874218835,1.3216052261727753,0.1732114599619205,-0.13153714583316123,1784980899.7509077,0.9743054110627044,-0.011326479498344727,1.15462978192882,0.06541633605957031,0,0,1784980899.8103359,0.9295774583471279,0.13443181945023402,1.7845085361088093,1784980899.810378,0.09136637034128751,0.06745236016289607,0.4628604434613754,0.11523555560563066,0.09983405326225966,0.6298787541799893,1784980899.810424,0.18,0.3395213725049419,1784980899.7751017,17417.353515625,nan,nan,57.06844711303711,nan
5.963371992111206,1784980899.856669,BSMC,circle,circle_dist_bsmc_30cm_yawfree_p02_manual,1784980899.8137848,0.9744601385522497,0.038044123874218835,1.3216052261727753,0.1732114599619205,-0.13153714583316123,1784980899.8454285,0.980480039697503,-0.00017826342679202328,1.1196393901049981,0.011240482330322266,0,0,1784980899.850558,0.9286458796654485,0.13867970093825827,1.7888573711002644,1784980899.8505967,0.08622845017897482,0.06921791724756757,0.4672521449274891,0.10236423405716283,0.10719084848868671,0.6692179809952663,1784980899.8506455,0.18,0.359527656926619,1784980899.8200114,17417.3984375,nan,nan,44.02388000488281,nan
6.003224849700928,1784980899.8965218,BSMC,circle,circle_dist_bsmc_30cm_yawfree_p02_manual,1784980899.8637598,0.9789441629391001,0.038942137919258685,1.2748777980032144,0.1713212478502685,-0.1674124833428078,1784980899.8454285,0.980480039697503,-0.00017826342679202328,1.1196393901049981,0.051093339920043945,0,0,1784980899.8905044,0.9277039238667251,0.14288772712236025,1.7931695392216023,1784980899.8905463,0.08448495587215164,0.07932553086021352,0.5182917412183878,0.10574051958619214,0.10987328415786948,0.6735301491166041,1784980899.8905892,0.18,0.36585925946884207,1784980899.8684115,17417.447265625,nan,nan,49.23551940917969,nan
6.042599201202393,1784980899.9358962,BSMC,circle,circle_dist_bsmc_30cm_yawfree_p02_manual,1784980899.913754,0.9813666991263315,0.04752492386248833,1.2744733237770833,0.17387905458052524,-0.14120547733255404,1784980899.8454285,0.980480039697503,-0.00017826342679202328,1.1196393901049981,0.09046769142150879,0,0,1784980899.930515,0.9267447628814445,0.14708761275815233,1.7974775617206868,1784980899.9306228,0.07927351098067943,0.0813141770915218,0.5230042379436035,0.10910197750170951,0.11256765418287026,0.6778381716156887,1784980899.9306908,0.18,0.38387775693120696,1784980899.9194677,17417.498046875,nan,nan,50.9948616027832,nan
6.082892656326294,1784980899.9761896,BSMC,circle,circle_dist_bsmc_30cm_yawfree_p02_manual,1784980899.964065,0.9865219622713012,0.04949075539146083,1.228352689461159,0.1710371940446913,-0.17662421512000534,1784980899.9560735,0.990823726250668,0.01913772214205501,1.0782031184161107,0.020116090774536133,0,0,1784980899.9699562,0.9257706831938958,0.15126986724924985,1.8017717568958578,1784980899.9699914,0.07546984160397842,0.09140026547210643,0.5734190674346988,0.08565849415442481,0.11980577849490992,0.7235686384797471,1784980899.9700325,0.18,0.3916855641351179,1784980899.9692876,17417.548828125,nan,nan,49.750064849853516,nan
6.122843027114868,1784980900.01614,BSMC,circle,circle_dist_bsmc_30cm_yawfree_p02_manual,1784980900.0137126,0.9892430833734364,0.05754349329994886,1.2265443386980908,0.17108074347877866,-0.15344083113759494,1784980899.9560735,0.990823726250668,0.01913772214205501,1.0782031184161107,0.06006646156311035,0,0,1784980900.0110528,0.9247543686536196,0.15554918525398623,1.8061701076114949,1784980900.0110967,0.07915942116653464,0.09379452119821532,0.5778174181503359,0.0889484140162484,0.12272500529891407,0.7279669891953842,1784980900.011138,0.18,0.3948525541437285,1784980899.9692876,17417.548828125,nan,nan,49.750064849853516,nan
6.162704706192017,1784980900.0560017,BSMC,circle,circle_dist_bsmc_30cm_yawfree_p02_manual,1784980900.0137126,0.9892430833734364,0.05754349329994886,1.2265443386980908,0.17108074347877866,-0.15344083113759494,1784980900.0338297,0.9983394746837976,0.03355255504664448,1.0634896103692943,0.022171974182128906,0,0,1784980900.050926,0.9237373578464398,0.1597498788183024,1.8104921634281452,1784980900.050972,0.07410204856913756,0.09615628796600716,0.5839478247300545,0.07405997751007291,0.12651624439158365,0.7470025530588509,1784980900.0510216,0.17806273621256452,0.40956077668909185,1784980900.0394514,17417.619140625,nan,nan,70.23636627197266,nan
6.203178405761719,1784980900.0964754,BSMC,circle,circle_dist_bsmc_30cm_yawfree_p02_manual,1784980900.0636904,0.9945642094387351,0.06092764274512579,1.1883477004293477,0.17090482637603222,-0.17487167926791472,1784980900.0338297,0.9983394746837976,0.03355255504664448,1.0634896103692943,0.06264567375183105,0,0,1784980900.090501,0.9227151394518223,0.16389416555013092,1.8147606608951863,1784980900.0905483,0.06871397081727568,0.10508465107264968,0.6264129604658386,0.07718569759516337,0.12942311847065321,0.7512710505258919,1784980900.0905976,0.16905812718146332,0.4214741191075398,1784980900.0853548,17417.6640625,nan,nan,45.84025192260742,nan
6.242504358291626,1784980900.1358013,BSMC,circle,circle_dist_bsmc_30cm_yawfree_p02_manual,1784980900.113844,0.9978005357816716,0.06946977036396323,1.188029495956841,0.17523969571506576,-0.14618860485962512,1784980900.0338297,0.9983394746837976,0.03355255504664448,1.0634896103692943,0.10197162628173828,0,0,1784980900.1314049,0.9216499742783867,0.1681337149647187,1.8191319749439534,1784980900.1315372,0.06308274999358661,0.10748976060394391,0.6311024789871125,0.08037381799723375,0.13241381143171332,0.755642364574659,1784980900.1315975,0.16207599399023498,0.44032401894281104,1784980900.0853548,17417.6640625,nan,nan,45.84025192260742,nan
6.283001184463501,1784980900.1762981,BSMC,circle,circle_dist_bsmc_30cm_yawfree_p02_manual,1784980900.1640291,1.0034421915787595,0.07423566523890118,1.1604150611799664,0.17749977804521905,-0.1539812456505145,1784980900.1529992,1.0100838576982754,0.05491726547991536,1.0677940498840557,0.023298978805541992,0,0,1784980900.1700566,0.9205989577913349,0.1722420138458244,1.8233725860203085,1784980900.170093,0.0568177110652577,0.11506517049448338,0.6629575248403421,0.05965589334868371,0.13495857986526644,0.7555785361362528,1784980900.1701376,0.1525655738820591,0.45390048858037196,1784980900.1692884,17417.748046875,nan,nan,24.055316925048828,nan
6.32233452796936,1784980900.2156315,BSMC,circle,circle_dist_bsmc_30cm_yawfree_p02_manual,1784980900.2137756,1.0068996984719585,0.08261667474232522,1.160839017578862,0.17912406615385976,-0.12727163041948486,1784980900.1529992,1.0100838576982754,0.05491726547991536,1.0677940498840557,0.06263232231140137,0,0,1784980900.2107751,0.9194930291243337,0.1764885699376702,1.8277607915485676,1784980900.210813,0.06027045026750171,0.11777347418110627,0.6673457303686012,0.06284334588476653,0.13797461421319868,0.759966741664512,1784980900.210856,0.15637147851696748,0.456683538234115,1784980900.1692884,17417.748046875,nan,nan,24.055316925048828,nan
6.362427234649658,1784980900.2557242,BSMC,circle,circle_dist_bsmc_30cm_yawfree_p02_manual,1784980900.2137756,1.0068996984719585,0.08261667474232522,1.160839017578862,0.17912406615385976,-0.12727163041948486,1784980900.228199,1.016958076639472,0.06878536712511202,1.097816786731366,0.02752518653869629,0,0,1784980900.2508419,0.9183884599484993,0.18065550744951997,1.832071646460372,1784980900.2508864,0.054637183330836836,0.12025236073033466,0.6712326288815098,0.05468599464264454,0.13870955129605406,0.734254859729006,1784980900.2509322,0.14942434415182834,0.477549500733612,1784980900.2200515,17417.798828125,nan,nan,50.981563568115234,nan
6.402788162231445,1784980900.2960851,BSMC,circle,circle_dist_bsmc_30cm_yawfree_p02_manual,1784980900.2640243,1.0120020723631928,0.08795884917752572,1.1468527130914334,0.17672354187726336,-0.12021462833269177,1784980900.228199,1.016958076639472,0.06878536712511202,1.097816786731366,0.0678861141204834,0,0,1784980900.2904577,0.9172699186866989,0.18480301005571095,1.8363673350895222,1784980900.2904994,0.049302071975465565,0.1261835097598442,0.6895146219980888,0.057868622317636564,0.14159464982211617,0.7385505483581563,1784980900.2905445,0.14184948704522626,0.49270579721432795,1784980900.2700827,17417.849609375,nan,nan,49.70795822143555,nan
6.442825555801392,1784980900.3361225,BSMC,circle,circle_dist_bsmc_30cm_yawfree_p02_manual,1784980900.3141842,1.0152870054273726,0.0956138234681747,1.1486108762659917,0.17281272864671915,-0.09464949574486195,1784980900.228199,1.016958076639472,0.06878536712511202,1.097816786731366,0.10792350769042969,0,0,1784980900.3303876,0.9161263630123837,0.1889717275212562,1.8406900603855427,1784980900.3304229,0.04452910330315194,0.1287077705981845,0.692079184119551,0.06105874069351983,0.14451168078452512,0.7428732736541768,1784980900.3304617,0.13600749967800754,0.5196393383716116,1784980900.3195875,17417.8984375,nan,nan,49.71912384033203,nan
6.48319935798645,1784980900.3764963,BSMC,circle,circle_dist_bsmc_30cm_yawfree_p02_manual,1784980900.3637826,1.0194632301048132,0.10078833441723635,1.1483065249783995,0.16649592128314486,-0.07418453642628554,1784980900.348872,1.0255757005083574,0.08852903666019589,1.1397424546197235,0.02762436866760254,0,0,1784980900.3703468,0.9149687024690581,0.19312158194136111,1.8449983661258993,1784980900.370387,0.0413683026844706,0.13316605587452418,0.6966918411474998,0.04881028148091255,0.14419107103219755,0.7052559115061758,1784980900.370428,0.1319368459339742,0.5366436115152655,1784980900.370499,17417.94921875,nan,nan,50.706966400146484,nan
6.5228657722473145,1784980900.4161627,BSMC,circle,circle_dist_bsmc_30cm_yawfree_p02_manual,1784980900.4137194,1.0224399518077687,0.10772597669845639,1.151336715985334,0.16086595528595296,-0.05194324346420985,1784980900.348872,1.0255757005083574,0.08852903666019589,1.1397424546197235,0.0672907829284668,0,0,1784980900.410613,0.9137818819603513,0.19730589747131985,1.8493477418506918,1784980900.4106514,0.04469805988809635,0.13596422605145114,0.7010412168722924,0.05211595314424999,0.1470176545226236,0.7096052872309684,1784980900.4106944,0.13558706535556986,0.5394281970163024,1784980900.370499,17417.94921875,nan,nan,50.706966400146484,nan
6.56264853477478,1784980900.4559455,BSMC,circle,circle_dist_bsmc_30cm_yawfree_p02_manual,1784980900.4137194,1.0224399518077687,0.10772597669845639,1.151336715985334,0.16086595528595296,-0.05194324346420985,1784980900.428466,1.0307055519682287,0.10181560413115778,1.1652311541193743,0.02747941017150879,0,0,1784980900.4506125,0.9125917076160146,0.20143397733670446,1.8536439712131796,1784980900.4506655,0.04084681341495769,0.1384895807253122,0.7023072552278455,0.044936869594358914,0.14783564610349634,0.6884128170938053,1784980900.4507158,0.13092737556772419,0.5427657484154004,1784980900.4200356,17417.998046875,nan,nan,49.70920944213867,nan
6.602726697921753,1784980900.4960237,BSMC,circle,circle_dist_bsmc_30cm_yawfree_p02_manual,1784980900.463797,1.0261438066598336,0.11329750352619963,1.1571581021488586,0.15510850466982812,-0.028355268388298393,1784980900.428466,1.0307055519682287,0.10181560413115778,1.1652311541193743,0.06755757331848145,0,0,1784980900.4907079,0.9113740584367064,0.20558992283713184,1.8579746272648152,1784980900.4907587,0.03837795453219792,0.14218691351664364,0.7008165251159567,0.04827527392114599,0.1505941980927258,0.6927434731454409,1784980900.4908118,0.12810075057496306,0.4812745212885711,1784980900.4700086,17418.048828125,nan,nan,49.98834228515625,nan
6.642517805099487,1784980900.5358148,BSMC,circle,circle_dist_bsmc_30cm_yawfree_p02_manual,1784980900.5138702,1.0289006454371383,0.11984890581510073,1.1613235977821028,0.150364264569388,-0.01006488048041438,1784980900.428466,1.0307055519682287,0.10181560413115778,1.1652311541193743,0.10734868049621582,0,0,1784980900.5302186,0.9101488195090289,0.2097059046271134,1.8622691056812581,1784980900.5302532,0.03515044494699335,0.14470909652399339,0.7009455078991553,0.051573961965919866,0.15334395693826514,0.6970379515618839,1784980900.5302927,0.1242607132711983,0.4841745565004643,1784980900.5230978,17418.1015625,nan,nan,53.04109191894531,nan
6.682371139526367,1784980900.575668,BSMC,circle,circle_dist_bsmc_30cm_yawfree_p02_manual,1784980900.5637014,1.0322120377959951,0.1265022245078513,1.1779626204394007,0.1471361871437896,0.023400900995998355,1784980900.5511856,1.0386158838726327,0.12417681156787043,1.2151355330485947,0.02448248863220215,0,0,1784980900.5703833,0.9088953104284344,0.2138513903312776,1.8665999677265461,1784980900.5704212,0.03348899981629462,0.1473613888031663,0.6886373472871454,0.03889245326039819,0.15282779305634792,0.6514644346779515,1784980900.5704603,0.12313961198580321,0.4835611679408816,1784980900.5705328,17418.150390625,nan,nan,47.49950408935547,nan
6.722369909286499,1784980900.6156669,BSMC,circle,circle_dist_bsmc_30cm_yawfree_p02_manual,1784980900.61381,1.0348262046070473,0.13307606032854138,1.1845938887876868,0.1449233073441729,0.04142630176837662,1784980900.5511856,1.0386158838726327,0.12417681156787043,1.2151355330485947,0.06448125839233398,0,0,1784980900.6101196,0.9076343417470528,0.21795753658565917,1.8708953731144247,1784980900.610158,0.03679966406664693,0.15009817182328977,0.692932752675024,0.042302541161945845,0.15543964672405505,0.65575984006583,1784980900.6102002,0.12677379788479806,0.4863052759351878,1784980900.5705328,17418.150390625,nan,nan,47.49950408935547,nan
6.763152837753296,1784980900.6564498,BSMC,circle,circle_dist_bsmc_30cm_yawfree_p02_manual,1784980900.61381,1.0348262046070473,0.13307606032854138,1.1845938887876868,0.1449233073441729,0.04142630176837662,1784980900.6300364,1.0430348503762918,0.1389919299439677,1.241972754795661,0.026413440704345703,0,0,1784980900.6506984,0.9063398093342193,0.22210895589728424,1.8752439506138143,1784980900.6507502,0.03407789008388452,0.15255919399036807,0.6906500618261275,0.034520947307831056,0.1562122864751302,0.6332711958181534,1784980900.6508071,0.12370031839258924,0.5532029079652424,1784980900.6213582,17418.19921875,nan,nan,50.48220443725586,nan
6.8030846118927,1784980900.6963816,BSMC,circle,circle_dist_bsmc_30cm_yawfree_p02_manual,1784980900.6636987,1.0379284069295984,0.14040211130329514,1.2036290758803285,0.1430658408885074,0.07261536173952551,1784980900.6300364,1.0430348503762918,0.1389919299439677,1.241972754795661,0.06634521484375,0,0,1784980900.6903174,0.9050405154012893,0.2262130767417524,1.8795488317097004,1784980900.6903565,0.03238833386491697,0.15483445783731228,0.6759197558293719,0.03798560046824486,0.15876731115371578,0.6375760769140395,1784980900.6904004,0.122699194046393,0.5496759688579164,1784980900.6748672,17418.25390625,nan,nan,53.71372985839844,nan
6.842673063278198,1784980900.73597,BSMC,circle,circle_dist_bsmc_30cm_yawfree_p02_manual,1784980900.7138603,1.040276338375277,0.14673984677378604,1.2115048074521417,0.13999676773501155,0.08657730551480537,1784980900.6300364,1.0430348503762918,0.1389919299439677,1.241972754795661,0.10593366622924805,0,0,1784980900.7302475,0.9037218212048466,0.23031695575868438,1.8838593776310262,1784980900.7302897,0.030226309051955877,0.15722162557046226,0.6723545701788844,0.04144375983328194,0.16134061859266524,0.6418866228353652,1784980900.7303672,0.12037322149904651,0.5283443378357351,1784980900.722833,17418.30078125,nan,nan,47.97914123535156,nan
6.882626056671143,1784980900.775923,BSMC,circle,circle_dist_bsmc_30cm_yawfree_p02_manual,1784980900.7637136,1.043098568404899,0.1548504913665809,1.236438394860371,0.1388086427356239,0.12194334546005184,1784980900.752326,1.0494637341861235,0.1607417553476581,1.2875207465482952,0.023597002029418945,0,0,1784980900.7707224,0.9023618621071056,0.234486911116197,1.8882454974735554,1784980900.7707648,0.02904170970596239,0.15907658202087138,0.6518071026131844,0.029690753809175928,0.16185106705462501,0.6007247509252602,1784980900.7708101,0.1203313068794084,0.4935971148997395,1784980900.7708843,17418.349609375,nan,nan,48.165184020996094,nan
6.9223949909210205,1784980900.815692,BSMC,circle,circle_dist_bsmc_30cm_yawfree_p02_manual,1784980900.8138351,1.0452530022723912,0.16127476207051525,1.2465783238046213,0.13744862174808775,0.13520295946647143,1784980900.752326,1.0494637341861235,0.1607417553476581,1.2875207465482952,0.06336593627929688,0,0,1784980900.8109531,0.901007552592334,0.23857909356041312,1.8925559661472615,1784980900.8109944,0.03246283812341683,0.16169879325756403,0.6561175712868905,0.03324131010926812,0.16429517453557327,0.6050352195989663,1784980900.8110435,0.12410898749736403,0.4963216058602859,1784980900.7708843,17418.349609375,nan,nan,48.165184020996094,nan
6.96315860748291,1784980900.8564556,BSMC,circle,circle_dist_bsmc_30cm_yawfree_p02_manual,1784980900.8138351,1.0452530022723912,0.16127476207051525,1.2465783238046213,0.13744862174808775,0.13520295946647143,1784980900.8381217,1.0530178611464651,0.1755577649903367,1.3164765427491623,0.018333911895751953,0,0,1784980900.8504014,0.8996455466927129,0.24263603164333603,1.8968354327762897,1784980900.850443,0.030736536642260268,0.16394039350363954,0.6502571089716684,0.026334170477258667,0.16531506937767715,0.5803588900271275,1784980900.8504882,0.12244451171980845,0.489130257795367,1784980900.8253722,17418.404296875,nan,nan,54.42258834838867,nan
7.003385543823242,1784980900.8966825,BSMC,circle,circle_dist_bsmc_30cm_yawfree_p02_manual,1784980900.8636847,1.047861618259572,0.16983615016245593,1.2723208571606919,0.13812972883805535,0.16811633918641786,1784980900.8381217,1.0530178611464651,0.1755577649903367,1.3164765427491623,0.058560848236083984,0,0,1784980900.8906095,0.8982441329952912,0.2467514304995366,1.9011829030597982,1784980900.8906517,0.029517511023851396,0.16562025476702957,0.6288620458991064,0.02996461845134689,0.16770678750579698,0.5847063603106358,1784980900.8906965,0.12237660529155658,0.4722983421623222,1784980900.873422,17418.453125,nan,nan,48.02470016479492,nan
7.04346227645874,1784980900.9367592,BSMC,circle,circle_dist_bsmc_30cm_yawfree_p02_manual,1784980900.9144027,1.0498289556678961,0.17650943946395337,1.285404549453135,0.13776061757088673,0.1831324219147927,1784980900.8381217,1.0530178611464651,0.1755577649903367,1.3164765427491623,0.09863758087158203,0,0,1784980900.9308586,0.8968337988356645,0.2508349428062677,1.9055031049335773,1784980900.9308968,0.02824589565430323,0.1677318331143309,0.6200985554804423,0.03356196124440162,0.1700991169208842,0.5890265621844151,1784980900.9309442,0.12142056650079742,0.467434927753056,1784980900.9276028,17418.505859375,nan,nan,53.98748779296875,nan
7.082441091537476,1784980900.975738,BSMC,circle,circle_dist_bsmc_30cm_yawfree_p02_manual,1784980900.9640644,1.0522649313331949,0.18648972916518572,1.316651934860942,0.1407133854095922,0.22283120533620762,1784980900.95085,1.0580380953773527,0.19915647999441863,1.3666502318936065,0.024888038635253906,0,0,1784980900.9700449,0.8954193828169339,0.2548739072781628,1.9097825715626058,1784980900.9700801,0.026753897608012563,0.16900044635542869,0.5931306367016638,0.02159256044275675,0.1705374994288744,0.5431323396689993,1784980900.9701195,0.12130991979992037,0.4533375782611017,1784980900.971438,17418.55078125,nan,nan,44.23188018798828,nan
7.122382879257202,1784980901.0156798,BSMC,circle,circle_dist_bsmc_30cm_yawfree_p02_manual,1784980901.014773,1.0539047667703831,0.1931666784077166,1.3327017558762329,0.1388355344972628,0.23846652525122963,1784980900.95085,1.0580380953773527,0.19915647999441863,1.3666502318936065,0.06482982635498047,0,0,1784980901.0106704,0.8939604453886419,0.2589830133421508,1.9141429936970051,1784980901.0107148,0.030364211889331777,0.17144562157509632,0.5974910588360631,0.02532056674596156,0.1727991846563186,0.5474927618033987,1784980901.0109231,0.12533128392812218,0.45603923859393425,1784980900.971438,17418.55078125,nan,nan,44.23188018798828,nan
7.162525653839111,1784980901.0558226,BSMC,circle,circle_dist_bsmc_30cm_yawfree_p02_manual,1784980901.014773,1.0539047667703831,0.1931666784077166,1.3327017558762329,0.1388355344972628,0.23846652525122963,1784980901.0320857,1.0600967784379192,0.21492928585537105,1.3908138878533378,0.023736953735351562,0,0,1784980901.0508516,0.8924897635472959,0.26306872450896207,1.9184853398884114,1784980901.050898,0.029860097710049133,0.1733478407116634,0.5857835840121786,0.017358117862716873,0.17351718283412879,0.5276714520350735,1784980901.0509477,0.12543808260206515,0.45124815196957385,1784980901.028963,17418.607421875,nan,nan,57.250553131103516,nan
7.202614068984985,1784980901.095911,BSMC,circle,circle_dist_bsmc_30cm_yawfree_p02_manual,1784980901.064291,1.0557856321498595,0.2024496097522022,1.3595548260300765,0.1340045403812506,0.26355522358369127,1784980901.0320857,1.0600967784379192,0.21492928585537105,1.3908138878533378,0.06382536888122559,0,0,1784980901.0908468,0.8910073379975872,0.2671317202557151,1.9228103311146079,1784980901.090887,0.028694596738468345,0.17467765100589744,0.5632555050845314,0.02109011097382524,0.1757029887191977,0.53199644326127,1784980901.090931,0.12537679158491263,0.4412987047800454,1784980901.076818,17418.65625,nan,nan,47.697105407714844,nan
7.243304491043091,1784980901.1366014,BSMC,circle,circle_dist_bsmc_30cm_yawfree_p02_manual,1784980901.113996,1.0568687248104351,0.20790591001510636,1.374917311937173,0.1259404423872544,0.2710429972110534,1784980901.0320857,1.0600967784379192,0.21492928585537105,1.3908138878533378,0.10451579093933105,0,0,1784980901.130431,0.8895244554931558,0.27114231946920814,1.9270862958515462,1784980901.1304715,0.02945712058977621,0.17645176678214447,0.5521689839143733,0.024770472120923658,0.17787986455400048,0.5362724079982084,1784980901.1305149,0.12691559442038128,0.4366210324174089,1784980901.1305895,17418.708984375,nan,nan,53.825889587402344,nan
7.282505512237549,1784980901.1758025,BSMC,circle,circle_dist_bsmc_30cm_yawfree_p02_manual,1784980901.16401,1.0584479957944737,0.21744645338579793,1.4017641843701028,0.12150538751959619,0.29292175458589575,1784980901.1495512,1.0630273750598194,0.23599954632057912,1.4324297526671061,0.02625131607055664,0,0,1784980901.170233,0.8880173332114165,0.27516538230090765,1.9313823964680013,1784980901.1702764,0.02822505001601627,0.17771165424698726,0.5296182120978985,0.014653167887444526,0.1787393692690004,0.4989526438008951,1784980901.1703186,0.12670713589630528,0.4279843013673636,1784980901.172241,17418.751953125,nan,nan,41.98372268676758,nan
7.322810173034668,1784980901.2161071,BSMC,circle,circle_dist_bsmc_30cm_yawfree_p02_manual,1784980901.2138886,1.059302289964194,0.22290211284301636,1.4196585629251663,0.11763120683104146,0.30374770823255115,1784980901.1495512,1.0630273750598194,0.23599954632057912,1.4324297526671061,0.06655597686767578,0,0,1784980901.2102478,0.886485562982013,0.2792012485864229,1.9356991736973104,1784980901.2102857,0.03194571013556649,0.17990054094689534,0.5339349893272076,0.018439191667193842,0.1808131485845059,0.5032694210302042,1784980901.2103264,0.13088715969462134,0.4305907626346703,1784980901.172241,17418.751953125,nan,nan,41.98372268676758,nan
7.362645149230957,1784980901.255942,BSMC,circle,circle_dist_bsmc_30cm_yawfree_p02_manual,1784980901.2138886,1.059302289964194,0.22290211284301636,1.4196585629251663,0.11763120683104146,0.30374770823255115,1784980901.232479,1.0642914143818347,0.24867677838886076,1.4653855926298374,0.023463010787963867,0,0,1784980901.2503667,0.8849311533261445,0.283243984793405,1.940030447729903,1784980901.2504177,0.033400153966130317,0.18146863232515204,0.5203718848047367,0.015503835508015002,0.1820017200169277,0.4746448551000657,1784980901.2504714,0.13335049120778675,0.42588786885697766,1784980901.2223325,17418.80078125,nan,nan,50.07796859741211,nan
7.403059720993042,1784980901.2963567,BSMC,circle,circle_dist_bsmc_30cm_yawfree_p02_manual,1784980901.2640114,1.0606258018132821,0.2326404953205489,1.4479575647837795,0.11887290014340192,0.3289768496115695,1784980901.232479,1.0642914143818347,0.24867677838886076,1.4653855926298374,0.06387758255004883,0,0,1784980901.2907293,0.8833458569769284,0.28731411228809045,1.9443984143818196,1784980901.2907739,0.03253951661277302,0.18264326730569938,0.49644084959804013,0.01938457352174483,0.1840064581062113,0.47901282175198223,1784980901.2908201,0.13358700774730403,0.4181158629129603,1784980901.2724383,17418.8515625,nan,nan,50.07605743408203,nan
7.442846059799194,1784980901.336143,BSMC,circle,circle_dist_bsmc_30cm_yawfree_p02_manual,1784980901.3137617,1.0612710158908423,0.23855784711933176,1.4696018747461266,0.11917537163451328,0.3463131499109926,1784980901.232479,1.0642914143818347,0.24867677838886076,1.4653855926298374,0.10366392135620117,0,0,1784980901.3304558,0.8817682237010808,0.2913132343078412,1.9486974761570273,1784980901.3304935,0.03435180112732971,0.1839139392233189,0.4790956014109007,0.02319550645643742,0.18599610477061984,0.4833118835271899,1784980901.3305478,0.13661610471780622,0.41251302156236613,1784980901.323545,17418.90234375,nan,nan,50.887142181396484,nan
7.482864141464233,1784980901.376161,BSMC,circle,circle_dist_bsmc_30cm_yawfree_p02_manual,1784980901.364418,1.0621518253792863,0.24903186261784027,1.4975392098337754,0.12360483909414251,0.37130482498417383,1784980901.3529167,1.063957546678811,0.26770391926441217,1.5054432168624123,0.023244380950927734,0,0,1784980901.3705165,0.8801659600855994,0.2953240766285959,1.953016519316512,1784980901.3705578,0.03284821489801003,0.18488596221109835,0.4554773094827367,0.015558391657793793,0.1852030152138321,0.44757330245409976,1784980901.3706021,0.13598035704800762,0.40549198015331067,1784980901.3734148,17418.953125,nan,nan,50.002708435058594,nan
7.52237606048584,1784980901.415673,BSMC,circle,circle_dist_bsmc_30cm_yawfree_p02_manual,1784980901.413751,1.0625334349713476,0.25523243163320625,1.5203071079616297,0.12446680032442689,0.38605274760706804,1784980901.3529167,1.063957546678811,0.26770391926441217,1.5054432168624123,0.06275629997253418,0,0,1784980901.4106936,0.8785421270038818,0.29933843118318865,1.9573468663776692,1784980901.4107373,0.0367329515820223,0.18679925708203426,0.4598076565438938,0.01945812953487238,0.18708554565378221,0.45190364951525686,1784980901.4107838,0.1403849036458691,0.4080142763766578,1784980901.3734148,17418.953125,nan,nan,50.002708435058594,nan
7.563129425048828,1784980901.4564264,BSMC,circle,circle_dist_bsmc_30cm_yawfree_p02_manual,1784980901.413751,1.0625334349713476,0.25523243163320625,1.5203071079616297,0.12446680032442689,0.38605274760706804,1784980901.4297764,1.064304581240279,0.28003047068003334,1.5388396406931033,0.026649951934814453,0,0,1784980901.4502528,0.8769213106007048,0.30329624478258754,1.96162370658763,1784980901.450293,0.03863513482450043,0.1878012705093719,0.44131659862600037,0.0172667660627448,0.1880309685927013,0.4227840658945268,1784980901.450337,0.14351243453041237,0.40215903703601913,1784980901.4264522,17419.00390625,nan,nan,52.38629913330078,nan
7.6027069091796875,1784980901.4960039,BSMC,circle,circle_dist_bsmc_30cm_yawfree_p02_manual,1784980901.4639018,1.0630477779232235,0.2650897067009043,1.5445101421447018,0.1250940019031958,0.39664522637892113,1784980901.4297764,1.064304581240279,0.28003047068003334,1.5388396406931033,0.06622743606567383,0,0,1784980901.490414,0.8752613899127492,0.3073003003163,1.9659581992710409,1784980901.490456,0.03726039222982446,0.18883094266105896,0.42144805712633904,0.021215740703835348,0.1898179763406924,0.42711855857793757,1784980901.4905016,0.1427778180364788,0.39648797614119,1784980901.4738479,17419.052734375,nan,nan,47.997764587402344,nan
7.643344402313232,1784980901.5366414,BSMC,circle,circle_dist_bsmc_30cm_yawfree_p02_manual,1784980901.5138564,1.063151204115162,0.27097672212802926,1.5656388494088285,0.12246649286188342,0.40094263732785623,1784980901.4297764,1.064304581240279,0.28003047068003334,1.5388396406931033,0.10686492919921875,0,0,1784980901.530204,0.8735971887124228,0.31126619011111023,1.9702591149891195,1784980901.5302436,0.03931131592911099,0.18975928547921775,0.40462026558029107,0.025126432324651053,0.19160804297258896,0.43141947429601624,1784980901.5302868,0.14594174297300644,0.39101159769800337,1784980901.5311246,17419.109375,nan,nan,57.46135711669922,nan
7.683291435241699,1784980901.5765884,BSMC,circle,circle_dist_bsmc_30cm_yawfree_p02_manual,1784980901.5645146,1.0632332830603763,0.2809727482840499,1.5878858301484164,0.12408971598915583,0.4058519612049278,1784980901.5492854,1.0633795144034222,0.29796135088877657,1.583412945656727,0.027302980422973633,0,0,1784980901.5711184,0.871872338633482,0.3153269383602663,1.9746710097873983,1784980901.5711677,0.037619277931530616,0.19074593404750728,0.38678517963898185,0.019780314316586483,0.1912728448189804,0.3912580641306713,1784980901.5712206,0.14467574660185573,0.38632812803687616,1784980901.5742283,17419.15234375,nan,nan,43.08249282836914,nan
7.7225916385650635,1784980901.6158886,BSMC,circle,circle_dist_bsmc_30cm_yawfree_p02_manual,1784980901.613688,1.0630919740024873,0.28737920605777745,1.6093069613635715,0.12631125336526441,0.4106769736661504,1784980901.5492854,1.0633795144034222,0.29796135088877657,1.583412945656727,0.06660318374633789,0,0,1784980901.6111157,0.8701673406579269,0.31929275995493606,1.978987812765914,1784980901.6111987,0.0416136565793306,0.19238291243325203,0.3911019826174975,0.023767331016474116,0.1929276731642214,0.395574867109187,1784980901.6112535,0.14924028039113388,0.38874557866756704,1784980901.5742283,17419.15234375,nan,nan,43.08249282836914,nan
7.7634665966033936,1784980901.6567636,BSMC,circle,circle_dist_bsmc_30cm_yawfree_p02_manual,1784980901.613688,1.0630919740024873,0.28737920605777745,1.6093069613635715,0.12631125336526441,0.4106769736661504,1784980901.6299515,1.0627283495109456,0.3094052569070946,1.6247288978410994,0.026812076568603516,0,0,1784980901.650386,0.8684741824660243,0.3231850389983872,1.983232414969283,1784980901.650429,0.043272287185308254,0.19309492902935918,0.37392545360571144,0.024231294640386723,0.19322890096683387,0.3585035171281836,1784980901.650475,0.15190147632629428,0.38372117713267095,1784980901.6319253,17419.2109375,nan,nan,57.36626434326172,nan
7.8030784130096436,1784980901.6963754,BSMC,circle,circle_dist_bsmc_30cm_yawfree_p02_manual,1784980901.6645508,1.0627461149031576,0.29766404205737784,1.6335450381878096,0.13263393995897063,0.4181810087526762,1784980901.6299515,1.0627283495109456,0.3094052569070946,1.6247288978410994,0.06642389297485352,0,0,1784980901.6905794,0.8667282794957664,0.3271519641669038,1.987566547163802,1784980901.6906214,0.04172168485806707,0.19378294651682004,0.3540215089759924,0.028286567260100114,0.1947584226090373,0.36283764932270257,1784980901.6906652,0.1508261445526076,0.3785777360677373,1784980901.6744485,17419.25390625,nan,nan,42.691383361816406,nan
7.842425584793091,1784980901.7357225,BSMC,circle,circle_dist_bsmc_30cm_yawfree_p02_manual,1784980901.713917,1.062273649631033,0.30474127339986873,1.655604744537207,0.13643832708308157,0.4226306463398272,1784980901.6299515,1.0627283495109456,0.3094052569070946,1.6247288978410994,0.10577106475830078,0,0,1784980901.7309136,0.8649643472345866,0.3311131886014591,1.991902765044051,1784980901.7309575,0.04299057023157313,0.19436627689683306,0.336298020506844,0.03233711932946019,0.196306254633629,0.36717386720295164,1784980901.731008,0.1529799454880961,0.3734481638064824,1784980901.7247226,17419.302734375,nan,nan,50.139896392822266,nan
7.882778644561768,1784980901.7760756,BSMC,circle,circle_dist_bsmc_30cm_yawfree_p02_manual,1784980901.7639818,1.0613805179203493,0.31504603761170846,1.6800525923509202,0.14191760843862003,0.42900231221409324,1784980901.7521088,1.0604615636427621,0.32773744903185875,1.6817372090887406,0.02396678924560547,0,0,1784980901.7705173,0.8631918734330714,0.3350477058843236,1.996218100317794,1784980901.7705607,0.0414927054859824,0.19482597601153162,0.3161655079668737,0.02910572364474417,0.19524760531640883,0.3144808912290533,1784980901.7706075,0.1518987824935535,0.36775800945143355,1784980901.7738063,17419.353515625,nan,nan,49.37030792236328,nan
7.923179864883423,1784980901.8164768,BSMC,circle,circle_dist_bsmc_30cm_yawfree_p02_manual,1784980901.8141057,1.0605326813650993,0.3225162439209565,1.7025392126330692,0.14487516468014508,0.4322444937154548,1784980901.7521088,1.0604615636427621,0.32773744903185875,1.6817372090887406,0.06436800956726074,0,0,1784980901.810464,0.8614044220850234,0.33897020725895144,2.000528671988326,1784980901.8105004,0.04558672078761862,0.1961750638758178,0.32047607963740576,0.03320200583203208,0.19658979442294464,0.3187914628995854,1784980901.8105483,0.1566126771672528,0.3700612828233176,1784980901.7738063,17419.353515625,nan,nan,49.37030792236328,nan
7.962560653686523,1784980901.8558576,BSMC,circle,circle_dist_bsmc_30cm_yawfree_p02_manual,1784980901.8141057,1.0605326813650993,0.3225162439209565,1.7025392126330692,0.14487516468014508,0.4322444937154548,1784980901.8398118,1.0584904297203517,0.33899124025295596,1.7202465579000188,0.016045808792114258,0,0,1784980901.850894,0.8595833590514297,0.34292103719244943,2.0048790004337604,1784980901.8509395,0.04662510432405517,0.19652756899108684,0.30233978780069126,0.033502163511794684,0.19610474524117502,0.28463244253374165,1784980901.8509858,0.1584453802074937,0.36445634866305876,1784980901.8252583,17419.404296875,nan,nan,51.4127082824707,nan
8.00317668914795,1784980901.8964736,BSMC,circle,circle_dist_bsmc_30cm_yawfree_p02_manual,1784980901.8641996,1.0592406199930153,0.3320783699289871,1.7262261553522407,0.14801445314210962,0.4360790575618829,1784980901.8398118,1.0584904297203517,0.33899124025295596,1.7202465579000188,0.05666184425354004,0,0,1784980901.8903942,0.8577789437969177,0.34679177331422306,2.0091496608341513,1784980901.8904402,0.04572326107293218,0.1967553674281199,0.2829235054819106,0.03759842039978898,0.19731271545714812,0.28890310293413246,1784980901.8904908,0.15797979865476208,0.35840527659191074,1784980901.8744686,17419.453125,nan,nan,48.99108123779297,nan
8.042710304260254,1784980901.9360073,BSMC,circle,circle_dist_bsmc_30cm_yawfree_p02_manual,1784980901.9140143,1.0580420021347918,0.33957242952162164,1.7481080552719144,0.14958466779735974,0.43660036354484727,1784980901.8398118,1.0584904297203517,0.33899124025295596,1.7202465579000188,0.09619545936584473,0,0,1784980901.9304936,0.8559284223012145,0.35071719454355393,2.0134894063556965,1784980901.930534,0.04661965090362081,0.1969789661110101,0.26538135108378214,0.041755617791481646,0.1985581356594272,0.2932428484556777,1784980901.9305773,0.15955672116563754,0.352725305406424,1784980901.9254265,17419.50390625,nan,nan,51.1371955871582,nan
8.082434892654419,1784980901.9757318,BSMC,circle,circle_dist_bsmc_30cm_yawfree_p02_manual,1784980901.9637535,1.05639517837268,0.34843626615097517,1.770786763007084,0.1529593794189517,0.4383650046429774,1784980901.9536128,1.0555051628797592,0.3526951564259655,1.7686473663988664,0.02211904525756836,0,0,1784980901.9704595,0.85407462949685,0.3546058724457415,2.0177973516071614,1784980901.970503,0.046239628318912054,0.19706233864485215,0.24701058860007755,0.04146717979276689,0.1971252992760337,0.24914998520829498,1784980901.9705532,0.15960838862677537,0.34688088820160085,1784980901.975505,17419.5546875,nan,nan,50.05760192871094,nan
8.122803688049316,1784980902.0161006,BSMC,circle,circle_dist_bsmc_30cm_yawfree_p02_manual,1784980902.01367,1.0547938885253196,0.3561783788262642,1.793101651212627,0.1549570662795864,0.4398038230588615,1784980901.9536128,1.0555051628797592,0.3526951564259655,1.7686473663988664,0.06248784065246582,0,0,1784980902.0105531,0.8521877160081714,0.3585203346044546,2.0221428649509723,1784980902.0105932,0.05045092344204222,0.19813399618887165,0.25135610194388835,0.04567617257954837,0.19820596399118606,0.25349549855210585,1784980902.01064,0.16449145692317677,0.34908307597379074,1784980901.975505,17419.5546875,nan,nan,50.05760192871094,nan
8.162686347961426,1784980902.0559833,BSMC,circle,circle_dist_bsmc_30cm_yawfree_p02_manual,1784980902.01367,1.0547938885253196,0.3561783788262642,1.793101651212627,0.1549570662795864,0.4398038230588615,1784980902.0318348,1.0527140167600344,0.3621739300826124,1.813343647769217,0.02414846420288086,0,0,1784980902.0509832,0.8502799458593885,0.36243444469515873,2.0264971587742147,1784980902.0510235,0.0511931040906695,0.19810188590339467,0.23339550756158767,0.04887272740787123,0.19644611842687806,0.21315351100499755,1784980902.0510678,0.16583797644530418,0.34300183405813506,1784980902.0262537,17419.60546875,nan,nan,50.38792037963867,nan
8.202608346939087,1784980902.0959053,BSMC,circle,circle_dist_bsmc_30cm_yawfree_p02_manual,1784980902.0637543,1.052703011632547,0.36440700391694225,1.817947129866614,0.15652567127169034,0.4434331574630036,1784980902.0318348,1.0527140167600344,0.3621739300826124,1.813343647769217,0.06407046318054199,0,0,1784980902.090538,0.8483974242957387,0.3662548884068189,2.030756232031661,1784980902.0905867,0.05177352978996037,0.19764536247333062,0.21280910216504667,0.05303348093540758,0.19735595779438422,0.2174125842624437,1784980902.090638,0.16701885878192615,0.335404887770021,1784980902.074775,17419.654296875,nan,nan,48.98560333251953,nan
8.242626905441284,1784980902.1359239,BSMC,circle,circle_dist_bsmc_30cm_yawfree_p02_manual,1784980902.1140354,1.050711444705359,0.3722425568920765,1.8396887431184212,0.15807300626760792,0.44159517485471084,1784980902.0318348,1.0527140167600344,0.3621739300826124,1.813343647769217,0.10408902168273926,0,0,1784980902.1302595,0.8464700787326456,0.37012433276859646,2.035079111822921,1784980902.1302974,0.052217433457552385,0.19746483760645392,0.19539036870449955,0.05725256648683045,0.19829754034426592,0.2217354640537037,1784980902.1303408,0.16792706459044426,0.3294136796831176,1784980902.128706,17419.70703125,nan,nan,53.6508903503418,nan
8.282758951187134,1784980902.176056,BSMC,circle,circle_dist_bsmc_30cm_yawfree_p02_manual,1784980902.1642463,1.0479576865270914,0.37976280713838945,1.8695255886198943,0.15883206790669435,0.4483694372447642,1784980902.1548734,1.0470749073571182,0.37761171624855716,1.8961223764703916,0.021182537078857422,0,0,1784980902.1707866,0.8445063578564329,0.3740242569328427,2.0394455335224446,1784980902.1708288,0.05439254688520179,0.19612961260263334,0.16991994490255036,0.06134521927701225,0.19308974903657822,0.143323157052053,1784980902.1708715,0.17100857038009776,0.3188358799838814,1784980902.128706,17419.70703125,nan,nan,53.6508903503418,nan
8.32311487197876,1784980902.2164118,BSMC,circle,circle_dist_bsmc_30cm_yawfree_p02_manual,1784980902.2138264,1.0456238284778179,0.38737938980307096,1.8896472380386249,0.1595091974063878,0.44135483624659744,1784980902.1548734,1.0470749073571182,0.37761171624855716,1.8961223764703916,0.0615384578704834,0,0,1784980902.2103891,0.8425736004201884,0.3778218163958807,2.043706640967208,1784980902.2104323,0.05859073925596893,0.1968591261396569,0.17418105234731376,0.0655613272868119,0.19370735929586108,0.1475842644968164,1784980902.2104752,0.17591303726219978,0.3208529345690806,1784980902.1762476,17419.75390625,nan,nan,46.939674377441406,nan
8.36232852935791,1784980902.2556255,BSMC,circle,circle_dist_bsmc_30cm_yawfree_p02_manual,1784980902.2138264,1.0456238284778179,0.38737938980307096,1.8896472380386249,0.1595091974063878,0.44135483624659744,1784980902.232425,1.043302812908979,0.3872760568204218,1.9559210731261827,0.023200511932373047,0,0,1784980902.2513719,0.8405515722702344,0.38175247765116965,2.048126904257613,1784980902.2514167,0.05894185331803327,0.1964997463964507,0.15847966621898824,0.07104953564160808,0.18997510098036793,0.09220583113143044,1784980902.2514627,0.17661056268082054,0.31541138386149836,1784980902.2313776,17419.810546875,nan,nan,55.9338264465332,nan
8.402631521224976,1784980902.2959285,BSMC,circle,circle_dist_bsmc_30cm_yawfree_p02_manual,1784980902.2639174,1.0423405434337172,0.39460559267486794,1.923433063195211,0.1616259484797877,0.4523758358835022,1784980902.232425,1.043302812908979,0.3872760568204218,1.9559210731261827,0.06350350379943848,0,0,1784980902.2905571,0.8385988960531175,0.38550828639520723,2.0523599965656576,1784980902.2906032,0.06182945755948787,0.19434643818914213,0.12892693337044658,0.07526380846051403,0.19037378423624077,0.09643892343947491,1784980902.2906504,0.18,0.3025507010708919,1784980902.2766025,17419.85546875,nan,nan,45.01046371459961,nan
8.442652463912964,1784980902.3359494,BSMC,circle,circle_dist_bsmc_30cm_yawfree_p02_manual,1784980902.3138003,1.0394116347912927,0.40261354440769725,1.9442845953743162,0.16501046242473488,0.4466810362657124,1784980902.232425,1.043302812908979,0.3872760568204218,1.9559210731261827,0.10352444648742676,0,0,1784980902.3299658,0.8366019636267125,0.3893095322431072,2.0566538570011432,1784980902.3300054,0.061611401504552354,0.19368220016874443,0.11236926162682703,0.07953681612732116,0.1907964124312447,0.10073278387496054,1784980902.3300452,0.18,0.2967924841864607,1784980902.3269727,17419.90625,nan,nan,50.211158752441406,nan
8.482476711273193,1784980902.3757737,BSMC,circle,circle_dist_bsmc_30cm_yawfree_p02_manual,1784980902.3646743,1.0355927066807769,0.40951398995834437,1.978863467948451,0.16827035466614323,0.458706695463108,1784980902.3502817,1.0364379721758787,0.4011736654068583,2.0172464686240725,0.025491952896118164,0,0,1784980902.3703027,0.8345729083464039,0.3931318146449505,2.0609813201511678,1784980902.3703473,0.06473484872196553,0.19101501080107552,0.08211785220271685,0.07990490721538736,0.1855515593075281,0.04373485152709522,1784980902.3703957,0.18,0.2832304576459804,1784980902.3269727,17419.90625,nan,nan,50.211158752441406,nan
8.522554636001587,1784980902.4158516,BSMC,circle,circle_dist_bsmc_30cm_yawfree_p02_manual,1784980902.413994,1.032121895163572,0.4175894638543098,1.999813835623497,0.17186922899415896,0.45312371141908786,1784980902.3502817,1.0364379721758787,0.4011736654068583,2.0172464686240725,0.06556987762451172,0,0,1784980902.4108763,0.8324951401411708,0.3970049777101805,2.0653766067112262,1784980902.4109132,0.06911451773813347,0.19138516232863942,0.08651313876277532,0.0842955544815863,0.18575337463984729,0.04813013808715372,1784980902.410953,0.18,0.2851300732856278,1784980902.3764138,17419.955078125,nan,nan,49.91114044189453,nan
8.562913656234741,1784980902.4562106,BSMC,circle,circle_dist_bsmc_30cm_yawfree_p02_manual,1784980902.413994,1.032121895163572,0.4175894638543098,1.999813835623497,0.17186922899415896,0.45312371141908786,1784980902.4327106,1.03068598517265,0.41149679534746125,2.054304168732369,0.02349996566772461,0,0,1784980902.450269,0.8304702229181372,0.40074076896874433,2.0696258952701863,1784980902.4503045,0.068560788748,0.19038564463997606,0.06981205964668934,0.08355479945230324,0.18226529852690176,0.01532172653781716,1784980902.4503515,0.18,0.2789996350417906,1784980902.4266047,17420.005859375,nan,nan,49.81296157836914,nan
8.602343320846558,1784980902.4956403,BSMC,circle,circle_dist_bsmc_30cm_yawfree_p02_manual,1784980902.4640675,1.0280757908111813,0.4239985783084124,2.031034899902143,0.17315124979339225,0.45905459922977876,1784980902.4327106,1.03068598517265,0.41149679534746125,2.054304168732369,0.06292963027954102,0,0,1784980902.491196,0.8283509917472818,0.404610465625112,2.074037893065291,1784980902.4912343,0.0713394270859509,0.18755420661127192,0.04300299316314815,0.08796611595732441,0.18234262679053204,0.019733724332922087,1784980902.4912748,0.18,0.26656717583733014,1784980902.4763267,17420.0546875,nan,nan,50.07476043701172,nan
8.643274307250977,1784980902.5365713,BSMC,circle,circle_dist_bsmc_30cm_yawfree_p02_manual,1784980902.51379,1.0242753677323835,0.4317560026194219,2.0503344033391184,0.17336173076684774,0.4474092877886593,1784980902.4327106,1.03068598517265,0.41149679534746125,2.054304168732369,0.10386061668395996,0,0,1784980902.5305834,0.8262966097021818,0.4083235151938449,2.0782813880527793,1784980902.5306215,0.07055184784414857,0.18645939736014133,0.02794698471366086,0.0922085943246051,0.1824353629229316,0.02397721932041019,1784980902.5306666,0.18,0.2607472592427527,1784980902.5265687,17420.10546875,nan,nan,50.1529426574707,nan
8.682737827301025,1784980902.5760348,BSMC,circle,circle_dist_bsmc_30cm_yawfree_p02_manual,1784980902.5646238,1.0198309890224386,0.4376347290419809,2.081077712002551,0.1721824551916259,0.44983175454834234,1784980902.5587428,1.0201726773666386,0.42841658894719925,2.1184180335237275,0.017292022705078125,0,0,1784980902.5703716,0.8241963527260234,0.412081469883736,2.0825864236439044,1784980902.5704134,0.0732544622501949,0.183192968568321,0.0015087116413532442,0.08809032387580917,0.17582278229489023,-0.035831609879823034,1784980902.5704553,0.18,0.24785600215825712,1784980902.5265687,17420.10546875,nan,nan,50.1529426574707,nan
8.722398519515991,1784980902.6156955,BSMC,circle,circle_dist_bsmc_30cm_yawfree_p02_manual,1784980902.6138234,1.0156003465231307,0.4453089900188434,2.0994592792644697,0.17433000262404236,0.4372882048263575,1784980902.5587428,1.0201726773666386,0.42841658894719925,2.1184180335237275,0.056952714920043945,0,0,1784980902.6101685,0.8220755532134513,0.41583807450582894,2.0869003427112873,1784980902.610202,0.07756834898918874,0.18320878192942142,0.005822630708736121,0.09240179387770339,0.17567754014528297,-0.03151769081244015,1784980902.6102407,0.18,0.2495454793919691,1784980902.576526,17420.154296875,nan,nan,49.54512405395508,nan
8.762654781341553,1784980902.6559517,BSMC,circle,circle_dist_bsmc_30cm_yawfree_p02_manual,1784980902.6138234,1.0156003465231307,0.4453089900188434,2.0994592792644697,0.17433000262404236,0.4372882048263575,1784980902.6321604,1.0130703115598723,0.43979956514268015,2.1618799174782053,0.02379131317138672,0,0,1784980902.6503959,0.8199283375309574,0.41960334504328145,2.091234835394698,1784980902.6504369,0.0764965387328668,0.1819246955433313,-0.008224443869771836,0.09086083272242174,0.1716275575631066,-0.0706450820835074,1784980902.650483,0.18,0.2442506887595844,1784980902.6261394,17420.205078125,nan,nan,49.911922454833984,nan
8.80296277999878,1784980902.6962597,BSMC,circle,circle_dist_bsmc_30cm_yawfree_p02_manual,1784980902.6642816,1.0103848768032515,0.4517890631613709,2.1311933026843493,0.17800903563066048,0.44277970830471175,1784980902.6321604,1.0130703115598723,0.43979956514268015,2.1618799174782053,0.06409931182861328,0,0,1784980902.6902282,0.8177744453541645,0.4233426489430952,2.095550119170028,1784980902.6902661,0.07828140776601128,0.17826945330889588,-0.035643183514321386,0.09516599662976155,0.1713322460405573,-0.06632979830817742,1784980902.6903088,0.18,0.231142086618936,1784980902.6765258,17420.255859375,nan,nan,50.470218658447266,nan
8.842875480651855,1784980902.7361724,BSMC,circle,circle_dist_bsmc_30cm_yawfree_p02_manual,1784980902.7137918,1.0054779458841183,0.45970550946692945,2.1500034179781315,0.1816478319336266,0.43242094597949854,1784980902.6321604,1.0130703115598723,0.43979956514268015,2.1618799174782053,0.10401201248168945,0,0,1784980902.7304273,0.8155852148305626,0.42710549928958186,2.099903486021834,1784980902.7304595,0.07665693704169291,0.1767646004547493,-0.05009993195629736,0.09951040471647843,0.17105315574765131,-0.061976431456371106,1784980902.7304983,0.18,0.22553680970080808,1784980902.7274697,17420.306640625,nan,nan,50.992340087890625,nan
8.883217096328735,1784980902.776514,BSMC,circle,circle_dist_bsmc_30cm_yawfree_p02_manual,1784980902.7639003,0.9999967330012683,0.4656013056928552,2.1808819950113936,0.18119248346418976,0.43661253947765355,1784980902.7504513,1.000978869717298,0.45628999942051157,2.218784914526146,0.026062726974487305,0,0,1784980902.7709239,0.8133787467440299,0.43086026897052454,2.1042585780704792,1784980902.7709656,0.07844675849214583,0.1728563522388579,-0.07662341694091436,0.09295730894246915,0.16492245464010868,-0.11452633645566657,1784980902.7710104,0.18,0.21192856229818727,1784980902.7274697,17420.306640625,nan,nan,50.992340087890625,nan
8.923012495040894,1784980902.8163095,BSMC,circle,circle_dist_bsmc_30cm_yawfree_p02_manual,1784980902.8139322,0.9949129858627325,0.47294161721502376,2.199044086942111,0.18014744365013272,0.424325129167307,1784980902.7504513,1.000978869717298,0.45628999942051157,2.218784914526146,0.06585812568664551,0,0,1784980902.8102946,0.8112088623985815,0.4345166689563592,2.108510364302474,1784980902.8103347,0.08268674853214866,0.1725398978350166,-0.07237163070891971,0.09718226202181118,0.16444555799890426,-0.11027455022367195,1784980902.810374,0.18,0.213359212508291,1784980902.77694,17420.35546875,nan,nan,49.530696868896484,nan
8.962533235549927,1784980902.8558302,BSMC,circle,circle_dist_bsmc_30cm_yawfree_p02_manual,1784980902.8139322,0.9949129858627325,0.47294161721502376,2.199044086942111,0.18014744365013272,0.424325129167307,1784980902.8383224,0.9923604992383526,0.46725392065396537,2.2566357253006135,0.01750779151916504,0,0,1784980902.850848,0.8089596249916591,0.43826980078679023,2.1128858754719078,1784980902.850902,0.08123846525555135,0.1708247611928767,-0.0861582114702033,0.0937215074350228,0.16028798745705564,-0.14374984982870578,1784980902.8509595,0.18,0.20722091362705228,1784980902.8269947,17420.40625,nan,nan,50.055145263671875,nan
9.003032684326172,1784980902.8963296,BSMC,circle,circle_dist_bsmc_30cm_yawfree_p02_manual,1784980902.8640862,0.9894363382610577,0.4783202951894175,2.227935951594153,0.17765597430454602,0.4259322834208679,1784980902.8383224,0.9923604992383526,0.46725392065396537,2.2566357253006135,0.058007240295410156,0,0,1784980902.8902235,0.8067539958297716,0.44191438497280533,2.117145901449996,1784980902.8902586,0.0827682473263471,0.16687613900557005,-0.11079005014415698,0.09793888165619949,0.1596866983691169,-0.1394898238506177,1784980902.8902967,0.18,0.19411879059232962,1784980902.8778117,17420.45703125,nan,nan,50.67571258544922,nan
9.042445659637451,1784980902.9357426,BSMC,circle,circle_dist_bsmc_30cm_yawfree_p02_manual,1784980902.913811,0.9842538136739917,0.48513384236198226,2.244418861719264,0.17564077682305662,0.41034296029503653,1784980902.8383224,0.9923604992383526,0.46725392065396537,2.2566357253006135,0.09742021560668945,0,0,1784980902.9306068,0.8044803823530521,0.4456350078531073,2.121506220587569,1784980902.9306471,0.08127551562997308,0.16514519398258637,-0.12291264113169476,0.1022581573073225,0.15908986446545287,-0.1351295047130443,1784980902.9306896,0.18,0.18860802425101555,1784980902.9273868,17420.505859375,nan,nan,49.56032943725586,nan
9.082865953445435,1784980902.976163,BSMC,circle,circle_dist_bsmc_30cm_yawfree_p02_manual,1784980902.963947,0.9782690607692112,0.49057960286346336,2.2734129649721013,0.17477081359966953,0.41291888935438703,1784980902.9513826,0.9788454507461246,0.483382539305748,2.3103017499655203,0.0247802734375,0,0,1784980902.970429,0.8022200535185436,0.4492981284596446,2.1258105866993247,1784980902.9704688,0.08226170757312731,0.1610292661290239,-0.14760237827277667,0.09385021749144742,0.1534614436441113,-0.18449116326619563,1784980902.9705095,0.18,0.17545275256452872,1784980902.9273868,17420.505859375,nan,nan,49.56032943725586,nan
9.123473644256592,1784980903.0167706,BSMC,circle,circle_dist_bsmc_30cm_yawfree_p02_manual,1784980903.0136824,0.9724645133571269,0.49747874409346016,2.2913590625410487,0.17718155476247133,0.40423257930976414,1784980902.9513826,0.9788454507461246,0.483382539305748,2.3103017499655203,0.06538796424865723,0,0,1784980903.0108595,0.7999158181280726,0.45299646740773974,2.130168021925765,1784980903.0108962,0.08657314492257197,0.160397823580956,-0.14324494304633628,0.0981354338434371,0.15267142305809028,-0.18013372803975525,1784980903.0109355,0.18,0.1766921397548137,1784980902.9796145,17420.55859375,nan,nan,52.269039154052734,nan
9.162609815597534,1784980903.0559068,BSMC,circle,circle_dist_bsmc_30cm_yawfree_p02_manual,1784980903.0136824,0.9724645133571269,0.49747874409346016,2.2913590625410487,0.17718155476247133,0.40423257930976414,1784980903.035141,0.968770130628749,0.49413228201638354,2.337214226609454,0.02076578140258789,0,0,1784980903.050349,0.7976470812626526,0.4566031095185392,2.1344288976276693,1784980903.050394,0.0846305124095849,0.15833391435602073,-0.1569301649133794,0.0916479526319271,0.14930569175721484,-0.20278532898178495,1784980903.050442,0.18,0.17051143376855787,1784980903.0279784,17420.607421875,nan,nan,48.3551139831543,nan
9.202839851379395,1784980903.0961368,BSMC,circle,circle_dist_bsmc_30cm_yawfree_p02_manual,1784980903.063676,0.966016838260768,0.5031670608953344,2.31825422941363,0.1793953059478562,0.4079613643720176,1784980903.035141,0.968770130628749,0.49413228201638354,2.337214226609454,0.06099581718444824,0,0,1784980903.0904195,0.795331654961471,0.46024917528351994,2.1387480437839805,1784980903.0904741,0.08455097710892961,0.15435837837068864,-0.17950618562964937,0.09588046235610466,0.1484449618614226,-0.19846618282547368,1784980903.0905266,0.18,0.1585928751442025,1784980903.0779238,17420.65625,nan,nan,49.95375061035156,nan
9.242560386657715,1784980903.1358573,BSMC,circle,circle_dist_bsmc_30cm_yawfree_p02_manual,1784980903.1136906,0.9598630876920244,0.5098395286355347,2.3361074487696634,0.1801450752212486,0.39948882976166245,1784980903.035141,0.968770130628749,0.49413228201638354,2.337214226609454,0.10071635246276855,0,0,1784980903.13004,0.7930077533706951,0.46387395008814286,2.143053800352889,1784980903.130081,0.08244208358808075,0.1521737160495693,-0.19305364841677441,0.10010351219380381,0.14760510410194838,-0.19416042625656527,1784980903.130211,0.18,0.15203829126644086,1784980903.1292293,17420.70703125,nan,nan,51.13091278076172,nan
9.283065557479858,1784980903.1763625,BSMC,circle,circle_dist_bsmc_30cm_yawfree_p02_manual,1784980903.1646717,0.9530937393939332,0.5154737640001144,2.361583297399544,0.1795250217875432,0.40067602314126666,1784980903.1538846,0.9531388144070368,0.5103489373164116,2.3831286930112574,0.02247786521911621,0,0,1784980903.1700234,0.7906562359936775,0.4675071847682283,2.147381623991805,1784980903.1700685,0.08174372437303462,0.14833980841211242,-0.214201673407739,0.08847815744838791,0.14285524037917377,-0.2357470690194523,1784980903.1701047,0.18,0.1404110688194937,1784980903.1292293,17420.70703125,nan,nan,51.13091278076172,nan
9.322843790054321,1784980903.2161407,BSMC,circle,circle_dist_bsmc_30cm_yawfree_p02_manual,1784980903.2137792,0.9469196209751659,0.5216206258141429,2.3782587800163206,0.17872481508017743,0.39065067001228293,1784980903.1538846,0.9531388144070368,0.5103489373164116,2.3831286930112574,0.0622560977935791,0,0,1784980903.2106469,0.7882679187229544,0.47116234545229363,2.1517478911960897,1784980903.2106872,0.0860122193335715,0.14742099951803128,-0.20983540620345442,0.09272586715129971,0.14184468543669893,-0.23138080181516774,1784980903.210728,0.18,0.1414329654843101,1784980903.1778345,17420.755859375,nan,nan,48.824745178222656,nan
9.36319637298584,1784980903.2564933,BSMC,circle,circle_dist_bsmc_30cm_yawfree_p02_manual,1784980903.2137792,0.9469196209751659,0.5216206258141429,2.3782587800163206,0.17872481508017743,0.39065067001228293,1784980903.2323117,0.9417713611347505,0.5212123626704646,2.410253483913175,0.024181604385375977,0,0,1784980903.2507663,0.7858999523592927,0.47475229023555926,2.1560484721744833,1784980903.2508423,0.08394070034425208,0.14518241417881453,-0.22221030784183737,0.08498293160439278,0.1386806970714584,-0.2542050117386916,1784980903.2509055,0.18,0.1351261850696298,1784980903.2512188,17420.830078125,nan,nan,73.0382080078125,nan
9.403215408325195,1784980903.2965124,BSMC,circle,circle_dist_bsmc_30cm_yawfree_p02_manual,1784980903.2637393,0.9399846858776993,0.5271584308811044,2.400792786712966,0.17782131972292445,0.3874515044922554,1784980903.2323117,0.9417713611347505,0.5212123626704646,2.410253483913175,0.06420063972473145,0,0,1784980903.2901752,0.7835184874697536,0.4783291502870543,2.1603456027592003,1784980903.2902176,0.08250711709400044,0.14162819463794635,-0.24044718395376563,0.08914427653774595,0.13760901092629071,-0.24990788115397453,1784980903.2902646,0.18,0.1250269379316145,1784980903.2807634,17420.859375,nan,nan,29.857877731323242,nan
9.443113088607788,1784980903.33641,BSMC,circle,circle_dist_bsmc_30cm_yawfree_p02_manual,1784980903.313968,0.933394805330326,0.5332258253197306,2.417196343601972,0.17801142185318075,0.37731050556739065,1784980903.2323117,0.9417713611347505,0.5212123626704646,2.410253483913175,0.10409832000732422,0,0,1784980903.3305986,0.781106761757401,0.4819178314118538,2.1646693837726887,1784980903.3306425,0.0800474980768183,0.13934330448845256,-0.2525269598292832,0.09333603892115938,0.13654873678810053,-0.24558410014048615,1784980903.3306947,0.18,0.11892511376681511,1784980903.3286417,17420.908203125,nan,nan,47.77410125732422,nan
9.482403993606567,1784980903.375701,BSMC,circle,circle_dist_bsmc_30cm_yawfree_p02_manual,1784980903.3639479,0.9262833704448786,0.5389080171990924,2.4353302356630384,0.17943527077267776,0.3703001060800702,1784980903.3532653,0.9261265478924299,0.5360085193891546,2.439711163978049,0.022435665130615234,0,0,1784980903.3710692,0.7786367333594518,0.48555886203994186,2.1690691764438923,1784980903.3711166,0.07770518316205474,0.13640955358251994,-0.2662610592191461,0.0800543588043515,0.13375243158181982,-0.27064198753415664,1784980903.3711689,0.18,0.11162737803250805,1784980903.3286417,17420.908203125,nan,nan,47.77410125732422,nan
9.52268099784851,1784980903.415978,BSMC,circle,circle_dist_bsmc_30cm_yawfree_p02_manual,1784980903.4142087,0.9192003427051506,0.5449892032522157,2.4511166133199436,0.18188710310944733,0.360819763025627,1784980903.3532653,0.9261265478924299,0.5360085193891546,2.439711163978049,0.0627126693725586,0,0,1784980903.410457,0.7762292998300454,0.48907475345243273,2.173330309637862,1784980903.4104943,0.08181853658270839,0.13529710032069983,-0.2619999260251764,0.08416279918982839,0.13262196874655285,-0.2663808543401869,1784980903.4105349,0.18,0.11244820110825493,1784980903.3848963,17420.962890625,nan,nan,56.10015106201172,nan
9.562542200088501,1784980903.4558392,BSMC,circle,circle_dist_bsmc_30cm_yawfree_p02_manual,1784980903.4142087,0.9192003427051506,0.5449892032522157,2.4511166133199436,0.18188710310944733,0.360819763025627,1784980903.4329257,0.9138148266576535,0.546816762576369,2.4542165719819264,0.022913455963134766,0,0,1784980903.4506817,0.7737626196119699,0.4926441486587443,2.1776691024387653,1784980903.45072,0.07878539354797402,0.13298495329326948,-0.2734475108811782,0.07387511665052084,0.13073545784104243,-0.2765474695431611,1784980903.4507618,0.18,0.10689921471780388,1784980903.4327354,17421.01171875,nan,nan,48.01803970336914,nan
9.60342788696289,1784980903.4967248,BSMC,circle,circle_dist_bsmc_30cm_yawfree_p02_manual,1784980903.4641976,0.9116951103643214,0.5509125345164911,2.4658130208906304,0.18361545256558898,0.35061134746537953,1784980903.4329257,0.9138148266576535,0.546816762576369,2.4542165719819264,0.06379914283752441,0,0,1784980903.4905293,0.7712921785659415,0.4961861065478931,2.181987501868087,1784980903.4905665,0.07531341091229293,0.13052147452637358,-0.2838255190225434,0.07803196641130947,0.12956535326595647,-0.27222907011383946,1784980903.4906054,0.18,0.10153465764186982,1784980903.4887033,17421.068359375,nan,nan,56.09164810180664,nan
9.642369985580444,1784980903.535667,BSMC,circle,circle_dist_bsmc_30cm_yawfree_p02_manual,1784980903.514351,0.9046025797287363,0.5566428534280277,2.4800405392842086,0.18285596118635267,0.3392783438630751,1784980903.4329257,0.9138148266576535,0.546816762576369,2.4542165719819264,0.10274124145507812,0,0,1784980903.5305433,0.7688244684800447,0.49969190311735434,2.1862747190082845,1784980903.530624,0.07214693760622984,0.12835079130879412,-0.2937658202759241,0.08216376060972047,0.1284214654408355,-0.2679418529736419,1784980903.5306778,0.18,0.09633005252258904,1784980903.5347316,17421.11328125,nan,nan,45.92056655883789,nan
9.683326482772827,1784980903.5766234,BSMC,circle,circle_dist_bsmc_30cm_yawfree_p02_manual,1784980903.563951,0.8970240927094336,0.5624672550333948,2.490695372318017,0.1809352587657941,0.32328635913603326,1784980903.5516846,0.8945510377747254,0.5624600567825598,2.480386522352662,0.02493882179260254,0,0,1784980903.5703194,0.766313512585455,0.5032266601207358,2.1906105506504354,1784980903.570356,0.06809164999553727,0.12632589221073423,-0.3000848216675816,0.06483833657394966,0.12549680576448544,-0.2897759717022268,1784980903.5703945,0.18,0.09279999301845428,1784980903.5347316,17421.11328125,nan,nan,45.92056655883789,nan
9.723330974578857,1784980903.616628,BSMC,circle,circle_dist_bsmc_30cm_yawfree_p02_manual,1784980903.6138067,0.8900862480617768,0.5678007795703376,2.503210780310373,0.1788165040969815,0.31110532202242874,1784980903.5516846,0.8945510377747254,0.5624600567825598,2.480386522352662,0.06494331359863281,0,0,1784980903.6104133,0.7637981338198795,0.5067353900587361,2.1949277656162556,1784980903.61045,0.07221867669444432,0.12505862478093252,-0.2957676067017614,0.06897820781871768,0.12427214981734319,-0.2854587567364067,1784980903.610491,0.18,0.0935201610604494,1784980903.5878239,17421.166015625,nan,nan,52.99235534667969,nan
9.763080835342407,1784980903.6563778,BSMC,circle,circle_dist_bsmc_30cm_yawfree_p02_manual,1784980903.6138067,0.8900862480617768,0.5678007795703376,2.503210780310373,0.1788165040969815,0.31110532202242874,1784980903.6346657,0.882626238828267,0.5718399983136286,2.4967930502590883,0.021712064743041992,0,0,1784980903.6504114,0.7612738824314778,0.5102246252530401,2.199234346159774,1784980903.650456,0.06913474874487463,0.12299603896559498,-0.30397643415059905,0.05995405964461736,0.1221816652881213,-0.2975587040993144,1784980903.650505,0.18,0.08902748901219307,1784980903.6291766,17421.20703125,nan,nan,41.42015075683594,nan
9.80243444442749,1784980903.6957314,BSMC,circle,circle_dist_bsmc_30cm_yawfree_p02_manual,1784980903.663768,0.8823980056505114,0.5735124298854167,2.5129566124099307,0.17833929793589257,0.2969886389535599,1784980903.6346657,0.882626238828267,0.5718399983136286,2.4967930502590883,0.061065673828125,0,0,1784980903.6907296,0.7587016904498813,0.5137478696112254,2.2035966222370442,1784980903.6907668,0.06490525373134295,0.12107802896087738,-0.3093599901728865,0.06412741227191396,0.12091180299404766,-0.29319642802204404,1784980903.6908062,0.17991562663729896,0.08621834356004404,1784980903.680743,17421.259765625,nan,nan,51.620792388916016,nan
9.84312915802002,1784980903.736426,BSMC,circle,circle_dist_bsmc_30cm_yawfree_p02_manual,1784980903.7142317,0.8751203453299123,0.5788454397014858,2.5250866583063236,0.1784808559309281,0.2874957614078942,1784980903.6346657,0.882626238828267,0.5718399983136286,2.4967930502590883,0.1017603874206543,0,0,1784980903.7302952,0.7561592340892145,0.5171989472502693,2.207883118399459,1784980903.7303278,0.06141754427529835,0.11907947461402137,-0.3172035399068647,0.0682336246280075,0.11968174555503582,-0.2889099318596293,1784980903.730366,0.17551465389730234,0.08217446130388349,1784980903.7295923,17421.30859375,nan,nan,48.88060760498047,nan
9.882545709609985,1784980903.7758427,BSMC,circle,circle_dist_bsmc_30cm_yawfree_p02_manual,1784980903.7637355,0.8670210763693521,0.5847837414311576,2.534121774275348,0.18096362037157163,0.27588758829072824,1784980903.753555,0.8645644938760166,0.5863087993850282,2.5232082353332537,0.022287607192993164,0,0,1784980903.7704954,0.7535871876122937,0.5206589429736983,2.2121943852985675,1784980903.7705443,0.056537950249660116,0.11739973201556056,-0.32192738897678064,0.05236759334950862,0.11782827045815827,-0.31101385003468623,1784980903.7706044,0.16956230217342486,0.08031798909681698,1784980903.7295923,17421.30859375,nan,nan,48.88060760498047,nan
9.922826528549194,1784980903.8161235,BSMC,circle,circle_dist_bsmc_30cm_yawfree_p02_manual,1784980903.8137164,0.85939206535036,0.5901109680510837,2.5458273018203377,0.1829202594533889,0.268864732368677,1784980903.753555,0.8645644938760166,0.5863087993850282,2.5232082353332537,0.06256842613220215,0,0,1784980903.810683,0.7509751300711591,0.5241411534607898,2.2165473916614826,1784980903.8107264,0.06067031578827393,0.11603145224523395,-0.3175743826138655,0.05651464527530987,0.11650517000871524,-0.30666084367177104,1784980903.810776,0.17461519428295472,0.08097135936094396,1784980903.7827258,17421.361328125,nan,nan,53.08671951293945,nan
9.962581872940063,1784980903.8558788,BSMC,circle,circle_dist_bsmc_30cm_yawfree_p02_manual,1784980903.8137164,0.85939206535036,0.5901109680510837,2.5458273018203377,0.1829202594533889,0.268864732368677,1784980903.8410695,0.8513096140332557,0.5957866303575141,2.5430793929301068,0.014809370040893555,0,0,1784980903.8502731,0.748389939446313,0.5275567200747477,2.2208310039127643,1784980903.8503108,0.05677675682782294,0.11406535748954222,-0.32499629790757334,0.04658783698214884,0.11435625701989915,-0.32224838901734243,1784980903.8503504,0.16974041647467347,0.0773071913392439,1784980903.8298504,17421.408203125,nan,nan,47.17421340942383,nan
10.00271463394165,1784980903.8960116,BSMC,circle,circle_dist_bsmc_30cm_yawfree_p02_manual,1784980903.8642106,0.8511580324696658,0.5958633491481126,2.555213350114746,0.18368433866155698,0.25935255712378236,1784980903.8410695,0.8513096140332557,0.5957866303575141,2.5430793929301068,0.05494213104248047,0,0,1784980903.8903148,0.7457611642245117,0.5309989577404693,2.225162226446944,1784980903.890352,0.05189765066803365,0.11235000206368075,-0.33005112366780187,0.05069907080638514,0.11299345998566232,-0.3179171664831628,1784980903.8903935,0.16377329515354308,0.07481394908996204,1784980903.8837311,17421.462890625,nan,nan,53.844661712646484,nan
10.042885780334473,1784980903.9361827,BSMC,circle,circle_dist_bsmc_30cm_yawfree_p02_manual,1784980903.914013,0.8437396604491051,0.600810198606613,2.566015646638329,0.1818994700069617,0.252245903529772,1784980903.8410695,0.8513096140332557,0.5957866303575141,2.5430793929301068,0.09511327743530273,0,0,1784980903.9302127,0.7431359128149548,0.5344059939887261,2.2294633739078815,1784980903.930258,0.04824924252182425,0.11046557393613707,-0.3365522727304473,0.054787560348675116,0.11165776008564689,-0.31361601902222525,1784980903.9303055,0.15921292479621252,0.07081908428748443,1784980903.9307237,17421.509765625,nan,nan,47.06918716430664,nan
10.083408117294312,1784980903.976705,BSMC,circle,circle_dist_bsmc_30cm_yawfree_p02_manual,1784980903.9639192,0.8354522995767941,0.6063876017989915,2.5756590077386705,0.17946589192312243,0.24401184293492514,1784980903.9536908,0.8315359015913973,0.6096537686485063,2.571913202721614,0.023014307022094727,0,0,1784980903.9701939,0.7404769982471411,0.5378260808326566,2.2337954461658773,1784980903.9702284,0.04340457414002635,0.10879812941222168,-0.3418635615727932,0.03793719066634219,0.10959794788031099,-0.3381177565557367,1784980903.9702675,0.15327143745828337,0.06737763145869446,1784980903.9307237,17421.509765625,nan,nan,47.06918716430664,nan
10.122393608093262,1784980904.0156906,BSMC,circle,circle_dist_bsmc_30cm_yawfree_p02_manual,1784980904.013807,0.8283371012850402,0.6109245681328519,2.5856002342059954,0.17539697271888094,0.23640913291131507,1784980903.9536908,0.8315359015913973,0.6096537686485063,2.571913202721614,0.06199979782104492,0,0,1784980904.0102181,0.7378177463276486,0.5412162724147951,2.2381041638935386,1784980904.0102544,0.04746705241309652,0.1073624100748302,-0.3375548438451319,0.04200501835113796,0.10817745583114768,-0.33380903882807544,1784980904.0102947,0.15824865685685596,0.0679536169128658,1784980903.9862533,17421.564453125,nan,nan,55.2856330871582,nan
10.163179636001587,1784980904.0564766,BSMC,circle,circle_dist_bsmc_30cm_yawfree_p02_manual,1784980904.013807,0.8283371012850402,0.6109245681328519,2.5856002342059954,0.17539697271888094,0.23640913291131507,1784980904.0326643,0.8189986857020664,0.6181149945780667,2.5889397960681375,0.023812294006347656,0,0,1784980904.0503538,0.7351294111823576,0.5446132164325713,2.242436184653121,1784980904.0503912,0.044170238900121436,0.10551710218776014,-0.3431640495528745,0.03279952844406125,0.10658685440925209,-0.3465036114150166,1784980904.0504305,0.15413310965793334,0.06393950561064106,1784980904.030716,17421.609375,nan,nan,44.57620620727539,nan
10.202373743057251,1784980904.0956707,BSMC,circle,circle_dist_bsmc_30cm_yawfree_p02_manual,1784980904.0637655,0.8202280517672114,0.6161950829313121,2.594847460771302,0.17230788134387393,0.2279605117083605,1784980904.0326643,0.8189986857020664,0.6181149945780667,2.5889397960681375,0.06300640106201172,0,0,1784980904.0905921,0.7324142223733184,0.548013648208099,2.2467876460636433,1784980904.0906312,0.03956425236582692,0.10389728874455131,-0.3480598147076588,0.03689556692800544,0.10511795847461346,-0.34215215000449417,1784980904.0906768,0.14848668036195753,0.060686648415653244,1784980904.0883884,17421.66796875,nan,nan,57.573970794677734,nan
10.242530107498169,1784980904.135827,BSMC,circle,circle_dist_bsmc_30cm_yawfree_p02_manual,1784980904.114405,0.8132528644053151,0.6204681155438438,2.60378742331501,0.1680488065411939,0.21916833110181774,1784980904.0326643,0.8189986857020664,0.6181149945780667,2.5889397960681375,0.10316276550292969,0,0,1784980904.1312678,0.7297203012623558,0.5513576954223314,2.2510818154896075,1784980904.1313684,0.03633872053138608,0.10214419545302739,-0.3527056078254023,0.040943904824643204,0.10368588899384362,-0.33785798057853,1784980904.131425,0.1444857463745391,0.05738858028937229,1784980904.131509,17421.708984375,nan,nan,42.49998092651367,nan
10.282887935638428,1784980904.176185,BSMC,circle,circle_dist_bsmc_30cm_yawfree_p02_manual,1784980904.1639183,0.8052173852722504,0.6255922191827114,2.611958946860527,0.16493486480483519,0.21046982017783147,1784980904.1569798,0.799328924031456,0.6308137842720068,2.6118734706117683,0.019205093383789062,0,0,1784980904.1706061,0.7269808470211523,0.5547283623690367,2.2554253203953083,1784980904.1706467,0.031715877117855236,0.1006814047313089,-0.35653362646521863,0.023987419396556797,0.10221467303638698,-0.35644815021646,1784980904.1706898,0.13885487589627363,0.05484076919077703,1784980904.131509,17421.708984375,nan,nan,42.49998092651367,nan
10.322254180908203,1784980904.2155511,BSMC,circle,circle_dist_bsmc_30cm_yawfree_p02_manual,1784980904.213931,0.7986327205951373,0.6294758983928744,2.619836470011947,0.16050394771398932,0.20166521414697963,1784980904.1569798,0.799328924031456,0.6308137842720068,2.6118734706117683,0.05857133865356445,0,0,1784980904.2111506,0.7242104243597736,0.558106954442105,2.2597945487583457,1784980904.2111943,0.03581365327982969,0.09916537153733362,-0.35216439810218114,0.028085325128391958,0.10069899011048405,-0.3520789218534226,1784980904.2112422,0.14388266778548664,0.05537796320137149,1784980904.1806054,17421.759765625,nan,nan,49.886722564697266,nan
10.362805128097534,1784980904.256102,BSMC,circle,circle_dist_bsmc_30cm_yawfree_p02_manual,1784980904.213931,0.7986327205951373,0.6294758983928744,2.619836470011947,0.16050394771398932,0.20166521414697963,1784980904.235032,0.785514270592836,0.639672151868704,2.6253186001382898,0.021070003509521484,0,0,1784980904.2510743,0.7214629353341807,0.5614280779920537,2.264104837187606,1784980904.2511227,0.03298671071178976,0.09745541819181325,-0.35573163282434095,0.017078513678688116,0.0996646026217845,-0.36121376295068375,1784980904.251174,0.1403935539864896,0.05265285990669871,1784980904.230478,17421.80859375,nan,nan,49.890953063964844,nan
10.402730941772461,1784980904.296028,BSMC,circle,circle_dist_bsmc_30cm_yawfree_p02_manual,1784980904.2639065,0.7903532985862152,0.6346137834231819,2.6280141714418,0.1576609206388285,0.19428911601286927,1784980904.235032,0.785514270592836,0.639672151868704,2.6253186001382898,0.06099581718444824,0,0,1784980904.2903633,0.718728631026789,0.5647045502881525,2.2683723561847984,1784980904.290399,0.028038300164690312,0.09607938178610922,-0.3596418152570018,0.02107384949580631,0.09816494183981546,-0.3569462439534914,1784980904.29044,0.13437194012813589,0.05001662113533445,1784980904.2814088,17421.859375,nan,nan,50.488800048828125,nan
10.44252610206604,1784980904.335823,BSMC,circle,circle_dist_bsmc_30cm_yawfree_p02_manual,1784980904.3140345,0.7837559270785142,0.6383373387369021,2.6365436472943475,0.15518875760137998,0.19024649588348752,1784980904.235032,0.785514270592836,0.639672151868704,2.6253186001382898,0.10079097747802734,0,0,1784980904.3303032,0.7159637778757566,0.5679889480139831,2.27266557289012,1784980904.3303483,0.025290259170094788,0.09436670155273444,-0.3638780744042273,0.025099664892645444,0.09667346882336889,-0.3526530272481696,1784980904.3303928,0.13094809115794115,0.046521303527689496,1784980904.330972,17421.91015625,nan,nan,50.207462310791016,nan
10.483074188232422,1784980904.3763711,BSMC,circle,circle_dist_bsmc_30cm_yawfree_p02_manual,1784980904.364588,0.774985641859343,0.6437184570253874,2.643739653578365,0.15403530330831552,0.18507157956638254,1784980904.3547094,0.7654218463504993,0.6516901685488424,2.638302918741115,0.021661758422851562,0,0,1784980904.3706782,0.7131406521705935,0.5713132633605803,2.277026896246749,1784980904.370737,0.019761222652474014,0.09314939022086569,-0.3667127573316158,0.007031777829938982,0.09562596014195239,-0.3612760224943661,1784980904.370798,0.12427576185879648,0.04439578005757572,1784980904.330972,17421.91015625,nan,nan,50.207462310791016,nan
10.522746086120605,1784980904.416043,BSMC,circle,circle_dist_bsmc_30cm_yawfree_p02_manual,1784980904.4137032,0.7690326083445447,0.6469678614966143,2.6507900590456934,0.1480266214023377,0.17819183729462137,1784980904.3547094,0.7654218463504993,0.6516901685488424,2.638302918741115,0.061333656311035156,0,0,1784980904.4106233,0.7103269715958338,0.5745974415226867,2.28135155273326,1784980904.4106586,0.02380167747350328,0.09160752465718709,-0.36238810084510487,0.011080555609988711,0.09410608413878238,-0.35695136600785515,1784980904.4106987,0.12923830321223548,0.0448894672300752,1784980904.3816116,17421.9609375,nan,nan,50.3934211730957,nan
10.562717199325562,1784980904.4560142,BSMC,circle,circle_dist_bsmc_30cm_yawfree_p02_manual,1784980904.4137032,0.7690326083445447,0.6469678614966143,2.6507900590456934,0.1480266214023377,0.17819183729462137,1784980904.4314737,0.7519809907195777,0.6595257814867098,2.6439583119834555,0.024540424346923828,0,0,1784980904.4503753,0.707528078563639,0.5778360524131281,2.2856320235813437,1784980904.4504244,0.021660053863169042,0.08996030389772217,-0.3651580354643498,6.696780465551e-05,0.09300144488432387,-0.3583262884021119,1784980904.45053,0.126589756531645,0.041698332576181454,1784980904.4319615,17422.009765625,nan,nan,50.209354400634766,nan
10.603168725967407,1784980904.4964657,BSMC,circle,circle_dist_bsmc_30cm_yawfree_p02_manual,1784980904.4637094,0.7607384926347612,0.6520130176537098,2.6551749733020626,0.14347290596302503,0.16752236548575605,1784980904.4314737,0.7519809907195777,0.6595257814867098,2.6439583119834555,0.06499195098876953,0,0,1784980904.490352,0.7046907706752703,0.5810907246882224,2.289949805029708,1784980904.4903975,0.016393439530810405,0.08889642240653153,-0.36522516827235485,0.004113762464440174,0.09149590157601115,-0.35400850695374775,1784980904.490447,0.12033569601660488,0.04136968196136695,1784980904.4836156,17422.0625,nan,nan,51.7950439453125,nan
10.642348527908325,1784980904.5356455,BSMC,circle,circle_dist_bsmc_30cm_yawfree_p02_manual,1784980904.5138466,0.7547239066320218,0.6552013888055237,2.6621163897827276,0.14053118304903017,0.16263994016310354,1784980904.4314737,0.7519809907195777,0.6595257814867098,2.6439583119834555,0.1041717529296875,0,0,1784980904.5304947,0.7018185719722791,0.584356737859494,2.294299103506881,1784980904.5305316,0.014257882932188826,0.08726197211509804,-0.3678172862758466,0.008196629736334268,0.08999704792589053,-0.3496592084765746,1784980904.5305731,0.11770046515987229,0.03884798671566089,1784980904.5315356,17422.111328125,nan,nan,48.10883331298828,nan
10.683053731918335,1784980904.5763507,BSMC,circle,circle_dist_bsmc_30cm_yawfree_p02_manual,1784980904.5637486,0.7453843132178939,0.6607276841684575,2.6672740804542436,0.1419361645959618,0.15677034214123708,1784980904.5548956,0.730943185899249,0.6715614658649707,2.660592526441054,0.021455049514770508,0,0,1784980904.5703595,0.6989703602718739,0.5875673948759037,2.298591032751876,1784980904.5703988,0.007875374440696546,0.08628245148849416,-0.3686830477023677,-0.010516251673333792,0.08925622662121709,-0.3620014936891782,1784980904.5704405,0.1100907683235977,0.03915698471674401,1784980904.5315356,17422.111328125,nan,nan,48.10883331298828,nan
10.722291231155396,1784980904.6155882,BSMC,circle,circle_dist_bsmc_30cm_yawfree_p02_manual,1784980904.6143317,0.7394248208280485,0.663803000061567,2.6732644765311377,0.13836213213932214,0.15027952872385789,1784980904.5548956,0.730943185899249,0.6715614658649707,2.660592526441054,0.060692548751831055,0,0,1784980904.6112063,0.6960563799396371,0.5908236726834083,2.302960776099044,1784980904.6112547,0.011954910885453203,0.08471656230588515,-0.3643133043551998,-0.006426343794640323,0.08771762983189549,-0.35763175034201033,1784980904.6113017,0.11510229411524564,0.039652089640940184,1784980904.5814588,17422.16015625,nan,nan,49.89686965942383,nan
10.763469934463501,1784980904.656767,BSMC,circle,circle_dist_bsmc_30cm_yawfree_p02_manual,1784980904.6143317,0.7394248208280485,0.663803000061567,2.6732644765311377,0.13836213213932214,0.15027952872385789,1784980904.637272,0.7157743595174846,0.6795173763364534,2.664747609077659,0.019495010375976562,0,0,1784980904.650253,0.6931967746302785,0.5939915500630957,2.307228423842269,1784980904.6502912,0.00973785669502867,0.08316155934768964,-0.36603605268886863,-0.01919551482838559,0.08634782284199635,-0.35751918523539006,1784980904.650332,0.11240420759065298,0.03801475762034722,1784980904.6319118,17422.2109375,nan,nan,50.2911491394043,nan
10.802485227584839,1784980904.6957822,BSMC,circle,circle_dist_bsmc_30cm_yawfree_p02_manual,1784980904.664067,0.7302170177728394,0.6691233723332048,2.676555084783361,0.13679867679425586,0.14190206982101483,1784980904.637272,0.7157743595174846,0.6795173763364534,2.664747609077659,0.05851030349731445,0,0,1784980904.6905367,0.6902676716596488,0.5972084386266494,2.3115790612781817,1784980904.6905828,0.0034562031421541822,0.08219344623952649,-0.3649760235051791,-0.01511667837908167,0.08483418171454749,-0.3531685477994775,1784980904.6906354,0.10498880361295784,0.0392141125947583,1784980904.6822045,17422.26171875,nan,nan,50.289390563964844,nan
10.84249997138977,1784980904.735797,BSMC,circle,circle_dist_bsmc_30cm_yawfree_p02_manual,1784980904.71374,0.7247354579896705,0.6718752170033943,2.6825013389385997,0.13179752437060374,0.1382149229636355,1784980904.637272,0.7157743595174846,0.6795173763364534,2.664747609077659,0.0985250473022461,0,0,1784980904.7302825,0.6873675155575021,0.6003660328335185,2.315866407164412,1784980904.730324,0.0018105699501055478,0.0806637984396398,-0.3666349317741875,-0.01109077453185196,0.08335993451514945,-0.348881201913247,1784980904.7303708,0.10297135045500275,0.03602772328108232,1784980904.7325172,17422.310546875,nan,nan,50.08684539794922,nan
10.882341623306274,1784980904.7756386,BSMC,circle,circle_dist_bsmc_30cm_yawfree_p02_manual,1784980904.7639968,0.7151328281975903,0.6772740347534105,2.687341042219868,0.12855081583780928,0.13168296882557215,1784980904.7537405,0.6950345044579425,0.6909034684804298,2.6866930454729294,0.02189803123474121,0,0,1784980904.7705288,0.6844075423563555,0.6035609309528013,2.3202217309559163,1784980904.7705731,-0.004735144258113246,0.07971977967104421,-0.36711931126395164,-0.028829622355888318,0.08312944159616756,-0.3664713145170131,1784980904.7706215,0.09518282291100637,0.035302112580566286,1784980904.7325172,17422.310546875,nan,nan,50.08684539794922,nan
10.922468900680542,1784980904.8157659,BSMC,circle,circle_dist_bsmc_30cm_yawfree_p02_manual,1784980904.8143435,0.7097984552835966,0.6798833813002942,2.6926933903865287,0.12441813016258109,0.12736760121702656,1784980904.7537405,0.6950345044579425,0.6909034684804298,2.6866930454729294,0.06202530860900879,0,0,1784980904.810337,0.6814818789031913,0.606691558814024,2.3245066306675253,1784980904.8103776,-0.0007324852961704438,0.07819038152764811,-0.3628344115523427,-0.02482597318935096,0.08160263748367336,-0.3621864148054042,1784980904.810422,0.10009915409831927,0.0357871204349436,1784980904.785204,17422.36328125,nan,nan,52.79523468017578,nan
10.963418006896973,1784980904.856715,BSMC,circle,circle_dist_bsmc_30cm_yawfree_p02_manual,1784980904.8143435,0.7097984552835966,0.6798833813002942,2.6926933903865287,0.12441813016258109,0.12736760121702656,1784980904.8425038,0.6821714782572017,0.6978345151356173,2.700598857811792,0.014211177825927734,0,0,1784980904.8504374,0.6785050690425993,0.6098495067492358,2.3288464534366904,1784980904.850477,-0.0021998841487483253,0.0766758118104642,-0.3638469369498383,-0.03423974336702989,0.08113226381311253,-0.3717524043751017,1784980904.8505208,0.09831848782964886,0.03360277380206959,1784980904.8335724,17422.412109375,nan,nan,47.738609313964844,nan
11.00252103805542,1784980904.895818,BSMC,circle,circle_dist_bsmc_30cm_yawfree_p02_manual,1784980904.8637812,0.7004245305387817,0.6850267769742001,2.698533378621312,0.12397441265261054,0.12391096626651252,1784980904.8425038,0.6821714782572017,0.6978345151356173,2.700598857811792,0.053314208984375,0,0,1784980904.8907683,0.6754993948381369,0.613010408756041,2.333208266028243,1784980904.8908083,-0.008355329054443524,0.07574832115249165,-0.365325112593069,-0.030172433933602742,0.07955670902423646,-0.36739059178354916,1784980904.8908525,0.09095505202592244,0.03264457506365566,1784980904.8826659,17422.4609375,nan,nan,49.829978942871094,nan
11.04220724105835,1784980904.9355042,BSMC,circle,circle_dist_bsmc_30cm_yawfree_p02_manual,1784980904.9139078,0.6954218811969947,0.6874083614448143,2.703188014214665,0.11886560296346016,0.11868360758740577,1784980904.8425038,0.6821714782572017,0.6978345151356173,2.700598857811792,0.09300041198730469,0,0,1784980904.9315162,0.6724848213233553,0.6161531267361009,2.337563074835616,1784980904.9315944,-0.009479624793330359,0.07425330903615293,-0.3656249393790487,-0.026104838246141723,0.07800139712575327,-0.3630357829761759,1784980904.9316444,0.08960894013691167,0.030816216848397464,1784980904.9353065,17422.513671875,nan,nan,52.83260726928711,nan
11.082751035690308,1784980904.976048,BSMC,circle,circle_dist_bsmc_30cm_yawfree_p02_manual,1784980904.9639063,0.6858982508115382,0.6925943073935611,2.707776319710797,0.11575318677952304,0.11437275411498361,1784980904.9555516,0.6631937629252644,0.7074928256955755,2.70781614119723,0.020496368408203125,0,0,1784980904.9704561,0.6695301636750315,0.6192069745727873,2.341812311896163,1784980904.9704943,-0.015995505443311898,0.07346944059041337,-0.3659640078146338,-0.04285614577741452,0.07744606027450181,-0.366003829301067,1784980904.9705386,0.08186149136718465,0.0295293967435011,1784980904.9353065,17422.513671875,nan,nan,52.83260726928711,nan
11.122397899627686,1784980905.0156949,BSMC,circle,circle_dist_bsmc_30cm_yawfree_p02_manual,1784980905.0138505,0.681563189353215,0.6946030402959097,2.7122775009953815,0.10804144901945546,0.11027424773106767,1784980904.9555516,0.6631937629252644,0.7074928256955755,2.70781614119723,0.060143232345581055,0,0,1784980905.0102339,0.666534837802333,0.6222765246386959,2.3461011512363728,1784980905.010274,-0.011987397480910371,0.07194327374091437,-0.36167516847442416,-0.038848098592423407,0.07591973381739606,-0.3617149899608574,1784980905.0103197,0.08678394153830114,0.030019083106708224,1784980904.9828172,17422.5625,nan,nan,47.353790283203125,nan
11.162443399429321,1784980905.0557404,BSMC,circle,circle_dist_bsmc_30cm_yawfree_p02_manual,1784980905.0138505,0.681563189353215,0.6946030402959097,2.7122775009953815,0.10804144901945546,0.11027424773106767,1784980905.0360994,0.6513148260989359,0.7134275273715807,2.7142630927243876,0.01964092254638672,0,0,1784980905.050162,0.6635081463145297,0.625351640811419,2.3504159200275714,1784980905.0502014,-0.012409204044862999,0.07048228546707498,-0.36186158096781007,-0.04759918978458243,0.07510230344729629,-0.36384717269681616,1784980905.050243,0.0862761316599458,0.02619831874239869,1784980905.0336707,17422.61328125,nan,nan,50.82636260986328,nan
11.204086542129517,1784980905.0973835,BSMC,circle,circle_dist_bsmc_30cm_yawfree_p02_manual,1784980905.0638185,0.6726928135276034,0.6993672450483445,2.716361915446864,0.10377229650520975,0.10574900825191676,1784980905.0360994,0.6513148260989359,0.7134275273715807,2.7142630927243876,0.06128406524658203,0,0,1784980905.0902288,0.6604575787978411,0.6284243357771606,2.354745752104598,1784980905.0902731,-0.018120539626776233,0.06967240047813938,-0.3616161633422661,-0.043549488519124976,0.07357020156200215,-0.35951734061978957,1784980905.090322,0.07950615650962353,0.02464664599152214,1784980905.0839493,17422.662109375,nan,nan,50.09605407714844,nan
11.242821216583252,1784980905.1361182,BSMC,circle,circle_dist_bsmc_30cm_yawfree_p02_manual,1784980905.1140604,0.6686885149269619,0.7011859341996156,2.720223234112123,0.0975256338890085,0.10086590672899569,1784980905.0360994,0.6513148260989359,0.7134275273715807,2.7142630927243876,0.10001873970031738,0,0,1784980905.1303027,0.6574048558084751,0.6314727371117672,2.3590599029148396,1784980905.1303463,-0.018216753704560103,0.06823049681615106,-0.36116333119728333,-0.039507893910903646,0.07206110203929625,-0.355203189809548,1784980905.1303945,0.0794092422708433,0.02228828378535343,1784980905.1336744,17422.712890625,nan,nan,50.131221771240234,nan
11.282692909240723,1784980905.1759899,BSMC,circle,circle_dist_bsmc_30cm_yawfree_p02_manual,1784980905.16382,0.6592652538341705,0.7061370642955359,2.723643174364444,0.09697834260511934,0.09543597581276242,1784980905.1544437,0.6337237398680495,0.7218859056951545,2.7242715702017852,0.021546125411987305,0,0,1784980905.1702194,0.6543282823771748,0.6345185147364905,2.363389117010909,1784980905.1702561,-0.02455704648030901,0.0674577037577813,-0.36025405735353466,-0.054247350767068325,0.07151806142289555,-0.3608824531908761,1784980905.1702979,0.07191797375436645,0.02405150857071693,1784980905.1336744,17422.712890625,nan,nan,50.131221771240234,nan
11.323126792907715,1784980905.2164237,BSMC,circle,circle_dist_bsmc_30cm_yawfree_p02_manual,1784980905.214026,0.6552225355445034,0.7079392508166366,2.7270143154962763,0.09356519800186158,0.09063981013638304,1784980905.1544437,0.6337237398680495,0.7218859056951545,2.7242715702017852,0.06198000907897949,0,0,1784980905.2104707,0.6512404488444411,0.6375490910824487,2.3677156789387044,1784980905.2105181,-0.02050493153989681,0.06594130228579427,-0.3559274954257394,-0.05019618952701838,0.06999911391831438,-0.35655589126308085,1784980905.210569,0.07689160554761033,0.02456780501030606,1784980905.1837623,17422.76171875,nan,nan,49.905277252197266,nan
11.362739086151123,1784980905.256036,BSMC,circle,circle_dist_bsmc_30cm_yawfree_p02_manual,1784980905.214026,0.6552225355445034,0.7079392508166366,2.7270143154962763,0.09356519800186158,0.09063981013638304,1784980905.2374687,0.6227520373521978,0.7271690884105847,2.7319481130388774,0.018567323684692383,0,0,1784980905.250936,0.6480981977343145,0.6406063218525844,2.3720997903431233,1784980905.2509758,-0.020601166361734813,0.06449861592815702,-0.3549145251531529,-0.05772558590868014,0.06930582321703159,-0.35984832269575406,1784980905.251018,0.07681544465637438,0.0244067819274404,1784980905.2337904,17422.8125,nan,nan,50.01595687866211,nan
11.402487754821777,1784980905.2957847,BSMC,circle,circle_dist_bsmc_30cm_yawfree_p02_manual,1784980905.2638888,0.6460168522223855,0.712663915008944,2.731206373565711,0.094721363369182,0.08838095782361487,1784980905.2374687,0.6227520373521978,0.7271690884105847,2.7319481130388774,0.05831599235534668,0,0,1784980905.2908359,0.645018700837477,0.6435766405015629,2.3763783557499227,1784980905.2908835,-0.026648033582174713,0.06374896164839634,-0.3548280178157883,-0.05371785070289693,0.06780777364027271,-0.3555697572889547,1784980905.2909343,0.069641059602627,0.025294946792573006,1784980905.2840114,17422.86328125,nan,nan,50.01091766357422,nan
11.4423828125,1784980905.3356798,BSMC,circle,circle_dist_bsmc_30cm_yawfree_p02_manual,1784980905.3148615,0.6420149959482848,0.714407799186261,2.734650789158765,0.09137123123912641,0.08489361862793379,1784980905.2374687,0.6227520373521978,0.7271690884105847,2.7319481130388774,0.09821105003356934,0,0,1784980905.3314626,0.6418550075339583,0.6466018493473659,2.3807556693638143,1784980905.3315232,-0.02669086098489214,0.06233193699647589,-0.35389511979495053,-0.049611023445552335,0.066292909369856,-0.3511924436750631,1784980905.3315783,0.06962518392145851,0.024386283471420467,1784980905.2840114,17422.86328125,nan,nan,50.01091766357422,nan
11.482472658157349,1784980905.3757696,BSMC,circle,circle_dist_bsmc_30cm_yawfree_p02_manual,1784980905.3640168,0.6322680668704722,0.7193182423361786,2.7391595260487995,0.09636770741711641,0.0853988388344705,1784980905.356615,0.6071921805188094,0.734473706589435,2.7401119587858025,0.01915454864501953,0,0,1784980905.370545,0.6387557577473197,0.6495398867286617,2.385026201018172,1784980905.3705833,-0.03329866259447613,0.06166285846132866,-0.35413332503062733,-0.0622443327367027,0.0658456999793082,-0.3550857577676303,1784980905.3706245,0.061772805026973375,0.02598907847562439,1784980905.3658915,17422.9453125,nan,nan,82.0827865600586,nan
11.522217035293579,1784980905.415514,BSMC,circle,circle_dist_bsmc_30cm_yawfree_p02_manual,1784980905.4141228,0.629148198998172,0.7206513054695322,2.741682224433289,0.08509316587510847,0.07935955122265052,1784980905.356615,0.6071921805188094,0.734473706589435,2.7401119587858025,0.05889892578125,0,0,1784980905.4105918,0.6356352284007247,0.652472861070233,2.389308731802779,1784980905.4106362,-0.029278706366152128,0.0601863782502743,-0.3498507942460205,-0.058225784579562165,0.06436539170059785,-0.35080322698302346,1784980905.4106894,0.06670395293278784,0.026518035336411,1784980905.4101665,17422.98828125,nan,nan,43.79066848754883,nan
11.563127517700195,1784980905.4564245,BSMC,circle,circle_dist_bsmc_30cm_yawfree_p02_manual,1784980905.4141228,0.629148198998172,0.7206513054695322,2.741682224433289,0.08509316587510847,0.07935955122265052,1784980905.4332497,0.5961702497617928,0.7394031825335905,2.742087318198648,0.023174762725830078,0,0,1784980905.450471,0.6324672656787496,0.6554248272894555,2.3936388728702838,1784980905.4505293,-0.028452184321988462,0.05878760810505671,-0.34804335156300503,-0.06610319940083574,0.06324717023677263,-0.34844844532836433,1784980905.4505792,0.06775177643710475,0.022135225938462257,1784980905.436613,17423.015625,nan,nan,26.88634490966797,nan
11.602749586105347,1784980905.4960465,BSMC,circle,circle_dist_bsmc_30cm_yawfree_p02_manual,1784980905.464286,0.6204196052160671,0.725011659172122,2.744838498912914,0.08324316997547647,0.07729478978007542,1784980905.4332497,0.5961702497617928,0.7394031825335905,2.742087318198648,0.06279683113098145,0,0,1784980905.4903448,0.6292879527086723,0.6583617582434759,2.3979671084965046,1784980905.490382,-0.03393475500974811,0.058045579362052305,-0.3468713904164096,-0.06203188962875827,0.061778146366928875,-0.3441202097021434,1784980905.490423,0.0612870637685645,0.02129906429944801,1784980905.484764,17423.064453125,nan,nan,48.21211242675781,nan
11.643036603927612,1784980905.5363336,BSMC,circle,circle_dist_bsmc_30cm_yawfree_p02_manual,1784980905.5138602,0.6172546073614251,0.7263378011325692,2.7478236658552038,0.07782090352988831,0.07444360725209688,1784980905.4332497,0.5961702497617928,0.7394031825335905,2.742087318198648,0.10308384895324707,0,0,1784980905.5310905,0.6260507670282779,0.6613261034387052,2.402356498488265,1784980905.5311317,-0.03306613287912199,0.0566614870819975,-0.3454671673669387,-0.05789660130231991,0.06030637735548283,-0.339730819710383,1784980905.5311768,0.062369574663066626,0.018374464063445915,1784980905.484764,17423.064453125,nan,nan,48.21211242675781,nan
11.68250584602356,1784980905.5758028,BSMC,circle,circle_dist_bsmc_30cm_yawfree_p02_manual,1784980905.5640411,0.6084943253885443,0.7306973916266837,2.7492197071893254,0.07670708384142333,0.06955486470111401,1784980905.5527394,0.5818221563864769,0.7458881313261028,2.744667375619869,0.02306342124938965,0,0,1784980905.5710542,0.6228543965692304,0.6642275930277489,2.4066733787144003,1784980905.5711203,-0.03868562870211108,0.055927344850437155,-0.3425463284749251,-0.06941084561231428,0.05944932935681907,-0.33799399690546883,1784980905.5711694,0.055805622516044304,0.021648125936348427,1784980905.536642,17423.115234375,nan,nan,51.104496002197266,nan
11.723437070846558,1784980905.616734,BSMC,circle,circle_dist_bsmc_30cm_yawfree_p02_manual,1784980905.6136718,0.6053038333580685,0.7320167252124142,2.7525537747890314,0.07333572418029813,0.06911954208548175,1784980905.5527394,0.5818221563864769,0.7458881313261028,2.744667375619869,0.0639946460723877,0,0,1784980905.6109538,0.6196667020208859,0.6670962870320417,2.410961831816512,1784980905.610996,-0.03464324802019593,0.054495576626774685,-0.3382578753728134,-0.06536198895574273,0.05803597816254838,-0.33370554380335715,1784980905.6110473,0.060758559353633126,0.022217762214634548,1784980905.6105955,17423.189453125,nan,nan,74.23177337646484,nan
11.762844324111938,1784980905.6561413,BSMC,circle,circle_dist_bsmc_30cm_yawfree_p02_manual,1784980905.6136718,0.6053038333580685,0.7320167252124142,2.7525537747890314,0.07333572418029813,0.06911954208548175,1784980905.633749,0.5728609645633028,0.749965919589585,2.747916284153783,0.02239227294921875,0,0,1784980905.651196,0.6164121773659281,0.6699997468567566,2.4153232581699666,1784980905.651236,-0.033801258190564565,0.053169313101617696,-0.3372305166190648,-0.07089368309263533,0.057143526454683416,-0.33259302598381657,1784980905.6513162,0.061794767197147445,0.018536009835178974,1784980905.641627,17423.220703125,nan,nan,31.482919692993164,nan
11.802592515945435,1784980905.6958895,BSMC,circle,circle_dist_bsmc_30cm_yawfree_p02_manual,1784980905.664169,0.5970191986328197,0.7360862239848465,2.7537844827616897,0.07263935265856908,0.06446824379724808,1784980905.633749,0.5728609645633028,0.749965919589585,2.747916284153783,0.062140464782714844,0,0,1784980905.690186,0.6132507463090278,0.672795885295175,2.4195438106144245,1784980905.6902244,-0.0389600862969155,0.052452281048160715,-0.33424067214726527,-0.06690152542352452,0.05577395950148437,-0.3283724735393587,1784980905.6902664,0.05577762310632489,0.022464925308958557,1784980905.685148,17423.263671875,nan,nan,43.370635986328125,nan
11.842500925064087,1784980905.735798,BSMC,circle,circle_dist_bsmc_30cm_yawfree_p02_manual,1784980905.7141235,0.5941417605496646,0.7372640562888526,2.7560827024334387,0.06856597674978493,0.06135747552997125,1784980905.633749,0.5728609645633028,0.749965919589585,2.747916284153783,0.10204887390136719,0,0,1784980905.7315805,0.6099318135407581,0.6757058860980703,2.42395781684764,1784980905.7316253,-0.03777899439129932,0.05110265818410075,-0.3321248855857988,-0.06272023809525647,0.05435965554843528,-0.32395846730614325,1784980905.7316704,0.05725431228206546,0.02133763875433179,1784980905.685148,17423.263671875,nan,nan,43.370635986328125,nan
11.882351875305176,1784980905.7756488,BSMC,circle,circle_dist_bsmc_30cm_yawfree_p02_manual,1784980905.7641342,0.5856986499828806,0.7413744663460032,2.7584620186923123,0.06982546238140594,0.0605528177366851,1784980905.7541947,0.5599023165275818,0.7559618128516044,2.7560270890957006,0.0214540958404541,0,0,1784980905.7708387,0.6067200725918049,0.6784973711711095,2.428213130720931,1784980905.7708876,-0.04300243598800461,0.050460081304266685,-0.3302488879713814,-0.07251375005982044,0.05417008454877818,-0.3278139583747697,1784980905.7709358,0.05111996817434932,0.022963029643429382,1784980905.7359822,17423.314453125,nan,nan,50.93364715576172,nan
11.922653436660767,1784980905.8159504,BSMC,circle,circle_dist_bsmc_30cm_yawfree_p02_manual,1784980905.8142045,0.5829564027335982,0.7424811407150654,2.7606585788019604,0.06558912084642704,0.05773075788210247,1784980905.7541947,0.5599023165275818,0.7559618128516044,2.7560270890957006,0.06175565719604492,0,0,1784980905.8104417,0.6034625567083298,0.6813042709632378,2.4325131452167805,1784980905.810488,-0.038931801686176576,0.04907442891101535,-0.32594887347553175,-0.06843975386245299,0.05279434796135395,-0.3235139438789201,1784980905.8105378,0.05610146154909035,0.0235769126005787,1784980905.7858725,17423.365234375,nan,nan,49.793182373046875,nan
11.96279239654541,1784980905.8560894,BSMC,circle,circle_dist_bsmc_30cm_yawfree_p02_manual,1784980905.8142045,0.5829564027335982,0.7424811407150654,2.7606585788019604,0.06558912084642704,0.05773075788210247,1784980905.844635,0.5532389203730335,0.7590285666284928,2.7561317086411155,0.011454343795776367,0,0,1784980905.850848,0.600140001126297,0.6841422104903755,2.436882734068709,1784980905.850891,-0.03764153920880299,0.047768413826240336,-0.3237758447332513,-0.07161596832798049,0.05175742257797217,-0.3192489745724063,1784980905.8509355,0.057707910137044016,0.022024501487464362,1784980905.8432357,17423.416015625,nan,nan,52.50770950317383,nan
12.00252914428711,1784980905.895826,BSMC,circle,circle_dist_bsmc_30cm_yawfree_p02_manual,1784980905.8641548,0.5756096975520332,0.7460942463909483,2.7609847626510122,0.06411905940208319,0.052071349840358584,1784980905.844635,0.5532389203730335,0.7590285666284928,2.7561317086411155,0.051191091537475586,0,0,1784980905.890432,0.5968686090219921,0.6869120507234029,2.441169230231124,1784980905.8904765,-0.04172289585982583,0.04704969247497073,-0.31981553241988836,-0.0675431919121378,0.05042081736955764,-0.3149624784099916,1784980905.8905237,0.052998612974888434,0.028405444818271685,1784980905.8858294,17423.46484375,nan,nan,47.60094451904297,nan
12.042743682861328,1784980905.9360406,BSMC,circle,circle_dist_bsmc_30cm_yawfree_p02_manual,1784980905.9137447,0.5729663650696181,0.7471501727031397,2.7633959738476,0.061459088984797794,0.05147883459226455,1784980905.844635,0.5532389203730335,0.7590285666284928,2.7561317086411155,0.09140563011169434,0,0,1784980905.9311578,0.5935158430174097,0.6897259449375706,2.445546337851363,1784980905.9312027,-0.04030090746612702,0.04577837738283652,-0.31784963599623683,-0.06337844869451008,0.04907398610275619,-0.31058537078975235,1784980905.9312477,0.05475306563250745,0.025492348026287408,1784980905.8858294,17423.46484375,nan,nan,47.60094451904297,nan
12.082667350769043,1784980905.9759643,BSMC,circle,circle_dist_bsmc_30cm_yawfree_p02_manual,1784980905.964194,0.5654664764848262,0.7507530617408276,2.7642904973767206,0.06317013492350161,0.05007066713885911,1784980905.9573665,0.5429799495680897,0.7632977946025806,2.757430281515997,0.018597841262817383,0,0,1784980905.9703112,0.5902543075714625,0.6924393994421504,2.449789034613448,1784980905.970356,-0.04452785700903663,0.04507981511548783,-0.3145014627632725,-0.07038515719137027,0.047976105891254214,-0.30764124690254896,1784980905.9703968,0.04984811103666775,0.0298795529445022,1784980905.9418626,17423.521484375,nan,nan,56.079288482666016,nan
12.12417721748352,1784980906.0174742,BSMC,circle,circle_dist_bsmc_30cm_yawfree_p02_manual,1784980906.014,0.5629914989347432,0.7517356682576407,2.7660000624678522,0.05935785692480995,0.0473973320151026,1784980905.9573665,0.5429799495680897,0.7632977946025806,2.757430281515997,0.06010770797729492,0,0,1784980906.0104275,0.586921570682993,0.6951880314184862,2.4541090047443683,1784980906.0104692,-0.040416904606748114,0.043752342609098695,-0.3101814926323523,-0.06626519484816579,0.0466768664215344,-0.3033212767716287,1784980906.010516,0.05487117856887425,0.03079943803042102,1784980905.9861333,17423.564453125,nan,nan,44.05167007446289,nan
12.162809610366821,1784980906.0561066,BSMC,circle,circle_dist_bsmc_30cm_yawfree_p02_manual,1784980906.014,0.5629914989347432,0.7517356682576407,2.7660000624678522,0.05935785692480995,0.0473973320151026,1784980906.0336287,0.5357873729597454,0.7662905898836967,2.7574519496380314,0.02247786521911621,0,0,1784980906.0505853,0.5835655876647827,0.6979315215228783,2.458443677672225,1784980906.0506346,-0.038876523025582914,0.04250641469671026,-0.3075563847956273,-0.06991459943499222,0.04547162646534948,-0.2990082719658065,1784980906.0506823,0.0567857937180726,0.030258654844215773,1784980906.0428247,17423.62109375,nan,nan,56.76771926879883,nan
12.203298330307007,1784980906.0965953,BSMC,circle,circle_dist_bsmc_30cm_yawfree_p02_manual,1784980906.0639234,0.5564069850783846,0.7548895930530801,2.7650284448591758,0.056762462501793995,0.04053269373163378,1784980906.0336287,0.5357873729597454,0.7662905898836967,2.7574519496380314,0.06296658515930176,0,0,1784980906.0928814,0.5800276205340495,0.7007976471599476,2.4629969098652182,1784980906.092933,-0.041856722373499494,0.04161595633867826,-0.3020315349939575,-0.06556035978677163,0.04414027952653963,-0.2944550397728132,1784980906.092986,0.05342735966032472,0.040917746096025796,1784980906.0870435,17423.666015625,nan,nan,44.0767822265625,nan
12.24242877960205,1784980906.1357257,BSMC,circle,circle_dist_bsmc_30cm_yawfree_p02_manual,1784980906.1138055,0.5540232940564611,0.7558306324668514,2.767024288627209,0.054658502984400954,0.04044122500330765,1784980906.0336287,0.5357873729597454,0.7662905898836967,2.7574519496380314,0.1020970344543457,0,0,1784980906.1307173,0.5768241565866823,0.7033698918571369,2.4671052730167684,1784980906.1307662,-0.04041383515632785,0.04048123720193038,-0.2999190156104405,-0.06162638058612313,0.042956036437826285,-0.290346676621263,1784980906.1308177,0.05520770286920413,0.03769797727817832,1784980906.0870435,17423.666015625,nan,nan,44.0767822265625,nan
12.28289008140564,1784980906.176187,BSMC,circle,circle_dist_bsmc_30cm_yawfree_p02_manual,1784980906.163842,0.5469732029110695,0.7591678992207147,2.766929786326585,0.05661641674677506,0.03614835919077079,1784980906.1554384,0.5252492273351606,0.7710720695275308,2.7627890061786493,0.020748615264892578,0,0,1784980906.1703916,0.5734630527254793,0.7060455621868117,2.471401347884017,1784980906.170432,-0.04409286369705159,0.03974310262330806,-0.29552843844256804,-0.06884323776554287,0.04258671423880542,-0.29138765829463237,1784980906.1704736,0.05097979481882134,0.015619509690816935,1784980906.1361592,17423.71484375,nan,nan,49.42455291748047,nan
12.322750806808472,1784980906.2160478,BSMC,circle,circle_dist_bsmc_30cm_yawfree_p02_manual,1784980906.2141316,0.5443965104390137,0.7601831561798026,2.768130652954974,0.05599806802575509,0.03404884256898129,1784980906.1554384,0.5252492273351606,0.7710720695275308,2.7627890061786493,0.06060934066772461,0,0,1784980906.211393,0.5700068967681811,0.7087724276237704,2.475803715475875,1784980906.2114336,-0.03987853723124861,0.038470207673958305,-0.29112607085070996,-0.06462367666616146,0.0413312807515052,-0.28698529070277434,1784980906.2114756,0.056119672988259255,0.016607321925249947,1784980906.1868396,17423.765625,nan,nan,50.68117904663086,nan
12.362711191177368,1784980906.2560081,BSMC,circle,circle_dist_bsmc_30cm_yawfree_p02_manual,1784980906.2141316,0.5443965104390137,0.7601831561798026,2.768130652954974,0.05599806802575509,0.03404884256898129,1784980906.2340007,0.5192319881800393,0.7735441384849708,2.7623103327364054,0.022007465362548828,0,0,1784980906.2505565,0.566659421252382,0.7113901299766027,2.4800531842792806,1784980906.2506018,-0.038530020306347175,0.037307293377336,-0.2880774686756933,-0.06706955725175918,0.040176568688015675,-0.28225714845712474,1784980906.250646,0.05781438638640163,0.016881833152173217,1784980906.2386763,17423.818359375,nan,nan,51.793907165527344,nan
12.402838230133057,1784980906.2961352,BSMC,circle,circle_dist_bsmc_30cm_yawfree_p02_manual,1784980906.2638156,0.5375941859324785,0.7633377070833456,2.7688513788557976,0.059810493979204626,0.034251547056919664,1784980906.2340007,0.5192319881800393,0.7735441384849708,2.7623103327364054,0.062134504318237305,0,0,1784980906.2902465,0.5632603068130141,0.7140248738303142,2.4843538682545003,1784980906.2902887,-0.041861940349147905,0.036579820047396655,-0.28449751060129724,-0.06293649167913493,0.03898760984979702,-0.277956464481905,1784980906.2903361,0.05396858030013388,0.01731824660374638,1784980906.2876215,17423.8671875,nan,nan,48.971275329589844,nan
12.442528486251831,1784980906.3358254,BSMC,circle,circle_dist_bsmc_30cm_yawfree_p02_manual,1784980906.314424,0.534897359345506,0.7643920571523444,2.770359239075944,0.05878735648787236,0.03348963629412498,1784980906.2340007,0.5192319881800393,0.7735441384849708,2.7623103327364054,0.10182476043701172,0,0,1784980906.3303478,0.5598372323732276,0.7166546579041263,2.48867049098857,1784980906.3303902,-0.040558446750881993,0.03543824136125433,-0.28168874808737376,-0.05878300530679185,0.037812129586263926,-0.2736398417478352,1784980906.3304367,0.05560055999689567,0.01751186024246338,1784980906.2876215,17423.8671875,nan,nan,48.971275329589844,nan
12.482518672943115,1784980906.3758156,BSMC,circle,circle_dist_bsmc_30cm_yawfree_p02_manual,1784980906.363963,0.5287887868929995,0.7672568764116738,2.770925327865226,0.05886503683708839,0.030851871551607103,1784980906.357004,0.5116735404790594,0.7769247135906098,2.7696166644047646,0.018811702728271484,0,0,1784980906.3704545,0.5563854367701047,0.7192828314030107,2.4930089490497886,1784980906.3705015,-0.04310044507049109,0.034719385271895914,-0.2779163788154375,-0.0626044386225682,0.03744895882161907,-0.276607715354976,1784980906.3705504,0.052695722296609314,0.018117374488925246,1784980906.341973,17423.919921875,nan,nan,54.18488693237305,nan
12.522683382034302,1784980906.4159803,BSMC,circle,circle_dist_bsmc_30cm_yawfree_p02_manual,1784980906.4140809,0.5261424655044711,0.768281799408158,2.7728280476702825,0.05796741596285912,0.03206012818667585,1784980906.357004,0.5116735404790594,0.7769247135906098,2.7696166644047646,0.05897641181945801,0,0,1784980906.4103553,0.5529515058313453,0.721874044125218,2.497310843237716,1784980906.4103956,-0.03896109226256516,0.03354805124805251,-0.27361448462751037,-0.05846355647757021,0.036283042819012366,-0.2723058211670489,1784980906.4104326,0.0577356381541925,0.019127850003626174,1784980906.387006,17423.96484375,nan,nan,45.1656608581543,nan
12.562467813491821,1784980906.4557648,BSMC,circle,circle_dist_bsmc_30cm_yawfree_p02_manual,1784980906.4140809,0.5261424655044711,0.768281799408158,2.7728280476702825,0.05796741596285912,0.03206012818667585,1784980906.4378498,0.5066201132914252,0.779039794436894,2.7711360808984806,0.017915010452270508,0,0,1784980906.4507341,0.5494531099104445,0.7244901772515849,2.5016792476261434,1784980906.4507735,-0.037528823841661514,0.03244502573257322,-0.2711488000441391,-0.059676499737179145,0.03534178424396736,-0.2694568332723372,1784980906.4508147,0.0595073807532982,0.019227264050358094,1784980906.443479,17424.021484375,nan,nan,56.4954833984375,nan
12.603512287139893,1784980906.4968092,BSMC,circle,circle_dist_bsmc_30cm_yawfree_p02_manual,1784980906.464145,0.5202855122938448,0.7709784602569232,2.774477047680128,0.060376571829147685,0.03377763348480903,1784980906.4378498,0.5066201132914252,0.779039794436894,2.7711360808984806,0.0589594841003418,0,0,1784980906.491466,0.5459443966025075,0.7270902082284163,2.506046313055831,1784980906.491525,-0.03970172232093239,0.031754216331609485,-0.2684307346242969,-0.055464492019404656,0.03418843211075518,-0.2650897678426496,1784980906.491577,0.057006390051810546,0.019478317647324182,1784980906.4882746,17424.06640625,nan,nan,43.903724670410156,nan
12.642912864685059,1784980906.5362098,BSMC,circle,circle_dist_bsmc_30cm_yawfree_p02_manual,1784980906.5142615,0.517694939673129,0.7719751413050299,2.7758156494309505,0.05841797435735532,0.03257771555963103,1784980906.4378498,0.5066201132914252,0.779039794436894,2.7711360808984806,0.09836006164550781,0,0,1784980906.5309913,0.5425238083779763,0.7296021948970717,2.5102901942814166,1784980906.5310588,-0.03834208671133944,0.030689146209602707,-0.26552545514953385,-0.05136650682387236,0.03308524664923849,-0.260845886617064,1784980906.5311222,0.05870305565044035,0.019777319804668975,1784980906.4882746,17424.06640625,nan,nan,43.903724670410156,nan
12.683109521865845,1784980906.5764065,BSMC,circle,circle_dist_bsmc_30cm_yawfree_p02_manual,1784980906.5638492,0.5124853328541414,0.7744052048947746,2.7761129081691367,0.0573826528684832,0.028998638347780607,1784980906.5582101,0.4991503164763076,0.7821930118253368,2.775232502150568,0.01819634437561035,0,0,1784980906.5704775,0.5390343948799396,0.7321418088345295,2.514605941542464,1784980906.5706854,-0.039900388087547235,0.029983434950951487,-0.2615069666266727,-0.05516658454361009,0.032442419464750016,-0.26062656060810424,1784980906.5707688,0.05696639800918764,0.020588750032020257,1784980906.5376647,17424.1171875,nan,nan,50.270931243896484,nan
12.722432851791382,1784980906.6157298,BSMC,circle,circle_dist_bsmc_30cm_yawfree_p02_manual,1784980906.613871,0.5098194799491891,0.7754217321662978,2.7779485891933757,0.0572622118741469,0.030318819169061564,1784980906.5582101,0.4991503164763076,0.7821930118253368,2.775232502150568,0.05751967430114746,0,0,1784980906.6107361,0.5355228212626013,0.7346744038544337,2.518935516127425,1784980906.6107893,-0.035715602586005674,0.028873138994497633,-0.25717739204171153,-0.050980823152796756,0.03133580824846553,-0.256296986023143,1784980906.610843,0.0620536503628145,0.021648032949513427,1784980906.5883746,17424.166015625,nan,nan,50.34332275390625,nan
12.76333475112915,1784980906.6566317,BSMC,circle,circle_dist_bsmc_30cm_yawfree_p02_manual,1784980906.613871,0.5098194799491891,0.7754217321662978,2.7779485891933757,0.0572622118741469,0.030318819169061564,1784980906.643441,0.4945067953998671,0.7840399877111947,2.775777003042002,0.013190746307373047,0,0,1784980906.6503057,0.5320335710714181,0.7371681129787788,2.5232242782200154,1784980906.650355,-0.03436758025902983,0.027850936294307273,-0.25472431097336035,-0.051810305007172396,0.030346726813578504,-0.25255272482198654,1784980906.6504111,0.06372082465472802,0.021800353215598704,1784980906.6402965,17424.21875,nan,nan,51.57680892944336,nan
12.802669525146484,1784980906.6959665,BSMC,circle,circle_dist_bsmc_30cm_yawfree_p02_manual,1784980906.6636703,0.5048497994438333,0.7776969083519147,2.7785881576800695,0.05844233114503243,0.02897120345034459,1784980906.643441,0.4945067953998671,0.7840399877111947,2.775777003042002,0.05252552032470703,0,0,1784980906.6901293,0.5285158749729766,0.7396593716051424,2.527534798392135,1784980906.6901712,-0.035630397790223166,0.027155332552256273,-0.2510533592879347,-0.047634215903548716,0.029278627949700542,-0.24824220464986713,1784980906.690241,0.06232105595117078,0.022508348547100154,1784980906.68918,17424.267578125,nan,nan,49.51205825805664,nan
12.842995405197144,1784980906.7362924,BSMC,circle,circle_dist_bsmc_30cm_yawfree_p02_manual,1784980906.7137358,0.5021861805313443,0.778712694364515,2.7792461161313593,0.057837305802039614,0.02626240735969739,1784980906.643441,0.4945067953998671,0.7840399877111947,2.775777003042002,0.09285140037536621,0,0,1784980906.7302656,0.5249703112149903,0.7421474319861093,2.531866252669173,1784980906.7303073,-0.03426596874806375,0.026114716340941185,-0.24737986346218624,-0.043433247127049504,0.028223484281680852,-0.24391075037282883,1784980906.7303524,0.06403848644188453,0.023123987720821526,1784980906.68918,17424.267578125,nan,nan,49.51205825805664,nan
12.882395029067993,1784980906.775692,BSMC,circle,circle_dist_bsmc_30cm_yawfree_p02_manual,1784980906.7645125,0.4971927184970645,0.78098297798279,2.781219360310964,0.0609669326431691,0.02775681739562595,1784980906.754235,0.488158562044539,0.7868970210647542,2.782152136981174,0.02145695686340332,0,0,1784980906.7704484,0.5213970229710416,0.7446318635881147,2.536218357809859,1784980906.7704885,-0.035467807023526046,0.025481101580302166,-0.24500100250110493,-0.04598110894405994,0.027872503324284825,-0.24593377917131498,1784980906.770532,0.06267451789846433,0.023387329091727967,1784980906.7374372,17424.31640625,nan,nan,48.412445068359375,nan
12.922485589981079,1784980906.8157825,BSMC,circle,circle_dist_bsmc_30cm_yawfree_p02_manual,1784980906.8137972,0.4943299305450378,0.7820614279199216,2.7824901801149395,0.06140816141793036,0.027426146848919277,1784980906.754235,0.488158562044539,0.7868970210647542,2.782152136981174,0.06154751777648926,0,0,1784980906.8107114,0.5178307312182884,0.7470885327938436,2.540548910864669,1784980906.810753,-0.03126431563313133,0.02443979442916481,-0.240670449446295,-0.0417785906892121,0.02682727570801989,-0.24160322611650506,1784980906.810797,0.06777652335118567,0.024489132139106782,1784980906.7877405,17424.3671875,nan,nan,50.20420455932617,nan
12.962752103805542,1784980906.856049,BSMC,circle,circle_dist_bsmc_30cm_yawfree_p02_manual,1784980906.8137972,0.4943299305450378,0.7820614279199216,2.7824901801149395,0.06140816141793036,0.027426146848919277,1784980906.8428721,0.48378268237133387,0.7886748396780077,2.7802719479537115,0.013176918029785156,0,0,1784980906.850408,0.5142831418378447,0.7495098249036676,2.544844033011275,1784980906.8504457,-0.030120191550682504,0.023462982776565104,-0.2376461471036646,-0.04237629108215577,0.02585394291134245,-0.23542791494243653,1784980906.8504887,0.06921197107721529,0.0248823912707635,1784980906.8404214,17424.41796875,nan,nan,52.185062408447266,nan
13.002708196640015,1784980906.8960052,BSMC,circle,circle_dist_bsmc_30cm_yawfree_p02_manual,1784980906.8638828,0.4899297072424643,0.7840767590743815,2.7829210829186075,0.06240473129351076,0.025753036074937403,1784980906.8428721,0.48378268237133387,0.7886748396780077,2.7802719479537115,0.05313301086425781,0,0,1784980906.8901443,0.5107279196528697,0.7519140169687801,2.549135859259444,1784980906.890187,-0.030764804991806973,0.02281522283555102,-0.2337852236591633,-0.03820072103771828,0.024861794195430748,-0.23113608869426727,1784980906.8902376,0.06854419586677954,0.025760528997627836,1784980906.8890543,17424.466796875,nan,nan,49.01994323730469,nan
13.04249382019043,1784980906.9357908,BSMC,circle,circle_dist_bsmc_30cm_yawfree_p02_manual,1784980906.9138694,0.48684066069208565,0.7852274716004445,2.7850864358729703,0.06382021387222166,0.02875763622241418,1784980906.8428721,0.48378268237133387,0.7886748396780077,2.7802719479537115,0.09291863441467285,0,0,1784980906.9308226,0.5070849463702263,0.7543545851673046,2.5535207946384726,1784980906.9308631,-0.02974607047813367,0.021866355673537095,-0.23156564123449777,-0.03393020659173193,0.023866639013399082,-0.22675115331523887,1784980906.9309087,0.06980870758871596,0.025850139796305197,1784980906.8890543,17424.466796875,nan,nan,49.01994323730469,nan
13.082533359527588,1784980906.9758303,BSMC,circle,circle_dist_bsmc_30cm_yawfree_p02_manual,1784980906.9639003,0.4826903769900289,0.7871102936541037,2.7861390942464133,0.06532573546424916,0.028654750472332007,1784980906.9544218,0.4782419913445971,0.7908911402029761,2.784144141997563,0.021408557891845703,0,0,1784980906.9709036,0.5034823777822608,0.7567454233810779,2.5578445241535483,1784980906.9709494,-0.030059715398528544,0.02123078316504889,-0.2282945700928649,-0.035592086804090234,0.02315621820880881,-0.22629961784401464,1784980906.9709961,0.0695169259057769,0.02653435099445516,1784980906.9426875,17424.521484375,nan,nan,53.76539611816406,nan
13.122520923614502,1784980907.0158179,BSMC,circle,circle_dist_bsmc_30cm_yawfree_p02_manual,1784980907.0144248,0.4795178785194726,0.7882893397518796,2.7872681345018124,0.06600086601352727,0.027563833032897497,1784980906.9544218,0.4782419913445971,0.7908911402029761,2.784144141997563,0.061396121978759766,0,0,1784980907.0104976,0.49990690951149447,0.7590961864421878,2.562123553046065,1784980907.0105436,-0.025889651920672184,0.0202712880293738,-0.22401554120034817,-0.03142011747860331,0.022205044054443908,-0.2220205889514979,1784980907.0105891,0.07457041672864533,0.027665001732727654,1784980906.9898324,17424.568359375,nan,nan,47.0855598449707,nan
13.163344144821167,1784980907.056641,BSMC,circle,circle_dist_bsmc_30cm_yawfree_p02_manual,1784980907.0144248,0.4795178785194726,0.7882893397518796,2.7872681345018124,0.06600086601352727,0.027563833032897497,1784980907.0355098,0.4732429761621085,0.7929079757666228,2.7826666051650992,0.021131277084350586,0,0,1784980907.0505419,0.49627066182904445,0.7614645303943127,2.5664630668247517,1784980907.0505772,-0.025019171594258358,0.01934598662318196,-0.22080506767706076,-0.032605342576149755,0.021350789202007718,-0.21620353834034756,1784980907.0506153,0.07568015921321124,0.02814836889671176,1784980907.0438328,17424.623046875,nan,nan,54.11661911010742,nan
13.202562808990479,1784980907.0958598,BSMC,circle,circle_dist_bsmc_30cm_yawfree_p02_manual,1784980907.064065,0.4755690752149084,0.7900730859574707,2.7870872665095128,0.06687677578204092,0.024842763279268848,1784980907.0355098,0.4732429761621085,0.7929079757666228,2.7826666051650992,0.06034994125366211,0,0,1784980907.090042,0.49268015805531284,0.7637811215099837,2.5707360446537315,1784980907.0900786,-0.025173725494843105,0.018717374153160302,-0.21635122185578126,-0.028429898593057848,0.020443056151795237,-0.21193056051136772,1784980907.090121,0.07560100788973213,0.029311737980385274,1784980907.0889595,17424.66796875,nan,nan,45.08586120605469,nan
13.242431879043579,1784980907.1357288,BSMC,circle,circle_dist_bsmc_30cm_yawfree_p02_manual,1784980907.1138706,0.47233516942941234,0.791271955218005,2.7879851996751386,0.06780054855024673,0.02368859530911914,1784980907.0355098,0.4732429761621085,0.7929079757666228,2.7826666051650992,0.1002190113067627,0,0,1784980907.1312084,0.48894779860146104,0.7661663013600238,2.5751654489124594,1784980907.131246,-0.024278493502312763,0.01779966451658355,-0.21281975076267923,-0.024097545647662703,0.019520934703004145,-0.20750115625263987,1784980907.1312888,0.07674486423032816,0.02992766158429118,1784980907.0889595,17424.66796875,nan,nan,45.08586120605469,nan
13.282888174057007,1784980907.1761851,BSMC,circle,circle_dist_bsmc_30cm_yawfree_p02_manual,1784980907.1644876,0.4681079980085524,0.7930986682807587,2.7879755342448047,0.07118310285548424,0.02249840046218635,1784980907.1552198,0.4656563232206995,0.7955555658134609,2.783319358630222,0.0209653377532959,0,0,1784980907.17043,0.4853612798307103,0.7684364343785822,2.579410051115828,1784980907.1704779,-0.024726125227092076,0.017161592173648342,-0.20856548312897646,-0.02796329682584748,0.018487472391167502,-0.20390930751439384,1784980907.1705298,0.07630961569085352,0.030983675903587984,1784980907.1398256,17424.71875,nan,nan,50.94944763183594,nan
13.322845220565796,1784980907.2161422,BSMC,circle,circle_dist_bsmc_30cm_yawfree_p02_manual,1784980907.2138028,0.46451511801852163,0.7944242584481386,2.789059399642506,0.07374396815365791,0.022412752965237783,1784980907.1552198,0.4656563232206995,0.7955555658134609,2.783319358630222,0.06092238426208496,0,0,1784980907.2104604,0.48171338560016264,0.7707236313513911,2.583715678938704,1784980907.2105026,-0.020511898655497265,0.016279154236480315,-0.2042598553061006,-0.023745007165167767,0.017624666127692472,-0.19960367969151796,1784980907.2105494,0.08140720592855069,0.03217096304906151,1784980907.1887999,17424.767578125,nan,nan,48.84987258911133,nan
13.362551927566528,1784980907.255849,BSMC,circle,circle_dist_bsmc_30cm_yawfree_p02_manual,1784980907.2138028,0.46451511801852163,0.7944242584481386,2.789059399642506,0.07374396815365791,0.022412752965237783,1784980907.234083,0.4617194824399971,0.7975483907714895,2.792291458531376,0.021765947341918945,0,0,1784980907.2509737,0.4779895925738465,0.773035939540087,2.5880989921177204,1784980907.2510126,-0.02003068975547533,0.015420542084327318,-0.20096040752478575,-0.023676765205052644,0.017463892423062084,-0.20419246641365563,1784980907.2510529,0.08205010607428656,0.03271358544439249,1784980907.2392275,17424.818359375,nan,nan,50.33488845825195,nan
13.403091669082642,1784980907.2963886,BSMC,circle,circle_dist_bsmc_30cm_yawfree_p02_manual,1784980907.2642677,0.4604948216673784,0.7961627326769427,2.790927405122075,0.07644121245194706,0.023716442469652044,1784980907.234083,0.4617194824399971,0.7975483907714895,2.792291458531376,0.06230568885803223,0,0,1784980907.2904725,0.4743643724033512,0.7752653987012091,2.592354898222762,1784980907.29053,-0.020204218302930177,0.014861109234462096,-0.19857250689931272,-0.019507451490646605,0.01660976562536576,-0.19993656030861384,1784980907.2905939,0.08189530412924269,0.03312579090690702,1784980907.2901938,17424.869140625,nan,nan,50.648807525634766,nan
13.4426109790802,1784980907.335908,BSMC,circle,circle_dist_bsmc_30cm_yawfree_p02_manual,1784980907.3140063,0.45685076666935887,0.7975002521746688,2.79152680224334,0.07706099526010811,0.021746458818026306,1784980907.234083,0.4617194824399971,0.7975483907714895,2.792291458531376,0.10182499885559082,0,0,1784980907.330687,0.4706859000710294,0.777505958076609,2.5966620194996173,1784980907.3307316,-0.01985327078591227,0.01403675004489889,-0.19486478274372265,-0.015284302448919082,0.015763434020316356,-0.19562943903175878,1784980907.330781,0.08239014458241506,0.03384990616426861,1784980907.2901938,17424.869140625,nan,nan,50.648807525634766,nan
13.482670783996582,1784980907.3759677,BSMC,circle,circle_dist_bsmc_30cm_yawfree_p02_manual,1784980907.3641407,0.45331127576874436,0.799065888634848,2.7926418402175024,0.07729645462656133,0.02087007881534143,1784980907.3549328,0.45468867785648936,0.8003814626075748,2.794385120289494,0.021034955978393555,0,0,1784980907.3705354,0.4669575865593785,0.7797547979514666,2.601016055830794,1784980907.3705885,-0.019426568821311784,0.013481411105933698,-0.1916257843867082,-0.018555484351041485,0.015221018891441746,-0.19336906445869984,1784980907.370631,0.08296381931850932,0.03464079354037924,1784980907.339773,17424.91796875,nan,nan,50.12417984008789,nan
13.522779941558838,1784980907.416077,BSMC,circle,circle_dist_bsmc_30cm_yawfree_p02_manual,1784980907.4140308,0.44962083922195667,0.8004089950950578,2.7935494268997134,0.07786126479304545,0.020413046958705782,1784980907.3549328,0.45468867785648936,0.8003814626075748,2.794385120289494,0.061144113540649414,0,0,1784980907.4102855,0.46327846164009495,0.781952349366741,2.605301522024947,1784980907.4103272,-0.015217808260533365,0.012674238920768906,-0.18734031819255523,-0.014348137311998934,0.014406510888087892,-0.18908359826454693,1784980907.4103718,0.0880467927001511,0.035864540430479534,1784980907.3902977,17424.96875,nan,nan,50.130126953125,nan
13.562567234039307,1784980907.4558642,BSMC,circle,circle_dist_bsmc_30cm_yawfree_p02_manual,1784980907.4140308,0.44962083922195667,0.8004089950950578,2.7935494268997134,0.07786126479304545,0.020413046958705782,1784980907.436376,0.4507122025392104,0.8018708711084207,2.793668226558762,0.019488096237182617,0,0,1784980907.450362,0.45955313859036856,0.7841557823189934,2.609629706152755,1784980907.4504025,-0.014880082146060465,0.011891200595998318,-0.18391972074695848,-0.01435112065460364,0.013639349582548619,-0.18403852040600688,1784980907.4504442,0.08851585668504779,0.036507182801638484,1784980907.4400198,17425.01953125,nan,nan,49.86163330078125,nan
13.602496147155762,1784980907.495793,BSMC,circle,circle_dist_bsmc_30cm_yawfree_p02_manual,1784980907.4642491,0.4462550235247723,0.8018724636591553,2.794586935106423,0.07889923158962807,0.020770507246524697,1784980907.436376,0.4507122025392104,0.8018708711084207,2.793668226558762,0.059417009353637695,0,0,1784980907.4911962,0.4557628722330569,0.7863753765505024,2.6140220573032673,1784980907.4912405,-0.014211439659395633,0.011339924105573322,-0.1805648778031559,-0.01003119323204632,0.012845029322355157,-0.17964616925549448,1784980907.4912903,0.08937520097181506,0.03735717368215105,1784980907.4400198,17425.01953125,nan,nan,49.86163330078125,nan
13.642819166183472,1784980907.5361161,BSMC,circle,circle_dist_bsmc_30cm_yawfree_p02_manual,1784980907.5139077,0.44257025277764067,0.8032050202187536,2.7956184473403822,0.07889923158962807,0.020770507246524697,1784980907.436376,0.4507122025392104,0.8018708711084207,2.793668226558762,0.09974002838134766,0,0,1784980907.530485,0.4520687484575911,0.7885172364200007,2.6182922027195272,1784980907.5305238,-0.013916490479937847,0.010596400606939347,-0.17732624462085503,-0.005828151081873884,0.012091006210704767,-0.17537602383923456,1784980907.5305657,0.08978756233162392,0.03796090141899567,1784980907.5163162,17425.09375,nan,nan,75.11799621582031,nan
13.683347702026367,1784980907.5766447,BSMC,circle,circle_dist_bsmc_30cm_yawfree_p02_manual,1784980907.563819,0.4390570598100313,0.8047214374211795,2.796324127763088,0.08248878592548949,0.02005164115340607,1784980907.5588598,0.4430271891066511,0.8048709280456513,2.795868382518321,0.017784833908081055,0,0,1784980907.5704908,0.4483187162145909,0.7906700341442525,2.6226162412250815,1784980907.570528,-0.013470764645707683,0.010087552392275686,-0.1737078865380064,-0.009790801934401355,0.011567447610176126,-0.17325214129323951,1784980907.5705678,0.09038487626802635,0.03893656890419708,1784980907.542497,17425.119140625,nan,nan,26.031808853149414,nan
13.722313404083252,1784980907.6156104,BSMC,circle,circle_dist_bsmc_30cm_yawfree_p02_manual,1784980907.6137147,0.43498869549964114,0.8061857923641109,2.797156925233262,0.08425429116209829,0.01946776691077468,1784980907.5588598,0.4430271891066511,0.8048709280456513,2.795868382518321,0.05675053596496582,0,0,1784980907.6111643,0.4445091354059129,0.7928350241646487,2.6269980352009115,1784980907.6112013,-0.00915326825214767,0.009339680332456003,-0.16932609256217646,-0.005472965150098227,0.010821543306406898,-0.16887034731740957,1784980907.611243,0.09559051466964262,0.040233070298505536,1784980907.59607,17425.173828125,nan,nan,54.91038131713867,nan
13.76275372505188,1784980907.6560507,BSMC,circle,circle_dist_bsmc_30cm_yawfree_p02_manual,1784980907.6137147,0.43498869549964114,0.8061857923641109,2.797156925233262,0.08425429116209829,0.01946776691077468,1784980907.636297,0.43770504891961554,0.8068756108497249,2.7987990557808846,0.019753694534301758,0,0,1784980907.6510787,0.4407472667900919,0.7949513080878621,2.631314323195296,1784980907.6511173,-0.00921384704427675,0.008630168185218579,-0.1658426020379662,-0.006873209947626666,0.010207990543875986,-0.1674847325855886,1784980907.651158,0.09558136098982777,0.04093540961175297,1784980907.641268,17425.21875,nan,nan,44.94404983520508,nan
13.8025963306427,1784980907.6958933,BSMC,circle,circle_dist_bsmc_30cm_yawfree_p02_manual,1784980907.663828,0.43149538782342456,0.8076486697270021,2.7983845772347054,0.08633019457553186,0.01984883646112147,1784980907.636297,0.43770504891961554,0.8068756108497249,2.7987990557808846,0.05959630012512207,0,0,1784980907.6905072,0.43703285312736595,0.7970199976096496,2.6355659549320514,1784980907.6905494,-0.008791172454724275,0.008145396236024302,-0.16281862230265398,-0.0026795764370674685,0.009508145436360292,-0.16323310084883327,1784980907.6905937,0.09613650318697951,0.04169439676500174,1784980907.6940887,17425.271484375,nan,nan,50.975460052490234,nan
13.842485666275024,1784980907.7357826,BSMC,circle,circle_dist_bsmc_30cm_yawfree_p02_manual,1784980907.714533,0.4271046572004621,0.8092159488024158,2.7994778649865246,0.08865751540887437,0.0201469328943656,1784980907.636297,0.43770504891961554,0.8068756108497249,2.7987990557808846,0.09948563575744629,0,0,1784980907.730317,0.4332584765956925,0.7991009636641452,2.6398759858692467,1784980907.7303553,-0.009190564905529048,0.007464310699174207,-0.15960187911727797,0.0015746576459038128,0.008816892740093755,-0.15892306991163796,1784980907.7303963,0.09571818782557842,0.04229913242063025,1784980907.6940887,17425.271484375,nan,nan,50.975460052490234,nan
13.882754802703857,1784980907.7760518,BSMC,circle,circle_dist_bsmc_30cm_yawfree_p02_manual,1784980907.763925,0.42393053930768104,0.8105782371833707,2.8008656011079136,0.08926764825188893,0.020596010329225402,1784980907.7576559,0.42985655244707677,0.8100531361802061,2.802389481089594,0.01839590072631836,0,0,1784980907.770556,0.42945369106372,0.8011773020866854,2.6442104528034505,1784980907.7706032,-0.008347169934977671,0.007014808628104693,-0.15665514830446314,-0.0025734011414492086,0.008504136329757054,-0.15817902828614372,1784980907.7706525,0.09676941209143915,0.043084610014519895,1784980907.743254,17425.3203125,nan,nan,49.18888854980469,nan
13.922754526138306,1784980907.8160515,BSMC,circle,circle_dist_bsmc_30cm_yawfree_p02_manual,1784980907.814135,0.41957670088495613,0.8121177448851645,2.802174355094112,0.09035430638575435,0.021537690417653525,1784980907.7576559,0.42985655244707677,0.8100531361802061,2.802389481089594,0.0583956241607666,0,0,1784980907.81064,0.42563819494051347,0.8032380677694371,2.6485469024265584,1784980907.8106785,-0.004062368140983408,0.006347545972477452,-0.15231869868135517,0.0017103788496309197,0.007830344927739551,-0.15384257866303575,1784980907.8107176,0.10192753618771809,0.044409802019880755,1784980907.791199,17425.369140625,nan,nan,49.93095016479492,nan
13.96250605583191,1784980907.855803,BSMC,circle,circle_dist_bsmc_30cm_yawfree_p02_manual,1784980907.814135,0.41957670088495613,0.8121177448851645,2.802174355094112,0.09035430638575435,0.021537690417653525,1784980907.8447964,0.4241120839144134,0.8122049148574858,2.8019694250055416,0.011006593704223633,0,0,1784980907.8504395,0.4218375334766431,0.8052696472809212,2.6528564698780355,1784980907.8504765,-0.0044118449534044785,0.005704684821442508,-0.14931788521607636,-0.00016572994669562368,0.007296852036137058,-0.14911295512750608,1784980907.8505147,0.10156140048114559,0.04496475082490525,1784980907.8410692,17425.419921875,nan,nan,50.0325927734375,nan
14.002456903457642,1784980907.8957539,BSMC,circle,circle_dist_bsmc_30cm_yawfree_p02_manual,1784980907.8641212,0.4163856083966942,0.813468185545328,2.803161617841599,0.09092737279671338,0.021828299243909756,1784980907.8447964,0.4241120839144134,0.8122049148574858,2.8019694250055416,0.050957441329956055,0,0,1784980907.8906,0.4180105607901873,0.8072940859811314,2.6571859157169637,1784980907.8906379,-0.003582627357541849,0.005284388037107405,-0.14597570212463531,0.0041170520459541315,0.006662935324555342,-0.14478350928857786,1784980907.8906765,0.10259878228537182,0.04592329205867148,1784980907.8410692,17425.419921875,nan,nan,50.0325927734375,nan
14.04240894317627,1784980907.935706,BSMC,circle,circle_dist_bsmc_30cm_yawfree_p02_manual,1784980907.9136715,0.4119063453498225,0.8150426780759554,2.804424387867016,0.09312069085177167,0.022469834155061208,1784980907.8447964,0.4241120839144134,0.8122049148574858,2.8019694250055416,0.09090948104858398,0,0,1784980907.9302595,0.4142217460876265,0.8092775211371752,2.661462498434859,1784980907.930302,-0.004092239530157934,0.004674579203864425,-0.14296188943215693,0.00835019604216438,0.006054968404468165,-0.14050692657068264,1784980907.9303455,0.10204073262077966,0.04650549805839802,1784980907.9092658,17425.48828125,nan,nan,68.0687255859375,nan
14.082466125488281,1784980907.975763,BSMC,circle,circle_dist_bsmc_30cm_yawfree_p02_manual,1784980907.9637537,0.408402977157894,0.816510953073607,2.8059085829180077,0.09508080390769831,0.02345760238522742,1784980907.9540272,0.4152401373731621,0.8157396680706934,2.8062497814416307,0.02173590660095215,0,0,1784980907.9706674,0.41033645223217796,0.8112900967112512,2.665838112601119,1784980907.9707062,-0.003545387635395931,0.004292539287416044,-0.14007047031688868,0.0031662151376563715,0.005815487507230425,-0.1404116688405117,1784980907.970749,0.10273389016827601,0.04730731614262388,1784980907.943995,17425.521484375,nan,nan,33.97617721557617,nan
14.122379779815674,1784980908.0156767,BSMC,circle,circle_dist_bsmc_30cm_yawfree_p02_manual,1784980908.0142784,0.4035338703152863,0.8182087055296391,2.8071099126440298,0.09799250824261549,0.023513337939174248,1784980907.9540272,0.4152401373731621,0.8157396680706934,2.8062497814416307,0.06164956092834473,0,0,1784980908.0107334,0.40649687354575337,0.8132578797296851,2.670152572401839,1784980908.0107756,0.0007281031971430145,0.0036994030458251934,-0.1357560105161686,0.00743950334423703,0.0052208931914304885,-0.1360972090397916,1784980908.0108244,0.10787058250059155,0.04866623223927937,1784980907.9932926,17425.5703125,nan,nan,49.053733825683594,nan
14.162837266921997,1784980908.0561342,BSMC,circle,circle_dist_bsmc_30cm_yawfree_p02_manual,1784980908.0142784,0.4035338703152863,0.8182087055296391,2.8071099126440298,0.09799250824261549,0.023513337939174248,1784980908.038536,0.40853363898862716,0.818327409639534,2.810401304554891,0.01759815216064453,0,0,1784980908.0514057,0.4025974789542133,0.815234981483164,2.6745245559299766,1784980908.0514553,-9.17191984906577e-05,0.0031163201174309375,-0.13258535671405314,0.004607998675431232,0.0048546324334296075,-0.13587674862491417,1784980908.0515027,0.10694325972490752,0.04931424959219744,1784980908.0420678,17425.62109375,nan,nan,49.92242431640625,nan
14.202943563461304,1784980908.0962405,BSMC,circle,circle_dist_bsmc_30cm_yawfree_p02_manual,1784980908.0638251,0.40007762525324736,0.8196401379234199,2.8082761578660294,0.09807464872065565,0.022149658777412283,1784980908.038536,0.40853363898862716,0.818327409639534,2.810401304554891,0.05770444869995117,0,0,1784980908.0903523,0.3988195206497177,0.8171301376765541,2.678751210936385,1784980908.090394,0.000367642781785021,0.0027834811329862865,-0.12952494692964445,0.00879689387614241,0.004290945512071065,-0.13165009361850588,1784980908.0904353,0.1075317153938113,0.05021709305919618,1784980908.0917003,17425.669921875,nan,nan,49.867408752441406,nan
14.242490768432617,1784980908.1357877,BSMC,circle,circle_dist_bsmc_30cm_yawfree_p02_manual,1784980908.1144526,0.3951820478766218,0.8213303219346566,2.809687437427102,0.09976291301148173,0.02313822542588072,1784980908.038536,0.40853363898862716,0.818327409639534,2.810401304554891,0.09725165367126465,0,0,1784980908.1310916,0.3949351802890554,0.8190578874506282,2.68308760906108,1784980908.1311393,-0.0005070667253140622,0.002228852939534457,-0.12659982836602213,0.0130969883167748,0.0037310285266565035,-0.127313695493811,1784980908.131192,0.10653378125215834,0.050796454285522916,1784980908.0917003,17425.669921875,nan,nan,49.867408752441406,nan
14.283236742019653,1784980908.1765337,BSMC,circle,circle_dist_bsmc_30cm_yawfree_p02_manual,1784980908.1648529,0.391518996333449,0.8228436240533255,2.8110512492058093,0.10107948573157222,0.024333690347772316,1784980908.1583405,0.39861071220926175,0.8220374526505791,2.8102430949893895,0.01819324493408203,0,0,1784980908.170774,0.3910332151206809,0.820973316280501,2.687434358366805,1784980908.1708345,-0.00014753375657644904,0.0019267247708057778,-0.12361689083900407,0.006819128540479899,0.00347135914160246,-0.1228087366225843,1784980908.1708996,0.10700074637698741,0.05169246449833858,1784980908.1450787,17425.724609375,nan,nan,53.045387268066406,nan
14.322532892227173,1784980908.2158298,BSMC,circle,circle_dist_bsmc_30cm_yawfree_p02_manual,1784980908.2140076,0.3865702660781175,0.8245363069699458,2.812581606671637,0.10321995281217727,0.025488368114533776,1784980908.1583405,0.39861071220926175,0.8220374526505791,2.8102430949893895,0.05748939514160156,0,0,1784980908.2104414,0.3871857759386579,0.8228414350036476,2.691711353072005,1784980908.210487,0.004097938696258319,0.001408439641404924,-0.11933989613380414,0.011065018461194653,0.0029565051775410165,-0.11853174191738436,1784980908.2105343,0.11209609697247758,0.05307901060162729,1784980908.193859,17425.7734375,nan,nan,48.804908752441406,nan
14.362674951553345,1784980908.255972,BSMC,circle,circle_dist_bsmc_30cm_yawfree_p02_manual,1784980908.2140076,0.3865702660781175,0.8245363069699458,2.812581606671637,0.10321995281217727,0.025488368114533776,1784980908.2414994,0.3918326630069048,0.8243637955000637,2.808604620158505,0.014472484588623047,0,0,1784980908.2501488,0.3832994562569919,0.8247078521106963,2.696022619971114,1784980908.2501862,0.00315079873333591,0.0008944785985676715,-0.116558986700523,0.00817693782440512,0.0024640779622186167,-0.11258200018739073,1784980908.2502291,0.1110071844688133,0.05363527489172286,1784980908.2460322,17425.82421875,nan,nan,52.341949462890625,nan
14.403181791305542,1784980908.2964787,BSMC,circle,circle_dist_bsmc_30cm_yawfree_p02_manual,1784980908.2642164,0.382855744651856,0.8260388394772218,2.8132086438739154,0.1039078516037054,0.025848644229802965,1784980908.2414994,0.3918326630069048,0.8243637955000637,2.808604620158505,0.05497932434082031,0,0,1784980908.2905798,0.3793644273051544,0.826576718662243,2.70037889648326,1784980908.2906215,0.003478231426540125,0.0006168605810775249,-0.11282974739065565,0.012506688514604278,0.00198410504630626,-0.10822572367524508,1784980908.2906656,0.11144193989277842,0.054836156284421386,1784980908.2946882,17425.873046875,nan,nan,48.74296188354492,nan
14.442763566970825,1784980908.3360605,BSMC,circle,circle_dist_bsmc_30cm_yawfree_p02_manual,1784980908.314356,0.3779327982299487,0.8277120312867371,2.8146867083620175,0.10381479290809492,0.026475886173913037,1784980908.2414994,0.3918326630069048,0.8243637955000637,2.808604620158505,0.09456110000610352,0,0,1784980908.3311331,0.3754041227340127,0.8284364435318201,2.704754124411422,1784980908.331175,0.0026273770904213026,0.0001259463747102516,-0.10993258395059556,0.01685733830425016,0.00152103345941743,-0.10385049574708294,1784980908.3312206,0.11046675423020029,0.055466595278416526,1784980908.2946882,17425.873046875,nan,nan,48.74296188354492,nan
14.482941389083862,1784980908.3762383,BSMC,circle,circle_dist_bsmc_30cm_yawfree_p02_manual,1784980908.3636935,0.3742690985500488,0.8292183590874598,2.81557738622819,0.10438231345090102,0.027337047042105555,1784980908.358536,0.38126021754279943,0.8284269389421933,2.8119975335303224,0.017702341079711914,0,0,1784980908.3702202,0.371570165305379,0.8302167503213357,2.708981268652755,1784980908.3702579,0.0028765252806937608,-8.141268079226035e-05,-0.1065961175754353,0.009747760590916303,0.0014428099663583624,-0.10301626487756765,1784980908.3702998,0.11080142874751463,0.05657725793388695,1784980908.3493245,17425.927734375,nan,nan,54.3179817199707,nan
14.522815465927124,1784980908.4161124,BSMC,circle,circle_dist_bsmc_30cm_yawfree_p02_manual,1784980908.4137163,0.36920551973057175,0.8309283177750998,2.8169811417314006,0.1054444285016869,0.027464734718298363,1784980908.358536,0.38126021754279943,0.8284269389421933,2.8119975335303224,0.05757641792297363,0,0,1784980908.4105976,0.36760389433996066,0.8320378263748855,2.7133456304157555,1784980908.4106343,0.00721711447978752,-0.0005362849360947344,-0.1022317558124346,0.014089950349157285,0.0010034792624911233,-0.09865190311456695,1784980908.410718,0.11600283433041159,0.05803354145149394,1784980908.39712,17425.9765625,nan,nan,47.92515563964844,nan
14.563052892684937,1784980908.4563498,BSMC,circle,circle_dist_bsmc_30cm_yawfree_p02_manual,1784980908.4137163,0.36920551973057175,0.8309283177750998,2.8169811417314006,0.1054444285016869,0.027464734718298363,1784980908.4358344,0.3737475101403896,0.8312767189327787,2.815207047152763,0.02051544189453125,0,0,1784980908.4504387,0.36370209467117054,0.8338089102587388,2.717630581625777,1784980908.4504821,0.0061347449747436635,-0.000974886935034165,-0.09935056010562349,0.010326966780588927,0.0008222663638421247,-0.09757646552698596,1784980908.4505289,0.11474937173942691,0.058694867608305945,1784980908.442939,17426.021484375,nan,nan,45.828468322753906,nan
14.602608442306519,1784980908.4959054,BSMC,circle,circle_dist_bsmc_30cm_yawfree_p02_manual,1784980908.4645238,0.3650733842459814,0.8325730803051454,2.8180785273977755,0.10656444964824843,0.027872293445753347,1784980908.4358344,0.3737475101403896,0.8312767189327787,2.815207047152763,0.06007099151611328,0,0,1784980908.491203,0.359679656499746,0.8356137075371135,2.722039360770064,1784980908.491249,0.006080539885832365,-0.0011682241484823875,-0.09603916662771139,0.01471570680493846,0.0004024294221201532,-0.0931676863826989,1784980908.4912956,0.11471991339443965,0.05979205473445803,1784980908.442939,17426.021484375,nan,nan,45.828468322753906,nan
14.642661571502686,1784980908.5359585,BSMC,circle,circle_dist_bsmc_30cm_yawfree_p02_manual,1784980908.5156085,0.35968241297955234,0.8343680392215399,2.820311189643012,0.10857932319982808,0.03067742753174573,1784980908.4358344,0.3737475101403896,0.8312767189327787,2.815207047152763,0.10012412071228027,0,0,1784980908.5305092,0.3557940369281649,0.8373369454011521,2.7262899625385577,1784980908.5305521,0.00462694305801961,-0.0015891098634729227,-0.09402122710445447,0.018948701535889758,1.5979168078664868e-05,-0.08891708461420532,1784980908.5305955,0.11301517343886419,0.06012648407437406,1784980908.5009859,17426.080078125,nan,nan,58.04920959472656,nan
14.682557821273804,1784980908.5758548,BSMC,circle,circle_dist_bsmc_30cm_yawfree_p02_manual,1784980908.564173,0.35579919950900296,0.8359396861345254,2.8203240342431615,0.10794587536791948,0.028400633833586087,1784980908.5552123,0.3620707730213021,0.8354007965147121,2.8161440665240547,0.020642518997192383,0,0,1784980908.570219,0.3518583562164045,0.8390622936771138,2.7305872218693077,1784980908.5702555,0.004725239792050066,-0.0017184390095301902,-0.0897368123738538,0.010847045038131544,-0.0002040402116654347,-0.085556844654747,1784980908.5702953,0.11317430580468726,0.06166672667994469,1784980908.5450783,17426.123046875,nan,nan,43.862464904785156,nan
14.722622632980347,1784980908.6159196,BSMC,circle,circle_dist_bsmc_30cm_yawfree_p02_manual,1784980908.6140797,0.3505306381410153,0.8376850928216063,2.8222349639493736,0.10939684337058883,0.03013859797396558,1784980908.5552123,0.3620707730213021,0.8354007965147121,2.8161440665240547,0.06070733070373535,0,0,1784980908.6105933,0.3478860911388185,0.840783292780237,2.7349162814701375,1784980908.6106436,0.009037707058385233,-0.0020970599761280834,-0.08540775277302393,0.015161057249336456,-0.0005646319491397394,-0.08122778505391715,1784980908.6106966,0.11833409551421968,0.063151402402772,1784980908.6033323,17426.1796875,nan,nan,57.05329895019531,nan
14.762634754180908,1784980908.6559317,BSMC,circle,circle_dist_bsmc_30cm_yawfree_p02_manual,1784980908.6140797,0.3505306381410153,0.8376850928216063,2.8222349639493736,0.10939684337058883,0.03013859797396558,1784980908.6350515,0.3540899822947693,0.8384547890903622,2.820684679282253,0.02088022232055664,0,0,1784980908.6508362,0.34386895406075313,0.8425030198711262,2.7392860505665118,1784980908.6508832,0.007837472078239708,-0.0024828385494282622,-0.08294891338286181,0.010976165299344549,-0.0006175645199857026,-0.08139862871574133,1784980908.6509335,0.11693174414465864,0.06369968100928032,1784980908.6441116,17426.22265625,nan,nan,41.731292724609375,nan
14.802458763122559,1784980908.6957557,BSMC,circle,circle_dist_bsmc_30cm_yawfree_p02_manual,1784980908.6638222,0.346090830468638,0.8394104979005831,2.823985280641756,0.11106407503963814,0.03249581217181225,1784980908.6350515,0.3540899822947693,0.8384547890903622,2.820684679282253,0.06070423126220703,0,0,1784980908.6907663,0.3398982471297557,0.844182514431134,2.7435973432148275,1784980908.690807,0.007373137891176369,-0.0025994360570233406,-0.08038793742692851,0.015273925427192076,-0.0009588465037629768,-0.07708733606742557,1784980908.6909456,0.11640314265154968,0.06456315580617816,1784980908.6441116,17426.22265625,nan,nan,41.731292724609375,nan
14.84240436553955,1784980908.7357013,BSMC,circle,circle_dist_bsmc_30cm_yawfree_p02_manual,1784980908.7136714,0.34082652186125295,0.8411455573940516,2.82521508351985,0.11105060159760223,0.031114520727536194,1784980908.6350515,0.3540899822947693,0.8384547890903622,2.820684679282253,0.10064983367919922,0,0,1784980908.731056,0.33588152793299897,0.8458609933648801,2.7479506585682207,1784980908.7310915,0.006166661936055831,-0.002942886663100001,-0.07726442495162944,0.019615028510137297,-0.0012846511382708708,-0.07273402071403234,1784980908.7311304,0.114997619325421,0.06541174930609515,1784980908.7058496,17426.28515625,nan,nan,62.19710922241211,nan
14.883155107498169,1784980908.776452,BSMC,circle,circle_dist_bsmc_30cm_yawfree_p02_manual,1784980908.7643178,0.33638158537883267,0.8428603100132447,2.82584424776495,0.11148533175163229,0.030574304518189217,1784980908.7565181,0.3419904718677229,0.8424842117706454,2.8216526220002915,0.01993393898010254,0,0,1784980908.7703927,0.3319574021340077,0.8474809982457179,2.7521960332477864,1784980908.770434,0.005640323320444479,-0.0030184283934452266,-0.07364821451716352,0.011095471885605968,-0.001587723840844886,-0.06945658875250516,1784980908.770477,0.11440229693624526,0.0667220804397873,1784980908.7461524,17426.322265625,nan,nan,38.323570251464844,nan
14.92306661605835,1784980908.8163636,BSMC,circle,circle_dist_bsmc_30cm_yawfree_p02_manual,1784980908.8150196,0.3307566109865113,0.8446834166954857,2.8283698705776406,0.11399174177989878,0.03404499723016137,1784980908.7565181,0.3419904718677229,0.8424842117706454,2.8216526220002915,0.0598454475402832,0,0,1784980908.8107066,0.3279357773827565,0.8491210761298378,2.7565392291630086,1784980908.810752,0.009972426061951043,-0.0033286008340118506,-0.06930501860194127,0.015428836693224198,-0.0018797350562999937,-0.0651133928372829,1784980908.8108022,0.11957800151399477,0.06824976566519027,1784980908.8074949,17426.38671875,nan,nan,62.9388313293457,nan
14.963597059249878,1784980908.856894,BSMC,circle,circle_dist_bsmc_30cm_yawfree_p02_manual,1784980908.8150196,0.3307566109865113,0.8446834166954857,2.8283698705776406,0.11399174177989878,0.03404499723016137,1784980908.848348,0.3332016299393232,0.8456873229449148,2.8273157654738914,0.008546113967895508,0,0,1784980908.8510413,0.32387479463643154,0.8507565879847354,2.760917186507064,1784980908.851084,0.008418288195412835,-0.003657216105696355,-0.06745268407057647,0.010437064536665788,-0.0019377793137214496,-0.06639857896682733,1784980908.8511312,0.11774690854176341,0.0686131449765131,1784980908.846046,17426.423828125,nan,nan,38.93511962890625,nan
15.00358533859253,1784980908.8968823,BSMC,circle,circle_dist_bsmc_30cm_yawfree_p02_manual,1784980908.8640158,0.3264441970112844,0.8463326232477639,2.829299312533739,0.113630948513565,0.03270028089363985,1784980908.848348,0.3332016299393232,0.8456873229449148,2.8273157654738914,0.048534393310546875,0,0,1784980908.8904688,0.31993279518406326,0.8523244683544502,2.7651595485294638,1784980908.890513,0.008037400468082713,-0.0037014531273167443,-0.06413976400427535,0.01467066256395503,-0.0022102793679259223,-0.062156216944427634,1784980908.8905597,0.11731831940066369,0.0698385893050603,1784980908.846046,17426.423828125,nan,nan,38.93511962890625,nan
15.042476415634155,1784980908.9357734,BSMC,circle,circle_dist_bsmc_30cm_yawfree_p02_manual,1784980908.9136865,0.32093157623510804,0.8481051171287112,2.831419258681467,0.11497456716483875,0.03447038633192549,1784980908.848348,0.3332016299393232,0.8456873229449148,2.8273157654738914,0.08742547035217285,0,0,1784980908.931554,0.31584635083351387,0.8539294059380075,2.7695498654926594,1784980908.931599,0.00662027314075391,-0.003994225965180885,-0.06186939318880746,0.019053086055954252,-0.00247336949321582,-0.05776589998123205,1784980908.9316463,0.11565162776672004,0.07040612610072079,1784980908.9098597,17426.48828125,nan,nan,62.867210388183594,nan
15.082428932189941,1784980908.975726,BSMC,circle,circle_dist_bsmc_30cm_yawfree_p02_manual,1784980908.9644852,0.3159475179340767,0.849975637352327,2.8330678870019743,0.11631963878069991,0.0366067454372732,1784980908.958544,0.32034791590993333,0.8502045634539687,2.829016304744171,0.017181873321533203,0,0,1784980908.970447,0.3118910355068616,0.8554631705177779,2.7737921502674396,1784980908.9704962,0.005531253788719194,-0.003996661287751123,-0.05927573673453468,0.009664178187230426,-0.0024032133423528166,-0.055224154476731346,1784980908.9705477,0.11437591869521305,0.07137734094320136,1784980908.9460201,17426.5234375,nan,nan,36.25547409057617,nan
15.122274160385132,1784980909.015571,BSMC,circle,circle_dist_bsmc_30cm_yawfree_p02_manual,1784980909.014204,0.31048143131999895,0.8517179508485978,2.8346827792887,0.11591389833164513,0.03588797774242043,1784980908.958544,0.32034791590993333,0.8502045634539687,2.829016304744171,0.05702710151672363,0,0,1784980909.0103762,0.30785488352748547,0.8570084323138618,2.778114000090438,1784980909.0104187,0.009846053012809493,-0.004243368553246311,-0.05495388691153646,0.013979941549011863,-0.002632436866807344,-0.05090230465373313,1784980909.010464,0.11952422975888172,0.07293110038527131,1784980908.9953122,17426.57421875,nan,nan,50.09394454956055,nan
15.16366720199585,1784980909.0569642,BSMC,circle,circle_dist_bsmc_30cm_yawfree_p02_manual,1784980909.014204,0.31048143131999895,0.8517179508485978,2.8346827792887,0.11591389833164513,0.03588797774242043,1784980909.0392385,0.31132660931130135,0.8535577892924717,2.8365586025431715,0.017725706100463867,0,0,1784980909.0505888,0.3038051000542794,0.8585388606970408,2.7824433171833336,1784980909.050636,0.00842505236973165,-0.004485164757006105,-0.05223946210536656,0.00867023529949483,-0.0024922266534719503,-0.054115285359837895,1784980909.0506866,0.11785320675670248,0.07371956265169594,1784980909.045178,17426.623046875,nan,nan,49.851959228515625,nan
15.203067541122437,1784980909.0963645,BSMC,circle,circle_dist_bsmc_30cm_yawfree_p02_manual,1784980909.0639973,0.30548213587352474,0.853565480780499,2.836940191860531,0.11650088623647786,0.03733637628664712,1784980909.0392385,0.31132660931130135,0.8535577892924717,2.8365586025431715,0.05712604522705078,0,0,1784980909.0918798,0.2996251745154467,0.860097509671217,2.7869043929661093,1784980909.091928,0.00754661387867245,-0.004474373335498827,-0.05003579889442156,0.013125304066719202,-0.0027235844157982633,-0.049654209577062236,1784980909.091978,0.11682266549403036,0.07455917705648508,1784980909.045178,17426.623046875,nan,nan,49.851959228515625,nan
15.242461204528809,1784980909.1357582,BSMC,circle,circle_dist_bsmc_30cm_yawfree_p02_manual,1784980909.113879,0.2998279089467475,0.8553311917449561,2.839474688040776,0.1174420539183259,0.039668780991862884,1784980909.0392385,0.31132660931130135,0.8535577892924717,2.8365586025431715,0.09651970863342285,0,0,1784980909.1303632,0.29572016246192834,0.8615345015438761,2.7910654132450397,1784980909.1304092,0.005767451122298327,-0.0047001214023492145,-0.04840927479573631,0.017281613506340297,-0.0029214647390455274,-0.04549318929813184,1784980909.1304557,0.11471944246745717,0.0749406005635419,1784980909.0968308,17426.673828125,nan,nan,49.787532806396484,nan
15.282776832580566,1784980909.1760738,BSMC,circle,circle_dist_bsmc_30cm_yawfree_p02_manual,1784980909.1637573,0.2949013556793163,0.8571401231747865,2.8418757802937646,0.1158997233283208,0.039930116014367585,1784980909.1574397,0.29814181985642185,0.8580485637793324,2.8439788245282713,0.01863408088684082,0,0,1784980909.1703782,0.29164595679127225,0.863014135019742,2.79539998317607,1784980909.170417,0.004844573912485451,-0.004650993515521325,-0.04647579711769457,0.007666400952158333,-0.002842434017792471,-0.04857884135220125,1784980909.1704564,0.113633890243046,0.07571465673933757,1784980909.1456487,17426.724609375,nan,nan,50.35896682739258,nan
15.322533369064331,1784980909.2158303,BSMC,circle,circle_dist_bsmc_30cm_yawfree_p02_manual,1784980909.213872,0.2892660649048963,0.858867163138564,2.844703881985409,0.11662489692867169,0.042817524428382506,1784980909.1574397,0.29814181985642185,0.8580485637793324,2.8439788245282713,0.05839061737060547,0,0,1784980909.2107286,0.2875411408010978,0.8644847178965679,2.7997602765644367,1784980909.2107725,0.009200586873566107,-0.004844072239627601,-0.04211550372932793,0.01202199822756803,-0.003044673196115542,-0.04421854796383462,1784980909.2108207,0.11882533013005221,0.07731223150672864,1784980909.196384,17426.7734375,nan,nan,50.02127456665039,nan
15.362615823745728,1784980909.2559128,BSMC,circle,circle_dist_bsmc_30cm_yawfree_p02_manual,1784980909.213872,0.2892660649048963,0.858867163138564,2.844703881985409,0.11662489692867169,0.042817524428382506,1784980909.237381,0.2891263756624729,0.8609575671516603,2.8463911362190495,0.01853179931640625,0,0,1784980909.2508335,0.28347094009242313,0.8659230050121253,2.8040771310413657,1784980909.2508883,0.007605757528895961,-0.005051814381832018,-0.040626750944043444,0.006855409439549378,-0.0031052996714102557,-0.0423140051776838,1784980909.2509432,0.11693891766910723,0.14246410062733506,1784980909.2510304,17426.828125,nan,nan,54.10396957397461,nan
15.402704954147339,1784980909.296002,BSMC,circle,circle_dist_bsmc_30cm_yawfree_p02_manual,1784980909.264079,0.28396265120187997,0.860740209572026,2.8477615193039636,0.11757667265161496,0.046114380567174394,1784980909.237381,0.2891263756624729,0.8609575671516603,2.8463911362190495,0.05862092971801758,0,0,1784980909.2909644,0.27937089231450063,0.8673519023605851,2.8084190394962603,1784980909.2910058,0.006309849101910304,-0.004998453312899241,-0.039342479807703334,0.011193816540610914,-0.0032795501782722876,-0.037972096722789235,1784980909.2910514,0.11540621880568033,0.1429851500881019,1784980909.2510304,17426.828125,nan,nan,54.10396957397461,nan
15.4425630569458,1784980909.33586,BSMC,circle,circle_dist_bsmc_30cm_yawfree_p02_manual,1784980909.3139875,0.27845821839237805,0.8624021516998007,2.8500727915473183,0.11652790880719367,0.0461389959146009,1784980909.237381,0.2891263756624729,0.8609575671516603,2.8463911362190495,0.09847903251647949,0,0,1784980909.3304987,0.2753437084551472,0.8687360141684275,2.8126774432743367,1784980909.330544,0.004803507634070836,-0.005171489179144791,-0.03739534827298163,0.015449481982433452,-0.003432150902132618,-0.033713692944712825,1784980909.330594,0.11362625810932264,0.14355342141794342,1784980909.2974904,17426.875,nan,nan,47.82919692993164,nan
15.482481479644775,1784980909.3757784,BSMC,circle,circle_dist_bsmc_30cm_yawfree_p02_manual,1784980909.3640494,0.27312708906304706,0.864278582408427,2.852876237998027,0.11619476299885631,0.04802713861526775,1784980909.3578706,0.2749668986261704,0.8655824264386487,2.852520635707517,0.01790785789489746,0,0,1784980909.3705437,0.2712297419471438,0.8701301968567733,2.8170212314213092,1784980909.3705845,0.0034848995515087767,-0.0050692004148795555,-0.035855006576717585,0.004878498126526973,-0.0032937534590547846,-0.035499404286207785,1784980909.3706295,0.11206716180374397,0.14422308099076028,1784980909.3479495,17426.92578125,nan,nan,49.887298583984375,nan
15.5224449634552,1784980909.415742,BSMC,circle,circle_dist_bsmc_30cm_yawfree_p02_manual,1784980909.413873,0.2676270817573016,0.8659055554985975,2.855512300937254,0.1157292504585544,0.04887947914216027,1784980909.3578706,0.2749668986261704,0.8655824264386487,2.852520635707517,0.057871341705322266,0,0,1784980909.4106088,0.26713180322455665,0.8714991849198279,2.82134179378398,1784980909.4106514,0.007803006145785468,-0.005214752918565423,-0.03153444421404661,0.009196656206587533,-0.0034377704249746502,-0.031178841923536815,1784980909.410696,0.11720847400154845,0.14583049837913914,1784980909.3991346,17426.978515625,nan,nan,52.030174255371094,nan
15.562614440917969,1784980909.4559114,BSMC,circle,circle_dist_bsmc_30cm_yawfree_p02_manual,1784980909.413873,0.2676270817573016,0.8659055554985975,2.855512300937254,0.1157292504585544,0.04887947914216027,1784980909.4360054,0.2653874171290527,0.8686492190104048,2.8574050770814017,0.019906044006347656,0,0,1784980909.4508698,0.2630022403457377,0.8728588708280854,2.8256894443119345,1784980909.450912,0.006399059854084663,-0.005365611347950051,-0.02982285662531936,0.0034697992813925147,-0.003372051254150023,-0.031715632769467206,1784980909.4509587,0.11554765985638693,0.14633232801270993,1784980909.4511118,17427.029296875,nan,nan,50.961368560791016,nan
15.60280442237854,1784980909.4961014,BSMC,circle,circle_dist_bsmc_30cm_yawfree_p02_manual,1784980909.4636793,0.2621427135304496,0.8677777893432321,2.8584787579011173,0.11556989750936679,0.05066682405895783,1784980909.4360054,0.2653874171290527,0.8686492190104048,2.8574050770814017,0.060096025466918945,0,0,1784980909.4905932,0.25892952443793127,0.8741803894001579,2.829971202620345,1784980909.490637,0.004873819470261807,-0.005250119560973918,-0.028507555280772312,0.00774968190259305,-0.003498664645138553,-0.02743387446105672,1784980909.4906838,0.1137413419249083,0.14692647959966587,1784980909.4511118,17427.029296875,nan,nan,50.961368560791016,nan
15.642600774765015,1784980909.5358977,BSMC,circle,circle_dist_bsmc_30cm_yawfree_p02_manual,1784980909.5142891,0.25652428153741336,0.8693980549343587,2.861834414832002,0.11555620305938626,0.05342864183892522,1784980909.4360054,0.2653874171290527,0.8686492190104048,2.8574050770814017,0.09989237785339355,0,0,1784980909.5307775,0.2547870813880412,0.8755048022093409,2.834320217856246,1784980909.5308206,0.0033558768446114223,-0.005389649083500871,-0.027514196975756192,0.012097306372678803,-0.003608506248469909,-0.023084859225155793,1784980909.5308666,0.1119425487175187,0.1471639476324889,1784980909.502979,17427.080078125,nan,nan,52.05299758911133,nan
15.683231592178345,1784980909.5765285,BSMC,circle,circle_dist_bsmc_30cm_yawfree_p02_manual,1784980909.5636446,0.25100276372184427,0.8712476874854826,2.8640734433015904,0.1141640921436247,0.0529031846938202,1784980909.5555193,0.25079632731208235,0.8729469023548031,2.862735531913016,0.021009206771850586,0,0,1784980909.5704718,0.2506937725779619,0.8767940407826283,2.838611760863143,1784980909.5705082,0.001816706418160697,-0.005249484566504646,-0.025461682438447486,0.0011575452742301439,-0.0036702970580659677,-0.024123771049873177,1784980909.5705483,0.11012142435689777,0.14807220035976731,1784980909.546121,17427.125,nan,nan,44.0179557800293,nan
15.722444534301758,1784980909.6157415,BSMC,circle,circle_dist_bsmc_30cm_yawfree_p02_manual,1784980909.613883,0.24542170120356946,0.8728205313038706,2.867707149770562,0.1147091347228475,0.05629649613668881,1784980909.5555193,0.25079632731208235,0.8729469023548031,2.862735531913016,0.06022214889526367,0,0,1784980909.6108453,0.24653839179943238,0.878083119150991,2.842962501295882,1784980909.6108873,0.006166263874095283,-0.005350788030793376,-0.02111094200570829,0.0055072343723145565,-0.0037657811109683146,-0.01977303061713398,1784980909.6109326,0.1152952898312353,0.14971480799314052,1784980909.5980647,17427.17578125,nan,nan,50.380680084228516,nan
15.76249885559082,1784980909.6557958,BSMC,circle,circle_dist_bsmc_30cm_yawfree_p02_manual,1784980909.613883,0.24542170120356946,0.8728205313038706,2.867707149770562,0.1147091347228475,0.05629649613668881,1784980909.6356237,0.2410906734358429,0.8758955470911198,2.8669650437541057,0.020172119140625,0,0,1784980909.649983,0.24247714302902368,0.8793238833834482,2.8472090604389484,1784980909.6500158,0.004593794979637772,-0.00546452731709578,-0.020498089331613567,-0.0004047879347045748,-0.0036758583207230173,-0.019755983315157266,1784980909.6500556,0.11343014616529061,0.14983116408692496,1784980909.649266,17427.2265625,nan,nan,51.70838165283203,nan
15.802382946014404,1784980909.69568,BSMC,circle,circle_dist_bsmc_30cm_yawfree_p02_manual,1784980909.6641026,0.23946374569892356,0.8747354298379428,2.8713158158119763,0.11574814637970798,0.06055629193752661,1784980909.6356237,0.2410906734358429,0.8758955470911198,2.8669650437541057,0.060056209564208984,0,0,1784980909.6907058,0.2382876892758934,0.8805840965137031,2.851583953627425,1784980909.690749,0.002694945745517472,-0.005322337646468515,-0.019731862184551474,0.0039694266197468275,-0.0037527147772484235,-0.015381090126680874,1784980909.690797,0.11117787657727354,0.14450075308516297,1784980909.649266,17427.2265625,nan,nan,51.70838165283203,nan
15.842608213424683,1784980909.7359052,BSMC,circle,circle_dist_bsmc_30cm_yawfree_p02_manual,1784980909.7141476,0.23400956219918942,0.8762341637391738,2.8748883860101997,0.11459442053709945,0.0624245727852118,1784980909.6356237,0.2410906734358429,0.8758955470911198,2.8669650437541057,0.1002814769744873,0,0,1784980909.7307143,0.2341751802865476,0.8818017622041342,2.855872947462874,1784980909.7307572,0.0013075983525671752,-0.005414403805245107,-0.01901543854732557,0.008258041441823346,-0.0038094847426230313,-0.011092096291231535,1784980909.730801,0.10953259414007312,0.1397781921248332,1784980909.6983616,17427.275390625,nan,nan,48.90678024291992,nan
15.882357835769653,1784980909.7756548,BSMC,circle,circle_dist_bsmc_30cm_yawfree_p02_manual,1784980909.764167,0.22788836396294126,0.8781441498318799,2.878994597262125,0.11507145677786643,0.06559089009574624,1784980909.7564247,0.22601963058644053,0.880309428384282,2.8788985440610135,0.019230127334594727,0,0,1784980909.7710705,0.2299416448936168,0.8830352609471963,2.8602825248325643,1784980909.7711062,-0.0007132064378986452,-0.005256450047283531,-0.01871207242956086,-0.0030796123115074256,-0.0036508009254890158,-0.01861601922844924,1784980909.7711453,0.10713451686055528,0.13475484859079767,1784980909.7522106,17427.330078125,nan,nan,54.09162902832031,nan
15.922706365585327,1784980909.8160033,BSMC,circle,circle_dist_bsmc_30cm_yawfree_p02_manual,1784980909.8145204,0.22188743991287668,0.8797226097877637,2.8846032130362884,0.1185723632446948,0.07359012419555999,1784980909.7564247,0.22601963058644053,0.880309428384282,2.8788985440610135,0.059578657150268555,0,0,1784980909.8109,0.22581325081698256,0.8842186573359271,2.864577183493453,1784980909.8109396,0.003580859729226351,-0.005327586656719972,-0.014417413768672116,0.0012144606687076185,-0.003721525075796792,-0.014321360567560504,1784980909.8109794,0.11223925615475179,0.13639147313171052,1784980909.7972348,17427.375,nan,nan,45.77749252319336,nan
15.962521314620972,1784980909.8558183,BSMC,circle,circle_dist_bsmc_30cm_yawfree_p02_manual,1784980909.8145204,0.22188743991287668,0.8797226097877637,2.8846032130362884,0.1185723632446948,0.07359012419555999,1784980909.8464258,0.21600852030469914,0.8831497587356694,2.8826496697284694,0.009392499923706055,0,0,1784980909.8503113,0.22171700867944255,0.8853739086772537,2.868833218344527,1784980909.850356,0.00160122492931105,-0.005422389203057423,-0.01576999469176155,-0.004948660659439555,-0.003611708759707205,-0.013816451383942496,1784980909.8504016,0.10988722486184703,0.1264899273133901,1784980909.8507135,17427.42578125,nan,nan,50.26080322265625,nan
16.002359867095947,1784980909.8956568,BSMC,circle,circle_dist_bsmc_30cm_yawfree_p02_manual,1784980909.8641026,0.2156271807428971,0.8816322220391705,2.8887227704284846,0.1207836891411251,0.07807254513580769,1784980909.8464258,0.21600852030469914,0.8831497587356694,2.8826496697284694,0.04923105239868164,0,0,1784980909.8907204,0.21751583429267118,0.8865392394972356,2.8731930224979694,1784980909.890761,-0.0006009360650193543,-0.005223476659332264,-0.015529747930515203,-0.0005891551343471111,-0.00366244065058207,-0.009456647230499993,1784980909.890805,0.10727366580673753,0.12259291671863944,1784980909.8507135,17427.42578125,nan,nan,50.26080322265625,nan
16.043409824371338,1784980909.9367068,BSMC,circle,circle_dist_bsmc_30cm_yawfree_p02_manual,1784980909.9140651,0.21013909601093803,0.8830470127614182,2.8923297099907797,0.11763438003032273,0.0770481826207322,1784980909.8464258,0.21600852030469914,0.8831497587356694,2.8826496697284694,0.09028100967407227,0,0,1784980909.930529,0.21337238217973242,0.8876692727296392,2.877487809904891,1784980909.9305782,-0.001993095721355048,-0.005277025308699254,-0.014841900085888593,0.003705514247504752,-0.0036938320369410277,-0.0051618598235783075,1784980909.9306254,0.10562230036920806,0.12148847062222479,1784980909.8972406,17427.4765625,nan,nan,49.928714752197266,nan
16.082573652267456,1784980909.9758706,BSMC,circle,circle_dist_bsmc_30cm_yawfree_p02_manual,1784980909.9636858,0.20404416851185225,0.8848898823042016,2.89484054942784,0.11477376249982339,0.07573752133572745,1784980909.9561694,0.2007194708245309,0.8873158990213753,2.889642014298296,0.019701242446899414,0,0,1784980909.9701223,0.2092234431466301,0.8887816789508589,2.881783292540389,1784980909.9701583,-0.004071805175982773,-0.005038984966263152,-0.013057256887451185,-0.007870075373167819,-0.003539487205424505,-0.007858721757907361,1784980909.9701982,0.10315756082121054,0.12166033314640617,1784980909.9483893,17427.525390625,nan,nan,49.91444396972656,nan
16.12240982055664,1784980910.0157068,BSMC,circle,circle_dist_bsmc_30cm_yawfree_p02_manual,1784980910.0138824,0.19887334591989064,0.886175002152888,2.8994051121206756,0.11105547475151639,0.07841268971032145,1784980909.9561694,0.2007194708245309,0.8873158990213753,2.889642014298296,0.059537410736083984,0,0,1784980910.010737,0.20499756486466814,0.8898951105339159,2.8861533963764483,1784980910.0107808,0.0002980369016378361,-0.005086496657066969,-0.008687153051391672,-0.0035000453523160655,-0.003564281579001634,-0.0034886179218478475,1784980910.010826,0.10834969462995303,0.12333874571724399,1784980909.9981687,17427.576171875,nan,nan,50.57488250732422,nan
16.16241192817688,1784980910.055709,BSMC,circle,circle_dist_bsmc_30cm_yawfree_p02_manual,1784980910.0138824,0.19887334591989064,0.886175002152888,2.8994051121206756,0.11105547475151639,0.07841268971032145,1784980910.0366368,0.19067525091779608,0.8899877215144363,2.894766622212641,0.01907205581665039,0,0,1784980910.050055,0.20087994602395054,0.8909610528462896,2.8904067533100424,1784980910.0501,-0.0008002151261761632,-0.005127609674035404,-0.008998358810633267,-0.009657607758866465,-0.0034371192104758765,-0.0043598689025987625,1784980910.0501513,0.1070457722698224,0.11675286614867841,1784980910.0491018,17427.626953125,nan,nan,50.5427360534668,nan
16.20282244682312,1784980910.0961194,BSMC,circle,circle_dist_bsmc_30cm_yawfree_p02_manual,1784980910.0646236,0.1928345978598298,0.8879373594837626,2.902516766179113,0.10799742250689638,0.07901049312913827,1784980910.0366368,0.19067525091779608,0.8899877215144363,2.894766622212641,0.059482574462890625,0,0,1784980910.091191,0.19658639547439904,0.8920526706070565,2.89483690429576,1784980910.0912304,-0.002670560239054866,-0.004886704307789982,-0.007679861883353124,-0.005227470585590153,-0.003446620954059165,7.028208311865569e-05,1784980910.0912716,0.10482686007685431,0.11428165642799785,1784980910.0491018,17427.626953125,nan,nan,50.5427360534668,nan
16.24244713783264,1784980910.135744,BSMC,circle,circle_dist_bsmc_30cm_yawfree_p02_manual,1784980910.1146598,0.18787200061716255,0.889127766035065,2.907442809646882,0.10544502418815728,0.0823860675779923,1784980910.0366368,0.19067525091779608,0.8899877215144363,2.894766622212641,0.09910726547241211,0,0,1784980910.130601,0.19243890431712385,0.8930879558411635,2.899111658819991,1784980910.130638,-0.0035234539266584897,-0.0049117191625500396,-0.008331150826891065,-0.0009527297331946616,-0.0034371837671362732,0.004345036607349862,1784980910.130677,0.10381391217473357,0.10836570370237399,1784980910.100029,17427.677734375,nan,nan,51.32609939575195,nan
16.28284502029419,1784980910.176142,BSMC,circle,circle_dist_bsmc_30cm_yawfree_p02_manual,1784980910.1640437,0.1817166237776093,0.8908486540146945,2.910486063692113,0.10311577831870788,0.08160157800728075,1784980910.1565819,0.17526782561607093,0.893751139484858,2.9058702978741042,0.01956009864807129,0,0,1784980910.1705728,0.1882493169638746,0.8941146576326012,2.9034252173984822,1784980910.1706104,-0.005610917964223744,-0.0046755170298917875,-0.007060846293630796,-0.012537601785448606,-0.003385233304567924,-0.0024450804756219746,1784980910.1706524,0.10133714818793084,0.1080252471331705,1784980910.1492717,17427.7265625,nan,nan,48.622005462646484,nan
16.3223717212677,1784980910.2156687,BSMC,circle,circle_dist_bsmc_30cm_yawfree_p02_manual,1784980910.2141292,0.17676248296260302,0.8919964893682798,2.9156199596399133,0.10243527207573358,0.08526026787341608,1784980910.1565819,0.17526782561607093,0.893751139484858,2.9058702978741042,0.05908679962158203,0,0,1784980910.2105055,0.18405812022679857,0.8951226155770912,2.9077359178150473,1784980910.2105463,-0.001300272751212675,-0.0046966630527283965,-0.0027501458770657905,-0.008226904887395182,-0.0033864822439676127,0.001865619940943031,1784980910.2105913,0.10645616782624133,0.10969427155021712,1784980910.198951,17427.77734375,nan,nan,50.195884704589844,nan
16.362438440322876,1784980910.2557354,BSMC,circle,circle_dist_bsmc_30cm_yawfree_p02_manual,1784980910.2141292,0.17676248296260302,0.8919964893682798,2.9156199596399133,0.10243527207573358,0.08526026787341608,1784980910.2373128,0.1654952096639455,0.8962807752692159,2.9115707733440783,0.018422603607177734,0,0,1784980910.250198,0.17989456133709536,0.896105032509562,2.9120138137424765,1784980910.2502317,-0.0021319130895713573,-0.0047058461796210095,-0.0036061458974367966,-0.014060162146897296,-0.0031119213562638918,0.0004430403983981534,1784980910.2502751,0.10546871693187519,0.1053201160165841,1784980910.249937,17427.828125,nan,nan,50.29127883911133,nan
16.402472019195557,1784980910.295769,BSMC,circle,circle_dist_bsmc_30cm_yawfree_p02_manual,1784980910.263923,0.17019409475071026,0.89375937039148,2.9198624656338144,0.10427431495244203,0.08887395536750277,1784980910.2373128,0.1654952096639455,0.8962807752692159,2.9115707733440783,0.0584561824798584,0,0,1784980910.2906659,0.175650010846781,0.8970872341979014,2.9163705279911336,1784980910.2907197,-0.004590490172347633,-0.004446245375486249,-0.0034919376426807425,-0.009703466312898845,-0.003100500698437493,0.004799754647055288,1784980910.290776,0.10255042971015342,0.10377852895832415,1784980910.249937,17427.828125,nan,nan,50.29127883911133,nan
16.44246530532837,1784980910.3357623,BSMC,circle,circle_dist_bsmc_30cm_yawfree_p02_manual,1784980910.3141065,0.16511706401775236,0.8948898922122566,2.9250826483006955,0.10401361412955273,0.09152636763163594,1784980910.2373128,0.1654952096639455,0.8962807752692159,2.9115707733440783,0.0984494686126709,0,0,1784980910.330332,0.17145938248614434,0.8980378737179366,2.920667632826644,1784980910.3303742,-0.005517988132605255,-0.004436958201632886,-0.004415015474051653,-0.00540646851289551,-0.0030706433577707597,0.009096859482565558,1784980910.3304183,0.101449095500779,0.10103798731381206,1784980910.3009467,17427.87890625,nan,nan,51.63761520385742,nan
16.482850074768066,1784980910.376147,BSMC,circle,circle_dist_bsmc_30cm_yawfree_p02_manual,1784980910.3636794,0.15852639667305082,0.8966375651712455,2.9268481066373453,0.10385160670802435,0.08908644075138981,1784980910.3601058,0.15058210182726955,0.8996179222417378,2.9157199158178515,0.016041278839111328,0,0,1784980910.3709378,0.16721529293284831,0.8989813709348293,2.9250153348530112,1784980910.3710115,-0.007989859839139133,-0.004141555676535473,-0.001832771784334053,-0.01635325192435344,-0.0031047375766176505,0.009295419035159735,1784980910.371064,0.0985158549821623,0.1042255637410879,1784980910.3498108,17427.927734375,nan,nan,48.627567291259766,nan
16.522331714630127,1784980910.4156287,BSMC,circle,circle_dist_bsmc_30cm_yawfree_p02_manual,1784980910.4143689,0.15367373025295766,0.8976894895398561,2.9313739233627643,0.10128896037203448,0.08913745372492705,1784980910.3601058,0.15058210182726955,0.8996179222417378,2.9157199158178515,0.055522918701171875,0,0,1784980910.4112816,0.16296268610378617,0.8999073672606708,2.9293675944889364,1784980910.4113846,-0.003637603894817847,-0.004140061294433955,0.0025194878515910624,-0.01200128209103363,-0.003054811552019375,0.013647678671084853,1784980910.411452,0.10368182139480468,0.10592457459216756,1784980910.3999918,17427.978515625,nan,nan,50.20850372314453,nan
16.56248116493225,1784980910.4557781,BSMC,circle,circle_dist_bsmc_30cm_yawfree_p02_manual,1784980910.4143689,0.15367373025295766,0.8976894895398561,2.9313739233627643,0.10128896037203448,0.08913745372492705,1784980910.4357216,0.1408658636040801,0.901867905733419,2.9274643299784255,0.020056486129760742,0,0,1784980910.450414,0.1587953287983711,0.9007960198334509,2.9336286504352866,1784980910.4504464,-0.0043605965208938615,-0.004106884476993727,0.002254727072522389,-0.01774776312915078,-0.00276252881385863,0.006164320456861105,1784980910.4504871,0.10282369740493003,0.10394892655449481,1784980910.4501548,17428.02734375,nan,nan,50.0985221862793,nan
16.60271906852722,1784980910.496016,BSMC,circle,circle_dist_bsmc_30cm_yawfree_p02_manual,1784980910.46394,0.14701646199497506,0.8993330901755638,2.9352285609972117,0.1020184645459098,0.09049138416390283,1784980910.4357216,0.1408658636040801,0.901867905733419,2.9274643299784255,0.060294389724731445,0,0,1784980910.490381,0.15456221417010263,0.901679713992439,2.9379530236805254,1784980910.4904215,-0.006904820256236053,-0.0038429775507333166,0.002724462683313611,-0.013423543158327727,-0.002726522333536194,0.010488693702099816,1784980910.4904675,0.09980357753046246,0.10380681072527487,1784980910.4501548,17428.02734375,nan,nan,50.0985221862793,nan
16.642507314682007,1784980910.5358043,BSMC,circle,circle_dist_bsmc_30cm_yawfree_p02_manual,1784980910.5141034,0.1418475531316293,0.9003944533805194,2.9411690937571815,0.10346412304876322,0.09538964415582693,1784980910.4357216,0.1408658636040801,0.901867905733419,2.9274643299784255,0.1000826358795166,0,0,1784980910.5312457,0.150281299938393,0.9025539848186149,2.942322303541976,1784980910.5312905,-0.007834993859018011,-0.0037953303495045156,0.0011532097847943845,-0.009054617649824683,-0.0026711505184332717,0.014857973563550342,1784980910.5313435,0.09869979047514195,0.10046870184940482,1784980910.499556,17428.078125,nan,nan,49.897464752197266,nan
16.682812452316284,1784980910.5761094,BSMC,circle,circle_dist_bsmc_30cm_yawfree_p02_manual,1784980910.5642538,0.13471658450405416,0.9020720446821544,2.945148683358149,0.1043923857794364,0.09492042994226635,1784980910.5559647,0.12547169166518554,0.9051839421404192,2.94097265850558,0.02014470100402832,0,0,1784980910.5707386,0.1460583205791398,0.9033973580667946,2.946628678091842,1784980910.5707815,-0.01086492024901349,-0.003513536786057919,0.0014799947336929797,-0.020529752321379033,-0.002351689247289992,0.005656019586261607,1784980910.5708284,0.09510322138368434,0.10185161116323739,1784980910.5515058,17428.12890625,nan,nan,50.446651458740234,nan
16.722792863845825,1784980910.6160898,BSMC,circle,circle_dist_bsmc_30cm_yawfree_p02_manual,1784980910.6140983,0.12956776852568772,0.9030810617997483,2.950826318099865,0.10469215374709159,0.09820594020217083,1784980910.5559647,0.12547169166518554,0.9051839421404192,2.94097265850558,0.060125112533569336,0,0,1784980910.6103334,0.1418372348342397,0.904221478933093,2.9509294650638873,1784980910.6103702,-0.006564164933105743,-0.0034979233060295225,0.00578078170573848,-0.01622909970833863,-0.0023181158945219443,0.009956806558307106,1784980910.6104126,0.10020653168782374,0.10354049146329841,1784980910.600308,17428.1796875,nan,nan,50.77347183227539,nan
16.762651920318604,1784980910.6559489,BSMC,circle,circle_dist_bsmc_30cm_yawfree_p02_manual,1784980910.6140983,0.12956776852568772,0.9030810617997483,2.950826318099865,0.10469215374709159,0.09820594020217083,1784980910.6366923,0.11397274512709868,0.9076512627188579,2.956900364782244,0.019256591796875,0,0,1784980910.6503718,0.1376142631844247,0.9050271329005458,2.955228604086715,1784980910.6504188,-0.007531527714235421,-0.0034364748379910907,0.004402285986849996,-0.02372134805030809,-0.0017621237284515374,-0.001671760695529212,1784980910.6504772,0.09905903007830956,0.10087762375901299,1784980910.6505725,17428.228515625,nan,nan,49.65993881225586,nan
16.80235481262207,1784980910.6956518,BSMC,circle,circle_dist_bsmc_30cm_yawfree_p02_manual,1784980910.6638815,0.12228780204429997,0.9046632820155579,2.9575298463807655,0.10538353000124517,0.10304200845601286,1784980910.6366923,0.11397274512709868,0.9076512627188579,2.956900364782244,0.0589594841003418,0,0,1784980910.6906753,0.1333294450383632,0.9058253782282676,2.9595871465290364,1784980910.690717,-0.01064243695242573,-0.0031633658229144185,0.0020573001482708797,-0.01936280961924148,-0.0017599117241314875,0.002686781746792377,1784980910.6907651,0.09536719878342066,0.09741587302510023,1784980910.6505725,17428.228515625,nan,nan,49.65993881225586,nan
16.842710494995117,1784980910.7360075,BSMC,circle,circle_dist_bsmc_30cm_yawfree_p02_manual,1784980910.7138655,0.11729949131949335,0.9055772754911314,2.9633285936060294,0.10370212322757837,0.10530034846445772,1784980910.6366923,0.11397274512709868,0.9076512627188579,2.956900364782244,0.09931516647338867,0,0,1784980910.7305331,0.12908797318795695,0.9065965396036888,2.96389815593608,1784980910.7305741,-0.011420932384863391,-0.0030934620661357687,0.0005695623300505659,-0.015051854092071304,-0.0017390366794365181,0.006997791153835919,1784980910.7306182,0.09444333574150025,0.09444199989796477,1784980910.7014003,17428.279296875,nan,nan,50.187286376953125,nan
16.88278889656067,1784980910.7760859,BSMC,circle,circle_dist_bsmc_30cm_yawfree_p02_manual,1784980910.7639065,0.1099309921671294,0.9070927610740781,2.9693379473764367,0.1024525092679891,0.10714779639368441,1784980910.7569847,0.0981929792069545,0.9104407658291968,2.9698321148817475,0.01910114288330078,0,0,1784980910.7703967,0.12485440141134396,0.9073474497920557,2.968197809943038,1784980910.770437,-0.014658900112780199,-0.0028088533776091692,-0.0011401374333988024,-0.026797810768544945,-0.0015090977700606602,-0.0016343049387095299,1784980910.7705004,0.09059981537081568,0.09218793663740585,1784980910.7560942,17428.333984375,nan,nan,54.90179443359375,nan
16.922300815582275,1784980910.8155978,BSMC,circle,circle_dist_bsmc_30cm_yawfree_p02_manual,1784980910.814688,0.10531067682081349,0.9078890070778718,2.9745913231751047,0.09788196507641976,0.10647129973068153,1784980910.7569847,0.0981929792069545,0.9104407658291968,2.9698321148817475,0.05861306190490723,0,0,1784980910.810299,0.12060357850240444,0.9080825507756554,2.972511729010421,1784980910.8103437,-0.010344986620600327,-0.002804466893519724,0.003173781633984074,-0.022483895635439375,-0.0015068430822886007,0.0026796141286733466,1784980910.8103938,0.09571995694575154,0.09387402930723562,1784980910.800719,17428.37890625,nan,nan,45.38057327270508,nan
16.962319135665894,1784980910.855616,BSMC,circle,circle_dist_bsmc_30cm_yawfree_p02_manual,1784980910.814688,0.10531067682081349,0.9078890070778718,2.9745913231751047,0.09788196507641976,0.10647129973068153,1784980910.8440506,0.09001659749602071,0.911633198222021,2.982190419647059,0.011565446853637695,0,0,1784980910.8504438,0.11632656031492394,0.9088031418922685,2.9768490283573446,1784980910.8504903,-0.010710673633010849,-0.0027325449569647405,0.0022577051822398886,-0.02642562342320846,-0.0013819511772921555,-0.005341391289714448,1784980910.8505383,0.09528615514716778,0.09119497591696733,1784980910.8553472,17428.43359375,nan,nan,54.24009323120117,nan
17.002619981765747,1784980910.895917,BSMC,circle,circle_dist_bsmc_30cm_yawfree_p02_manual,1784980910.863782,0.09903005667699227,0.9090844780446359,2.980062439032374,0.09346136188753777,0.1049078980195154,1784980910.8440506,0.09001659749602071,0.911633198222021,2.982190419647059,0.05186629295349121,0,0,1784980910.8902936,0.11207756929636004,0.9095001412119317,2.9811548106754597,1784980910.890333,-0.01281081392969571,-0.002508666554152172,0.0010923716430855102,-0.022119866318670366,-0.0013956801309077233,-0.0010356089715992667,1784980910.8903778,0.09279349942856403,0.08911053071508143,1784980910.8553472,17428.43359375,nan,nan,54.24009323120117,nan
17.042601346969604,1784980910.9358983,BSMC,circle,circle_dist_bsmc_30cm_yawfree_p02_manual,1784980910.913978,0.09471053450887915,0.9097824030422101,2.985211055401513,0.09067535833736287,0.10448352293466555,1784980910.8440506,0.09001659749602071,0.911633198222021,2.982190419647059,0.09184765815734863,0,0,1784980910.9301536,0.10781923210892175,0.9101798438706477,2.985467056044417,1784980910.93019,-0.012886836634982203,-0.002434204906073497,0.00025600064290376423,-0.01780762699800608,-0.001390848205593571,0.0032766363973579793,1784980910.9302294,0.09270332137531437,0.0873559372239033,1784980910.9017172,17428.478515625,nan,nan,45.481285095214844,nan
17.082444667816162,1784980910.9757416,BSMC,circle,circle_dist_bsmc_30cm_yawfree_p02_manual,1784980910.9642823,0.08777091862629488,0.9109281339531601,2.9943251470375065,0.0936358322841376,0.11151640229686965,1784980910.9572744,0.07757980523856466,0.9134024957403116,3.003186190708811,0.018467187881469727,0,0,1784980910.9702716,0.10355352374016358,0.9108418626188368,2.9897838332737265,1784980910.9703107,-0.015624428943325115,-0.0022305351641309576,-0.004541313763779975,-0.026078612313234148,-0.0010473178119025013,-0.013402357435084332,1784980910.97035,0.0894526891755292,0.08382941936058182,1784980910.9577508,17428.53515625,nan,nan,57.14348220825195,nan
17.122910976409912,1784980911.016208,BSMC,circle,circle_dist_bsmc_30cm_yawfree_p02_manual,1784980911.0136762,0.08302499705024016,0.9116324202316507,2.9995170849134367,0.09511582099465332,0.11036284046875273,1784980910.9572744,0.07757980523856466,0.9134024957403116,3.003186190708811,0.05893349647521973,0,0,1784980911.0103798,0.0992510207497489,0.9114905084804756,2.9941349599445637,1784980911.010418,-0.011273317880979112,-0.0022408288261943276,-0.00019018709294282843,-0.021727763281641638,-0.0010961659504440402,-0.009051230764247187,1784980911.0104675,0.09461856972203675,0.08551969601910599,1784980911.0017784,17428.580078125,nan,nan,43.8986930847168,nan
17.162588119506836,1784980911.055885,BSMC,circle,circle_dist_bsmc_30cm_yawfree_p02_manual,1784980911.0136762,0.08302499705024016,0.9116324202316507,2.9995170849134367,0.09511582099465332,0.11036284046875273,1784980911.0361102,0.06877942225355049,0.9146090374365252,3.0153736039071966,0.019774913787841797,0,0,1784980911.0504508,0.09499133044241659,0.9121138567019991,2.998440021284896,1784980911.0504918,-0.011777592918421478,-0.0021709953882139655,-0.0010770636285406532,-0.026317494803670294,-0.0008243330991067974,-0.01693358262230049,1784980911.0505285,0.09401993456227253,0.08667318353469207,1784980911.0017784,17428.580078125,nan,nan,43.8986930847168,nan
17.202478647232056,1784980911.0957756,BSMC,circle,circle_dist_bsmc_30cm_yawfree_p02_manual,1784980911.0640016,0.07595673351806935,0.9126963010519996,3.008269202986492,0.09923599742255193,0.11489206294622982,1784980911.0361102,0.06877942225355049,0.9146090374365252,3.0153736039071966,0.05966544151306152,0,0,1784980911.0902443,0.09073075566096922,0.9127186150761781,3.002743305929976,1784980911.090284,-0.01463994517366912,-0.001986009442709915,-0.005525897056515738,-0.022014683616293395,-0.0008879416302105538,-0.012630297977220373,1784980911.090328,0.09062073616398356,0.08521498996811196,1784980911.0630558,17428.640625,nan,nan,59.928199768066406,nan
17.242419719696045,1784980911.1357167,BSMC,circle,circle_dist_bsmc_30cm_yawfree_p02_manual,1784980911.1137247,0.07073136577716742,0.9133865672763994,3.0147774566506653,0.10220932891535901,0.11768678668781943,1784980911.0361102,0.06877942225355049,0.9146090374365252,3.0153736039071966,0.09960651397705078,0,0,1784980911.1306078,0.08641063933742754,0.9133127446103009,3.0071040885532674,1784980911.1306517,-0.015562701422060104,-0.0019098150725424977,-0.007673368097397937,-0.01765414254584573,-0.0009335105361367444,-0.008269515353929169,1784980911.1306958,0.08952389387640604,0.08474015862876959,1784980911.1019351,17428.6796875,nan,nan,40.100528717041016,nan
17.282914638519287,1784980911.1762116,BSMC,circle,circle_dist_bsmc_30cm_yawfree_p02_manual,1784980911.1637409,0.06363450464457826,0.9143609426547711,3.0227097771395655,0.10334448222412801,0.11849401483814258,1784980911.15726,0.05449250376321803,0.9163542371792923,3.0319294063562343,0.0189516544342041,0,0,1784980911.1706336,0.082145699742316,0.9138804732454787,3.0114066522205647,1784980911.1706774,-0.018437523582555983,-0.0017184059306425857,-0.011303124919000762,-0.027757821074253054,-0.0005675606297043129,-0.02052275413566962,1784980911.17072,0.08610776050677978,0.08371520594967864,1784980911.1624434,17428.740234375,nan,nan,61.151893615722656,nan
17.32249426841736,1784980911.2157912,BSMC,circle,circle_dist_bsmc_30cm_yawfree_p02_manual,1784980911.2143216,0.058466406477797335,0.9149763218308002,3.02839810077874,0.10319308955973547,0.11743805127696373,1784980911.15726,0.05449250376321803,0.9163542371792923,3.0319294063562343,0.05853128433227539,0,0,1784980911.2106717,0.07784157139865067,0.914434501122378,3.015746294745284,1784980911.2107196,-0.01409806546219,-0.0017580406214395704,-0.00696348239428124,-0.023418912794918288,-0.0006472012640881626,-0.016183111610950096,1784980911.2107701,0.09126297784226026,0.0853858642390605,1784980911.2041605,17428.78125,nan,nan,40.89632034301758,nan
17.363321542739868,1784980911.2566185,BSMC,circle,circle_dist_bsmc_30cm_yawfree_p02_manual,1784980911.2143216,0.058466406477797335,0.9149763218308002,3.02839810077874,0.10319308955973547,0.11743805127696373,1784980911.2379518,0.045913553222485914,0.9173241730556243,3.0430048838298496,0.018666744232177734,0,0,1784980911.2504368,0.07357914352747763,0.9149644638658113,3.0200415456379233,1784980911.250478,-0.015017359976236025,-0.001695246615763466,-0.008356555140816901,-0.027763512439313815,-0.00037482184595701365,-0.022963338191926308,1784980911.2505221,0.09017062280140571,0.08531972655363022,1784980911.2041605,17428.78125,nan,nan,40.89632034301758,nan
17.40258812904358,1784980911.295885,BSMC,circle,circle_dist_bsmc_30cm_yawfree_p02_manual,1784980911.2640655,0.051660244541103406,0.915806787933083,3.036900246606211,0.1042221830692098,0.1208238806862889,1784980911.2379518,0.045913553222485914,0.9173241730556243,3.0430048838298496,0.05793333053588867,0,0,1784980911.2906501,0.06927074974690606,0.9154812637038343,3.0243808276737507,1784980911.2906954,-0.017548101045255785,-0.001516578165780761,-0.012519418932460447,-0.023425171878064366,-0.0004650449896964825,-0.018624056156098856,1784980911.2907424,0.08716194043390642,0.0827967378546322,1784980911.2643836,17428.84375,nan,nan,61.0789794921875,nan
17.44236707687378,1784980911.335664,BSMC,circle,circle_dist_bsmc_30cm_yawfree_p02_manual,1784980911.313762,0.04719699843108203,0.9162614873233749,3.043030285299059,0.09852203648880181,0.1211963636855299,1784980911.2379518,0.045913553222485914,0.9173241730556243,3.0430048838298496,0.09771227836608887,0,0,1784980911.3308122,0.06497578663346082,0.9159775912473604,3.028704376944381,1784980911.3308492,-0.01772043789769325,-0.0014669654532457285,-0.014325908354678061,-0.019102211816703015,-0.0005362172047284834,-0.01430050688546869,1784980911.3308916,0.08695475789586686,0.07890641069912514,1784980911.3022814,17428.880859375,nan,nan,37.89073944091797,nan
17.48272180557251,1784980911.3760188,BSMC,circle,circle_dist_bsmc_30cm_yawfree_p02_manual,1784980911.3638442,0.04045076050752078,0.916957733397815,3.052114115089475,0.09976593523097288,0.12515688176649215,1784980911.3578227,0.032300404496977776,0.9184306796387289,3.061397751936516,0.01819610595703125,0,0,1784980911.370363,0.060706107176363155,0.9164523590826534,3.0330003745640095,1784980911.3704026,-0.020219474299230385,-0.0013066487424594686,-0.01911374052546533,-0.02847289115211599,-0.0003035891499829509,-0.028397377372506586,1784980911.3704443,0.08397975651326871,0.07613106143139216,1784980911.367429,17428.9453125,nan,nan,65.19339752197266,nan
17.52242684364319,1784980911.4157238,BSMC,circle,circle_dist_bsmc_30cm_yawfree_p02_manual,1784980911.41432,0.036646907261658965,0.9172907887880157,3.0572798410810518,0.0903131318809745,0.12119546215958145,1784980911.3578227,0.032300404496977776,0.9184306796387289,3.061397751936516,0.05790114402770996,0,0,1784980911.410129,0.05643478605374064,0.9169087425309378,3.037296011694747,1784980911.4101684,-0.01592445868938827,-0.0013795246345074251,-0.014818103394727887,-0.024178737169464136,-0.0004163346940386978,-0.024101740241769143,1784980911.4102113,0.08908581063849248,0.07776715388975726,1784980911.402731,17428.98046875,nan,nan,34.5535774230957,nan
17.562472820281982,1784980911.4557698,BSMC,circle,circle_dist_bsmc_30cm_yawfree_p02_manual,1784980911.41432,0.036646907261658965,0.9172907887880157,3.0572798410810518,0.0903131318809745,0.12119546215958145,1784980911.4370067,0.02268408329028921,0.9194212112634738,3.074107138453042,0.018763065338134766,0,0,1784980911.450792,0.05206925818262431,0.9173560290061993,3.041684397467452,1784980911.4508302,-0.015362073263813877,-0.001363770234564503,-0.01559544361359988,-0.02945755003418901,7.89125600515533e-05,-0.03242274098559017,1784980911.4508715,0.08975208553752669,0.0741079540725198,1784980911.45277,17429.03125,nan,nan,50.5552978515625,nan
17.602753400802612,1784980911.4960504,BSMC,circle,circle_dist_bsmc_30cm_yawfree_p02_manual,1784980911.4637368,0.03038237791674733,0.9178731307473995,3.0661315047533004,0.08964798005501369,0.12403494291141479,1784980911.4370067,0.02268408329028921,0.9194212112634738,3.074107138453042,0.05904364585876465,0,0,1784980911.4906433,0.047792289444134495,0.9177754804505497,3.0459818885410606,1784980911.4906886,-0.0173677274879021,-0.001215153026533336,-0.02014961621223987,-0.025162031472740206,-5.116969252606904e-05,-0.02812524991198151,1784980911.4907367,0.08736258383382883,0.07098596042686382,1784980911.45277,17429.03125,nan,nan,50.5552978515625,nan
17.642375230789185,1784980911.5356722,BSMC,circle,circle_dist_bsmc_30cm_yawfree_p02_manual,1784980911.5141394,0.02590175850443343,0.918209699431321,3.0721029376582,0.08939975726207765,0.12303997499680412,1784980911.4370067,0.02268408329028921,0.9194212112634738,3.074107138453042,0.09866547584533691,0,0,1784980911.5303493,0.043506403515583325,0.918177202903428,3.0502865636432945,1784980911.5303853,-0.017564413633539434,-0.0011899393694067598,-0.02181637401490555,-0.02085881156144536,-0.00016296198535093094,-0.02382057480974753,1784980911.5304239,0.08712534051090966,0.07059576386775064,1784980911.5026689,17429.080078125,nan,nan,49.6456298828125,nan
17.683246850967407,1784980911.5765438,BSMC,circle,circle_dist_bsmc_30cm_yawfree_p02_manual,1784980911.5637882,0.019291415378865532,0.9187368540454628,3.081407089651973,0.09087669002540165,0.12578003910226726,1784980911.5579822,0.009406180539709263,0.9203981660844553,3.093819968857939,0.018561601638793945,0,0,1784980911.5706024,0.03920787468580034,0.9185614276511539,3.054602233656722,1784980911.5706434,-0.019890950241422498,-0.0010228510340536219,-0.026804855995250954,-0.029855406015766008,0.0004114774395865394,-0.03921773520121707,1784980911.5706887,0.08435064537000195,0.06849835587013525,1784980911.5523667,17429.130859375,nan,nan,49.742393493652344,nan
17.722521543502808,1784980911.6158185,BSMC,circle,circle_dist_bsmc_30cm_yawfree_p02_manual,1784980911.6138241,0.014722689733296346,0.9190130067370406,3.0871721147811275,0.0911306266512751,0.1238983734420794,1784980911.5579822,0.009406180539709263,0.9203981660844553,3.093819968857939,0.057836294174194336,0,0,1784980911.6100311,0.03493690451806786,0.9189246797196341,3.05888862682231,1784980911.6100738,-0.015605863776900174,-0.0011285498064378353,-0.022518462829662855,-0.025571961661546617,0.00025259791534880437,-0.034931342035628976,1784980911.6101246,0.08944845847080744,0.07011355897795307,1784980911.6032014,17429.181640625,nan,nan,50.44591522216797,nan
17.762596130371094,1784980911.655893,BSMC,circle,circle_dist_bsmc_30cm_yawfree_p02_manual,1784980911.6138241,0.014722689733296346,0.9190130067370406,3.0871721147811275,0.0911306266512751,0.1238983734420794,1784980911.6376832,0.0014106942881333615,0.9208069948479398,3.1032167275465317,0.01820993423461914,0,0,1784980911.6501472,0.03061538660772689,0.9192734729491253,3.063224200972396,1784980911.6501853,-0.01585500109984115,-0.0011245428912265742,-0.023947913808731517,-0.029242025791771157,0.000411910778760927,-0.039992526574135656,1784980911.6502278,0.089149146035441,0.07039438619264585,1784980911.6032014,17429.181640625,nan,nan,50.44591522216797,nan
17.802821159362793,1784980911.696118,BSMC,circle,circle_dist_bsmc_30cm_yawfree_p02_manual,1784980911.664646,0.008294324964639724,0.9194406520342127,3.0960261239138482,0.09159258149604098,0.1261561366832811,1784980911.6376832,0.0014106942881333615,0.9208069948479398,3.1032167275465317,0.05843496322631836,0,0,1784980911.6912014,0.026207477453830563,0.9196098214191908,3.067644927748519,1784980911.6912377,-0.01788685329558517,-0.0009849515541547125,-0.028381196165329303,-0.024824457513213636,0.00024492602915553185,-0.035571799798012727,1784980911.6912766,0.08672481147377044,0.06814227702825482,1784980911.6567414,17429.234375,nan,nan,53.32331466674805,nan
17.84241223335266,1784980911.7357092,BSMC,circle,circle_dist_bsmc_30cm_yawfree_p02_manual,1784980911.7141721,0.00405845918729487,0.9196345666404205,3.1014362774139563,0.08895166863585664,0.12320511953686658,1784980911.6376832,0.0014106942881333615,0.9208069948479398,3.1032167275465317,0.09802603721618652,0,0,1784980911.7302744,0.022001255792117536,0.9199125138101005,3.0718620297993002,1784980911.7303188,-0.01791717350735141,-0.0009980471625297685,-0.029574247614656102,-0.020609719497506625,0.00010383453425710158,-0.03135469774723143,1784980911.7303672,0.08668508813853454,0.0673946402506513,1784980911.7028358,17429.28125,nan,nan,47.00875473022461,nan
17.882965087890625,1784980911.776262,BSMC,circle,circle_dist_bsmc_30cm_yawfree_p02_manual,1784980911.7637796,-0.0016474518619972382,0.9199616713514779,3.1073174530469476,0.08658036312063111,0.12018763204245818,1784980911.757077,-0.009257126378116924,0.9209320282688116,3.110433280021492,0.01918506622314453,0,0,1784980911.770404,0.017670771833936616,0.9202055291146741,3.0762024190510093,1784980911.7704434,-0.01929852074755011,-0.0009057208903350552,-0.03111503399593829,-0.026937460628761217,-0.00011277417088196076,-0.03423086097048289,1784980911.7704844,0.08504038024200551,0.06675739503300682,1784980911.7540522,17429.33203125,nan,nan,51.31842041015625,nan
17.92286229133606,1784980911.8161592,BSMC,circle,circle_dist_bsmc_30cm_yawfree_p02_manual,1784980911.8143282,-0.0058380346188879086,0.9201091448335004,3.112385430701303,0.08488350578702737,0.11660990722575655,1784980911.757077,-0.009257126378116924,0.9209320282688116,3.110433280021492,0.0590822696685791,0,0,1784980911.81004,0.013386012962114502,0.9204768743946651,3.080495764502364,1784980911.8100777,-0.015006979880942985,-0.0010300745829729125,-0.02682168854458356,-0.022646328058050103,-0.00025049893704229097,-0.029937515519128155,1784980911.8101215,0.09014786944947306,0.06836544412539952,1784980911.8043485,17429.380859375,nan,nan,48.98049545288086,nan
17.962597846984863,1784980911.8558948,BSMC,circle,circle_dist_bsmc_30cm_yawfree_p02_manual,1784980911.8143282,-0.0058380346188879086,0.9201091448335004,3.112385430701303,0.08488350578702737,0.11660990722575655,1784980911.8465626,-0.018700173507651817,0.9212244750491385,3.126064861681069,0.00933218002319336,0,0,1784980911.8501701,0.009066477224785152,0.9207317342876005,3.084822815665084,1784980911.850215,-0.014879973536520041,-0.001057581429021157,-0.02756261503621893,-0.027770954227433843,6.154391113419305e-05,-0.041242046015985245,1784980911.85026,0.09029645033084566,0.06853695835198542,1784980911.8043485,17429.380859375,nan,nan,48.98049545288086,nan
18.002520322799683,1784980911.8958173,BSMC,circle,circle_dist_bsmc_30cm_yawfree_p02_manual,1784980911.8636446,-0.01175410246559124,0.920339638682644,3.119823702120932,0.08609229515425999,0.11732401455936098,1784980911.8465626,-0.018700173507651817,0.9212244750491385,3.126064861681069,0.049254655838012695,0,0,1784980911.8901005,0.00476200168691332,0.9209670545828936,3.0891337220753012,1784980911.8901439,-0.01649853381390255,-0.0009867771175796044,-0.030689980045630616,-0.023463343752439,-0.00010691170090807237,-0.036931139605767875,1784980911.8901906,0.08836538311158874,0.06773588996243331,1784980911.8569314,17429.435546875,nan,nan,53.82154083251953,nan
18.0423641204834,1784980911.935661,BSMC,circle,circle_dist_bsmc_30cm_yawfree_p02_manual,1784980911.9135618,-0.01622598774153481,0.9204385281818315,3.1252636530172033,0.08766522963750424,0.11584088403850024,1784980911.8465626,-0.018700173507651817,0.9212244750491385,3.126064861681069,0.08909845352172852,0,0,1784980911.9300716,0.0004472412927757352,0.921184265139101,3.093453949698287,1784980911.9301047,-0.01665882964192259,-0.0010178826068928258,-0.03180970331891641,-0.019145730854016153,-0.00025710006237097467,-0.03261091198278221,1784980911.9301412,0.08817133353206737,0.06875141404191058,1784980911.9047809,17429.482421875,nan,nan,46.50382995605469,nan
18.082754373550415,1784980911.9760513,BSMC,circle,circle_dist_bsmc_30cm_yawfree_p02_manual,1784980911.9640346,-0.022932573742243067,0.9206241742235242,3.1344581953127753,0.09061962860620963,0.11914667252500924,1784980911.959435,-0.03266029438389022,0.921762034597732,-3.1362434535945662,0.016616344451904297,0,0,1784980911.9705107,-0.003910065219589254,0.9213846582297134,3.097815865286666,1784980911.9705489,-0.019016598801773612,-0.000896178793817932,-0.03664233002610917,-0.02874779918456812,0.0005311609612020424,-0.04912598829835371,1784980911.9705918,0.08535480167536125,0.06717712921985937,1784980911.9602458,17429.537109375,nan,nan,55.63373947143555,nan
18.12239098548889,1784980912.015688,BSMC,circle,circle_dist_bsmc_30cm_yawfree_p02_manual,1784980912.0138261,-0.027473495805886414,0.9206569568650274,3.1399708124879955,0.09088493022246052,0.11764190442588303,1784980911.959435,-0.03266029438389022,0.921762034597732,-3.1362434535945662,0.05625295639038086,0,0,1784980912.0100498,-0.008185948230829965,0.9215627960846688,3.102095460661727,1784980912.010091,-0.01473955370603998,-0.001043806264994377,-0.03236273465104844,-0.0244729302385813,0.00033015321054900653,-0.044846392923293864,1784980912.0101395,0.09044759797088411,0.06876746934821669,1784980912.0053322,17429.583984375,nan,nan,45.27812194824219,nan
18.162334203720093,1784980912.0556312,BSMC,circle,circle_dist_bsmc_30cm_yawfree_p02_manual,1784980912.0138261,-0.027473495805886414,0.9206569568650274,3.1399708124879955,0.09088493022246052,0.11764190442588303,1784980912.0376337,-0.042918496821332135,0.9214516906956576,-3.1321884126179174,0.01799750328063965,0,0,1784980912.050629,-0.012549970392655263,0.9217257093403408,3.1064625260914145,1784980912.050668,-0.01492177244011721,-0.0010929546459954923,-0.03350828639658099,-0.030369760445539393,1.1582203184149354e-05,-0.04453436847025418,1784980912.05071,0.09022723030259025,0.06904449330607726,1784980912.054251,17429.6328125,nan,nan,50.06996154785156,nan
18.20251965522766,1784980912.0958166,BSMC,circle,circle_dist_bsmc_30cm_yawfree_p02_manual,1784980912.063814,-0.03403799241986394,0.9207383969326547,-3.1360406239217715,0.09021945863290658,0.11785423673792825,1784980912.0376337,-0.042918496821332135,0.9214516906956576,-3.1321884126179174,0.05818295478820801,0,0,1784980912.0907156,-0.016890340913409796,0.9218688143973542,3.1108052585209185,1784980912.0907514,-0.017153663297725285,-0.0010351962613772158,-0.03633942473689646,-0.026030927628612022,-0.0001723338144213787,-0.040191636040751065,1784980912.090789,0.08756729960796382,0.06750370218373668,1784980912.054251,17429.6328125,nan,nan,50.06996154785156,nan
18.242339372634888,1784980912.1356363,BSMC,circle,circle_dist_bsmc_30cm_yawfree_p02_manual,1784980912.113765,-0.03825862522167206,0.9207175758416816,-3.1310884153775054,0.08763257057464337,0.11454996744525618,1784980912.0376337,-0.042918496821332135,0.9214516906956576,-3.1321884126179174,0.09800267219543457,0,0,1784980912.130687,-0.021179760118570812,0.9219917047069999,3.115096441038924,1784980912.1307342,-0.01709130638613306,-0.0010946614045877943,-0.03700045076315763,-0.021742853772680693,-0.0003355568271591744,-0.035900453522744756,1784980912.1307719,0.08763869995215011,0.0671550686028984,1784980912.104161,17429.681640625,nan,nan,49.44479751586914,nan
18.283044815063477,1784980912.1763418,BSMC,circle,circle_dist_bsmc_30cm_yawfree_p02_manual,1784980912.1639218,-0.044603616718029024,0.9207017646174152,-3.1234147517744533,0.08685678193750947,0.11529060986948786,1784980912.1594558,-0.05479857383418114,0.9212285450954749,-3.1144951351357855,0.016885995864868164,0,0,1784980912.1703272,-0.025466166145047597,0.9220961095016068,3.1193841216648397,1784980912.170367,-0.01915963367618058,-0.0010462549803683927,-0.04038643374029352,-0.029345145279432445,-7.250771911469561e-05,-0.049306050378961325,1784980912.17041,0.08516944933975322,0.06508478238420617,1784980912.156514,17429.734375,nan,nan,52.59165954589844,nan
18.32240653038025,1784980912.2157035,BSMC,circle,circle_dist_bsmc_30cm_yawfree_p02_manual,1784980912.2137744,-0.04885818379044679,0.9206263038633106,-3.1183207838182287,0.08615058034385152,0.11295293571038548,1784980912.1594558,-0.05479857383418114,0.9212285450954749,-3.1144951351357855,0.056247711181640625,0,0,1784980912.210927,-0.02987506368770776,0.9221843152672838,3.123793905028182,1784980912.2109618,-0.014753067850394935,-0.001214586266205536,-0.035976650376950546,-0.024940256175334807,-0.00028013666549596536,-0.04489626701561835,1784980912.2110019,0.0904182227538312,0.06671487335529531,1784980912.2060401,17429.783203125,nan,nan,47.95952224731445,nan
18.362857341766357,1784980912.2561543,BSMC,circle,circle_dist_bsmc_30cm_yawfree_p02_manual,1784980912.2137744,-0.04885818379044679,0.9206263038633106,-3.1183207838182287,0.08615058034385152,0.11295293571038548,1784980912.2371879,-0.06155089614611806,0.9209608215253661,-3.1065111421052323,0.0189664363861084,0,0,1784980912.2505672,-0.034135181442012996,0.9222510700723968,3.1280545489872273,1784980912.2506099,-0.014756823621868408,-0.0012817253915102507,-0.03680997437412994,-0.02744410058889972,-0.0003278672236620519,-0.048619616087126866,1784980912.2506552,0.09041049001474219,0.06692885321452635,1784980912.2550771,17429.83203125,nan,nan,49.526126861572266,nan
18.402308702468872,1784980912.2956057,BSMC,circle,circle_dist_bsmc_30cm_yawfree_p02_manual,1784980912.2639568,-0.05493626662907514,0.9205309519857258,-3.1112334222087594,0.0869263345761465,0.11309596558211692,1784980912.2371879,-0.06155089614611806,0.9209608215253661,-3.1065111421052323,0.05841779708862305,0,0,1784980912.290294,-0.03844899801237345,0.9223001679756899,3.132368648299056,1784980912.2903295,-0.016533374970311626,-0.0012679368081628894,-0.03958323667177079,-0.02313466035555655,-0.0005282390831318665,-0.04430551677529795,1784980912.2903688,0.08829028599523096,0.06621002398752654,1784980912.2550771,17429.83203125,nan,nan,49.526126861572266,nan
18.44233751296997,1784980912.3356345,BSMC,circle,circle_dist_bsmc_30cm_yawfree_p02_manual,1784980912.3136015,-0.0593010477321506,0.9204002494567981,-3.106083295205879,0.08738546257505043,0.11144333264717067,1784980912.2371879,-0.06155089614611806,0.9209608215253661,-3.1065111421052323,0.09844660758972168,0,0,1784980912.3308651,-0.04282743574944736,0.9223309696132933,3.1367471978748616,1784980912.3309026,-0.01653177139271198,-0.0013446585806331205,-0.040354814098846135,-0.018759996987453585,-0.0007125924777032372,-0.039926967199492645,1784980912.3309433,0.08828885969528828,0.06683949356615387,1784980912.3051455,17429.884765625,nan,nan,51.480003356933594,nan
18.482326984405518,1784980912.375624,BSMC,circle,circle_dist_bsmc_30cm_yawfree_p02_manual,1784980912.3639026,-0.06536003162091444,0.9202964808539496,-3.099550218237008,0.08895691792992998,0.11158059284059002,1784980912.3588023,-0.07265303928812239,0.9208855931498252,-3.095085864758879,0.016821622848510742,0,0,1784980912.3710096,-0.04713919869741734,0.9223425664069919,3.1410589797581014,1784980912.3710597,-0.018290729109672162,-0.0012784549866756622,-0.04257610918447721,-0.025553988582168057,-0.00026925880195860226,-0.04704046266260622,1784980912.3711088,0.08619103217884297,0.0668530359751509,1784980912.3549273,17429.93359375,nan,nan,49.46754837036133,nan
18.522634983062744,1784980912.415932,BSMC,circle,circle_dist_bsmc_30cm_yawfree_p02_manual,1784980912.413761,-0.06977841519861641,0.9201130884999974,-3.094589268057907,0.08880275024940723,0.10941369880463254,1784980912.3588023,-0.07265303928812239,0.9208855931498252,-3.095085864758879,0.057129621505737305,0,0,1784980912.4103448,-0.051409258146986714,0.9223357284976682,-3.137856259252845,1784980912.410382,-0.01402415551332822,-0.0014510939360507838,-0.038306041015837344,-0.02128822822185755,-0.00046094346035417417,-0.042770394493966364,1784980912.410423,0.09127410004423572,0.06842633989447353,1784980912.4059458,17429.984375,nan,nan,50.39537048339844,nan
18.56243348121643,1784980912.4557304,BSMC,circle,circle_dist_bsmc_30cm_yawfree_p02_manual,1784980912.413761,-0.06977841519861641,0.9201130884999974,-3.094589268057907,0.08880275024940723,0.10941369880463254,1784980912.4367752,-0.08105831018300783,0.9204163472993092,-3.0881896896771073,0.018955230712890625,0,0,1784980912.450217,-0.05570229426842144,0.9223104724843401,-3.133563145544349,1784980912.4502552,-0.014163820936720996,-0.0015335753286430443,-0.0389738774864421,-0.02542097221981689,-0.000537982041172726,-0.04537345586724184,1784980912.4502964,0.09110553092138518,0.06901713039496155,1784980912.4059458,17429.984375,nan,nan,50.39537048339844,nan
18.602323293685913,1784980912.4956203,BSMC,circle,circle_dist_bsmc_30cm_yawfree_p02_manual,1784980912.4639804,-0.07562738845395031,0.9199354204288771,-3.0888679638202343,0.08828216187117993,0.1081015735942924,1784980912.4367752,-0.08105831018300783,0.9204163472993092,-3.0881896896771073,0.05884504318237305,0,0,1784980912.4909575,-0.06011029828119441,0.9222653610395446,-3.1291549071333993,1784980912.490991,-0.015618315731797314,-0.0015089481040009213,-0.04028694331316496,-0.02101684431508232,-0.0007282235135504694,-0.040965217456292,1784980912.4910305,0.08937342703856598,0.06883248344557714,1784980912.4560792,17430.033203125,nan,nan,49.98588943481445,nan
18.642717599868774,1784980912.5360146,BSMC,circle,circle_dist_bsmc_30cm_yawfree_p02_manual,1784980912.5141292,-0.07991615303369651,0.9197132584966791,-3.0842811865991515,0.08706026434529826,0.1051461426096328,1784980912.4367752,-0.08105831018300783,0.9204163472993092,-3.0881896896771073,0.09923934936523438,0,0,1784980912.530195,-0.06435771708337423,0.9222035071029875,-3.1249070347807995,1784980912.5302303,-0.015675532975018443,-0.001594971250716169,-0.04062584818164794,-0.01677217901698938,-0.0008931747116178888,-0.03671734510369218,1784980912.5302694,0.08930402980086803,0.06935316812118829,1784980912.5059106,17430.083984375,nan,nan,50.11428451538086,nan
18.682419061660767,1784980912.575716,BSMC,circle,circle_dist_bsmc_30cm_yawfree_p02_manual,1784980912.564027,-0.0857143096186822,0.9194877249299072,-3.0790979875659015,0.08794571154693025,0.10408994992896357,1784980912.5594046,-0.09239120374134152,0.9197692886916529,-3.0780093134385695,0.0163114070892334,0,0,1784980912.570638,-0.06870572374198525,0.9221214939272512,-3.120558251287757,1784980912.570674,-0.017139871854940612,-0.001566373343925517,-0.04146026372185574,-0.023787078121711863,-0.0008424646591157013,-0.042548937849187674,1784980912.5707133,0.08756216191676242,0.07013023550498206,1784980912.55602,17430.134765625,nan,nan,50.0872917175293,nan
18.722524404525757,1784980912.6158214,BSMC,circle,circle_dist_bsmc_30cm_yawfree_p02_manual,1784980912.6138253,-0.09009849731989938,0.9192141552993154,-3.0743037956040857,0.08805119346209335,0.10269323732245973,1784980912.5594046,-0.09239120374134152,0.9197692886916529,-3.0780093134385695,0.05641674995422363,0,0,1784980912.6100602,-0.07297881261955141,0.9220224622293598,-3.116284011747657,1784980912.6100962,-0.012868939789045075,-0.0017344064396900543,-0.03718602418175543,-0.019516331520042427,-0.0010151473076241441,-0.03827469830908736,1784980912.6101398,0.092649905853323,0.07170762330444454,1784980912.6063092,17430.18359375,nan,nan,49.658626556396484,nan
18.76265573501587,1784980912.6559527,BSMC,circle,circle_dist_bsmc_30cm_yawfree_p02_manual,1784980912.6138253,-0.09009849731989938,0.9192141552993154,-3.0743037956040857,0.08805119346209335,0.10269323732245973,1784980912.6383889,-0.09923063139350315,0.9192363692399086,-3.074684822177512,0.017563819885253906,0,0,1784980912.6505873,-0.07732643945486906,0.9219029450983449,-3.111934739019691,1784980912.650639,-0.01292394326641994,-0.0018239361659353806,-0.037630943415605245,-0.022033463160107947,-0.0011961406545569154,-0.03724991684217916,1784980912.65069,0.09258281961947902,0.07226041941975382,1784980912.6063092,17430.18359375,nan,nan,49.658626556396484,nan
18.80243968963623,1784980912.6957366,BSMC,circle,circle_dist_bsmc_30cm_yawfree_p02_manual,1784980912.6636336,-0.09560855201744721,0.9189470394071618,-3.070308493532168,0.08845057894039732,0.10016530792903516,1784980912.6383889,-0.09923063139350315,0.9192363692399086,-3.074684822177512,0.057347774505615234,0,0,1784980912.6902015,-0.08161784197512878,0.9217664122758141,-3.107641161825477,1784980912.6902382,-0.01415598513671993,-0.0018157410800240493,-0.03733266829330928,-0.01774253432668484,-0.001346827578402046,-0.0329563396479653,1784980912.6902816,0.0911215930648762,0.07403450766924956,1784980912.6563272,17430.234375,nan,nan,51.23388671875,nan
18.842774391174316,1784980912.7360713,BSMC,circle,circle_dist_bsmc_30cm_yawfree_p02_manual,1784980912.7141633,-0.10006239468856039,0.918629874889267,-3.065628849200245,0.0884192783900868,0.09881766977275477,1784980912.6383889,-0.09923063139350315,0.9192363692399086,-3.074684822177512,0.09768247604370117,0,0,1784980912.7302823,-0.08595444448928247,0.9216097007836431,-3.10330172529441,1784980912.730319,-0.01429340608267033,-0.001900569320488855,-0.03767287609416493,-0.013405157530164498,-0.0014804029599268117,-0.02861690311689813,1784980912.7303581,0.09095709678156962,0.07458066248128366,1784980912.7060428,17430.28515625,nan,nan,49.5399284362793,nan
18.882912635803223,1784980912.7762096,BSMC,circle,circle_dist_bsmc_30cm_yawfree_p02_manual,1784980912.7638407,-0.10564003961975318,0.9183287289370317,-3.0619840618320664,0.08902333246359354,0.09590731125173892,1784980912.759877,-0.11116770324041061,0.9185052235335047,-3.0642966242487524,0.016332626342773438,0,0,1784980912.7708075,-0.09030797403610191,0.9214334194659756,-3.0989446248076544,1784980912.7708457,-0.01553040659967294,-0.0018755823604238429,-0.03696056297558803,-0.02102355776425617,-0.001308683624491507,-0.03464800055890205,1784980912.7708886,0.08949164726999538,0.07704179378855207,1784980912.7564645,17430.3359375,nan,nan,50.67862319946289,nan
18.922552585601807,1784980912.8158495,BSMC,circle,circle_dist_bsmc_30cm_yawfree_p02_manual,1784980912.8143811,-0.1101794564787198,0.9179686547031689,-3.0575992427778753,0.08950404292325301,0.09424244927667699,1784980912.759877,-0.11116770324041061,0.9185052235335047,-3.0642966242487524,0.05597257614135742,0,0,1784980912.810175,-0.09457468377143374,0.9212422133156067,-3.094673629667579,1784980912.8102107,-0.011262004341900547,-0.002024289869843628,-0.0326895678355128,-0.01675482302497796,-0.0014475197984292728,-0.03037700541882682,1784980912.8102524,0.09457430116098857,0.07862820615174343,1784980912.8062298,17430.384765625,nan,nan,49.41803741455078,nan
18.96266007423401,1784980912.855957,BSMC,circle,circle_dist_bsmc_30cm_yawfree_p02_manual,1784980912.8143811,-0.1101794564787198,0.9179686547031689,-3.0575992427778753,0.08950404292325301,0.09424244927667699,1784980912.8470805,-0.11949056250476427,0.9180245417171933,-3.058117696184477,0.008876562118530273,0,0,1784980912.8500512,-0.0988823255588187,0.9210306440127524,-3.0903607920668708,1784980912.8500853,-0.011514188945528518,-0.002103425415853258,-0.03276154928899544,-0.020787121766337124,-0.0012773604436784887,-0.032243095882393824,1784980912.8501244,0.09427470367349677,0.07991805062607893,1784980912.8062298,17430.384765625,nan,nan,49.41803741455078,nan
19.00260639190674,1784980912.8959033,BSMC,circle,circle_dist_bsmc_30cm_yawfree_p02_manual,1784980912.8639424,-0.11575632772471127,0.9176329254000631,-3.0539178127619477,0.0910423159504172,0.09267075379994774,1784980912.8470805,-0.11949056250476427,0.9180245417171933,-3.058117696184477,0.048822879791259766,0,0,1784980912.8908198,-0.10324465008557004,0.9207974035949626,-3.085992233183204,1784980912.8908565,-0.012740710377883102,-0.0020567689852491423,-0.03207442042125619,-0.016420539773640826,-0.0014086542753974044,-0.027874536998726995,1784980912.8908942,0.09282122804788034,0.08234133571777559,1784980912.8579915,17430.435546875,nan,nan,50.51533508300781,nan
19.042714595794678,1784980912.9360116,BSMC,circle,circle_dist_bsmc_30cm_yawfree_p02_manual,1784980912.9137187,-0.12034918225771934,0.9172264479956015,-3.0492190769859966,0.09176672918390644,0.09297023357926683,1784980912.8470805,-0.11949056250476427,0.9180245417171933,-3.058117696184477,0.08893108367919922,0,0,1784980912.930824,-0.10754139961143772,0.9205489798099832,-3.08168830480796,1784980912.9308617,-0.013059655726114673,-0.0021269476456489394,-0.03246922782196337,-0.012118038489393631,-0.001519350093018524,-0.023570608623483036,1784980912.9309049,0.09244126411363794,0.08241837298494702,1784980912.906505,17430.484375,nan,nan,50.05902099609375,nan
19.082544326782227,1784980912.9758413,BSMC,circle,circle_dist_bsmc_30cm_yawfree_p02_manual,1784980912.9640198,-0.12597481443536349,0.9168578405319241,-3.0461817475569197,0.09249155274768253,0.09045094067270425,1784980912.957693,-0.13037936329158717,0.917145807584027,-3.051378161010608,0.018148183822631836,0,0,1784980912.9702868,-0.11182539978764727,0.9202828138487866,-3.0773960408232797,1784980912.97033,-0.014411344963710033,-0.0020614347991571233,-0.031214293266359938,-0.01876113225305246,-0.0014526825510584609,-0.026017879812671563,1784980912.9704492,0.09084112386626879,0.08526527196624673,1784980912.9575315,17430.53515625,nan,nan,50.55207443237305,nan
19.12275195121765,1784980913.016049,BSMC,circle,circle_dist_bsmc_30cm_yawfree_p02_manual,1784980913.0145457,-0.13055723650094125,0.9164207717575316,-3.0420277883003988,0.09179199413580089,0.08894399202049305,1784980912.957693,-0.13037936329158717,0.917145807584027,-3.051378161010608,0.05835580825805664,0,0,1784980913.0103717,-0.1161559992115122,0.9199949835821593,-3.0730558833144297,1784980913.0104089,-0.01007302133673035,-0.002187473443849668,-0.026874135757509965,-0.014422212253232999,-0.0015561758722572928,-0.02167772230382159,1784980913.0104537,0.09600432618512048,0.08689067996656065,1784980913.0074644,17430.5859375,nan,nan,50.40045166015625,nan
19.162490129470825,1784980913.055787,BSMC,circle,circle_dist_bsmc_30cm_yawfree_p02_manual,1784980913.0145457,-0.13055723650094125,0.9164207717575316,-3.0420277883003988,0.09179199413580089,0.08894399202049305,1784980913.0378244,-0.1374694833178125,0.9166454794204257,-3.04523808797748,0.01796269416809082,0,0,1784980913.0506973,-0.12048181602569552,0.919688615577032,-3.0687192276976694,1784980913.0507417,-0.010350347211177549,-0.0022501585699050437,-0.02669143939727059,-0.017201636368723055,-0.0013947128498474144,-0.023481139720189503,1784980913.0507903,0.09567566876569782,0.08751613371087726,1784980913.0074644,17430.5859375,nan,nan,50.40045166015625,nan
19.20257830619812,1784980913.0958753,BSMC,circle,circle_dist_bsmc_30cm_yawfree_p02_manual,1784980913.0640883,-0.13580129175648534,0.9160449265124514,-3.038966688715699,0.09156621770264754,0.08698736308506724,1784980913.0378244,-0.1374694833178125,0.9166454794204257,-3.04523808797748,0.05805087089538574,0,0,1784980913.0905433,-0.1247797695135765,0.9193655402613418,-3.0644091452620614,1784980913.0905883,-0.011303716655593208,-0.00217403265622177,-0.02544245654636246,-0.012892537349443556,-0.0014866230540743976,-0.019171057284581575,1784980913.0906367,0.09454753501123019,0.089408338232616,1784980913.0594656,17430.638671875,nan,nan,52.03093338012695,nan
19.24251389503479,1784980913.1358109,BSMC,circle,circle_dist_bsmc_30cm_yawfree_p02_manual,1784980913.1139984,-0.14039150379996357,0.9155701154828645,-3.0345801160323456,0.09194126157246361,0.08713171662361167,1784980913.0378244,-0.1374694833178125,0.9166454794204257,-3.04523808797748,0.09798645973205566,0,0,1784980913.1305468,-0.12910405875040443,0.9190216751317526,-3.060071202184974,1784980913.1305847,-0.011591532174787393,-0.002226221372082839,-0.025491086152628295,-0.008555224644621363,-0.0015603735230982295,-0.014833114207494003,1784980913.1306224,0.09420576425298491,0.08950549426867789,1784980913.1081274,17430.6875,nan,nan,48.80377960205078,nan
19.282394409179688,1784980913.1756914,BSMC,circle,circle_dist_bsmc_30cm_yawfree_p02_manual,1784980913.164439,-0.14590416848337154,0.9151452292928828,-3.031219756934048,0.09348199441087016,0.08534362999989971,1784980913.157983,-0.1491667717213807,0.9156974119643831,-3.0342456287301847,0.017708301544189453,0,0,1784980913.1711805,-0.13345244431056336,0.9186568485582893,-3.05570753565055,1784980913.1712265,-0.012762757713941692,-0.0021187072181148275,-0.0244877787165021,-0.01594095013730259,-0.001258753211614299,-0.021461906920365426,1784980913.171268,0.09281822704108718,0.09259654924792318,1784980913.1602983,17430.73828125,nan,nan,52.119815826416016,nan
19.32259225845337,1784980913.2158892,BSMC,circle,circle_dist_bsmc_30cm_yawfree_p02_manual,1784980913.213662,-0.15044247011480422,0.9146519071493715,-3.0280784123232793,0.09313942504078784,0.08151468338465413,1784980913.157983,-0.1491667717213807,0.9156974119643831,-3.0342456287301847,0.057906150817871094,0,0,1784980913.2104034,-0.13768010318192392,0.9182838207374971,-3.051463448431312,1784980913.2104442,-0.008519735136507074,-0.002213621363839816,-0.020243691497264127,-0.011697659786600279,-0.0013408281000718205,-0.017217819701127457,1784980913.2104893,0.0978649455682404,0.09420095023954318,1784980913.2105675,17430.7890625,nan,nan,49.54621887207031,nan
19.36235523223877,1784980913.2556522,BSMC,circle,circle_dist_bsmc_30cm_yawfree_p02_manual,1784980913.213662,-0.15044247011480422,0.9146519071493715,-3.0280784123232793,0.09313942504078784,0.08151468338465413,1784980913.237856,-0.1567524184895986,0.9148865292607411,-3.0287735533215177,0.01779627799987793,0,0,1784980913.2505069,-0.14200021947825314,0.9178839443268844,-3.0471248616240607,1784980913.2505412,-0.008754012624112857,-0.0022549774065486862,-0.019046449300781365,-0.014995863210381783,-0.0013175580915474943,-0.018351308302543057,1784980913.2505786,0.09758939817689892,0.09769429837255494,1784980913.2105675,17430.7890625,nan,nan,49.54621887207031,nan
19.402512550354004,1784980913.2958095,BSMC,circle,circle_dist_bsmc_30cm_yawfree_p02_manual,1784980913.2639687,-0.15591691983569086,0.914166677579231,-3.0246779808868185,0.09506874493395642,0.08050158928159018,1784980913.237856,-0.1567524184895986,0.9148865292607411,-3.0287735533215177,0.057953596115112305,0,0,1784980913.290414,-0.1462721813666048,0.9174699249454547,-3.042832880880653,1784980913.2904575,-0.009964215218521295,-0.002155652657206351,-0.018154899993834572,-0.010704449312029194,-0.0013871079064627168,-0.014059327559135415,1784980913.290507,0.0961546786032093,0.10061665851754265,1784980913.2572536,17430.8359375,nan,nan,47.43730545043945,nan
19.442333936691284,1784980913.335631,BSMC,circle,circle_dist_bsmc_30cm_yawfree_p02_manual,1784980913.3137915,-0.16083067767147088,0.9135916926496778,-3.02091374323861,0.09705626452672753,0.07961177205059754,1784980913.237856,-0.1567524184895986,0.9148865292607411,-3.0287735533215177,0.09777498245239258,0,0,1784980913.3309863,-0.15065166653293316,0.917026260489642,-3.0384309767745123,1784980913.331021,-0.010518455143751687,-0.002184176136367017,-0.0175172335359024,-0.006302858256186344,-0.0014393060727706047,-0.009657423452994696,1784980913.3310602,0.09549802408065758,0.10331291144757704,1784980913.3083754,17430.88671875,nan,nan,51.07096481323242,nan
19.482481956481934,1784980913.375779,BSMC,circle,circle_dist_bsmc_30cm_yawfree_p02_manual,1784980913.3636847,-0.1663409985157266,0.9130915104299567,-3.017538242136514,0.09983988560731594,0.07823897186557682,1784980913.3584728,-0.16796782913690714,0.9138886871354208,-3.0187175917993545,0.017306089401245117,0,0,1784980913.3703883,-0.15486892206052405,0.9165806114073377,-3.0341902369521248,1784980913.3704262,-0.011815643890776018,-0.0020427734261882053,-0.016651994815610745,-0.013330084587254975,-0.0010661462273448173,-0.015472645152770248,1784980913.3704815,0.09395985744535455,0.10747246042980277,1784980913.35935,17430.9375,nan,nan,50.95441436767578,nan
19.522568225860596,1784980913.4158652,BSMC,circle,circle_dist_bsmc_30cm_yawfree_p02_manual,1784980913.4136574,-0.17129013722466851,0.9124743789062205,-3.0136298414626155,0.09983988560731594,0.07823897186557682,1784980913.3584728,-0.16796782913690714,0.9138886871354208,-3.0187175917993545,0.05739235877990723,0,0,1784980913.4102678,-0.15916280737044464,0.9161082719209135,-3.0298704470656506,1784980913.4103036,-0.007496310977957434,-0.002105374012682478,-0.012332204929136559,-0.009010680850278419,-0.0011236527676710103,-0.011152855266296058,1784980913.4103441,0.09909366647621158,0.10912335986575766,1784980913.4146874,17430.994140625,nan,nan,55.55122375488281,nan
19.562520742416382,1784980913.4558177,BSMC,circle,circle_dist_bsmc_30cm_yawfree_p02_manual,1784980913.4136574,-0.17129013722466851,0.9124743789062205,-3.0136298414626155,0.09983988560731594,0.07823897186557682,1784980913.4419944,-0.17575470455810555,0.912871924566873,-3.0140026565327003,0.013823270797729492,0,0,1784980913.4505394,-0.16345545622534108,0.9156172898340403,-3.0255498074553597,1784980913.4505866,-0.008171703109534679,-0.0021174002340258805,-0.011919965992744253,-0.012548604599217427,-0.001158042578525203,-0.011547150922659455,1784980913.4506304,0.09829251587800883,0.1092730858572005,1784980913.4146874,17430.994140625,nan,nan,55.55122375488281,nan
19.60291361808777,1784980913.4962106,BSMC,circle,circle_dist_bsmc_30cm_yawfree_p02_manual,1784980913.4640508,-0.17683003811128034,0.9118968591380487,-3.009765736093869,0.10220865807068266,0.07954555269270905,1784980913.4419944,-0.17575470455810555,0.912871924566873,-3.0140026565327003,0.05421614646911621,0,0,1784980913.4907613,-0.16778254967187267,0.9151033372861191,-3.0211922949812995,1784980913.4908087,-0.009390463965185458,-0.0019894058645288596,-0.01142655888743027,-0.008191286793614187,-0.0011988648457861098,-0.0071896384485992115,1784980913.490859,0.09684646877264606,0.11015477352017672,1784980913.4581354,17431.037109375,nan,nan,43.041019439697266,nan
19.64268207550049,1784980913.535979,BSMC,circle,circle_dist_bsmc_30cm_yawfree_p02_manual,1784980913.514001,-0.1818888537839422,0.9112260808825043,-3.005794170758693,0.10220865807068266,0.07954555269270905,1784980913.4419944,-0.17575470455810555,0.912871924566873,-3.0140026565327003,0.09398460388183594,0,0,1784980913.530394,-0.17204392387169876,0.9145784880395942,-3.0168987177870856,1784980913.5304346,-0.010208146892098586,-0.0019887221407806016,-0.011104547028392808,-0.0038977674907633977,-0.0012205166025022625,-0.0028960612543853514,1784980913.5304973,0.09587627091540976,0.11028167482949326,1784980913.513657,17431.091796875,nan,nan,55.694034576416016,nan
19.682523250579834,1784980913.5758202,BSMC,circle,circle_dist_bsmc_30cm_yawfree_p02_manual,1784980913.5639727,-0.18651353640210283,0.9107313181695363,-3.002642836050526,0.09712876971696836,0.07891941264980398,1784980913.5609975,-0.18733841831667672,0.911357341736926,-3.0062637539177475,0.014822721481323242,0,0,1784980913.571333,-0.17642381186176082,0.9140196701316584,-3.0124833210967172,1784980913.5713708,-0.01044792677421822,-0.0018592003784815689,-0.009840485046191283,-0.011174005586118307,-0.0011654294094828267,-0.006219567178969765,1784980913.571412,0.09559308186331854,0.10738810929524753,1784980913.5592961,17431.13671875,nan,nan,44.72712707519531,nan
19.722387313842773,1784980913.6156843,BSMC,circle,circle_dist_bsmc_30cm_yawfree_p02_manual,1784980913.6138246,-0.19130465609769304,0.9100612752167637,-2.9987120535755682,0.09712876971696836,0.07891941264980398,1784980913.5609975,-0.18733841831667672,0.911357341736926,-3.0062637539177475,0.054686784744262695,0,0,1784980913.6108181,-0.18064171351013325,0.9134629272109499,-3.0082288311980356,1784980913.6108654,-0.006193566641994698,-0.0018920159304194194,-0.005585995147509681,-0.00691955452126175,-0.001182840091343349,-0.0019650772802881633,1784980913.610916,0.10064655141987715,0.10902914091043463,1784980913.6151288,17431.193359375,nan,nan,56.91596221923828,nan
19.762638568878174,1784980913.6559355,BSMC,circle,circle_dist_bsmc_30cm_yawfree_p02_manual,1784980913.6138246,-0.19130465609769304,0.9100612752167637,-2.9987120535755682,0.09712876971696836,0.07891941264980398,1784980913.6399508,-0.1951467897097957,0.9103592961013115,-2.999864688697448,0.015984773635864258,0,0,1784980913.6506166,-0.18491008158343059,0.9128809203120838,-3.0039209631941906,1784980913.6506562,-0.006730916508446923,-0.0018803575825714844,-0.005208909618622304,-0.010490258086265178,-0.0010503652737456513,-0.004056274496742508,1784980913.650697,0.10000893693985792,0.10918802273478352,1784980913.6151288,17431.193359375,nan,nan,56.91596221923828,nan
19.802866220474243,1784980913.6961632,BSMC,circle,circle_dist_bsmc_30cm_yawfree_p02_manual,1784980913.6637874,-0.19578759785722502,0.9095465935592126,-2.9963289135931754,0.09232337960826466,0.07484975519155268,1784980913.6399508,-0.1951467897097957,0.9103592961013115,-2.999864688697448,0.056212425231933594,0,0,1784980913.6906288,-0.18918719496109648,0.9122789171290836,-2.9996016882918464,1784980913.6906707,-0.006926399007049539,-0.0017481153499805321,-0.0032727746986709327,-0.006170994310170237,-0.0010585573592558778,0.00026300040560167664,1784980913.6907167,0.09977778598222015,0.1102456289545813,1784980913.659375,17431.23828125,nan,nan,44.058197021484375,nan
19.842543363571167,1784980913.7358403,BSMC,circle,circle_dist_bsmc_30cm_yawfree_p02_manual,1784980913.7146153,-0.20042568859539583,0.9088680677750721,-2.992528627594101,0.09232337960826466,0.07484975519155268,1784980913.6399508,-0.1951467897097957,0.9103592961013115,-2.999864688697448,0.09588956832885742,0,0,1784980913.7305706,-0.19342322771270237,0.9116641095479953,-2.995321268942176,1784980913.7306144,-0.007340054640042358,-0.0017250814156949006,-0.002792641348074998,-0.0018905905888322201,-0.0010482706300808812,0.004543419755271838,1784980913.730666,0.09928693400487568,0.11045597641232001,1784980913.7222178,17431.30078125,nan,nan,62.94518280029297,nan
19.882665157318115,1784980913.775962,BSMC,circle,circle_dist_bsmc_30cm_yawfree_p02_manual,1784980913.7642667,-0.2059526343250833,0.9081822044948089,-2.988842842008572,0.0974993139600571,0.07662016024834971,1784980913.7598987,-0.20753678937277062,0.9087744594090118,-2.992039802840342,0.016063451766967773,0,0,1784980913.7714033,-0.197810837885803,0.9110077639994011,-2.990884835150062,1784980913.7714512,-0.00847692396767475,-0.0015538326225593637,-0.002041993141489673,-0.009950141900415167,-0.0007592482347057936,0.0011549676902800066,1784980913.7714996,0.09793766608470486,0.11344144129901453,1784980913.7589986,17431.337890625,nan,nan,36.60693359375,nan
19.922693967819214,1784980913.815991,BSMC,circle,circle_dist_bsmc_30cm_yawfree_p02_manual,1784980913.8141673,-0.21076419357243803,0.9074414696788125,-2.9850171170062425,0.0974993139600571,0.07662016024834971,1784980913.7598987,-0.20753678937277062,0.9087744594090118,-2.992039802840342,0.056092262268066406,0,0,1784980913.810497,-0.2019929878955843,0.9103636104042802,-2.9866533650420295,1784980913.8105366,-0.004245457028059831,-0.0015535205860939415,0.0021894769665427027,-0.005718697582326315,-0.0007454083888117443,0.005386437798312382,1784980913.8105798,0.1029603836420895,0.11509249871870546,1784980913.7589986,17431.337890625,nan,nan,36.60693359375,nan
19.962520122528076,1784980913.855817,BSMC,circle,circle_dist_bsmc_30cm_yawfree_p02_manual,1784980913.8141673,-0.21076419357243803,0.9074414696788125,-2.9850171170062425,0.0974993139600571,0.07662016024834971,1784980913.8543975,-0.21552455981146731,0.9076436857345254,-2.984828751685729,0.0014195442199707031,0,0,1784980913.8505166,-0.20625906900329072,0.909687845163814,-2.982334090139686,1784980913.8505867,-0.004800305764781022,-0.0015163821311795361,0.002683026866556304,-0.009471013931266318,-0.0005725406557736971,0.002494661546042831,1784980913.8506331,0.10230164833124712,0.11532357755435442,1784980913.8257265,17431.404296875,nan,nan,66.9214096069336,nan
20.00264072418213,1784980913.8959377,BSMC,circle,circle_dist_bsmc_30cm_yawfree_p02_manual,1784980913.8648882,-0.21614830112291977,0.9067286372325472,-2.9813205963260083,0.10084485153238722,0.07770278848428995,1784980913.8543975,-0.21552455981146731,0.9076436857345254,-2.984828751685729,0.04154014587402344,0,0,1784980913.8904939,-0.2105220898880802,0.9089936766801138,-2.978014918234168,1784980913.8905356,-0.005915575525805015,-0.0013381415308422247,0.003305678091840125,-0.00515189216392134,-0.0005524382489377223,0.006813833451560836,1784980913.8905814,0.10097762176599386,0.11737891491048878,1784980913.8592722,17431.4375,nan,nan,33.4301872253418,nan
20.04248547554016,1784980913.9357824,BSMC,circle,circle_dist_bsmc_30cm_yawfree_p02_manual,1784980913.9139838,-0.220888430251318,0.9059592172276796,-2.9774063028719495,0.09930160077227627,0.07804507134571637,1784980913.8543975,-0.21552455981146731,0.9076436857345254,-2.984828751685729,0.08138489723205566,0,0,1784980913.9302094,-0.21475597475584585,0.9082855250744809,-2.9737222165129773,1784980913.9302506,-0.0064302184950135715,-0.0012926750204213426,0.003684086358972216,-0.0008593660569668925,-0.0005139753945203944,0.01110653517275173,1784980913.9302967,0.10036659773266363,0.11592388217441917,1784980913.9095197,17431.48828125,nan,nan,50.16025161743164,nan
20.08282780647278,1784980913.9761248,BSMC,circle,circle_dist_bsmc_30cm_yawfree_p02_manual,1784980913.9638097,-0.2259523099566656,0.9052587707881623,-2.973562130760965,0.09798689694183585,0.07870314070007911,1784980913.959734,-0.22730085295475166,0.9058960276611081,-2.97497492851198,0.01639080047607422,0,0,1784980913.9705663,-0.2190470814458063,0.9075487179833118,-2.969368308927833,1784980913.9706116,-0.007190948570426813,-0.001102858831053946,0.004193821833132105,-0.008413563081038201,-0.000260932375099067,0.005606619584147321,1784980913.9706576,0.09946339428865074,0.11453319393091452,1784980913.960792,17431.5390625,nan,nan,51.08107376098633,nan
20.123117446899414,1784980914.0164144,BSMC,circle,circle_dist_bsmc_30cm_yawfree_p02_manual,1784980914.0139234,-0.23066702511784493,0.9044582968703075,-2.969707019145405,0.09666110530980639,0.0783733748104144,1784980913.959734,-0.22730085295475166,0.9058960276611081,-2.97497492851198,0.05668044090270996,0,0,1784980914.0110025,-0.22335760128224624,0.9067891908879971,-2.9649913815520397,1784980914.0110447,-0.0028141138319842758,-0.001074924242781928,0.00857074920892531,-0.00403677217658086,-0.00022681423448776036,0.009983546959940526,1784980914.01109,0.10465568018764868,0.11626035635616272,1784980914.0111861,17431.58984375,nan,nan,50.02586364746094,nan
20.162703037261963,1784980914.056,BSMC,circle,circle_dist_bsmc_30cm_yawfree_p02_manual,1784980914.0139234,-0.23066702511784493,0.9044582968703075,-2.969707019145405,0.09666110530980639,0.0783733748104144,1784980914.041564,-0.23587089659221736,0.9045422024069916,-2.9690497624578485,0.014436006546020508,0,0,1784980914.050516,-0.22753963034482172,0.9060336914999189,-2.960741655256568,1784980914.0505652,-0.0033507657648551466,-0.0010172684475671847,0.00896536388883673,-0.008463629175585715,-3.8963797159588054e-05,0.008308107201280281,1784980914.050607,0.10401830066770788,0.11572062963459755,1784980914.0111861,17431.58984375,nan,nan,50.02586364746094,nan
20.202533960342407,1784980914.095831,BSMC,circle,circle_dist_bsmc_30cm_yawfree_p02_manual,1784980914.0637355,-0.23593207422518814,0.9036760381437702,-2.9656654040480066,0.09805850922878476,0.07995233090556601,1784980914.041564,-0.23587089659221736,0.9045422024069916,-2.9690497624578485,0.054266929626464844,0,0,1784980914.0908494,-0.23183025181925654,0.9052394783872331,-2.9563781432173837,1784980914.0908911,-0.004312144548649224,-0.0008214023595270253,0.009287260830622923,-0.004100360670160719,6.807971536838342e-06,0.012671619240464782,1784980914.0909364,0.10287682678068981,0.11559327365432796,1784980914.060038,17431.638671875,nan,nan,49.50300216674805,nan
20.242416858673096,1784980914.1357138,BSMC,circle,circle_dist_bsmc_30cm_yawfree_p02_manual,1784980914.1136043,-0.24101398346839403,0.9027654259442539,-2.960918574478539,0.1007894185006593,0.08271817991211038,1784980914.041564,-0.23587089659221736,0.9045422024069916,-2.9690497624578485,0.09414982795715332,0,0,1784980914.13065,-0.2360650460085747,0.9044365887236478,-2.9520679062865365,1784980914.13069,-0.005168678348824881,-0.0007546728713976982,0.00885066819200242,0.00020939916889682023,7.071233305898586e-05,0.016981856171311982,1784980914.1307337,0.10186054877387596,0.1149773968336864,1784980914.1117046,17431.69140625,nan,nan,51.64899444580078,nan
20.282957792282104,1784980914.1762547,BSMC,circle,circle_dist_bsmc_30cm_yawfree_p02_manual,1784980914.1639109,-0.24662745396997462,0.9019373211056195,-2.957069971097671,0.10246919492467635,0.08219644580654924,1784980914.1621337,-0.24883968929519118,0.9027383474696306,-2.9578228498503503,0.014121055603027344,0,0,1784980914.1705182,-0.24028416152046195,0.9036178442052847,-2.947770080473243,1784980914.1705556,-0.006543946241457487,-0.0004881440130403711,0.009299890624427931,-0.008572184824624187,0.0006987255145422891,0.010052769377107307,1784980914.1705952,0.1002276654949068,0.11723959822536632,1784980914.1605287,17431.740234375,nan,nan,48.80291748046875,nan
20.322458744049072,1784980914.2157557,BSMC,circle,circle_dist_bsmc_30cm_yawfree_p02_manual,1784980914.2136824,-0.2517502726508385,0.900976503745164,-2.952540150375643,0.10362854430707004,0.08380847085712691,1784980914.1621337,-0.24883968929519118,0.9027383474696306,-2.9578228498503503,0.05362200736999512,0,0,1784980914.2106338,-0.24453377532636167,0.9027741367750456,-2.9434375189803235,1784980914.2106707,-0.0022116729414292133,-0.0004384672478849774,0.013632452117347427,-0.004239950152996784,0.0007516639418288894,0.014385330870026804,1784980914.2107115,0.1053647088114036,0.11896473854256755,1784980914.2115872,17431.791015625,nan,nan,51.25600814819336,nan
20.362743139266968,1784980914.25604,BSMC,circle,circle_dist_bsmc_30cm_yawfree_p02_manual,1784980914.2136824,-0.2517502726508385,0.900976503745164,-2.952540150375643,0.10362854430707004,0.08380847085712691,1784980914.2390647,-0.2581397304670754,0.9009256269275394,-2.9530026386775297,0.01697540283203125,0,0,1784980914.2509224,-0.2487949033692496,0.9019089029501653,-2.939089430715858,1784980914.2509646,-0.003077936948925892,-0.000360388688062187,0.013450719659784838,-0.009363477865071764,0.0007860709225264599,0.013913207961671503,1784980914.2510095,0.10433671920851555,0.11832444806085413,1784980914.2115872,17431.791015625,nan,nan,51.25600814819336,nan
20.403852701187134,1784980914.2971497,BSMC,circle,circle_dist_bsmc_30cm_yawfree_p02_manual,1784980914.2651997,-0.2575708212806325,0.9000266328607729,-2.9486417346889997,0.10360814736865893,0.08388295421269847,1784980914.2390647,-0.2581397304670754,0.9009256269275394,-2.9530026386775297,0.058084964752197266,0,0,1784980914.290202,-0.25295626531536064,0.901045282954701,-2.934839395429908,1784980914.2902372,-0.00472425419773017,-0.00011487839533569626,0.013802339259091578,-0.005113992372624893,0.0008542309738072712,0.01816324324762153,1784980914.2902734,0.10238202318387997,0.11862337068455639,1784980914.2604415,17431.83984375,nan,nan,48.63980484008789,nan
20.442476987838745,1784980914.335774,BSMC,circle,circle_dist_bsmc_30cm_yawfree_p02_manual,1784980914.3135939,-0.26241053787591906,0.8990767126628616,-2.9443255967435418,0.10275228690759267,0.08480075313047344,1784980914.2390647,-0.2581397304670754,0.9009256269275394,-2.9530026386775297,0.0967092514038086,0,0,1784980914.3301888,-0.2571748247449912,0.9001509374565058,-2.930527072813331,1784980914.330227,-0.005344708477761604,-2.724306138167853e-05,0.013798523930210749,-0.0008025632980850614,0.0009418487042025553,0.022475565864198632,1784980914.3302705,0.10164554963984615,0.11719788937418883,1784980914.3106709,17431.888671875,nan,nan,50.298553466796875,nan
20.482616186141968,1784980914.3759131,BSMC,circle,circle_dist_bsmc_30cm_yawfree_p02_manual,1784980914.3636,-0.2679806832678811,0.8981276273619192,-2.9401631396155197,0.10198804593337557,0.08558116791539024,1784980914.3601942,-0.27091121350661823,0.8985345003809099,-2.94187684893951,0.015718936920166016,0,0,1784980914.3709142,-0.26147294940717136,0.8992201459113993,-2.9261293143294442,1784980914.370952,-0.006594738083925651,0.0002315737187309581,0.01403382528607544,-0.009386685476139585,0.0012004477399778462,0.015747534610065728,1784980914.370993,0.10016141086331123,0.11625453945757731,1784980914.361453,17431.939453125,nan,nan,50.820770263671875,nan
20.522722959518433,1784980914.41602,BSMC,circle,circle_dist_bsmc_30cm_yawfree_p02_manual,1784980914.4140928,-0.2729903674412787,0.8970977085415214,-2.9353164763671424,0.10164986533000353,0.0875095554738819,1784980914.3601942,-0.27091121350661823,0.8985345003809099,-2.94187684893951,0.05582571029663086,0,0,1784980914.4106128,-0.2656354100446502,0.8982998452819033,-2.9218663271926038,1784980914.410668,-0.002332311159155499,0.0003004832115881241,0.01829681242291592,-0.005124382901097466,0.0012766616888368173,0.020010521746906203,1784980914.4107273,0.10521346939778484,0.1179661849891303,1784980914.4116437,17431.990234375,nan,nan,50.2559700012207,nan
20.562865018844604,1784980914.456162,BSMC,circle,circle_dist_bsmc_30cm_yawfree_p02_manual,1784980914.4140928,-0.2729903674412787,0.8970977085415214,-2.9353164763671424,0.10164986533000353,0.0875095554738819,1784980914.4396458,-0.2786199373947071,0.8972754291532935,-2.934209324647032,0.01651620864868164,0,0,1784980914.450964,-0.26988140304668085,0.8973418723766441,-2.9175136040709604,1784980914.4510565,-0.0030930643613468773,0.00039777938838609815,0.01780287229618205,-0.008564974754227853,0.001734244709665592,0.016695720576071604,1784980914.4511297,0.10431141817296458,0.11593103353774362,1784980914.4116437,17431.990234375,nan,nan,50.2559700012207,nan
20.602608919143677,1784980914.4959059,BSMC,circle,circle_dist_bsmc_30cm_yawfree_p02_manual,1784980914.4634886,-0.2783925338458453,0.8961447415430123,-2.9307812139627774,0.10179176338979645,0.08918550926662472,1784980914.4396458,-0.2786199373947071,0.8972754291532935,-2.934209324647032,0.056260108947753906,0,0,1784980914.4905856,-0.2740780663239173,0.896375915745449,-2.913207203771888,1784980914.490632,-0.00426732542247077,0.0006767608502110168,0.01757401019088922,-0.004259342752373484,0.0018154108384530539,0.021002120875143863,1784980914.4906805,0.10291800747771242,0.11481065484680966,1784980914.4615135,17432.041015625,nan,nan,49.75666046142578,nan
20.6426522731781,1784980914.5359492,BSMC,circle,circle_dist_bsmc_30cm_yawfree_p02_manual,1784980914.513581,-0.2831504372897315,0.8951328572528032,-2.927012430878197,0.09943823324774079,0.08664843881525913,1784980914.4396458,-0.2786199373947071,0.8972754291532935,-2.934209324647032,0.09630346298217773,0,0,1784980914.5308113,-0.2782756171158912,0.8953906902472203,-2.908895576383888,1784980914.5308487,-0.004817922658249286,0.0007861112131361295,0.01811685449430911,5.112520727050058e-05,0.0019152502216816054,0.02531374826314403,1784980914.5308921,0.10226340238692622,0.11554854580854156,1784980914.5117245,17432.08984375,nan,nan,50.167152404785156,nan
20.682898998260498,1784980914.576196,BSMC,circle,circle_dist_bsmc_30cm_yawfree_p02_manual,1784980914.5639257,-0.2880181353207528,0.8940693554138118,-2.9225188898671313,0.0992365260789206,0.08709762719504771,1784980914.5667536,-0.2911973774201374,0.8944244981798963,-2.9271482046434216,0.009442329406738281,0,0,1784980914.5702534,-0.28245443900179956,0.8943908640134455,-2.9045988062880626,1784980914.570297,-0.005500591374535989,0.000895309465800916,0.017920083579068713,-0.008535521886187,0.0018934015882594425,0.022549398355359074,1784980914.570343,0.10145345751512325,0.11505889927330046,1784980914.5617878,17432.140625,nan,nan,49.84999465942383,nan
20.722566843032837,1784980914.6158638,BSMC,circle,circle_dist_bsmc_30cm_yawfree_p02_manual,1784980914.6137836,-0.2934053310497839,0.8930423017843375,-2.9186017913081934,0.10009438132958715,0.08859998675253605,1784980914.5667536,-0.2911973774201374,0.8944244981798963,-2.9271482046434216,0.04911017417907715,0,0,1784980914.6106744,-0.28667588214874906,0.893361535291923,-2.9002536791823497,1784980914.6107183,-0.001156344752155494,0.0009826086285329284,0.0222652106847816,-0.004191725947392627,0.0020008106288080317,0.026894525461071957,1784980914.61077,0.10660064994631382,0.11681516644512438,1784980914.6119823,17432.19140625,nan,nan,50.53116226196289,nan
20.762478351593018,1784980914.6557753,BSMC,circle,circle_dist_bsmc_30cm_yawfree_p02_manual,1784980914.6137836,-0.2934053310497839,0.8930423017843375,-2.9186017913081934,0.10009438132958715,0.08859998675253605,1784980914.5667536,-0.2911973774201374,0.8944244981798963,-2.9271482046434216,0.08902168273925781,0,0,1784980914.6502943,-0.2908472064723445,0.8923253082934274,-2.8959555701277844,1784980914.6503322,-0.002336225153533209,0.001264963656278552,0.022646221180409043,0.00010456713659725983,0.00212562545761843,0.03119263451563725,1784980914.650374,0.10519920795428744,0.11662841094542425,1784980914.6119823,17432.19140625,nan,nan,50.53116226196289,nan
20.802552461624146,1784980914.6958494,BSMC,circle,circle_dist_bsmc_30cm_yawfree_p02_manual,1784980914.6641538,-0.2987732715847937,0.8919667638259414,-2.9138454167985772,0.10014186324135528,0.0902892225338115,1784980914.6573281,-0.3005304257518557,0.892485608645355,-2.915338860913836,0.03852128982543945,0,0,1784980914.6903374,-0.2950318271574123,0.891266620969434,-2.8916391018889533,1784980914.6903796,-0.00348675028140546,0.0015268198642344852,0.02220631490962388,-0.005085005650391088,0.002421411776702373,0.02369975902488264,1784980914.6904268,0.10383460000742789,0.11539101814230882,1784980914.6630106,17432.2421875,nan,nan,50.67361831665039,nan
20.842602491378784,1784980914.7358994,BSMC,circle,circle_dist_bsmc_30cm_yawfree_p02_manual,1784980914.7137055,-0.30358754494208345,0.8908448038536076,-2.9088382581579078,0.0999516590994423,0.09225825503229892,1784980914.6573281,-0.3005304257518557,0.892485608645355,-2.915338860913836,0.07857131958007812,0,0,1784980914.730498,-0.29923833032700753,0.8901829954440439,-2.8872952622435677,1784980914.7305388,-0.0040792852615956325,0.0016471459842673278,0.021542995914340057,-0.0007426230989217967,0.0025337815759677086,0.028043598670268285,1784980914.7305794,0.10313282792738333,0.11359794682815016,1784980914.712512,17432.291015625,nan,nan,49.77544403076172,nan
20.882591485977173,1784980914.7758884,BSMC,circle,circle_dist_bsmc_30cm_yawfree_p02_manual,1784980914.7638934,-0.3083589176039599,0.8897159607116529,-2.9044598541263498,0.09884560068568306,0.09139979750392473,1784980914.7648726,-0.3130886774775968,0.8896235468230966,-2.907224484068246,0.011015892028808594,0,0,1784980914.7702014,-0.30338733861884704,0.8890950617014541,-2.883005985166846,1784980914.7702405,-0.004686592439878392,0.001771430068773905,0.02145386895950363,-0.009313387227893486,0.0027669641340999896,0.024218498901400043,1784980914.7702842,0.1024121612285217,0.11357594142346734,1784980914.7625055,17432.341796875,nan,nan,49.95842361450195,nan
20.92255401611328,1784980914.815851,BSMC,circle,circle_dist_bsmc_30cm_yawfree_p02_manual,1784980914.8134978,-0.31402288989907845,0.8885096471577236,-2.9002283579889014,0.1004495323411367,0.09215083387871319,1784980914.7648726,-0.3130886774775968,0.8896235468230966,-2.907224484068246,0.05097842216491699,0,0,1784980914.8110952,-0.30762911035298657,0.8879631075200527,-2.878615771200477,1784980914.8111477,-0.0002976096074117474,0.0018752443724625852,0.02584408292587259,-0.0049247081760730085,0.0028829119389494513,0.028608712867769,1784980914.8112004,0.10761067190586124,0.11536109365328213,1784980914.8122861,17432.390625,nan,nan,49.89777755737305,nan
20.962696075439453,1784980914.855993,BSMC,circle,circle_dist_bsmc_30cm_yawfree_p02_manual,1784980914.8134978,-0.31402288989907845,0.8885096471577236,-2.9002283579889014,0.1004495323411367,0.09215083387871319,1784980914.849871,-0.3210330757702594,0.8874658815423098,-2.9002199100942883,0.006122112274169922,0,0,1784980914.851058,-0.31180251875095233,0.8868298937818979,-2.8742912434599988,1784980914.8510926,-0.0017545013357320868,0.0021617919654636293,0.025937114528902683,-0.008810946297459547,0.002823984536316877,0.0259286666342895,1784980914.8511293,0.10588108131986486,0.11625386689961785,1784980914.8122861,17432.390625,nan,nan,49.89777755737305,nan
21.002672910690308,1784980914.8959699,BSMC,circle,circle_dist_bsmc_30cm_yawfree_p02_manual,1784980914.8636398,-0.31961773529087045,0.8872388302941941,-2.895987275870466,0.10234611880862118,0.09278988628152864,1784980914.849871,-0.3210330757702594,0.8874658815423098,-2.9002199100942883,0.046098947525024414,0,0,1784980914.8909724,-0.31596746519432883,0.8856796236714013,-2.869970372106849,1784980914.8910167,-0.003161615538986305,0.002399955052476481,0.02601690376361709,-0.0044917827708878715,0.0029453378800261727,0.030249537987439457,1784980914.891065,0.10421061293572371,0.11737870739429734,1784980914.8630352,17432.44140625,nan,nan,50.2216682434082,nan
21.042465448379517,1784980914.9357624,BSMC,circle,circle_dist_bsmc_30cm_yawfree_p02_manual,1784980914.9138186,-0.324712905563272,0.88595620928012,-2.890783402186557,0.1035792808787596,0.09481572755343365,1784980914.849871,-0.3210330757702594,0.8874658815423098,-2.9002199100942883,0.0858914852142334,0,0,1784980914.9305806,-0.32010421305085857,0.884517934374133,-2.865673602011024,1784980914.930622,-0.004107532713553514,0.002537096053809387,0.025109800175532992,-0.00019727078097608343,0.003084519848668105,0.03454630808326442,1784980914.930669,0.10309031334637003,0.11649680814179024,1784980914.9126265,17432.4921875,nan,nan,49.96283721923828,nan
21.08239984512329,1784980914.9756968,BSMC,circle,circle_dist_bsmc_30cm_yawfree_p02_manual,1784980914.9641757,-0.32975879505666095,0.8846634316343527,-2.886015244668662,0.1035792808787596,0.09481572755343365,1784980914.9664705,-0.3343766247765232,0.8843175307369552,-2.8855218323427625,0.009226322174072266,0,0,1784980914.9699342,-0.32419388941073735,0.8833505793346947,-2.861420579817115,1784980914.96997,-0.005052249069088995,0.0026770385414929864,0.024594664851547154,-0.00960579229719378,0.003514519723537177,0.024101252525647432,1784980914.9700067,0.10197031753439817,0.11645455295092728,1784980914.9126265,17432.4921875,nan,nan,49.96283721923828,nan
21.122430086135864,1784980915.015727,BSMC,circle,circle_dist_bsmc_30cm_yawfree_p02_manual,1784980915.0138586,-0.3357705846453239,0.8831992385767098,-2.8803708605538407,0.10630061110484298,0.09793683398625838,1784980914.9664705,-0.3343766247765232,0.8843175307369552,-2.8855218323427625,0.04925656318664551,0,0,1784980915.0105407,-0.328405001899976,0.8821288680800436,-2.8570358246825323,1784980915.0105748,-0.0006690704827180566,0.0027944790231944888,0.02897941998612996,-0.005222556297798908,0.0036297974766895205,0.02848600766023024,1784980915.0106165,0.10716046694439671,0.11824703791284324,1784980915.012821,17432.591796875,nan,nan,37.17204284667969,nan
21.162770986557007,1784980915.056068,BSMC,circle,circle_dist_bsmc_30cm_yawfree_p02_manual,1784980915.0138586,-0.3357705846453239,0.8831992385767098,-2.8803708605538407,0.10630061110484298,0.09793683398625838,1784980915.0407333,-0.34381986919656965,0.8818998400040823,-2.8778462018037394,0.015334606170654297,0,0,1784980915.050636,-0.33254094082007046,0.8809094428746698,-2.8527238625548472,1784980915.0506756,-0.0025287135378322207,0.0030462060729147303,0.027646997998993506,-0.010630707880891621,0.0038965576791953017,0.025122339248892178,1784980915.0507212,0.10495714440869877,0.11754739989917584,1784980915.012821,17432.591796875,nan,nan,37.17204284667969,nan
21.20265769958496,1784980915.0959547,BSMC,circle,circle_dist_bsmc_30cm_yawfree_p02_manual,1784980915.0638473,-0.34175435234413337,0.8817106348595884,-2.8755402510087364,0.106780919873357,0.09787883867175741,1784980915.0407333,-0.34381986919656965,0.8818998400040823,-2.8778462018037394,0.0552213191986084,0,0,1784980915.0904489,-0.33665918397842476,0.8796759380368662,-2.8484248522780526,1784980915.0904903,-0.00438092942375277,0.003302754792504455,0.0271153987306838,-0.006333299516247537,0.004013784995567794,0.029421349525686757,1784980915.090532,0.1027601359847688,0.11797947365009429,1784980915.0635157,17432.642578125,nan,nan,50.58346939086914,nan
21.242875814437866,1784980915.1361728,BSMC,circle,circle_dist_bsmc_30cm_yawfree_p02_manual,1784980915.113704,-0.3470640977554817,0.8802570255958208,-2.8700271961776886,0.10806151852288241,0.09998820566284504,1784980915.0407333,-0.34381986919656965,0.8818998400040823,-2.8778462018037394,0.09543943405151367,0,0,1784980915.1304324,-0.34077779770039207,0.8784229893446139,-2.84411986818534,1784980915.130485,-0.005563959117811076,0.0034530589755588483,0.025907327992348517,-0.002030464403345168,0.004149687193373701,0.03372633361839927,1784980915.1305408,0.10135933831358283,0.11701871685270718,1784980915.1136346,17432.693359375,nan,nan,50.16455841064453,nan
21.28267526626587,1784980915.1759722,BSMC,circle,circle_dist_bsmc_30cm_yawfree_p02_manual,1784980915.1651022,-0.35328055773092937,0.8786194219471585,-2.863881833079079,0.10913000498527617,0.10298920496467139,1784980915.1606467,-0.3567426740295855,0.8783419434410994,-2.8639449901843967,0.015325546264648438,0,0,1784980915.1709185,-0.34496948013400563,0.8771278820784243,-2.8397326668761362,1784980915.1709616,-0.007583730246988962,0.00371291496576691,0.02414916620294294,-0.010989547113752296,0.004394529978265899,0.02421232330826051,1784980915.171007,0.0989666218869231,0.11524434446485468,1784980915.1136346,17432.693359375,nan,nan,50.16455841064453,nan
21.322673559188843,1784980915.2159705,BSMC,circle,circle_dist_bsmc_30cm_yawfree_p02_manual,1784980915.2140937,-0.35799185372942854,0.8772763758478904,-2.859696318296249,0.10539521279448553,0.0999614242133947,1784980915.1606467,-0.3567426740295855,0.8783419434410994,-2.8639449901843967,0.05532383918762207,0,0,1784980915.2104375,-0.3490512680660628,0.8758473300310811,-2.835454719450294,1784980915.210476,-0.0033072641696283303,0.003825361208150363,0.02842711362878525,-0.0067130881466998605,0.004507246309643343,0.02849027073410282,1784980915.210517,0.10403064292657276,0.11699220185094078,1784980915.192061,17432.771484375,nan,nan,78.3196029663086,nan
21.36242127418518,1784980915.2557182,BSMC,circle,circle_dist_bsmc_30cm_yawfree_p02_manual,1784980915.2140937,-0.35799185372942854,0.8772763758478904,-2.859696318296249,0.10539521279448553,0.0999614242133947,1784980915.2433147,-0.36504986365900743,0.8759685226761065,-2.8553089239433347,0.012403488159179688,0,0,1784980915.2510307,-0.35321690935409633,0.8745206551765724,-2.8310829161666025,1784980915.2511604,-0.003819895782228618,0.003975234133828872,0.02861340212964647,-0.01094249016357554,0.004730437284054593,0.024226007776732228,1784980915.251242,0.10342157547662587,0.11689092334655944,1784980915.2166128,17432.794921875,nan,nan,24.860685348510742,nan
21.40233564376831,1784980915.2956326,BSMC,circle,circle_dist_bsmc_30cm_yawfree_p02_manual,1784980915.2643797,-0.36353851927240105,0.8757528604868398,-2.8543133472702853,0.10414658790932615,0.10057974575117427,1784980915.2433147,-0.36504986365900743,0.8759685226761065,-2.8553089239433347,0.05231785774230957,0,0,1784980915.291121,-0.35733675403968956,0.8731887954474551,-2.8267531355879894,1784980915.2911658,-0.005221093797728181,0.00421621881348537,0.027560211682295943,-0.0066142206800806425,0.004844690729088219,0.028555788355345335,1784980915.2912126,0.10176154773378766,0.11551601126159619,1784980915.264262,17432.84375,nan,nan,47.351966857910156,nan
21.4428231716156,1784980915.3361201,BSMC,circle,circle_dist_bsmc_30cm_yawfree_p02_manual,1784980915.314206,-0.36843071997324117,0.8742947267735102,-2.8483605634725064,0.10355441984239597,0.10368945115060643,1784980915.2433147,-0.36504986365900743,0.8759685226761065,-2.8553089239433347,0.09280538558959961,0,0,1784980915.3308492,-0.3613811380501205,0.8718621262678806,-2.822496714498817,1784980915.3308945,-0.006045530079623926,0.004366430643802906,0.02586384897368932,-0.0023598063720802857,0.004975274157378889,0.032812209444517564,1784980915.3309429,0.1007878351201752,0.11263834987072922,1784980915.3140829,17432.892578125,nan,nan,49.752540588378906,nan
21.48259735107422,1784980915.3758943,BSMC,circle,circle_dist_bsmc_30cm_yawfree_p02_manual,1784980915.3640306,-0.3733919309010872,0.8727833940343993,-2.84231985793576,0.10374057708046003,0.10638774619187362,1784980915.3644028,-0.377995323481604,0.8721245716294886,-2.8430245758391797,0.011491537094116211,0,0,1784980915.3703132,-0.36545853572127396,0.8705052857212917,-2.818199480917274,1784980915.3703535,-0.0069091206056228986,0.004515815432708781,0.024120377018486128,-0.011505827529265267,0.005235366946723713,0.024825094921905766,1784980915.370397,0.0997674585645421,0.11059405739230292,1784980915.3655639,17432.943359375,nan,nan,50.87342071533203,nan
21.522658348083496,1784980915.4159553,BSMC,circle,circle_dist_bsmc_30cm_yawfree_p02_manual,1784980915.4140508,-0.37919447036852394,0.8711041947416157,-2.8368870215940025,0.1046159504633619,0.10723464660227801,1784980915.3644028,-0.377995323481604,0.8721245716294886,-2.8430245758391797,0.051552534103393555,0,0,1784980915.4109223,-0.36961461034944,0.8691021911678781,-2.8138129490874397,1784980915.4109633,-0.0025241108382232113,0.004631227652658008,0.0285069088483203,-0.007120900183774305,0.0053538693326484876,0.029211626751739935,1784980915.4110072,0.10496000063869101,0.11238582307651794,1784980915.4135725,17432.9921875,nan,nan,48.91503143310547,nan
21.5628879070282,1784980915.4561849,BSMC,circle,circle_dist_bsmc_30cm_yawfree_p02_manual,1784980915.4140508,-0.37919447036852394,0.8711041947416157,-2.8368870215940025,0.1046159504633619,0.10723464660227801,1784980915.4412515,-0.386006021046228,0.8694872145924802,-2.8359457573633904,0.014933347702026367,0,0,1784980915.4508553,-0.37369565107941694,0.8677046224978003,-2.809499236013709,1784980915.4508994,-0.004225604111416937,0.004892685858375892,0.027387785580293315,-0.011203414968060214,0.005404288699655438,0.026446521349681174,1784980915.4509437,0.10294370554840214,0.11226172593898462,1784980915.4135725,17432.9921875,nan,nan,48.91503143310547,nan
21.602827072143555,1784980915.496124,BSMC,circle,circle_dist_bsmc_30cm_yawfree_p02_manual,1784980915.4643111,-0.38473155547777943,0.8694489619502043,-2.8328571594262613,0.10376092358636682,0.10346126654280274,1784980915.4412515,-0.386006021046228,0.8694872145924802,-2.8359457573633904,0.05487251281738281,0,0,1784980915.490518,-0.37774381562896897,0.8662988372958977,-2.805213924314796,1784980915.49056,-0.005700170938758889,0.005124436047142363,0.02764323511146527,-0.006919857708073685,0.005526785452897585,0.030731833048594392,1784980915.4906044,0.10119263570711799,0.11438600548368676,1784980915.4646008,17433.04296875,nan,nan,50.60085678100586,nan
21.642863750457764,1784980915.5361607,BSMC,circle,circle_dist_bsmc_30cm_yawfree_p02_manual,1784980915.51403,-0.38966530986907627,0.8678760860445753,-2.827791233536762,0.10390008809227794,0.10320231698405476,1784980915.4412515,-0.386006021046228,0.8694872145924802,-2.8359457573633904,0.0949091911315918,0,0,1784980915.5306108,-0.3818365201774535,0.8648577784906173,-2.80087492552024,1784980915.5306485,-0.006514805639182029,0.005287479173445608,0.026916308016522006,-0.0025832105816355018,0.005669518428126821,0.03507083184315052,1784980915.5306888,0.10022780573579344,0.114533703854431,1784980915.5176573,17433.095703125,nan,nan,53.436492919921875,nan
21.682542085647583,1784980915.575839,BSMC,circle,circle_dist_bsmc_30cm_yawfree_p02_manual,1784980915.5641084,-0.39534432502973255,0.8660786108625975,-2.821607680959447,0.10474640857006177,0.1058261700963469,1784980915.5604608,-0.3983822200078927,0.865505096921565,-2.8208503711473005,0.015378236770629883,0,0,1784980915.5704222,-0.3858747124328539,0.8634163060754957,-2.796587167646705,1784980915.5704622,-0.008151502351724675,0.0055058549675972845,0.025020513312741688,-0.01121111010838879,0.0059255213336768114,0.02426320350059541,1784980915.5705073,0.0982903630633876,0.11293274803063476,1784980915.5672836,17433.14453125,nan,nan,47.634647369384766,nan
21.722522735595703,1784980915.6158197,BSMC,circle,circle_dist_bsmc_30cm_yawfree_p02_manual,1784980915.6138167,-0.4001321942242577,0.8644913993841833,-2.8165097060723174,0.10355168190174897,0.10528054818018703,1784980915.5604608,-0.3983822200078927,0.865505096921565,-2.8208503711473005,0.05535888671875,0,0,1784980915.6112344,-0.3900212203462292,0.8619158080051473,-2.7921775130293955,1784980915.6112778,-0.0037434854651681214,0.005625894388771049,0.02943016793005127,-0.006803003578848216,0.006042222486306979,0.028672858117904987,1784980915.6113234,0.10350971485024345,0.11473662537906328,1784980915.5672836,17433.14453125,nan,nan,47.634647369384766,nan
21.762866020202637,1784980915.656163,BSMC,circle,circle_dist_bsmc_30cm_yawfree_p02_manual,1784980915.6138167,-0.4001321942242577,0.8644913993841833,-2.8165097060723174,0.10355168190174897,0.10528054818018703,1784980915.6417947,-0.40718028552176844,0.8628252987518055,-2.804601577652525,0.014368295669555664,0,0,1784980915.6510773,-0.394050877644211,0.8604377346770822,-2.787885326292335,1784980915.6511242,-0.0044681135949750025,0.005783646756739907,0.028624379779982334,-0.011601483560514306,0.006594497146962254,0.016716251360189727,1784980915.6511686,0.10265210700736421,0.11419591445101263,1784980915.6203475,17433.19921875,nan,nan,54.16617965698242,nan
21.802757263183594,1784980915.6960542,BSMC,circle,circle_dist_bsmc_30cm_yawfree_p02_manual,1784980915.6638262,-0.4057104926473065,0.8626417725298139,-2.80896964383203,0.10396947002743329,0.10889683710150787,1784980915.6417947,-0.40718028552176844,0.8628252987518055,-2.804601577652525,0.054259538650512695,0,0,1784980915.6907196,-0.39807834997807057,0.8589408090417044,-2.783588659193336,1784980915.6907592,-0.006005367087465461,0.005990183520450597,0.025380984638694315,-0.00730558427631651,0.006675547118487619,0.021012918459188956,1784980915.6908016,0.1008368446379908,0.11128759276234707,1784980915.6689687,17433.248046875,nan,nan,49.01850891113281,nan
21.84247064590454,1784980915.7357676,BSMC,circle,circle_dist_bsmc_30cm_yawfree_p02_manual,1784980915.713921,-0.41060021854914824,0.8609467693171925,-2.803297279656028,0.10373895963137746,0.10962439010717563,1784980915.6417947,-0.40718028552176844,0.8628252987518055,-2.804601577652525,0.09397292137145996,0,0,1784980915.73061,-0.4021203249241049,0.857418643413368,-2.7792695645354377,1784980915.7306466,-0.0068283553452400825,0.00614246136043357,0.0240277151205901,-0.0029876525201305783,0.006775622157228006,0.025332013117087104,1784980915.7306871,0.09986356782600003,0.11037944600690289,1784980915.7223942,17433.30078125,nan,nan,53.30010223388672,nan
21.883836030960083,1784980915.777133,BSMC,circle,circle_dist_bsmc_30cm_yawfree_p02_manual,1784980915.7643251,-0.41638924974654734,0.8588920120514457,-2.7976410844092614,0.1039512285047306,0.11034835646279062,1784980915.7610204,-0.42049904580768926,0.857307885832861,-2.7985843187358648,0.016112565994262695,0,0,1784980915.7707021,-0.40615487052652854,0.8558793482062457,-2.7749513453505625,1784980915.7707448,-0.008619046735609386,0.006287344020547094,0.022689739058698866,-0.013028138132578018,0.006169578676521154,0.023632973385302236,1784980915.7707975,0.09774139220754746,0.10974985691461171,1784980915.765951,17433.34375,nan,nan,43.9260139465332,nan
21.922545433044434,1784980915.8158424,BSMC,circle,circle_dist_bsmc_30cm_yawfree_p02_manual,1784980915.8139179,-0.4211926457093813,0.8571676321080288,-2.7919762749747097,0.10358938092776303,0.11099500304548714,1784980915.7610204,-0.42049904580768926,0.857307885832861,-2.7985843187358648,0.05482196807861328,0,0,1784980915.8104286,-0.41014803053053406,0.8543361421640634,-2.770670359518348,1784980915.8104682,-0.004339383804024338,0.006393630888193481,0.026970724890913456,-0.008748577358188781,0.006279902221271101,0.02791395921751683,1784980915.8105133,0.10280987312563311,0.11149459172536451,1784980915.765951,17433.34375,nan,nan,43.9260139465332,nan
21.962210655212402,1784980915.8555076,BSMC,circle,circle_dist_bsmc_30cm_yawfree_p02_manual,1784980915.8139179,-0.4211926457093813,0.8571676321080288,-2.7919762749747097,0.10358938092776303,0.11099500304548714,1784980915.8546503,-0.42917152534291747,0.8544891653045126,-2.7851254434943993,0.0008573532104492188,0,0,1784980915.850653,-0.41418818868381146,0.8527547266854486,-2.766331721212684,1784980915.8507044,-0.005069131468028355,0.006545231749261237,0.02564455376202579,-0.013436156954069634,0.006854074778481533,0.018793722281715386,1784980915.85075,0.10194743016419962,0.11057746449091052,1784980915.8161163,17433.39453125,nan,nan,49.67850112915039,nan
22.002753496170044,1784980915.8960505,BSMC,circle,circle_dist_bsmc_30cm_yawfree_p02_manual,1784980915.8642154,-0.426618580221164,0.8552072335437758,-2.7862066768916947,0.10288312620687516,0.11048258152941894,1784980915.8546503,-0.42917152534291747,0.8544891653045126,-2.7851254434943993,0.04140019416809082,0,0,1784980915.8904796,-0.41820408441738566,0.8511627242055795,-2.76201177683097,1784980915.8905187,-0.006481396833721964,0.006719619818291775,0.024194900060724663,-0.009117164247606249,0.006944586879136276,0.02311366666342929,1784980915.8905642,0.10027497226822206,0.11007252431791574,1784980915.8691504,17433.4453125,nan,nan,51.192771911621094,nan
22.04252862930298,1784980915.9358256,BSMC,circle,circle_dist_bsmc_30cm_yawfree_p02_manual,1784980915.9140215,-0.4313516856061057,0.8534474075066939,-2.7806609992815603,0.10233378029726642,0.11062437679271798,1784980915.8546503,-0.42917152534291747,0.8544891653045126,-2.7851254434943993,0.08117532730102539,0,0,1784980915.9313033,-0.42229022784478565,0.8495222152050226,-2.7576086110137097,1784980915.9313405,-0.007091445896166363,0.006872302850357554,0.02305238826785061,-0.004715412821376358,0.007056042125201523,0.02751683248068959,1784980915.9313817,0.09955375871136313,0.10939135580729194,1784980915.9160478,17433.494140625,nan,nan,49.0567741394043,nan
22.083112716674805,1784980915.9764097,BSMC,circle,circle_dist_bsmc_30cm_yawfree_p02_manual,1784980915.9643586,-0.43595178841663745,0.8517170136942342,-2.7757612423766878,0.10070197062445575,0.10854219189028952,1784980915.964325,-0.44288393246590463,0.8498724553657089,-2.7657467895365104,0.012084722518920898,0,0,1784980915.9698036,-0.4261647444932336,0.8479473235562335,-2.753426244642555,1784980915.9698386,-0.007790887138271598,0.007021315410511811,0.022334997734132948,-0.014845508508429438,0.007927689201495643,0.01232054489395562,1784980915.969879,0.09872528007200915,0.10944865915150602,1784980915.9691195,17433.548828125,nan,nan,53.343746185302734,nan
22.12323546409607,1784980916.0165324,BSMC,circle,circle_dist_bsmc_30cm_yawfree_p02_manual,1784980916.0141745,-0.44167088926333065,0.8495691494950273,-2.7681402981813923,0.1003408654652762,0.11085907999200942,1784980915.964325,-0.44288393246590463,0.8498724553657089,-2.7657467895365104,0.05220746994018555,0,0,1784980916.011128,-0.4302647491878975,0.846260159612249,-2.7489926690123667,1784980916.011169,-0.0033586513289861424,0.007130156583947243,0.026768573364321036,-0.01041240498354429,0.007992139242597172,0.016754120524143712,1784980916.0112123,0.10397458913089996,0.11125402180152387,1784980915.9691195,17433.548828125,nan,nan,53.343746185302734,nan
22.163506269454956,1784980916.0568032,BSMC,circle,circle_dist_bsmc_30cm_yawfree_p02_manual,1784980916.0141745,-0.44167088926333065,0.8495691494950273,-2.7681402981813923,0.1003408654652762,0.11085907999200942,1784980916.040439,-0.45096753873052264,0.8468500615124509,-2.7584188276710067,0.016364336013793945,0,0,1784980916.0504818,-0.4341969642943313,0.8446220192507623,-2.7447328747771373,1784980916.0505226,-0.005153901084535325,0.007332868177376339,0.023407423404254946,-0.014721428764419722,0.00833641855797924,0.013685952893869313,1784980916.0505686,0.10185273376014056,0.10869742224629961,1784980916.0176432,17433.595703125,nan,nan,46.93183135986328,nan
22.202419757843018,1784980916.0957167,BSMC,circle,circle_dist_bsmc_30cm_yawfree_p02_manual,1784980916.0641468,-0.44746121871708383,0.8473758905098037,-2.760678294073703,0.10121429305587876,0.11433441158917237,1784980916.040439,-0.45096753873052264,0.8468500615124509,-2.7584188276710067,0.05527782440185547,0,0,1784980916.090228,-0.4381536697841839,0.8429537813899769,-2.740438859846412,1784980916.090265,-0.006996426161821448,0.007565417184013184,0.02023943422729113,-0.010427955338500858,0.008404402633439313,0.017979967824594656,1784980916.0903075,0.09967312262732686,0.10641814225032561,1784980916.0735009,17433.650390625,nan,nan,55.59492874145508,nan
22.243199348449707,1784980916.1364963,BSMC,circle,circle_dist_bsmc_30cm_yawfree_p02_manual,1784980916.114011,-0.4521621472326269,0.845485269554471,-2.7546373542043736,0.1013384162227736,0.11546533393144306,1784980916.040439,-0.45096753873052264,0.8468500615124509,-2.7584188276710067,0.09605741500854492,0,0,1784980916.1312246,-0.44218116263162577,0.8412350904423628,-2.7360599755309214,1784980916.1312714,-0.007639121282060027,0.007702460783957289,0.018577378673452216,-0.0060499651668160185,0.008492716087890003,0.02235885214008526,1784980916.1313224,0.09891372714825829,0.10542120846878472,1784980916.1193938,17433.697265625,nan,nan,45.93635559082031,nan
22.28275203704834,1784980916.176049,BSMC,circle,circle_dist_bsmc_30cm_yawfree_p02_manual,1784980916.163942,-0.4579432608575145,0.8432208465602841,-2.746614913777636,0.10194991484973974,0.11826921818016932,1784980916.1617393,-0.46333891150866807,0.8420402456654651,-2.738864098576566,0.01430964469909668,0,0,1784980916.1706636,-0.4461339258520447,0.8395279621618956,-2.731754321958839,1784980916.1707003,-0.00947910051019103,0.007952637422199748,0.014860591818796731,-0.01484386166461679,0.009054439282950837,0.007109776617726826,1784980916.170742,0.09673638270564536,0.1032074350471928,1784980916.1193938,17433.697265625,nan,nan,45.93635559082031,nan
22.322746992111206,1784980916.216044,BSMC,circle,circle_dist_bsmc_30cm_yawfree_p02_manual,1784980916.2136686,-0.4623734389953136,0.8413759413392777,-2.74171943743107,0.0998916213050923,0.11491466289209085,1784980916.1617393,-0.46333891150866807,0.8420402456654651,-2.738864098576566,0.05430459976196289,0,0,1784980916.211157,-0.4501362758582128,0.8377787846568903,-2.727386432554542,1784980916.2111964,-0.005111849033591289,0.008027082408787387,0.01922848122309384,-0.010476164365417753,0.009095032613192056,0.011477666022023936,1784980916.2112396,0.1019122701498178,0.1049635562948841,1784980916.1790426,17433.755859375,nan,nan,60.0939826965332,nan
22.3624849319458,1784980916.255782,BSMC,circle,circle_dist_bsmc_30cm_yawfree_p02_manual,1784980916.2136686,-0.4623734389953136,0.8413759413392777,-2.74171943743107,0.0998916213050923,0.11491466289209085,1784980916.2440155,-0.471814714601037,0.8384601381577927,-2.7312425350133602,0.011766433715820312,0,0,1784980916.2503958,-0.4540182300771105,0.8360622775947478,-2.723141907598792,1784980916.250443,-0.005627451878625586,0.0081471666124184,0.018577529832277673,-0.015362462358135544,0.009298351842398227,0.008100627414568073,1784980916.250487,0.10130157842687262,0.10530869422210802,1784980916.2164395,17433.794921875,nan,nan,38.9583625793457,nan
22.402362823486328,1784980916.2956598,BSMC,circle,circle_dist_bsmc_30cm_yawfree_p02_manual,1784980916.2639992,-0.46803272720452854,0.8390826141992872,-2.734493063178222,0.10015829843488704,0.11654716453520425,1784980916.2440155,-0.471814714601037,0.8384601381577927,-2.7312425350133602,0.051644325256347656,0,0,1784980916.2905166,-0.45797364326664536,0.8342929692480235,-2.718808805372535,1784980916.2905624,-0.007340537567271856,0.008381072523968249,0.01568425780568683,-0.011029591906470428,0.009342839760104402,0.012433729640825232,1784980916.2906146,0.09927349839904168,0.10377680936461957,1784980916.2767756,17433.85546875,nan,nan,60.08780288696289,nan
22.442511558532715,1784980916.3358085,BSMC,circle,circle_dist_bsmc_30cm_yawfree_p02_manual,1784980916.3140686,-0.4727111095566157,0.8370554864401634,-2.7282997906753423,0.10079031136572439,0.11775989784520365,1784980916.2440155,-0.471814714601037,0.8384601381577927,-2.7312425350133602,0.09179306030273438,0,0,1784980916.3302445,-0.46188432353613773,0.8325233907821269,-2.714516386892616,1784980916.3302867,-0.008094993724740856,0.008498838931478625,0.013783403782726467,-0.006737632943026508,0.009405420693905776,0.016726148120744355,1784980916.3303328,0.09838098357127993,0.1029306057474534,1784980916.316734,17433.896484375,nan,nan,40.09292221069336,nan
22.482942581176758,1784980916.3762395,BSMC,circle,circle_dist_bsmc_30cm_yawfree_p02_manual,1784980916.3639135,-0.47862185915899097,0.8345554044125114,-2.720563764658413,0.1021580303095405,0.12053456053203158,1784980916.3617456,-0.48457535551844266,0.8328370966524092,-2.7150618229435977,0.014493942260742188,0,0,1784980916.3704312,-0.4658331465779709,0.830715971950088,-2.7101735772154916,1784980916.370467,-0.010102685547864532,0.008730873715409052,0.010390187442921308,-0.01618548733939394,0.009685017581678147,0.004888245728106089,1784980916.370508,0.09600228268339449,0.10129316800338288,1784980916.3676488,17433.947265625,nan,nan,50.9215202331543,nan
22.522539377212524,1784980916.4158363,BSMC,circle,circle_dist_bsmc_30cm_yawfree_p02_manual,1784980916.414012,-0.48320873476907145,0.8324974716249155,-2.714519160041361,0.10152319045759298,0.12057001803243483,1784980916.3617456,-0.48457535551844266,0.8328370966524092,-2.7150618229435977,0.05409073829650879,0,0,1784980916.410812,-0.46978713177413234,0.8288853454919228,-2.7058163737319103,1784980916.4108484,-0.005745829669686311,0.00878563700221388,0.014747390926502568,-0.011828396102139517,0.009715808993443625,0.00924544921168735,1784980916.41089,0.1011679561758171,0.1030314239530718,1784980916.3676488,17433.947265625,nan,nan,50.9215202331543,nan
22.56279158592224,1784980916.4560885,BSMC,circle,circle_dist_bsmc_30cm_yawfree_p02_manual,1784980916.414012,-0.48320873476907145,0.8324974716249155,-2.714519160041361,0.10152319045759298,0.12057001803243483,1784980916.4440382,-0.493321513009606,0.8289466500512604,-2.7064925854041375,0.012050390243530273,0,0,1784980916.4504232,-0.47366759590599405,0.827068355420639,-2.7015315770171275,1784980916.4504614,-0.00643538283942636,0.008893507816046529,0.01298758302423364,-0.01703101640134418,0.009987438539095915,0.004961008387009969,1784980916.4505022,0.10035209212274253,0.10209911630919033,1784980916.4169762,17433.99609375,nan,nan,49.507659912109375,nan
22.602675914764404,1784980916.4959729,BSMC,circle,circle_dist_bsmc_30cm_yawfree_p02_manual,1784980916.4638321,-0.48880179354298403,0.8300624503373089,-2.70753952516797,0.10045509906201566,0.1218598601627631,1784980916.4440382,-0.493321513009606,0.8289466500512604,-2.7064925854041375,0.05193471908569336,0,0,1784980916.4904385,-0.47755658281047075,0.8252269736050609,-2.6972286786101445,1784980916.4904854,-0.008168860136899256,0.0091162669832844,0.01031084655782566,-0.012728230148787746,0.010018042439893614,0.009263906793993026,1784980916.4905362,0.09829782213629808,0.10012885307626958,1784980916.4673622,17434.046875,nan,nan,50.144615173339844,nan
22.64314842224121,1784980916.5364454,BSMC,circle,circle_dist_bsmc_30cm_yawfree_p02_manual,1784980916.5139103,-0.49302288807729455,0.8281012366808607,-2.70160848226827,0.09777200477916627,0.12130036311554111,1784980916.4440382,-0.493321513009606,0.8289466500512604,-2.7064925854041375,0.0924072265625,0,0,1784980916.5299811,-0.48143178707142054,0.8233716783968072,-2.692932243254005,1784980916.5300136,-0.008472708267044382,0.009216048975140577,0.008676239014265173,-0.008432077870489316,0.010067072792978197,0.013560342150132687,1784980916.5300498,0.09793883034785279,0.09840033726694322,1784980916.519868,17434.099609375,nan,nan,52.49701690673828,nan
22.682785749435425,1784980916.5760827,BSMC,circle,circle_dist_bsmc_30cm_yawfree_p02_manual,1784980916.5639784,-0.4970463404640554,0.8262126596542464,-2.696496698978974,0.09462354586730903,0.11829102041205004,1784980916.563802,-0.5058666217940593,0.8227806515766616,-2.6901525524314356,0.012280702590942383,0,0,1784980916.5708346,-0.48540497390635295,0.8214481572437449,-2.688517928030311,1784980916.5708718,-0.008455810475739345,0.00931242008013191,0.00797877094866317,-0.01783047898836606,0.01012564044755532,0.001634624401124718,1784980916.570911,0.09795951530109852,0.09782508497325647,1784980916.568799,17434.1484375,nan,nan,48.903282165527344,nan
22.722224235534668,1784980916.6155212,BSMC,circle,circle_dist_bsmc_30cm_yawfree_p02_manual,1784980916.6146686,-0.502744209926859,0.8235680592360922,-2.6894029554075334,0.09431832442372645,0.11873272248133,1784980916.563802,-0.5058666217940593,0.8227806515766616,-2.6901525524314356,0.05171918869018555,0,0,1784980916.6108956,-0.489268744983665,0.8195567776978455,-2.6842160595915905,1784980916.6109385,-0.004154166061426196,0.009355995960250633,0.012280639387383552,-0.013528644690560096,0.010141925371255512,0.005936492839845098,1784980916.6109853,0.10306086102583542,0.09953403686953144,1784980916.568799,17434.1484375,nan,nan,48.903282165527344,nan
22.76251745223999,1784980916.6558144,BSMC,circle,circle_dist_bsmc_30cm_yawfree_p02_manual,1784980916.6146686,-0.502744209926859,0.8235680592360922,-2.6894029554075334,0.09431832442372645,0.11873272248133,1784980916.6407425,-0.5137062250821075,0.8189896104536023,-2.682762530516105,0.015071868896484375,0,0,1784980916.6503446,-0.4930884032258088,0.8176666753121622,-2.67995433416587,1784980916.650385,-0.006106797470608709,0.009527222046254188,0.009448621241663346,-0.017899418935520682,0.010317729268460592,0.0028081963502351037,1784980916.6504292,0.10074641051031173,0.09824263227386543,1784980916.6175735,17434.197265625,nan,nan,48.909786224365234,nan
22.80246353149414,1784980916.6957605,BSMC,circle,circle_dist_bsmc_30cm_yawfree_p02_manual,1784980916.6639338,-0.5083309164745089,0.8209390436341683,-2.68320289856704,0.09504354905221342,0.11824532981795045,1784980916.6407425,-0.5137062250821075,0.8189896104536023,-2.682762530516105,0.055017948150634766,0,0,1784980916.6906812,-0.49698451231604235,0.8157177981933807,-2.6755979804061045,1784980916.6907213,-0.0078646462689629,0.009703073242241306,0.007604918160935448,-0.013543122778364376,0.010339451567035382,0.007164550110000612,1784980916.6907694,0.09866154181566023,0.09830719489655163,1784980916.6692965,17434.248046875,nan,nan,51.7699089050293,nan
22.842729806900024,1784980916.7360268,BSMC,circle,circle_dist_bsmc_30cm_yawfree_p02_manual,1784980916.713677,-0.512689870848856,0.8187882396463368,-2.6775041018960795,0.09591584715825476,0.11758356667519941,1784980916.6407425,-0.5137062250821075,0.8189896104536023,-2.682762530516105,0.09528422355651855,0,0,1784980916.730465,-0.5008266238219664,0.8137750829516393,-2.6712926358245004,1784980916.7305033,-0.008364541546437936,0.009792998253063723,0.006211466071579075,-0.009237968395267776,0.010379564808651216,0.011469894691604754,1784980916.730542,0.09806920574629586,0.0986241491974143,1784980916.71853,17434.296875,nan,nan,49.15554428100586,nan
22.882469177246094,1784980916.7757661,BSMC,circle,circle_dist_bsmc_30cm_yawfree_p02_manual,1784980916.7639778,-0.518546139056001,0.8159201367679132,-2.670657470045956,0.09759940000713392,0.11862606273902242,1784980916.761212,-0.5254250166668833,0.8130030526849565,-2.667480268058076,0.014554023742675781,0,0,1784980916.7703815,-0.504661870202132,0.8118150557574454,-2.666985566046058,1784980916.7704198,-0.010510331162355026,0.009957788437532086,0.0036719039998982517,-0.017930557638683065,0.010536350913971825,0.0004947020120180667,1784980916.7704594,0.09552350883563747,0.09824671449187646,1784980916.7725596,17434.3515625,nan,nan,54.123653411865234,nan
22.9226975440979,1784980916.8159945,BSMC,circle,circle_dist_bsmc_30cm_yawfree_p02_manual,1784980916.814167,-0.5229830916403809,0.8136546996253248,-2.664512489575891,0.09825148715940496,0.11928578056068177,1784980916.761212,-0.5254250166668833,0.8130030526849565,-2.667480268058076,0.05478239059448242,0,0,1784980916.8104076,-0.5085108970691083,0.809826970707789,-2.6626534165404427,1784980916.8104424,-0.006178258868276561,0.009983079270861518,0.008004053505513475,-0.013598426855930969,0.010547877774103206,0.0048268515176332905,1784980916.810527,0.10066294723870904,0.09995460492517666,1784980916.7725596,17434.3515625,nan,nan,54.123653411865234,nan
22.96258544921875,1784980916.8558824,BSMC,circle,circle_dist_bsmc_30cm_yawfree_p02_manual,1784980916.814167,-0.5229830916403809,0.8136546996253248,-2.664512489575891,0.09825148715940496,0.11928578056068177,1784980916.8520162,-0.533171575070788,0.8092190264399226,-2.65340399121774,0.0038661956787109375,0,0,1784980916.8504329,-0.5123328751439257,0.8078318854507954,-2.6583420466445076,1784980916.8504734,-0.006787245063733155,0.010063080084014906,0.00617044293138358,-0.017753797253584017,0.010999011675789948,-0.004938055426767728,1784980916.850518,0.09994148410010983,0.09937646982041773,1784980916.819356,17434.3984375,nan,nan,46.868953704833984,nan
23.00265884399414,1784980916.8959558,BSMC,circle,circle_dist_bsmc_30cm_yawfree_p02_manual,1784980916.8641944,-0.5286401370059112,0.8107977960245819,-2.656353355002508,0.1005212672953029,0.12382830084490765,1784980916.8520162,-0.533171575070788,0.8092190264399226,-2.65340399121774,0.04393959045410156,0,0,1784980916.8903396,-0.5161533592966026,0.8058165530724606,-2.6540225914977182,1784980916.890378,-0.008721994481177166,0.010230308459673147,0.002330763504789779,-0.013434362135896443,0.010987010838013057,-0.0006186002799783985,1784980916.8904207,0.09764669919821568,0.09726291938925526,1784980916.8748007,17434.453125,nan,nan,55.1374626159668,nan
23.042824506759644,1784980916.9361215,BSMC,circle,circle_dist_bsmc_30cm_yawfree_p02_manual,1784980916.9139152,-0.5329921191438148,0.8084994633397289,-2.6504829878582488,0.09994949588835776,0.12285978565049101,1784980916.8520162,-0.533171575070788,0.8092190264399226,-2.65340399121774,0.08410525321960449,0,0,1784980916.9313588,-0.5200296954775216,0.8037501241360117,-2.6496298541091075,1784980916.931398,-0.009190585169112449,0.010301155004451366,0.0008531337491413106,-0.009041633746603371,0.01099394155186926,0.0037741371086323916,1784980916.9314432,0.09709073610105742,0.09686267747157298,1784980916.919823,17434.498046875,nan,nan,45.159114837646484,nan
23.082602500915527,1784980916.9758995,BSMC,circle,circle_dist_bsmc_30cm_yawfree_p02_manual,1784980916.964337,-0.5387857322633334,0.8054655485807937,-2.643906419075112,0.10150839815953418,0.12384122518464695,1784980916.9627914,-0.5448175028480968,0.8026316622043014,-2.643641340585066,0.013108015060424805,0,0,1784980916.9700634,-0.5237447110596087,0.8017491020865081,-2.6454102028868784,1784980916.9701006,-0.011442178972179152,0.010446091793795565,-0.0015037838117666347,-0.018092239101099115,0.010840311362278796,-0.0017688623018123904,1784980916.9701405,0.09441801144629573,0.09647332876692719,1784980916.9692886,17434.548828125,nan,nan,49.468650817871094,nan
23.122528076171875,1784980917.015825,BSMC,circle,circle_dist_bsmc_30cm_yawfree_p02_manual,1784980917.0140991,-0.5433186193874009,0.8029931009245862,-2.637184988469431,0.10238130833937695,0.12574548218668063,1784980916.9627914,-0.5448175028480968,0.8026316622043014,-2.643641340585066,0.05303359031677246,0,0,1784980917.0113704,-0.5276422321288292,0.7996279610641569,-2.6409728678725353,1784980917.0114152,-0.007004848732156376,0.010449263969375778,0.002933551202576545,-0.0136549081760989,0.010842307296961475,0.0026684727125307894,1784980917.0114613,0.09968477984624009,0.09820669834650118,1784980916.9692886,17434.548828125,nan,nan,49.468650817871094,nan
23.162589073181152,1784980917.055886,BSMC,circle,circle_dist_bsmc_30cm_yawfree_p02_manual,1784980917.0140991,-0.5433186193874009,0.8029931009245862,-2.637184988469431,0.10238130833937695,0.12574548218668063,1784980917.044679,-0.5522493071071826,0.7979866208058946,-2.639114321902055,0.011207103729248047,0,0,1784980917.050856,-0.5313924090332693,0.7975657717952096,-2.6366930922530285,1784980917.0508955,-0.007817962567538092,0.01051522021558025,0.0004918962164026652,-0.018076131738446136,0.01041348993036147,0.0024212296490264684,1784980917.0509396,0.09872006536639062,0.09695740174246652,1784980917.019144,17434.59765625,nan,nan,49.925262451171875,nan
23.202934980392456,1784980917.096232,BSMC,circle,circle_dist_bsmc_30cm_yawfree_p02_manual,1784980917.0641854,-0.5487563829809808,0.8000224025360032,-2.632448434936468,0.10228937193220922,0.12322095181371116,1784980917.044679,-0.5522493071071826,0.7979866208058946,-2.639114321902055,0.05155301094055176,0,0,1784980917.090899,-0.5351814336584428,0.7954609154707147,-2.6323586768172373,1784980917.090939,-0.009629722865120975,0.010599757115011418,8.975811923050969e-05,-0.013741765323376723,0.010433378038755771,0.006755645084817629,1784980917.0909827,0.09656951852404932,0.09791611687164166,1784980917.069772,17434.6484375,nan,nan,50.50529098510742,nan
23.24279475212097,1784980917.1360917,BSMC,circle,circle_dist_bsmc_30cm_yawfree_p02_manual,1784980917.1139317,-0.5530259720128514,0.7976355530868874,-2.6264995327469536,0.10085498942364673,0.12261300456687858,1784980917.044679,-0.5522493071071826,0.7979866208058946,-2.639114321902055,0.09141278266906738,0,0,1784980917.1305413,-0.538884236653007,0.7933831187406554,-2.6281127356551277,1784980917.1305823,-0.010211983969477612,0.010667111148948433,-0.0016132029081741273,-0.00949599470283424,0.010471075594870002,0.011001586246927262,1784980917.1306229,0.0958782344973849,0.0968171139590163,1784980917.1198316,17434.69921875,nan,nan,50.00021743774414,nan
23.282766103744507,1784980917.176063,BSMC,circle,circle_dist_bsmc_30cm_yawfree_p02_manual,1784980917.16442,-0.5570369604290485,0.7953712486956954,-2.6212937815874424,0.09752006221771506,0.11955264502796667,1784980917.165537,-0.5639501492088951,0.7913483058628239,-2.6222269941509753,0.010525941848754883,0,0,1784980917.1709402,-0.5427112629661074,0.7912138108556218,-2.623713638212501,1784980917.17098,-0.010363160551931129,0.0107291565637142,-0.002419856625058614,-0.018371449592577315,0.010658246460296804,-0.001486644061525766,1784980917.1710186,0.09569861221688342,0.09611185944708053,1784980917.1710892,17434.75,nan,nan,51.22089767456055,nan
23.322882652282715,1784980917.2161796,BSMC,circle,circle_dist_bsmc_30cm_yawfree_p02_manual,1784980917.2137861,-0.5622083438761569,0.7924208195726226,-2.616083034082322,0.09650151311898905,0.11778931718980534,1784980917.165537,-0.5639501492088951,0.7913483058628239,-2.6222269941509753,0.05064249038696289,0,0,1784980917.210895,-0.5464492383054705,0.7890734264606205,-2.6194062336943733,1784980917.2109323,-0.006055759516301624,0.010728010130095339,0.001887547893069108,-0.014064049362708532,0.010661119747356321,0.002820760456601956,1784980917.2109752,0.10081162106100645,0.0977915121077197,1784980917.1710892,17434.75,nan,nan,51.22089767456055,nan
23.362560749053955,1784980917.2558577,BSMC,circle,circle_dist_bsmc_30cm_yawfree_p02_manual,1784980917.2137861,-0.5622083438761569,0.7924208195726226,-2.616083034082322,0.09650151311898905,0.11778931718980534,1784980917.2422194,-0.5715360766222453,0.7872682342685274,-2.6121632079553905,0.01363825798034668,0,0,1784980917.2514663,-0.5502203236701773,0.7868923368404881,-2.6150498284361943,1784980917.251509,-0.007597072410040451,0.010796353114597906,0.001033205646127744,-0.01820768395421543,0.01108976410089088,-0.002886620480803792,1784980917.2515545,0.09898221740353612,0.09775589991010296,1784980917.222802,17434.80078125,nan,nan,51.75794982910156,nan
23.402663707733154,1784980917.2959607,BSMC,circle,circle_dist_bsmc_30cm_yawfree_p02_manual,1784980917.263908,-0.5674939343279655,0.7893875191042434,-2.610133351166077,0.09684507267927792,0.11769616581751983,1784980917.2422194,-0.5715360766222453,0.7872682342685274,-2.6121632079553905,0.0537412166595459,0,0,1784980917.2903597,-0.5538714425359013,0.7847596657971231,-2.6108214739821545,1784980917.290395,-0.009398161492541643,0.01089329469982286,-0.000688122816077552,-0.013979333911581205,0.011086497939776384,0.0013417339732360034,1784980917.2904341,0.09684435673865155,0.09740516373317924,1784980917.2709644,17434.849609375,nan,nan,48.23036575317383,nan
23.44276452064514,1784980917.3360615,BSMC,circle,circle_dist_bsmc_30cm_yawfree_p02_manual,1784980917.3140852,-0.5716681010140702,0.7869283277760596,-2.604163609430627,0.09673728366271159,0.11790953145715276,1784980917.2422194,-0.5715360766222453,0.7872682342685274,-2.6121632079553905,0.0938420295715332,0,0,1784980917.3302698,-0.5575883139126637,0.7825672391590671,-2.606506164457618,1784980917.3303025,-0.009862358205395789,0.010954149413562654,-0.0023425550269911,-0.009664054157337919,0.011101598842779479,0.005657043497772297,1784980917.3303392,0.09629308448187178,0.0966538927274071,1784980917.2709644,17434.849609375,nan,nan,48.23036575317383,nan
23.482741355895996,1784980917.3760383,BSMC,circle,circle_dist_bsmc_30cm_yawfree_p02_manual,1784980917.364343,-0.5758746219509531,0.7844135893510544,-2.5982213124039446,0.09701454905631658,0.11795010201062008,1784980917.3629684,-0.5816620904755199,0.780951392772145,-2.601685249424568,0.013069868087768555,0,0,1784980917.370322,-0.5612891500996938,0.7803627082214374,-2.6021984766982187,1784980917.3703618,-0.010390327805382222,0.011008483780560536,-0.003977164294274083,-0.017172400481408275,0.01097779170704808,-0.0005132272736507737,1784980917.3704023,0.09566582673300274,0.09619251989952304,1784980917.371667,17434.951171875,nan,nan,27.941120147705078,nan
23.522575855255127,1784980917.4158728,BSMC,circle,circle_dist_bsmc_30cm_yawfree_p02_manual,1784980917.413983,-0.5809654355868079,0.7813795503216574,-2.5933963860713685,0.09718590052745764,0.11632381376723637,1784980917.3629684,-0.5816620904755199,0.780951392772145,-2.601685249424568,0.052904367446899414,0,0,1784980917.4107924,-0.5650418249219721,0.7781051566161565,-2.5978190773985967,1784980917.4108284,-0.006010939001620759,0.011000655769572338,0.00040223500534786183,-0.012793010835773586,0.010985133639691537,0.0038661720259711707,1784980917.4108703,0.10086500666825429,0.09789557133222739,1784980917.371667,17434.951171875,nan,nan,27.941120147705078,nan
23.562865257263184,1784980917.4561622,BSMC,circle,circle_dist_bsmc_30cm_yawfree_p02_manual,1784980917.413983,-0.5809654355868079,0.7813795503216574,-2.5933963860713685,0.09718590052745764,0.11632381376723637,1784980917.4414978,-0.5888547947316378,0.7768918159228082,-2.592829413673633,0.014664411544799805,0,0,1784980917.4504342,-0.5686872171143823,0.7758906293812253,-2.5935537470839605,1784980917.4504797,-0.0076184973008537465,0.011083383996948373,-0.00015736101259200552,-0.016684127019577204,0.011374245778674128,-0.0007243334103272936,1784980917.4505267,0.09895684236671223,0.09859690270749878,1784980917.4250934,17435.00390625,nan,nan,53.52749252319336,nan
23.60280680656433,1784980917.4961038,BSMC,circle,circle_dist_bsmc_30cm_yawfree_p02_manual,1784980917.4645364,-0.58601826021539,0.7783555851734605,-2.588339103981771,0.09714387415033446,0.11479760403661643,1784980917.4414978,-0.5888547947316378,0.7768918159228082,-2.592829413673633,0.054605960845947266,0,0,1784980917.49051,-0.5723927052234358,0.7736176920863386,-2.5892066887877574,1784980917.4905486,-0.009103322131588744,0.011190750909223848,-0.0008675848059862544,-0.012337076710895385,0.011380545509863635,0.0036227248858757832,1784980917.4905884,0.09719431598382336,0.09911640601055201,1784980917.4792004,17435.05859375,nan,nan,53.83430480957031,nan
23.642528533935547,1784980917.5358255,BSMC,circle,circle_dist_bsmc_30cm_yawfree_p02_manual,1784980917.514115,-0.5900028109097011,0.7758946211529302,-2.583265732317535,0.09614057666866443,0.11270665792140282,1784980917.4414978,-0.5888547947316378,0.7768918159228082,-2.592829413673633,0.09432768821716309,0,0,1784980917.5303361,-0.5760488623233151,0.7713531995483046,-2.5849060563109507,1784980917.5303733,-0.009429039282387483,0.011244127780920007,-0.0016403239934157376,-0.008036519213834985,0.01140537308096981,0.00792335736268246,1784980917.5304117,0.09680758507604724,0.09930165671753015,1784980917.5209143,17435.099609375,nan,nan,41.7908821105957,nan
23.68234395980835,1784980917.575641,BSMC,circle,circle_dist_bsmc_30cm_yawfree_p02_manual,1784980917.5640347,-0.5951794192962515,0.772690708144288,-2.5784780085665147,0.09762373198132886,0.1114604576381796,1784980917.5617976,-0.5998503674981106,0.7697421722013086,-2.581221278775987,0.013843297958374023,0,0,1784980917.570289,-0.5796942439704941,0.769073634372627,-2.5806066082976447,1784980917.5703304,-0.01116333537334021,0.011324920347685277,-0.0021285997311299987,-0.016718072919777043,0.011279286162604995,0.000614670478342294,1784980917.5703719,0.09474887624134952,0.10066798013135367,1784980917.5717502,17435.150390625,nan,nan,51.00617980957031,nan
23.72288417816162,1784980917.6161811,BSMC,circle,circle_dist_bsmc_30cm_yawfree_p02_manual,1784980917.6137128,-0.5993481355258073,0.7700576007201161,-2.57314048836044,0.098258244289584,0.11080566527933271,1784980917.5617976,-0.5998503674981106,0.7697421722013086,-2.581221278775987,0.05438351631164551,0,0,1784980917.610501,-0.5833729295861926,0.7667510512861756,-2.5762560738585583,1784980917.6105433,-0.006812804369957215,0.011325123376040577,0.0022219347079563967,-0.01236755884337365,0.011291423857324182,0.004965204917428689,1784980917.6105912,0.09991293461530275,0.10236541016082717,1784980917.5717502,17435.150390625,nan,nan,51.00617980957031,nan
23.76256537437439,1784980917.6558623,BSMC,circle,circle_dist_bsmc_30cm_yawfree_p02_manual,1784980917.6137128,-0.5993481355258073,0.7700576007201161,-2.57314048836044,0.098258244289584,0.11080566527933271,1784980917.6463764,-0.607005383454373,0.7646947840563,-2.5694757879276744,0.009485960006713867,0,0,1784980917.650561,-0.5870306562663963,0.7644194161806154,-2.571918388273536,1784980917.650606,-0.0073451795056138185,0.011382344145113407,0.0012221000869039322,-0.01664479917923702,0.01104609496536799,-0.002442600345861745,1784980917.6507196,0.09928119127630083,0.10273483748807251,1784980917.620921,17435.19921875,nan,nan,49.178321838378906,nan
23.80266261100769,1784980917.6959596,BSMC,circle,circle_dist_bsmc_30cm_yawfree_p02_manual,1784980917.6643357,-0.604458690914348,0.7667305557620299,-2.5675345246749015,0.09983858410272392,0.11082453200763835,1784980917.6463764,-0.607005383454373,0.7646947840563,-2.5694757879276744,0.04958319664001465,0,0,1784980917.690427,-0.5906362649858464,0.7620990749221122,-2.567630681898414,1784980917.690489,-0.0090916499248701,0.011395261074808562,-9.615722351252741e-05,-0.012357096279911755,0.011044814026272989,0.0018451060292603572,1784980917.6905365,0.09720821103988377,0.10314890433251887,1784980917.6720657,17435.25,nan,nan,50.95488739013672,nan
23.842418432235718,1784980917.7357154,BSMC,circle,circle_dist_bsmc_30cm_yawfree_p02_manual,1784980917.7139642,-0.6083971832843514,0.7641818816491361,-2.562444197426104,0.0978013077990443,0.10940043439353092,1784980917.6463764,-0.607005383454373,0.7646947840563,-2.5694757879276744,0.08933901786804199,0,0,1784980917.7316177,-0.5943498569380401,0.7596862910337568,-2.563202101614295,1784980917.7316577,-0.009296126739854643,0.011450752817933788,-0.0007579041881911053,-0.007928556103276918,0.011062791324058317,0.006273686313379212,1784980917.7317038,0.09696546654118106,0.10249288820912573,1784980917.7220178,17435.30078125,nan,nan,49.84171676635742,nan
23.882787704467773,1784980917.7760847,BSMC,circle,circle_dist_bsmc_30cm_yawfree_p02_manual,1784980917.7640667,-0.6120525635482458,0.7617893853564112,-2.557437840387553,0.09411113908129771,0.10791599205051884,1784980917.765113,-0.6182273094778847,0.7579310604971412,-2.553396077712927,0.010971546173095703,0,0,1784980917.7704747,-0.5978793739815041,0.7573713345068016,-2.5589811371825326,1784980917.7705157,-0.009386439075398817,0.01150187972847724,-0.0015432967949795542,-0.016617745586357566,0.011755947591590404,-0.0055850594696056355,1784980917.7705603,0.09685816820221727,0.10081097181701253,1784980917.7716794,17435.349609375,nan,nan,49.91171646118164,nan
23.922403573989868,1784980917.8157005,BSMC,circle,circle_dist_bsmc_30cm_yawfree_p02_manual,1784980917.8137865,-0.6168402468126388,0.7586289448925726,-2.551173384780919,0.09335496547592388,0.10891902645238832,1784980917.765113,-0.6182273094778847,0.7579310604971412,-2.553396077712927,0.05058741569519043,0,0,1784980917.8103158,-0.6014645683823335,0.7549979541411019,-2.5546815346739873,1784980917.8103585,-0.005086840669525012,0.011504487454403346,0.002756305713565777,-0.012318171759443011,0.01174117738717799,-0.001285456961060305,1784980917.810403,0.10196150987558947,0.10249022781441837,1784980917.7716794,17435.349609375,nan,nan,49.91171646118164,nan
23.96312689781189,1784980917.8564239,BSMC,circle,circle_dist_bsmc_30cm_yawfree_p02_manual,1784980917.8137865,-0.6168402468126388,0.7586289448925726,-2.551173384780919,0.09335496547592388,0.10891902645238832,1784980917.8521855,-0.6259972261040361,0.752990450211025,-2.5386475708836262,0.0042383670806884766,0,0,1784980917.8509018,-0.6051178969248387,0.7525565636387679,-2.5502875355742565,1784980917.8509433,-0.006357290617834976,0.011570313607848007,0.0008858492066625701,-0.016951614312159496,0.012197434842730467,-0.011639964690630222,1784980917.8509867,0.10045385366127654,0.10085175761726935,1784980917.8217602,17435.400390625,nan,nan,50.153560638427734,nan
24.002586603164673,1784980917.8958836,BSMC,circle,circle_dist_bsmc_30cm_yawfree_p02_manual,1784980917.8652382,-0.6220113343284275,0.7551737478642819,-2.543387704100002,0.09581676584256615,0.11243748213787458,1784980917.8521855,-0.6259972261040361,0.752990450211025,-2.5386475708836262,0.04369807243347168,0,0,1784980917.8902822,-0.6086393288916321,0.7501812406560896,-2.546039869215308,1784980917.89032,-0.008238347309166682,0.011656126768317343,-0.002652165115306193,-0.012704143472365873,0.012157014131498988,-0.007392298331681868,1784980917.8903615,0.09822070190933267,0.0992249693218318,1784980917.8729882,17435.451171875,nan,nan,51.04022216796875,nan
24.04246735572815,1784980917.9357643,BSMC,circle,circle_dist_bsmc_30cm_yawfree_p02_manual,1784980917.913821,-0.6261916717399911,0.7523183335162008,-2.5374335489412454,0.09884823655635383,0.11409885368435783,1784980917.8521855,-0.6259972261040361,0.752990450211025,-2.5386475708836262,0.08357882499694824,0,0,1784980917.9310296,-0.6122859602351586,0.747698426766729,-2.5416282576583016,1784980917.931066,-0.00881969199098682,0.011701512039628473,-0.004194708717056184,-0.008292594828209092,0.012134133462146462,-0.002980686774675334,1784980917.9311059,0.09753007544670593,0.09957569699511974,1784980917.9216743,17435.5,nan,nan,48.8136100769043,nan
24.082417726516724,1784980917.9757147,BSMC,circle,circle_dist_bsmc_30cm_yawfree_p02_manual,1784980917.9641147,-0.6305363321803525,0.749327872452894,-2.532315570741313,0.10093507480414873,0.11215276872710639,1784980917.9635432,-0.6363531976578817,0.7458710422629963,-2.5271466401236613,0.012171506881713867,0,0,1784980917.9711113,-0.6158311694834782,0.7452619937794034,-2.5373265437148205,1784980917.9711578,-0.009732344445265922,0.01174966599218009,-0.005010972973507499,-0.016417284440402767,0.012328720616888346,-0.010179903591159167,1784980917.9713051,0.096446351214399,0.10147637012088838,1784980917.9216743,17435.5,nan,nan,48.8136100769043,nan
24.12319540977478,1784980918.0164924,BSMC,circle,circle_dist_bsmc_30cm_yawfree_p02_manual,1784980918.0141203,-0.6358571789758793,0.7456669570567598,-2.525931468446644,0.10342662012498885,0.11211009743990749,1784980917.9635432,-0.6363531976578817,0.7458710422629963,-2.5271466401236613,0.05294919013977051,0,0,1784980918.0105996,-0.6193494709318169,0.7428217559593892,-2.5330448111556163,1784980918.0106416,-0.0054506327921982865,0.011737376989159748,-0.0007292404143033339,-0.012135693506980318,0.012294300006128482,-0.005898171031955002,1784980918.0106864,0.10153007015891648,0.10313813241866084,1784980917.9759245,17435.5546875,nan,nan,54.01380157470703,nan
24.16246509552002,1784980918.055762,BSMC,circle,circle_dist_bsmc_30cm_yawfree_p02_manual,1784980918.0141203,-0.6358571789758793,0.7456669570567598,-2.525931468446644,0.10342662012498885,0.11211009743990749,1784980918.042831,-0.6429938755993142,0.7415331857942771,-2.5170302325947715,0.012931108474731445,0,0,1784980918.0502682,-0.6228622626821173,0.7403629808251188,-2.528757001783668,1784980918.050305,-0.007545905028925775,0.011834666477857657,-0.0028255333370239555,-0.015646879859585183,0.012721099361981228,-0.01172676918889648,1784980918.0503464,0.09904257961446544,0.10386913484391287,1784980918.0223992,17435.6015625,nan,nan,46.757450103759766,nan
24.202704429626465,1784980918.0960014,BSMC,circle,circle_dist_bsmc_30cm_yawfree_p02_manual,1784980918.0641263,-0.6406576089198226,0.7423563765513612,-2.5200142406825887,0.10228333825188761,0.11030743950286401,1784980918.042831,-0.6429938755993142,0.7415331857942771,-2.5170302325947715,0.05317044258117676,0,0,1784980918.0903661,-0.626394676548584,0.7378677381773023,-2.524432165052711,1784980918.0904036,-0.008981378469836467,0.011954662482109494,-0.004417924370122339,-0.011322244308619844,0.012679735769110967,-0.00740193245793952,1784980918.0904438,0.09733804978300845,0.10365803195428411,1784980918.0775094,17435.65625,nan,nan,54.95433807373047,nan
24.242350339889526,1784980918.1356473,BSMC,circle,circle_dist_bsmc_30cm_yawfree_p02_manual,1784980918.113688,-0.6444439380784613,0.7396498594196581,-2.51573966422231,0.09916132070444046,0.10626006892951964,1784980918.042831,-0.6429938755993142,0.7415331857942771,-2.5170302325947715,0.09281635284423828,0,0,1784980918.1310592,-0.6299894295429024,0.7353048404000944,-2.520017334844886,1784980918.1310983,-0.009169591597763252,0.011988769628913015,-0.004277670622576224,-0.006907477248660292,0.012656802978738446,-0.002987102250114671,1784980918.1311421,0.0971147066578002,0.10412624022004598,1784980918.125873,17435.705078125,nan,nan,48.39478302001953,nan
24.282716512680054,1784980918.1760135,BSMC,circle,circle_dist_bsmc_30cm_yawfree_p02_manual,1784980918.1639826,-0.6484453102032662,0.7367554144080175,-2.5106511381884724,0.09881252515496607,0.10545394216251838,1784980918.1633885,-0.6531593853772047,0.7337659730171731,-2.506350431782322,0.012624979019165039,0,0,1784980918.1705978,-0.6334322448134166,0.7328277227077422,-2.5157759770415415,1784980918.1706347,-0.009805670842047809,0.012027789232844265,-0.005124838853069136,-0.0153221957139498,0.012460766708755103,-0.009425545259219348,1784980918.1706767,0.09635925045903676,0.10407378065994018,1784980918.125873,17435.705078125,nan,nan,48.39478302001953,nan
24.32243776321411,1784980918.2157347,BSMC,circle,circle_dist_bsmc_30cm_yawfree_p02_manual,1784980918.2139938,-0.653303477767214,0.7332415882437474,-2.5048902737893872,0.10000720922315055,0.10486643043375525,1784980918.1633885,-0.6531593853772047,0.7337659730171731,-2.506350431782322,0.052346229553222656,0,0,1784980918.2102673,-0.6369071102053097,0.7303049685237171,-2.511481910612403,1784980918.210307,-0.005511626750420759,0.012015002366341003,-0.0008307724239307035,-0.01102824632613276,0.01242951259450102,-0.0051314788300809155,1784980918.2103527,0.10145766177738039,0.10574000963887235,1784980918.1796248,17435.7578125,nan,nan,53.10612487792969,nan
24.362672328948975,1784980918.2559693,BSMC,circle,circle_dist_bsmc_30cm_yawfree_p02_manual,1784980918.2139938,-0.653303477767214,0.7332415882437474,-2.5048902737893872,0.10000720922315055,0.10486643043375525,1784980918.2443087,-0.6601117423699028,0.7290210543634703,-2.4959507737414652,0.011660575866699219,0,0,1784980918.2512672,-0.6404762318879487,0.727689948889854,-2.5070573214552985,1784980918.2513032,-0.007013172929692488,0.012090258137072794,-0.002167047665911248,-0.014882210204321641,0.01287807955803992,-0.011106547713833237,1784980918.2513473,0.09967511014339259,0.10636457850850718,1784980918.2279663,17435.806640625,nan,nan,49.041412353515625,nan
24.40293264389038,1784980918.2962296,BSMC,circle,circle_dist_bsmc_30cm_yawfree_p02_manual,1784980918.2640965,-0.6581676221665904,0.7297090632248574,-2.4983941252852975,0.10200550543712883,0.10640639239069799,1784980918.2443087,-0.6601117423699028,0.7290210543634703,-2.4959507737414652,0.05192089080810547,0,0,1784980918.291216,-0.6439487320609355,0.7251223169907042,-2.5027386387847055,1784980918.291259,-0.008626755652398446,0.012198121321212601,-0.004344513499408009,-0.010563703749276033,0.012839439958468486,-0.006787865043240248,1784980918.2913036,0.0977590218031387,0.10593034838487876,1784980918.273389,17435.8515625,nan,nan,45.449378967285156,nan
24.442298412322998,1784980918.3355954,BSMC,circle,circle_dist_bsmc_30cm_yawfree_p02_manual,1784980918.3139591,-0.6622746242346902,0.7266228525945276,-2.4928809922359005,0.10236608474805092,0.1070956144935081,1784980918.2443087,-0.6601117423699028,0.7290210543634703,-2.4959507737414652,0.09128665924072266,0,0,1784980918.3302305,-0.6473261447123213,0.7226026372900998,-2.498524884130775,1784980918.3302703,-0.009483033190204201,0.01223483766292481,-0.005643891894874464,-0.006349998377805048,0.012819715511319295,-0.0025741103893097694,1784980918.3303137,0.09674191951794459,0.10526826876577172,1784980918.3353639,17435.9140625,nan,nan,61.93646240234375,nan
24.483092546463013,1784980918.3763895,BSMC,circle,circle_dist_bsmc_30cm_yawfree_p02_manual,1784980918.3644176,-0.6662385598145183,0.7236072278880168,-2.4874896647514744,0.10101609190789976,0.10705877868867161,1784980918.365495,-0.6703446840803863,0.721446507943545,-2.4860418558747046,0.010894536972045898,0,0,1784980918.3704627,-0.650794849227346,0.7199916799711487,-2.494183336164771,1784980918.3705044,-0.010056165003028587,0.012265966283639079,-0.006693671413296799,-0.014610536989782107,0.013070760348220937,-0.00814148029006656,1784980918.3705478,0.09606091266764141,0.10408332679446759,1784980918.3745558,17435.953125,nan,nan,39.01808547973633,nan
24.522526741027832,1784980918.4158237,BSMC,circle,circle_dist_bsmc_30cm_yawfree_p02_manual,1784980918.4140067,-0.6706247756000032,0.7203681386534069,-2.4820555065892975,0.09904166108199114,0.10691132436536023,1784980918.365495,-0.6703446840803863,0.721446507943545,-2.4860418558747046,0.050328731536865234,0,0,1784980918.4103458,-0.6542261867285615,0.7173855233830956,-2.4898744896910774,1784980918.4103878,-0.005747366253907069,0.012246407442439062,-0.0023848249396030145,-0.010301771074059237,0.01304496321262227,-0.0038326338163727765,1784980918.410432,0.10117756913769825,0.10575054757865077,1784980918.3745558,17435.953125,nan,nan,39.01808547973633,nan
24.56275177001953,1784980918.4560487,BSMC,circle,circle_dist_bsmc_30cm_yawfree_p02_manual,1784980918.4140067,-0.6706247756000032,0.7203681386534069,-2.4820555065892975,0.09904166108199114,0.10691132436536023,1784980918.4426312,-0.677494189537231,0.716180031622088,-2.4730508227106114,0.013417482376098633,0,0,1784980918.450704,-0.6576805006196893,0.7147382499646522,-2.4855224360488046,1784980918.4507532,-0.006779828256372932,0.012380784717772783,-0.0034669294595071065,-0.014654646106189379,0.013412768184501647,-0.012471613338193244,1784980918.450805,0.09995169480194209,0.10433584148812376,1784980918.4295812,17436.0078125,nan,nan,55.21328353881836,nan
24.602465867996216,1784980918.4957628,BSMC,circle,circle_dist_bsmc_30cm_yawfree_p02_manual,1784980918.463769,-0.6750587556143257,0.7170305320852959,-2.475370997161282,0.09760890138068942,0.10881953938559216,1784980918.4426312,-0.677494189537231,0.716180031622088,-2.4730508227106114,0.0531315803527832,0,0,1784980918.4901154,-0.6610620708876147,0.7121234956789917,-2.4812478617690195,1784980918.4901536,-0.00797102004234356,0.012507958631059551,-0.00587686460773762,-0.01038030333720035,0.013368594159462148,-0.008197039058408073,1784980918.4901948,0.09853653418807463,0.1015971682252737,1784980918.4767652,17436.0546875,nan,nan,47.05921173095703,nan
24.642794370651245,1784980918.5360913,BSMC,circle,circle_dist_bsmc_30cm_yawfree_p02_manual,1784980918.513894,-0.6788538589199105,0.7140384299866552,-2.469827886376139,0.0971542705269564,0.10911217304891678,1784980918.4426312,-0.677494189537231,0.716180031622088,-2.4730508227106114,0.0934600830078125,0,0,1784980918.5306537,-0.6644952638096939,0.7094450767298381,-2.4768934649489514,1784980918.5306897,-0.008380067523235744,0.012531664533774266,-0.007065578572812203,-0.0060259888553084815,0.013342381563512643,-0.0038426422383399665,1784980918.5307338,0.09805016405150355,0.10072054770913522,1784980918.5285778,17436.107421875,nan,nan,51.94734573364258,nan
24.682503700256348,1784980918.5758007,BSMC,circle,circle_dist_bsmc_30cm_yawfree_p02_manual,1784980918.5638409,-0.6825279761686707,0.7111244003170005,-2.4653079799374824,0.0960286075044455,0.10620798643046976,1784980918.5638907,-0.6867303368561739,0.7092931068561862,-2.4647782159374847,0.011909961700439453,0,0,1784980918.5703936,-0.667872809696008,0.7067864849393757,-2.47259509840232,1784980918.5704355,-0.008714515719279217,0.012555820560334729,-0.007287118464837761,-0.013130867476605806,0.013764803062232451,-0.007816882464835473,1784980918.5704808,0.09765300234074668,0.10154093905933602,1784980918.574987,17436.154296875,nan,nan,46.153594970703125,nan
24.72290825843811,1784980918.6162052,BSMC,circle,circle_dist_bsmc_30cm_yawfree_p02_manual,1784980918.6142485,-0.6870913148665263,0.7076653430849984,-2.4595872045583524,0.0973684322752725,0.10732068807594813,1784980918.5638907,-0.6867303368561739,0.7092931068561862,-2.4647782159374847,0.05231451988220215,0,0,1784980918.610531,-0.6712730366568195,0.7040861675416067,-2.468253061201392,1784980918.6105695,-0.004372538754363377,0.012533606378758173,-0.002945081263909799,-0.008788902889250782,0.013740288660795859,-0.003474845263907511,1784980918.6106102,0.10280932812971204,0.10321926399215142,1784980918.574987,17436.154296875,nan,nan,46.153594970703125,nan
24.762667417526245,1784980918.6559644,BSMC,circle,circle_dist_bsmc_30cm_yawfree_p02_manual,1784980918.6142485,-0.6870913148665263,0.7076653430849984,-2.4595872045583524,0.0973684322752725,0.10732068807594813,1784980918.6460738,-0.6926132003612617,0.7043989096638021,-2.4572951504343905,0.009890556335449219,0,0,1784980918.6502411,-0.6746235336037513,0.7014016722701846,-2.4639597672484506,1784980918.650279,-0.005730553017687626,0.012721631334236424,-0.004372562690098113,-0.012044892508855298,0.013694236250704081,-0.006664616814060054,1784980918.6503205,0.1011968011272079,0.10303167098273024,1784980918.6322033,17436.2109375,nan,nan,57.10041427612305,nan
24.803190231323242,1784980918.6964872,BSMC,circle,circle_dist_bsmc_30cm_yawfree_p02_manual,1784980918.664761,-0.6915752417570435,0.704182064552831,-2.4537264006782653,0.09969001766120046,0.1097294842453808,1784980918.6460738,-0.6926132003612617,0.7043989096638021,-2.4572951504343905,0.05041337013244629,0,0,1784980918.690435,-0.677999596309098,0.6986726781260105,-2.4596186570189587,1784980918.690476,-0.006990722325691814,0.012875608315471262,-0.005892256340693347,-0.007703829525786164,0.013674727114478025,-0.002323506584568147,1784980918.6905181,0.09970013779584969,0.10265339477744746,1784980918.6750152,17436.25390625,nan,nan,42.6579475402832,nan
24.842525482177734,1784980918.7358224,BSMC,circle,circle_dist_bsmc_30cm_yawfree_p02_manual,1784980918.7140608,-0.695487516326525,0.7009565764543704,-2.4478859781002966,0.10077297960639119,0.11114413712706543,1784980918.6460738,-0.6926132003612617,0.7043989096638021,-2.4572951504343905,0.08974862098693848,0,0,1784980918.7302253,-0.6813305943480834,0.6959562373553753,-2.4553204449675667,1784980918.7302668,-0.0076878177431640975,0.01289648360432066,-0.007434466867270117,-0.003405620848420798,0.013673977504474959,0.0019747054668237674,1784980918.730311,0.09887157570254089,0.10194333848006046,1784980918.6750152,17436.25390625,nan,nan,42.6579475402832,nan
24.88243865966797,1784980918.7757356,BSMC,circle,circle_dist_bsmc_30cm_yawfree_p02_manual,1784980918.763839,-0.6993463964964916,0.6977370796899032,-2.442255963446526,0.10084816783265829,0.11145720233296695,1784980918.7643704,-0.7050996990756849,0.6944141533194867,-2.4415161793998004,0.011365175247192383,0,0,1784980918.7711828,-0.6847414277722653,0.6931498545276944,-2.450903477575599,1784980918.7712226,-0.00822389099230936,0.01291183035324739,-0.008647514129072942,-0.014755304145439699,0.014083275949655175,-0.00938729817579853,1784980918.7712672,0.09823420332425954,0.10135258279183262,1784980918.7361298,17436.314453125,nan,nan,60.290489196777344,nan
24.922922134399414,1784980918.816219,BSMC,circle,circle_dist_bsmc_30cm_yawfree_p02_manual,1784980918.8139107,-0.7040266805118293,0.6940068620507001,-2.4370135973776845,0.0999252063328769,0.11004523066584379,1784980918.7643704,-0.7050996990756849,0.6944141533194867,-2.4415161793998004,0.051848649978637695,0,0,1784980918.8102646,-0.6879904594027292,0.6904529794803222,-2.4466809939406504,1784980918.810303,-0.004001500692093896,0.012884231267401135,-0.00442503049412446,-0.010532935418001535,0.014052553214662908,-0.005164814540850049,1784980918.8103478,0.1032491613118867,0.10298032198038418,1784980918.7831843,17436.361328125,nan,nan,46.81931686401367,nan
24.963046550750732,1784980918.8563435,BSMC,circle,circle_dist_bsmc_30cm_yawfree_p02_manual,1784980918.8139107,-0.7040266805118293,0.6940068620507001,-2.4370135973776845,0.0999252063328769,0.11004523066584379,1784980918.8538468,-0.7113355947766086,0.6886293374376133,-2.435869672235723,0.0024967193603515625,0,0,1784980918.8502603,-0.6913133095825907,0.6876707350564729,-2.4423471449874032,1784980918.8502982,-0.005582124388827893,0.013062013358553642,-0.005333547609718714,-0.014618084497577281,0.01371577298359099,-0.006477472751680313,1784980918.850338,0.10137248223067709,0.1029924178089569,1784980918.8369253,17436.416015625,nan,nan,55.13988494873047,nan
25.002702236175537,1784980918.8959992,BSMC,circle,circle_dist_bsmc_30cm_yawfree_p02_manual,1784980918.8641205,-0.7084912273337245,0.6903453395735089,-2.4323655229198913,0.09965198566488209,0.10866509938268157,1784980918.8538468,-0.7113355947766086,0.6886293374376133,-2.435869672235723,0.04215240478515625,0,0,1784980918.8903139,-0.6945995272093828,0.6848949387803392,-2.4380454825423343,1784980918.8903573,-0.0069923713307931245,0.013183055196847268,-0.005679959622443053,-0.010316465632238035,0.013697161304629838,-0.002175810306611403,1784980918.8904002,0.09969831309020143,0.10354809226735302,1784980918.8768356,17436.455078125,nan,nan,39.117431640625,nan
25.043190002441406,1784980918.936487,BSMC,circle,circle_dist_bsmc_30cm_yawfree_p02_manual,1784980918.914035,-0.7121469930073124,0.6872020844133632,-2.42708414336922,0.09852829604159612,0.10818745289492378,1784980918.8538468,-0.7113355947766086,0.6886293374376133,-2.435869672235723,0.08264017105102539,0,0,1784980918.9300725,-0.6978891896582913,0.6820918390545423,-2.433723529722511,1784980918.9301066,-0.007422094985397643,0.013202729641799246,-0.006639386353290977,-0.005994516176678504,0.013697097193278066,0.0021461425132121015,1784980918.9301443,0.09918759286271527,0.10277368516294497,1784980918.926762,17436.50390625,nan,nan,49.43032455444336,nan
25.082499027252197,1784980918.975796,BSMC,circle,circle_dist_bsmc_30cm_yawfree_p02_manual,1784980918.963813,-0.7158566908503317,0.6839725523840209,-2.4213918387412394,0.098603282022873,0.10913876622145634,1784980918.963986,-0.720384910061437,0.6808513408468266,-2.4338421785621334,0.011810064315795898,0,0,1784980918.9704447,-0.7011880677678184,0.6792561051508994,-2.429373355772315,1784980918.9704797,-0.0079153473065062,0.013219707056400503,-0.007981517031075747,-0.013549160648027228,0.013692471533860332,0.004468822789818194,1784980918.9705167,0.09860104271627702,0.10178592007844002,1784980918.926762,17436.50390625,nan,nan,49.43032455444336,nan
25.12245512008667,1784980919.015752,BSMC,circle,circle_dist_bsmc_30cm_yawfree_p02_manual,1784980919.0139048,-0.7204326881552915,0.6801858746471319,-2.4186686090238108,0.09962022763140305,0.10653473376331683,1784980918.963986,-0.720384910061437,0.6808513408468266,-2.4338421785621334,0.051766157150268555,0,0,1784980919.010636,-0.704467142202593,0.6764125247369522,-2.425033043768226,1784980919.0106795,-0.003575111999319194,0.013194484098136307,-0.003641205026986505,-0.00920894770223065,0.013721286538911324,0.008809134793907436,1784980919.0107224,0.10375562610540053,0.10346144764579028,1784980918.9763665,17436.5546875,nan,nan,50.51100540161133,nan
25.162926197052002,1784980919.0562232,BSMC,circle,circle_dist_bsmc_30cm_yawfree_p02_manual,1784980919.0139048,-0.7204326881552915,0.6801858746471319,-2.4186686090238108,0.09962022763140305,0.10653473376331683,1784980919.0433233,-0.7276412874424649,0.6743932299668938,-2.421659704012405,0.01289987564086914,0,0,1784980919.0505352,-0.7077028748779208,0.6735819489773991,-2.4207339562438115,1784980919.0505862,-0.005176735477436701,0.013373907062811753,-0.002065347220000735,-0.014455788927659991,0.013756040088514866,0.0009257477685933324,1784980919.0506394,0.101854984642771,0.10629216474540149,1784980919.0265121,17436.60546875,nan,nan,50.80088424682617,nan
25.20321798324585,1784980919.096515,BSMC,circle,circle_dist_bsmc_30cm_yawfree_p02_manual,1784980919.063921,-0.7250514117115977,0.6762278841684847,-2.4144228961436083,0.10072606937767284,0.10592321566941479,1784980919.0433233,-0.7276412874424649,0.6743932299668938,-2.421659704012405,0.0531916618347168,0,0,1784980919.0905905,-0.7109373351396928,0.6707278052714332,-2.416420268919288,1784980919.0906332,-0.006887824230856212,0.013491326944234055,-0.0019973727756799065,-0.010142125442756736,0.013769337392727529,0.00523943509311664,1784980919.0906763,0.09982393720515302,0.10745419623779179,1784980919.0766394,17436.654296875,nan,nan,49.20863342285156,nan
25.243104457855225,1784980919.1364014,BSMC,circle,circle_dist_bsmc_30cm_yawfree_p02_manual,1784980919.113887,-0.7287689178520658,0.6729091767872937,-2.408893562452222,0.10037177506026417,0.10672727530307075,1784980919.0433233,-0.7276412874424649,0.6743932299668938,-2.421659704012405,0.0930781364440918,0,0,1784980919.1304598,-0.7141692244098705,0.6678510004454199,-2.412093475248634,1784980919.1305003,-0.007469694248902676,0.013525526397870098,-0.003199912796411741,-0.00581545370487464,0.013801367601520542,0.009566228763771,1784980919.1305408,0.09913291999716149,0.10633268550134731,1784980919.130612,17436.70703125,nan,nan,52.91759490966797,nan
25.282608032226562,1784980919.175905,BSMC,circle,circle_dist_bsmc_30cm_yawfree_p02_manual,1784980919.1637838,-0.7321808880564807,0.669849637879134,-2.4047574455975576,0.09731054848847509,0.10296653038279957,1784980919.1632485,-0.7378921908258796,0.665416103480826,-2.4070814389752204,0.012656450271606445,0,0,1784980919.1714356,-0.7174526152234606,0.6649025355200389,-2.407680524732886,1784980919.1715503,-0.0075835489827750634,0.01356044347435197,-0.0029230791353285213,-0.014825197682744134,0.014080252715235938,-0.0005990857576656515,1784980919.1716096,0.09899786596062643,0.10677065257263176,1784980919.130612,17436.70703125,nan,nan,52.91759490966797,nan
25.322246551513672,1784980919.2155435,BSMC,circle,circle_dist_bsmc_30cm_yawfree_p02_manual,1784980919.2146413,-0.7367965462395686,0.6657901705687188,-2.400151474811351,0.09764151242536881,0.10215461759085241,1784980919.1632485,-0.7378921908258796,0.665416103480826,-2.4070814389752204,0.05229496955871582,0,0,1784980919.21046,-0.720578138948969,0.662071376898245,-2.403463371183692,1784980919.2105014,-0.003366399957416482,0.01355700859575553,0.0012940744138654203,-0.010608052063047935,0.014086618463500735,0.00361806779152829,1784980919.2105465,0.10400399282061545,0.10841346805378935,1784980919.1760767,17436.755859375,nan,nan,47.31643295288086,nan
25.362587213516235,1784980919.2558842,BSMC,circle,circle_dist_bsmc_30cm_yawfree_p02_manual,1784980919.2146413,-0.7367965462395686,0.6657901705687188,-2.400151474811351,0.09764151242536881,0.10215461759085241,1784980919.2447228,-0.7438479075263161,0.6600254606257643,-2.4013654429991997,0.011161327362060547,0,0,1784980919.251418,-0.7238311246855251,0.6590991258216211,-2.3990569867156135,1784980919.2514734,-0.005043139881779374,0.013690835475401952,0.0010944880957373115,-0.014153925942822493,0.014184360114924062,0.0023084562835862248,1784980919.2515314,0.10201372827350798,0.10915949062291536,1784980919.2375462,17436.814453125,nan,nan,59.70963668823242,nan
25.402825832366943,1784980919.2961228,BSMC,circle,circle_dist_bsmc_30cm_yawfree_p02_manual,1784980919.2641938,-0.7412500364603005,0.661832592478624,-2.3957425459270563,0.09911260168216283,0.10217013801645752,1784980919.2447228,-0.7438479075263161,0.6600254606257643,-2.4013654429991997,0.051399946212768555,0,0,1784980919.2904553,-0.7269566273165022,0.6562184342900016,-2.394806436445533,1784980919.2904897,-0.006688922432624839,0.013823119539713928,0.0009361094815232285,-0.009903420651055593,0.014203205837270928,0.006559006553666701,1784980919.2905302,0.10006020175222587,0.11014782386564607,1784980919.2775197,17436.85546875,nan,nan,40.620361328125,nan
25.442565202713013,1784980919.3358622,BSMC,circle,circle_dist_bsmc_30cm_yawfree_p02_manual,1784980919.3136363,-0.7448887930747747,0.6584638326607097,-2.390628871163907,0.09952464932905813,0.10237035571709147,1784980919.2447228,-0.7438479075263161,0.6600254606257643,-2.4013654429991997,0.09113931655883789,0,0,1784980919.3311646,-0.7301083100375175,0.6532885847812654,-2.390503280546485,1784980919.331212,-0.007273702398161139,0.013868638103697354,0.0001255906174222332,-0.005600431320372908,0.014240688337442813,0.010862162452714763,1784980919.3312666,0.09936611440164056,0.1100112627301646,1784980919.3350961,17436.912109375,nan,nan,57.84388732910156,nan
25.482845783233643,1784980919.3761427,BSMC,circle,circle_dist_bsmc_30cm_yawfree_p02_manual,1784980919.3636875,-0.748602810247049,0.6549807873560364,-2.3850372006003964,0.1003396079903111,0.10385930162183202,1784980919.36681,-0.7532573315968258,0.6516364197575234,-2.3858666512556304,0.009332656860351562,0,0,1784980919.3702624,-0.7332434944383317,0.6503488367660298,-2.386205428983985,1784980919.3702993,-0.007989900631233835,0.01391132762475186,-0.0011682283835887655,-0.013682500343218742,0.014662903263832964,-0.0003387777283547777,1784980919.3703408,0.09851591425382578,0.10914874386418401,1784980919.3350961,17436.912109375,nan,nan,57.84388732910156,nan
25.52273917198181,1784980919.4160361,BSMC,circle,circle_dist_bsmc_30cm_yawfree_p02_manual,1784980919.4136298,-0.7529499592332273,0.6510329593607044,-2.3802985388451288,0.10027382767760347,0.10304809653139695,1784980919.36681,-0.7532573315968258,0.6516364197575234,-2.3858666512556304,0.04922604560852051,0,0,1784980919.4101887,-0.7363832284413528,0.6473792910771266,-2.381883836653053,1784980919.4102294,-0.0036683137920433245,0.013915617094023721,0.003153363947343557,-0.009360918548531619,0.014670777274253666,0.003982814602577545,1784980919.4102726,0.10364517456926356,0.11083776038363961,1784980919.400423,17436.978515625,nan,nan,66.1153564453125,nan
25.562880992889404,1784980919.456178,BSMC,circle,circle_dist_bsmc_30cm_yawfree_p02_manual,1784980919.4136298,-0.7529499592332273,0.6510329593607044,-2.3802985388451288,0.10027382767760347,0.10304809653139695,1784980919.4438,-0.7597598370071152,0.6456016930473931,-2.3751965621215687,0.01237797737121582,0,0,1784980919.4506462,-0.7395401631562424,0.6443673982261376,-2.3775206078551396,1784980919.4506912,-0.005109642943878791,0.014076359083620864,0.00277793098998913,-0.013710515415155236,0.014912426408611065,-0.002324045733570923,1784980919.4507422,0.10193443711325226,0.11129641886013997,1784980919.4312925,17437.0078125,nan,nan,28.51460838317871,nan
25.603221654891968,1784980919.4965186,BSMC,circle,circle_dist_bsmc_30cm_yawfree_p02_manual,1784980919.4638867,-0.7575005562185335,0.6468115746577453,-2.3741145302611524,0.10277368027999359,0.10578398950631226,1784980919.4438,-0.7597598370071152,0.6456016930473931,-2.3751965621215687,0.0527186393737793,0,0,1784980919.490211,-0.7426287905767025,0.6413950517841852,-2.373234060194312,1784980919.490255,-0.006941859690878192,0.014223878422480475,0.0008804700668405552,-0.009423971106162743,0.014911651521829848,0.0019625019272568878,1784980919.490302,0.09975997068464322,0.11059493692368066,1784980919.4770632,17437.056640625,nan,nan,48.25421905517578,nan
25.64318823814392,1784980919.5364852,BSMC,circle,circle_dist_bsmc_30cm_yawfree_p02_manual,1784980919.5141075,-0.7614641431628127,0.6429714116483619,-2.3680616903742306,0.10541044296234423,0.1082720626908929,1784980919.4438,-0.7597598370071152,0.6456016930473931,-2.3751965621215687,0.09268522262573242,0,0,1784980919.5302086,-0.7457289496372884,0.6383858033079608,-2.368913575079261,1784980919.530245,-0.008053907670164628,0.014274406831028826,-0.0008518847050305033,-0.005103526069084641,0.014929463713696623,0.006282987042307564,1784980919.530286,0.09843997240730923,0.11009508256803313,1784980919.528073,17437.107421875,nan,nan,50.86841583251953,nan
25.682493448257446,1784980919.5757904,BSMC,circle,circle_dist_bsmc_30cm_yawfree_p02_manual,1784980919.5638833,-0.765261258563521,0.6392601407970341,-2.3628850295215638,0.10585487725528822,0.10760419763881535,1784980919.5632749,-0.7695060892519657,0.6364057211691981,-2.3605218421666443,0.012515544891357422,0,0,1784980919.5704803,-0.7488245238085735,0.6353548839331142,-2.3645812453292003,1784980919.570525,-0.008957130403382762,0.014324353231978407,-0.0016962158076365697,-0.013947389837192785,0.015306917547809213,-0.00405940316255604,1784980919.5705724,0.09736773084522633,0.11046951555155873,1784980919.528073,17437.107421875,nan,nan,50.86841583251953,nan
25.722652196884155,1784980919.6159492,BSMC,circle,circle_dist_bsmc_30cm_yawfree_p02_manual,1784980919.614156,-0.7696773514862499,0.635061125359992,-2.357045652722474,0.10558247983184092,0.10792341268122832,1784980919.5632749,-0.7695060892519657,0.6364057211691981,-2.3605218421666443,0.052674293518066406,0,0,1784980919.6103508,-0.7518857316272085,0.6323316165025316,-2.3602787846587288,1784980919.610392,-0.004654673496779125,0.014326310912510413,0.0026062448628350054,-0.009644940318089592,0.015298707720581634,0.0002430575079155339,1784980919.6104398,0.1024745357638674,0.11214942802197173,1784980919.5773249,17437.15625,nan,nan,49.412445068359375,nan
25.762770175933838,1784980919.6560671,BSMC,circle,circle_dist_bsmc_30cm_yawfree_p02_manual,1784980919.614156,-0.7696773514862499,0.635061125359992,-2.357045652722474,0.10558247983184092,0.10792341268122832,1784980919.648326,-0.7758962452810664,0.6302740724558205,-2.350776548008907,0.007741212844848633,0,0,1784980919.6501496,-0.754945062300012,0.6292840426857786,-2.3559605397246464,1784980919.6501858,-0.00634462878419938,0.014496920862112345,0.0010851129978277643,-0.014030401863123237,0.01559102468763548,-0.005183991715739467,1784980919.650246,0.10046886204976979,0.11136379696176667,1784980919.629452,17437.20703125,nan,nan,50.534873962402344,nan
25.8026385307312,1784980919.6959355,BSMC,circle,circle_dist_bsmc_30cm_yawfree_p02_manual,1784980919.66384,-0.7737483426589812,0.631160593655522,-2.3515898930019823,0.10349172693324937,0.10699770318527609,1784980919.648326,-0.7758962452810664,0.6302740724558205,-2.350776548008907,0.047609567642211914,0,0,1784980919.6904042,-0.7580044531055167,0.6262099161730477,-2.351623472120582,1784980919.6904488,-0.007564492469013823,0.014668255502731079,-3.357911859991347e-05,-0.009693357376680806,0.01557794647287668,-0.0008469241116753068,1784980919.690498,0.09902094737839251,0.11036807090838241,1784980919.6787207,17437.255859375,nan,nan,49.39922332763672,nan
25.84237313270569,1784980919.73567,BSMC,circle,circle_dist_bsmc_30cm_yawfree_p02_manual,1784980919.713918,-0.7772523777736038,0.627614058262106,-2.346229275368578,0.1020178144996139,0.10700739487723403,1784980919.648326,-0.7758962452810664,0.6302740724558205,-2.350776548008907,0.08734416961669922,0,0,1784980919.730753,-0.761073921923289,0.6230986882267688,-2.347252956297217,1784980919.7307878,-0.008100821554019656,0.014714200297893698,-0.0010236809286392479,-0.0053228489458673305,0.01558379567552505,0.0035235917116898108,1784980919.7308297,0.09838426822756086,0.10912386626667274,1784980919.7308996,17437.306640625,nan,nan,50.68650436401367,nan
25.882445812225342,1784980919.7757428,BSMC,circle,circle_dist_bsmc_30cm_yawfree_p02_manual,1784980919.7641943,-0.7808126561785376,0.6239708258801998,-2.3407173557070053,0.10176614835445648,0.10742061541697398,1784980919.7643893,-0.7847087334451449,0.6207573489496414,-2.337274159384001,0.011353492736816406,0,0,1784980919.7705271,-0.7640550496838984,0.6200507969241338,-2.3429895314238656,1784980919.7705686,-0.0088501641949011,0.014760033745519029,-0.0022721757168602252,-0.013816472575690417,0.015368114856400661,-0.005715372039864608,1784980919.7706118,0.09749457631051796,0.10828597299528661,1784980919.7308996,17437.306640625,nan,nan,50.68650436401367,nan
25.922532558441162,1784980919.8158295,BSMC,circle,circle_dist_bsmc_30cm_yawfree_p02_manual,1784980919.8139565,-0.7849957584225822,0.619731221446394,-2.3345465907477605,0.10248383747010653,0.10849940471750742,1784980919.7643893,-0.7847087334451449,0.6207573489496414,-2.337274159384001,0.05144023895263672,0,0,1784980919.8110766,-0.7671035872524701,0.6169069223118114,-2.33861031236869,1784980919.8111308,-0.004470948653932427,0.014759672170378959,0.00210704333831524,-0.009437284238783728,0.015352674814349718,-0.0013361529846891427,1784980919.8111897,0.1026927442077629,0.10999419727829177,1784980919.7789783,17437.357421875,nan,nan,50.85364532470703,nan
25.96318531036377,1784980919.8564823,BSMC,circle,circle_dist_bsmc_30cm_yawfree_p02_manual,1784980919.8139565,-0.7849957584225822,0.619731221446394,-2.3345465907477605,0.10248383747010653,0.10849940471750742,1784980919.7643893,-0.7847087334451449,0.6207573489496414,-2.337274159384001,0.09209299087524414,0,0,1784980919.8507962,-0.7700907917140611,0.6137993958158335,-2.3342998436949833,1784980919.850839,-0.006024550522830369,0.014867729446400323,0.00024674705277716313,-0.005126820348056086,0.015356205435731358,0.002974315689017626,1784980919.8508837,0.10084885524165854,0.1091870548380684,1784980919.8280375,17437.40625,nan,nan,49.06642150878906,nan
26.0026216506958,1784980919.8959186,BSMC,circle,circle_dist_bsmc_30cm_yawfree_p02_manual,1784980919.8647032,-0.7889467788139687,0.615722368633883,-2.3290595170491715,0.10228748983476398,0.10840463502396326,1784980919.8603532,-0.7907805937453748,0.6146098220446363,-2.3292743318144353,0.03556537628173828,0,0,1784980919.890447,-0.7730425952992369,0.6107021826700118,-2.3300213040373907,1784980919.8904924,-0.007291881906055347,0.014999125929541965,-0.0009617869882192488,-0.009364013123988043,0.015563466598771813,-0.0007469722229553888,1784980919.89054,0.09934448622566877,0.10877217448810611,1784980919.8785298,17437.45703125,nan,nan,49.94400405883789,nan
26.04313087463379,1784980919.9364278,BSMC,circle,circle_dist_bsmc_30cm_yawfree_p02_manual,1784980919.9136972,-0.7921302723700696,0.6123637910324291,-2.324642420538204,0.09933280191478379,0.10534633897960272,1784980919.8603532,-0.7907805937453748,0.6146098220446363,-2.3292743318144353,0.07607460021972656,0,0,1784980919.9301682,-0.7760000704174113,0.6075722271324838,-2.325715109731971,1784980919.9302056,-0.007546935852277051,0.015039489980794477,-0.001072689193766685,-0.005057826402768589,0.015569521639263229,0.003559222082464508,1784980919.9302487,0.09904172500759933,0.10872309285229365,1784980919.9290407,17437.5078125,nan,nan,51.07111740112305,nan
26.08271312713623,1784980919.97601,BSMC,circle,circle_dist_bsmc_30cm_yawfree_p02_manual,1784980919.9650316,-0.7956269273278519,0.6086272349507587,-2.319059262685494,0.09945544908111337,0.10589696416050835,1784980919.9670708,-0.7998153467474172,0.6054446441199192,-2.3107401459862515,0.008939266204833984,0,0,1784980919.9704063,-0.7789733873823883,0.6043981002112127,-2.321365888502418,1784980919.970445,-0.00823110106140091,0.015082272662877804,-0.0023066258169239795,-0.013279737130173136,0.016097549691796754,-0.010625742516166437,1784980919.9704864,0.0982293957320209,0.10803483867038266,1784980919.9290407,17437.5078125,nan,nan,51.07111740112305,nan
26.12263059616089,1784980920.0159276,BSMC,circle,circle_dist_bsmc_30cm_yawfree_p02_manual,1784980920.0140798,-0.7996992508379691,0.6043370656892316,-2.311743698869629,0.10135941725795194,0.10896783654249682,1784980919.9670708,-0.7998153467474172,0.6054446441199192,-2.3107401459862515,0.04885673522949219,0,0,1784980920.0107706,-0.7819197958727004,0.6012252137579833,-2.3170359276793584,1784980920.0108118,-0.0039011436642998774,0.01508165934430262,0.002023335006135607,-0.008949934667619945,0.016060915389047265,-0.006295781693106849,1784980920.0108583,0.10336912140078593,0.10972366773160815,1784980919.979562,17437.55859375,nan,nan,50.66608810424805,nan
26.162617921829224,1784980920.0559149,BSMC,circle,circle_dist_bsmc_30cm_yawfree_p02_manual,1784980920.0140798,-0.7996992508379691,0.6043370656892316,-2.311743698869629,0.10135941725795194,0.10896783654249682,1784980920.0441034,-0.8055037689762845,0.5989778249932167,-2.3065057859653724,0.011811494827270508,0,0,1784980920.0502703,-0.7848199193645472,0.598075075435736,-2.3127540921233285,1784980920.0503113,-0.005423077815145054,0.01520517195041606,-0.0010103932536993376,-0.013211948539948259,0.015939918673012612,-0.0062483061579561286,1784980920.0503552,0.10156275150512305,0.10806874378385166,1784980920.0284195,17437.607421875,nan,nan,48.90169143676758,nan
26.20235514640808,1784980920.095652,BSMC,circle,circle_dist_bsmc_30cm_yawfree_p02_manual,1784980920.0641458,-0.8037944520050682,0.5999699584089062,-2.3059218451552095,0.10283097451026485,0.10934922122101214,1784980920.0441034,-0.8055037689762845,0.5989778249932167,-2.3065057859653724,0.05154871940612793,0,0,1784980920.0900686,-0.7877241402321165,0.5948931687272057,-2.3084460696242437,1784980920.0901003,-0.007012349571876723,0.015325001384466228,-0.0025242244690342197,-0.00890396548038391,0.015922280421348006,-0.0019402836588713333,1784980920.0901368,0.09967599698606984,0.10824775994888892,1784980920.080855,17437.66015625,nan,nan,52.32514572143555,nan
26.242759227752686,1784980920.1360562,BSMC,circle,circle_dist_bsmc_30cm_yawfree_p02_manual,1784980920.1136463,-0.8072103012361425,0.5961878502860645,-2.300800701576645,0.1028510779076199,0.10834082538821574,1784980920.0441034,-0.8055037689762845,0.5989778249932167,-2.3065057859653724,0.09195280075073242,0,0,1784980920.130661,-0.79064459806107,0.5916655121146385,-2.304093269254981,1784980920.1307032,-0.007677300983067915,0.015360114382280047,-0.003292567678335967,-0.004551168668788031,0.01592330818862776,0.0024125167103914436,1784980920.1307487,0.09888645831952378,0.10855608591134674,1784980920.1308203,17437.70703125,nan,nan,48.083866119384766,nan
26.28265690803528,1784980920.1759539,BSMC,circle,circle_dist_bsmc_30cm_yawfree_p02_manual,1784980920.1641476,-0.8105303838879754,0.5924712949525228,-2.2955682436001,0.10137372938223065,0.10759242734224374,1784980920.164464,-0.8145078873540286,0.5887006879613605,-2.294076584135771,0.0114898681640625,0,0,1784980920.170275,-0.7935091973881462,0.5884719578931892,-2.299803193952857,1784980920.1704187,-0.008290339592095209,0.015394341695047107,-0.004234950352757228,-0.013726460000355307,0.01589281578531574,-0.005726609817086281,1784980920.170467,0.09815839842618797,0.10775305206519242,1784980920.1308203,17437.70703125,nan,nan,48.083866119384766,nan
26.32236099243164,1784980920.215658,BSMC,circle,circle_dist_bsmc_30cm_yawfree_p02_manual,1784980920.2137709,-0.8143542551298146,0.5882363809845519,-2.289997786250776,0.09996216844412724,0.10771708185553579,1784980920.164464,-0.8145078873540286,0.5887006879613605,-2.294076584135771,0.051193952560424805,0,0,1784980920.2103765,-0.79639166506948,0.5852304592324273,-2.2954654568694224,1784980920.2104106,-0.0039526151676641565,0.015385379588760142,0.00010278673067753984,-0.0093887537701515,0.015877383283707473,-0.0013888727336515139,1784980920.2104478,0.10330824522546661,0.10943903716293435,1784980920.1799452,17437.759765625,nan,nan,51.0263786315918,nan
26.362684726715088,1784980920.2559817,BSMC,circle,circle_dist_bsmc_30cm_yawfree_p02_manual,1784980920.2137709,-0.8143542551298146,0.5882363809845519,-2.289997786250776,0.09996216844412724,0.10771708185553579,1784980920.2433238,-0.820696747760515,0.5822323162386066,-2.2794687659764747,0.012657880783081055,0,0,1784980920.2509108,-0.7992812248732329,0.5819523544714442,-2.2910956105254283,1784980920.2509506,-0.005202198436379595,0.01547974036480576,-0.0010978242746522149,-0.013725233800447439,0.0164414402121539,-0.011626844548953574,1784980920.2510839,0.10182492537424451,0.10813700322730159,1784980920.2342591,17437.8125,nan,nan,54.332481384277344,nan
26.402715921401978,1784980920.2960129,BSMC,circle,circle_dist_bsmc_30cm_yawfree_p02_manual,1784980920.263688,-0.8181002539651515,0.5840613670490067,-2.283905409287092,0.09769599164062709,0.10644361149148145,1784980920.2433238,-0.820696747760515,0.5822323162386066,-2.2794687659764747,0.0526890754699707,0,0,1784980920.2905264,-0.8021015056785531,0.5787247907159416,-2.286809449102699,1784980920.2905724,-0.006429974601797369,0.015591485507058226,-0.0029040398156068292,-0.009439268409521449,0.016400791909902557,-0.007340683126224158,1784980920.2906184,0.10036716474183505,0.10687099669214367,1784980920.2811122,17437.859375,nan,nan,46.75874710083008,nan
26.44295883178711,1784980920.3362558,BSMC,circle,circle_dist_bsmc_30cm_yawfree_p02_manual,1784980920.314101,-0.8214090148683811,0.5802280650790917,-2.2785313124896067,0.09874550711935384,0.10647180409724663,1784980920.2433238,-0.820696747760515,0.5822323162386066,-2.2794687659764747,0.09293198585510254,0,0,1784980920.3301156,-0.8049025618253935,0.5754913883700384,-2.2825315016768566,1784980920.3301468,-0.007131983710299662,0.015621584639928904,-0.00400018918724987,-0.005161382121469109,0.016378539387827223,-0.0030627357003818467,1784980920.3301835,0.0995334712552957,0.10708922968847964,1784980920.3299046,17437.908203125,nan,nan,48.52186965942383,nan
26.48246455192566,1784980920.3757615,BSMC,circle,circle_dist_bsmc_30cm_yawfree_p02_manual,1784980920.3639376,-0.8249162949146648,0.5761111626023362,-2.272532874169248,0.1022002213632657,0.1086498014770551,1784980920.3638773,-0.8301080689155556,0.5711339670322779,-2.2671726007790154,0.011884212493896484,0,0,1784980920.370597,-0.8077491978054507,0.5721765181159119,-2.278162093069373,1784980920.3706374,-0.008077156169263877,0.015650884914568158,-0.0056292189001250215,-0.015141732045205403,0.01648435563652598,-0.01098949229035773,1784980920.3706834,0.0984107044739094,0.10732860225004624,1784980920.3299046,17437.908203125,nan,nan,48.52186965942383,nan
26.522351503372192,1784980920.4156485,BSMC,circle,circle_dist_bsmc_30cm_yawfree_p02_manual,1784980920.413787,-0.8291968829189766,0.5711606066145285,-2.266211519755059,0.10453895651403108,0.1089911042656514,1784980920.3638773,-0.8301080689155556,0.5711339670322779,-2.2671726007790154,0.05177116394042969,0,0,1784980920.4105887,-0.8105551362310637,0.5688801413624025,-2.2738331879637825,1784980920.4106321,-0.0037482804270744753,0.015635886311557587,-0.0013003137945344358,-0.01081299888887254,0.016446153402656233,-0.006660587184767142,1784980920.4106739,0.10355069982901338,0.10900688249573219,1784980920.379997,17437.958984375,nan,nan,50.363868713378906,nan
26.563289403915405,1784980920.4565864,BSMC,circle,circle_dist_bsmc_30cm_yawfree_p02_manual,1784980920.413787,-0.8291968829189766,0.5711606066145285,-2.266211519755059,0.10453895651403108,0.1089911042656514,1784980920.4477177,-0.835800794043752,0.5644631651220906,-2.2594502604128452,0.008868694305419922,0,0,1784980920.450231,-0.813318853384446,0.565604888611047,-2.2695476960204233,1784980920.450269,-0.005907509161376829,0.015750528878164236,-0.003336176265364088,-0.01516876575740968,0.0166327909182622,-0.010097435607578031,1784980920.4503064,0.10098718560211117,0.1095139953025801,1784980920.4329789,17438.01171875,nan,nan,53.138465881347656,nan
26.602595329284668,1784980920.4958923,BSMC,circle,circle_dist_bsmc_30cm_yawfree_p02_manual,1784980920.4637818,-0.8333493742174879,0.5663169405566745,-2.2601753652248853,0.10672308154435757,0.10959783997587734,1784980920.4477177,-0.835800794043752,0.5644631651220906,-2.2594502604128452,0.04817461967468262,0,0,1784980920.4901645,-0.8160864543001619,0.5622962753380419,-2.2652341631911384,1784980920.4902022,-0.007877710168391868,0.0158781559185929,-0.005058797966253081,-0.010855372264711926,0.01659853896752457,-0.005783902778293104,1784980920.4902449,0.09864777609547536,0.10990056824411283,1784980920.4800045,17438.05859375,nan,nan,46.85203552246094,nan
26.64279270172119,1784980920.5360897,BSMC,circle,circle_dist_bsmc_30cm_yawfree_p02_manual,1784980920.5136793,-0.8366886645798507,0.5622561894743439,-2.2547793679696473,0.10619338087139171,0.1093432780004614,1784980920.4477177,-0.835800794043752,0.5644631651220906,-2.2594502604128452,0.08837199211120605,0,0,1784980920.530286,-0.8188534127219306,0.5589592137719288,-2.2608991812728036,1784980920.5303218,-0.00871446973507205,0.015906736775790048,-0.006119813303156363,-0.006520422088014417,0.01658286193412651,-0.0014489208599584025,1784980920.530361,0.0976539020165787,0.10933881410595461,1784980920.5350866,17438.11328125,nan,nan,55.19478225708008,nan
26.682664155960083,1784980920.575961,BSMC,circle,circle_dist_bsmc_30cm_yawfree_p02_manual,1784980920.5637496,-0.8398846356572282,0.5583180914829271,-2.2491538948368093,0.10439502914453441,0.1098242566297538,1784980920.566484,-0.8440361237178832,0.5544723484896615,-2.245786410178272,0.00947713851928711,0,0,1784980920.5703964,-0.8215990304670447,0.5556185586742705,-2.256575014021216,1784980920.5704372,-0.009372624576650373,0.015931250519072425,-0.007421119184406688,-0.014915567021042735,0.016800678908154357,-0.010788603842943887,1784980920.5704792,0.09687172069862739,0.10750745336525055,1784980920.5350866,17438.11328125,nan,nan,55.19478225708008,nan
26.72314977645874,1784980920.6164467,BSMC,circle,circle_dist_bsmc_30cm_yawfree_p02_manual,1784980920.6140323,-0.8436033866861767,0.5538349660965383,-2.2425426125787786,0.10222088317359343,0.11201359591759286,1784980920.566484,-0.8440361237178832,0.5544723484896615,-2.245786410178272,0.049962759017944336,0,0,1784980920.610435,-0.824322731990061,0.5522752415157085,-2.2522626656554334,1784980920.6104772,-0.005060339320479945,0.01590854636458368,-0.0031087708186241514,-0.010603382671152533,0.016763453355399728,-0.006476255477161352,1784980920.6105218,0.10199285534638647,0.10917382118723791,1784980920.582227,17438.16015625,nan,nan,47.02324676513672,nan
26.762657642364502,1784980920.6559546,BSMC,circle,circle_dist_bsmc_30cm_yawfree_p02_manual,1784980920.6140323,-0.8436033866861767,0.5538349660965383,-2.2425426125787786,0.10222088317359343,0.11201359591759286,1784980920.647408,-0.8498526899874154,0.5472281016000642,-2.2387502374778347,0.008546590805053711,0,0,1784980920.6507597,-0.8270654673591176,0.5488785681873755,-2.247896887686072,1784980920.650809,-0.006412885870875693,0.016029458840191503,-0.005354275107293471,-0.015409736727767324,0.0168677671625007,-0.00914665020823735,1784980920.650858,0.10038635638882502,0.10593954355702123,1784980920.6317847,17438.208984375,nan,nan,48.46686553955078,nan
26.80238151550293,1784980920.6956785,BSMC,circle,circle_dist_bsmc_30cm_yawfree_p02_manual,1784980920.6641874,-0.8472169218471913,0.5494468962310342,-2.23689328595859,0.09960158017308453,0.112202840660833,1784980920.647408,-0.8498526899874154,0.5472281016000642,-2.2387502374778347,0.048270463943481445,0,0,1784980920.6906066,-0.8297597480813048,0.5455121232154744,-2.2435850285552132,1784980920.6906419,-0.00769349765811538,0.01615690095163385,-0.006691742596623307,-0.011097986297328562,0.01683762442873164,-0.0048347910773784974,1784980920.690682,0.09886540020021552,0.10391439293956488,1784980920.6827857,17438.259765625,nan,nan,50.51963806152344,nan
26.842735052108765,1784980920.736032,BSMC,circle,circle_dist_bsmc_30cm_yawfree_p02_manual,1784980920.713626,-0.8500534511987677,0.5458287245445795,-2.231619553389095,0.0970977482340731,0.11126573158975563,1784980920.647408,-0.8498526899874154,0.5472281016000642,-2.2387502374778347,0.0886240005493164,0,0,1784980920.7302947,-0.8324236404868941,0.5421541576805283,-2.239298738386451,1784980920.7303364,-0.007919572183663723,0.016173838252023467,-0.007679184997356092,-0.0068117149367469005,0.016826087275736885,-0.0005485009086161341,1784980920.7303782,0.09859628345999956,0.1025622279898283,1784980920.731695,17438.310546875,nan,nan,50.207279205322266,nan
26.88251829147339,1784980920.7758152,BSMC,circle,circle_dist_bsmc_30cm_yawfree_p02_manual,1784980920.7636712,-0.8529133736232981,0.5421525776588749,-2.226726652763531,0.09565441668052302,0.10913555465395329,1784980920.7647717,-0.8577541593857813,0.5371198043011949,-2.2269699894422934,0.011043548583984375,0,0,1784980920.7702148,-0.8350806071992574,0.5387752349982292,-2.2350002945922007,1784980920.7702544,-0.008199667245800181,0.016191956609377514,-0.008273641828669742,-0.01514454968916783,0.01695502976287664,-0.008030305149907324,1784980920.770297,0.0982632985302695,0.10258544952537704,1784980920.731695,17438.310546875,nan,nan,50.207279205322266,nan
26.922717809677124,1784980920.8160148,BSMC,circle,circle_dist_bsmc_30cm_yawfree_p02_manual,1784980920.8139086,-0.8567525373317312,0.5373423975649778,-2.221227880547736,0.09755662257998912,0.10947171526284108,1784980920.7647717,-0.8577541593857813,0.5371198043011949,-2.2269699894422934,0.05124306678771973,0,0,1784980920.8106956,-0.8377578938626563,0.5353399837023138,-2.230644970800697,1784980920.810737,-0.0038444278203230596,0.01616540682836414,-0.003918318037166025,-0.010789303932098065,0.01692953977213586,-0.0036749813584036066,1784980920.8107803,0.10343583510466028,0.10426591434300743,1784980920.7820694,17438.361328125,nan,nan,50.682769775390625,nan
26.962425470352173,1784980920.8557224,BSMC,circle,circle_dist_bsmc_30cm_yawfree_p02_manual,1784980920.8139086,-0.8567525373317312,0.5373423975649778,-2.221227880547736,0.09755662257998912,0.10947171526284108,1784980920.8538375,-0.8634084561588792,0.5296490803054628,-2.2156146805822057,0.0018849372863769531,0,0,1784980920.851423,-0.8404197069903162,0.5318937373651401,-2.2262904452345946,1784980920.8514702,-0.005553850485368436,0.01629736143432162,-0.005062564686858728,-0.015611413011749453,0.017023655818514543,-0.010675764652388953,1784980920.8515606,0.10140619548051834,0.10488677947194942,1784980920.8319016,17438.41015625,nan,nan,49.80381774902344,nan
27.00254726409912,1784980920.8958442,BSMC,circle,circle_dist_bsmc_30cm_yawfree_p02_manual,1784980920.8640337,-0.8604940086365406,0.5325579682198269,-2.2157757425397104,0.09938613852516995,0.1087555954066959,1784980920.8538375,-0.8634084561588792,0.5296490803054628,-2.2156146805822057,0.042006731033325195,0,0,1784980920.890296,-0.8430024974083867,0.528519900520596,-2.2220414914153204,1784980920.890342,-0.007288712591077018,0.016405292577484836,-0.006265748875609934,-0.011362617738975393,0.016987322261947956,-0.006426810833114693,1784980920.8903902,0.099346178142443,0.10597982671783444,1784980920.8832083,17438.462890625,nan,nan,51.365013122558594,nan
27.042361736297607,1784980920.9356587,BSMC,circle,circle_dist_bsmc_30cm_yawfree_p02_manual,1784980920.9143586,-0.8635963033273167,0.528429788762523,-2.2105540933010634,0.10069716098655226,0.10792382370241382,1784980920.8538375,-0.8634084561588792,0.5296490803054628,-2.2156146805822057,0.08182120323181152,0,0,1784980920.9307125,-0.8456152873540813,0.5250764000733231,-2.217718946363746,1784980920.9307623,-0.008044462976612543,0.016427074193188246,-0.007164853062682663,-0.007040115376440374,0.01696888435071205,-0.0021042657815404375,1784980920.9308121,0.09844845036217158,0.10688480326396074,1784980920.934459,17438.513671875,nan,nan,51.22499084472656,nan
27.08238172531128,1784980920.9756787,BSMC,circle,circle_dist_bsmc_30cm_yawfree_p02_manual,1784980920.964873,-0.8666276816019667,0.5243452326297543,-2.205113294352394,0.1006247856429008,0.10785580332460325,1784980920.9655342,-0.8713007796386274,0.5188194701731779,-2.2051021451482002,0.010144472122192383,0,0,1784980920.9716852,-0.8482329194411926,0.521595252608191,-2.2133634423277964,1784980920.9717488,-0.008686196908656853,0.01644626548291384,-0.008250147975402468,-0.015906287162445562,0.016935795550275835,-0.008261297179596117,1784980920.9718034,0.09768580878342475,0.10646406645618085,1784980920.934459,17438.513671875,nan,nan,51.22499084472656,nan
27.122624397277832,1784980921.0159214,BSMC,circle,circle_dist_bsmc_30cm_yawfree_p02_manual,1784980920.964873,-0.8666276816019667,0.5243452326297543,-2.205113294352394,0.1006247856429008,0.10785580332460325,1784980920.9655342,-0.8713007796386274,0.5188194701731779,-2.2051021451482002,0.05038714408874512,0,0,1784980921.010357,-0.8508014611261359,0.5181484406878428,-2.2090648440383056,1784980921.0103948,-0.004387681926089794,0.016420040567441074,-0.003951549685911715,-0.011607772472532604,0.016909522709783433,-0.003962698890105365,1784980921.0104356,0.1027909783586029,0.10812256592539103,1784980920.985343,17438.564453125,nan,nan,50.732364654541016,nan
27.163350820541382,1784980921.0566478,BSMC,circle,circle_dist_bsmc_30cm_yawfree_p02_manual,1784980921.0160742,-0.8704097163307036,0.5193171855996346,-2.1994691178188988,0.10051843541010846,0.10837706555827266,1784980921.0490437,-0.8762773929283282,0.5124065450218778,-2.1956562082130566,0.007604122161865234,0,0,1784980921.050887,-0.853359402837447,0.5146848522034277,-2.2047590874693985,1784980921.050959,-0.006280137233711092,0.016514586862458786,-0.005289969650499771,-0.015254459041103952,0.017254751020588793,-0.0091028792563419,1784980921.0510933,0.10054396598304806,0.10732694126884021,1784980921.0321586,17438.611328125,nan,nan,46.905311584472656,nan
27.20253014564514,1784980921.095827,BSMC,circle,circle_dist_bsmc_30cm_yawfree_p02_manual,1784980921.0637968,-0.8738277318280719,0.5147587338363757,-2.1938528647751085,0.1006771899371921,0.10998991189167574,1784980921.0490437,-0.8762773929283282,0.5124065450218778,-2.1956562082130566,0.046783447265625,0,0,1784980921.0900695,-0.8559072141182194,0.5112036847933732,-2.2004451684020148,1784980921.0901086,-0.007569931447681329,0.0166276717120798,-0.006592303626906215,-0.010940647382527539,0.01722478714923114,-0.004788960188958135,1784980921.0901496,0.09901214462287722,0.1061271933868166,1784980921.0872383,17438.666015625,nan,nan,55.082942962646484,nan
27.242531299591064,1784980921.1358283,BSMC,circle,circle_dist_bsmc_30cm_yawfree_p02_manual,1784980921.1138592,-0.8765988381665294,0.5108954967801745,-2.1887999026970966,0.0984596425314131,0.10844805724809195,1784980921.0490437,-0.8762773929283282,0.5124065450218778,-2.1956562082130566,0.08678460121154785,0,0,1784980921.1303952,-0.8584558405345859,0.5076895963494896,-2.196104161169348,1784980921.1304328,-0.007899292052573004,0.016644739280395168,-0.007304258472251579,-0.006599658439972864,0.017213420432224978,-0.00044795295629151965,1784980921.130471,0.09862065932804609,0.10537573010246347,1784980921.1352112,17438.71484375,nan,nan,48.067420959472656,nan
27.283087730407715,1784980921.1763847,BSMC,circle,circle_dist_bsmc_30cm_yawfree_p02_manual,1784980921.163721,-0.8794611086704935,0.5068538533337502,-2.1831963304420103,0.09872363278438964,0.10904812064989974,1784980921.167407,-0.8839432793359123,0.5016329606174781,-2.1820348291775513,0.008977651596069336,0,0,1784980921.1701155,-0.8609646030182663,0.5041988431574489,-2.1918054083846195,1784980921.1701536,-0.008459883981986032,0.016661337383009657,-0.00860907794260912,-0.015288350756445366,0.01734559453198336,-0.009770579207068142,1784980921.1701963,0.09795411546205882,0.10470450144369939,1784980921.1352112,17438.71484375,nan,nan,48.067420959472656,nan
27.322680950164795,1784980921.215978,BSMC,circle,circle_dist_bsmc_30cm_yawfree_p02_manual,1784980921.2136967,-0.8831118410514792,0.5018029614599264,-2.177288787185155,0.10074813395754337,0.11030951818793229,1784980921.167407,-0.8839432793359123,0.5016329606174781,-2.1820348291775513,0.048570871353149414,0,0,1784980921.2104247,-0.8634762067010517,0.5006721304319792,-2.1874757565520393,1784980921.2104664,-0.004130325432543602,0.016633436230323182,-0.004279426110028961,-0.010958827534691103,0.01731266461151838,-0.0054409273744879805,1784980921.2105076,0.10309631478473709,0.10637396731228109,1784980921.1902797,17438.76953125,nan,nan,54.96909713745117,nan
27.36294150352478,1784980921.2562385,BSMC,circle,circle_dist_bsmc_30cm_yawfree_p02_manual,1784980921.2136967,-0.8831118410514792,0.5018029614599264,-2.177288787185155,0.10074813395754337,0.11030951818793229,1784980921.2471688,-0.8899985831634785,0.4933235812548452,-2.1701239009992825,0.009069681167602539,0,0,1784980921.2505152,-0.86598751001404,0.4971132317471498,-2.1831200207732313,1784980921.250552,-0.005907352892060723,0.016743340767820733,-0.005831233588076135,-0.016673514742815233,0.017688611894737083,-0.012996119773948767,1784980921.2505906,0.10098613594492836,0.10638083617945973,1784980921.2328026,17438.8125,nan,nan,42.52211380004883,nan
27.40275502204895,1784980921.296052,BSMC,circle,circle_dist_bsmc_30cm_yawfree_p02_manual,1784980921.2640872,-0.8868751424473764,0.496533326365713,-2.1708838138309066,0.1027625968864629,0.11165212562773975,1784980921.2471688,-0.8899985831634785,0.4933235812548452,-2.1701239009992825,0.04888319969177246,0,0,1784980921.291232,-0.868493318636752,0.4935290139776353,-2.1787467240355602,1784980921.2912798,-0.007901068110264323,0.01686684505907842,-0.007862910204653684,-0.012300476985766862,0.017641339826971473,-0.008622823036277703,1784980921.2913458,0.09861809360104502,0.10614818200162951,1784980921.2328026,17438.8125,nan,nan,42.52211380004883,nan
27.442368745803833,1784980921.3356657,BSMC,circle,circle_dist_bsmc_30cm_yawfree_p02_manual,1784980921.3141205,-0.8897972821428921,0.4922511737545403,-2.16518192757331,0.10312252914599569,0.11205747225423345,1784980921.2471688,-0.8899985831634785,0.4933235812548452,-2.1701239009992825,0.08849692344665527,0,0,1784980921.330241,-0.8708987983713558,0.4900566112119519,-2.174522515203773,1784980921.33028,-0.008764968705617422,0.016886210859926584,-0.00934058763046286,-0.008076360825244022,0.01761383740662517,-0.004398614204490503,1784980921.3303242,0.09759127086551261,0.10557001175479848,1784980921.3328633,17438.912109375,nan,nan,32.984130859375,nan
27.482900381088257,1784980921.3761973,BSMC,circle,circle_dist_bsmc_30cm_yawfree_p02_manual,1784980921.364461,-0.8925421516142603,0.4881936514266414,-2.160335175939629,0.10102429979041477,0.1095420793654522,1784980921.365942,-0.8975683708039788,0.4821340792894526,-2.160147713056063,0.01025533676147461,0,0,1784980921.3704422,-0.8733641416384449,0.48646497222083207,-2.170166161444007,1784980921.3704786,-0.009225674069344169,0.016901814588833473,-0.00983098550437811,-0.017053518982575767,0.017713803470505187,-0.01001844838794419,1784980921.3705173,0.09704390591481903,0.10551162968953048,1784980921.3328633,17438.912109375,nan,nan,32.984130859375,nan
27.522512912750244,1784980921.4158099,BSMC,circle,circle_dist_bsmc_30cm_yawfree_p02_manual,1784980921.414555,-0.8961475215018079,0.4830017535611594,-2.154702967308871,0.10115809145613007,0.11011681328987531,1784980921.365942,-0.8975683708039788,0.4821340792894526,-2.160147713056063,0.049867868423461914,0,0,1784980921.410691,-0.8757985736175016,0.4828851453443581,-2.1658369988463506,1784980921.410736,-0.004896642072184313,0.01686862582951251,-0.005501822906721633,-0.012724493283142539,0.0176798031789509,-0.0056892857902877125,1784980921.4107835,0.10218605128145442,0.10717716821029356,1784980921.383184,17438.9609375,nan,nan,50.09416580200195,nan
27.563668489456177,1784980921.4569654,BSMC,circle,circle_dist_bsmc_30cm_yawfree_p02_manual,1784980921.414555,-0.8961475215018079,0.4830017535611594,-2.154702967308871,0.10115809145613007,0.11011681328987531,1784980921.4467292,-0.9020171168833424,0.47550473272634036,-2.1497432938223864,0.010236263275146484,0,0,1784980921.450259,-0.8781954136135547,0.47932772540337676,-2.1615474642775645,1784980921.4503007,-0.006831474723841852,0.017003164812268677,-0.006844496968693381,-0.016233868686827278,0.017847978236801433,-0.011804170455178118,1784980921.4503455,0.09988850976718291,0.10653552031498241,1784980921.434193,17439.013671875,nan,nan,51.028106689453125,nan
27.602597951889038,1784980921.495895,BSMC,circle,circle_dist_bsmc_30cm_yawfree_p02_manual,1784980921.4637058,-0.8995255438770139,0.4780515412439098,-2.1487841134187824,0.10166006251028673,0.11131846132748591,1784980921.4467292,-0.9020171168833424,0.47550473272634036,-2.1497432938223864,0.04916572570800781,0,0,1784980921.490975,-0.8806096886062196,0.47571081448838676,-2.157198809530555,1784980921.4910264,-0.008373974695588546,0.017122065592892144,-0.008414696111772813,-0.011885418998431254,0.017806102054198605,-0.007455515708168825,1784980921.4910786,0.09805626847492246,0.10567096791094427,1784980921.434193,17439.013671875,nan,nan,51.028106689453125,nan
27.64238166809082,1784980921.5356786,BSMC,circle,circle_dist_bsmc_30cm_yawfree_p02_manual,1784980921.51383,-0.9022889399838467,0.47380580722242993,-2.1430617764620368,0.10136558382132273,0.11181619171825792,1784980921.4467292,-0.9020171168833424,0.47550473272634036,-2.1497432938223864,0.08894944190979004,0,0,1784980921.5300367,-0.8829634217051615,0.4721514923118676,-2.1529316252730477,1784980921.5300732,-0.009074758137157688,0.017142379628137864,-0.00986984881101094,-0.007618298407712026,0.0177833925501109,-0.0031883314506613303,1784980921.5301137,0.09722300178245648,0.10467537170082482,1784980921.5338047,17439.11328125,nan,nan,27.88606071472168,nan
27.6829833984375,1784980921.5762804,BSMC,circle,circle_dist_bsmc_30cm_yawfree_p02_manual,1784980921.5638692,-0.9049664234871431,0.46962930196811026,-2.137255410740187,0.10059786741996207,0.11250534625484858,1784980921.566539,-0.9088044415724952,0.4656135405242672,-2.134896193057998,0.00974130630493164,0,0,1784980921.570818,-0.8853768768126093,0.46846723780123223,-2.1485272492430796,1784980921.5708582,-0.009532125365919858,0.01715340543594957,-0.011271838502892706,-0.01493724752903348,0.0182721923967428,-0.013631056185081647,1784980921.5708978,0.09667850632876074,0.103322638654585,1784980921.5338047,17439.11328125,nan,nan,27.88606071472168,nan
27.722761869430542,1784980921.6160588,BSMC,circle,circle_dist_bsmc_30cm_yawfree_p02_manual,1784980921.6138418,-0.908122332321959,0.4649139077963462,-2.1314097198986457,0.09903071013101997,0.11227637304725603,1784980921.566539,-0.9088044415724952,0.4656135405242672,-2.134896193057998,0.04951977729797363,0,0,1784980921.6111746,-0.887740558996104,0.4648243049147625,-2.1441846713088144,1784980921.6112123,-0.005189730668605167,0.017113886166901387,-0.006929260568627527,-0.010594958150869868,0.018222428592825392,-0.009288478250816468,1784980921.6112597,0.10183719691553046,0.10498895790841721,1784980921.5863223,17439.166015625,nan,nan,52.366722106933594,nan
27.76282238960266,1784980921.6561193,BSMC,circle,circle_dist_bsmc_30cm_yawfree_p02_manual,1784980921.6138418,-0.908122332321959,0.4649139077963462,-2.1314097198986457,0.09903071013101997,0.11227637304725603,1784980921.646244,-0.9134369701466082,0.45829679776385296,-2.1283718583674083,0.009875297546386719,0,0,1784980921.6505969,-0.8900391138136551,0.4612481880012988,-2.13993355455619,1784980921.6506689,-0.006510347273559416,0.017264288911291052,-0.008523834657544251,-0.014884893356045401,0.018292357286319325,-0.011561696188781667,1784980921.6507175,0.10026829439914724,0.10370790900687876,1784980921.6361332,17439.21484375,nan,nan,49.75136184692383,nan
27.802600860595703,1784980921.6958978,BSMC,circle,circle_dist_bsmc_30cm_yawfree_p02_manual,1784980921.6638265,-0.9111982480883742,0.46026299234866314,-2.1263167858673486,0.09746869989158284,0.1107991615561418,1784980921.646244,-0.9134369701466082,0.45829679776385296,-2.1283718583674083,0.04965376853942871,0,0,1784980921.6900587,-0.8923437962469479,0.45762864229208533,-2.13564255228263,1784980921.6900885,-0.007705353285993437,0.01740855207072908,-0.009325766415281489,-0.010594084603250318,0.018251953000019923,-0.0072706939152218375,1784980921.6901224,0.0988490493079241,0.10336587135209127,1784980921.6893737,17439.267578125,nan,nan,53.18962860107422,nan
27.842379570007324,1784980921.7356765,BSMC,circle,circle_dist_bsmc_30cm_yawfree_p02_manual,1784980921.7136958,-0.9136102513142818,0.45638511110886276,-2.1219430329715707,0.09508219553818271,0.10681023526320597,1784980921.646244,-0.9134369701466082,0.45829679776385296,-2.1283718583674083,0.0894324779510498,0,0,1784980921.7305846,-0.894646752376117,0.45397721372377764,-2.1313255433104623,1784980921.7306218,-0.00787916381446297,0.017416401447478528,-0.009382510338891592,-0.006277135394568024,0.01822988374565282,-0.0029536849430540357,1784980921.7306626,0.09864267888609128,0.10402418846625544,1784980921.7341669,17439.3125,nan,nan,45.014347076416016,nan
27.882819652557373,1784980921.7761166,BSMC,circle,circle_dist_bsmc_30cm_yawfree_p02_manual,1784980921.76382,-0.9162362451445054,0.4521085116866512,-2.1167436504962276,0.09692831270338378,0.10631764321915957,1784980921.7663898,-0.9206437079068788,0.44673310007902184,-2.1169676089855063,0.009726762771606445,0,0,1784980921.7702675,-0.8969435624803959,0.4503003729721506,-2.126990278150855,1784980921.7703056,-0.008471999806866222,0.017427053372884586,-0.01024662765462736,-0.015358617874091783,0.01839932569764768,-0.010022669165348663,1784980921.7703493,0.09793806663642805,0.10507826838320582,1784980921.7341669,17439.3125,nan,nan,45.014347076416016,nan
27.923215627670288,1784980921.8165126,BSMC,circle,circle_dist_bsmc_30cm_yawfree_p02_manual,1784980921.8136504,-0.9197065966244982,0.4466603011437171,-2.1112906420751893,0.10136146452465453,0.10723211806519864,1784980921.7663898,-0.9206437079068788,0.44673310007902184,-2.1169676089855063,0.050122737884521484,0,0,1784980921.8106449,-0.8992312686747848,0.44660247067578607,-2.1226419323943246,1784980921.8106863,-0.004123799154190778,0.01739195195729846,-0.005898281898097046,-0.01101040946920363,0.018365198099382966,-0.005674323408818349,1784980921.8107305,0.10310317176403713,0.10674996778464355,1784980921.785198,17439.36328125,nan,nan,50.87798309326172,nan
27.96234703063965,1784980921.855644,BSMC,circle,circle_dist_bsmc_30cm_yawfree_p02_manual,1784980921.8136504,-0.9197065966244982,0.4466603011437171,-2.1112906420751893,0.10136146452465453,0.10723211806519864,1784980921.7663898,-0.9206437079068788,0.44673310007902184,-2.1169676089855063,0.08925414085388184,0,0,1784980921.850621,-0.9014822578207012,0.44292846883964143,-2.118333188917457,1784980921.8506932,-0.006177637939989222,0.017546791349523895,-0.007042546842267683,-0.006701696018122817,0.018350031573635482,-0.0013655799319507445,1784980921.850746,0.10066446551313699,0.10861241083189971,1784980921.8349853,17439.4140625,nan,nan,49.78843307495117,nan
28.00288486480713,1784980921.8961818,BSMC,circle,circle_dist_bsmc_30cm_yawfree_p02_manual,1784980921.8640335,-0.9228927466504906,0.4415610982849584,-2.1059129728178574,0.1036195179233487,0.10651051742025396,1784980921.8607955,-0.9250470390145251,0.43941490966359,-2.104894963399332,0.03538632392883301,0,0,1784980921.8900843,-0.9037041655488318,0.4392667122461999,-2.1140500401518936,1784980921.890123,-0.007811399712482478,0.017676195476448393,-0.008137067334036185,-0.01073736115546075,0.018445847382658212,-0.009155076752561442,1784980921.8901653,0.09872429312031218,0.11008360258476849,1784980921.8852255,17439.46484375,nan,nan,50.175132751464844,nan
28.043002367019653,1784980921.9362993,BSMC,circle,circle_dist_bsmc_30cm_yawfree_p02_manual,1784980921.9144647,-0.9255604246572077,0.4370505823022113,-2.1006834200144646,0.10373139630404496,0.10601506898875267,1784980921.8607955,-0.9250470390145251,0.43941490966359,-2.104894963399332,0.07550382614135742,0,0,1784980921.930946,-0.9059704292632013,0.4354950293364625,-2.1096498612425916,1784980921.9309874,-0.008559256491627896,0.01768973693634159,-0.008966441228126952,-0.006337292217802723,0.018415244465645374,-0.004754897843259442,1784980921.9310312,0.09783582113183616,0.11012582688640142,1784980921.8852255,17439.46484375,nan,nan,50.175132751464844,nan
28.082480430603027,1784980921.9757774,BSMC,circle,circle_dist_bsmc_30cm_yawfree_p02_manual,1784980921.964105,-0.9280187437064553,0.4328488116277299,-2.0958672732972534,0.10164638703119694,0.10458686704080644,1784980921.9704182,-0.9315822667724606,0.4283717815735656,-2.0903217811843993,0.005359172821044922,0,0,1784980921.970663,-0.9081638944163083,0.4318083123680926,-2.105359966184913,1784980921.9707131,-0.00905239564920154,0.01770174601710449,-0.009492692887659526,-0.014609575932241683,0.01862230379929387,-0.015038185000513682,1784980921.9707623,0.0972499403951518,0.10949623819907017,1784980921.9369323,17439.513671875,nan,nan,50.581905364990234,nan
28.122673749923706,1784980922.0159707,BSMC,circle,circle_dist_bsmc_30cm_yawfree_p02_manual,1784980922.0141041,-0.9309879094469632,0.4278802553936818,-2.0895571728711784,0.10083373030288582,0.10578456669056262,1784980921.9704182,-0.9315822667724606,0.4283717815735656,-2.0903217811843993,0.04555249214172363,0,0,1784980922.010763,-0.910359521271545,0.4280815208846863,-2.1010344857237926,1784980922.0108066,-0.0047270347596551346,0.017670040758735187,-0.0051672124265391695,-0.010284457370677028,0.018566612896672084,-0.010712704539393327,1784980922.0108526,0.10238756793894728,0.11116138355885541,1784980921.9853952,17439.564453125,nan,nan,49.566993713378906,nan
28.162593126296997,1784980922.05589,BSMC,circle,circle_dist_bsmc_30cm_yawfree_p02_manual,1784980922.0141041,-0.9309879094469632,0.4278802553936818,-2.0895571728711784,0.10083373030288582,0.10578456669056262,1784980922.0444188,-0.9362854721188428,0.4204037886694744,-2.0810859465414944,0.011471271514892578,0,0,1784980922.0502143,-0.9125134125377037,0.4243893603422032,-2.0967599886916273,1784980922.0502536,-0.00612812402894232,0.017774686500655265,-0.0072028158204489046,-0.015088808972361825,0.018796899799787756,-0.015674042150132905,1784980922.050297,0.10072311523974747,0.10924279048140959,1784980922.0352516,17439.61328125,nan,nan,50.060508728027344,nan
28.203108310699463,1784980922.0964053,BSMC,circle,circle_dist_bsmc_30cm_yawfree_p02_manual,1784980922.0637717,-0.934011739733747,0.4227503703046278,-2.0828953803708172,0.10097031555558507,0.10825619866705641,1784980922.0444188,-0.9362854721188428,0.4204037886694744,-2.0810859465414944,0.0519864559173584,0,0,1784980922.0908976,-0.9147135508587712,0.4205800639717499,-2.0923609684966196,1784980922.0909388,-0.007564374184144077,0.017886043906773362,-0.009465588125802338,-0.01069019166763518,0.018737626902629593,-0.011275021955125197,1784980922.0909855,0.09901624962218282,0.10712019935001761,1784980922.0851204,17439.6640625,nan,nan,49.690616607666016,nan
28.24235224723816,1784980922.1356492,BSMC,circle,circle_dist_bsmc_30cm_yawfree_p02_manual,1784980922.113642,-0.936496820483447,0.41830845936393946,-2.0771468948324436,0.1013902224737244,0.10945702410628766,1784980922.0444188,-0.9362854721188428,0.4204037886694744,-2.0810859465414944,0.09123039245605469,0,0,1784980922.1300166,-0.916814211540645,0.41690648910335937,-2.088129189398108,1784980922.130049,-0.008319797063377614,0.017892780449975658,-0.010982294565664576,-0.006458593226707745,0.018698868048391423,-0.0070432428566138405,1784980922.1300833,0.09811788796835978,0.10610653454779978,1784980922.1350253,17439.71484375,nan,nan,50.07756805419922,nan
28.282767295837402,1784980922.1760643,BSMC,circle,circle_dist_bsmc_30cm_yawfree_p02_manual,1784980922.1642551,-0.9391999723336072,0.4134069471301986,-2.0709065341688944,0.10484623210749455,0.11170904328622266,1784980922.166157,-0.9428692092773528,0.40838190710224953,-2.0676467034606874,0.009907245635986328,0,0,1784980922.170175,-0.9189468798372484,0.41313961603938104,-2.0838004902861704,1784980922.1702101,-0.009477217541639995,0.017900881800811164,-0.012893956117276062,-0.015585242139994456,0.01876203260867779,-0.016153786825483074,1784980922.1702478,0.09674156518081942,0.10614513356786696,1784980922.1350253,17439.71484375,nan,nan,50.07756805419922,nan
28.323359727859497,1784980922.2166567,BSMC,circle,circle_dist_bsmc_30cm_yawfree_p02_manual,1784980922.2140975,-0.9424246689434094,0.40769906754480656,-2.0648095248909257,0.10771981614296422,0.11195685784976754,1784980922.166157,-0.9428692092773528,0.40838190710224953,-2.0676467034606874,0.050499677658081055,0,0,1784980922.2108858,-0.9210993114175036,0.4092988216244208,-2.0793976849578013,1784980922.21092,-0.0050746674547015366,0.017853805504574546,-0.008491150788906943,-0.01118286890536058,0.01870060502001897,-0.011750981497113957,1784980922.2109585,0.10197247637400896,0.10782972647022747,1784980922.1857433,17439.763671875,nan,nan,50.521366119384766,nan
28.362471103668213,1784980922.255768,BSMC,circle,circle_dist_bsmc_30cm_yawfree_p02_manual,1784980922.2140975,-0.9424246689434094,0.40769906754480656,-2.0648095248909257,0.10771981614296422,0.11195685784976754,1784980922.247587,-0.9466840782836735,0.4009656305009477,-2.0583191128822214,0.008181095123291016,0,0,1784980922.2501788,-0.9231605620909806,0.4055831307348413,-2.0751485508940806,1784980922.2502139,-0.007271378806818622,0.017964132365725513,-0.010339026003154839,-0.015098868741167712,0.018619916358965753,-0.016829438011859207,1784980922.2502534,0.09936310105295652,0.10872390985471046,1784980922.236032,17439.814453125,nan,nan,50.508575439453125,nan
28.40263605117798,1784980922.295933,BSMC,circle,circle_dist_bsmc_30cm_yawfree_p02_manual,1784980922.2639182,-0.9453840695639273,0.40231658831790407,-2.0586107032485317,0.10872286412641242,0.11287160413759235,1784980922.247587,-0.9466840782836735,0.4009656305009477,-2.0583191128822214,0.04834604263305664,0,0,1784980922.2904434,-0.9252421310249626,0.40179259826603936,-2.070824074652015,1784980922.2904892,-0.008977580916174458,0.018038162172888516,-0.012213371403483109,-0.010774861015350632,0.018556490725073,-0.012504961769793434,1784980922.2905376,0.09733555656481212,0.10811406001336846,1784980922.290628,17439.869140625,nan,nan,54.23780822753906,nan
28.442578315734863,1784980922.3358753,BSMC,circle,circle_dist_bsmc_30cm_yawfree_p02_manual,1784980922.313833,-0.9477906395105434,0.3977598766442814,-2.052960992020286,0.10649667655660705,0.11291501509358487,1784980922.247587,-0.9466840782836735,0.4009656305009477,-2.0583191128822214,0.0882883071899414,0,0,1784980922.3300452,-0.9272966083321439,0.3980128501560517,-2.066522051718055,1784980922.330078,-0.009727176945715803,0.01804026990390124,-0.013561059697769107,-0.006473071994271527,0.01851194862362268,-0.008202938835833782,1784980922.330114,0.0964439103912579,0.10627226491106835,1784980922.290628,17439.869140625,nan,nan,54.23780822753906,nan
28.48280668258667,1784980922.3761036,BSMC,circle,circle_dist_bsmc_30cm_yawfree_p02_manual,1784980922.363886,-0.9499900632919308,0.39354317984094855,-2.0476850488505436,0.10227877851663024,0.1117184982853083,1784980922.3686597,-0.9527553314345288,0.38901938243821066,-2.045153113208945,0.007443904876708984,0,0,1784980922.3698618,-0.9293337247113138,0.39422631912667383,-2.0622223204634764,1784980922.3698955,-0.010088535505556707,0.018038083440152647,-0.014537271612932832,-0.015330223400761029,0.01845719647339146,-0.017069207254531538,1784980922.3699331,0.09601349661351753,0.10408177289832017,1784980922.336152,17439.9140625,nan,nan,45.8392448425293,nan
28.522536754608154,1784980922.4158337,BSMC,circle,circle_dist_bsmc_30cm_yawfree_p02_manual,1784980922.414012,-0.9525321246297235,0.3887018494643179,-2.0419460285902677,0.09882744845437946,0.11117534829322516,1784980922.3686597,-0.9527553314345288,0.38901938243821066,-2.045153113208945,0.04717397689819336,0,0,1784980922.4104323,-0.9313819359807296,0.3903793431982702,-2.057864061262427,1784980922.4104767,-0.0057306125539615975,0.01798422486758337,-0.010179012411883459,-0.01097245078411643,0.01839230410480238,-0.012710948053482163,1784980922.4105246,0.10119216788289842,0.1057441039997455,1784980922.3860936,17439.96484375,nan,nan,49.882076263427734,nan
28.5625638961792,1784980922.4558609,BSMC,circle,circle_dist_bsmc_30cm_yawfree_p02_manual,1784980922.414012,-0.9525321246297235,0.3887018494643179,-2.0419460285902677,0.09882744845437946,0.11117534829322516,1784980922.448659,-0.9564121745405327,0.3817982658291496,-2.0393292554012206,0.0072019100189208984,0,0,1784980922.4500875,-0.9333881650080325,0.3865715539121832,-2.053560081388771,1784980922.4501202,-0.006791460813143223,0.01802513270852454,-0.011614052798503138,-0.014656010823039953,0.018387241251238036,-0.014230825987550322,1784980922.4501562,0.099931252240663,0.10348576982594661,1784980922.3860936,17439.96484375,nan,nan,49.882076263427734,nan
28.602800846099854,1784980922.4960978,BSMC,circle,circle_dist_bsmc_30cm_yawfree_p02_manual,1784980922.4639926,-0.9549972144593988,0.38398453694875473,-2.037591119774484,0.09561788242070408,0.10724789914207057,1784980922.448659,-0.9564121745405327,0.3817982658291496,-2.0393292554012206,0.047438859939575195,0,0,1784980922.4906821,-0.9354089270675412,0.3826955055087498,-2.049188896086036,1784980922.4907186,-0.0076641197586890634,0.01807273840135467,-0.01159777631155201,-0.010285146098768972,0.018334590619409855,-0.009859640684815485,1784980922.4907587,0.09889542647342191,0.10369533062216224,1784980922.4920962,17440.0703125,nan,nan,30.707765579223633,nan
28.64325499534607,1784980922.536552,BSMC,circle,circle_dist_bsmc_30cm_yawfree_p02_manual,1784980922.513967,-0.957179166593353,0.3796398302376766,-2.032142898478313,0.09629659155612819,0.10755911003558494,1784980922.448659,-0.9564121745405327,0.3817982658291496,-2.0393292554012206,0.08789300918579102,0,0,1784980922.531324,-0.9374014666462035,0.3788326087707038,-2.0448423785231693,1784980922.5313618,-0.008081298642919836,0.018069356212664617,-0.012699480044856326,-0.005938760353784471,0.018301181980739364,-0.0055131231219487375,1784980922.5314045,0.09839878968105531,0.10349025125188886,1784980922.4920962,17440.0703125,nan,nan,30.707765579223633,nan
28.68340229988098,1784980922.5766993,BSMC,circle,circle_dist_bsmc_30cm_yawfree_p02_manual,1784980922.5639167,-0.9593193792572122,0.37533466747675104,-2.026772795196948,0.09629659155612819,0.10755911003558494,1784980922.5671034,-0.9621831635908621,0.37052312552893374,-2.0255851029710263,0.009595870971679688,0,0,1784980922.570274,-0.9393378364733183,0.3750386244420962,-2.0405828160307995,1784980922.5703115,-0.008532860361394686,0.018070417470437482,-0.013810020833851409,-0.014091841309323175,0.018539652371476867,-0.014997713059773154,1784980922.5703738,0.09786119621422801,0.10304279187771495,1784980922.5650475,17440.142578125,nan,nan,72.37824249267578,nan
28.722628593444824,1784980922.6159256,BSMC,circle,circle_dist_bsmc_30cm_yawfree_p02_manual,1784980922.6138978,-0.9620972654663967,0.3698036298198593,-2.0212035246592555,0.10012738519035037,0.10779149153509526,1784980922.5671034,-0.9621831635908621,0.37052312552893374,-2.0255851029710263,0.04882216453552246,0,0,1784980922.6108265,-0.9413047433212949,0.37114342122026517,-2.036219175245582,1784980922.610868,-0.0041695180496309795,0.01801967736448,-0.009446380048633964,-0.009728562338667637,0.018483729994782358,-0.010634072274555706,1784980922.6109133,0.10304596346973492,0.10470943911800007,1784980922.5896099,17440.16796875,nan,nan,24.76175880432129,nan
28.76261830329895,1784980922.6559153,BSMC,circle,circle_dist_bsmc_30cm_yawfree_p02_manual,1784980922.6138978,-0.9620972654663967,0.3698036298198593,-2.0212035246592555,0.10012738519035037,0.10779149153509526,1784980922.6453922,-0.9666128053712091,0.36145442894863317,-2.0126547891277995,0.010523080825805664,0,0,1784980922.6504674,-0.9432209976062728,0.3673073766502417,-2.0319311341307746,1784980922.6505072,-0.005970144807860817,0.018080435259892055,-0.010727609471519184,-0.015293630815923387,0.0186423851418143,-0.019276345002975148,1784980922.6505475,0.10090722376599741,0.10642905053667792,1784980922.5896099,17440.16796875,nan,nan,24.76175880432129,nan
28.802751302719116,1784980922.6960483,BSMC,circle,circle_dist_bsmc_30cm_yawfree_p02_manual,1784980922.6639838,-0.9647669147274491,0.36434669211201903,-2.0146617147621773,0.10083508276711946,0.10927506480086525,1784980922.6453922,-0.9666128053712091,0.36145442894863317,-2.0126547891277995,0.05065608024597168,0,0,1784980922.690199,-0.945127236740272,0.3634500246795441,-2.0276284674666507,1784980922.6902356,-0.007624156469214602,0.01812162250068698,-0.01296675270447345,-0.010991598367826304,0.01856870558322082,-0.014973678338851217,1784980922.6902838,0.09894104701776855,0.10517693305934016,1784980922.6873431,17440.265625,nan,nan,20.346712112426758,nan
28.843258142471313,1784980922.736555,BSMC,circle,circle_dist_bsmc_30cm_yawfree_p02_manual,1784980922.713962,-0.966760760895192,0.36012655526832565,-2.0091083524966624,0.09804550586319914,0.10959362824822295,1784980922.6453922,-0.9666128053712091,0.36145442894863317,-2.0126547891277995,0.09116291999816895,0,0,1784980922.7301576,-0.9470240667813961,0.35956968573637743,-2.02330932131034,1784980922.7301965,-0.007872254847544611,0.01810731349020255,-0.014200968813677495,-0.006672810168320633,0.018513361147391116,-0.01065453218254042,1784980922.730244,0.09864474363315401,0.1028437810506988,1784980922.6873431,17440.265625,nan,nan,20.346712112426758,nan
28.883573532104492,1784980922.7768705,BSMC,circle,circle_dist_bsmc_30cm_yawfree_p02_manual,1784980922.7640264,-0.9688435640151479,0.3556829582701432,-2.0036228233788864,0.09804550586319914,0.10959362824822295,1784980922.7678604,-0.9724488655245482,0.3495360559570926,-1.9996586116327517,0.009010076522827148,0,0,1784980922.7705867,-0.9489195728568712,0.35564904975530837,-2.0189545125029675,1784980922.7706225,-0.008326103825018442,0.018100899661549413,-0.015331689124081116,-0.015343733758405568,0.018856461517723543,-0.01929590087021582,1784980922.770664,0.09810422173100657,0.10238007901956424,1784980922.7730346,17440.3515625,nan,nan,85.71881866455078,nan
28.92262053489685,1784980922.8159175,BSMC,circle,circle_dist_bsmc_30cm_yawfree_p02_manual,1784980922.8140223,-0.9712922291914148,0.3505586313415316,-1.9978529685363342,0.09559466908327174,0.10872883317761252,1784980922.7678604,-0.9724488655245482,0.3495360559570926,-1.9996586116327517,0.04805707931518555,0,0,1784980922.8102875,-0.950773131700355,0.35177247238003745,-2.0146575879119024,1784980922.8103201,-0.004029555931257535,0.01804425401442504,-0.011034764533015995,-0.01104744417942287,0.01878278393467342,-0.0149989762791507,1784980922.8103573,0.10321034181079024,0.10401635984196668,1784980922.7874427,17440.365234375,nan,nan,14.125361442565918,nan
28.962485313415527,1784980922.8557823,BSMC,circle,circle_dist_bsmc_30cm_yawfree_p02_manual,1784980922.8140223,-0.9712922291914148,0.3505586313415316,-1.9978529685363342,0.09559466908327174,0.10872883317761252,1784980922.7678604,-0.9724488655245482,0.3495360559570926,-1.9996586116327517,0.0879218578338623,0,0,1784980922.8508656,-0.9526316011404287,0.3478420618824498,-2.010309937383948,1784980922.850935,-0.005256521374693681,0.018109880505421738,-0.012456968847613936,-0.006700154630992485,0.01872702623258185,-0.010651325751196426,1784980922.8510122,0.1017521297286613,0.10250678183383673,1784980922.8391342,17440.41796875,nan,nan,51.87006378173828,nan
29.002867937088013,1784980922.896165,BSMC,circle,circle_dist_bsmc_30cm_yawfree_p02_manual,1784980922.8640428,-0.9737115440609382,0.3453510158539431,-1.99325766545204,0.09690051395209821,0.10839225783702608,1784980922.859369,-0.9753792362114241,0.3419132028822017,-1.9979008429464689,0.036795854568481445,0,0,1784980922.8909125,-0.9544755484579701,0.34389805142001356,-2.0059561585448376,1784980922.890952,-0.006561662371885823,0.018140540769256273,-0.012698493092797582,-0.010465631880531128,0.01820369014109957,-0.008055315598368695,1784980922.8909967,0.10020259928833174,0.10338426116055534,1784980922.8882232,17440.466796875,nan,nan,49.044578552246094,nan
29.04246997833252,1784980922.935767,BSMC,circle,circle_dist_bsmc_30cm_yawfree_p02_manual,1784980922.9140425,-0.9757527992824808,0.3407903656127335,-1.9875993131674898,0.09815766006284701,0.10922395813583606,1784980922.859369,-0.9753792362114241,0.3419132028822017,-1.9979008429464689,0.07639789581298828,0,0,1784980922.930086,-0.956251643149556,0.3400562680016185,-2.0017236842177497,1784980922.930122,-0.007223582804080931,0.01812881246237441,-0.014124371050259876,-0.006233235357627206,0.01817855331063438,-0.0038228412712808524,1784980922.9301622,0.09941483450634349,0.10310554199250552,1784980922.8882232,17440.466796875,nan,nan,49.044578552246094,nan
29.08258581161499,1784980922.9758828,BSMC,circle,circle_dist_bsmc_30cm_yawfree_p02_manual,1784980922.96409,-0.9777968071503401,0.3361531530959625,-1.9819272271066113,0.09937959048333334,0.10989620423520174,1784980922.9692717,-0.9815077746261206,0.32843992773261077,-1.9763262565162847,0.0066111087799072266,0,0,1784980922.9703825,-0.9580498325127494,0.3361225907346048,-1.9973984869979005,1784980922.9704194,-0.007863788682852998,0.018113662494013028,-0.015471259891289169,-0.016313842224736537,0.01852449488819826,-0.02107223048161577,1784980922.97046,0.09865275765760893,0.10291268667898826,1784980922.939215,17440.517578125,nan,nan,51.226890563964844,nan
29.122684717178345,1784980923.0159817,BSMC,circle,circle_dist_bsmc_30cm_yawfree_p02_manual,1784980923.0139937,-0.9803739137699103,0.3302726957335135,-1.975232075312024,0.10068804701503399,0.11139322070482269,1784980922.9692717,-0.9815077746261206,0.32843992773261077,-1.9763262565162847,0.04671001434326172,0,0,1784980923.0103292,-0.9598342625850453,0.33217389167157696,-1.9930653075240239,1784980923.010364,-0.0035309961103421657,0.0180560127163378,-0.011138080417412599,-0.01198144050680872,0.01844257829789364,-0.016739051007739203,1784980923.0104027,0.10380200861716823,0.10456248957826308,1784980922.9894965,17440.568359375,nan,nan,49.8736457824707,nan
29.162596940994263,1784980923.055894,BSMC,circle,circle_dist_bsmc_30cm_yawfree_p02_manual,1784980923.0139937,-0.9803739137699103,0.3302726957335135,-1.975232075312024,0.10068804701503399,0.11139322070482269,1784980923.0487943,-0.9855541268546973,0.3187159737287135,-1.971627895743887,0.007099628448486328,0,0,1784980923.0500271,-0.9615872158058937,0.3282498079193469,-1.9887674817107313,1784980923.050064,-0.005532876908855415,0.018067079692394843,-0.013535406398707206,-0.018129660851578654,0.018347267289776238,-0.017139585966844173,1784980923.0501032,0.10142258207000528,0.10359061120615605,1784980923.0389638,17440.6171875,nan,nan,49.30752182006836,nan
29.202319860458374,1784980923.0956168,BSMC,circle,circle_dist_bsmc_30cm_yawfree_p02_manual,1784980923.0641787,-0.9829407752656005,0.3243671518885607,-1.97024488808146,0.10044992775572752,0.10930656004509127,1784980923.0487943,-0.9855541268546973,0.3187159737287135,-1.971627895743887,0.046822547912597656,0,0,1784980923.090055,-0.9633309988523178,0.324300661402777,-1.9844504727385621,1784980923.0900898,-0.007565189425705846,0.018091867258987652,-0.01420558465710209,-0.013813139661443177,0.01828259629594357,-0.01282257699467504,1784980923.0901272,0.09900922320862371,0.10431021287508,1784980923.093174,17440.671875,nan,nan,54.703250885009766,nan
29.24282431602478,1784980923.1361213,BSMC,circle,circle_dist_bsmc_30cm_yawfree_p02_manual,1784980923.113726,-0.9848660018533465,0.3197906605198278,-1.964861302021877,0.10032862539404375,0.10918367994914702,1784980923.0487943,-0.9855541268546973,0.3187159737287135,-1.971627895743887,0.0873270034790039,0,0,1784980923.130488,-0.9650759990548126,0.32030188183541886,-1.9800875271819225,1784980923.1305268,-0.008070311798369995,0.01807693628568142,-0.015226225160045459,-0.009450444577612549,0.01823617065057248,-0.008459631438035409,1784980923.1305637,0.09840802088884094,0.10387698554691398,1784980923.093174,17440.671875,nan,nan,54.703250885009766,nan
29.28319025039673,1784980923.1764872,BSMC,circle,circle_dist_bsmc_30cm_yawfree_p02_manual,1784980923.1640005,-0.9867658262218579,0.31521534879998664,-1.9597474865081324,0.09966183645344755,0.10797898973725163,1784980923.168803,-0.9906000721520944,0.307256127972358,-1.9576790934713983,0.007684230804443359,0,0,1784980923.1701796,-0.9667705651178952,0.3163724430079255,-1.9758082665465457,1784980923.1702173,-0.008653233137386855,0.018062970129292748,-0.01606078003841338,-0.01743347984664082,0.01862864422757156,-0.018129173075147387,1784980923.1703355,0.09771468333794414,0.10378574962526814,1784980923.1390803,17440.71875,nan,nan,45.8424186706543,nan
29.322351694107056,1784980923.2156487,BSMC,circle,circle_dist_bsmc_30cm_yawfree_p02_manual,1784980923.2136805,-0.9892626428719635,0.3092873826044106,-1.9538275687505389,0.10072340611231823,0.1091228048363017,1784980923.168803,-0.9906000721520944,0.307256127972358,-1.9576790934713983,0.04684567451477051,0,0,1784980923.210607,-0.9684827901370296,0.3123543696471075,-1.9714405831359019,1784980923.210648,-0.004285973732483813,0.01800236204937566,-0.011693096627769517,-0.013066355145088769,0.018559003074801014,-0.013761489664503523,1784980923.2106948,0.1029051659241951,0.10544700659639691,1784980923.189725,17440.767578125,nan,nan,50.44847869873047,nan
29.36252999305725,1784980923.255827,BSMC,circle,circle_dist_bsmc_30cm_yawfree_p02_manual,1784980923.2136805,-0.9892626428719635,0.3092873826044106,-1.9538275687505389,0.10072340611231823,0.1091228048363017,1784980923.248275,-0.9935540036643066,0.3000739202380179,-1.9488773940827482,0.007551908493041992,0,0,1784980923.2501287,-0.9701473714867386,0.3084007338875835,-1.9671508168242566,1784980923.2501643,-0.0063216237824318235,0.018061473329472416,-0.013323248073717764,-0.01637900127525474,0.018679790488004878,-0.01827342274150845,1784980923.2502036,0.10048664722932636,0.10484957970570757,1784980923.2458248,17440.82421875,nan,nan,56.151206970214844,nan
29.402897357940674,1784980923.2961943,BSMC,circle,circle_dist_bsmc_30cm_yawfree_p02_manual,1784980923.2641585,-0.9916587294592644,0.3035057216178465,-1.9476156212863782,0.102057147451936,0.11122631671198734,1784980923.248275,-0.9935540036643066,0.3000739202380179,-1.9488773940827482,0.047919273376464844,0,0,1784980923.290027,-0.9717985783229676,0.3044312847251218,-1.9628516263030156,1784980923.2900643,-0.00816846167510692,0.018126182832698384,-0.015236005016637355,-0.012080372899471292,0.018610474138660998,-0.01397423222026739,1784980923.2901058,0.09829150089829913,0.10378659805211263,1784980923.2893012,17440.8671875,nan,nan,43.498443603515625,nan
29.442755460739136,1784980923.3360524,BSMC,circle,circle_dist_bsmc_30cm_yawfree_p02_manual,1784980923.3137047,-0.9934862800390284,0.29885971233873965,-1.9418546604264333,0.10152465393136835,0.11208658774544218,1784980923.248275,-0.9935540036643066,0.3000739202380179,-1.9488773940827482,0.08777737617492676,0,0,1784980923.330671,-0.9734527498331618,0.30040569130451145,-1.958499418165504,1784980923.3307095,-0.008704962967923696,0.01810955557707191,-0.016644757739070704,-0.007728471097741439,0.018559127461064848,-0.009622024082755809,1784980923.3307545,0.09765224871262108,0.10243842157601198,1784980923.2893012,17440.8671875,nan,nan,43.498443603515625,nan
29.48257350921631,1784980923.3758705,BSMC,circle,circle_dist_bsmc_30cm_yawfree_p02_manual,1784980923.3638303,-0.9952679877538627,0.2942640746784953,-1.93638958266156,0.10029136200910845,0.11159679850176213,1784980923.3695664,-0.998301221283801,0.2878032110599938,-1.931724585532592,0.006304025650024414,0,0,1784980923.3704617,-0.9750737247229042,0.2964117656750202,-1.9541890782378302,1784980923.370497,-0.009225271854428795,0.01809185438787233,-0.017799495576270145,-0.01625652444220243,0.01869088607066134,-0.022464492705238204,1784980923.3705344,0.09703249437017161,0.10149351265533828,1784980923.3434327,17440.921875,nan,nan,54.317359924316406,nan
29.52237558364868,1784980923.4156725,BSMC,circle,circle_dist_bsmc_30cm_yawfree_p02_manual,1784980923.4141552,-0.9974015249905606,0.2888350649082962,-1.9307785298308964,0.09802483276958263,0.10942324376345328,1784980923.3695664,-0.998301221283801,0.2878032110599938,-1.931724585532592,0.04610610008239746,0,0,1784980923.4104104,-0.9766856164682012,0.29239043755905353,-1.949856722738563,1784980923.4104483,-0.0048934491473001055,0.018024128109185095,-0.013467140077003004,-0.011925064811730146,0.018602952661711955,-0.018132137205971066,1784980923.4104922,0.10218168236163162,0.10313584720644597,1784980923.390415,17440.96875,nan,nan,46.773677825927734,nan
29.562564373016357,1784980923.4558613,BSMC,circle,circle_dist_bsmc_30cm_yawfree_p02_manual,1784980923.4141552,-0.9974015249905606,0.2888350649082962,-1.9307785298308964,0.09802483276958263,0.10942324376345328,1784980923.4478235,-1.00121302396864,0.2792635846615996,-1.9255735509111078,0.008037805557250977,0,0,1784980923.4504318,-0.9782743786802814,0.2883766371590759,-1.9455399197600471,1784980923.4505885,-0.006308638267657522,0.0180626400391506,-0.014761389929150772,-0.01651398748807453,0.018344410340226675,-0.01996636884893932,1784980923.4506614,0.10049988006378555,0.10246190361806877,1784980923.443212,17441.021484375,nan,nan,52.82189178466797,nan
29.6025230884552,1784980923.49582,BSMC,circle,circle_dist_bsmc_30cm_yawfree_p02_manual,1784980923.464198,-0.9995057575428107,0.28329626390538165,-1.9250821004178853,0.0974769840898175,0.10945792407962517,1784980923.4478235,-1.00121302396864,0.2792635846615996,-1.9255735509111078,0.04799652099609375,0,0,1784980923.4902043,-0.9798422944090289,0.2843650408082577,-1.941232798483192,1784980923.4902427,-0.007824060116531355,0.018071473370332006,-0.01615069806530678,-0.012207552838370326,0.01826769253148056,-0.015659247572084256,1784980923.490283,0.09869875531526343,0.10156397401625875,1784980923.492981,17441.072265625,nan,nan,49.9872932434082,nan
29.6424241065979,1784980923.535721,BSMC,circle,circle_dist_bsmc_30cm_yawfree_p02_manual,1784980923.5137625,-1.0011670908869736,0.27878556753382133,-1.9196364793000746,0.0972358600499572,0.10951051185575207,1784980923.4478235,-1.00121302396864,0.2792635846615996,-1.9255735509111078,0.08789753913879395,0,0,1784980923.5299895,-0.9813893681169242,0.2803559848494853,-1.9369355906508547,1784980923.5300283,-0.008236015564419096,0.018049725098652183,-0.017299111350780105,-0.007910740506878117,0.018209636298690837,-0.01136203973974692,1784980923.5300713,0.09820768992834253,0.10090706869782082,1784980923.492981,17441.072265625,nan,nan,49.9872932434082,nan
29.682454586029053,1784980923.5757515,BSMC,circle,circle_dist_bsmc_30cm_yawfree_p02_manual,1784980923.563862,-1.0028972031689383,0.2740056038674168,-1.9138712134356282,0.09892734084845474,0.11041918587293799,1784980923.4478235,-1.00121302396864,0.2792635846615996,-1.9255735509111078,0.1279280185699463,0,0,1784980923.5699835,-0.9829283238091108,0.27631621177917765,-1.932612607862769,1784980923.5700178,-0.008893175714479513,0.018027936030522967,-0.018741394427140845,-0.0035879440539942904,0.01816986307866229,-0.007039056951661182,1784980923.570071,0.09742483402935484,0.1008217104941174,1784980923.548129,17441.126953125,nan,nan,54.27286911010742,nan
29.722758531570435,1784980923.6160555,BSMC,circle,circle_dist_bsmc_30cm_yawfree_p02_manual,1784980923.613695,-1.0049861253719725,0.2683298791575257,-1.9077758777852294,0.10190387290539109,0.11200076755889996,1784980923.5813115,-1.0055345295953253,0.26811314500341343,-1.9108477897662193,0.0347440242767334,0,0,1784980923.6105049,-0.9844641089517265,0.2722315187409964,-1.9282487353346929,1784980923.6105433,-0.004529904955957313,0.017955676025880617,-0.014377521899064716,-0.010910280943839716,0.018490251433311927,-0.017400945568473603,1784980923.610585,0.10261184050022205,0.10247322136754089,1784980923.5911586,17441.169921875,nan,nan,42.7039680480957,nan
29.762576580047607,1784980923.6558735,BSMC,circle,circle_dist_bsmc_30cm_yawfree_p02_manual,1784980923.613695,-1.0049861253719725,0.2683298791575257,-1.9077758777852294,0.10190387290539109,0.11200076755889996,1784980923.6476803,-1.0081655739963624,0.25978790346857794,-1.9081525277406255,0.008193254470825195,0,0,1784980923.6503348,-0.9859590176921343,0.2682026656540571,-1.9239514760039438,1784980923.650382,-0.006171026737836304,0.017999039944856254,-0.016175598218714393,-0.015290672897516854,0.01816960890806858,-0.01579894826331829,1784980923.6504288,0.10066086247146121,0.10269137744296494,1784980923.6506655,17441.2265625,nan,nan,58.06394958496094,nan
29.80238699913025,1784980923.695684,BSMC,circle,circle_dist_bsmc_30cm_yawfree_p02_manual,1784980923.66422,-1.0070534109008342,0.26258475263152936,-1.9035114831389675,0.10272660123981366,0.10907760782938866,1784980923.6476803,-1.0081655739963624,0.25978790346857794,-1.9081525277406255,0.0480036735534668,0,0,1784980923.6903524,-0.9874400938883562,0.2641578190841071,-1.9196439942381966,1784980923.690396,-0.007892712918344168,0.018023923687277114,-0.016132511099229196,-0.010983595463993807,0.018110834295458136,-0.011491466497571157,1784980923.6904445,0.09861729614335084,0.10478086490378094,1784980923.6930552,17441.271484375,nan,nan,44.242610931396484,nan
29.843036651611328,1784980923.7363336,BSMC,circle,circle_dist_bsmc_30cm_yawfree_p02_manual,1784980923.7145965,-1.008774190554595,0.257571857660269,-1.897593824025101,0.10371967289691983,0.11053769709515639,1784980923.6476803,-1.0081655739963624,0.25978790346857794,-1.9081525277406255,0.0886533260345459,0,0,1784980923.7304914,-0.9889189001811385,0.2600643625163825,-1.9152916058562381,1784980923.7305279,-0.008734369527030612,0.018004330735612067,-0.017697781831137238,-0.006631399353599321,0.01807029123085243,-0.0071390781156126515,1784980923.730565,0.0976153903928524,0.10390665271858857,1784980923.6930552,17441.271484375,nan,nan,44.242610931396484,nan
29.882667064666748,1784980923.775964,BSMC,circle,circle_dist_bsmc_30cm_yawfree_p02_manual,1784980923.763828,-1.0104591833197918,0.2525622838803015,-1.8915508311846885,0.10521808168180968,0.11253061562002714,1784980923.768998,-1.0125633167423336,0.24733370820983042,-1.888676475910985,0.006966114044189453,0,0,1784980923.7706273,-0.9903585354887459,0.25602480422893165,-1.9110031785033332,1784980923.7706778,-0.009623310197546713,0.017983798020279326,-0.019452347318644758,-0.015195857855487816,0.018375890851023438,-0.022326702592348147,1784980923.770713,0.0965566981737473,0.10296469700252711,1784980923.7502353,17441.328125,nan,nan,57.76677703857422,nan
29.9223575592041,1784980923.8156545,BSMC,circle,circle_dist_bsmc_30cm_yawfree_p02_manual,1784980923.8137136,-1.01241779934747,0.24677182657910496,-1.8857147781212533,0.10566547921187157,0.11212855515211735,1784980923.768998,-1.0125633167423336,0.24733370820983042,-1.888676475910985,0.04665660858154297,0,0,1784980923.810224,-0.9917916642792117,0.25194808955653014,-1.906681895162879,1784980923.8102608,-0.005302676241242054,0.017909079442515716,-0.015131063978190529,-0.01087545651497542,0.018288753562021795,-0.018005419251893917,1784980923.8103,0.10169336028627943,0.10459771309294123,1784980923.792431,17441.37109375,nan,nan,42.24420928955078,nan
29.962445974349976,1784980923.855743,BSMC,circle,circle_dist_bsmc_30cm_yawfree_p02_manual,1784980923.8137136,-1.01241779934747,0.24677182657910496,-1.8857147781212533,0.10566547921187157,0.11212855515211735,1784980923.768998,-1.0125633167423336,0.24733370820983042,-1.888676475910985,0.08674502372741699,0,0,1784980923.8506322,-0.9932093172440853,0.247858962887154,-1.902353994276343,1784980923.8507004,-0.006983287499001503,0.017927112031072164,-0.016639216155089676,-0.006548102042337373,0.018220196176149703,-0.013677518365357912,1784980923.8507442,0.09969588745385255,0.10447883478192092,1784980923.8412762,17441.419921875,nan,nan,48.56626510620117,nan
30.0027334690094,1784980923.8960304,BSMC,circle,circle_dist_bsmc_30cm_yawfree_p02_manual,1784980923.8650365,-1.0143394486067878,0.24096524342085768,-1.8799546081590595,0.10705146448069021,0.11348046552608153,1784980923.856799,-1.0151016194807836,0.2390919569515571,-1.883078578187598,0.03923153877258301,0,0,1784980923.8905392,-0.9946119080479884,0.2437559365451957,-1.8980178536437136,1784980923.89059,-0.008660627337786737,0.0179431702530318,-0.0180632454846541,-0.010733486389712608,0.018065803335887122,-0.014939275456115508,1784980923.8906417,0.09770221666388657,0.10397735184462445,1784980923.891739,17441.470703125,nan,nan,50.7849235534668,nan
30.042540550231934,1784980923.9358375,BSMC,circle,circle_dist_bsmc_30cm_yawfree_p02_manual,1784980923.9138498,-1.0159084142344081,0.2360040186408407,-1.873761875250676,0.10687604611172483,0.1157776712745713,1784980923.856799,-1.0151016194807836,0.2390919569515571,-1.883078578187598,0.07903861999511719,0,0,1784980923.930165,-0.9959822237815897,0.2396901119498468,-1.8937273148558724,1784980923.9302022,-0.00946323231161918,0.01791891693325848,-0.019965439605196478,-0.006443302039617742,0.018010911696263163,-0.010648736668274372,1784980923.9302428,0.09674561854708877,0.10187662189405738,1784980923.891739,17441.470703125,nan,nan,50.7849235534668,nan
30.08272957801819,1784980923.9760265,BSMC,circle,circle_dist_bsmc_30cm_yawfree_p02_manual,1784980923.9639103,-1.0173991356721048,0.23119101598900973,-1.8677520235884661,0.10442965234723413,0.1164699593231737,1784980923.9674952,-1.0186819399371398,0.22662284885545572,-1.8705365849082027,0.008531332015991211,0,0,1784980923.970245,-0.9973524241159808,0.23556587086891786,-1.8893814152739632,1784980923.9702816,-0.01004925342833823,0.017889172841909856,-0.021629391685497046,-0.014842291407106589,0.01773787680881995,-0.018844830365760457,1784980923.9703214,0.09604627431386875,0.09945779899860284,1784980923.9420176,17441.521484375,nan,nan,50.16386413574219,nan
30.122378826141357,1784980924.0156758,BSMC,circle,circle_dist_bsmc_30cm_yawfree_p02_manual,1784980924.0136356,-1.0190152535409245,0.22591929045741999,-1.8627703481718336,0.10124952686186289,0.11539593412388452,1784980923.9674952,-1.0186819399371398,0.22662284885545572,-1.8705365849082027,0.048180580139160156,0,0,1784980924.0103934,-0.9986955985552917,0.2314636795222468,-1.8850649212859258,1784980924.010433,-0.005733581011291635,0.01780513113878471,-0.017312897697459695,-0.010526401702466836,0.017665852670466418,-0.014528336377723106,1784980924.0104744,0.10117805397684058,0.10108230088149583,1784980923.9913657,17441.5703125,nan,nan,49.29496383666992,nan
30.16243553161621,1784980924.0557325,BSMC,circle,circle_dist_bsmc_30cm_yawfree_p02_manual,1784980924.0136356,-1.0190152535409245,0.22591929045741999,-1.8627703481718336,0.10124952686186289,0.11539593412388452,1784980924.0477164,-1.021136520591184,0.21806717554429364,-1.862110159897647,0.008016109466552734,0,0,1784980924.0509605,-1.0000452324425129,0.22728022376224666,-1.8806691454909432,1784980924.0509996,-0.0067637279771518045,0.01777542752750162,-0.017898797319109597,-0.014882527044537188,0.017556568058855384,-0.018558985593296166,1784980924.0510435,0.09995415553791787,0.09956123916332045,1784980924.0441623,17441.623046875,nan,nan,52.9185791015625,nan
30.20265293121338,1784980924.09595,BSMC,circle,circle_dist_bsmc_30cm_yawfree_p02_manual,1784980924.0639727,-1.02060599147025,0.22057667147287707,-1.8576525321191153,0.09903536528467503,0.11461833870861912,1784980924.0477164,-1.021136520591184,0.21806717554429364,-1.862110159897647,0.0482335090637207,0,0,1784980924.0904708,-1.0013334359918646,0.22322728742463274,-1.8764164065383062,1784980924.0905175,-0.007995250771145566,0.01773508175052045,-0.018763874419190918,-0.010630365468706772,0.017486687629941308,-0.01430624664065916,1784980924.0905669,0.09849062541138076,0.09829806217657025,1784980924.0923655,17441.671875,nan,nan,48.183570861816406,nan
30.242604732513428,1784980924.1359017,BSMC,circle,circle_dist_bsmc_30cm_yawfree_p02_manual,1784980924.1140323,-1.021949613760199,0.21599809648362422,-1.852037899136067,0.09747629117295786,0.11417483397604483,1784980924.0477164,-1.021136520591184,0.21806717554429364,-1.862110159897647,0.08818531036376953,0,0,1784980924.1305516,-1.0026172083502076,0.2191276737852061,-1.8721204861662974,1784980924.1305919,-0.008372304282338164,0.017704255816802534,-0.02008258703023036,-0.006334765915827973,0.017434457926457578,-0.010010326268650394,1784980924.130642,0.09804029679252252,0.09706635424217211,1784980924.0923655,17441.671875,nan,nan,48.183570861816406,nan
30.282511949539185,1784980924.175809,BSMC,circle,circle_dist_bsmc_30cm_yawfree_p02_manual,1784980924.1639597,-1.0232443749195141,0.21153302926232728,-1.847245391763164,0.09575874592833473,0.11121819761673114,1784980924.1666257,-1.0245062227444552,0.205567173702249,-1.8500993234598642,0.009183168411254883,0,0,1784980924.1700594,-1.0038916769637467,0.21499540057560476,-1.867796138670265,1784980924.170096,-0.008613057411306177,0.017672865509240878,-0.02055074690710113,-0.014745998532346798,0.017216459769779095,-0.017696815210400896,1784980924.170132,0.0977534956626965,0.09730588643985896,1784980924.1453226,17441.724609375,nan,nan,52.99508285522461,nan
30.32255458831787,1784980924.2158515,BSMC,circle,circle_dist_bsmc_30cm_yawfree_p02_manual,1784980924.2139878,-1.02480783248098,0.2059191549472215,-1.8428996177476729,0.09653851646491604,0.10865371125375277,1784980924.1666257,-1.0245062227444552,0.205567173702249,-1.8500993234598642,0.049225807189941406,0,0,1784980924.210253,-1.0051490295182395,0.21085511538780566,-1.8634691390059575,1784980924.210292,-0.004286792560915345,0.01759330844248409,-0.016223747242793518,-0.010419524250371525,0.017149249874639446,-0.013369815546093287,1784980924.210331,0.10289736420332016,0.09893771351238213,1784980924.1925004,17441.771484375,nan,nan,47.04953384399414,nan
30.362564086914062,1784980924.255861,BSMC,circle,circle_dist_bsmc_30cm_yawfree_p02_manual,1784980924.2139878,-1.02480783248098,0.2059191549472215,-1.8428996177476729,0.09653851646491604,0.10865371125375277,1784980924.247356,-1.026656745938346,0.19766693546144465,-1.8390245741541211,0.008505105972290039,0,0,1784980924.250459,-1.0063949352588444,0.2066875810816162,-1.8591193512938606,1784980924.250496,-0.005688766258630724,0.017528924704374,-0.016219733546187776,-0.014067940140341673,0.017146605484014883,-0.020094777139739506,1784980924.2505357,0.1012332284556112,0.10064282607075083,1784980924.2427194,17441.8203125,nan,nan,49.81380844116211,nan
30.402650117874146,1784980924.295947,BSMC,circle,circle_dist_bsmc_30cm_yawfree_p02_manual,1784980924.263995,-1.026315586309957,0.20031089504399346,-1.8378860279797926,0.09812372046922953,0.10690626924495325,1784980924.247356,-1.026656745938346,0.19766693546144465,-1.8390245741541211,0.04859113693237305,0,0,1784980924.2904546,-1.0076086829775304,0.2025626934124275,-1.854819594290076,1784980924.2904947,-0.007109184413976961,0.01744930729710781,-0.01693356631028342,-0.009768878732233307,0.01706945098088183,-0.015795020135954907,1784980924.2905385,0.09954591420453847,0.10217230675795134,1784980924.2922835,17441.87109375,nan,nan,50.181400299072266,nan
30.4427433013916,1784980924.3360403,BSMC,circle,circle_dist_bsmc_30cm_yawfree_p02_manual,1784980924.3135946,-1.0276671725950426,0.19535024923519922,-1.8324895395240994,0.10036147741455315,0.10722206190954124,1784980924.247356,-1.026656745938346,0.19766693546144465,-1.8390245741541211,0.0886843204498291,0,0,1784980924.330373,-1.0088114653042708,0.1984090150300187,-1.8504952725432509,1784980924.3304114,-0.007832907255301686,0.01742237956057279,-0.018005733019151426,-0.005444962196281986,0.01701049998312967,-0.01147069838912973,1784980924.3304536,0.09868483241418184,0.10288645096029392,1784980924.2922835,17441.87109375,nan,nan,50.181400299072266,nan
30.482505083084106,1784980924.375802,BSMC,circle,circle_dist_bsmc_30cm_yawfree_p02_manual,1784980924.3636405,-1.0290164052650304,0.1902760081769444,-1.826792641131579,0.10214326156032305,0.10829800569068285,1784980924.3662324,-1.0297062444506022,0.18545433371867937,-1.8248950157406905,0.009569644927978516,0,0,1784980924.3700902,-1.0099862479382602,0.19428565771723463,-1.8462078236601942,1784980924.3701265,-0.00869759541502667,0.017394712165312787,-0.019415182528615293,-0.013504829887077376,0.01686683478710043,-0.021312807919503737,1784980924.3701668,0.09765559961888239,0.1027514856979552,1784980924.3422384,17441.921875,nan,nan,49.891319274902344,nan
30.52312207221985,1784980924.416419,BSMC,circle,circle_dist_bsmc_30cm_yawfree_p02_manual,1784980924.4139187,-1.0304145627906072,0.1845860530343117,-1.8209072081819422,0.10201460492340825,0.1089131144442964,1784980924.3662324,-1.0297062444506022,0.18545433371867937,-1.8248950157406905,0.0501866340637207,0,0,1784980924.4102626,-1.011156925051726,0.1901084282108323,-1.8418696488402475,1784980924.4103012,-0.004360069127281877,0.017319899357091353,-0.015077007708668601,-0.009167453375606795,0.016783791118501427,-0.016974633099557046,1784980924.4103458,0.10281232310572336,0.10439107958278585,1784980924.3936982,17441.97265625,nan,nan,51.25090789794922,nan
30.56257653236389,1784980924.4558735,BSMC,circle,circle_dist_bsmc_30cm_yawfree_p02_manual,1784980924.4139187,-1.0304145627906072,0.1845860530343117,-1.8209072081819422,0.10201460492340825,0.1089131144442964,1784980924.4460578,-1.0321440312080474,0.17626317829208937,-1.815847022324528,0.009815692901611328,0,0,1784980924.4501576,-1.0123012500499171,0.1859562388746726,-1.837562656309425,1784980924.4501898,-0.005810803736751025,0.017210580106786947,-0.016655448127482764,-0.014217448626721545,0.016898388742528504,-0.021715633984896954,1784980924.4502256,0.10108759649733595,0.10323097347567364,1784980924.4534302,17442.03125,nan,nan,59.861106872558594,nan
30.602569580078125,1784980924.4958665,BSMC,circle,circle_dist_bsmc_30cm_yawfree_p02_manual,1784980924.4636745,-1.0317653205787098,0.17905661925570476,-1.8153695890164505,0.10020363448764616,0.10847452693921188,1784980924.4460578,-1.0321440312080474,0.17626317829208937,-1.815847022324528,0.04980874061584473,0,0,1784980924.4903479,-1.0134346487649926,0.1817732226537486,-1.8332288073561769,1784980924.4904356,-0.007074390492414854,0.017127360051254332,-0.017859218339726368,-0.00988443113271351,0.016813673050543897,-0.01738178503164889,1784980924.4904854,0.09958547555258036,0.10182611803376887,1784980924.4534302,17442.03125,nan,nan,59.861106872558594,nan
30.64317226409912,1784980924.5364692,BSMC,circle,circle_dist_bsmc_30cm_yawfree_p02_manual,1784980924.5139017,-1.0328874645953812,0.17459265581480343,-1.8109387160812163,0.09604745656836006,0.10476492358243475,1784980924.4460578,-1.0321440312080474,0.17626317829208937,-1.815847022324528,0.09041142463684082,0,0,1784980924.5299697,-1.014541547854538,0.1776170017301984,-1.8289277113936537,1784980924.5300002,-0.007300969582559005,0.0171001512400464,-0.017988995312437472,-0.0055838373823624155,0.016748164621816882,-0.013080689069125741,1784980924.5300345,0.09931627496330826,0.10128363866240686,1784980924.5124068,17442.091796875,nan,nan,58.9853401184082,nan
30.68311619758606,1784980924.5764132,BSMC,circle,circle_dist_bsmc_30cm_yawfree_p02_manual,1784980924.5639699,-1.0340276390960887,0.16992572217021085,-1.8058745183507023,0.09604952777502634,0.10418923750336218,1784980924.567656,-1.0357013197720422,0.16315362638056546,-1.802142117979502,0.00875711441040039,0,0,1784980924.570212,-1.0156417003685043,0.17341311384138064,-1.8245822495482555,1784980924.570248,-0.007673909873767608,0.01706797442029737,-0.0187077311975532,-0.014585584771448381,0.017172831171600938,-0.022440131568753463,1784980924.5702853,0.09887217065386168,0.10129016855317609,1784980924.5499432,17442.12890625,nan,nan,37.60331344604492,nan
30.72260332107544,1784980924.6159003,BSMC,circle,circle_dist_bsmc_30cm_yawfree_p02_manual,1784980924.6135294,-1.0354625084809006,0.16389702498858774,-1.7997767165481549,0.09953597191683003,0.10567322551301943,1784980924.567656,-1.0357013197720422,0.16315362638056546,-1.802142117979502,0.04824423789978027,0,0,1784980924.6104612,-1.016718832594496,0.16922309934818147,-1.8202559966109384,1784980924.6105032,-0.0033482523958344554,0.016996401596614617,-0.014381478260236058,-0.010260224561255388,0.017085113798360745,-0.01811387863143632,1784980924.6105478,0.10401445594512608,0.10293887888632126,1784980924.611891,17442.19140625,nan,nan,61.93074417114258,nan
30.76273465156555,1784980924.6560316,BSMC,circle,circle_dist_bsmc_30cm_yawfree_p02_manual,1784980924.6135294,-1.0354625084809006,0.16389702498858774,-1.7997767165481549,0.09953597191683003,0.10567322551301943,1784980924.6469827,-1.038465410711906,0.15442057412015187,-1.7867934600162112,0.009048938751220703,0,0,1784980924.6503701,-1.017773297065358,0.16504657418066399,-1.815948411848365,1784980924.6504207,-0.005134723419511076,0.016966563566435413,-0.01617169530021023,-0.014813850319878953,0.017933914328664785,-0.029154951832153886,1784980924.65047,0.10189096132745397,0.10350191742299515,1784980924.643914,17442.22265625,nan,nan,32.026466369628906,nan
30.802796602249146,1784980924.6960936,BSMC,circle,circle_dist_bsmc_30cm_yawfree_p02_manual,1784980924.6640465,-1.0369625139341176,0.15767578236961746,-1.792154254376276,0.1029167869090191,0.10914795541463967,1784980924.6469827,-1.038465410711906,0.15442057412015187,-1.7867934600162112,0.04911088943481445,0,0,1784980924.6904466,-1.0188161850158952,0.1608393892133207,-1.8116138934157482,1784980924.690483,-0.007070525841475381,0.017008977799822963,-0.01945963903947212,-0.010480913675375365,0.01781694996856624,-0.02482043339953699,1784980924.6905277,0.09958683788366217,0.10230652142039613,1784980924.643914,17442.22265625,nan,nan,32.026466369628906,nan
30.84268021583557,1784980924.7359772,BSMC,circle,circle_dist_bsmc_30cm_yawfree_p02_manual,1784980924.7141292,-1.038095758897604,0.15264016058994212,-1.786680181130941,0.1029167869090191,0.10914795541463967,1784980924.6469827,-1.038465410711906,0.15442057412015187,-1.7867934600162112,0.08899450302124023,0,0,1784980924.7310233,-1.0198508947063405,0.15658594381737018,-1.807236399557411,1784980924.7310658,-0.00776243937622533,0.016976124692223822,-0.02055621842647004,-0.0061045443248044316,0.01771788843608583,-0.0204429395411998,1784980924.731105,0.09876316712564451,0.10184225588623994,1784980924.717098,17442.294921875,nan,nan,72.39141082763672,nan
30.883922815322876,1784980924.7772198,BSMC,circle,circle_dist_bsmc_30cm_yawfree_p02_manual,1784980924.7638972,-1.0391837239166748,0.1476911912777172,-1.7818247558345943,0.10195060180949385,0.10714062338193611,1784980924.7677002,-1.0411987102210716,0.14127419813747732,-1.7707806604693124,0.009519577026367188,0,0,1784980924.770421,-1.0208416173777826,0.15243528583227609,-1.8029691380522836,1784980924.770457,-0.008480892421455614,0.01694148072520124,-0.021144382217689328,-0.014982661206612246,0.017734175219872885,-0.03218847758297127,1784980924.7704966,0.09790903901063501,0.10213606142919436,1784980924.7550592,17442.333984375,nan,nan,38.00246047973633,nan
30.922313690185547,1784980924.8156106,BSMC,circle,circle_dist_bsmc_30cm_yawfree_p02_manual,1784980924.8139288,-1.0404985791153512,0.14163672358080287,-1.7739049746471365,0.10250309963509317,0.11026266391266584,1784980924.7677002,-1.0411987102210716,0.14127419813747732,-1.7707806604693124,0.047910451889038086,0,0,1784980924.8103845,-1.0218231937532487,0.1482434649175054,-1.7986639222167116,1784980924.8104205,-0.004176456305557379,0.01685972201598241,-0.016839166382117243,-0.010679390531103946,0.017604883860174867,-0.02788326174739919,1784980924.8104591,0.10302723462080186,0.10377121846237268,1784980924.7550592,17442.333984375,nan,nan,38.00246047973633,nan
30.96246910095215,1784980924.855766,BSMC,circle,circle_dist_bsmc_30cm_yawfree_p02_manual,1784980924.8139288,-1.0404985791153512,0.14163672358080287,-1.7739049746471365,0.10250309963509317,0.11026266391266584,1784980924.7677002,-1.0411987102210716,0.14127419813747732,-1.7707806604693124,0.08806586265563965,0,0,1784980924.8504384,-1.0227910014614097,0.14402860050938268,-1.7943393687270268,1784980924.8504825,-0.005914594978263112,0.016861107551253716,-0.02043439407989034,-0.006356270826720824,0.017493664435568365,-0.023558708257714445,1784980924.8505309,0.10095682806449485,0.10093345388167509,1784980924.846495,17442.423828125,nan,nan,27.794607162475586,nan
31.002605199813843,1784980924.8959022,BSMC,circle,circle_dist_bsmc_30cm_yawfree_p02_manual,1784980924.8641942,-1.0416451344518367,0.1362887313095377,-1.766780508595894,0.10004092262947814,0.11252858578218135,1784980924.8575654,-1.042844570160391,0.13358546193394444,-1.7622725155822778,0.038336753845214844,0,0,1784980924.890648,-1.023743394885986,0.13979692315614475,-1.7900018376372444,1784980924.8906932,-0.006927073767413371,0.01687588037813018,-0.023221329041350325,-0.009733055308960771,0.017569996634352283,-0.027729322054966588,1784980924.89074,0.09974844631990576,0.09721666304690538,1784980924.846495,17442.423828125,nan,nan,27.794607162475586,nan
31.042470455169678,1784980924.9357674,BSMC,circle,circle_dist_bsmc_30cm_yawfree_p02_manual,1784980924.913904,-1.0425930870026625,0.13147683209976715,-1.7610508320286773,0.09938884957670922,0.11300595248868954,1784980924.8575654,-1.042844570160391,0.13358546193394444,-1.7622725155822778,0.0782020092010498,0,0,1784980924.9308248,-1.0246710443203364,0.13559038703292886,-1.7856942271254648,1784980924.9308667,-0.007428546751988177,0.016820750317651824,-0.02464339509678748,-0.005426856868935074,0.017459839364546353,-0.02342171154318695,1784980924.930912,0.09914952263121701,0.09598709464983807,1784980924.9009578,17442.48046875,nan,nan,55.286678314208984,nan
31.082562923431396,1784980924.9758599,BSMC,circle,circle_dist_bsmc_30cm_yawfree_p02_manual,1784980924.964036,-1.0435275176840657,0.1266120392583542,-1.755681243299024,0.09915989400865483,0.11203653611035715,1784980924.974303,-1.0451875250389397,0.12190709650946821,-1.7497213954094832,0.0015568733215332031,0,0,1784980924.9706266,-1.0255862809786191,0.1313531523899297,-1.7813592709563368,1784980924.9706683,-0.007958511069416679,0.016763896617589622,-0.025678027657312752,-0.012783725731917484,0.01760718878243104,-0.0316378755468536,1784980924.970713,0.09851764381733023,0.09588548472247212,1784980924.948199,17442.525390625,nan,nan,46.61319351196289,nan
31.122395753860474,1784980925.0156927,BSMC,circle,circle_dist_bsmc_30cm_yawfree_p02_manual,1784980925.0138397,-1.044626178182039,0.1211205793642354,-1.7491649822975335,0.0994112312200042,0.11275050325556005,1784980924.974303,-1.0451875250389397,0.12190709650946821,-1.7497213954094832,0.04138970375061035,0,0,1784980925.0112488,-1.026492741281789,0.12706609410281475,-1.776977425482093,1784980925.0112922,-0.003577877653822872,0.016660989297506184,-0.021296182183068835,-0.008403783424019661,0.017478175535706072,-0.02725603007260968,1784980925.0113382,0.10372856967220909,0.0975393719000253,1784980924.9964757,17442.576171875,nan,nan,49.133731842041016,nan
31.16244673728943,1784980925.0557437,BSMC,circle,circle_dist_bsmc_30cm_yawfree_p02_manual,1784980925.0138397,-1.044626178182039,0.1211205793642354,-1.7491649822975335,0.0994112312200042,0.11275050325556005,1784980925.0474265,-1.0466521126258281,0.11340515171000262,-1.7440458746961827,0.008317232131958008,0,0,1784980925.0504537,-1.0273463208018119,0.12294164873786978,-1.7727655762694463,1784980925.050493,-0.004858044520456187,0.01668260076192687,-0.02360059397191283,-0.012721746353636688,0.01737283923912565,-0.028719701573263645,1784980925.0505364,0.10220342519631845,0.09642927009732118,1784980925.0473955,17442.626953125,nan,nan,50.95590591430664,nan
31.20262312889099,1784980925.09592,BSMC,circle,circle_dist_bsmc_30cm_yawfree_p02_manual,1784980925.063994,-1.04571215172467,0.1155154346325549,-1.743285657093961,0.09953488219748335,0.11293758843408032,1784980925.0474265,-1.0466521126258281,0.11340515171000262,-1.7440458746961827,0.04849362373352051,0,0,1784980925.090738,-1.0282073529699307,0.11868967878232002,-1.7684272984526734,1784980925.090781,-0.006131580985232509,0.016700225147816793,-0.02514164135871244,-0.0083850009441403,0.017257669144720645,-0.024381423756490772,1784980925.0908325,0.10068768165344875,0.09580830286835754,1784980925.0473955,17442.626953125,nan,nan,50.95590591430664,nan
31.243041038513184,1784980925.136338,BSMC,circle,circle_dist_bsmc_30cm_yawfree_p02_manual,1784980925.1139472,-1.0465238270333046,0.11087237149958788,-1.7386654521270255,0.09733766007778427,0.10933424074806743,1784980925.0474265,-1.0466521126258281,0.11340515171000262,-1.7440458746961827,0.08891153335571289,0,0,1784980925.1311285,-1.0290524038843978,0.11442137859789278,-1.76407614603263,1784980925.131167,-0.006418275815868627,0.016632853446820587,-0.025410693905604465,-0.00403492468749855,0.017161056134080605,-0.020030271336447303,1784980925.131216,0.10034664050102406,0.0962186351447933,1784980925.096313,17442.673828125,nan,nan,47.70728302001953,nan
31.282453298568726,1784980925.1757503,BSMC,circle,circle_dist_bsmc_30cm_yawfree_p02_manual,1784980925.1646245,-1.0473504323132108,0.10594465851423783,-1.7329183067883107,0.09782070701261461,0.10999667874885817,1784980925.1681454,-1.0490062877898707,0.09977650860301947,-1.7305768371246766,0.007604837417602539,0,0,1784980925.1703067,-1.0298689405736678,0.1102013893876394,-1.7597778824828254,1784980925.1703455,-0.0070226475048843105,0.016565166259063638,-0.026859575694514692,-0.013336871998701077,0.017234965713261764,-0.029201045358148825,1784980925.1703846,0.09962516216621538,0.09552036315933865,1784980925.1470222,17442.724609375,nan,nan,51.40437316894531,nan
31.322304487228394,1784980925.2156014,BSMC,circle,circle_dist_bsmc_30cm_yawfree_p02_manual,1784980925.21421,-1.0483789087251478,0.10008168300098262,-1.7264408802168332,0.09895129320321927,0.11261578678856575,1784980925.1681454,-1.0490062877898707,0.09977650860301947,-1.7305768371246766,0.04745602607727051,0,0,1784980925.2104235,-1.030673066294199,0.10594722675090264,-1.755448385145484,1784980925.2104588,-0.0026944736192424878,0.01645826102123599,-0.022530078357173355,-0.00900896029276015,0.01711792648989491,-0.024871548020807488,1784980925.2104976,0.10477425033415756,0.09715173300234663,1784980925.196304,17442.775390625,nan,nan,49.75196838378906,nan
31.362762689590454,1784980925.2560596,BSMC,circle,circle_dist_bsmc_30cm_yawfree_p02_manual,1784980925.21421,-1.0483789087251478,0.10008168300098262,-1.7264408802168332,0.09895129320321927,0.11261578678856575,1784980925.2472956,-1.0506576503295058,0.09102474552801815,-1.719550854748207,0.008764028549194336,0,0,1784980925.2502244,-1.0314543740983018,0.10171371293478358,-1.7511433753035652,1784980925.2502575,-0.00423589044104714,0.016466955584186753,-0.024702495086732057,-0.013416974006234938,0.017407028774343827,-0.03159252055535822,1784980925.2502925,0.10293904820583444,0.09560807529821505,1784980925.250358,17442.828125,nan,nan,53.10249328613281,nan
31.402471780776978,1784980925.2957687,BSMC,circle,circle_dist_bsmc_30cm_yawfree_p02_manual,1784980925.2642744,-1.0493766176604264,0.09431961673509974,-1.7199769560421159,0.09862590557376705,0.1141090740297934,1784980925.2472956,-1.0506576503295058,0.09102474552801815,-1.719550854748207,0.04847311973571777,0,0,1784980925.2902608,-1.0322165564932084,0.09748189436486793,-1.7468434638045418,1784980925.290303,-0.00567761888308237,0.0164994649273503,-0.02686650776242594,-0.009118929404312148,0.017280446739003162,-0.027292609056334793,1784980925.2903492,0.1012216910313386,0.09384853605629133,1784980925.250358,17442.828125,nan,nan,53.10249328613281,nan
31.44291400909424,1784980925.336211,BSMC,circle,circle_dist_bsmc_30cm_yawfree_p02_manual,1784980925.3137515,-1.0500747692289003,0.08966399201679517,-1.714881519615723,0.09713045500283157,0.11215376880017178,1784980925.2472956,-1.0506576503295058,0.09102474552801815,-1.719550854748207,0.08891534805297852,0,0,1784980925.3304327,-1.0329704000586175,0.09318995694298786,-1.742485822584449,1784980925.3304708,-0.0059453955615694455,0.01642084483181459,-0.02760430296872607,-0.004762665746039223,0.017171021449175823,-0.02293496783624205,1784980925.3305142,0.10090167021394283,0.09359715642518254,1784980925.2970276,17442.875,nan,nan,46.95381164550781,nan
31.482516288757324,1784980925.3758132,BSMC,circle,circle_dist_bsmc_30cm_yawfree_p02_manual,1784980925.3636415,-1.0507542013824636,0.08504246967442759,-1.710481842222724,0.09571534943313618,0.10823100656102816,1784980925.3687809,-1.0522192913752257,0.07943574524533098,-1.7082981296506126,0.0070323944091796875,0,0,1784980925.370116,-1.0336939608245577,0.08896327592880529,-1.7381976527236092,1784980925.3701603,-0.0062579432373274955,0.016348170418012273,-0.02771581050088523,-0.01197685238129012,0.017044551034651675,-0.029899523072996592,1784980925.3701966,0.10053034306038791,0.09467075298463941,1784980925.3480506,17442.92578125,nan,nan,51.015193939208984,nan
31.52266788482666,1784980925.4159648,BSMC,circle,circle_dist_bsmc_30cm_yawfree_p02_manual,1784980925.4140034,-1.051647199276127,0.07931728417786525,-1.7053279401750479,0.09675215497328413,0.1063275877103246,1784980925.3687809,-1.0522192913752257,0.07943574524533098,-1.7082981296506126,0.047183990478515625,0,0,1784980925.4103057,-1.0344074006956312,0.0846848502098241,-1.733860147383033,1784980925.4103441,-0.0019218566600173398,0.016237372058151324,-0.023378305160309143,-0.0076410180940874785,0.016924284179720007,-0.025562017732420506,1784980925.4103863,0.10568924405052005,0.0963031884368137,1784980925.3993006,17442.978515625,nan,nan,51.662994384765625,nan
31.562694787979126,1784980925.4559917,BSMC,circle,circle_dist_bsmc_30cm_yawfree_p02_manual,1784980925.4140034,-1.051647199276127,0.07931728417786525,-1.7053279401750479,0.09675215497328413,0.1063275877103246,1784980925.4480522,-1.0535630598826697,0.07017467099698524,-1.6983739340351856,0.007939577102661133,0,0,1784980925.4509013,-1.0351111267827848,0.08034806943646455,-1.7294666375182255,1784980925.4509356,-0.003239391446360848,0.01624840160790147,-0.02413869734317764,-0.012438392209939069,0.017007594484898667,-0.03109270348303994,1784980925.4509726,0.10412337933863568,0.09766292287054144,1784980925.4485178,17443.02734375,nan,nan,49.452980041503906,nan
31.60265016555786,1784980925.4959471,BSMC,circle,circle_dist_bsmc_30cm_yawfree_p02_manual,1784980925.464193,-1.0525318412693967,0.07336624136074489,-1.7000920058521625,0.09900214627047231,0.10415468634066112,1784980925.4480522,-1.0535630598826697,0.07017467099698524,-1.6983739340351856,0.047894954681396484,0,0,1784980925.4903677,-1.0357743054759063,0.07614634387331931,-1.725212894346534,1784980925.4904044,-0.004917542018970825,0.016259205280154072,-0.02512088849437144,-0.008186436605721863,0.016884398597124685,-0.02683896031134836,1784980925.4904416,0.10212880222741141,0.09990482637495289,1784980925.4485178,17443.02734375,nan,nan,49.452980041503906,nan
31.642380952835083,1784980925.535678,BSMC,circle,circle_dist_bsmc_30cm_yawfree_p02_manual,1784980925.5141635,-1.0532337672411132,0.06791384393869947,-1.6944476321723623,0.10360880923547416,0.10566407363838229,1784980925.4480522,-1.0535630598826697,0.07017467099698524,-1.6983739340351856,0.08762574195861816,0,0,1784980925.5303915,-1.0364300110314573,0.0718730435612246,-1.7208895768187633,1784980925.5304282,-0.006001486405105731,0.01618714444656264,-0.026441944646401035,-0.003864438760733503,0.01677772169782103,-0.02251564278357776,1784980925.5304716,0.10083848230932194,0.10125740335781803,1784980925.496274,17443.076171875,nan,nan,47.982357025146484,nan
31.683231830596924,1784980925.5765288,BSMC,circle,circle_dist_bsmc_30cm_yawfree_p02_manual,1784980925.563925,-1.053929450561702,0.06220096382075198,-1.6882560766296606,0.10848652627222119,0.10872541796428249,1784980925.5676584,-1.0553415716299457,0.05622844770668776,-1.686184951425931,0.008870363235473633,0,0,1784980925.5701344,-1.0370633679842471,0.06762329062726141,-1.7165928839705578,1784980925.5701659,-0.007361497976340199,0.016114425743738385,-0.028336807340897163,-0.013423488156421394,0.01684473625239023,-0.030407932544626703,1784980925.5702012,0.09921854417234896,0.10155396958106051,1784980925.5475943,17443.126953125,nan,nan,51.11796951293945,nan
31.72280526161194,1784980925.6161022,BSMC,circle,circle_dist_bsmc_30cm_yawfree_p02_manual,1784980925.614177,-1.054773021416006,0.05581454922506547,-1.682947483726623,0.1090601151953698,0.10732047928697336,1784980925.5676584,-1.0553415716299457,0.05622844770668776,-1.686184951425931,0.04844379425048828,0,0,1784980925.6104224,-1.0376853431480177,0.0633225228584317,-1.712247370626747,1784980925.610456,-0.0030174753425908866,0.016000742573367366,-0.023991293997086327,-0.009079710291551833,0.016722056317514365,-0.026062419200815867,1784980925.6104946,0.10438717682100951,0.1031880025104922,1784980925.5983126,17443.17578125,nan,nan,50.00514602661133,nan
31.762402534484863,1784980925.6556995,BSMC,circle,circle_dist_bsmc_30cm_yawfree_p02_manual,1784980925.614177,-1.054773021416006,0.05581454922506547,-1.682947483726623,0.1090601151953698,0.10732047928697336,1784980925.647369,-1.056094228162957,0.048169835846423516,-1.6806651873648404,0.008330583572387695,0,0,1784980925.6500742,-1.0382801470554182,0.05908051486818792,-1.7079638613722905,1784980925.6501143,-0.005091267535157993,0.016023745852379204,-0.025016377645667554,-0.01279817045533271,0.016510337229087516,-0.027298674007450115,1784980925.6501584,0.10192287296402636,0.10398402578339251,1784980925.6534534,17443.232421875,nan,nan,55.26087951660156,nan
31.80263924598694,1784980925.6959362,BSMC,circle,circle_dist_bsmc_30cm_yawfree_p02_manual,1784980925.6640499,-1.0555021927995962,0.04990956378322377,-1.6778024193992167,0.10786437870062175,0.10735188389595528,1784980925.647369,-1.056094228162957,0.048169835846423516,-1.6806651873648404,0.04856729507446289,0,0,1784980925.6903663,-1.0388643265462765,0.05477949159086211,-1.703623343374549,1784980925.6904063,-0.006619030729254499,0.01602258476401826,-0.0258209239753322,-0.008459026174084748,0.016401278455249503,-0.02295815600970852,1784980925.6904497,0.1001072096384444,0.10291470559761373,1784980925.6534534,17443.232421875,nan,nan,55.26087951660156,nan
31.84263300895691,1784980925.73593,BSMC,circle,circle_dist_bsmc_30cm_yawfree_p02_manual,1784980925.7136984,-1.0560381754184573,0.04479706756616166,-1.671994079730755,0.10595770540434674,0.10902149307746642,1784980925.647369,-1.056094228162957,0.048169835846423516,-1.6806651873648404,0.0885610580444336,0,0,1784980925.7305832,-1.0394247270736476,0.05051547876307742,-1.6993226593993287,1784980925.7306252,-0.007367530606586562,0.015950748737400457,-0.027328579668573605,-0.004159276502014374,0.016311797149263712,-0.01865747203448831,1784980925.7306712,0.09921441371155804,0.10012070869957078,1784980925.6990526,17443.27734375,nan,nan,45.74766540527344,nan
31.882530450820923,1784980925.7758274,BSMC,circle,circle_dist_bsmc_30cm_yawfree_p02_manual,1784980925.7636836,-1.0565547109324713,0.039578238284721456,-1.666071066392484,0.10555723132646469,0.11058359775741436,1784980925.7689826,-1.0578863902071347,0.035462546669788764,-1.6668373201452873,0.006844758987426758,0,0,1784980925.770058,-1.0399696395294322,0.046226227288640204,-1.6949989298842534,1784980925.7700872,-0.008195587890610527,0.015877427070133506,-0.028927863491769346,-0.012432175790151729,0.016802017153733532,-0.028161609738966087,1784980925.7701206,0.09822665197551708,0.09829412042759335,1784980925.7491193,17443.328125,nan,nan,49.874935150146484,nan
31.923169374465942,1784980925.8164663,BSMC,circle,circle_dist_bsmc_30cm_yawfree_p02_manual,1784980925.8140347,-1.0572595644782954,0.033606962649711324,-1.6607927596267702,0.10647366563130213,0.11043741380030017,1784980925.7689826,-1.0578863902071347,0.035462546669788764,-1.6668373201452873,0.04748368263244629,0,0,1784980925.8102038,-1.0404970575810801,0.04192589126387065,-1.6906663683913339,1784980925.810238,-0.0038645811444572575,0.015761494797190353,-0.02459530199884985,-0.008101081481931949,0.016689403564672793,-0.023829048246046595,1784980925.8102777,0.10338007766867892,0.09992191497528988,1784980925.802442,17443.380859375,nan,nan,53.11310577392578,nan
31.96334743499756,1784980925.8566444,BSMC,circle,circle_dist_bsmc_30cm_yawfree_p02_manual,1784980925.8140347,-1.0572595644782954,0.033606962649711324,-1.6607927596267702,0.10647366563130213,0.11043741380030017,1784980925.7689826,-1.0578863902071347,0.035462546669788764,-1.6668373201452873,0.0876617431640625,0,0,1784980925.8507302,-1.0410085253884884,0.0376001628349093,-1.6863105038664925,1784980925.8507717,-0.005437601998928998,0.0158263831534164,-0.025517744239722306,-0.0037462413110936656,0.016595101679258786,-0.01947318372120521,1784980925.8508162,0.10151040595060568,0.10022728194587897,1784980925.853721,17443.431640625,nan,nan,52.211910247802734,nan
32.00273013114929,1784980925.896027,BSMC,circle,circle_dist_bsmc_30cm_yawfree_p02_manual,1784980925.8638566,-1.057858009305436,0.028337956624533662,-1.656807840765818,0.10328250076213234,0.10523007452964764,1784980925.858421,-1.0586838116902397,0.026878813440469086,-1.6568433965605927,0.037606000900268555,0,0,1784980925.8903534,-1.0414943118477447,0.03333345932767506,-1.6820162314437017,1784980925.8903875,-0.00638276740911508,0.01587406444314384,-0.025208390677883722,-0.007908046737837295,0.01657118448260546,-0.025172834883109063,1784980925.890431,0.10038934190263048,0.10151162362169523,1784980925.853721,17443.431640625,nan,nan,52.211910247802734,nan
32.04252552986145,1784980925.9358225,BSMC,circle,circle_dist_bsmc_30cm_yawfree_p02_manual,1784980925.913977,-1.05828346439044,0.023430778495736538,-1.6522344296414122,0.1009581647702897,0.10270399449165415,1784980925.858421,-1.0586838116902397,0.026878813440469086,-1.6568433965605927,0.07740139961242676,0,0,1784980925.9300725,-1.041962169951034,0.029060996755531754,-1.677718225385963,1784980925.9301083,-0.006939264833196155,0.015809193951795385,-0.025483795744550838,-0.0036111831167840967,0.01647223673251267,-0.02087482882537039,1784980925.9301474,0.09972802565317639,0.10143762474359579,1784980925.903803,17443.482421875,nan,nan,50.22943115234375,nan
32.0827956199646,1784980925.9760926,BSMC,circle,circle_dist_bsmc_30cm_yawfree_p02_manual,1784980925.9642606,-1.0586945109644013,0.018326082513284866,-1.6470423521273512,0.10134925170569409,0.10280342249824005,1784980925.973073,-1.0598110518691863,0.014066918025063713,-1.6459808310675426,0.003019571304321289,0,0,1784980925.9708211,-1.0424222489983201,0.02468369748948887,-1.673316810514747,1784980925.9708543,-0.007578637594579654,0.01574071249621336,-0.026274458387395727,-0.011892923986723364,0.01654221359202281,-0.027335979447204343,1784980925.970892,0.09896688057295927,0.10124445773187322,1784980925.948335,17443.52734375,nan,nan,44.39531326293945,nan
32.12306785583496,1784980926.0163648,BSMC,circle,circle_dist_bsmc_30cm_yawfree_p02_manual,1784980926.013801,-1.0592340673575555,0.012608955339820666,-1.6417440795118396,0.10286461395701817,0.10355918959064936,1784980925.973073,-1.0598110518691863,0.014066918025063713,-1.6459808310675426,0.04329180717468262,0,0,1784980926.0099967,-1.0428459223696944,0.020478333436016318,-1.6690901555083377,1784980926.010029,-0.0033532193499692465,0.015638601742792153,-0.022047803380986553,-0.007667616515465165,0.016435617526521396,-0.02310932444079516,1784980926.0100684,0.10399347999068131,0.10283826680448414,1784980926.0084937,17443.583984375,nan,nan,57.2428092956543,nan
32.16259264945984,1784980926.0558896,BSMC,circle,circle_dist_bsmc_30cm_yawfree_p02_manual,1784980926.013801,-1.0592340673575555,0.012608955339820666,-1.6417440795118396,0.10286461395701817,0.10355918959064936,1784980926.048145,-1.060711180374682,0.005191018120676287,-1.6314048148992908,0.007744550704956055,0,0,1784980926.0502133,-1.0432622812539027,0.016160240139373942,-1.6647520321868046,1784980926.0502496,-0.004674562629150772,0.015679860946275055,-0.023007952674964915,-0.01200598512392833,0.01675243962611492,-0.033347217287513775,1784980926.0502906,0.10242270966234303,0.10297278013216275,1784980926.0524354,17443.630859375,nan,nan,46.1314811706543,nan
32.20258092880249,1784980926.095878,BSMC,circle,circle_dist_bsmc_30cm_yawfree_p02_manual,1784980926.0637522,-1.059730578895855,0.006771176756970216,-1.6349082388086587,0.10393959245144452,0.10620752430064694,1784980926.048145,-1.060711180374682,0.005191018120676287,-1.6314048148992908,0.04773283004760742,0,0,1784980926.090263,-1.0436575390993714,0.01186669390124365,-1.660440327551185,1784980926.090301,-0.00611481610994269,0.015713558706051203,-0.025532088742526327,-0.007696381087968693,0.01661797358353266,-0.02903551265189419,1784980926.090343,0.10070651326176466,0.10105472395370602,1784980926.0524354,17443.630859375,nan,nan,46.1314811706543,nan
32.242674589157104,1784980926.1359715,BSMC,circle,circle_dist_bsmc_30cm_yawfree_p02_manual,1784980926.113833,-1.0600537254105482,0.0017912857762776239,-1.6302966028469186,0.10185996473775029,0.10362324261583632,1784980926.048145,-1.060711180374682,0.005191018120676287,-1.6314048148992908,0.08782649040222168,0,0,1784980926.1301575,-1.0440356896048404,0.007555012490749788,-1.6561120919249641,1784980926.1301966,-0.006706042403810051,0.015646948967461972,-0.025815489078045536,-0.0033697113935574367,0.016501681942182208,-0.024707277025673324,1784980926.130231,0.10000394193354786,0.10115890907299008,1784980926.1089854,17443.685546875,nan,nan,54.88884735107422,nan
32.28276991844177,1784980926.1760669,BSMC,circle,circle_dist_bsmc_30cm_yawfree_p02_manual,1784980926.1640718,-1.0603493062289122,-0.003169297081536103,-1.6255522809325709,0.10064250888389054,0.10210541610353847,1784980926.1688797,-1.0615965953067088,-0.007121082438199811,-1.6249663218999517,0.0071871280670166016,0,0,1784980926.169928,-1.0443929453733967,0.0032691960618271357,-1.651811407949744,1784980926.1699636,-0.007302112798660997,0.015580076841408568,-0.026259127017173034,-0.011306503600797763,0.01661584889980708,-0.026845086049792185,1784980926.1700113,0.09929515899295342,0.10109306885113577,1784980926.1506026,17443.728515625,nan,nan,42.89136505126953,nan
32.32275676727295,1784980926.2160537,BSMC,circle,circle_dist_bsmc_30cm_yawfree_p02_manual,1784980926.2139983,-1.0607962750947295,-0.008783981087374196,-1.6204736466296197,0.10093127200544613,0.10209522531295621,1784980926.1688797,-1.0615965953067088,-0.007121082438199811,-1.6249663218999517,0.04717397689819336,0,0,1784980926.2104528,-1.0447351868310135,-0.0010626350542912721,-1.647466074850379,1784980926.2105,-0.0029580435450035376,0.015475423349774135,-0.021913793917808233,-0.00696249641555921,0.016508649979667087,-0.022499752950427387,1784980926.2105522,0.10446287177414135,0.10273180082570624,1784980926.2094288,17443.787109375,nan,nan,59.539527893066406,nan
32.36257219314575,1784980926.2558692,BSMC,circle,circle_dist_bsmc_30cm_yawfree_p02_manual,1784980926.2139983,-1.0607962750947295,-0.008783981087374196,-1.6204736466296197,0.10093127200544613,0.10209522531295621,1784980926.2492614,-1.0618343057367836,-0.015784817600593665,-1.6200842773102555,0.006607770919799805,0,0,1784980926.2505689,-1.0450564895776662,-0.0053667635066947,-1.6431499671004401,1784980926.2506106,-0.004194590675800066,0.015550679508605182,-0.022676320470820466,-0.011232011752358969,0.016244164434264304,-0.023065689790184644,1784980926.2506526,0.10299325442013893,0.10268321762330922,1784980926.2507277,17443.828125,nan,nan,40.58382034301758,nan
32.40260195732117,1784980926.295899,BSMC,circle,circle_dist_bsmc_30cm_yawfree_p02_manual,1784980926.2641406,-1.0611869522543913,-0.014495044289791835,-1.6158418297962578,0.1022026126647418,0.10219282684803833,1784980926.2492614,-1.0618343057367836,-0.015784817600593665,-1.6200842773102555,0.046637535095214844,0,0,1784980926.2902281,-1.0453590057362692,-0.009669207265566845,-1.638836897756873,1784980926.2902713,-0.005533678525464039,0.015594582262495316,-0.022995067960615234,-0.006919888538163731,0.01615398843927494,-0.01875262044661752,1784980926.2903192,0.10140297109832899,0.10333420892386613,1784980926.2507277,17443.828125,nan,nan,40.58382034301758,nan
32.442471504211426,1784980926.3357685,BSMC,circle,circle_dist_bsmc_30cm_yawfree_p02_manual,1784980926.3138394,-1.0614206534040882,-0.01967707168905736,-1.6107948698860552,0.10319766083085119,0.1020524827635542,1784980926.2492614,-1.0618343057367836,-0.015784817600593665,-1.6200842773102555,0.08650708198547363,0,0,1784980926.3321857,-1.0456576613240947,-0.014203675978761529,-1.634292600538551,1784980926.332221,-0.006099346507598699,0.015531514803639325,-0.02349773065249572,-0.0023762123445366604,0.01607909973153169,-0.01420832322829546,1784980926.33226,0.1007302613266612,0.10379622263537581,1784980926.311037,17443.890625,nan,nan,61.427974700927734,nan
32.482643365859985,1784980926.3759403,BSMC,circle,circle_dist_bsmc_30cm_yawfree_p02_manual,1784980926.3641937,-1.0616318013094377,-0.024773467298124404,-1.6066022036697676,0.10241398877671536,0.09893103995137187,1784980926.3688293,-1.0625390581211769,-0.031210440036410984,-1.6024324226159128,0.007111072540283203,0,0,1784980926.3702593,-1.0459095497433029,-0.01829790933764641,-1.630190623190223,1784980926.3703022,-0.007034236096717963,0.015480360711041877,-0.023588419520455425,-0.01343207450143596,0.016212753391210078,-0.02775820057431022,1784980926.3703432,0.0996203168154365,0.10526155546074549,1784980926.3515577,17443.9296875,nan,nan,39.022586822509766,nan
32.52299690246582,1784980926.4162939,BSMC,circle,circle_dist_bsmc_30cm_yawfree_p02_manual,1784980926.4137104,-1.0619165470575809,-0.030892827569310007,-1.6007298973257862,0.10313084133101742,0.10038115496290857,1784980926.3688293,-1.0625390581211769,-0.031210440036410984,-1.6024324226159128,0.047464609146118164,0,0,1784980926.4106512,-1.0461589363466115,-0.022652015881734777,-1.625829377081214,1784980926.4106894,-0.002673992771038266,0.015387003247234035,-0.01922717341144642,-0.00907225836069385,0.016101215531684455,-0.023396954465301212,1784980926.4107316,0.10480600824910954,0.10691244749205325,1784980926.4007142,17443.978515625,nan,nan,50.45009994506836,nan
32.563053607940674,1784980926.4563506,BSMC,circle,circle_dist_bsmc_30cm_yawfree_p02_manual,1784980926.4137104,-1.0619165470575809,-0.030892827569310007,-1.6007298973257862,0.10313084133101742,0.10038115496290857,1784980926.4488597,-1.0630227847125748,-0.04118043742420859,-1.5909831563647898,0.007490873336791992,0,0,1784980926.450879,-1.046387268539668,-0.026966511448974224,-1.6215088404677493,1784980926.4509106,-0.004389334563810756,0.015404810665848985,-0.020778943141963158,-0.01454682545082421,0.016345212120732467,-0.030525684102959527,1784980926.4509463,0.10276654542981987,0.10580436665858706,1784980926.4506278,17444.029296875,nan,nan,49.633792877197266,nan
32.60242247581482,1784980926.4957194,BSMC,circle,circle_dist_bsmc_30cm_yawfree_p02_manual,1784980926.463825,-1.0621726462031742,-0.037148274236081386,-1.5941736450526998,0.10365848182749206,0.10279101349524644,1784980926.4488597,-1.0630227847125748,-0.04118043742420859,-1.5909831563647898,0.0468597412109375,0,0,1784980926.490754,-1.046596881297955,-0.0312803070852813,-1.6171899518035036,1784980926.4907959,-0.006230450253741126,0.015434344187596264,-0.023016306750803794,-0.010229677608331598,0.016222718013445523,-0.026206795438713737,1784980926.4908407,0.10057585029131842,0.10371454739954324,1784980926.4506278,17444.029296875,nan,nan,49.633792877197266,nan
32.642828941345215,1784980926.536126,BSMC,circle,circle_dist_bsmc_30cm_yawfree_p02_manual,1784980926.514219,-1.062286306998033,-0.04228263345759005,-1.5889200133983474,0.10283429696540794,0.10304255150578606,1784980926.4488597,-1.0630227847125748,-0.04118043742420859,-1.5909831563647898,0.08726620674133301,0,0,1784980926.5308032,-1.0467869426733865,-0.035573151788208426,-1.6128928984664068,1784980926.5308423,-0.006989270018216841,0.015375224985422197,-0.023972885068059394,-0.005933871084154695,0.016119348401278606,-0.021909742101617002,1784980926.5311086,0.09967270421680623,0.10260199545502584,1784980926.501391,17444.080078125,nan,nan,51.32356643676758,nan
32.68282771110535,1784980926.5761247,BSMC,circle,circle_dist_bsmc_30cm_yawfree_p02_manual,1784980926.5637665,-1.0623683253645648,-0.047251119551017705,-1.5836590811128737,0.10178100863511828,0.10356144715156756,1784980926.5696561,-1.063534276060641,-0.05467581767098844,-1.577056168529107,0.006468534469604492,0,0,1784980926.5704224,-1.0469592289780714,-0.03988457928848412,-1.608578026678382,1784980926.5704606,-0.007564128827892496,0.015313070298369947,-0.02491894556550833,-0.014894705075381988,0.016482132125270048,-0.031521858149275106,1784980926.5704994,0.09898784930858504,0.10118643084940272,1784980926.5506473,17444.12890625,nan,nan,49.2418098449707,nan
32.72234511375427,1784980926.615642,BSMC,circle,circle_dist_bsmc_30cm_yawfree_p02_manual,1784980926.6142032,-1.0625539572664195,-0.053491434866817726,-1.577095561712139,0.10168446849336632,0.10504349820976555,1784980926.5696561,-1.063534276060641,-0.05467581767098844,-1.577056168529107,0.04598593711853027,0,0,1784980926.6104226,-1.0471132929574942,-0.04420813629253963,-1.6042517222426522,1784980926.6104612,-0.0032389478536568447,0.015214630381755707,-0.020592641129778544,-0.010570268371847998,0.016355135770199692,-0.027195553713545317,1784980926.6105058,0.10413247063599712,0.10282102299796063,1784980926.6038136,17444.181640625,nan,nan,52.83843994140625,nan
32.76246619224548,1784980926.6557631,BSMC,circle,circle_dist_bsmc_30cm_yawfree_p02_manual,1784980926.6142032,-1.0625539572664195,-0.053491434866817726,-1.577095561712139,0.10168446849336632,0.10504349820976555,1784980926.6486654,-1.0638296778827339,-0.06408889922252864,-1.5691694584445297,0.007097721099853516,0,0,1784980926.6504114,-1.0472478965002925,-0.04850645239561838,-1.599951295759498,1784980926.6504576,-0.0050812994033601335,0.015274355724152519,-0.022855734047358967,-0.015555449842454832,0.01660711001732201,-0.030781837314968197,1784980926.6505053,0.101940290068918,0.10101926016791986,1784980926.6514466,17444.23046875,nan,nan,47.960086822509766,nan
32.802478075027466,1784980926.695775,BSMC,circle,circle_dist_bsmc_30cm_yawfree_p02_manual,1784980926.664118,-1.0627297032017269,-0.059682524186336135,-1.5710719281281247,0.10181240244201284,0.10571149849863669,1784980926.6486654,-1.0638296778827339,-0.06408889922252864,-1.5691694584445297,0.04710960388183594,0,0,1784980926.6913123,-1.0473670476737142,-0.052927630227063024,-1.595528509046851,1784980926.691353,-0.006759127671027273,0.015360793286811558,-0.024456580918726267,-0.011134471704963409,0.016480766330466443,-0.026359050602321243,1784980926.6913977,0.0999446183494332,0.10014132079714212,1784980926.6514466,17444.23046875,nan,nan,47.960086822509766,nan
32.84271192550659,1784980926.736009,BSMC,circle,circle_dist_bsmc_30cm_yawfree_p02_manual,1784980926.7138395,-1.0627340844436317,-0.06452254335902168,-1.56666896264622,0.0997941698414427,0.10265554449831492,1784980926.6486654,-1.0638296778827339,-0.06408889922252864,-1.5691694584445297,0.08734345436096191,0,0,1784980926.730041,-1.0474620450526704,-0.05712413619534185,-1.5913309248946297,1784980926.730079,-0.007335311058441338,0.015302445144308532,-0.024661962248409663,-0.006938125838291868,0.01637894191749476,-0.022161466450099976,1784980926.7301204,0.09926014396962188,0.10058698892108543,1784980926.7021017,17444.279296875,nan,nan,49.7987174987793,nan
32.8825478553772,1784980926.7758448,BSMC,circle,circle_dist_bsmc_30cm_yawfree_p02_manual,1784980926.764493,-1.062707311107882,-0.06963370099828371,-1.5613736390620903,0.10027770581480634,0.10297482632244084,1784980926.7699897,-1.0639912112986565,-0.07651717349706048,-1.5623505863127276,0.005855083465576172,0,0,1784980926.7701864,-1.0475415201529987,-0.061449655701010616,-1.5870046719573125,1784980926.770233,-0.00804078158361619,0.01524223225907593,-0.02563103289522228,-0.014928052241434259,0.016576359298676537,-0.024654085644584933,1784980926.7702775,0.09842011891057612,0.10025510150711431,1784980926.752634,17444.330078125,nan,nan,50.41568374633789,nan
32.923070669174194,1784980926.8163676,BSMC,circle,circle_dist_bsmc_30cm_yawfree_p02_manual,1784980926.8139122,-1.0628418232277024,-0.07581284351108675,-1.5563789448913412,0.10199935743322582,0.10366280021467525,1784980926.7699897,-1.0639912112986565,-0.07651717349706048,-1.5623505863127276,0.04637789726257324,0,0,1784980926.8101583,-1.0476023608003655,-0.06578217287721339,-1.5826717242262947,1784980926.8102036,-0.003709030015625459,0.015140570960275131,-0.021298085164204394,-0.010596203422900814,0.016478929940501447,-0.020321137913567044,1784980926.8102458,0.10357288744205159,0.10189058423522318,1784980926.8027487,17444.380859375,nan,nan,50.897674560546875,nan
32.96329092979431,1784980926.856588,BSMC,circle,circle_dist_bsmc_30cm_yawfree_p02_manual,1784980926.8139122,-1.0628418232277024,-0.07581284351108675,-1.5563789448913412,0.10199935743322582,0.10366280021467525,1784980926.7699897,-1.0639912112986565,-0.07651717349706048,-1.5623505863127276,0.08659815788269043,0,0,1784980926.8502104,-1.0476442875828926,-0.07009627110775897,-1.5783574189208134,1784980926.85025,-0.005496877202898713,0.015278371337744212,-0.021978474029472173,-0.0062826131534169756,0.016400569332387593,-0.016006832608085775,1784980926.8503618,0.10144912293085875,0.10239623040854808,1784980926.8027487,17444.380859375,nan,nan,50.897674560546875,nan
33.00283169746399,1784980926.8961287,BSMC,circle,circle_dist_bsmc_30cm_yawfree_p02_manual,1784980926.8640149,-1.0629095591450166,-0.0819050878937122,-1.550751373891301,0.10294714411609082,0.10486013514917676,1784980926.85731,-1.0639054446448077,-0.08590085854702882,-1.550780405079142,0.0388185977935791,0,0,1784980926.8906033,-1.0476677492100834,-0.07445626617533117,-1.5739973572753059,1784980926.8906384,-0.007141824396725893,0.015388049238652167,-0.023245983384004854,-0.011117309144868989,0.01646350160089278,-0.02321695219616382,1784980926.8906755,0.09949347546494101,0.101846942329145,1784980926.8567624,17444.43359375,nan,nan,52.72605514526367,nan
33.043275117874146,1784980926.936572,BSMC,circle,circle_dist_bsmc_30cm_yawfree_p02_manual,1784980926.9142241,-1.062799272557406,-0.08697216427852138,-1.5451907381554222,0.10200853178478056,0.10591299210792124,1784980926.85731,-1.0639054446448077,-0.08590085854702882,-1.550780405079142,0.07926201820373535,0,0,1784980926.9302247,-1.0476722750837528,-0.0787503784185965,-1.5697032393477548,1784980926.9302595,-0.007831797365792032,0.01533253942814249,-0.024512501192332614,-0.006824147646755248,0.016373031758362598,-0.018922834268612743,1784980926.9302967,0.09867121156484031,0.10008739494413992,1784980926.90292,17444.48046875,nan,nan,46.91463088989258,nan
33.08255052566528,1784980926.9758475,BSMC,circle,circle_dist_bsmc_30cm_yawfree_p02_manual,1784980926.9638712,-1.0626696352442497,-0.09203391004322066,-1.5399335265737333,0.10200853178478056,0.10591299210792124,1784980926.972284,-1.0636286577957834,-0.09883382774482158,-1.5407457816244106,0.003563404083251953,0,0,1784980926.9701018,-1.047658263171185,-0.08306270067876231,-1.565390890981971,1784980926.9701374,-0.008503717677220931,0.01528105607093475,-0.025457364408237648,-0.015284159822281646,0.01643704389256594,-0.02464510935756037,1784980926.9701765,0.09787109282737622,0.09966429917290384,1784980926.967385,17444.546875,nan,nan,65.2640151977539,nan
33.12245988845825,1784980927.0157568,BSMC,circle,circle_dist_bsmc_30cm_yawfree_p02_manual,1784980927.013872,-1.062669729384572,-0.0975785547952602,-1.5355757538667412,0.09784725210741636,0.10372243994473437,1784980926.972284,-1.0636286577957834,-0.09883382774482158,-1.5407457816244106,0.0434727668762207,0,0,1784980927.010061,-1.0476257612449218,-0.08736400526955472,-1.561089460279762,1784980927.0100996,-0.004203458505669758,0.015180813288288467,-0.02115593370602875,-0.010983820646598617,0.016340294049834888,-0.02034367865535147,1784980927.0101383,0.10298632668453327,0.10128824397281769,1784980927.0044527,17444.58203125,nan,nan,36.406715393066406,nan
33.16283297538757,1784980927.05613,BSMC,circle,circle_dist_bsmc_30cm_yawfree_p02_manual,1784980927.013872,-1.062669729384572,-0.0975785547952602,-1.5355757538667412,0.09784725210741636,0.10372243994473437,1784980927.0502374,-1.0635196795359319,-0.1073663858468818,-1.5282990319930723,0.005892515182495117,0,0,1784980927.0504801,-1.0475738910702346,-0.09172687077633451,-1.556726282980262,1784980927.050582,-0.005316480763591556,0.015292533229008436,-0.021150529113520777,-0.014947945640972678,0.01659582846829786,-0.028427250987189675,1784980927.0506277,0.10166518161051566,0.10010421035865186,1784980927.0044527,17444.58203125,nan,nan,36.406715393066406,nan
33.202621936798096,1784980927.095919,BSMC,circle,circle_dist_bsmc_30cm_yawfree_p02_manual,1784980927.0637393,-1.062608857400663,-0.10332452110217451,-1.5300840170626524,0.0969013590605403,0.10308050588248814,1784980927.0502374,-1.0635196795359319,-0.1073663858468818,-1.5282990319930723,0.04568147659301758,0,0,1784980927.0905504,-1.0475040668368905,-0.09603071869789478,-1.552421865370093,1784980927.090598,-0.006672977482425915,0.015389139774761376,-0.022337848307440566,-0.01064501710445796,0.016482742814353343,-0.024122833377020703,1784980927.090647,0.10005223195753575,0.09950505760041026,1784980927.0577211,17444.63671875,nan,nan,53.854408264160156,nan
33.24243426322937,1784980927.1357312,BSMC,circle,circle_dist_bsmc_30cm_yawfree_p02_manual,1784980927.1138341,-1.0624013175302403,-0.10831827022653832,-1.5248041879004575,0.09820989326209167,0.10348832043853318,1784980927.0502374,-1.0635196795359319,-0.1073663858468818,-1.5282990319930723,0.08549380302429199,0,0,1784980927.1305377,-1.0474146223317762,-0.10038246777480699,-1.548069193746864,1784980927.1305776,-0.0072383835282582186,0.015335703355973321,-0.023265005846406558,-0.00629339710378855,0.016387224660710718,-0.01977016175379176,1784980927.1306183,0.09937881200342709,0.09966778383127872,1784980927.103507,17444.681640625,nan,nan,45.59859085083008,nan
33.28293776512146,1784980927.1762347,BSMC,circle,circle_dist_bsmc_30cm_yawfree_p02_manual,1784980927.1638358,-1.062155398753598,-0.11354576561972449,-1.5193445039846758,0.101129059613078,0.10448070806850085,1784980927.1717749,-1.062566753080082,-0.12138149401625481,-1.5172979209204656,0.004459857940673828,0,0,1784980927.1703322,-1.0473078728892335,-0.10467332354712437,-1.5437770070098031,1784980927.17037,-0.008097105443108423,0.015284179273608476,-0.02443250302512734,-0.015868329692614567,0.016130483497734213,-0.026479086089337578,1784980927.170411,0.0983565022935353,0.1003827622541982,1784980927.1534848,17444.732421875,nan,nan,50.0255012512207,nan
33.32286047935486,1784980927.2161574,BSMC,circle,circle_dist_bsmc_30cm_yawfree_p02_manual,1784980927.2136052,-1.0619408570811177,-0.1198603852996401,-1.5144493252068898,0.10236104812074626,0.10272198907583871,1784980927.1717749,-1.062566753080082,-0.12138149401625481,-1.5172979209204656,0.044382572174072266,0,0,1784980927.210384,-1.0471815837715583,-0.10899953265044325,-1.5394489516280283,1784980927.2104204,-0.003770126503067224,0.01518780811961384,-0.020104447643352508,-0.011541557045784651,0.016025257029928915,-0.022151030707562747,1784980927.210464,0.1035030343799956,0.10201912771659798,1784980927.2035604,17444.783203125,nan,nan,49.98275375366211,nan
33.363226652145386,1784980927.2565236,BSMC,circle,circle_dist_bsmc_30cm_yawfree_p02_manual,1784980927.2136052,-1.0619408570811177,-0.1198603852996401,-1.5144493252068898,0.10236104812074626,0.10272198907583871,1784980927.2506366,-1.061942765007864,-0.13041805250563016,-1.512338556197457,0.005887031555175781,0,0,1784980927.2502475,-1.0470382550890087,-0.11327796061396221,-1.5351681202910525,1784980927.2502894,-0.005732705241090784,0.015249654143507771,-0.020718795084162744,-0.016240025454160544,0.01588045148049317,-0.022829564093595597,1784980927.250335,0.10117209921066882,0.10367428911482647,1784980927.2035604,17444.783203125,nan,nan,49.98275375366211,nan
33.4025194644928,1784980927.2958164,BSMC,circle,circle_dist_bsmc_30cm_yawfree_p02_manual,1784980927.2641988,-1.0616725886685223,-0.12620331739652818,-1.5094988273251955,0.10362770597393024,0.10285997263079336,1784980927.2506366,-1.061942765007864,-0.13041805250563016,-1.512338556197457,0.04517984390258789,0,0,1784980927.2913065,-1.0468706334741835,-0.11770519340293034,-1.5307377118132701,1784980927.2913544,-0.0075754088826719005,0.015294743189936611,-0.02123888448807465,-0.011810561920802718,0.01578912798885838,-0.01839915561581318,1784980927.291403,0.09898363170035333,0.10421260083378693,1784980927.2567155,17444.8359375,nan,nan,53.20140075683594,nan
33.44319486618042,1784980927.3364918,BSMC,circle,circle_dist_bsmc_30cm_yawfree_p02_manual,1784980927.3136752,-1.0613471605823317,-0.13137821035398206,-1.5039267678356207,0.10412600114662922,0.10459308972479239,1784980927.2506366,-1.061942765007864,-0.13041805250563016,-1.512338556197457,0.08585524559020996,0,0,1784980927.330624,-1.0466921608799833,-0.12193438969725749,-1.5265047482512577,1784980927.3306646,-0.008443471123663407,0.015253280311332107,-0.022577980415636967,-0.007578162639451765,0.015720207120821228,-0.014166192053800764,1784980927.3307085,0.09795007362478314,0.10287051706109143,1784980927.3062153,17444.884765625,nan,nan,49.65903854370117,nan
33.48286700248718,1784980927.376164,BSMC,circle,circle_dist_bsmc_30cm_yawfree_p02_manual,1784980927.3642564,-1.0609804752076557,-0.13665417475074315,-1.4978865482254868,0.10434567745936393,0.10712076020505645,1784980927.3692431,-1.0612576661763582,-0.14345422412237624,-1.498736387165786,0.006920814514160156,0,0,1784980927.3701727,-1.0464928472254358,-0.1262233091134466,-1.5222111968062502,1784980927.3702345,-0.00934779937902006,0.01520897660147217,-0.02432464858076333,-0.016123166023218845,0.015967085773120778,-0.023474809640464223,1784980927.3702693,0.09687221253195785,0.10074834242698284,1784980927.3567233,17444.935546875,nan,nan,50.465057373046875,nan
33.52271389961243,1784980927.4160109,BSMC,circle,circle_dist_bsmc_30cm_yawfree_p02_manual,1784980927.4136806,-1.0606459988918597,-0.14273922902596592,-1.4924446260264523,0.10373105137556299,0.10861682041388014,1784980927.3692431,-1.0612576661763582,-0.14345422412237624,-1.498736387165786,0.0467677116394043,0,0,1784980927.410406,-1.0462712911603331,-0.13058363866017214,-1.517845238592445,1784980927.4104364,-0.004982914801435617,0.015112314973112755,-0.019958690366958187,-0.011758200875045437,0.015874133628104577,-0.01910885142665908,1784980927.4104736,0.1020637699814134,0.10239933006468832,1784980927.4047685,17444.984375,nan,nan,47.959957122802734,nan
33.5625638961792,1784980927.4558609,BSMC,circle,circle_dist_bsmc_30cm_yawfree_p02_manual,1784980927.4136806,-1.0606459988918597,-0.14273922902596592,-1.4924446260264523,0.10373105137556299,0.10861682041388014,1784980927.449622,-1.0606732500937888,-0.1519135109999485,-1.4901901239910729,0.0062389373779296875,0,0,1784980927.4530306,-1.0460193137809712,-0.13514105575932583,-1.513280856993019,1784980927.4531188,-0.006430009202743523,0.015176532409467085,-0.020836230966566612,-0.01553807693127348,0.0159568565054847,-0.023090733001946084,1784980927.4531767,0.10034413590438522,0.10086986147200391,1784980927.4047685,17444.984375,nan,nan,47.959957122802734,nan
33.60245704650879,1784980927.495754,BSMC,circle,circle_dist_bsmc_30cm_yawfree_p02_manual,1784980927.4641755,-1.0602885837520382,-0.14861838583424106,-1.487078069962814,0.1017383376040068,0.109250471624419,1784980927.449622,-1.0606732500937888,-0.1519135109999485,-1.4901901239910729,0.04613208770751953,0,0,1784980927.4904554,-1.0457785383328622,-0.13918029371564994,-1.5092344464324106,1784980927.4905097,-0.0081916996136015,0.015248444456602228,-0.02215637646959645,-0.011492567078305394,0.015871615002919382,-0.01904432244133769,1784980927.4905677,0.09824994477209592,0.09886687073343586,1784980927.459832,17445.0390625,nan,nan,55.0479621887207,nan
33.64257216453552,1784980927.5358691,BSMC,circle,circle_dist_bsmc_30cm_yawfree_p02_manual,1784980927.5138943,-1.0598884060329323,-0.15331586374117034,-1.481686656879157,0.09853423665456106,0.10909998844037815,1784980927.449622,-1.0606732500937888,-0.1519135109999485,-1.4901901239910729,0.08624720573425293,0,0,1784980927.5300825,-1.0455039957540606,-0.14348319394083894,-1.5049227932952027,1784980927.5301201,-0.008513562928906428,0.01520236497156971,-0.023236136416045824,-0.0071815321534452765,0.015798801184567977,-0.014732669304129862,1784980927.530161,0.09786524654124672,0.09657843293366865,1784980927.5045853,17445.083984375,nan,nan,44.863304138183594,nan
33.68234133720398,1784980927.5756383,BSMC,circle,circle_dist_bsmc_30cm_yawfree_p02_manual,1784980927.563641,-1.0594985306495386,-0.15776017005413245,-1.4773031035578814,0.09464971117080943,0.10560724898236279,1784980927.570327,-1.0596255701590027,-0.16481591467377996,-1.4821217102539532,0.005311250686645508,0,0,1784980927.5711668,-1.045203718363024,-0.14788699686510998,-1.5005087613127819,1784980927.5711985,-0.00849553207337755,0.015154113036312361,-0.023205657754900466,-0.0155852269208591,0.015864386821532222,-0.018387051058828652,1784980927.5712318,0.09788672559601069,0.09609821923654999,1784980927.5550532,17445.134765625,nan,nan,50.35491943359375,nan
33.72230553627014,1784980927.6156025,BSMC,circle,circle_dist_bsmc_30cm_yawfree_p02_manual,1784980927.6141589,-1.0590969717082728,-0.16360943351972485,-1.4733480597496176,0.09507803058778135,0.10393928884176774,1784980927.570327,-1.0596255701590027,-0.16481591467377996,-1.4821217102539532,0.04527544975280762,0,0,1784980927.6104057,-1.0448951786366711,-0.15213998817972185,-1.49624458971244,1784980927.6104414,-0.004232310517519585,0.01506425842836169,-0.018941486154558485,-0.011321621886373107,0.015795075965184202,-0.01412287945848667,1784980927.6104822,0.10295687388047275,0.09771311566363793,1784980927.6048143,17445.18359375,nan,nan,49.790870666503906,nan
33.76283860206604,1784980927.6561356,BSMC,circle,circle_dist_bsmc_30cm_yawfree_p02_manual,1784980927.6141589,-1.0590969717082728,-0.16360943351972485,-1.4733480597496176,0.09507803058778135,0.10393928884176774,1784980927.651885,-1.0585951900624728,-0.1741136665637859,-1.4721483886504902,0.004250526428222656,0,0,1784980927.6507916,-1.0445631396126278,-0.1564595458754258,-1.4919122857115854,1784980927.6508312,-0.00570190999436854,0.015160520806575876,-0.018564225961967825,-0.016186301686613138,0.015702549309463257,-0.01976389706109516,1784980927.6508737,0.10121322332492357,0.09914041505073709,1784980927.6549377,17445.234375,nan,nan,50.14514923095703,nan
33.802730083465576,1784980927.696027,BSMC,circle,circle_dist_bsmc_30cm_yawfree_p02_manual,1784980927.6638691,-1.0585953193370474,-0.16962187713977417,-1.4684695955270943,0.09746042771767555,0.1045219709554896,1784980927.651885,-1.0585951900624728,-0.1741136665637859,-1.4721483886504902,0.04414200782775879,0,0,1784980927.6905763,-1.044216185947736,-0.16073210343770292,-1.4876256608031382,1784980927.6906333,-0.007374469619383034,0.01521199366731552,-0.019156065276043854,-0.011900345508783262,0.015627020438987952,-0.015477272152647934,1784980927.690684,0.0992266896065458,0.10009395329467172,1784980927.6549377,17445.234375,nan,nan,50.14514923095703,nan
33.84258151054382,1784980927.7358785,BSMC,circle,circle_dist_bsmc_30cm_yawfree_p02_manual,1784980927.7136397,-1.0580707871706663,-0.17467315392776736,-1.4628323116637705,0.09961347784903589,0.10609443229917179,1784980927.651885,-1.0585951900624728,-0.1741136665637859,-1.4721483886504902,0.08399343490600586,0,0,1784980927.7305357,-1.043846394176697,-0.16505474377084495,-1.4832872284911256,1784980927.7305796,-0.008029666530283051,0.015177998069776055,-0.02045491682735512,-0.007562300770841081,0.015569286088324115,-0.01113883984063535,1784980927.7306273,0.09844619282070982,0.09996886630462584,1784980927.7075558,17445.28515625,nan,nan,51.673683166503906,nan
33.88235902786255,1784980927.775656,BSMC,circle,circle_dist_bsmc_30cm_yawfree_p02_manual,1784980927.7637458,-1.0575203307301078,-0.17972074929436824,-1.457468632783445,0.10035965732318214,0.10624630869037366,1784980927.7730415,-1.0574098543843795,-0.18676112432336572,-1.4596478346394612,0.0026144981384277344,0,0,1784980927.7702227,-1.0434632424506958,-0.16931720129697858,-1.4790075816176522,1784980927.7702665,-0.008747162615211185,0.015143404109123683,-0.02153894883420726,-0.0157893277953989,0.015795428539572234,-0.019359746978190984,1784980927.7703147,0.09759206692314201,0.09987551217009971,1784980927.7554476,17445.333984375,nan,nan,48.80081558227539,nan
33.92273449897766,1784980927.8160315,BSMC,circle,circle_dist_bsmc_30cm_yawfree_p02_manual,1784980927.8140886,-1.056956521988023,-0.185711935197161,-1.4530677116440232,0.10009164987610956,0.10474092943335185,1784980927.7730415,-1.0574098543843795,-0.18676112432336572,-1.4596478346394612,0.04298996925354004,0,0,1784980927.8101332,-1.0430582432747197,-0.17361542609802144,-1.474690315153419,1784980927.8101735,-0.004430710253203116,0.015059739425079786,-0.017221682369974012,-0.011472703360541377,0.015721170467740374,-0.015042480513957736,1784980927.8102217,0.10272473166272234,0.10151436385059942,1784980927.8091764,17445.388671875,nan,nan,53.69340896606445,nan
33.96410298347473,1784980927.8574,BSMC,circle,circle_dist_bsmc_30cm_yawfree_p02_manual,1784980927.8140886,-1.056956521988023,-0.185711935197161,-1.4530677116440232,0.10009164987610956,0.10474092943335185,1784980927.7730415,-1.0574098543843795,-0.18676112432336572,-1.4596478346394612,0.08435845375061035,0,0,1784980927.8568683,-1.0426252258101683,-0.17800575729635976,-1.4702786778472048,1784980927.856931,-0.005969526733339761,0.015137238141620631,-0.01721096620318163,-0.007061433101161555,0.015664541372564574,-0.010630843207743546,1784980927.8571756,0.10089817642506012,0.10229643595063054,1784980927.8091764,17445.388671875,nan,nan,53.69340896606445,nan
34.00244641304016,1784980927.8957434,BSMC,circle,circle_dist_bsmc_30cm_yawfree_p02_manual,1784980927.8637056,-1.0564081829346175,-0.1912813309549311,-1.448722214299408,0.09970468919954258,0.10400152922662234,1784980927.8595464,-1.056556619395313,-0.19455206451832127,-1.4524984618175687,0.03619694709777832,0,0,1784980927.8913045,-1.0421803577467377,-0.18232276685194174,-1.4659388035796275,1784980927.8913498,-0.007159357730401093,0.015212839223905001,-0.017216589280219408,-0.010447109493497654,0.015719113322070287,-0.013440341762058772,1784980927.8913996,0.09948583657826955,0.10255787387388168,1784980927.8575618,17445.435546875,nan,nan,47.65851974487305,nan
34.043208360672,1784980927.9365053,BSMC,circle,circle_dist_bsmc_30cm_yawfree_p02_manual,1784980927.9136322,-1.0558357679534633,-0.1959821693837246,-1.4443723859356559,0.0973251372761791,0.10090908362013393,1784980927.8595464,-1.056556619395313,-0.19455206451832127,-1.4524984618175687,0.07695889472961426,0,0,1784980927.9303043,-1.04172960676436,-0.18652054978074487,-1.4617168864272225,1784980927.930347,-0.007607497950748805,0.015186573146493866,-0.01734450049156666,-0.00622546642549932,0.01567128266362809,-0.00921842460965383,1784980927.930412,0.09895365542805148,0.1028575001593219,1784980927.910557,17445.486328125,nan,nan,49.905948638916016,nan
34.082552909851074,1784980927.9758499,BSMC,circle,circle_dist_bsmc_30cm_yawfree_p02_manual,1784980927.9660876,-1.055184990587096,-0.2011103221880004,-1.4393873989056478,0.09788670306177498,0.09986575847809841,1784980927.9713511,-1.0546450480438296,-0.20816070583600266,-1.4401316745256088,0.004498720169067383,0,0,1784980927.9706538,-1.0412431276439982,-0.19087455180161836,-1.457335787679969,1784980927.9706914,-0.008320703303002525,0.015162863656653498,-0.017948388774321256,-0.015392619910880735,0.01553994349999501,-0.017204113154360323,1784980927.9707346,0.09810592983471021,0.10361302788008973,1784980927.9576163,17445.537109375,nan,nan,51.0185432434082,nan
34.12238073348999,1784980928.0156777,BSMC,circle,circle_dist_bsmc_30cm_yawfree_p02_manual,1784980928.013864,-1.054466640508762,-0.2070307702346234,-1.4347313693846155,0.10005375990249502,0.10025043478733646,1784980927.9713511,-1.0546450480438296,-0.20816070583600266,-1.4401316745256088,0.0443265438079834,0,0,1784980928.0105734,-1.0407470925514768,-0.19514598629062885,-1.453035644438087,1784980928.0106132,-0.004021099992216422,0.015094931508165573,-0.013648245532439152,-0.011092967230731767,0.015475211459946736,-0.01290396991247822,1784980928.0106597,0.10321689563665003,0.1052534725156738,1784980928.0081146,17445.5859375,nan,nan,50.36272430419922,nan
34.162708044052124,1784980928.056005,BSMC,circle,circle_dist_bsmc_30cm_yawfree_p02_manual,1784980928.013864,-1.054466640508762,-0.2070307702346234,-1.4347313693846155,0.10005375990249502,0.10025043478733646,1784980928.0529451,-1.0538254992769336,-0.2177007340805587,-1.4258664449779586,0.003059864044189453,0,0,1784980928.051534,-1.0402181243538233,-0.1995339625825019,-1.4486158961318127,1784980928.0515733,-0.005494770800947548,0.015133731576696756,-0.013884526747197201,-0.016011093153208537,0.016088416174377704,-0.022749451153854187,1784980928.0516179,0.10146729710203126,0.10634839053750973,1784980928.0081146,17445.5859375,nan,nan,50.36272430419922,nan
34.20240569114685,1784980928.0957026,BSMC,circle,circle_dist_bsmc_30cm_yawfree_p02_manual,1784980928.0648196,-1.0537002902293817,-0.2132297257280656,-1.4285600704343198,0.10107008591688166,0.1016173295744629,1784980928.0529451,-1.0538254992769336,-0.2177007340805587,-1.4258664449779586,0.042757511138916016,0,0,1784980928.090495,-1.0396987255287309,-0.20369183776312527,-1.4444257020018683,1784980928.0905414,-0.00745674750495171,0.015212233154460306,-0.0158656315675485,-0.011821795829581518,0.016001876637732153,-0.018559257023909703,1784980928.0905876,0.0991352482104373,0.105414958586307,1784980928.0577126,17445.63671875,nan,nan,49.71503448486328,nan
34.24272441864014,1784980928.1360214,BSMC,circle,circle_dist_bsmc_30cm_yawfree_p02_manual,1784980928.1142828,-1.0529914626082753,-0.21816180347968595,-1.4235230256246225,0.10085760138158513,0.10163673875308611,1784980928.0529451,-1.0538254992769336,-0.2177007340805587,-1.4258664449779586,0.08307623863220215,0,0,1784980928.1307075,-1.0391433540577388,-0.2079887310152714,-1.440093063261329,1784980928.1307428,-0.008030855466597731,0.015191012944115562,-0.016570037636706392,-0.007489742615900389,0.0159308551975479,-0.014226618283370351,1784980928.1308997,0.09845254832843174,0.10496904013500095,1784980928.1089664,17445.6875,nan,nan,50.693939208984375,nan
34.28298902511597,1784980928.176286,BSMC,circle,circle_dist_bsmc_30cm_yawfree_p02_manual,1784980928.1641624,-1.0522878560866054,-0.22295027554275748,-1.419290031068394,0.09913755546279747,0.09881142698748864,1784980928.172615,-1.051650184928062,-0.23086001223026031,-1.4090477933896395,0.003670930862426758,0,0,1784980928.170785,-1.0385649298334214,-0.21231586210470427,-1.4357274397872077,1784980928.1708236,-0.008441429913295075,0.015170751963587662,-0.016437408718813717,-0.01619479312196875,0.015900883010311413,-0.026679646397568254,1784980928.1708655,0.09796543284753276,0.10571182926345396,1784980928.15701,17445.736328125,nan,nan,48.40892791748047,nan
34.32247734069824,1784980928.2157743,BSMC,circle,circle_dist_bsmc_30cm_yawfree_p02_manual,1784980928.2138243,-1.0513789442796035,-0.2290230447907287,-1.4122868987650308,0.09978593003288552,0.10105104247455256,1784980928.172615,-1.051650184928062,-0.23086001223026031,-1.4090477933896395,0.04315924644470215,0,0,1784980928.2108996,-1.0379749877187925,-0.21658792352291872,-1.431414833929358,1784980928.2109373,-0.00412926716758707,0.015109165324311334,-0.012124802860963957,-0.011883487328589392,0.015795134177774305,-0.022367040539718497,1784980928.2109857,0.10309062138373,0.10736046025131231,1784980928.2106147,17445.787109375,nan,nan,50.88786315917969,nan
34.36229372024536,1784980928.2555907,BSMC,circle,circle_dist_bsmc_30cm_yawfree_p02_manual,1784980928.2138243,-1.0513789442796035,-0.2290230447907287,-1.4122868987650308,0.09978593003288552,0.10105104247455256,1784980928.2543132,-1.0503429469843106,-0.23931881182231662,-1.400499773345284,0.0012774467468261719,0,0,1784980928.250545,-1.0373711070022495,-0.2208264381119456,-1.4271335133574594,1784980928.2505925,-0.005882763202842109,0.015126035942532562,-0.014846614592428642,-0.016026475585309473,0.01591818451575741,-0.026633740012175444,1784980928.2506433,0.10100525751075887,0.1052786896836962,1784980928.2106147,17445.787109375,nan,nan,50.88786315917969,nan
34.403735876083374,1784980928.2970328,BSMC,circle,circle_dist_bsmc_30cm_yawfree_p02_manual,1784980928.2639542,-1.050449723816889,-0.235076684996095,-1.4052361097126946,0.10130515352113655,0.10442375732173818,1784980928.2543132,-1.0503429469843106,-0.23931881182231662,-1.400499773345284,0.04271960258483887,0,0,1784980928.2905633,-1.0367446555676305,-0.22509204946169648,-1.4228221434615238,1784980928.2906058,-0.007589444872575336,0.015163184658829034,-0.017586033748829166,-0.011716400595937638,0.01581266118634136,-0.022322370116239835,1784980928.2906501,0.0989746288631776,0.10310743290365772,1784980928.259081,17445.8359375,nan,nan,49.879215240478516,nan
34.442519664764404,1784980928.3358166,BSMC,circle,circle_dist_bsmc_30cm_yawfree_p02_manual,1784980928.3139036,-1.0495912460630141,-0.24017381578653088,-1.399500658238409,0.10231742778172487,0.10630812439550906,1784980928.2543132,-1.0503429469843106,-0.23931881182231662,-1.400499773345284,0.08150339126586914,0,0,1784980928.330445,-1.0361011474177662,-0.22934626689453855,-1.4185195282958143,1784980928.3304923,-0.008369573454868039,0.015138322781952228,-0.019018870057405213,-0.007414664025023795,0.015725878818883116,-0.01801975495053032,1784980928.3305404,0.09804578415725618,0.1020211266093992,1784980928.3101873,17445.88671875,nan,nan,51.03811264038086,nan
34.48238158226013,1784980928.3756785,BSMC,circle,circle_dist_bsmc_30cm_yawfree_p02_manual,1784980928.3635912,-1.048715253120853,-0.24522213990094444,-1.3941386160285516,0.10267991351919915,0.10657683384363412,1784980928.3724334,-1.048678082136801,-0.2507460143610606,-1.3870216779204438,0.003245115280151367,0,0,1784980928.3711689,-1.035420927815625,-0.23371426548910465,-1.4140988787673108,1784980928.3712099,-0.008992423780834341,0.015109817118211178,-0.01996026273875917,-0.014322311468323405,0.016146330993051558,-0.027077200846866937,1784980928.371253,0.09730447943365061,0.10168526381182368,1784980928.35896,17445.9375,nan,nan,50.27823257446289,nan
34.52271604537964,1784980928.416013,BSMC,circle,circle_dist_bsmc_30cm_yawfree_p02_manual,1784980928.4139838,-1.047780690696444,-0.2509766380423745,-1.38806893300093,0.10190537525462931,0.10562625316347869,1784980928.3724334,-1.048678082136801,-0.2507460143610606,-1.3870216779204438,0.0435795783996582,0,0,1784980928.4102836,-1.034750700766724,-0.23789886179958192,-1.4098609456084363,1784980928.4103198,-0.004755168267132508,0.015034210965406887,-0.01572232957988473,-0.010085701344144148,0.01604057072432902,-0.02283926768799249,1784980928.4103594,0.10234226719291754,0.1032974294856443,1784980928.4080613,17445.986328125,nan,nan,48.83606719970703,nan
34.56251502037048,1784980928.455812,BSMC,circle,circle_dist_bsmc_30cm_yawfree_p02_manual,1784980928.4139838,-1.047780690696444,-0.2509766380423745,-1.38806893300093,0.10190537525462931,0.10562625316347869,1784980928.4516842,-1.0470700563753448,-0.2589321539199735,-1.3799075056198187,0.0041277408599853516,0,0,1784980928.4503982,-1.0340485674253788,-0.24216561458927766,-1.4055368041060554,1784980928.4504383,-0.006169040542854042,0.015104578200114589,-0.017467871105125488,-0.013991403129208916,0.01596610954734497,-0.02562929848623674,1784980928.4504821,0.10066087246245681,0.10275844548752476,1784980928.4080613,17445.986328125,nan,nan,48.83606719970703,nan
34.60257172584534,1784980928.4958687,BSMC,circle,circle_dist_bsmc_30cm_yawfree_p02_manual,1784980928.4634488,-1.0468419837685536,-0.25647251477675004,-1.382159703494301,0.10078582737625287,0.10594151619567647,1784980928.4516842,-1.0470700563753448,-0.2589321539199735,-1.3799075056198187,0.04418444633483887,0,0,1784980928.490851,-1.0333206801953438,-0.2464719801021755,-1.4011693524382702,1784980928.4908872,-0.007287620072904059,0.015156745619336283,-0.01900964894396928,-0.009625155259533726,0.01586372160430162,-0.021261846818451557,1784980928.4909272,0.09933008175643195,0.10132545758917388,1784980928.4640708,17446.041015625,nan,nan,54.34206008911133,nan
34.642820835113525,1784980928.5361178,BSMC,circle,circle_dist_bsmc_30cm_yawfree_p02_manual,1784980928.5136647,-1.0459324025920602,-0.26123957981127405,-1.3772663013639856,0.09878967867756354,0.10439147404827818,1784980928.4516842,-1.0470700563753448,-0.2589321539199735,-1.3799075056198187,0.08443355560302734,0,0,1784980928.5307224,-1.0325857313005145,-0.25070832579117514,-1.3968697241805181,1784980928.5307631,-0.00776776266144504,0.015122923296634207,-0.01960342281653249,-0.005326315551369527,0.015781552034341003,-0.016962218560699464,1784980928.530808,0.09875891449937464,0.10073519520229111,1784980928.5077198,17446.0859375,nan,nan,45.66008758544922,nan
34.68245887756348,1784980928.5757558,BSMC,circle,circle_dist_bsmc_30cm_yawfree_p02_manual,1784980928.5639462,-1.044977682904851,-0.26611102289094807,-1.3720206988845547,0.09878967867756354,0.10439147404827818,1784980928.5729604,-1.0447907402517072,-0.27255565081332,-1.3634018026856565,0.0027954578399658203,0,0,1784980928.5701401,-1.031838065678601,-0.25491098661791906,-1.3926010722182378,1784980928.57018,-0.00838482743596515,0.015092548566713802,-0.020580373333683122,-0.014599454306289658,0.016308337963257147,-0.02919926953258134,1784980928.5702255,0.0980243388453865,0.10032044755203443,1784980928.5636854,17446.142578125,nan,nan,55.88689041137695,nan
34.72271490097046,1784980928.6160119,BSMC,circle,circle_dist_bsmc_30cm_yawfree_p02_manual,1784980928.6143172,-1.0438699546580528,-0.2720935943601878,-1.3647037471880663,0.10077419340625592,0.10752140203781103,1784980928.5729604,-1.0447907402517072,-0.27255565081332,-1.3634018026856565,0.04305148124694824,0,0,1784980928.61045,-1.0310578164433792,-0.25918980076497866,-1.3882516964934457,1784980928.6104875,-0.004036191835412743,0.015012499908075289,-0.016230997608891018,-0.010251670147281063,0.01619081230301408,-0.024849893807789233,1784980928.610577,0.1031948145583752,0.10197371717943307,1784980928.6087484,17446.1875,nan,nan,45.07986831665039,nan
34.76254177093506,1784980928.6558387,BSMC,circle,circle_dist_bsmc_30cm_yawfree_p02_manual,1784980928.6143172,-1.0438699546580528,-0.2720935943601878,-1.3647037471880663,0.10077419340625592,0.10752140203781103,1784980928.6523142,-1.0433861056855118,-0.2809255550041123,-1.35353192619901,0.0035245418548583984,0,0,1784980928.650644,-1.0302614666315502,-0.2634519485127634,-1.383915787603675,1784980928.6506822,-0.005673974594979719,0.01508890326085026,-0.019212040415608644,-0.014233679756601106,0.01658268478557713,-0.03038386140466498,1784980928.6507225,0.10124506123398219,0.10027889714967149,1784980928.6087484,17446.1875,nan,nan,45.07986831665039,nan
34.80274248123169,1784980928.6960394,BSMC,circle,circle_dist_bsmc_30cm_yawfree_p02_manual,1784980928.6642196,-1.0428083754471673,-0.27783805293935915,-1.3578007450733276,0.1012873289319727,0.10954659894651551,1784980928.6523142,-1.0433861056855118,-0.2809255550041123,-1.35353192619901,0.04372525215148926,0,0,1784980928.6906147,-1.0294503190806839,-0.26769161806964054,-1.3795992163680177,1784980928.690654,-0.007093403839589708,0.015201033926154007,-0.021798471294690147,-0.009918831226433621,0.016460863348634065,-0.026067290169007776,1784980928.6906967,0.09955447129750221,0.09854016843561901,1784980928.6674094,17446.24609375,nan,nan,58.18214797973633,nan
34.84257745742798,1784980928.7358744,BSMC,circle,circle_dist_bsmc_30cm_yawfree_p02_manual,1784980928.71409,-1.0417357693156353,-0.28279897382706903,-1.3526642034674927,0.10129281155173968,0.10836333583807062,1784980928.6523142,-1.0433861056855118,-0.2809255550041123,-1.35353192619901,0.08356022834777832,0,0,1784980928.730684,-1.0286164610145945,-0.27195005008539075,-1.375259908582984,1784980928.730717,-0.007752738724831871,0.015156201335262113,-0.02259570511549125,-0.005580765868804355,0.01635717410094851,-0.021727982383974,1784980928.7307537,0.0987699297486115,0.09883955305834578,1784980928.7097025,17446.2890625,nan,nan,42.76817321777344,nan
34.882386207580566,1784980928.7756832,BSMC,circle,circle_dist_bsmc_30cm_yawfree_p02_manual,1784980928.7637663,-1.040647657081242,-0.28770792155841374,-1.347285131457415,0.10129281155173968,0.10836333583807062,1784980928.772027,-1.0404926582523237,-0.29349136610318743,-1.3442556593751034,0.003656148910522461,0,0,1784980928.7706025,-1.0277802536179954,-0.2761252268498526,-1.3710018137953865,1784980928.7706482,-0.008442455137577354,0.015114689538581128,-0.023716682337971532,-0.014067113914273656,0.016288165344076,-0.026746154420283164,1784980928.7706962,0.09794843320026053,0.09835679737532223,1784980928.7707675,17446.34765625,nan,nan,59.00659942626953,nan
34.92279243469238,1784980928.8160894,BSMC,circle,circle_dist_bsmc_30cm_yawfree_p02_manual,1784980928.8142002,-1.039561578807721,-0.29315220356417154,-1.34248285663688,0.09848615501006262,0.10499255016360456,1784980928.772027,-1.0404926582523237,-0.29349136610318743,-1.3442556593751034,0.04406237602233887,0,0,1784980928.8105478,-1.0269069495678735,-0.28039017534073274,-1.3666483696959608,1784980928.81059,-0.004090024369649439,0.015020923850748918,-0.0193632382385458,-0.00971498717908385,0.016181214539187413,-0.022392710320857434,1784980928.810637,0.10312489521607687,0.10000443298380585,1784980928.81072,17446.38671875,nan,nan,40.000179290771484,nan
34.96327590942383,1784980928.8565729,BSMC,circle,circle_dist_bsmc_30cm_yawfree_p02_manual,1784980928.8142002,-1.039561578807721,-0.29315220356417154,-1.34248285663688,0.09848615501006262,0.10499255016360456,1784980928.772027,-1.0404926582523237,-0.29349136610318743,-1.3442556593751034,0.08454585075378418,0,0,1784980928.8506641,-1.0260207466581208,-0.2846245280593087,-1.3623222712538825,1784980928.8507094,-0.005241612706238607,0.015119552938419921,-0.01983941461700245,-0.005389777284112846,0.01609370507106617,-0.018066611878779115,1784980928.850758,0.1017569518867317,0.1001142634958569,1784980928.81072,17446.38671875,nan,nan,40.000179290771484,nan
35.00257110595703,1784980928.895868,BSMC,circle,circle_dist_bsmc_30cm_yawfree_p02_manual,1784980928.8641756,-1.0384082643683896,-0.29865433536209673,-1.3366719422060278,0.09894092525022401,0.10574693162585187,1784980928.8627813,-1.038503822306901,-0.30208410300755106,-1.3347252395753497,0.03308677673339844,0,0,1784980928.8914466,-1.025099301696919,-0.28893335588824487,-1.3579160155318368,1784980928.8914845,-0.006368206059668525,0.015201048677747506,-0.02124407332580902,-0.009650893511773638,0.016108493939651136,-0.02319077595648711,1784980928.8915277,0.10041656954854604,0.09947695983259086,1784980928.8748667,17446.453125,nan,nan,65.55426025390625,nan
35.04282546043396,1784980928.9361224,BSMC,circle,circle_dist_bsmc_30cm_yawfree_p02_manual,1784980928.9139602,-1.0372637429905958,-0.3034482120975826,-1.331849396859977,0.09922398604010033,0.10423262452404047,1784980928.8627813,-1.038503822306901,-0.30208410300755106,-1.3347252395753497,0.07334113121032715,0,0,1784980928.9307106,-1.0242000064266288,-0.2930517124549121,-1.3537006129286875,1784980928.9307487,-0.007009191687295874,0.01515320592229636,-0.021851216068710544,-0.005436430859190244,0.016019626941516832,-0.01897537335333777,1784980928.9307938,0.09965430680832812,0.10024778692178307,1784980928.9103997,17446.48828125,nan,nan,35.53901290893555,nan
35.082762002944946,1784980928.976059,BSMC,circle,circle_dist_bsmc_30cm_yawfree_p02_manual,1784980928.96398,-1.036089971733317,-0.30826663219521366,-1.326639733832518,0.09922398604010033,0.10423262452404047,1784980928.9727383,-1.0356976359830519,-0.31456645995948296,-1.3275296417563611,0.0033206939697265625,0,0,1784980928.9706461,-1.0232551009855848,-0.2972917954694685,-1.349356515791236,1784980928.970682,-0.007546663903668689,0.015107243699392009,-0.022716781958717958,-0.013768946098345163,0.01623720523201653,-0.021826874034874818,1784980928.9707222,0.09901424432686076,0.09986250094531228,1784980928.97401,17446.552734375,nan,nan,64.1494369506836,nan
35.122690200805664,1784980929.0159872,BSMC,circle,circle_dist_bsmc_30cm_yawfree_p02_manual,1784980929.0138538,-1.0347672638971663,-0.31428106752482715,-1.3218782450251108,0.1020265146096076,0.1037552156315911,1784980928.9727383,-1.0356976359830519,-0.31456645995948296,-1.3275296417563611,0.043248891830444336,0,0,1784980929.0101802,-1.0223084879533944,-0.30145500587171303,-1.345087039854347,1784980929.0102165,-0.0032780954957508453,0.01501937542869259,-0.01844730602182909,-0.009500301185983915,0.016153135628458427,-0.017557398097985955,1784980929.010256,0.10409052480029472,0.10148051115831373,1784980929.010326,17446.587890625,nan,nan,35.79481506347656,nan
35.16239595413208,1784980929.055693,BSMC,circle,circle_dist_bsmc_30cm_yawfree_p02_manual,1784980929.0138538,-1.0347672638971663,-0.31428106752482715,-1.3218782450251108,0.1020265146096076,0.1037552156315911,1784980929.0516276,-1.0336947437894277,-0.32296829896772583,-1.3182450880639716,0.004065275192260742,0,0,1784980929.050309,-1.0213311176318283,-0.3056696191325207,-1.3407605809233767,1784980929.050355,-0.005035970523094853,0.015143515799425007,-0.01888233589826593,-0.013660570487869058,0.016293937208414978,-0.02251549285940513,1784980929.050403,0.10200305026024682,0.10344843736177158,1784980929.010326,17446.587890625,nan,nan,35.79481506347656,nan
35.202632904052734,1784980929.0959299,BSMC,circle,circle_dist_bsmc_30cm_yawfree_p02_manual,1784980929.064394,-1.0334451636407986,-0.32007760241537053,-1.3167468051714166,0.10250240101964134,0.10364116259777024,1784980929.0516276,-1.0336947437894277,-0.32296829896772583,-1.3182450880639716,0.04430222511291504,0,0,1784980929.0904841,-1.020332783461937,-0.30989143513628004,-1.336422328855811,1784980929.0905268,-0.006563741735591157,0.015251551141476688,-0.0196755236843944,-0.009323219753787092,0.016205675699649428,-0.018177240791839466,1784980929.090573,0.10018793441770306,0.10359630747133937,1784980929.0771806,17446.65625,nan,nan,67.36627197265625,nan
35.24273180961609,1784980929.1360288,BSMC,circle,circle_dist_bsmc_30cm_yawfree_p02_manual,1784980929.1138008,-1.0322192869121722,-0.32478212439235693,-1.3119571719800864,0.10056359946721315,0.10239581981445774,1784980929.0516276,-1.0336947437894277,-0.32296829896772583,-1.3182450880639716,0.08440113067626953,0,0,1784980929.1304479,-1.0193183900328124,-0.31409964836257276,-1.3320935782454593,1784980929.130486,-0.007024523943380151,0.0152054101486171,-0.020136406265372834,-0.00499502748232988,0.016136363014706796,-0.013848490181487707,1784980929.1305304,0.09963999517674878,0.10292313057009236,1784980929.1097584,17446.689453125,nan,nan,32.72132110595703,nan
35.2828209400177,1784980929.176118,BSMC,circle,circle_dist_bsmc_30cm_yawfree_p02_manual,1784980929.1637688,-1.0309453542843223,-0.32959016132129937,-1.3068770678881652,0.10008231005082686,0.10227268554666935,1784980929.1718163,-1.030301114339634,-0.3361267695419804,-1.3045647855666598,0.004301548004150391,0,0,1784980929.1701531,-1.0182929835003187,-0.31827441470502266,-1.3277947224639048,1784980929.1701868,-0.0076233641884741405,0.015166177052559288,-0.020917654575739686,-0.014064091748431847,0.01628198706455855,-0.023229936897245063,1784980929.1702237,0.09892743996304755,0.10234885918705221,1784980929.1610582,17446.740234375,nan,nan,51.06224822998047,nan
35.32232999801636,1784980929.215627,BSMC,circle,circle_dist_bsmc_30cm_yawfree_p02_manual,1784980929.2135766,-1.0295004101686203,-0.3354611556812538,-1.301198159900741,0.10147024853221581,0.10367989867491784,1784980929.1718163,-1.030301114339634,-0.3361267695419804,-1.3045647855666598,0.04381060600280762,0,0,1784980929.21016,-1.0172469609114054,-0.3224553448752598,-1.3234849232695682,1784980929.2101998,-0.0033143269197411385,0.015085318153321448,-0.01660785538140308,-0.0097552529675864,0.016191164679662255,-0.018920137702908454,1784980929.2102425,0.10405099996215134,0.10398627605386378,1784980929.210559,17446.7890625,nan,nan,49.797088623046875,nan
35.362587690353394,1784980929.2558846,BSMC,circle,circle_dist_bsmc_30cm_yawfree_p02_manual,1784980929.2135766,-1.0295004101686203,-0.3354611556812538,-1.301198159900741,0.10147024853221581,0.10367989867491784,1784980929.2524664,-1.0279870078826603,-0.3447104133646757,-1.2961722040841988,0.0034182071685791016,0,0,1784980929.2502754,-1.0161775565685751,-0.32665262637544684,-1.3191535462401502,1784980929.2503169,-0.004941883624936859,0.015187705646906536,-0.017955386339409296,-0.014178563120739505,0.016263922009137823,-0.02298134215595149,1784980929.2503643,0.10211657522639667,0.10355130744118195,1784980929.210559,17446.7890625,nan,nan,49.797088623046875,nan
35.40317225456238,1784980929.2964692,BSMC,circle,circle_dist_bsmc_30cm_yawfree_p02_manual,1784980929.264018,-1.0280259240692473,-0.34127824183107847,-1.2957915852275013,0.10201910403952084,0.10393239463766847,1784980929.2524664,-1.0279870078826603,-0.3447104133646757,-1.2961722040841988,0.04400277137756348,0,0,1784980929.2902796,-1.015090673356952,-0.33084259603995914,-1.3148248986266238,1784980929.2903163,-0.006530928287865405,0.015283009839897433,-0.019033313399122512,-0.009850856757997422,0.01617381905067882,-0.01865269454242502,1784980929.2903636,0.10022822629384164,0.10339645882730754,1784980929.2858467,17446.865234375,nan,nan,75.11285400390625,nan
35.44277238845825,1784980929.3360693,BSMC,circle,circle_dist_bsmc_30cm_yawfree_p02_manual,1784980929.3140163,-1.026618658452911,-0.3462329002675985,-1.290343758246331,0.10240821675812406,0.10480650172468213,1784980929.2524664,-1.0279870078826603,-0.3447104133646757,-1.2961722040841988,0.0836029052734375,0,0,1784980929.3299658,-1.0139955967658547,-0.3349905237392956,-1.3105348490737063,1784980929.3300061,-0.00730919555286124,0.01524166581215436,-0.020191090827375247,-0.005561395007236464,0.01610300360002841,-0.014362644989507567,1784980929.3300471,0.09930197089862233,0.1026102115286702,1784980929.3156323,17446.89453125,nan,nan,29.934328079223633,nan
35.48286485671997,1784980929.3761618,BSMC,circle,circle_dist_bsmc_30cm_yawfree_p02_manual,1784980929.363638,-1.0253311633929634,-0.3507019506195956,-1.2854985076037235,0.09861994858581596,0.1034741091112157,1784980929.3712049,-1.024534352393268,-0.3571674090092948,-1.2837070916936872,0.004956960678100586,0,0,1784980929.3704836,-1.0128610861981986,-0.33921361809668643,-1.3061620158217535,1784980929.3705182,-0.007514330736679875,0.015199323767198097,-0.02066350821802998,-0.013913557925054387,0.016279332224042962,-0.022454924128066267,1784980929.3705568,0.09905743328507381,0.10082765004977179,1784980929.3619337,17446.94140625,nan,nan,46.11407470703125,nan
35.52242350578308,1784980929.4157205,BSMC,circle,circle_dist_bsmc_30cm_yawfree_p02_manual,1784980929.4140503,-1.023793399109737,-0.3564401295986517,-1.2800885173091299,0.0990910805313375,0.10373653083033887,1784980929.3712049,-1.024534352393268,-0.3571674090092948,-1.2837070916936872,0.04451560974121094,0,0,1784980929.4103997,-1.0117276483388018,-0.34336086510126396,-1.3018626708052745,1784980929.4104357,-0.003215725836154576,0.015119731008286716,-0.016364163201550985,-0.009615102505664632,0.01619203900775392,-0.018155579111587272,1784980929.410473,0.10416847331995978,0.10246165776009142,1784980929.3619337,17446.94140625,nan,nan,46.11407470703125,nan
35.56233501434326,1784980929.455632,BSMC,circle,circle_dist_bsmc_30cm_yawfree_p02_manual,1784980929.4140503,-1.023793399109737,-0.3564401295986517,-1.2800885173091299,0.0990910805313375,0.10373653083033887,1784980929.4542139,-1.0218585899098396,-0.3659383291890544,-1.2755026951219879,0.0014181137084960938,0,0,1784980929.4506724,-1.010563375244458,-0.34754963960197344,-1.29751509752494,1784980929.4507113,-0.004725328891198727,0.015223193184312178,-0.017426580215810224,-0.014305624743960823,0.016157811725355794,-0.022012402402952214,1784980929.4507515,0.10237463599346246,0.10227135979746454,1784980929.4158742,17446.994140625,nan,nan,54.08955764770508,nan
35.60244083404541,1784980929.4957378,BSMC,circle,circle_dist_bsmc_30cm_yawfree_p02_manual,1784980929.4638112,-1.0222743390058464,-0.36191542105189384,-1.2750424776968925,0.0981128950488646,0.10324645420131878,1784980929.4542139,-1.0218585899098396,-0.3659383291890544,-1.2755026951219879,0.04152393341064453,0,0,1784980929.490569,-1.009397012223972,-0.35167677786745305,-1.2932263096831422,1784980929.4907153,-0.006040869696669072,0.015302393689006396,-0.018183831986249732,-0.010017686633870258,0.016072607723240196,-0.017723614561154344,1784980929.4907854,0.10081163296776796,0.10172082854252326,1784980929.4613895,17447.041015625,nan,nan,45.41558837890625,nan
35.642629861831665,1784980929.5359268,BSMC,circle,circle_dist_bsmc_30cm_yawfree_p02_manual,1784980929.5136409,-1.020831195183742,-0.3666356736107787,-1.2694719509742578,0.09858535499223164,0.10481391109649327,1784980929.4542139,-1.0218585899098396,-0.3659383291890544,-1.2755026951219879,0.08171296119689941,0,0,1784980929.5304396,-1.008202574103275,-0.35583473877462407,-1.2889001854918585,1784980929.5304768,-0.006566303374453759,0.015265186658652913,-0.019428234517600673,-0.005692089549088507,0.0160052936098301,-0.01339749036987059,1784980929.5305176,0.10018541589563554,0.10056711587484136,1784980929.511683,17447.08984375,nan,nan,50.12800216674805,nan
35.68258571624756,1784980929.5758827,BSMC,circle,circle_dist_bsmc_30cm_yawfree_p02_manual,1784980929.5639195,-1.0193190237697027,-0.37149776655641076,-1.2641104817913427,0.09989217224310468,0.10512693955746633,1784980929.5730343,-1.0180625043135432,-0.3782750326152976,-1.263889357468609,0.002848386764526367,0,0,1784980929.570434,-1.0069907554802802,-0.35998546796481273,-1.284576172735511,1784980929.5704746,-0.007253213367186093,0.015228595264441334,-0.020465690944168283,-0.014090036686201412,0.01607988381527133,-0.020686815266901967,1784980929.570516,0.09936781891926293,0.10074678184614519,1784980929.5613143,17447.140625,nan,nan,49.830284118652344,nan
35.72238779067993,1784980929.6156847,BSMC,circle,circle_dist_bsmc_30cm_yawfree_p02_manual,1784980929.6137805,-1.0176203137057955,-0.3772919091318164,-1.259712853759404,0.10079803523291922,0.10253004366988275,1784980929.5730343,-1.0180625043135432,-0.3782750326152976,-1.263889357468609,0.042650461196899414,0,0,1784980929.611507,-1.0057368686088948,-0.3642116130324652,-1.2801679343245616,1784980929.6115608,-0.00284571354521949,0.015148098441894322,-0.016057452533218886,-0.00968255477179451,0.015998412389287165,-0.016278576855952576,1784980929.6116204,0.10460821486477237,0.10242276007353966,1784980929.6126602,17447.19140625,nan,nan,51.408512115478516,nan
35.762630462646484,1784980929.6559274,BSMC,circle,circle_dist_bsmc_30cm_yawfree_p02_manual,1784980929.6137805,-1.0176203137057955,-0.3772919091318164,-1.259712853759404,0.10079803523291922,0.10253004366988275,1784980929.6524317,-1.0155006783514253,-0.3863828029759362,-1.256113080846788,0.0034956932067871094,0,0,1784980929.6503336,-1.004520148779152,-0.36824856752824703,-1.2759516047499757,1784980929.6503804,-0.004599450492908474,0.015239468613681887,-0.016238750990571704,-0.013845102384620044,0.01605414790386535,-0.019838523903187744,1784980929.65043,0.10252621293800583,0.104559280004541,1784980929.6126602,17447.19140625,nan,nan,51.408512115478516,nan
35.80289649963379,1784980929.6961935,BSMC,circle,circle_dist_bsmc_30cm_yawfree_p02_manual,1784980929.6638675,-1.015904120262453,-0.38297045646408595,-1.254701077138569,0.10134692121222336,0.10239491648130249,1784980929.6524317,-1.0155006783514253,-0.3863828029759362,-1.256113080846788,0.0437617301940918,0,0,1784980929.6902719,-1.003258291879224,-0.372371570240981,-1.2716398228667372,1784980929.6903112,-0.006142727690899397,0.01531405436792817,-0.016938745728168225,-0.009533997917687139,0.015977908279663913,-0.015526742019949191,1784980929.6903539,0.10069308886158607,0.10477811965314819,1784980929.6640584,17447.2421875,nan,nan,50.97423553466797,nan
35.842737913131714,1784980929.7360349,BSMC,circle,circle_dist_bsmc_30cm_yawfree_p02_manual,1784980929.7136009,-1.0142495427575269,-0.38799566278021325,-1.2485446176210413,0.10331587429123915,0.10616946833293527,1784980929.6524317,-1.0155006783514253,-0.3863828029759362,-1.256113080846788,0.0836031436920166,0,0,1784980929.7307742,-1.0019663108008916,-0.3765285571600699,-1.267286687757789,1784980929.730837,-0.006986694498610077,0.01528261753061697,-0.01874207013674778,-0.005181254163244399,0.015919794938639167,-0.01117360691100111,1784980929.7308822,0.09968782586496332,0.10295944351580294,1784980929.7118626,17447.291015625,nan,nan,48.168609619140625,nan
35.882453203201294,1784980929.7757502,BSMC,circle,circle_dist_bsmc_30cm_yawfree_p02_manual,1784980929.7641225,-1.0125864249751022,-0.39295939500662724,-1.2427757902854273,0.10344163663675845,0.1075508124489934,1784980929.773734,-1.0117422691757674,-0.3991981810426114,-1.2417550155429735,0.0020160675048828125,0,0,1784980929.7701194,-1.0006797446340512,-0.38060596947057135,-1.2630111092589484,1784980929.770166,-0.007858792525932547,0.01525173889276877,-0.020235318973521155,-0.014020088073347883,0.01647685985833288,-0.021256093715974922,1784980929.7702155,0.09864950274696259,0.10160637875838041,1784980929.7628,17447.341796875,nan,nan,51.02950668334961,nan
35.9223849773407,1784980929.815682,BSMC,circle,circle_dist_bsmc_30cm_yawfree_p02_manual,1784980929.8136506,-1.0108322122704343,-0.39862477067177865,-1.2374111284997344,0.10305977356907482,0.1078654038107079,1784980929.773734,-1.0117422691757674,-0.3991981810426114,-1.2417550155429735,0.04194784164428711,0,0,1784980929.8105826,-0.9993481786368634,-0.38476331798850294,-1.2586457175276868,1784980929.810622,-0.0034941155754982522,0.015172936464111959,-0.01586992724225955,-0.009655493836383628,0.016393602119515144,-0.01689070198471332,1784980929.8106627,0.10383888494942306,0.10326654646393692,1784980929.812215,17447.390625,nan,nan,49.444942474365234,nan
35.96279239654541,1784980929.8560894,BSMC,circle,circle_dist_bsmc_30cm_yawfree_p02_manual,1784980929.8136506,-1.0108322122704343,-0.39862477067177865,-1.2374111284997344,0.10305977356907482,0.1078654038107079,1784980929.773734,-1.0117422691757674,-0.3991981810426114,-1.2417550155429735,0.08235526084899902,0,0,1784980929.850597,-0.9980147773927083,-0.38886504143336587,-1.2543326996825324,1784980929.8506348,-0.005027933406197672,0.015305516564778802,-0.016921571182797912,-0.0053429474957877275,0.016330055630504436,-0.012577684139558842,1784980929.850674,0.10201638107894652,0.10255822783449216,1784980929.812215,17447.390625,nan,nan,49.444942474365234,nan
36.00282597541809,1784980929.896123,BSMC,circle,circle_dist_bsmc_30cm_yawfree_p02_manual,1784980929.864316,-1.009035567055456,-0.40431029763778464,-1.232137460778571,0.10354106423984491,0.107638892740087,1784980929.8629227,-1.008814628756396,-0.4079948450536832,-1.232730673047832,0.03320026397705078,0,0,1784980929.8907073,-0.9966550103017531,-0.3929871219067209,-1.2499921301863781,1784980929.890749,-0.006566932769748009,0.01543916734043066,-0.017854669407807222,-0.010125361937015335,0.01644886381069527,-0.0172614571385461,1784980929.890794,0.10018783664176205,0.10272824441616904,1784980929.863543,17447.443359375,nan,nan,51.29951095581055,nan
36.04265356063843,1784980929.9359505,BSMC,circle,circle_dist_bsmc_30cm_yawfree_p02_manual,1784980929.9136775,-1.0074146668516293,-0.40890793375164974,-1.2269787112542139,0.10180658795269458,0.10712738150287222,1784980929.8629227,-1.008814628756396,-0.4079948450536832,-1.232730673047832,0.0730278491973877,0,0,1784980929.930205,-0.9952965028910892,-0.3970464818821965,-1.2457114790938484,1784980929.9302402,-0.007082420636562578,0.015407246871283713,-0.018732767839634512,-0.005845203485543252,0.01638413803828678,-0.01298080604601637,1784980929.9302773,0.09957421776262437,0.10160040890436292,1784980929.914961,17447.494140625,nan,nan,51.4753532409668,nan
36.08236289024353,1784980929.9756598,BSMC,circle,circle_dist_bsmc_30cm_yawfree_p02_manual,1784980929.963663,-1.005763864343604,-0.41351540679831755,-1.2217477392364422,0.10044700186246615,0.10673446423209845,1784980929.9722974,-1.004622796473362,-0.4198998366094206,-1.2202816447890619,0.003362417221069336,0,0,1784980929.9704688,-0.9938996500643518,-0.4011613644669355,-1.2413659657500375,1784980929.9705088,-0.007551467546016508,0.015373915580978424,-0.01961822651359535,-0.01391697273853574,0.016505577146486358,-0.021084320960975678,1784980929.9705527,0.09901562544962554,0.10062116354337797,1784980929.9630144,17447.541015625,nan,nan,47.92185592651367,nan
36.1230366230011,1784980930.0163336,BSMC,circle,circle_dist_bsmc_30cm_yawfree_p02_manual,1784980930.0138617,-1.0039404094139872,-0.4189779599261841,-1.2170183119700326,0.0991909056454097,0.10442030223095518,1784980929.9722974,-1.004622796473362,-0.4198998366094206,-1.2202816447890619,0.044036149978637695,0,0,1784980930.0107617,-0.9924880925754433,-0.40526101510100787,-1.2370301083586794,1784980930.0108116,-0.0032162736959898373,0.015298257477418463,-0.015282369122237238,-0.009581894469498232,0.016423563322882452,-0.016748463569617567,1784980930.0108552,0.10416967162479168,0.10227147160719928,1784980929.9630144,17447.541015625,nan,nan,47.92185592651367,nan
36.16274356842041,1784980930.0560405,BSMC,circle,circle_dist_bsmc_30cm_yawfree_p02_manual,1784980930.0138617,-1.0039404094139872,-0.4189779599261841,-1.2170183119700326,0.0991909056454097,0.10442030223095518,1784980930.0522668,-1.0018875694980516,-0.4285060883130197,-1.2092327456866383,0.0037736892700195312,0,0,1784980930.0501597,-0.9910841538217215,-0.4092823117802118,-1.2327707776091688,1784980930.0501974,-0.0046412252078435,0.015419076800970807,-0.015752465639136126,-0.014159291271947459,0.016905083411064878,-0.023538031922530456,1784980930.0502367,0.10247746638598798,0.10276406533914542,1784980930.016789,17447.595703125,nan,nan,53.89064025878906,nan
36.203205823898315,1784980930.0965028,BSMC,circle,circle_dist_bsmc_30cm_yawfree_p02_manual,1784980930.0639448,-1.0019753343769568,-0.42476161096067044,-1.2108595183538058,0.10122824448941484,0.10598630686266143,1784980930.0522668,-1.0018875694980516,-0.4285060883130197,-1.2092327456866383,0.044235944747924805,0,0,1784980930.0909286,-0.9896135855001341,-0.41343652401914865,-1.2283639554045787,1784980930.09097,-0.006245370464937652,0.01555846320438943,-0.01750443705077287,-0.009753475512291304,0.016811072738507203,-0.019131209717940356,1784980930.091019,0.10057019979350458,0.10253459586907712,1784980930.0656562,17447.64453125,nan,nan,48.8111457824707,nan
36.24252200126648,1784980930.135819,BSMC,circle,circle_dist_bsmc_30cm_yawfree_p02_manual,1784980930.114476,-1.0000571099837021,-0.4298543655362999,-1.2052389009417723,0.10357505012921796,0.10687433370510045,1784980930.0522668,-1.0018875694980516,-0.4285060883130197,-1.2092327456866383,0.08355212211608887,0,0,1784980930.13017,-0.9881783591395235,-0.41743579199231357,-1.2241149500868904,1784980930.1302087,-0.007351715471319883,0.01553312493074812,-0.01887604914511809,-0.005505087841488559,0.016738814687429597,-0.01488220440025212,1784980930.1302514,0.09925427382433513,0.10287669118725677,1784980930.1196508,17447.69921875,nan,nan,53.95899963378906,nan
36.28236222267151,1784980930.1756592,BSMC,circle,circle_dist_bsmc_30cm_yawfree_p02_manual,1784980930.1637669,-0.9982574030038938,-0.43458469856463183,-1.2009711394575049,0.1032677743578908,0.10370425213716118,1784980930.1737378,-0.9971718287368018,-0.44075937757628053,-1.197608337835593,0.0019214153289794922,0,0,1784980930.1704793,-0.9866913337460479,-0.42152402329068034,-1.219764673139869,1784980930.1705303,-0.007997066155363627,0.015504906629697349,-0.01879353368236414,-0.014090340636281971,0.01677205802808098,-0.022156335304275965,1784980930.1705723,0.09848841040189642,0.10460801403703811,1784980930.1631508,17447.7421875,nan,nan,43.49285125732422,nan
36.32222294807434,1784980930.21552,BSMC,circle,circle_dist_bsmc_30cm_yawfree_p02_manual,1784980930.214547,-0.9962029953994933,-0.440304333699141,-1.1952887805267753,0.10337749564562773,0.10403736765790593,1784980930.1737378,-0.9971718287368018,-0.44075937757628053,-1.197608337835593,0.04178214073181152,0,0,1784980930.210462,-0.9852040967646655,-0.42555843165274054,-1.2154648646376718,1784980930.2105038,-0.003697856497146182,0.015433345569457501,-0.014493725180166894,-0.00979139593190345,0.016686040010499344,-0.01785652680207872,1784980930.2105477,0.10359930086070646,0.10624642299394328,1784980930.1631508,17447.7421875,nan,nan,43.49285125732422,nan
36.362589836120605,1784980930.2558868,BSMC,circle,circle_dist_bsmc_30cm_yawfree_p02_manual,1784980930.214547,-0.9962029953994933,-0.440304333699141,-1.1952887805267753,0.10337749564562773,0.10403736765790593,1784980930.1737378,-0.9971718287368018,-0.44075937757628053,-1.197608337835593,0.08214902877807617,0,0,1784980930.250254,-0.9837005503918511,-0.4295836843844414,-1.2111679657958139,1784980930.250298,-0.005388445479701331,0.01556303659991112,-0.01587918526903853,-0.0054950305007147315,0.016618546818584077,-0.01355962796022081,1784980930.2503448,0.10159029948135741,0.10567776870612276,1784980930.2163637,17447.794921875,nan,nan,53.297767639160156,nan
36.402764558792114,1784980930.2960615,BSMC,circle,circle_dist_bsmc_30cm_yawfree_p02_manual,1784980930.2639604,-0.9942703840929423,-0.44567417231251294,-1.1894296228149568,0.1030117207877686,0.10587110579166416,1784980930.2529023,-0.9945127683959655,-0.4484402660621124,-1.189480380739041,0.04315924644470215,0,0,1784980930.2906642,-0.9821543132423668,-0.43366914059182987,-1.2067996901534193,1784980930.2907088,-0.006633079865729646,0.015713758651755626,-0.01737006733846247,-0.009111097080667731,0.016967777445174928,-0.0173193094143782,1784980930.2907557,0.10011024177010552,0.10388732916074085,1784980930.264014,17447.841796875,nan,nan,47.31391143798828,nan
36.44313049316406,1784980930.3364275,BSMC,circle,circle_dist_bsmc_30cm_yawfree_p02_manual,1784980930.3137076,-0.9924161215992512,-0.4502867406435056,-1.1839131129583145,0.10189458694553609,0.10670739263947931,1784980930.2529023,-0.9945127683959655,-0.4484402660621124,-1.189480380739041,0.08352518081665039,0,0,1784980930.3302693,-0.9806160647497427,-0.4376809015842098,-1.2025031260512462,1784980930.3303022,-0.007221928952086689,0.015684140469005986,-0.018590013092931734,-0.004815030722236902,0.016902596704151934,-0.013022745312205155,1784980930.3303425,0.09940890908762158,0.10220616007743119,1784980930.3146222,17447.892578125,nan,nan,50.936973571777344,nan
36.482383251190186,1784980930.3756802,BSMC,circle,circle_dist_bsmc_30cm_yawfree_p02_manual,1784980930.3646836,-0.9905262316235596,-0.4549273475659708,-1.178709084154108,0.1006559209708838,0.10597667596495036,1784980930.2529023,-0.9945127683959655,-0.4484402660621124,-1.189480380739041,0.12277793884277344,0,0,1784980930.370523,-0.979042333066367,-0.441732733826163,-1.1981564024947267,1784980930.370562,-0.007805115245408317,0.015654326361121663,-0.019447318340618747,-0.0004685664094748092,0.016855438395470476,-0.008676021755685602,1784980930.3706038,0.09871490614505,0.10150866978686343,1784980930.3653743,17447.943359375,nan,nan,50.150054931640625,nan
36.522913217544556,1784980930.4162102,BSMC,circle,circle_dist_bsmc_30cm_yawfree_p02_manual,1784980930.4138467,-0.9885749991372652,-0.4601160057535616,-1.1729361760622257,0.10043447301093925,0.10647781002286011,1784980930.379506,-0.9897609678933905,-0.4606147092082671,-1.1739362135342364,0.036704063415527344,0,0,1784980930.410272,-0.9774772769984373,-0.4457113217095575,-1.1938810557387465,1784980930.4103124,-0.0035304122269238106,0.015580325378584494,-0.015171971584638564,-0.008997137762966942,0.017089515294871366,-0.019944842204510094,1784980930.4103537,0.10379697073410511,0.10313626231635883,1784980930.4148073,17447.994140625,nan,nan,50.062713623046875,nan
36.562803983688354,1784980930.456101,BSMC,circle,circle_dist_bsmc_30cm_yawfree_p02_manual,1784980930.4138467,-0.9885749991372652,-0.4601160057535616,-1.1729361760622257,0.10043447301093925,0.10647781002286011,1784980930.4515374,-0.9860437223582039,-0.4695893782633203,-1.1686266812894437,0.004563570022583008,0,0,1784980930.4511235,-0.9758441107379235,-0.4498106903606174,-1.1894683369658579,1784980930.4511642,-0.004567851271381416,0.015729265066972593,-0.016532160903632187,-0.014208334924134406,0.017127515612041,-0.02084165567641416,1784980930.4512067,0.10256320201043181,0.10231155782182212,1784980930.4148073,17447.994140625,nan,nan,50.062713623046875,nan
36.60229825973511,1784980930.4955952,BSMC,circle,circle_dist_bsmc_30cm_yawfree_p02_manual,1784980930.4639876,-0.986425847798427,-0.46568686784339736,-1.1675058956692492,0.1010759080902681,0.10698499829824495,1784980930.4515374,-0.9860437223582039,-0.4695893782633203,-1.1686266812894437,0.04405784606933594,0,0,1784980930.4906483,-0.9742465526687031,-0.45377059223766597,-1.18519832029563,1784980930.490685,-0.006180561476655883,0.015878712605307245,-0.017692424626380765,-0.009939068597471113,0.01704764263536393,-0.0165716390061863,1784980930.4907231,0.10064677078611238,0.10208551178475175,1784980930.466449,17448.044921875,nan,nan,50.938697814941406,nan
36.64265847206116,1784980930.5359554,BSMC,circle,circle_dist_bsmc_30cm_yawfree_p02_manual,1784980930.5140195,-0.9845671951982141,-0.470060342790867,-1.1631701156018683,0.09884744252803135,0.10353477133908189,1784980930.4515374,-0.9860437223582039,-0.4695893782633203,-1.1686266812894437,0.08441805839538574,0,0,1784980930.5317566,-0.9725834935098853,-0.4578419083820098,-1.1808004330657111,1784980930.5318885,-0.006466597582854204,0.015845578602872987,-0.0176303174638428,-0.005541639148986297,0.016984435369002713,-0.01217375177626745,1784980930.5319605,0.10030736438684172,0.10272354246134631,1784980930.5164945,17448.095703125,nan,nan,50.794960021972656,nan
36.68268704414368,1784980930.575984,BSMC,circle,circle_dist_bsmc_30cm_yawfree_p02_manual,1784980930.5637715,-0.982660430974441,-0.4744802318731049,-1.1583299720016977,0.09812165583217053,0.10255093231225619,1784980930.5730388,-0.9809269846465734,-0.48218827910479706,-1.14810335545446,0.0029451847076416016,0,0,1784980930.570119,-0.9709821927199209,-0.4617144473547243,-1.1766098784468755,1784980930.5701556,-0.007013724954885466,0.01581626268611771,-0.01827990644517774,-0.014592347925073586,0.0174682585001568,-0.028506522992415517,1784980930.5701964,0.09965666461211252,0.1025741668345087,1784980930.5710127,17448.150390625,nan,nan,54.464393615722656,nan
36.722413301467896,1784980930.6157103,BSMC,circle,circle_dist_bsmc_30cm_yawfree_p02_manual,1784980930.614588,-0.9802626679653414,-0.48031735360020145,-1.1506461573404991,0.09985360698927448,0.10628431443554347,1784980930.5730388,-0.9809269846465734,-0.48218827910479706,-1.14810335545446,0.04267144203186035,0,0,1784980930.610394,-0.9693040652122076,-0.46572422436797845,-1.1722631033919442,1784980930.6104364,-0.002667517129488267,0.015746254353600372,-0.013933131390246434,-0.010247083304805324,0.017353807602341828,-0.02415974793748421,1784980930.6104815,0.10482317420077089,0.1042316977055237,1784980930.5710127,17448.150390625,nan,nan,54.464393615722656,nan
36.762263774871826,1784980930.6555607,BSMC,circle,circle_dist_bsmc_30cm_yawfree_p02_manual,1784980930.614588,-0.9802626679653414,-0.48031735360020145,-1.1506461573404991,0.09985360698927448,0.10628431443554347,1784980930.6542678,-0.9774978004617193,-0.49016700603417857,-1.1409555430885183,0.0012929439544677734,0,0,1784980930.6505678,-0.9676108560528525,-0.4697211972346399,-1.167922276403724,1784980930.6506095,-0.004513940950644093,0.01587360108754554,-0.017276119063224904,-0.014465749192465474,0.01750785159612682,-0.026966733315205715,1784980930.6506543,0.10262583542079178,0.10191030769691466,1784980930.616044,17448.1953125,nan,nan,45.08241271972656,nan
36.80273079872131,1784980930.6960278,BSMC,circle,circle_dist_bsmc_30cm_yawfree_p02_manual,1784980930.663867,-0.977880621817585,-0.48606087174211565,-1.143868853236984,0.10271924498531289,0.1091956821173279,1784980930.6542678,-0.9774978004617193,-0.49016700603417857,-1.1409555430885183,0.04175996780395508,0,0,1784980930.6910312,-0.9658906854897741,-0.4737331020072276,-1.1635571421645265,1784980930.6910782,-0.0062565124348103575,0.016018381064715728,-0.019688288927542485,-0.010101959001739113,0.01739967654487207,-0.022601599076008227,1784980930.6911273,0.10055258846509518,0.10116644896433108,1784980930.6653664,17448.244140625,nan,nan,49.22401809692383,nan
36.84291481971741,1784980930.7362118,BSMC,circle,circle_dist_bsmc_30cm_yawfree_p02_manual,1784980930.7139869,-0.9756265235134256,-0.4910071628249648,-1.1379457077261526,0.10480767083543492,0.1107162081661272,1784980930.6542678,-0.9774978004617193,-0.49016700603417857,-1.1409555430885183,0.08194398880004883,0,0,1784980930.729949,-0.9642095560024028,-0.4776079228942708,-1.159333345320045,1784980930.7299829,-0.007374514147143176,0.015984471181795204,-0.021387637593892398,-0.0058790518990856555,0.017313138331727432,-0.01837780223152663,1784980930.730021,0.09922175137266112,0.10084745778746228,1784980930.7156763,17448.294921875,nan,nan,50.406463623046875,nan
36.883010387420654,1784980930.7763073,BSMC,circle,circle_dist_bsmc_30cm_yawfree_p02_manual,1784980930.7641866,-0.9734945085059236,-0.4956331454440382,-1.1329856610914206,0.10365030198725063,0.10883534281829918,1784980930.6542678,-0.9774978004617193,-0.49016700603417857,-1.1409555430885183,0.1220395565032959,0,0,1784980930.7705672,-0.9624548769225791,-0.4816051645484538,-1.1549679278395761,1784980930.770617,-0.00802455387183942,0.015945665513261056,-0.02198226674815551,-0.0015142103550963857,0.017242443134069297,-0.014012384751057816,1784980930.7706656,0.09844876172209206,0.10094563153204204,1784980930.771811,17448.3515625,nan,nan,56.15449142456055,nan
36.92279863357544,1784980930.8160956,BSMC,circle,circle_dist_bsmc_30cm_yawfree_p02_manual,1784980930.8137546,-0.9711473052333247,-0.501141398274616,-1.1261297197542577,0.10408356956109549,0.11102550067876955,1784980930.7759292,-0.9725537043672359,-0.5019632052476185,-1.1260161370969013,0.040166378021240234,0,0,1784980930.8105993,-0.960706765196656,-0.485540988821298,-1.1506613472960583,1784980930.810646,-0.003718823276508464,0.01586027609090509,-0.017675686204637664,-0.009727163462174131,0.017760108418714008,-0.024645210199156997,1784980930.8106983,0.10356888599636437,0.10257941024971584,1784980930.771811,17448.3515625,nan,nan,56.15449142456055,nan
36.96261525154114,1784980930.8559122,BSMC,circle,circle_dist_bsmc_30cm_yawfree_p02_manual,1784980930.8137546,-0.9711473052333247,-0.501141398274616,-1.1261297197542577,0.10408356956109549,0.11102550067876955,1784980930.7759292,-0.9725537043672359,-0.5019632052476185,-1.1260161370969013,0.07998299598693848,0,0,1784980930.8505929,-0.9589286554111729,-0.4894981562302648,-1.1463230437300782,1784980930.850635,-0.0052550478806673425,0.016038857831891008,-0.02019332397582052,-0.005389959048668327,0.017662608740325457,-0.020306906633176913,1784980930.8506792,0.1017402393158902,0.10078451904417159,1784980930.817844,17448.396484375,nan,nan,45.89142608642578,nan
37.003297567367554,1784980930.8965945,BSMC,circle,circle_dist_bsmc_30cm_yawfree_p02_manual,1784980930.8639235,-0.9686944791396158,-0.5066875728617369,-1.1189520789050613,0.10557235210318773,0.11405822877297594,1784980930.8626516,-0.9685053303739191,-0.5102340328529411,-1.114992541683791,0.03394293785095215,0,0,1784980930.8906262,-0.9571418206664456,-0.4934291424824693,-1.142005004789649,1784980930.8906727,-0.006883674613561364,0.016182240813132465,-0.02305292588458774,-0.010087199971284107,0.0176006275449129,-0.027012463105858142,1784980930.8907197,0.09980038188543643,0.0990154420096924,1784980930.8707771,17448.44921875,nan,nan,52.133270263671875,nan
37.04253911972046,1784980930.935836,BSMC,circle,circle_dist_bsmc_30cm_yawfree_p02_manual,1784980930.9140673,-0.9664224950005367,-0.5113586787006511,-1.1132822781854799,0.1048810985907938,0.11391982400758717,1784980930.8626516,-0.9685053303739191,-0.5102340328529411,-1.114992541683791,0.07318449020385742,0,0,1784980930.9300992,-0.9553533951640081,-0.4973191417107747,-1.1377235812209234,1784980930.9301367,-0.007706183933825204,0.016132213092418534,-0.024441303035443562,-0.005807103856226396,0.017494152102422843,-0.022731039537132514,1784980930.9301782,0.09882050290250606,0.09809864844353054,1784980930.9207802,17448.5,nan,nan,50.79917907714844,nan
37.08324670791626,1784980930.9765437,BSMC,circle,circle_dist_bsmc_30cm_yawfree_p02_manual,1784980930.9641278,-0.9641949618372447,-0.5158660359246908,-1.1074610363093222,0.1033085223082325,0.11429710978855621,1784980930.9746478,-0.9616317814649165,-0.5232602975136921,-1.1117590960161483,0.001895904541015625,0,0,1784980930.970411,-0.9535153272876888,-0.5012720302044977,-1.1333642405531992,1784980930.9704473,-0.008282219077294942,0.016076207395676022,-0.02590320424387693,-0.016115750121442632,0.017018910825750338,-0.02160514453705087,1784980930.9704893,0.09813277527767969,0.0963803645028839,1784980930.9679828,17448.546875,nan,nan,47.179847717285156,nan
37.12277340888977,1784980931.0160704,BSMC,circle,circle_dist_bsmc_30cm_yawfree_p02_manual,1784980931.0138764,-0.9617304448444053,-0.5212022938824848,-1.1036446035785286,0.10077001007618214,0.1108869443636157,1784980930.9746478,-0.9616317814649165,-0.5232602975136921,-1.1117590960161483,0.04142260551452637,0,0,1784980931.010271,-0.9516903733451463,-0.5051527393198988,-1.1290758389495006,1784980931.0103076,-0.003995031082223836,0.01597432891081923,-0.021614802640178343,-0.011828163847139948,0.016935459815152765,-0.01731674293335228,1784980931.010346,0.1032326703041936,0.09799836713419117,1784980930.9679828,17448.546875,nan,nan,47.179847717285156,nan
37.162339210510254,1784980931.0556362,BSMC,circle,circle_dist_bsmc_30cm_yawfree_p02_manual,1784980931.0138764,-0.9617304448444053,-0.5212022938824848,-1.1036446035785286,0.10077001007618214,0.1108869443636157,1784980930.9746478,-0.9616317814649165,-0.5232602975136921,-1.1117590960161483,0.08098840713500977,0,0,1784980931.0505197,-0.9498258339394979,-0.5090736030883909,-1.1247342137358773,1784980931.0505648,-0.005467975336602815,0.016091182271488997,-0.021089610157348778,-0.007487040016224857,0.016869704427916195,-0.012975117719729035,1784980931.0506144,0.10148549649618169,0.09861961288920168,1784980931.0239308,17448.603515625,nan,nan,55.91886520385742,nan
37.20256471633911,1784980931.0958617,BSMC,circle,circle_dist_bsmc_30cm_yawfree_p02_manual,1784980931.063757,-0.9591914396156562,-0.5265337510943784,-1.0990690427972,0.09967489833470654,0.10978038015781547,1784980931.0550325,-0.9576397269843611,-0.5311696756606629,-1.1034286021649065,0.04082918167114258,0,0,1784980931.0902858,-0.9479660903494219,-0.5129412466723703,-1.1204426707289807,1784980931.0903327,-0.007006908827725281,0.016176151312694946,-0.02137362793178066,-0.011915223796925192,0.016848807405726064,-0.01701406856407428,1784980931.0903783,0.09965813123417314,0.09852439440390151,1784980931.0687656,17448.646484375,nan,nan,44.142791748046875,nan
37.242976903915405,1784980931.1362739,BSMC,circle,circle_dist_bsmc_30cm_yawfree_p02_manual,1784980931.113877,-0.9569864783987772,-0.5308417841215142,-1.0932802217327735,0.09852491530938565,0.11074901416856921,1784980931.0550325,-0.9576397269843611,-0.5311696756606629,-1.1034286021649065,0.08124136924743652,0,0,1784980931.130054,-0.9460781751755749,-0.5168245852026948,-1.1161247347853769,1784980931.1300893,-0.007436045225219708,0.016130039558152433,-0.022844513052603377,-0.007597767626736584,0.016784666441864316,-0.012696132620470424,1784980931.130128,0.09914523446728161,0.09671453554549221,1784980931.1250112,17448.703125,nan,nan,57.08866500854492,nan
37.28280758857727,1784980931.1761045,BSMC,circle,circle_dist_bsmc_30cm_yawfree_p02_manual,1784980931.1636713,-0.9547762172529053,-0.5350958087633203,-1.0876251820851635,0.09771121372167609,0.11119637724718023,1784980931.1725523,-0.9520955500555374,-0.5424836060734405,-1.0879068569759214,0.0035521984100341797,0,0,1784980931.1699429,-0.9441778332325226,-0.5206909867346855,-1.1118165577910528,1784980931.1699803,-0.007831946427852973,0.01607747668856612,-0.024191375705889365,-0.015624270099798894,0.01713156972322908,-0.02390970081513144,1784980931.1700242,0.09867187910773212,0.09542859949122642,1784980931.1689966,17448.74609375,nan,nan,42.91300582885742,nan
37.32251024246216,1784980931.2158072,BSMC,circle,circle_dist_bsmc_30cm_yawfree_p02_manual,1784980931.21396,-0.9520778633473467,-0.5405758478815763,-1.0824063641721742,0.098373330765676,0.11070578896879882,1784980931.1725523,-0.9520955500555374,-0.5424836060734405,-1.0879068569759214,0.043254852294921875,0,0,1784980931.2113962,-0.9421979451043903,-0.5246750699058935,-1.1073676356337654,1784980931.2114434,-0.0033841012988861593,0.01597975553554154,-0.01974245354860194,-0.01117639762168501,0.017035101420355372,-0.019460778657844013,1784980931.2115037,0.10396202516034238,0.09711136960218023,1784980931.1689966,17448.74609375,nan,nan,42.91300582885742,nan
37.36239051818848,1784980931.2556875,BSMC,circle,circle_dist_bsmc_30cm_yawfree_p02_manual,1784980931.21396,-0.9520778633473467,-0.5405758478815763,-1.0824063641721742,0.098373330765676,0.11070578896879882,1784980931.1725523,-0.9520955500555374,-0.5424836060734405,-1.0879068569759214,0.08313512802124023,0,0,1784980931.251167,-0.940267498172256,-0.5285173961305073,-1.1030676211379158,1784980931.2512088,-0.005107212673726752,0.01608749088289344,-0.020661256965741615,-0.006877030699281398,0.016960668627292487,-0.015160764161994413,1784980931.2512565,0.10191468744919521,0.09747979340948264,1784980931.229178,17448.806640625,nan,nan,60.572078704833984,nan
37.40331554412842,1784980931.2966125,BSMC,circle,circle_dist_bsmc_30cm_yawfree_p02_manual,1784980931.264044,-0.9494404381333508,-0.5458901985082145,-1.0763280697012383,0.0993248656047027,0.1115175744970973,1784980931.2553837,-0.948629401433979,-0.5499606220407842,-1.0753528934763632,0.0412287712097168,0,0,1784980931.290693,-0.9383349474879034,-0.5323231775111325,-1.098799278166114,1784980931.2907357,-0.0066717168681755985,0.016213703316709818,-0.022471208464875714,-0.010622474596121402,0.017441853830346445,-0.0234463846897508,1784980931.290782,0.1000534056435321,0.09701021060572237,1784980931.2718775,17448.8515625,nan,nan,43.19392395019531,nan
37.44263172149658,1784980931.3359287,BSMC,circle,circle_dist_bsmc_30cm_yawfree_p02_manual,1784980931.314142,-0.94708448628157,-0.5502501578729747,-1.070686341504612,0.09917232101666729,0.1117024647712348,1784980931.2553837,-0.948629401433979,-0.5499606220407842,-1.0753528934763632,0.08054494857788086,0,0,1784980931.3306043,-0.9363801494154712,-0.5361323460876521,-1.0945178030989757,1784980931.3306334,-0.007255835299592139,0.016163177022290764,-0.02383146159436378,-0.006341974507916296,0.017350641203996695,-0.019164909622612525,1784980931.3306687,0.09935665626851752,0.09624208800172489,1784980931.3304052,17448.908203125,nan,nan,58.06865692138672,nan
37.48324275016785,1784980931.3765397,BSMC,circle,circle_dist_bsmc_30cm_yawfree_p02_manual,1784980931.3638122,-0.9448925544654031,-0.5542848890666053,-1.066684038395041,0.09674515180119861,0.10674676695200044,1784980931.2553837,-0.948629401433979,-0.5499606220407842,-1.0753528934763632,0.12115597724914551,0,0,1784980931.3698523,-0.9344024302558795,-0.5399458281536131,-1.0902219857237923,1784980931.369891,-0.007488285174187725,0.016111392210103173,-0.02353794732875136,-0.002046782408169797,0.017277542859984417,-0.01486909224742905,1784980931.369937,0.09908148899142964,0.0975057263889248,1784980931.3691096,17448.947265625,nan,nan,39.33820724487305,nan
37.52236986160278,1784980931.4156668,BSMC,circle,circle_dist_bsmc_30cm_yawfree_p02_manual,1784980931.4142647,-0.9422188755382286,-0.5595443443903172,-1.061464061673094,0.0975095851546785,0.10591728110896044,1784980931.3779392,-0.9427753281897113,-0.561171531081365,-1.06439006293628,0.03772759437561035,0,0,1784980931.4103324,-0.932388075939073,-0.5437892562059528,-1.0858826779387576,1784980931.4103758,-0.003149971427724202,0.01601867573695096,-0.019198639543716704,-0.010162473205940867,0.017514640376020036,-0.021492615002477677,1784980931.410424,0.10424108078758226,0.09914840425932113,1784980931.3691096,17448.947265625,nan,nan,39.33820724487305,nan
37.56244874000549,1784980931.4557457,BSMC,circle,circle_dist_bsmc_30cm_yawfree_p02_manual,1784980931.4142647,-0.9422188755382286,-0.5595443443903172,-1.061464061673094,0.0975095851546785,0.10591728110896044,1784980931.3779392,-0.9427753281897113,-0.561171531081365,-1.06439006293628,0.07780647277832031,0,0,1784980931.4503484,-0.9303660902047224,-0.5476069517111406,-1.0815625790618049,1784980931.4503908,-0.0046428313705758565,0.016168920217609937,-0.020098517388710935,-0.0058431849770324016,0.01743112704857009,-0.01717251612552495,1784980931.4504373,0.10246714657574213,0.09985271453897639,1784980931.4339912,17449.013671875,nan,nan,64.81890106201172,nan
37.602538108825684,1784980931.495835,BSMC,circle,circle_dist_bsmc_30cm_yawfree_p02_manual,1784980931.464095,-0.9393424767257141,-0.5650249978874916,-1.0555032619550608,0.09999059886895358,0.10818087754807201,1784980931.4552562,-0.9380646740095189,-0.5696061700862005,-1.0562692759932528,0.04057884216308594,0,0,1784980931.4902434,-0.9283242392491036,-0.5514221804006356,-1.0772353219054323,1784980931.4902806,-0.0064067931345444555,0.01629083185116263,-0.02173205995037142,-0.011036134142652667,0.01742806051722375,-0.020966045912179432,1784980931.49032,0.10036963430180498,0.09955166088877442,1784980931.4681747,17449.046875,nan,nan,33.981781005859375,nan
37.64280462265015,1784980931.5361016,BSMC,circle,circle_dist_bsmc_30cm_yawfree_p02_manual,1784980931.5138285,-0.9368124861541859,-0.5694852238890111,-1.0498958079127898,0.10107542759928317,0.10893328468846865,1784980931.4552562,-0.9380646740095189,-0.5696061700862005,-1.0562692759932528,0.08084535598754883,0,0,1784980931.530391,-0.9262570193422438,-0.5552448715596056,-1.0728894738219366,1784980931.5304253,-0.0070986253792278894,0.016242383809311953,-0.022993665909146754,-0.006691056892276545,0.017346393336250612,-0.016620197828683736,1784980931.530463,0.09954538266444736,0.09923939670900432,1784980931.5340319,17449.11328125,nan,nan,66.15834045410156,nan
37.68245840072632,1784980931.5757554,BSMC,circle,circle_dist_bsmc_30cm_yawfree_p02_manual,1784980931.564185,-0.9342834050439814,-0.5738927720388355,-1.0449161983061874,0.10101454263728724,0.10730155511023473,1784980931.574481,-0.9310725154110452,-0.5817002927497492,-1.0442167806212173,0.0012743473052978516,0,0,1784980931.5701485,-0.9242009586899692,-0.5590080096125815,-1.0686012782118903,1784980931.5701888,-0.007812440135645407,0.016191900941350743,-0.023685079905702903,-0.016164684701815757,0.017345344454326533,-0.024384497590673074,1784980931.5702314,0.0986963418925736,0.09979455889547864,1784980931.5715413,17449.150390625,nan,nan,37.442665100097656,nan
37.72236704826355,1784980931.615664,BSMC,circle,circle_dist_bsmc_30cm_yawfree_p02_manual,1784980931.6138544,-0.9313733610552236,-0.5792385773729574,-1.0403407602954633,0.10020094143269041,0.1050489530083355,1784980931.574481,-0.9310725154110452,-0.5817002927497492,-1.0442167806212173,0.0411829948425293,0,0,1784980931.6106167,-0.9220881808830135,-0.5628354733779486,-1.0642293976805794,1784980931.6106508,-0.0034415734163501443,0.016097916586694686,-0.019313199374392017,-0.011793884785916281,0.017248303061425472,-0.020012617059362192,1784980931.6106892,0.10389471099867995,0.10144926608740475,1784980931.5715413,17449.150390625,nan,nan,37.442665100097656,nan
37.76258325576782,1784980931.6558802,BSMC,circle,circle_dist_bsmc_30cm_yawfree_p02_manual,1784980931.6138544,-0.9313733610552236,-0.5792385773729574,-1.0403407602954633,0.10020094143269041,0.1050489530083355,1784980931.6529365,-0.9265845629021096,-0.5902374742044579,-1.0292299018947717,0.002943754196166992,0,0,1784980931.6504302,-0.9199987400054267,-0.5665822147586861,-1.0599394253752819,1784980931.6504676,-0.00516236264174988,0.016214670228082716,-0.019598665079818556,-0.016875392891314737,0.017837193653627653,-0.030709523480510148,1784980931.650509,0.10185153439382137,0.10224080402944964,1784980931.6189024,17449.197265625,nan,nan,47.375770568847656,nan
37.803236961364746,1784980931.696534,BSMC,circle,circle_dist_bsmc_30cm_yawfree_p02_manual,1784980931.6642468,-0.9284257426658624,-0.5845650280116259,-1.0338502569385513,0.0987091077549908,0.10588123831419134,1784980931.6529365,-0.9265845629021096,-0.5902374742044579,-1.0292299018947717,0.04359745979309082,0,0,1784980931.69039,-0.9178778949008274,-0.5703470708628622,-1.0556182965300664,1784980931.6904278,-0.006821758415546885,0.01633618713403931,-0.021768039591515187,-0.012556028240039317,0.017713846776215764,-0.026388394635294743,1784980931.6904707,0.09987698600354811,0.1000933211191841,1784980931.6690397,17449.248046875,nan,nan,49.98301315307617,nan
37.842833042144775,1784980931.73613,BSMC,circle,circle_dist_bsmc_30cm_yawfree_p02_manual,1784980931.7143877,-0.9260972584460638,-0.5884859936429159,-1.029546135990895,0.09584839775429191,0.1024830050009654,1784980931.6529365,-0.9265845629021096,-0.5902374742044579,-1.0292299018947717,0.08319354057312012,0,0,1784980931.7305443,-0.9157342689918716,-0.5741141492615519,-1.0512840098403082,1784980931.7305834,-0.0069785143779321985,0.016286245682379838,-0.02173787384941317,-0.00822301627564891,0.01760887527593672,-0.022054107945536527,1784980931.730626,0.09969098753956869,0.10025266782390849,1784980931.720831,17449.298828125,nan,nan,51.81928634643555,nan
37.8824520111084,1784980931.775749,BSMC,circle,circle_dist_bsmc_30cm_yawfree_p02_manual,1784980931.7648757,-0.9235081052984718,-0.592794360042478,-1.0245804301681811,0.09719636061661012,0.10184273630949384,1784980931.6529365,-0.9265845629021096,-0.5902374742044579,-1.0292299018947717,0.12281250953674316,0,0,1784980931.7704058,-0.9135899330869834,-0.5778449001829368,-1.0469809054396733,1784980931.770451,-0.007622189896844205,0.01624064996498664,-0.022400475271492137,-0.0039207674212499155,0.017523238220703133,-0.017751003544901556,1784980931.770503,0.09892536553566808,0.10118552622056064,1784980931.770756,17449.349609375,nan,nan,49.1200065612793,nan
37.922321796417236,1784980931.8156188,BSMC,circle,circle_dist_bsmc_30cm_yawfree_p02_manual,1784980931.813888,-0.9201790404355291,-0.5985577958833531,-1.0181694261598468,0.10162244474967522,0.10433151126140516,1784980931.7764263,-0.9198109393257697,-0.6013566157640727,-1.0187008631071746,0.03919243812561035,0,0,1784980931.8110588,-0.9114242952713865,-0.5815754191295051,-1.0426673468611825,1784980931.8111053,-0.0033095184954504836,0.016153333628317647,-0.01808691669300133,-0.012443688111701243,0.01751531230007216,-0.023966483754007895,1784980931.811152,0.10405393665348267,0.10282101073995446,1784980931.770756,17449.349609375,nan,nan,49.1200065612793,nan
37.962530851364136,1784980931.8558278,BSMC,circle,circle_dist_bsmc_30cm_yawfree_p02_manual,1784980931.813888,-0.9201790404355291,-0.5985577958833531,-1.0181694261598468,0.10162244474967522,0.10433151126140516,1784980931.7764263,-0.9198109393257697,-0.6013566157640727,-1.0187008631071746,0.07940149307250977,0,0,1784980931.8501925,-0.9092502716720425,-0.5852835171097862,-1.038368928816139,1784980931.850231,-0.005561599857750362,0.016270005244817844,-0.020199502656292223,-0.008146296343902518,0.01742154004444578,-0.01966806570896451,1784980931.8502717,0.1013763486429929,0.10336184239751736,1784980931.841406,17449.419921875,nan,nan,71.46339416503906,nan
38.0027117729187,1784980931.8960087,BSMC,circle,circle_dist_bsmc_30cm_yawfree_p02_manual,1784980931.864278,-0.9169725077817661,-0.6040965473313549,-1.011282462198112,0.10487492971267286,0.10669896202677502,1784980931.861665,-0.9158464476259384,-0.6086775882764658,-1.0059427226752213,0.034343719482421875,0,0,1784980931.8901658,-0.9070475182569218,-0.5890037669144044,-1.0340454567931288,1784980931.890204,-0.007523402305663478,0.016422419295879998,-0.02276299459501674,-0.011907829197473027,0.017963407494989807,-0.028102734117907424,1784980931.8902457,0.09904174235949391,0.10305941198060768,1784980931.8708625,17449.44921875,nan,nan,28.78813362121582,nan
38.04249668121338,1784980931.9357936,BSMC,circle,circle_dist_bsmc_30cm_yawfree_p02_manual,1784980931.9145532,-0.9142152684022321,-0.608490998780881,-1.0059626684625989,0.1045021952454831,0.10666603352096482,1784980931.861665,-0.9158464476259384,-0.6086775882764658,-1.0059427226752213,0.07412862777709961,0,0,1784980931.930592,-0.9048086478158658,-0.5927478295220979,-1.0296830519698246,1784980931.9306333,-0.008262771395290393,0.016372492114388487,-0.023720383507225717,-0.007546893356260569,0.0178503400328629,-0.023740329294603235,1784980931.930771,0.09816170832232315,0.1024261270674846,1784980931.9210894,17449.5,nan,nan,50.80757522583008,nan
38.08236789703369,1784980931.9756649,BSMC,circle,circle_dist_bsmc_30cm_yawfree_p02_manual,1784980931.9638238,-0.9117067715976341,-0.6124561879348518,-1.001534811570191,0.1011032088391497,0.10395167780402176,1784980931.861665,-0.9158464476259384,-0.6086775882764658,-1.0059427226752213,0.11399984359741211,0,0,1784980931.9714937,-0.9025261579650998,-0.5965270825009619,-1.0252680157683474,1784980931.9715242,-0.008468629529275962,0.01631877386600266,-0.023733204198156388,-0.0031328842424136567,0.017755279315539708,-0.019325293093126028,1784980931.9715626,0.09791732186742448,0.1019093655069915,1784980931.97125,17449.548828125,nan,nan,48.87328338623047,nan
38.12260866165161,1784980932.0159056,BSMC,circle,circle_dist_bsmc_30cm_yawfree_p02_manual,1784980932.0140214,-0.9087183152866749,-0.6174268596632467,-0.9944112293120754,0.0997614248549385,0.10634521539555743,1784980931.977249,-0.9092600392362368,-0.6192487173965303,-0.9918863264758794,0.03865671157836914,0,0,1784980932.0104377,-0.9003334228617681,-0.6001225875134022,-1.021056630041419,1784980932.0104756,-0.00425823181165139,0.016227699241169326,-0.019521818471228025,-0.011125850940024998,0.017936241664952095,-0.029170303565539624,1784980932.0105162,0.10292490001772686,0.10350304252534644,1784980931.97125,17449.548828125,nan,nan,48.87328338623047,nan
38.16292595863342,1784980932.056223,BSMC,circle,circle_dist_bsmc_30cm_yawfree_p02_manual,1784980932.0140214,-0.9087183152866749,-0.6174268596632467,-0.9944112293120754,0.0997614248549385,0.10634521539555743,1784980931.977249,-0.9092600392362368,-0.6192487173965303,-0.9918863264758794,0.07897400856018066,0,0,1784980932.050927,-0.8980581562506216,-0.6038177887436317,-1.0167171162627329,1784980932.050978,-0.0056006146120468414,0.016354782723606843,-0.022305886950657494,-0.006787922285784917,0.01781908674866385,-0.024830789786853494,1784980932.0510335,0.10132520372949215,0.10028470586803542,1784980932.021357,17449.599609375,nan,nan,51.136051177978516,nan
38.20279550552368,1784980932.0960925,BSMC,circle,circle_dist_bsmc_30cm_yawfree_p02_manual,1784980932.0639648,-0.9056174037911078,-0.6225356089696918,-0.9876095891329011,0.10079768858821374,0.10910078685421387,1784980932.057185,-0.9046508029110422,-0.6266896880866153,-0.9843161816969532,0.038907527923583984,0,0,1784980932.0909977,-0.8957629464976964,-0.6075093709179825,-1.0123701867125618,1784980932.0910442,-0.007115862244669562,0.01650038372430146,-0.024760597579660756,-0.011056336786803268,0.018017657316376667,-0.02805400501560862,1784980932.0910923,0.09952036649858916,0.09852549005217281,1784980932.0712523,17449.650390625,nan,nan,50.04087448120117,nan
38.242523193359375,1784980932.1358202,BSMC,circle,circle_dist_bsmc_30cm_yawfree_p02_manual,1784980932.1141522,-0.9027042770091168,-0.6269467343052982,-0.9820696771323293,0.10249794022391745,0.10932144785674684,1784980932.057185,-0.9046508029110422,-0.6266896880866153,-0.9843161816969532,0.07863521575927734,0,0,1784980932.1306958,-0.8935044477437941,-0.6111073322679488,-1.0081221083663092,1784980932.1307354,-0.008064125986361085,0.016446683175886073,-0.02605243123397993,-0.006809689679314445,0.017907517216113618,-0.023805926669355992,1784980932.1307833,0.09839123315181944,0.09884906704601304,1784980932.120403,17449.69921875,nan,nan,49.42752456665039,nan
38.28285241127014,1784980932.1761494,BSMC,circle,circle_dist_bsmc_30cm_yawfree_p02_manual,1784980932.1640947,-0.8997744269744391,-0.6313363757378886,-0.9768313837951667,0.10361823186694219,0.10862381483111347,1784980932.1738775,-0.8975833125500301,-0.6374751898408748,-0.9734650228516106,0.002271890640258789,0,0,1784980932.1700976,-0.8911962784213157,-0.6147497075098947,-1.0038099659941777,1784980932.170137,-0.008945068168620743,0.016391703723644013,-0.02697858219901106,-0.015198017170461023,0.018062724772952336,-0.030344943142567082,1784980932.1701775,0.09734290289723134,0.09948670831081989,1784980932.1710398,17449.75,nan,nan,50.469818115234375,nan
38.322550535202026,1784980932.2158475,BSMC,circle,circle_dist_bsmc_30cm_yawfree_p02_manual,1784980932.1640947,-0.8997744269744391,-0.6313363757378886,-0.9768313837951667,0.10361823186694219,0.10862381483111347,1784980932.1738775,-0.8975833125500301,-0.6374751898408748,-0.9734650228516106,0.041970014572143555,0,0,1784980932.210576,-0.8888459272411051,-0.6184233145151836,-0.9994488228819949,1784980932.2106166,-0.004585269366364547,0.016283567219767498,-0.022617439086828228,-0.010838607097458632,0.017939912253108106,-0.025983800030384252,1784980932.2106588,0.10252966281792814,0.10112976482874594,1784980932.1710398,17449.75,nan,nan,50.469818115234375,nan
38.362343549728394,1784980932.2556405,BSMC,circle,circle_dist_bsmc_30cm_yawfree_p02_manual,1784980932.215255,-0.8965886948589997,-0.6364386818248915,-0.9718913489732249,0.10259525824723387,0.10546232927260585,1784980932.2533743,-0.8926770304995488,-0.644954455495484,-0.9610170637487662,0.0022661685943603516,0,0,1784980932.2506073,-0.8865210139587951,-0.6220227893403849,-0.9951637944243539,1784980932.2506607,-0.006231317579104761,0.016442227223266867,-0.023272445451128942,-0.015273326343432628,0.018179201156980428,-0.03414673067558771,1784980932.250711,0.10057418059086619,0.102231998221222,1784980932.2211483,17449.80078125,nan,nan,50.170433044433594,nan
38.40245580673218,1784980932.2957528,BSMC,circle,circle_dist_bsmc_30cm_yawfree_p02_manual,1784980932.2641103,-0.8934385126954322,-0.6413539010608647,-0.9655414548105535,0.10271919659166376,0.106403497890402,1784980932.2533743,-0.8926770304995488,-0.644954455495484,-0.9610170637487662,0.04237842559814453,0,0,1784980932.290692,-0.8841355311663416,-0.6256812146296634,-0.9907963427565679,1784980932.290735,-0.007595411982568217,0.016567687892896192,-0.025254887946014378,-0.010908108922947753,0.01803962815737134,-0.02977927900780175,1784980932.2907822,0.09894980610153721,0.10107777048481993,1784980932.2751255,17449.853515625,nan,nan,53.75533676147461,nan
38.44241166114807,1784980932.3357086,BSMC,circle,circle_dist_bsmc_30cm_yawfree_p02_manual,1784980932.3136804,-0.8905600445126897,-0.6455032686157564,-0.9601741147731946,0.10239516633495158,0.10671925917337018,1784980932.2533743,-0.8926770304995488,-0.644954455495484,-0.9610170637487662,0.08233428001403809,0,0,1784980932.3306005,-0.8817625875253009,-0.6292861041560701,-0.9864805439971074,1784980932.3306415,-0.00824232108264631,0.016506235661956057,-0.026306429223912797,-0.0065939597560549104,0.017920435091508015,-0.02546348024834122,1784980932.3306818,0.09817899750611317,0.10022174732988119,1784980932.3242083,17449.90234375,nan,nan,49.358638763427734,nan
38.48255133628845,1784980932.3758483,BSMC,circle,circle_dist_bsmc_30cm_yawfree_p02_manual,1784980932.3638897,-0.8877164770573948,-0.6495592314686109,-0.9549826092805971,0.10107572567108374,0.10618989312422335,1784980932.3725467,-0.8855899417775616,-0.6559004911047528,-0.9520216577607681,0.0033016204833984375,0,0,1784980932.371302,-0.879325553747402,-0.6329534444085554,-0.9820773009322272,1784980932.3713408,-0.008708575430732977,0.016441425480940606,-0.027094691651630143,-0.0150588506288262,0.01841305317454365,-0.030055643171459145,1784980932.3713815,0.09762328078382307,0.09935374118463738,1784980932.373976,17449.953125,nan,nan,49.858192443847656,nan
38.52282476425171,1784980932.4161217,BSMC,circle,circle_dist_bsmc_30cm_yawfree_p02_manual,1784980932.413681,-0.8845555944488603,-0.6544614772129341,-0.9496240119095787,0.10039064542326095,0.10554611680164333,1784980932.3725467,-0.8855899417775616,-0.6559004911047528,-0.9520216577607681,0.04357504844665527,0,0,1784980932.4109056,-0.8769685688524473,-0.6364673197476516,-0.9778461398146734,1784980932.41102,-0.004478737428944055,0.016335745906873818,-0.022863530534076304,-0.010829344080651518,0.018294849736775906,-0.025824482053905307,1784980932.4110887,0.10265551188594574,0.10094742264032211,1784980932.373976,17449.953125,nan,nan,49.858192443847656,nan
38.562684535980225,1784980932.4559815,BSMC,circle,circle_dist_bsmc_30cm_yawfree_p02_manual,1784980932.413681,-0.8845555944488603,-0.6544614772129341,-0.9496240119095787,0.10039064542326095,0.10554611680164333,1784980932.4549444,-0.8813592588758267,-0.6614322896646794,-0.9484071423938977,0.0010371208190917969,0,0,1784980932.45057,-0.8745486780527475,-0.6400418590763931,-0.9735295170806035,1784980932.450608,-0.005902072386173588,0.01652964925552935,-0.023905505171024855,-0.013409047947984924,0.018003665322056727,-0.02512237468670586,1784980932.4506474,0.1009633819956171,0.10066279003087142,1784980932.4220548,17450.0,nan,nan,48.049373626708984,nan
38.60285544395447,1784980932.4961524,BSMC,circle,circle_dist_bsmc_30cm_yawfree_p02_manual,1784980932.4638605,-0.8815095741021688,-0.6590753047285012,-0.9452243973618196,0.10019351471584655,0.10408386573330819,1784980932.4549444,-0.8813592588758267,-0.6614322896646794,-0.9484071423938977,0.04120802879333496,0,0,1784980932.4902601,-0.8721213802537544,-0.6435942647726182,-0.9692270306609265,1784980932.4902956,-0.007052009822377778,0.016675429209352884,-0.0240026332991069,-0.009107699948760543,0.017904841108741576,-0.020819888267028852,1784980932.4903352,0.09959815500857051,0.10149393643451321,1784980932.4730997,17450.052734375,nan,nan,50.92799758911133,nan
38.642478704452515,1784980932.5357757,BSMC,circle,circle_dist_bsmc_30cm_yawfree_p02_manual,1784980932.5138402,-0.8785854567520973,-0.6631191404352559,-0.9401860607537318,0.10004637533354864,0.10351730620902663,1784980932.4549444,-0.8813592588758267,-0.6614322896646794,-0.9484071423938977,0.08083128929138184,0,0,1784980932.530194,-0.8696792606995958,-0.6471355592251169,-0.9649253167174446,1784980932.5302346,-0.007657994746919678,0.016617770996221262,-0.024739255963712847,-0.004806738943733267,0.01782453700338573,-0.016518174323546964,1784980932.5302784,0.09887691225856507,0.10139691789586794,1784980932.5219817,17450.1015625,nan,nan,49.04974365234375,nan
38.68277597427368,1784980932.576073,BSMC,circle,circle_dist_bsmc_30cm_yawfree_p02_manual,1784980932.5637276,-0.8757081844801217,-0.6670736325828285,-0.935941464228922,0.0993306776733429,0.10060476880422584,1784980932.4549444,-0.8813592588758267,-0.6614322896646794,-0.9484071423938977,0.12112855911254883,0,0,1784980932.5705378,-0.8671890114484323,-0.6507133949078203,-0.9605661562941655,1784980932.5705748,-0.008120186252423753,0.016561891834949535,-0.02462469206524354,-0.000448030075243867,0.01776203496263517,-0.012159013900267857,1784980932.570614,0.09832859629814732,0.10273960559647777,1784980932.5758388,17450.154296875,nan,nan,53.42781448364258,nan
38.72268986701965,1784980932.6159868,BSMC,circle,circle_dist_bsmc_30cm_yawfree_p02_manual,1784980932.6141376,-0.8723821844257694,-0.6719884062499357,-0.931475128686991,0.10144991192379657,0.10024415852926297,1784980932.5754025,-0.8738321695278874,-0.6723230823907507,-0.9375523301735121,0.04058432579040527,0,0,1784980932.6105192,-0.8647085781272115,-0.6542443667782545,-0.9562510270140756,1784980932.6105597,-0.00380614935137837,0.016464951506712556,-0.020309562785153612,-0.009174468149440694,0.018052950241412076,-0.018698696840563467,1784980932.610602,0.10345982765513777,0.10437063211643759,1784980932.5758388,17450.154296875,nan,nan,53.42781448364258,nan
38.7630398273468,1784980932.6563368,BSMC,circle,circle_dist_bsmc_30cm_yawfree_p02_manual,1784980932.6141376,-0.8723821844257694,-0.6719884062499357,-0.931475128686991,0.10144991192379657,0.10024415852926297,1784980932.6544714,-0.8678166437523154,-0.6807987884950695,-0.9239513368645804,0.001865386962890625,0,0,1784980932.6504297,-0.8622147238188594,-0.6577620855635604,-0.9519389876387703,1784980932.65047,-0.005350211963587309,0.016647542984156653,-0.020463858951779268,-0.015006921335013893,0.018353841585350836,-0.027987650774189854,1784980932.650508,0.10162668563411376,0.10606851316112136,1784980932.6220484,17450.201171875,nan,nan,46.54890823364258,nan
38.80306649208069,1784980932.6963634,BSMC,circle,circle_dist_bsmc_30cm_yawfree_p02_manual,1784980932.6637602,-0.8688272915002951,-0.6770839739665753,-0.9253173660101629,0.10400611922976066,0.10294112881426101,1784980932.6544714,-0.8678166437523154,-0.6807987884950695,-0.9239513368645804,0.041892051696777344,0,0,1784980932.6904495,-0.8597090152186411,-0.6612644389561592,-0.9476325873396977,1784980932.6904922,-0.0071514473081404325,0.01680051938760368,-0.022315221329534785,-0.01070196136885463,0.018242600560444182,-0.023681250475117266,1784980932.690538,0.09948434282953707,0.10536317003456826,1784980932.6718645,17450.25,nan,nan,49.670310974121094,nan
38.84242486953735,1784980932.7357218,BSMC,circle,circle_dist_bsmc_30cm_yawfree_p02_manual,1784980932.713773,-0.865668248686036,-0.6812663716723156,-0.9198226624734335,0.104311118046684,0.10412487235179121,1784980932.6544714,-0.8678166437523154,-0.6807987884950695,-0.9239513368645804,0.08125042915344238,0,0,1784980932.7303083,-0.8571843924282379,-0.6647612846260608,-0.9433196209929575,1784980932.730344,-0.007988812534454862,0.016750301182270347,-0.023496958519524047,-0.006389997457924981,0.01814977220392944,-0.019368284128377104,1784980932.7303872,0.09848746711205465,0.10429331867603181,1784980932.7221694,17450.30078125,nan,nan,50.45073318481445,nan
38.88258361816406,1784980932.7758806,BSMC,circle,circle_dist_bsmc_30cm_yawfree_p02_manual,1784980932.7639036,-0.8626274484138032,-0.6852559211819428,-0.9149123010228661,0.10279690719055178,0.10313592816071497,1784980932.7750704,-0.8607345709209273,-0.6905990552129191,-0.9117811618409837,0.0008101463317871094,0,0,1784980932.770308,-0.8546336708039574,-0.6682622945600275,-0.9389879607222664,1784980932.7703495,-0.008592517985960762,0.01669887603707752,-0.024075659699400287,-0.013923529905733102,0.018501004666394896,-0.027206798881282745,1784980932.7703946,0.09776938224348522,0.10368599853070033,1784980932.7221694,17450.30078125,nan,nan,50.45073318481445,nan
38.922677993774414,1784980932.815975,BSMC,circle,circle_dist_bsmc_30cm_yawfree_p02_manual,1784980932.8137512,-0.8594723179322352,-0.6897327365222596,-0.910038868743208,0.10029600912090174,0.10136965385728088,1784980932.7750704,-0.8607345709209273,-0.6905990552129191,-0.9117811618409837,0.04090452194213867,0,0,1784980932.8107555,-0.8520611994132331,-0.671761170600642,-0.9346451767943489,1784980932.8107963,-0.00425077925546279,0.01660375821658742,-0.01973287577148275,-0.009582110285139696,0.018392292746130582,-0.022864014953365208,1784980932.8108406,0.10293329884119921,0.10532876609646377,1784980932.7761564,17450.353515625,nan,nan,52.93189239501953,nan
38.96273493766785,1784980932.856032,BSMC,circle,circle_dist_bsmc_30cm_yawfree_p02_manual,1784980932.8137512,-0.8594723179322352,-0.6897327365222596,-0.910038868743208,0.10029600912090174,0.10136965385728088,1784980932.7750704,-0.8607345709209273,-0.6905990552129191,-0.9117811618409837,0.08096146583557129,0,0,1784980932.8502254,-0.8495043160325688,-0.6752075703862335,-0.930353865530311,1784980932.850262,-0.005350506576884783,0.01678432579884063,-0.020314996787102912,-0.005291723303765544,0.01830339024618057,-0.018572703689327286,1784980932.850301,0.10162666370856882,0.10478683172868664,1784980932.8230546,17450.40234375,nan,nan,47.55656051635742,nan
39.00277090072632,1784980932.8960679,BSMC,circle,circle_dist_bsmc_30cm_yawfree_p02_manual,1784980932.8639753,-0.8562399726470328,-0.6942224590195781,-0.9049111796447435,0.09951471375181323,0.10117359410191942,1784980932.8617582,-0.8554337567350808,-0.6974885574615618,-0.904268625887324,0.03430962562561035,0,0,1784980932.8906581,-0.8468923836949163,-0.6786965352750706,-0.9259955290816414,1784980932.890702,-0.0064346013243950775,0.01694188989263263,-0.021084349436897853,-0.00948923124003222,0.018331656819339195,-0.02172690319431736,1784980932.8907487,0.10033812342851663,0.10424751145106807,1784980932.8727129,17450.451171875,nan,nan,49.77946472167969,nan
39.04310846328735,1784980932.9364054,BSMC,circle,circle_dist_bsmc_30cm_yawfree_p02_manual,1784980932.9140673,-0.8532613661229919,-0.6980171602098736,-0.9005127656617962,0.09834943208392569,0.09890327440861109,1784980932.8617582,-0.8554337567350808,-0.6974885574615618,-0.904268625887324,0.07464718818664551,0,0,1784980932.9305308,-0.8443084165747577,-0.682117223626951,-0.9217085694335092,1784980932.9305675,-0.006898268615598732,0.016893110402209227,-0.02119580377171304,-0.005203096894698611,0.01824770890392338,-0.01743994354618517,1784980932.930611,0.09978749590826808,0.10485591352933914,1784980932.9251711,17450.50390625,nan,nan,51.91189956665039,nan
39.082680463790894,1784980932.9759774,BSMC,circle,circle_dist_bsmc_30cm_yawfree_p02_manual,1784980932.9638448,-0.8502108392302827,-0.701861099920806,-0.8957060638910178,0.09843314559726336,0.09853129522052356,1784980932.8617582,-0.8554337567350808,-0.6974885574615618,-0.904268625887324,0.11421918869018555,0,0,1784980932.9713917,-0.841690008490038,-0.685552666858478,-0.9173890370391,1784980932.9714346,-0.007405942426501041,0.016844036399500068,-0.021682973148082207,-0.0008840721186878057,0.018181708302600665,-0.01312041115177598,1784980932.9714787,0.0991837591628927,0.10491500669780203,1784980932.9731617,17450.552734375,nan,nan,48.7462043762207,nan
39.12228059768677,1784980933.0155776,BSMC,circle,circle_dist_bsmc_30cm_yawfree_p02_manual,1784980933.014323,-0.8465209330546212,-0.7067613301567643,-0.8907479291692971,0.0994185718447298,0.09933303698527828,1784980932.9775624,-0.8463266593765225,-0.708767039300038,-0.8956862623041083,0.038015127182006836,0,0,1784980933.0105197,-0.8390392968053565,-0.6889994069378611,-0.9130408972762222,1784980933.0105596,-0.0030586335071731627,0.016759214409042544,-0.017334833385204366,-0.010876888822549332,0.018043232304432534,-0.01735463497211387,1784980933.0106034,0.1043531756251043,0.10656528386247693,1784980932.9731617,17450.552734375,nan,nan,48.7462043762207,nan
39.16239333152771,1784980933.0556903,BSMC,circle,circle_dist_bsmc_30cm_yawfree_p02_manual,1784980933.014323,-0.8465209330546212,-0.7067613301567643,-0.8907479291692971,0.0994185718447298,0.09933303698527828,1784980932.9775624,-0.8463266593765225,-0.708767039300038,-0.8956862623041083,0.07812786102294922,0,0,1784980933.0513833,-0.8363415981019757,-0.6924756719027483,-0.9086406668685065,1784980933.0514207,-0.004706625496822839,0.01689812321713106,-0.017892737699209404,-0.006477167231937006,0.017976551531910984,-0.012954404564398225,1784980933.051465,0.10239594789313052,0.10658609318402062,1784980933.0228374,17450.6015625,nan,nan,49.79047775268555,nan
39.20262789726257,1784980933.0959249,BSMC,circle,circle_dist_bsmc_30cm_yawfree_p02_manual,1784980933.0644302,-0.8428558789651042,-0.7115714192013359,-0.8855668503818486,0.09993028721722612,0.10023031375741881,1784980933.0559244,-0.8408241382841133,-0.7159362728479669,-0.886586476006501,0.04000043869018555,0,0,1784980933.0901823,-0.8337538261603418,-0.6957808502761365,-0.9044429539702519,1784980933.0902255,-0.006465983946174205,0.017040554094570275,-0.018876103588403303,-0.011149946189409178,0.018218371841355163,-0.017856477963750894,1784980933.0902746,0.10030563703370068,0.1060729167744192,1784980933.0733707,17450.65234375,nan,nan,50.226890563964844,nan
39.242727756500244,1784980933.1360247,BSMC,circle,circle_dist_bsmc_30cm_yawfree_p02_manual,1784980933.1137488,-0.839833563073684,-0.7152582399655917,-0.8804379833530622,0.09867976191632216,0.10084966819848389,1784980933.0559244,-0.8408241382841133,-0.7159362728479669,-0.886586476006501,0.08010029792785645,0,0,1784980933.1302137,-0.8310670381029469,-0.6991824968768662,-0.9001082037947763,1784980933.130247,-0.0068120435823568635,0.01699639779922006,-0.019670220441714067,-0.00681573289126291,0.018150366343137703,-0.013521727788275317,1784980933.1302865,0.09989321139250697,0.10451870954788237,1784980933.1279826,17450.70703125,nan,nan,54.841224670410156,nan
39.28239846229553,1784980933.1756954,BSMC,circle,circle_dist_bsmc_30cm_yawfree_p02_manual,1784980933.1641974,-0.8367692412098898,-0.7189549381371544,-0.8751959094593338,0.09739654323358109,0.10133861929881845,1784980933.0559244,-0.8408241382841133,-0.7159362728479669,-0.886586476006501,0.11977100372314453,0,0,1784980933.1705081,-0.828368748249568,-0.7025684445489617,-0.8957786034606088,1784980933.1705475,-0.0071959778918157255,0.01695002525876571,-0.020582694001274993,-0.002486415151056416,0.01810119648092169,-0.009192127454107801,1784980933.1705873,0.09943549809626304,0.1029894413591171,1784980933.1730936,17450.751953125,nan,nan,45.2171516418457,nan
39.32269620895386,1784980933.2159932,BSMC,circle,circle_dist_bsmc_30cm_yawfree_p02_manual,1784980933.2139552,-0.8331347185213895,-0.7236120000886902,-0.8701742741890908,0.09713517739521355,0.101370795831809,1784980933.176657,-0.832728840860301,-0.7260153898746755,-0.8738731291292731,0.039336204528808594,0,0,1784980933.2105763,-0.8256565842904805,-0.705941736480103,-0.8914502133391482,1784980933.2106144,-0.0028683253117888262,0.016870307379574654,-0.016254303879814413,-0.01085348451959477,0.018307655430931505,-0.017577084209875138,1784980933.2106547,0.10458103123970763,0.10463470486695853,1784980933.1730936,17450.751953125,nan,nan,45.2171516418457,nan
39.3625705242157,1784980933.2558675,BSMC,circle,circle_dist_bsmc_30cm_yawfree_p02_manual,1784980933.2139552,-0.8331347185213895,-0.7236120000886902,-0.8701742741890908,0.09713517739521355,0.101370795831809,1784980933.2545943,-0.8274399614698426,-0.7326501153680136,-0.8670500524768457,0.0012731552124023438,0,0,1784980933.25023,-0.82295819289742,-0.7092684627037961,-0.8871667040846936,1784980933.2502716,-0.0044040541547967675,0.017026539445488667,-0.01699242989560279,-0.01492666340321399,0.018546769273758115,-0.020116651607847813,1784980933.250315,0.10275679598904523,0.10429485082135387,1784980933.2234612,17450.802734375,nan,nan,50.31745910644531,nan
39.402525186538696,1784980933.2958221,BSMC,circle,circle_dist_bsmc_30cm_yawfree_p02_manual,1784980933.2640355,-0.8296058090408127,-0.7281132372798483,-0.8661709003940785,0.09584028565879749,0.09808914055751315,1784980933.2545943,-0.8274399614698426,-0.7326501153680136,-0.8670500524768457,0.04122781753540039,0,0,1784980933.2905855,-0.8201950395028194,-0.7126450875247025,-0.8828036040328133,1784980933.2906265,-0.0056886634993583915,0.017189105495514032,-0.016632703638734814,-0.010564268527296191,0.018468520888341028,-0.015753551555967582,1784980933.290673,0.101232617841821,0.1058011896594587,1784980933.2809634,17450.859375,nan,nan,57.423919677734375,nan
39.442681074142456,1784980933.335978,BSMC,circle,circle_dist_bsmc_30cm_yawfree_p02_manual,1784980933.3137534,-0.8263618171741185,-0.7319188677855736,-0.8610526180805635,0.09767565275919639,0.09892822150625702,1784980933.2545943,-0.8274399614698426,-0.7326501153680136,-0.8670500524768457,0.08138370513916016,0,0,1784980933.3302789,-0.8174558549071923,-0.7159629859797263,-0.8785010918639292,1784980933.3303123,-0.006299521838773963,0.017152910910539103,-0.01744847378336567,-0.006262157701222727,0.018409998696382757,-0.011451039387083473,1784980933.3303514,0.10050602773565517,0.10611054723536627,1784980933.324997,17450.904296875,nan,nan,44.008750915527344,nan
39.482505083084106,1784980933.375802,BSMC,circle,circle_dist_bsmc_30cm_yawfree_p02_manual,1784980933.3636744,-0.8228128794066901,-0.7360266764524875,-0.8549813607933429,0.10153852186482988,0.10252234146824753,1784980933.2545943,-0.8274399614698426,-0.7326501153680136,-0.8670500524768457,0.12120771408081055,0,0,1784980933.3702374,-0.8146967206371964,-0.719275882249741,-0.8741896962187872,1784980933.3702736,-0.007313369477667157,0.017116534885236595,-0.01920833542544431,-0.0019509516533614286,0.01836992340939298,-0.007139643741941425,1784980933.3703122,0.09929910719450362,0.10558044508030053,1784980933.324997,17450.904296875,nan,nan,44.008750915527344,nan
39.52302122116089,1784980933.4163182,BSMC,circle,circle_dist_bsmc_30cm_yawfree_p02_manual,1784980933.4138522,-0.8187640753964495,-0.7409678368376985,-0.850401154281803,0.10353473198733826,0.10178712709879986,1784980933.3780951,-0.8185752318486286,-0.7428128280107329,-0.8555171844334293,0.0382230281829834,0,0,1784980933.4105887,-0.8118997807942376,-0.7226047562161713,-0.8698417881987679,1784980933.4106243,-0.0029660956832155876,0.017042474601804712,-0.014860427405425036,-0.01087733069765636,0.018292388836003596,-0.014324603765338619,1784980933.4106624,0.10446731969912827,0.10723628975262535,1784980933.3764203,17450.955078125,nan,nan,51.48353958129883,nan
39.56243824958801,1784980933.4557352,BSMC,circle,circle_dist_bsmc_30cm_yawfree_p02_manual,1784980933.4138522,-0.8187640753964495,-0.7409678368376985,-0.850401154281803,0.10353473198733826,0.10178712709879986,1784980933.3780951,-0.8185752318486286,-0.7428128280107329,-0.8555171844334293,0.07764005661010742,0,0,1784980933.450819,-0.8091030494298824,-0.7259042238207332,-0.8655164879820936,1784980933.450858,-0.0049477823842116716,0.017197886769311374,-0.015115333700290614,-0.006552353732717963,0.018239786073016784,-0.009999303548664296,1784980933.4509013,0.10211464498594416,0.10900518589271327,1784980933.426154,17451.005859375,nan,nan,49.62920379638672,nan
39.6028037071228,1784980933.4961007,BSMC,circle,circle_dist_bsmc_30cm_yawfree_p02_manual,1784980933.4639366,-0.8147799560553974,-0.7457581292549599,-0.8448970421505353,0.10379814998954881,0.1023443527789624,1784980933.4567306,-0.8124876217091129,-0.750158904795966,-0.8439974217498523,0.039370059967041016,0,0,1784980933.4906194,-0.8062989849543959,-0.7291835159169329,-0.8612017964385139,1784980933.490661,-0.006766460347019935,0.017345307506450646,-0.016304754287978618,-0.011562788548371339,0.018562545205174728,-0.01720437468866165,1784980933.4907067,0.09995385625544646,0.10847519555836603,1784980933.4784043,17451.056640625,nan,nan,52.284664154052734,nan
39.642722606658936,1784980933.5360196,BSMC,circle,circle_dist_bsmc_30cm_yawfree_p02_manual,1784980933.514103,-0.8114781611182066,-0.749468030114537,-0.8398087937825962,0.10193903259676344,0.10217836404513728,1784980933.4567306,-0.8124876217091129,-0.750158904795966,-0.8439974217498523,0.07928895950317383,0,0,1784980933.5302558,-0.8034925153539655,-0.7324371530372296,-0.8569050005934823,1784980933.5302987,-0.007348493088611982,0.017315338911523495,-0.017096206810886083,-0.0072664830032318035,0.01849785524060658,-0.01290757884363003,1784980933.5303426,0.09926155595272347,0.10706247743854841,1784980933.5252051,17451.103515625,nan,nan,46.78581619262695,nan
39.68255066871643,1784980933.5758476,BSMC,circle,circle_dist_bsmc_30cm_yawfree_p02_manual,1784980933.5646737,-0.8081121469018816,-0.7532029476106168,-0.8341322826320096,0.10104026282230487,0.10379134951766983,1784980933.4567306,-0.8124876217091129,-0.750158904795966,-0.8439974217498523,0.11911702156066895,0,0,1784980933.570119,-0.8006680080841764,-0.735683374100939,-0.8526019991896734,1784980933.570156,-0.00797586427640106,0.017283988189729236,-0.01846971655766383,-0.0029637338306014744,0.018451572749410942,-0.008604577439821126,1784980933.5701952,0.09851422858436595,0.10492582987194775,1784980933.5252051,17451.103515625,nan,nan,46.78581619262695,nan
39.72239923477173,1784980933.6156962,BSMC,circle,circle_dist_bsmc_30cm_yawfree_p02_manual,1784980933.613852,-0.8042046783011743,-0.7578291471388461,-0.8290268404371784,0.10147349699406104,0.10474088584119139,1784980933.5788295,-0.8039962408531979,-0.7600127792394282,-0.8340957654317904,0.03686666488647461,0,0,1784980933.6103222,-0.7978146597643117,-0.7389343125694084,-0.8482764672301395,1784980933.6103675,-0.0036509107912838018,0.017213455134914218,-0.01414418459812994,-0.011459513739785366,0.018740150660154282,-0.014180701798349071,1784980933.6104116,0.10365556594112019,0.10657480514379741,1784980933.5826712,17451.162109375,nan,nan,57.56436538696289,nan
39.76242208480835,1784980933.655719,BSMC,circle,circle_dist_bsmc_30cm_yawfree_p02_manual,1784980933.613852,-0.8042046783011743,-0.7578291471388461,-0.8290268404371784,0.10147349699406104,0.10474088584119139,1784980933.5788295,-0.8039962408531979,-0.7600127792394282,-0.8340957654317904,0.0768895149230957,0,0,1784980933.6505952,-0.7949324580488982,-0.7421895415810402,-0.8439286364577401,1784980933.650637,-0.005266426275098467,0.017402186204595736,-0.01490179602056163,-0.0071119997859375745,0.01868794848012275,-0.009832871025949654,1784980933.6506855,0.10173676080303094,0.10614140433165278,1784980933.625102,17451.203125,nan,nan,42.40556335449219,nan
39.80239796638489,1784980933.695695,BSMC,circle,circle_dist_bsmc_30cm_yawfree_p02_manual,1784980933.6642466,-0.8002287738868517,-0.7624235283990121,-0.823872454602587,0.1022045031206451,0.10522649245307178,1784980933.6566274,-0.7983276826471553,-0.7661182177327088,-0.8260081723728561,0.03906750679016113,0,0,1784980933.6905975,-0.7920500923480096,-0.7454166449813278,-0.8396017140410524,1784980933.6906435,-0.006922876851374637,0.01755558860867964,-0.01572925943846548,-0.01096539703213071,0.018647340890121298,-0.013593541668196374,1784980933.6906943,0.09976918533433378,0.10611233268005107,1784980933.683483,17451.26171875,nan,nan,58.289791107177734,nan
39.842496156692505,1784980933.735793,BSMC,circle,circle_dist_bsmc_30cm_yawfree_p02_manual,1784980933.7137465,-0.7968062013197389,-0.7661031231328236,-0.8182055877334145,0.10191933108343772,0.10681318223707378,1784980933.6566274,-0.7983276826471553,-0.7661182177327088,-0.8260081723728561,0.07916569709777832,0,0,1784980933.730611,-0.7891702204961498,-0.748613089226736,-0.835299279119788,1784980933.7306485,-0.007546895823984049,0.017528658037518057,-0.01709369138637351,-0.006663247077980282,0.01859811214708385,-0.009291106746931899,1784980933.7306933,0.09902605654972446,0.10444164125837317,1784980933.7285655,17451.306640625,nan,nan,45.12017059326172,nan
39.88262438774109,1784980933.7759213,BSMC,circle,circle_dist_bsmc_30cm_yawfree_p02_manual,1784980933.7640414,-0.7935699700491684,-0.7695614490220142,-0.8136059873310962,0.09914100381489929,0.10434631356296498,1784980933.6566274,-0.7983276826471553,-0.7661182177327088,-0.8260081723728561,0.1192939281463623,0,0,1784980933.770107,-0.7862804243620142,-0.751792948411016,-0.8310024832747571,1784980933.7701454,-0.007906532485305626,0.017502680776011418,-0.017396495943660883,-0.002366564145375751,0.01856742167005848,-0.004994310901901056,1784980933.7701848,0.0985986038962518,0.1040338566699586,1784980933.7285655,17451.306640625,nan,nan,45.12017059326172,nan
39.92292356491089,1784980933.8162205,BSMC,circle,circle_dist_bsmc_30cm_yawfree_p02_manual,1784980933.8138683,-0.7896075694575518,-0.7740041780733019,-0.807825753940063,0.09900728515042552,0.10549688318835088,1784980933.77592,-0.789354861747895,-0.7760046560033821,-0.8105037155751371,0.040300607681274414,0,0,1784980933.8105502,-0.783353883290275,-0.7549854615527724,-0.8266715697310556,1784980933.8105977,-0.0035761246687793565,0.017436719064149644,-0.013065582399959363,-0.01109575587150391,0.018833546650627156,-0.016167854155918482,1784980933.810646,0.10374592183934957,0.10568732880873016,1784980933.77633,17451.35546875,nan,nan,47.46607971191406,nan
39.96271347999573,1784980933.8560104,BSMC,circle,circle_dist_bsmc_30cm_yawfree_p02_manual,1784980933.8138683,-0.7896075694575518,-0.7740041780733019,-0.807825753940063,0.09900728515042552,0.10549688318835088,1784980933.77592,-0.789354861747895,-0.7760046560033821,-0.8105037155751371,0.08009052276611328,0,0,1784980933.850293,-0.7804231104443023,-0.7581549684798803,-0.8223547152541271,1784980933.8503323,-0.005108473339145492,0.017591339694449294,-0.014528961314064115,-0.006779328360871588,0.018773072018488816,-0.011850999678989949,1784980933.8503742,0.10192484344823896,0.1044972454198659,1784980933.8255901,17451.404296875,nan,nan,49.58415603637695,nan
40.00245714187622,1784980933.895754,BSMC,circle,circle_dist_bsmc_30cm_yawfree_p02_manual,1784980933.8640168,-0.7860794257885133,-0.7776788275147246,-0.8020240669934957,0.09993774753707019,0.10713239655532295,1784980933.8670137,-0.7833508356777994,-0.7821852564127392,-0.8043198429874829,0.028740406036376953,0,0,1784980933.8906605,-0.7774513437346939,-0.7613409775001817,-0.8179978722594365,1784980933.8906991,-0.005744368947505177,0.01756050592722425,-0.015973805265940836,-0.010923469401785114,0.018707372471822935,-0.013678029271953607,1784980933.8907435,0.1011676555797419,0.1035345660779444,1784980933.8783727,17451.45703125,nan,nan,52.602020263671875,nan
40.04248523712158,1784980933.9357822,BSMC,circle,circle_dist_bsmc_30cm_yawfree_p02_manual,1784980933.913855,-0.7820429584870643,-0.7820973157858071,-0.7969173261054854,0.10179641001156543,0.10785216956230309,1784980933.8670137,-0.7833508356777994,-0.7821852564127392,-0.8043198429874829,0.06876850128173828,0,0,1784980933.930162,-0.7745219457412569,-0.7644545136164045,-0.8137228859923467,1784980933.9301987,-0.007361672833755245,0.017709880694121723,-0.016805559886861277,-0.0066487710664630975,0.01865803797099575,-0.00940304300486372,1784980933.9302392,0.0992464436557433,0.10405257209552853,1784980933.926062,17451.50390625,nan,nan,47.842159271240234,nan
40.08236002922058,1784980933.975657,BSMC,circle,circle_dist_bsmc_30cm_yawfree_p02_manual,1784980933.964176,-0.7783813704163816,-0.7858342679798677,-0.7913105811743514,0.10257860664805633,0.1084249286849235,1784980933.8670137,-0.7833508356777994,-0.7821852564127392,-0.8043198429874829,0.1086432933807373,0,0,1784980933.970509,-0.7715338570333691,-0.7676031405685234,-0.8093820847533328,1784980933.9705505,-0.00815413591469669,0.017685375701518367,-0.018071503578981463,-0.0023080867709340605,0.01862664280633764,-0.005062241765849906,1784980933.9705937,0.09830340587014615,0.10367409652731455,1784980933.926062,17451.50390625,nan,nan,47.842159271240234,nan
40.12300491333008,1784980934.0163019,BSMC,circle,circle_dist_bsmc_30cm_yawfree_p02_manual,1784980934.0139067,-0.7745919799546535,-0.7898997734430061,-0.7885713960158605,0.09988423344432534,0.10250395687287168,1784980933.9771922,-0.7746368072755241,-0.7908287660980445,-0.7960333946581991,0.03910970687866211,0,0,1784980934.0104501,-0.7685478335134431,-0.7707224328528232,-0.8050639428160775,1784980934.010495,-0.0038365440090485058,0.017616666512001125,-0.013753361641726136,-0.010108200789707655,0.018416419707374124,-0.009030548157878404,1784980934.0105417,0.10343580805461838,0.10532114879523237,1784980933.9904268,17451.568359375,nan,nan,64.32916259765625,nan
40.162822246551514,1784980934.0561192,BSMC,circle,circle_dist_bsmc_30cm_yawfree_p02_manual,1784980934.0139067,-0.7745919799546535,-0.7898997734430061,-0.7885713960158605,0.09988423344432534,0.10250395687287168,1784980934.053979,-0.7684974878117921,-0.7970537337753215,-0.7856879675298724,0.0021402835845947266,0,0,1784980934.0510852,-0.7655177502577257,-0.7738603732581635,-0.8007018212340465,1784980934.0511405,-0.0049814447149888405,0.017742300060410554,-0.01213042521818608,-0.01429855272509056,0.018503032128215732,-0.015013853704174187,1784980934.0511947,0.10207907927108055,0.10790614829295395,1784980934.026361,17451.60546875,nan,nan,36.10353088378906,nan
40.202707052230835,1784980934.096004,BSMC,circle,circle_dist_bsmc_30cm_yawfree_p02_manual,1784980934.0639007,-0.7706328761424214,-0.7940264274386735,-0.7839407320425691,0.09914314328931731,0.10141369117728637,1784980934.053979,-0.7684974878117921,-0.7970537337753215,-0.7856879675298724,0.042025089263916016,0,0,1784980934.090353,-0.7625439259296406,-0.7769135939664442,-0.7964396838210208,1784980934.0904002,-0.006354870337820887,0.017829632861687875,-0.01249895177845173,-0.010036772218222845,0.018448125488657135,-0.010751716291148461,1784980934.0904474,0.10044833293387222,0.10804367598507883,1784980934.0940592,17451.673828125,nan,nan,67.69091796875,nan
40.24237895011902,1784980934.135676,BSMC,circle,circle_dist_bsmc_30cm_yawfree_p02_manual,1784980934.1140256,-0.7670412935242122,-0.7975947305672104,-0.7785143853206027,0.09991459674495644,0.10262842036167465,1784980934.053979,-0.7684974878117921,-0.7970537337753215,-0.7856879675298724,0.08169698715209961,0,0,1784980934.1304219,-0.7594915773910376,-0.78002053864206,-0.7920842312834842,1784980934.130461,-0.006965915545925516,0.017813659256889734,-0.013569845962881466,-0.005681483214049624,0.018410782369114313,-0.006396263753611797,1784980934.1305063,0.09972151480071996,0.10734451652444243,1784980934.1276798,17451.70703125,nan,nan,33.44648742675781,nan
40.28266501426697,1784980934.175962,BSMC,circle,circle_dist_bsmc_30cm_yawfree_p02_manual,1784980934.1643548,-0.763236125238477,-0.8013331364893157,-0.7728116607159349,0.10206368147609908,0.10434365462960175,1784980934.053979,-0.7684974878117921,-0.7970537337753215,-0.7856879675298724,0.12198305130004883,0,0,1784980934.1705892,-0.7564626540781748,-0.783077056673285,-0.7877811268828501,1784980934.1706355,-0.007896030157353236,0.01779935587494383,-0.01496946616691519,-0.001378420899053722,0.018392517001091936,-0.0020931593529777137,1784980934.1706831,0.09861531184364784,0.10707681317332415,1784980934.1276798,17451.70703125,nan,nan,33.44648742675781,nan
40.322502851486206,1784980934.2157998,BSMC,circle,circle_dist_bsmc_30cm_yawfree_p02_manual,1784980934.2137115,-0.7586534584956001,-0.8059335541724172,-0.7671029694531835,0.10560183315550441,0.10546687850849973,1784980934.1768103,-0.7582404828074236,-0.8073017184302338,-0.7697550159583749,0.03898954391479492,0,0,1784980934.2101545,-0.7534239446776211,-0.7861171871080681,-0.783482734587013,1784980934.2101882,-0.003597994405906772,0.017744250877019023,-0.01067107387107813,-0.01128490702773672,0.018564328166432505,-0.013727718628638086,1784980934.2102292,0.10372303162039063,0.10872330094741825,1784980934.1959004,17451.775390625,nan,nan,68.18655395507812,nan
