t,ros_time,controller,trajectory,run_id,odom_stamp,odom_x,odom_y,odom_yaw,odom_v,odom_w,camera_stamp,camera_x,camera_y,camera_yaw,camera_age_s,disturbance_event,control_paused,desired_stamp,desired_x,desired_y,desired_yaw,error_stamp,error_ex,error_ey,error_etheta,camera_error_ex,camera_error_ey,camera_error_etheta,cmd_stamp,cmd_v,cmd_w,espnow_link_stamp,espnow_rx_time,espnow_robot_time_ms,espnow_seq,espnow_interarrival_ms,espnow_seq_gap
0.04406428337097168,1784980652.5188491,BSMC,circle,circle_dist_bsmc_30cm_yawfree_p01,1784980652.475429,1.0030856361622351,-0.05104934885254076,1.5929488209856186,1.103600445201167e-06,-3.4969490064265823e-05,nan,nan,nan,nan,nan,0,0,nan,nan,nan,nan,nan,nan,nan,nan,nan,nan,nan,1784980652.5139365,0.0,0.0,1784980652.4822297,17170.060546875,nan,nan,49.399566650390625,nan
0.08328008651733398,1784980652.558065,BSMC,circle,circle_dist_bsmc_30cm_yawfree_p01,1784980652.525318,1.0030856359243747,-0.05104933810339434,1.5929475709227887,7.751055385768989e-07,-3.3284955617529554e-05,nan,nan,nan,nan,nan,0,0,nan,nan,nan,nan,nan,nan,nan,nan,nan,nan,nan,1784980652.5539753,0.0,0.0,1784980652.5377407,17170.115234375,nan,nan,55.05586242675781,nan
0.1234140396118164,1784980652.598199,BSMC,circle,circle_dist_bsmc_30cm_yawfree_p01,1784980652.5752194,1.0030845026017294,-0.05104873437865302,1.592943224424297,9.201849093665663e-07,-3.5750801872762975e-05,1784980652.5701935,1.0030770434128669,-0.05104582456339339,1.5929323482460553,0.028005361557006836,0,0,nan,nan,nan,nan,nan,nan,nan,nan,nan,nan,nan,1784980652.593371,0.0,0.0,1784980652.5833373,17170.162109375,nan,nan,46.94259262084961,nan
0.16327261924743652,1784980652.6380575,BSMC,circle,circle_dist_bsmc_30cm_yawfree_p01,1784980652.6257117,1.0030845023964277,-0.051048725102317845,1.5929419293123994,6.430764303517739e-07,-3.401160120129992e-05,1784980652.5701935,1.0030770434128669,-0.05104582456339339,1.5929323482460553,0.06786394119262695,0,0,nan,nan,nan,nan,nan,nan,nan,nan,nan,nan,nan,1784980652.634072,0.0,0.0,1784980652.5833373,17170.162109375,nan,nan,46.94259262084961,nan
0.2042086124420166,1784980652.6789935,BSMC,circle,circle_dist_bsmc_30cm_yawfree_p01,1784980652.675447,1.0030824856334035,-0.05104823731422096,1.5929307776562622,7.304488848407266e-07,-4.48342293055203e-05,1784980652.6508768,1.0030688494216478,-0.051045868698607895,1.5928965206647976,0.028116703033447266,0,0,nan,nan,nan,nan,nan,nan,nan,nan,nan,nan,nan,1784980652.673762,0.0,0.0,1784980652.6384273,17170.216796875,nan,nan,55.05857467651367,nan
0.2438678741455078,1784980652.7186527,BSMC,circle,circle_dist_bsmc_30cm_yawfree_p01,1784980652.675447,1.0030824856334035,-0.05104823731422096,1.5929307776562622,7.304488848407266e-07,-4.48342293055203e-05,1784980652.6508768,1.0030688494216478,-0.051045868698607895,1.5928965206647976,0.06777596473693848,0,0,nan,nan,nan,nan,nan,nan,nan,nan,nan,nan,nan,1784980652.7136087,0.0,0.0,1784980652.6840274,17170.26171875,nan,nan,45.05243682861328,nan
0.28371143341064453,1784980652.7584963,BSMC,circle,circle_dist_bsmc_30cm_yawfree_p01,1784980652.725615,1.0030824854908036,-0.05104823086397718,1.5929291830332166,5.130582969197671e-07,-4.2632413068829895e-05,1784980652.6508768,1.0030688494216478,-0.051045868698607895,1.5928965206647976,0.1076195240020752,0,0,nan,nan,nan,nan,nan,nan,nan,nan,nan,nan,nan,1784980652.75352,0.0,0.0,1784980652.740368,17170.318359375,nan,nan,57.001686096191406,nan
0.3232686519622803,1784980652.7980535,BSMC,circle,circle_dist_bsmc_30cm_yawfree_p01,1784980652.7752416,1.0030806812413573,-0.05104781511741925,1.5929205581145993,6.305454746666852e-07,-4.982328555630912e-05,1784980652.7687778,1.0030688494216478,-0.051045868698607895,1.5928965206647976,0.02927565574645996,0,0,nan,nan,nan,nan,nan,nan,nan,nan,nan,nan,nan,1784980652.7934496,0.0,0.0,1784980652.783343,17170.361328125,nan,nan,42.15095138549805,nan
0.36413121223449707,1784980652.838916,BSMC,circle,circle_dist_bsmc_30cm_yawfree_p01,1784980652.8255851,1.0030806811073993,-0.05104780905557051,1.5929187787270083,4.4450543908544707e-07,-4.7388406127537715e-05,1784980652.7687778,1.0030688494216478,-0.051045868698607895,1.5928965206647976,0.07013821601867676,0,0,nan,nan,nan,nan,nan,nan,nan,nan,nan,nan,nan,1784980652.83338,0.0,0.0,1784980652.8334692,17170.41015625,nan,nan,49.733211517333984,nan
0.40319108963012695,1784980652.877976,BSMC,circle,circle_dist_bsmc_30cm_yawfree_p01,1784980652.8755925,1.0030792207786543,-0.0510474818167756,1.5929048040808902,5.032727926142242e-07,-6.0546558564912435e-05,1784980652.8489766,1.0030693799537311,-0.05104590964051836,1.5928632333075705,0.02899932861328125,0,0,nan,nan,nan,nan,nan,nan,nan,nan,nan,nan,nan,1784980652.873512,0.0,0.0,1784980652.8334692,17170.41015625,nan,nan,49.733211517333984,nan
0.44347357749938965,1784980652.9182584,BSMC,circle,circle_dist_bsmc_30cm_yawfree_p01,1784980652.8755925,1.0030792207786543,-0.0510474818167756,1.5929048040808902,5.032727926142242e-07,-6.0546558564912435e-05,1784980652.8489766,1.0030693799537311,-0.05104590964051836,1.5928632333075705,0.06928181648254395,0,0,nan,nan,nan,nan,nan,nan,nan,nan,nan,nan,nan,1784980652.9142206,0.0,0.0,1784980652.8879395,17170.466796875,nan,nan,55.143760681152344,nan
0.4832437038421631,1784980652.9580286,BSMC,circle,circle_dist_bsmc_30cm_yawfree_p01,1784980652.9260824,1.0030792206834729,-0.0510474775039692,1.592902648537144,3.488984005471178e-07,-5.75344784951401e-05,1784980652.8489766,1.0030693799537311,-0.05104590964051836,1.5928632333075705,0.10905194282531738,0,0,nan,nan,nan,nan,nan,nan,nan,nan,nan,nan,nan,1784980652.953689,0.0,0.0,1784980652.9337935,17170.51171875,nan,nan,44.97124481201172,nan
0.5233731269836426,1784980652.998158,BSMC,circle,circle_dist_bsmc_30cm_yawfree_p01,1784980652.975233,1.003077908468649,-0.05104719833363035,1.5928920306609866,4.3647829829835393e-07,-6.605387927740227e-05,1784980652.9717708,1.0030693799537311,-0.05104590964051836,1.5928632333075705,0.02638721466064453,0,0,nan,nan,nan,nan,nan,nan,nan,nan,nan,nan,nan,1784980652.9936051,0.0,0.0,1784980652.986629,17170.56640625,nan,nan,54.22232437133789,nan
0.5634350776672363,1784980653.03822,BSMC,circle,circle_dist_bsmc_30cm_yawfree_p01,1784980653.0254812,1.0030779083763774,-0.051047194150668086,1.5928896815938844,3.028595209443985e-07,-6.279406222988395e-05,1784980652.9717708,1.0030693799537311,-0.05104590964051836,1.5928632333075705,0.06644916534423828,0,0,nan,nan,nan,nan,nan,nan,nan,nan,nan,nan,nan,1784980653.0341477,0.0,0.0,1784980653.033864,17170.611328125,nan,nan,46.058265686035156,nan
0.6033101081848145,1784980653.078095,BSMC,circle,circle_dist_bsmc_30cm_yawfree_p01,1784980653.0755224,1.0030848295872894,-0.05105012694084407,1.5930156496285262,-1.4668068761563172e-06,0.00010184126335103937,1784980653.0505092,1.003131191524111,-0.0510645769433221,1.5934551752619392,0.027585744857788086,0,0,nan,nan,nan,nan,nan,nan,nan,nan,nan,nan,nan,1784980653.0738742,0.0,0.0,1784980653.033864,17170.611328125,nan,nan,46.058265686035156,nan
0.6436843872070312,1784980653.1184692,BSMC,circle,circle_dist_bsmc_30cm_yawfree_p01,1784980653.0755224,1.0030848295872894,-0.05105012694084407,1.5930156496285262,-1.4668068761563172e-06,0.00010184126335103937,1784980653.0505092,1.003131191524111,-0.0510645769433221,1.5934551752619392,0.06796002388000488,0,0,nan,nan,nan,nan,nan,nan,nan,nan,nan,nan,nan,1784980653.1138587,0.0,0.0,1784980653.0833488,17170.662109375,nan,nan,50.68192672729492,nan
0.6834602355957031,1784980653.158245,BSMC,circle,circle_dist_bsmc_30cm_yawfree_p01,1784980653.1254382,1.0030848298555233,-0.051050138850777665,1.5930192167764248,-1.025396206741705e-06,9.682203570572168e-05,1784980653.0505092,1.003131191524111,-0.0510645769433221,1.5934551752619392,0.10773587226867676,0,0,nan,nan,nan,nan,nan,nan,nan,nan,nan,nan,nan,1784980653.153675,0.0,0.0,1784980653.1329546,17170.7109375,nan,nan,49.63280487060547,nan
0.7232639789581299,1784980653.1980488,BSMC,circle,circle_dist_bsmc_30cm_yawfree_p01,1784980653.175522,1.003090571266238,-0.051052488714610496,1.5931129173598348,-2.2374887769465645e-06,0.00020968666462127425,1784980653.1689007,1.0031279297748592,-0.05106360418481248,1.5934115862803935,0.029148101806640625,0,0,nan,nan,nan,nan,nan,nan,nan,nan,nan,nan,nan,1784980653.193482,0.0,0.0,1784980653.183326,17170.76171875,nan,nan,50.1954345703125,nan
0.7632904052734375,1784980653.2380753,BSMC,circle,circle_dist_bsmc_30cm_yawfree_p01,1784980653.225558,1.0030905717206688,-0.051052508755380144,1.593120332411673,-1.5617187104404848e-06,0.00019940554495813417,1784980653.1689007,1.0031279297748592,-0.05106360418481248,1.5934115862803935,0.06917452812194824,0,0,nan,nan,nan,nan,nan,nan,nan,nan,nan,nan,nan,1784980653.2332902,0.0,0.0,1784980653.233385,17170.8125,nan,nan,49.99489212036133,nan
0.8035538196563721,1784980653.2783387,BSMC,circle,circle_dist_bsmc_30cm_yawfree_p01,1784980653.2752748,1.003095486659797,-0.05105442354180763,1.5931927826917223,-2.257734524849374e-06,0.0002733933154918082,1784980653.2598367,1.0031279297748592,-0.05106360418481248,1.5934115862803935,0.018501996994018555,0,0,nan,nan,nan,nan,nan,nan,nan,nan,nan,nan,nan,1784980653.2736151,0.0,0.0,1784980653.233385,17170.8125,nan,nan,49.99489212036133,nan
0.8436274528503418,1784980653.3184123,BSMC,circle,circle_dist_bsmc_30cm_yawfree_p01,1784980653.2752748,1.003095486659797,-0.05105442354180763,1.5931927826917223,-2.257734524849374e-06,0.0002733933154918082,1784980653.2598367,1.0031279297748592,-0.05106360418481248,1.5934115862803935,0.05857563018798828,0,0,nan,nan,nan,nan,nan,nan,nan,nan,nan,nan,nan,1784980653.3137636,0.0,0.0,1784980653.2836025,17170.86328125,nan,nan,50.358360290527344,nan
0.8834893703460693,1784980653.3582742,BSMC,circle,circle_dist_bsmc_30cm_yawfree_p01,1784980653.3255382,1.0030954871056263,-0.05105444316679651,1.5932024911223543,-1.5744940805541987e-06,0.0002599607154444763,1784980653.2598367,1.0031279297748592,-0.05106360418481248,1.5934115862803935,0.09843754768371582,0,0,nan,nan,nan,nan,nan,nan,nan,nan,nan,nan,nan,1784980653.3542337,0.0,0.0,1784980653.3341496,17170.912109375,nan,nan,50.68808364868164,nan
0.9236395359039307,1784980653.3984244,BSMC,circle,circle_dist_bsmc_30cm_yawfree_p01,1784980653.3752396,1.003099824493522,-0.051056053414967655,1.5932577530116532,-2.165125090813641e-06,0.00030759007884470957,1784980653.3735433,1.0031279297748592,-0.05106360418481248,1.5934115862803935,0.02488112449645996,0,0,nan,nan,nan,nan,nan,nan,nan,nan,nan,nan,nan,1784980653.3945074,0.0,0.0,1784980653.384137,17170.962890625,nan,nan,50.03242111206055,nan
0.963641881942749,1784980653.4384267,BSMC,circle,circle_dist_bsmc_30cm_yawfree_p01,1784980653.425717,1.0030998249787288,-0.05105607479285669,1.5932687873212608,-1.5111114336588081e-06,0.0002925578958413216,1784980653.3735433,1.0031279297748592,-0.05106360418481248,1.5934115862803935,0.06488347053527832,0,0,nan,nan,nan,nan,nan,nan,nan,nan,nan,nan,nan,1784980653.4335268,0.0,0.0,1784980653.384137,17170.962890625,nan,nan,50.03242111206055,nan
1.0031323432922363,1784980653.4779172,BSMC,circle,circle_dist_bsmc_30cm_yawfree_p01,1784980653.4751709,1.0031034829779866,-0.05105736680162235,1.5933099451150845,-1.7146190408503763e-06,0.0003164344424023354,1784980653.4528697,1.0031279297748592,-0.05106360418481248,1.5934115862803935,0.02504754066467285,0,0,nan,nan,nan,nan,nan,nan,nan,nan,nan,nan,nan,1784980653.4740462,0.0,0.0,1784980653.4592376,17171.037109375,nan,nan,74.9940185546875,nan
1.0440268516540527,1784980653.5188117,BSMC,circle,circle_dist_bsmc_30cm_yawfree_p01,1784980653.4751709,1.0031034829779866,-0.05105736680162235,1.5933099451150845,-1.7146190408503763e-06,0.0003164344424023354,1784980653.4528697,1.0031279297748592,-0.05106360418481248,1.5934115862803935,0.06594204902648926,0,0,1784980653.514578,1.0031034829779866,-0.05105736680162235,1.5933099451150845,nan,nan,nan,nan,6.7886117318729776e-06,2.4299497466949323e-05,-0.00010164116530897438,1784980653.5147078,0.0,0.0,1784980653.4854143,17171.064453125,nan,nan,26.063249588012695,nan
1.083310604095459,1784980653.5580955,BSMC,circle,circle_dist_bsmc_30cm_yawfree_p01,1784980653.5252745,1.0031034833783825,-0.05105738447333502,1.5933211346615819,-1.2197358726177297e-06,0.00030083605703909455,1784980653.4528697,1.0031279297748592,-0.05106360418481248,1.5934115862803935,0.10522580146789551,0,0,1784980653.554491,1.0031034833783825,-0.05105738447333502,1.5933211346615819,nan,nan,nan,nan,6.770935483822969e-06,2.4299496789699163e-05,-9.045161881160445e-05,1784980653.5545936,0.0,0.0,1784980653.4854143,17171.064453125,nan,nan,26.063249588012695,nan
1.1234877109527588,1784980653.5982726,BSMC,circle,circle_dist_bsmc_30cm_yawfree_p01,1784980653.57617,1.0031067453375315,-0.05105848251918691,1.5933501155086665,-1.4948344691736327e-06,0.00030920068304646914,1784980653.5715225,1.0031279297748592,-0.05106360418481248,1.5934115862803935,0.02675008773803711,0,0,1784980653.593661,1.0031067453375315,-0.05105848251918691,1.5933501155086665,nan,nan,nan,nan,5.599406653254912e-06,2.1063202244723347e-05,-6.147077172702353e-05,1784980653.5937185,0.0,0.0,1784980653.5863526,17171.166015625,nan,nan,28.003324508666992,nan
1.1633844375610352,1784980653.6381693,BSMC,circle,circle_dist_bsmc_30cm_yawfree_p01,1784980653.6252918,1.0031067457241634,-0.05105849959404585,1.593361023464825,-1.0729146277462809e-06,0.00029411473332106267,1784980653.5715225,1.0031279297748592,-0.05106360418481248,1.5934115862803935,0.06664681434631348,0,0,1784980653.6340675,1.0031067457241634,-0.05105849959404585,1.593361023464825,nan,nan,nan,nan,5.582327417566284e-06,2.1063201831202997e-05,-5.056281556847785e-05,1784980653.6341252,0.0,0.0,1784980653.5863526,17171.166015625,nan,nan,28.003324508666992,nan
1.204024314880371,1784980653.6788092,BSMC,circle,circle_dist_bsmc_30cm_yawfree_p01,1784980653.6751964,1.0031095083490909,-0.05105938159026422,1.5933814270774318,-1.1836753040840009e-06,0.0002915079765588502,1784980653.6537526,1.0031279297748592,-0.05106360418481248,1.5934115862803935,0.02505660057067871,0,0,1784980653.6737053,1.0031067457241634,-0.05105849959404585,1.593361023464825,nan,nan,nan,nan,5.582327417566284e-06,2.1063201831202997e-05,-5.056281556847785e-05,1784980653.673759,0.0,0.0,1784980653.6656842,17171.244140625,nan,nan,79.21674346923828,nan
1.2434489727020264,1784980653.7182338,BSMC,circle,circle_dist_bsmc_30cm_yawfree_p01,1784980653.6751964,1.0031095083490909,-0.05105938159026422,1.5933814270774318,-1.1836753040840009e-06,0.0002915079765588502,1784980653.6537526,1.0031279297748592,-0.05106360418481248,1.5934115862803935,0.06448125839233398,0,0,1784980653.7135773,1.0031095083490909,-0.05105938159026422,1.5933814270774318,nan,nan,nan,nan,4.638084583998176e-06,1.832122821891966e-05,-3.0159202961677067e-05,1784980653.7136393,0.0,0.0,1784980653.68804,17171.267578125,nan,nan,22.394023895263672,nan
1.284865140914917,1784980653.75965,BSMC,circle,circle_dist_bsmc_30cm_yawfree_p01,1784980653.7254174,1.0031095086665702,-0.0510593956177855,1.593391787657431,-8.532754715511825e-07,0.00027720975003537343,1784980653.6537526,1.0031279297748592,-0.05106360418481248,1.5934115862803935,0.10589742660522461,0,0,1784980653.7540188,1.0031095086665702,-0.0510593956177855,1.593391787657431,nan,nan,nan,nan,4.62405347048994e-06,1.8321228029720055e-05,-1.9798622962419188e-05,1784980653.7540796,0.0,0.0,1784980653.68804,17171.267578125,nan,nan,22.394023895263672,nan
1.3235619068145752,1784980653.7983468,BSMC,circle,circle_dist_bsmc_30cm_yawfree_p01,1784980653.776165,1.0031095088875241,-0.05105940539380646,1.5934012891147449,-5.729874367857899e-07,0.0002622793299210348,1784980653.7796035,1.0031279297748592,-0.05106360418481248,1.5934115862803935,0.018743276596069336,0,0,1784980653.793494,1.0031095088875241,-0.05105940539380646,1.5934012891147449,nan,nan,nan,nan,4.614274952886856e-06,1.832122820070476e-05,-1.0297165648598394e-05,1784980653.7935538,0.0,0.0,1784980653.7907073,17171.369140625,nan,nan,24.376922607421875,nan
1.363187551498413,1784980653.8379724,BSMC,circle,circle_dist_bsmc_30cm_yawfree_p01,1784980653.8256843,1.0031120000633846,-0.0510601647220748,1.5934125579805167,-7.588667495273119e-07,0.00025194667066855733,1784980653.7796035,1.0031279297748592,-0.05106360418481248,1.5934115862803935,0.05836892127990723,0,0,1784980653.8335688,1.0031120000633846,-0.0510601647220748,1.5934125579805167,nan,nan,nan,nan,3.798807069241794e-06,1.584786031102247e-05,9.717001232534273e-07,1784980653.833627,0.0,0.0,1784980653.835456,17171.4140625,nan,nan,44.9017219543457,nan
1.4039266109466553,1784980653.8787115,BSMC,circle,circle_dist_bsmc_30cm_yawfree_p01,1784980653.8753743,1.0031140603327129,-0.051060753466480355,1.5934202460981013,-8.577342714749846e-07,0.00023827935698898868,1784980653.8498309,1.0031279297748592,-0.05106360418481248,1.5934115862803935,0.028880596160888672,0,0,1784980653.8737345,1.0031120000633846,-0.0510601647220748,1.5934125579805167,nan,nan,nan,nan,3.798807069241794e-06,1.584786031102247e-05,9.717001232534273e-07,1784980653.8738024,0.0,0.0,1784980653.835456,17171.4140625,nan,nan,44.9017219543457,nan
1.443232774734497,1784980653.9180176,BSMC,circle,circle_dist_bsmc_30cm_yawfree_p01,1784980653.8753743,1.0031140603327129,-0.051060753466480355,1.5934202460981013,-8.577342714749846e-07,0.00023827935698898868,1784980653.8498309,1.0031279297748592,-0.05106360418481248,1.5934115862803935,0.06818675994873047,0,0,1784980653.9147122,1.0031140603327129,-0.051060753466480355,1.5934202460981013,nan,nan,nan,nan,3.1636236600624834e-06,1.3801431295221643e-05,8.659817707812323e-06,1784980653.9148107,0.0,0.0,1784980653.8932579,17171.470703125,nan,nan,57.039405822753906,nan
1.483365774154663,1784980653.9581506,BSMC,circle,circle_dist_bsmc_30cm_yawfree_p01,1784980653.9256723,1.0031140605436646,-0.05106076278224171,1.5934287589373495,-5.978016616466785e-07,0.0002265067812253195,1784980653.8498309,1.0031279297748592,-0.05106360418481248,1.5934115862803935,0.10831975936889648,0,0,1784980653.953827,1.0031140605436646,-0.05106076278224171,1.5934287589373495,nan,nan,nan,nan,3.1543055105562875e-06,1.3801431057866685e-05,1.717265695599934e-05,1784980653.9538898,0.0,0.0,1784980653.935388,17171.513671875,nan,nan,42.78205871582031,nan
1.5236339569091797,1784980653.9984188,BSMC,circle,circle_dist_bsmc_30cm_yawfree_p01,1784980653.9755032,1.0031159081316667,-0.05106126381183614,1.5934308006036155,-7.4566835113931e-07,0.00020778132232028473,1784980653.9711988,1.0031279297748592,-0.05106360418481248,1.5934115862803935,0.02722001075744629,0,0,1784980653.993721,1.0031159081316667,-0.05106126381183614,1.5934308006036155,nan,nan,nan,nan,2.611623915976447e-06,1.1965645458436634e-05,1.9214323222049856e-05,1784980653.9937742,0.0,0.0,1784980653.9856088,17171.564453125,nan,nan,50.06294250488281,nan
1.5634124279022217,1784980654.0381973,BSMC,circle,circle_dist_bsmc_30cm_yawfree_p01,1784980654.0253649,1.0031159083043801,-0.05106127143861677,1.5934381575808612,-5.235784226233101e-07,0.000197674789338714,1784980653.9711988,1.0031279297748592,-0.05106360418481248,1.5934115862803935,0.06699848175048828,0,0,1784980654.0336637,1.0031159083043801,-0.05106127143861677,1.5934381575808612,nan,nan,nan,nan,2.603995179995603e-06,1.1965645256123503e-05,2.6571300467681525e-05,1784980654.0337183,0.0,0.0,1784980654.035512,17171.615234375,nan,nan,50.12755584716797,nan
1.6032729148864746,1784980654.0780578,BSMC,circle,circle_dist_bsmc_30cm_yawfree_p01,1784980654.0755253,1.003113424708528,-0.05105854303411057,1.593308711571596,1.1389995164100467e-06,1.6770412359961353e-05,1784980654.0520325,1.0030968829597104,-0.051044914702428806,1.5928369279631878,0.02602529525756836,0,0,1784980654.0736852,1.0031159083043801,-0.05106127143861677,1.5934381575808612,nan,nan,nan,nan,-1.6772059478757485e-05,-1.866024060306225e-05,0.0006012296176733933,1784980654.0737529,0.0,0.0,1784980654.035512,17171.615234375,nan,nan,50.12755584716797,nan
1.6433908939361572,1784980654.1181757,BSMC,circle,circle_dist_bsmc_30cm_yawfree_p01,1784980654.0755253,1.003113424708528,-0.05105854303411057,1.593308711571596,1.1389995164100467e-06,1.6770412359961353e-05,1784980654.0520325,1.0030968829597104,-0.051044914702428806,1.5928369279631878,0.06614327430725098,0,0,1784980654.1136343,1.003113424708528,-0.05105854303411057,1.593308711571596,nan,nan,nan,nan,-1.3989582145205902e-05,-1.6237378784008344e-05,0.0004717836084082716,1784980654.113698,0.0,0.0,1784980654.085446,17171.6640625,nan,nan,50.04808044433594,nan
1.6833324432373047,1784980654.1581173,BSMC,circle,circle_dist_bsmc_30cm_yawfree_p01,1784980654.1255472,1.003113424484292,-0.05105853294807103,1.5933093039751784,7.959273168949272e-07,1.594721880064678e-05,1784980654.0520325,1.0030968829597104,-0.051044914702428806,1.5928369279631878,0.10608482360839844,0,0,1784980654.1536002,1.003113424484292,-0.05105853294807103,1.5933093039751784,nan,nan,nan,nan,-1.3979493613505213e-05,-1.6237376886885365e-05,0.0004723760119906828,1784980654.1536539,0.0,0.0,1784980654.1399808,17171.71875,nan,nan,54.36181640625,nan
1.7232005596160889,1784980654.1979854,BSMC,circle,circle_dist_bsmc_30cm_yawfree_p01,1784980654.1756845,1.0031112092819547,-0.05105618145386326,1.5932003534986083,2.024500094638449e-06,-0.0001273953424162116,1784980654.1712608,1.0030968829597104,-0.051044914702428806,1.5928369279631878,0.026724576950073242,0,0,1784980654.193594,1.0031112092819547,-0.05105618145386326,1.5932003534986083,nan,nan,nan,nan,-1.157975010829641e-05,-1.4074536737049062e-05,0.00036342553542056955,1784980654.193654,0.0,0.0,1784980654.191547,17171.76953125,nan,nan,51.486976623535156,nan
1.7631902694702148,1784980654.2379751,BSMC,circle,circle_dist_bsmc_30cm_yawfree_p01,1784980654.2256968,1.0031112088430985,-0.05105616154593294,1.5931958373276671,1.4040705143786136e-06,-0.00012110263542798156,1784980654.1712608,1.0030968829597104,-0.051044914702428806,1.5928369279631878,0.06671428680419922,0,0,1784980654.2337599,1.0031112088430985,-0.05105616154593294,1.5931958373276671,nan,nan,nan,nan,-1.1559837341427123e-05,-1.4074536734582866e-05,0.00035890936447935395,1784980654.2338183,0.0,0.0,1784980654.2362149,17171.814453125,nan,nan,44.803489685058594,nan
1.803297758102417,1784980654.2780826,BSMC,circle,circle_dist_bsmc_30cm_yawfree_p01,1784980654.2757187,1.0031093240318505,-0.05105425048467205,1.5931105790277111,2.0819120531836816e-06,-0.00021808999938312853,1784980654.258277,1.0030968829597104,-0.051044914702428806,1.5928369279631878,0.0198056697845459,0,0,1784980654.274548,1.0031112088430985,-0.05105616154593294,1.5931958373276671,nan,nan,nan,nan,-1.1559837341427123e-05,-1.4074536734582866e-05,0.00035890936447935395,1784980654.2746317,0.0,0.0,1784980654.2362149,17171.814453125,nan,nan,44.803489685058594,nan
1.8433053493499756,1784980654.3180902,BSMC,circle,circle_dist_bsmc_30cm_yawfree_p01,1784980654.2757187,1.0031093240318505,-0.05105425048467205,1.5931105790277111,2.0819120531836816e-06,-0.00021808999938312853,1784980654.258277,1.0030968829597104,-0.051044914702428806,1.5928369279631878,0.05981326103210449,0,0,1784980654.313809,1.0031093240318505,-0.05105425048467205,1.5931105790277111,nan,nan,nan,nan,-9.607701237542439e-06,-1.2232300806355938e-05,0.0002736510645233725,1784980654.3138738,0.0,0.0,1784980654.2919216,17171.87109375,nan,nan,55.678977966308594,nan
1.8832404613494873,1784980654.3580253,BSMC,circle,circle_dist_bsmc_30cm_yawfree_p01,1784980654.325665,1.003109323610891,-0.051054231330997395,1.5931028899674564,1.4388841306730544e-06,-0.00020724626221553993,1784980654.258277,1.0030968829597104,-0.051044914702428806,1.5928369279631878,0.09974837303161621,0,0,1784980654.3533933,1.003109323610891,-0.051054231330997395,1.5931028899674564,nan,nan,nan,nan,-9.588542937565412e-06,-1.2232302073435705e-05,0.00026596200426864947,1784980654.3534505,0.0,0.0,1784980654.339435,17171.91796875,nan,nan,47.57066345214844,nan
1.9235882759094238,1784980654.3983731,BSMC,circle,circle_dist_bsmc_30cm_yawfree_p01,1784980654.3759139,1.003108492572393,-0.051053061535617665,1.5930643345963595,1.7366419132839114e-06,-0.00023780345833197797,1784980654.3722765,1.0031031449427479,-0.0510475030513651,1.5929600824501855,0.026096582412719727,0,0,1784980654.3934472,1.003108492572393,-0.051053061535617665,1.5930643345963595,nan,nan,nan,nan,-5.675632908868797e-06,-5.223129434635253e-06,0.00010425214617404421,1784980654.3935187,0.0,0.0,1784980654.3866155,17171.96484375,nan,nan,47.036354064941406,nan
1.9635305404663086,1784980654.4383154,BSMC,circle,circle_dist_bsmc_30cm_yawfree_p01,1784980654.4256885,1.0031084921917202,-0.05105304429018291,1.5930559595518339,1.2182421087494775e-06,-0.0002261844720878714,1784980654.3722765,1.0031031449427479,-0.0510475030513651,1.5929600824501855,0.06603884696960449,0,0,1784980654.433599,1.0031084921917202,-0.05105304429018291,1.5930559595518339,nan,nan,nan,nan,-5.658383273248058e-06,-5.223131047613588e-06,9.587710164837837e-05,1784980654.4336543,0.0,0.0,1784980654.3866155,17171.96484375,nan,nan,47.036354064941406,nan
2.003190040588379,1784980654.477975,BSMC,circle,circle_dist_bsmc_30cm_yawfree_p01,1784980654.4753778,1.0031078404585319,-0.051051966061184256,1.5930399105102222,1.4162436481858992e-06,-0.00022516565380871245,1784980654.4508967,1.003103504419384,-0.0510466351426971,1.593015774624236,0.02707815170288086,0,0,1784980654.4742904,1.0031084921917202,-0.05105304429018291,1.5930559595518339,nan,nan,nan,nan,-6.51838186874032e-06,-4.8441451450775955e-06,4.0184927597941567e-05,1784980654.474361,0.0,0.0,1784980654.4421666,17172.021484375,nan,nan,55.757930755615234,nan
2.0435147285461426,1784980654.5182996,BSMC,circle,circle_dist_bsmc_30cm_yawfree_p01,1784980654.4753778,1.0031078404585319,-0.051051966061184256,1.5930399105102222,1.4162436481858992e-06,-0.00022516565380871245,1784980654.4508967,1.003103504419384,-0.0510466351426971,1.593015774624236,0.06740283966064453,0,0,1784980654.5135202,1.0031078404585319,-0.051051966061184256,1.5930399105102222,nan,nan,nan,nan,-5.4259390620064845e-06,-4.21652851345006e-06,2.4135885986265038e-05,1784980654.5135784,0.0,0.0,1784980654.4874601,17172.06640625,nan,nan,45.146385192871094,nan
2.083547353744507,1784980654.5583322,BSMC,circle,circle_dist_bsmc_30cm_yawfree_p01,1784980654.5257642,1.0031078401539983,-0.0510519523156306,1.593031878618321,9.93749755930933e-07,-0.00021407460499471684,1784980654.4508967,1.003103504419384,-0.0510466351426971,1.593015774624236,0.10743546485900879,0,0,1784980654.5539246,1.0031078401539983,-0.0510519523156306,1.593031878618321,nan,nan,nan,nan,-5.4121901353200556e-06,-4.216529448593985e-06,1.6103994085137074e-05,1784980654.5539906,0.0,0.0,1784980654.5399747,17172.119140625,nan,nan,52.358421325683594,nan
2.123624324798584,1784980654.5984092,BSMC,circle,circle_dist_bsmc_30cm_yawfree_p01,1784980654.5754683,1.0031072582264007,-0.05105103211801352,1.5930225131899312,1.2542656263571976e-06,-0.00020594780908738945,1784980654.57099,1.003103504419384,-0.0510466351426971,1.593015774624236,0.027419090270996094,0,0,1784980654.594122,1.0031072582264007,-0.05105103211801352,1.5930225131899312,nan,nan,nan,nan,-4.479290615467246e-06,-3.6551900955558657e-06,6.738565695219023e-06,1784980654.5941954,0.0,0.0,1784980654.5876453,17172.166015625,nan,nan,47.79963684082031,nan
2.1635024547576904,1784980654.6382873,BSMC,circle,circle_dist_bsmc_30cm_yawfree_p01,1784980654.6255147,1.0031072579473688,-0.051051019543473984,1.5930152082862363,8.788182965375856e-07,-0.00019585550698710102,1784980654.57099,1.003103504419384,-0.0510466351426971,1.593015774624236,0.06729722023010254,0,0,1784980654.6336243,1.0031072579473688,-0.051051019543473984,1.5930152082862363,nan,nan,nan,nan,-4.466712980429485e-06,-3.655190508859555e-06,-5.663379996079243e-07,1784980654.6336815,0.0,0.0,1784980654.5876453,17172.166015625,nan,nan,47.79963684082031,nan
2.2033004760742188,1784980654.6780853,BSMC,circle,circle_dist_bsmc_30cm_yawfree_p01,1784980654.675735,1.0031067648135104,-0.05105022461472466,1.5930067664070395,1.4458334463695107e-06,-0.00019404485507099945,1784980654.6526003,1.003103504419384,-0.0510466351426971,1.593015774624236,0.02548503875732422,0,0,1784980654.673577,1.0031072579473688,-0.051051019543473984,1.5930152082862363,nan,nan,nan,nan,-4.466712980429485e-06,-3.655190508859555e-06,-5.663379996079243e-07,1784980654.673634,0.0,0.0,1784980654.5876453,17172.166015625,nan,nan,47.79963684082031,nan
2.243602991104126,1784980654.7183878,BSMC,circle,circle_dist_bsmc_30cm_yawfree_p01,1784980654.675735,1.0031067648135104,-0.05105022461472466,1.5930067664070395,1.4458334463695107e-06,-0.00019404485507099945,1784980654.6526003,1.003103504419384,-0.0510466351426971,1.593015774624236,0.06578755378723145,0,0,1784980654.7136037,1.0031067648135104,-0.05105022461472466,1.5930067664070395,nan,nan,nan,nan,-3.661024192263889e-06,-3.1798398010196083e-06,-9.008217196404544e-06,1784980654.7136836,0.0,0.0,1784980654.693663,17172.271484375,nan,nan,1.4622149467468262,nan
2.284241199493408,1784980654.759026,BSMC,circle,circle_dist_bsmc_30cm_yawfree_p01,1784980654.725343,1.0031067656328567,-0.05105026147276065,1.5930028287999733,6.730385124826627e-07,-0.00017490143847038206,1784980654.6526003,1.003103504419384,-0.0510466351426971,1.593015774624236,0.10642576217651367,0,0,1784980654.7540746,1.0031067656328567,-0.05105026147276065,1.5930028287999733,nan,nan,nan,nan,-3.697891334078119e-06,-3.1798400473174757e-06,-1.2945824262589056e-05,1784980654.7541347,0.0,0.0,1784980654.7444942,17172.32421875,nan,nan,50.89601516723633,nan
2.323561429977417,1784980654.7983463,BSMC,circle,circle_dist_bsmc_30cm_yawfree_p01,1784980654.775503,1.003106328322433,-0.051049631421990996,1.593001117484263,8.382024812740544e-07,-0.00016044196142316357,1784980654.7701728,1.003103504419384,-0.0510466351426971,1.593015774624236,0.028173446655273438,0,0,1784980654.7933936,1.003106328322433,-0.051049631421990996,1.593001117484263,nan,nan,nan,nan,-3.0582800906480285e-06,-2.756635798457611e-06,-1.4657139972840127e-05,1784980654.7934484,0.0,0.0,1784980654.7895098,17172.369140625,nan,nan,45.04880142211914,nan
2.364119291305542,1784980654.8389041,BSMC,circle,circle_dist_bsmc_30cm_yawfree_p01,1784980654.8255482,1.0031063281029082,-0.051049621540006904,1.592995419784051,5.969223183232905e-07,-0.0001526094924433921,1784980654.7701728,1.003103504419384,-0.0510466351426971,1.593015774624236,0.06873130798339844,0,0,1784980654.8337264,1.0031063281029082,-0.051049621540006904,1.592995419784051,nan,nan,nan,nan,-3.048395668522951e-06,-2.7566358819659196e-06,-2.035484018492184e-05,1784980654.83378,0.0,0.0,1784980654.7895098,17172.369140625,nan,nan,45.04880142211914,nan
2.4036622047424316,1784980654.878447,BSMC,circle,circle_dist_bsmc_30cm_yawfree_p01,1784980654.8754683,1.0031059587850024,-0.05104911597044376,1.5929952740570474,6.715515854819049e-07,-0.00013848772843128368,1784980654.8510032,1.003103504419384,-0.0510466351426971,1.593015774624236,0.027443885803222656,0,0,1784980654.874081,1.0031063281029082,-0.051049621540006904,1.592995419784051,nan,nan,nan,nan,-3.048395668522951e-06,-2.7566358819659196e-06,-2.035484018492184e-05,1784980654.8742313,0.0,0.0,1784980654.8470404,17172.42578125,nan,nan,57.36577606201172,nan
2.4438998699188232,1784980654.9186847,BSMC,circle,circle_dist_bsmc_30cm_yawfree_p01,1784980654.8754683,1.0031059587850024,-0.05104911597044376,1.5929952740570474,6.715515854819049e-07,-0.00013848772843128368,1784980654.8510032,1.003103504419384,-0.0510466351426971,1.593015774624236,0.06768155097961426,0,0,1784980654.9135842,1.0031059587850024,-0.05104911597044376,1.5929952740570474,nan,nan,nan,nan,-2.534745536335128e-06,-2.3986416914606046e-06,-2.050056718849724e-05,1784980654.9136424,0.0,0.0,1784980654.8881798,17172.466796875,nan,nan,41.24595260620117,nan
2.4834723472595215,1784980654.9582572,BSMC,circle,circle_dist_bsmc_30cm_yawfree_p01,1784980654.9254017,1.003105958628315,-0.05104910891677597,1.592990396569972,4.7512775401235207e-07,-0.00013168995636079125,1784980654.8510032,1.003103504419384,-0.0510466351426971,1.593015774624236,0.1072540283203125,0,0,1784980654.9540067,1.003105958628315,-0.05104910891677597,1.592990396569972,nan,nan,nan,nan,-2.5276901284667737e-06,-2.398641758515309e-06,-2.5378054263835992e-05,1784980654.954063,0.0,0.0,1784980654.9381752,17172.517578125,nan,nan,50.09256362915039,nan
2.523724317550659,1784980654.9985092,BSMC,circle,circle_dist_bsmc_30cm_yawfree_p01,1784980654.975297,1.0031059585470319,-0.0510491052591,1.592985996760025,3.3322632125318076e-07,-0.00012493280288092292,1784980654.9796805,1.003103504419384,-0.0510466351426971,1.593015774624236,0.018828630447387695,0,0,1784980654.9936106,1.0031059585470319,-0.0510491052591,1.592985996760025,nan,nan,nan,nan,-2.5240315494470728e-06,-2.3986417602301673e-06,-2.9777864210878136e-05,1784980654.993664,0.0,0.0,1784980654.989681,17172.568359375,nan,nan,51.31523132324219,nan
2.5640578269958496,1784980655.0388427,BSMC,circle,circle_dist_bsmc_30cm_yawfree_p01,1784980655.025785,1.0031056257175064,-0.051048668508719044,1.5929889441316667,4.264881906795576e-07,-0.00010992459031804149,1784980654.9796805,1.003103504419384,-0.0510466351426971,1.593015774624236,0.059162139892578125,0,0,1784980655.0336695,1.0031056257175064,-0.051048668508719044,1.5929889441316667,nan,nan,nan,nan,-2.0799942969490327e-06,-2.0755979447765783e-06,-2.683049256924086e-05,1784980655.033729,0.0,0.0,1784980654.989681,17172.568359375,nan,nan,51.31523132324219,nan
2.6042795181274414,1784980655.0790644,BSMC,circle,circle_dist_bsmc_30cm_yawfree_p01,1784980655.0753105,1.0030999603333235,-0.05104919040011319,1.5930227534690455,8.862934952866345e-08,-5.759298163572023e-05,1784980655.050473,1.0030618731963181,-0.051052055139515315,1.5931544342503206,0.028591394424438477,0,0,1784980655.0745084,1.0031056257175064,-0.051048668508719044,1.5929889441316667,nan,nan,nan,nan,2.407642296282254e-06,-4.381729837693297e-05,-0.00016549011865385488,1784980655.0745854,0.0,0.0,1784980655.0390325,17172.6171875,nan,nan,49.183738708496094,nan
2.6432223320007324,1784980655.1180072,BSMC,circle,circle_dist_bsmc_30cm_yawfree_p01,1784980655.0753105,1.0030999603333235,-0.05104919040011319,1.5930227534690455,8.862934952866345e-08,-5.759298163572023e-05,1784980655.050473,1.0030618731963181,-0.051052055139515315,1.5931544342503206,0.06753420829772949,0,0,1784980655.1142535,1.0030999603333235,-0.05104919040011319,1.5930227534690455,nan,nan,nan,nan,2.0125380549617402e-06,-3.814166262350624e-05,-0.00013168078127501204,1784980655.1143177,0.0,0.0,1784980655.091081,17172.669921875,nan,nan,52.276512145996094,nan
2.6835343837738037,1784980655.1583192,BSMC,circle,circle_dist_bsmc_30cm_yawfree_p01,1784980655.125452,1.0030999603139958,-0.0510491895342575,1.5930207101055456,6.16269664017121e-08,-5.474562481503513e-05,1784980655.050473,1.0030618731963181,-0.051052055139515315,1.5931544342503206,0.10784626007080078,0,0,1784980655.153653,1.0030999603139958,-0.0510491895342575,1.5930207101055456,nan,nan,nan,nan,2.0134041263360823e-06,-3.814166265796788e-05,-0.00013372414477497152,1784980655.1537156,0.0,0.0,1784980655.139352,17172.71875,nan,nan,48.35794448852539,nan
2.7235586643218994,1784980655.1983435,BSMC,circle,circle_dist_bsmc_30cm_yawfree_p01,1784980655.1755037,1.0030948908751447,-0.05104964733525713,1.5930501841021147,-1.6645447751880924e-07,-1.1277596188245108e-05,1784980655.1707854,1.0030618731963181,-0.051052055139515315,1.5931544342503206,0.027558088302612305,0,0,1784980655.1938634,1.0030948908751447,-0.05104964733525713,1.5930501841021147,nan,nan,nan,nan,1.6690511615855562e-06,-3.3063256110984734e-05,-0.00010425014820580891,1784980655.1939244,0.0,0.0,1784980655.1894495,17172.767578125,nan,nan,50.042057037353516,nan
2.763272285461426,1784980655.2380571,BSMC,circle,circle_dist_bsmc_30cm_yawfree_p01,1784980655.2264614,1.0030948909151525,-0.05104964912555064,1.5930497742209648,-1.1627706363542103e-07,-1.072421515334644e-05,1784980655.1707854,1.0030618731963181,-0.051052055139515315,1.5931544342503206,0.06727170944213867,0,0,1784980655.2334163,1.0030948909151525,-0.05104964912555064,1.5930497742209648,nan,nan,nan,nan,1.6672604211030553e-06,-3.306325608452047e-05,-0.00010466002935571872,1784980655.2334678,0.0,0.0,1784980655.1894495,17172.767578125,nan,nan,50.042057037353516,nan
2.8036577701568604,1784980655.2784426,BSMC,circle,circle_dist_bsmc_30cm_yawfree_p01,1784980655.2753859,1.0030905385420628,-0.05105002946637494,1.5930734263739947,-2.4552778075146047e-07,2.0605445352117553e-05,1784980655.2644484,1.0030618731963181,-0.051052055139515315,1.5931544342503206,0.013994216918945312,0,0,1784980655.2738183,1.0030948909151525,-0.05104964912555064,1.5930497742209648,nan,nan,nan,nan,1.6672604211030553e-06,-3.306325608452047e-05,-0.00010466002935571872,1784980655.2738762,0.0,0.0,1784980655.239268,17172.818359375,nan,nan,49.87820053100586,nan
2.8433492183685303,1784980655.318134,BSMC,circle,circle_dist_bsmc_30cm_yawfree_p01,1784980655.2753859,1.0030905385420628,-0.05105002946637494,1.5930734263739947,-2.4552778075146047e-07,2.0605445352117553e-05,1784980655.2644484,1.0030618731963181,-0.051052055139515315,1.5931544342503206,0.053685665130615234,0,0,1784980655.313528,1.0030905385420628,-0.05105002946637494,1.5930734263739947,nan,nan,nan,nan,1.3843173742317712e-06,-2.870346779987893e-05,-8.100787632581154e-05,1784980655.3135974,0.0,0.0,1784980655.2897518,17172.869140625,nan,nan,50.279762268066406,nan
2.8834609985351562,1784980655.3582458,BSMC,circle,circle_dist_bsmc_30cm_yawfree_p01,1784980655.3254957,1.0030905385961078,-0.05105003188225323,1.593074157173101,-1.713006816443433e-07,1.959300389068177e-05,1784980655.2644484,1.0030618731963181,-0.051052055139515315,1.5931544342503206,0.09379744529724121,0,0,1784980655.3539052,1.0030905385961078,-0.05105003188225323,1.593074157173101,nan,nan,nan,nan,1.3819008915051137e-06,-2.870346782139573e-05,-8.027707721947053e-05,1784980655.3539815,0.0,0.0,1784980655.342416,17172.921875,nan,nan,52.80213165283203,nan
2.9235999584198,1784980655.3983848,BSMC,circle,circle_dist_bsmc_30cm_yawfree_p01,1784980655.3754313,1.0030867260192302,-0.05105035453655327,1.593093179024084,-2.6312098473136336e-07,4.2468531364096164e-05,1784980655.3723996,1.0030618731963181,-0.051052055139515315,1.5931544342503206,0.025985240936279297,0,0,1784980655.3935606,1.0030867260192302,-0.05105035453655327,1.593093179024084,nan,nan,nan,nan,1.1445621349428803e-06,-2.4884630490596764e-05,-6.12552262364563e-05,1784980655.3936224,0.0,0.0,1784980655.389679,17172.96875,nan,nan,47.223243713378906,nan
2.964038610458374,1784980655.4388235,BSMC,circle,circle_dist_bsmc_30cm_yawfree_p01,1784980655.4256063,1.0030867260816032,-0.05105035732491384,1.5930946968589426,-1.841471753788938e-07,4.0389603697077106e-05,1784980655.3723996,1.0030618731963181,-0.051052055139515315,1.5931544342503206,0.06642389297485352,0,0,1784980655.4335427,1.0030867260816032,-0.05105035732491384,1.5930946968589426,nan,nan,nan,nan,1.1417730768474442e-06,-2.4884630510732035e-05,-5.973739137798972e-05,1784980655.4336054,0.0,0.0,1784980655.389679,17172.96875,nan,nan,47.223243713378906,nan
3.003753900527954,1784980655.4785388,BSMC,circle,circle_dist_bsmc_30cm_yawfree_p01,1784980655.4758415,1.0030835021808522,-0.05105062101815152,1.593109403300868,-2.2657513457747698e-07,5.501874839322658e-05,1784980655.4527862,1.0030618731963181,-0.051052055139515315,1.5931544342503206,0.025752544403076172,0,0,1784980655.4741318,1.0030867260816032,-0.05105035732491384,1.5930946968589426,nan,nan,nan,nan,1.1417730768474442e-06,-2.4884630510732035e-05,-5.973739137798972e-05,1784980655.4742126,0.0,0.0,1784980655.4463878,17173.025390625,nan,nan,56.82401657104492,nan
3.043403148651123,1784980655.518188,BSMC,circle,circle_dist_bsmc_30cm_yawfree_p01,1784980655.4758415,1.0030835021808522,-0.05105062101815152,1.593109403300868,-2.2657513457747698e-07,5.501874839322658e-05,1784980655.4527862,1.0030618731963181,-0.051052055139515315,1.5931544342503206,0.06540179252624512,0,0,1784980655.4741318,1.0030867260816032,-0.05105035732491384,1.5930946968589426,nan,nan,nan,nan,1.1417730768474442e-06,-2.4884630510732035e-05,-5.973739137798972e-05,1784980655.515062,0.0,0.0,1784980655.4904866,17173.068359375,nan,nan,43.977535247802734,nan
3.083625316619873,1784980655.5584102,BSMC,circle,circle_dist_bsmc_30cm_yawfree_p01,1784980655.5253694,1.0030835022305615,-0.05105062324084676,1.5931113288137493,-1.593497082106463e-07,5.230420904631814e-05,1784980655.4527862,1.0030618731963181,-0.051052055139515315,1.5931544342503206,0.10562396049499512,0,0,1784980655.5537434,1.0031040370781372,-0.05090640664301692,1.593302963210459,1784980655.5537908,0.00014372249518505314,-2.3747661618656327e-05,0.00019163439670966118,0.00014466946820599814,-4.540949714863841e-05,0.00014852896013839434,1784980655.5538435,0.004163000128360728,0.004000015080689439,1784980655.540656,17173.119140625,nan,nan,50.096336364746094,nan
3.123375177383423,1784980655.59816,BSMC,circle,circle_dist_bsmc_30cm_yawfree_p01,1784980655.5754836,1.0030806223388034,-0.051050851094095163,1.5931226755907941,-2.097044404790335e-07,6.20977103953481e-05,1784980655.5722287,1.0030618731963181,-0.051052055139515315,1.5931544342503206,0.025931358337402344,0,0,1784980655.593687,1.0030994407537126,-0.0507031387270301,1.5935062830865414,1784980655.5937345,0.0003472055977032785,-2.657622759529506e-05,0.0003836074957472846,0.00034798933757505454,-4.53586287735488e-05,0.0003518488362208582,1784980655.5937889,0.006568252891815715,0.006175133457413358,1784980655.590768,17173.169921875,nan,nan,49.96233367919922,nan
3.1633119583129883,1784980655.6380968,BSMC,circle,circle_dist_bsmc_30cm_yawfree_p01,1784980655.6257818,1.0030806223896058,-0.051050853366053695,1.5931248981184583,-1.4649289792350717e-07,5.904466069986849e-05,1784980655.5722287,1.0030618731963181,-0.051052055139515315,1.5931544342503206,0.06586813926696777,0,0,1784980655.6340683,1.0030927614825504,-0.050410957975835204,1.5937985401730939,1784980655.6341083,0.0006394648560113788,-2.642282965050145e-05,0.0006736420546356037,0.0006402463868500583,-4.521309136189196e-05,0.000644105922773308,1784980655.6341517,0.009093404446237676,0.008373922913296084,1784980655.590768,17173.169921875,nan,nan,49.96233367919922,nan
3.20393443107605,1784980655.6787193,BSMC,circle,circle_dist_bsmc_30cm_yawfree_p01,1784980655.6757247,1.0030781875530081,-0.05105103939586181,1.5931333861180572,-1.7153649676957243e-07,6.41791070447165e-05,1784980655.6527517,1.0030618731963181,-0.051052055139515315,1.5931544342503206,0.02596759796142578,0,0,1784980655.6741478,1.0030840307281357,-0.05003454520427035,1.5941750541865707,1784980655.6741903,0.0010159787274138556,-2.6098312617804517e-05,0.001050156068112429,0.001016760267673281,-4.489969509268868e-05,0.0010206199362501334,1784980655.674237,0.011700011465652733,0.010564469591425693,1784980655.641735,17173.220703125,nan,nan,51.2342643737793,nan
3.243560552597046,1784980655.7183454,BSMC,circle,circle_dist_bsmc_30cm_yawfree_p01,1784980655.6757247,1.0030781875530081,-0.05105103939586181,1.5931333861180572,-1.7153649676957243e-07,6.41791070447165e-05,1784980655.6527517,1.0030618731963181,-0.051052055139515315,1.5931544342503206,0.06559371948242188,0,0,1784980655.7142034,1.0030730911993635,-0.04957129645069003,1.5946384320937108,1784980655.7142606,0.001479487634013782,-2.7955275109124547e-05,0.001505045975653596,0.0014801378073151376,-4.4319402977102954e-05,0.001483997843390261,1784980655.7143085,0.014411962625913226,0.012768461127693682,1784980655.690761,17173.26953125,nan,nan,48.986915588378906,nan
3.283297300338745,1784980655.7580822,BSMC,circle,circle_dist_bsmc_30cm_yawfree_p01,1784980655.7258182,1.0030781875901598,-0.05105104105749688,1.5931356559265835,-1.1986447985464837e-07,6.100506234257397e-05,1784980655.6527517,1.0030618731963181,-0.051052055139515315,1.5931544342503206,0.1053304672241211,0,0,1784980655.753776,1.0030599798222442,-0.049027677022408164,1.595182209620188,1784980655.7538278,0.002023265896088866,-2.699361084924228e-05,0.0020465536936045132,0.002023914488822435,-4.3364591803663495e-05,0.002027775369867424,1784980655.753949,0.017196783598412327,0.014964258927745394,1784980655.7408757,17173.3203125,nan,nan,49.95695877075195,nan
3.3238606452941895,1784980655.7986455,BSMC,circle,circle_dist_bsmc_30cm_yawfree_p01,1784980655.7755442,1.0030760135241852,-0.05105120174054536,1.5931415995466254,-1.510937057538262e-07,6.29524390260823e-05,1784980655.772089,1.0030618731963181,-0.051052055139515315,1.5931544342503206,0.02655649185180664,0,0,1784980655.794174,1.003044059197864,-0.048383459501122814,1.5958266238467398,1784980655.7942157,0.0026677902190443397,-2.7660118242914262e-05,0.0026850243001144136,0.0026683269248626565,-4.18502310794723e-05,0.002672189596419239,1784980655.7942648,0.020151735120508888,0.017227609740055272,1784980655.7911038,17173.369140625,nan,nan,50.17744445800781,nan
3.3634121417999268,1784980655.838197,BSMC,circle,circle_dist_bsmc_30cm_yawfree_p01,1784980655.825795,1.0030760135600338,-0.05105120334392241,1.5931438462986505,-1.0557650830578957e-07,5.985696181411214e-05,1784980655.772089,1.0030618731963181,-0.051052055139515315,1.5931544342503206,0.06610798835754395,0,0,1784980655.8338346,1.0030259274270281,-0.04766941044371927,1.5965409030912823,1784980655.8338754,0.0033820676896690583,-2.5494765745187477e-05,0.003397056792631803,0.0033826028768118538,-3.9686447449063714e-05,0.0033864688409617205,1784980655.8339176,0.023136035161458075,0.019454251896463156,1784980655.7911038,17173.369140625,nan,nan,50.17744445800781,nan
3.403759479522705,1784980655.8785443,BSMC,circle,circle_dist_bsmc_30cm_yawfree_p01,1784980655.875506,1.003074173853982,-0.05105133474222988,1.5931480577489396,-1.2153358742912613e-07,5.956237471425411e-05,1784980655.8538544,1.0030618731963181,-0.051052055139515315,1.5931544342503206,0.024689912796020508,0,0,1784980655.873935,1.0030047405223501,-0.04685938008415506,1.59735121050472,1784980655.873982,0.004192369223717515,-2.241381389793405e-05,0.004207364206069597,0.004192904443435859,-3.661407503546353e-05,0.004196776254399515,1784980655.8740268,0.026263473515871095,0.021731498857120782,1784980655.8418407,17173.419921875,nan,nan,51.09243392944336,nan
3.443755626678467,1784980655.9185405,BSMC,circle,circle_dist_bsmc_30cm_yawfree_p01,1784980655.875506,1.003074173853982,-0.05105133474222988,1.5931480577489396,-1.2153358742912613e-07,5.956237471425411e-05,1784980655.8538544,1.0030618731963181,-0.051052055139515315,1.5931544342503206,0.06468605995178223,0,0,1784980655.91417,1.0029805949090982,-0.04596538318381412,1.598245533445143,1784980655.9142163,0.005086772618161741,-2.0114785535786664e-05,0.005097475696203446,0.005087217710518041,-3.246091006094644e-05,0.005091099194822535,1784980655.9142644,0.02948416235531113,0.02402307186215438,1784980655.8911448,17173.470703125,nan,nan,49.208045959472656,nan
3.4836342334747314,1784980655.958419,BSMC,circle,circle_dist_bsmc_30cm_yawfree_p01,1784980655.9257092,1.0030741738807503,-0.051051335939498205,1.5931501724418973,-8.486364622417367e-08,5.661539852639777e-05,1784980655.8538544,1.0030618731963181,-0.051052055139515315,1.5931544342503206,0.10456466674804688,0,0,1784980655.9540677,1.0029530793189843,-0.044980887558587486,1.5992304135506363,1784980655.9541106,0.006071638463197832,-1.4622257265272585e-05,0.0060802411087390595,0.006072082423979574,-2.6961822133281403e-05,0.006075979300315781,1784980655.954156,0.03282108669947576,0.026348734973054348,1784980655.9417331,17173.51953125,nan,nan,50.36473083496094,nan
3.523815631866455,1784980655.9986005,BSMC,circle,circle_dist_bsmc_30cm_yawfree_p01,1784980655.97549,1.0030726821417693,-0.051051449718666916,1.5931533167550649,-1.0781545107139862e-07,5.5332212666681924e-05,1784980655.973212,1.0030629925844563,-0.0510520514336037,1.593157410107678,0.025388479232788086,0,0,1784980655.9936323,1.0029223619304053,-0.043920662759158416,1.6002910832865853,1784980655.993667,0.0071323653527837795,-9.12700665618493e-06,0.007137766531520429,0.007132750228930472,-1.885679075616233e-05,0.00713367317890734,1784980655.9937084,0.036226106439094775,0.028676257436857002,1784980655.9917824,17173.5703125,nan,nan,50.13605499267578,nan
3.5634422302246094,1784980656.038227,BSMC,circle,circle_dist_bsmc_30cm_yawfree_p01,1784980656.0262089,1.0030716335313778,-0.051004448670701044,1.592952223242413,0.00035855089941139564,-0.0006348093798932401,1784980655.973212,1.0030629925844563,-0.0510520514336037,1.593157410107678,0.06501507759094238,0,0,1784980656.033398,1.0028879102699169,-0.042775206745439304,1.6014370573438816,1784980656.033435,0.008231292427863095,1.3668544509452601e-06,0.008484834101468719,0.00827869019249437,-1.002524599527733e-05,0.008279647236203669,1784980656.0335734,0.039676347009222186,0.03105911539341917,1784980655.9917824,17173.5703125,nan,nan,50.13605499267578,nan
3.6033060550689697,1784980656.078091,BSMC,circle,circle_dist_bsmc_30cm_yawfree_p01,1784980656.075749,1.003073504161362,-0.050852260056556985,1.5929020009919947,0.0015849932239735405,-0.001174876080445183,1784980656.0523043,1.0031135936879019,-0.051072129730128556,1.593798507555873,0.025786638259887695,0,0,1784980656.0738645,1.0028489762615598,-0.041530262513816814,1.602682610312417,1784980656.073913,0.009476793657825116,1.2710708291397923e-05,0.009730387070004065,0.009545429266247657,4.5083024648135274e-05,0.008884102756544054,1784980656.0739663,0.04332454822108162,0.03347310212887972,1784980656.043161,17173.62109375,nan,nan,51.45999526977539,nan
3.643416166305542,1784980656.118201,BSMC,circle,circle_dist_bsmc_30cm_yawfree_p01,1784980656.075749,1.003073504161362,-0.050852260056556985,1.5929020009919947,0.0015849932239735405,-0.001174876080445183,1784980656.0523043,1.0031135936879019,-0.051072129730128556,1.593798507555873,0.06589674949645996,0,0,1784980656.113719,1.0028058965247761,-0.04020716189323707,1.6040064121751683,1784980656.113761,0.01064841251341911,3.2244347339959324e-05,0.011104411183173513,0.01086917071629124,5.771984926326981e-05,0.010207904619295327,1784980656.1138062,0.046870751797881666,0.03591236235293398,1784980656.0931392,17173.671875,nan,nan,49.91537094116211,nan
3.6835997104644775,1784980656.1583846,BSMC,circle,circle_dist_bsmc_30cm_yawfree_p01,1784980656.1256738,1.0030622234699424,-0.05034549814198551,1.5930675599404218,0.0048235066372536335,-0.0004179303623735817,1784980656.0523043,1.0031135936879019,-0.051072129730128556,1.593798507555873,0.10608029365539551,0,0,1784980656.1534567,1.0027582165821,-0.03880176000197846,1.6054126227492782,1784980656.1534932,0.011547645414689913,4.6859465426983364e-05,0.012345062808856389,0.012275297470595985,7.306272107060046e-05,0.011614115193405272,1784980656.1535327,0.05008810464900326,0.038345037686849444,1784980656.1453946,17173.724609375,nan,nan,52.38385009765625,nan
3.7233617305755615,1784980656.1981466,BSMC,circle,circle_dist_bsmc_30cm_yawfree_p01,1784980656.175287,1.00305606390873,-0.04984449116423839,1.5928554007176645,0.008394420364367619,-0.0015484410561884088,1784980656.172348,1.003115223965586,-0.051072125133900984,1.5938020949719898,0.025798559188842773,0,0,1784980656.1938605,1.002704782388533,-0.03729174516030741,1.606923582864387,1784980656.1938968,0.012557440344052834,7.431656068133063e-05,0.014068182146722563,0.013786175086343564,9.333270312602188e-05,0.01312148789239731,1784980656.1939383,0.05346306647418052,0.04090556834541041,1784980656.1935928,17173.771484375,nan,nan,47.856407165527344,nan
3.764010429382324,1784980656.2387953,BSMC,circle,circle_dist_bsmc_30cm_yawfree_p01,1784980656.2258859,1.0030331556248122,-0.04878596665189268,1.5922235296245215,0.01327730024387826,-0.0034284025085701917,1784980656.172348,1.003115223965586,-0.051072125133900984,1.5938020949719898,0.06644725799560547,0,0,1784980656.2336476,1.0026464163742035,-0.03571149641525406,1.6085049092724863,1784980656.233687,0.013079755049531565,0.00010652258429054542,0.016281379647964833,0.015367348300925525,0.000115331643098518,0.01470281430049658,1784980656.2337303,0.05623574222739189,0.043551807488451694,1784980656.1935928,17173.771484375,nan,nan,47.856407165527344,nan
3.80328369140625,1784980656.2780685,BSMC,circle,circle_dist_bsmc_30cm_yawfree_p01,1784980656.2754605,1.0030101475621214,-0.04758735664355882,1.5930687082757655,0.021521158000575302,-0.0006185254977751415,1784980656.2596996,1.003115223965586,-0.051072125133900984,1.5938020949719898,0.018368959426879883,0,0,1784980656.2739837,1.0025815872071706,-0.034030623554264325,1.610187032057214,1784980656.2740297,0.014761631061308608,0.0001353232217653239,0.01796350243269251,0.01704926768086545,0.00014147729460130455,0.01638493708522426,1784980656.2740731,0.060403581375552344,0.04615745585710825,1784980656.2442863,17173.822265625,nan,nan,50.80419158935547,nan
3.8432493209838867,1784980656.3180342,BSMC,circle,circle_dist_bsmc_30cm_yawfree_p01,1784980656.2754605,1.0030101475621214,-0.04758735664355882,1.5930687082757655,0.021521158000575302,-0.0006185254977751415,1784980656.2596996,1.003115223965586,-0.051072125133900984,1.5938020949719898,0.0583345890045166,0,0,1784980656.3138914,1.002511597144507,-0.03229311831377663,1.6119259466127782,1784980656.3139248,0.015301548051563748,0.0001578158191301958,0.01885723833701269,0.01878792317408112,0.00017147971958365285,0.018123851640788446,1784980656.3139696,0.06317960881261844,0.04860526295689908,1784980656.313641,17173.892578125,nan,nan,68.89171600341797,nan
3.88342547416687,1784980656.3582103,BSMC,circle,circle_dist_bsmc_30cm_yawfree_p01,1784980656.3254335,1.0029596806090688,-0.045372138093191,1.593669384317107,0.031316187130149456,0.0016031918013822014,1784980656.2596996,1.003115223965586,-0.051072125133900984,1.5938020949719898,0.0985107421875,0,0,1784980656.3537383,1.0024336231550877,-0.03044019970957448,1.6137805053965881,1784980656.3537822,0.014940064025574656,0.0001844105440031236,0.020111121079481098,0.020642145150376268,0.00020680901972599587,0.01997841042459836,1784980656.3538294,0.06492085647632621,0.05117449033679853,1784980656.313641,17173.892578125,nan,nan,68.89171600341797,nan
3.923478126525879,1784980656.398263,BSMC,circle,circle_dist_bsmc_30cm_yawfree_p01,1784980656.375578,1.002905415524753,-0.04297551179094777,1.5936990489671403,0.038389438489906516,0.0014350721571809821,1784980656.3749769,1.003115223965586,-0.051072125133900984,1.5938020949719898,0.023286104202270508,0,0,1784980656.393613,1.0023488956159896,-0.028513555705167636,1.6157090118208097,1784980656.393651,0.014470908059406807,0.0002251847509893559,0.022009962853669407,0.02257022837447927,0.000247194122561289,0.021906916848819957,1784980656.393695,0.06651876272032664,0.05387905251844943,1784980656.371081,17173.94921875,nan,nan,56.92499923706055,nan
3.963430881500244,1784980656.4382157,BSMC,circle,circle_dist_bsmc_30cm_yawfree_p01,1784980656.4254787,1.0028779068592153,-0.04174082159356415,1.594397602971517,0.04372721811572338,0.003548173502673479,1784980656.3749769,1.003115223965586,-0.051072125133900984,1.5938020949719898,0.06323885917663574,0,0,1784980656.4338512,1.0022559119445973,-0.02649031061880194,1.6177343927837309,1784980656.433895,0.015260942261264017,0.0002619235833578976,0.023336789812213876,0.024595077039776328,0.0002936109868806844,0.02393229781174111,1784980656.4339416,0.06962287619544885,0.05650676447731891,1784980656.4002469,17173.978515625,nan,nan,30.392480850219727,nan
4.003596544265747,1784980656.4783814,BSMC,circle,circle_dist_bsmc_30cm_yawfree_p01,1784980656.4757166,1.0028547523408387,-0.04069752691011749,1.5947559533195166,0.048486147443344195,0.004622714913287792,1784980656.454762,1.003115223965586,-0.051072125133900984,1.5938020949719898,0.023619413375854492,0,0,1784980656.4739857,1.0021545456049386,-0.02437989145493473,1.6198472453206463,1784980656.4740279,0.017373165832205866,0.0003134577311771697,0.025449642349129272,0.02670726954719404,0.0003464029715211259,0.02604515034865651,1784980656.4740732,0.07429554515004334,0.059324463350813726,1784980656.4530303,17174.03125,nan,nan,52.68619155883789,nan
4.0432939529418945,1784980656.5180788,BSMC,circle,circle_dist_bsmc_30cm_yawfree_p01,1784980656.4757166,1.0028547523408387,-0.04069752691011749,1.5947559533195166,0.048486147443344195,0.004622714913287792,1784980656.454762,1.003115223965586,-0.051072125133900984,1.5938020949719898,0.06331682205200195,0,0,1784980656.5141375,1.0020441514024734,-0.02218054382539244,1.622049362219262,1784980656.5141737,0.018531088212621977,0.00036675072909991607,0.027293408899745405,0.028908574662544706,0.0004061747428031736,0.028247267247272223,1784980656.5142138,0.07783748289899829,0.06212052132163709,1784980656.4942055,17174.072265625,nan,nan,41.01144790649414,nan
4.083258152008057,1784980656.558043,BSMC,circle,circle_dist_bsmc_30cm_yawfree_p01,1784980656.5255558,1.0027828712509954,-0.03767975624868731,1.5949433274810987,0.05311928613966086,0.004475451365622383,1784980656.454762,1.003115223965586,-0.051072125133900984,1.5938020949719898,0.10328102111816406,0,0,1784980656.5537956,1.001925684713522,-0.01992112050533258,1.624311889628892,1784980656.5538294,0.017774155135683627,0.0004281605281118641,0.029368562147793265,0.031170125268494026,0.00047263489892463806,0.030509794656902175,1784980656.5538714,0.07908069447594394,0.0649757091869149,1784980656.5442154,17174.123046875,nan,nan,50.2916374206543,nan
4.12324333190918,1784980656.5980282,BSMC,circle,circle_dist_bsmc_30cm_yawfree_p01,1784980656.5752482,1.0027718311537503,-0.03723427997949291,1.5954453360547043,0.056297181762639335,0.0062757255627472796,1784980656.573346,1.003115223965586,-0.051072125133900984,1.5938020949719898,0.024682283401489258,0,0,1784980656.593929,1.0017965973642382,-0.01756339519829181,1.6266731466580513,1784980656.5939672,0.01968894544063215,0.0004901188175390541,0.031227810603347003,0.03353019616354979,0.0005474515916896843,0.032871051686061525,1784980656.594008,0.08350720789118646,0.06782280988386692,1784980656.5949628,17174.173828125,nan,nan,50.83474349975586,nan
4.1634485721588135,1784980656.6382334,BSMC,circle,circle_dist_bsmc_30cm_yawfree_p01,1784980656.625469,1.0026931739090637,-0.034053375078402136,1.595783832516386,0.05916186656932214,0.006357645465346351,1784980656.573346,1.003115223965586,-0.051072125133900984,1.5938020949719898,0.06488752365112305,0,0,1784980656.6336164,1.0016572897765652,-0.015126223272178085,1.6291142973213195,1784980656.6336527,0.01894712475647158,0.0005626676590263294,0.03333046480493351,0.03596992775812879,0.0006306582490746704,0.03531220234932975,1784980656.633704,0.0847738675528811,0.07076026998332137,1784980656.5949628,17174.173828125,nan,nan,50.83474349975586,nan
4.203327417373657,1784980656.6781123,BSMC,circle,circle_dist_bsmc_30cm_yawfree_p01,1784980656.6753166,1.0026910737202104,-0.033824337106174204,1.595710867251949,0.06087856000717674,0.006098463860542964,1784980656.6527257,1.0031196281456467,-0.05107199473549073,1.5938148217183605,0.025386571884155273,0,0,1784980656.6738236,1.0015061184215774,-0.0125922500553422,1.6316527764924975,1784980656.673871,0.021484083941167898,0.0006504807411690359,0.03586894397611151,0.038506688148224374,0.000727414692236429,0.03783795477413699,1784980656.6739185,0.08994051014034864,0.07384777931391168,1784980656.6451206,17174.224609375,nan,nan,49.93120193481445,nan
4.243417739868164,1784980656.7182026,BSMC,circle,circle_dist_bsmc_30cm_yawfree_p01,1784980656.6753166,1.0026910737202104,-0.033824337106174204,1.595710867251949,0.06087856000717674,0.006098463860542964,1784980656.6527257,1.0031196281456467,-0.05107199473549073,1.5938148217183605,0.06547689437866211,0,0,1784980656.7136958,1.001343504629083,-0.009979787778278373,1.634270295605399,1784980656.7137368,0.023870719736891484,0.0007531363413079401,0.03855942835344983,0.0411222011420464,0.0008298557667091286,0.04045547388703841,1784980656.7137794,0.0949214222109308,0.07701295807170944,1784980656.694985,17174.2734375,nan,nan,49.91927719116211,nan
4.283313512802124,1784980656.7580984,BSMC,circle,circle_dist_bsmc_30cm_yawfree_p01,1784980656.7254655,1.0025904336137614,-0.030053135350709564,1.5967708673506622,0.06641160087376212,0.008660713340831511,1784980656.6527257,1.0031196281456467,-0.05107199473549073,1.5938148217183605,0.10537266731262207,0,0,1784980656.753607,1.0011676646556655,-0.007271309005970925,1.6369844771539963,1784980656.7536433,0.022811093207064728,0.000830608095646959,0.040213609803334105,0.04383400961490586,0.0009433095582683968,0.04316965543563577,1784980656.7536857,0.09582189202312105,0.07995922603951235,1784980656.7451966,17174.32421875,nan,nan,50.10197830200195,nan
4.323477268218994,1784980656.7982621,BSMC,circle,circle_dist_bsmc_30cm_yawfree_p01,1784980656.7754977,1.0025874976088427,-0.03003456122118763,1.597490130138255,0.07122173183717759,0.011602141661393409,1784980656.7720652,1.0031171016147544,-0.05107199801245752,1.5938122654739038,0.026196956634521484,0,0,1784980656.79382,1.0009782401498815,-0.004473045918029744,1.6397891452464985,1784980656.7938628,0.025595360899008136,0.0009264311157999795,0.04229901510824363,0.04663583368598728,0.0010658710417435066,0.04597687977259479,1784980656.7939036,0.10128614359290591,0.08304769533279341,1784980656.7947352,17174.373046875,nan,nan,49.908931732177734,nan
4.363184690475464,1784980656.8379695,BSMC,circle,circle_dist_bsmc_30cm_yawfree_p01,1784980656.8252723,1.0024555060375475,-0.0255171701591117,1.5992247676630302,0.07884935098990625,0.015557722922938286,1784980656.7720652,1.0031171016147544,-0.05107199801245752,1.5938122654739038,0.06590437889099121,0,0,1784980656.8338907,1.000775019456681,-0.0015926609190016455,1.6426766912956867,1784980656.833925,0.02396260945984149,0.0009997626736877548,0.043451923632656486,0.049520132702644964,0.0012027489993500092,0.048864425821782964,1784980656.8339655,0.10150667437805036,0.085914939439247,1784980656.7947352,17174.373046875,nan,nan,49.908931732177734,nan
4.403379678726196,1784980656.8781645,BSMC,circle,circle_dist_bsmc_30cm_yawfree_p01,1784980656.8754714,1.0024580287040745,-0.02556158756452147,1.5995100628407792,0.08185517452516365,0.01695183152295085,1784980656.8527343,1.0031171016147544,-0.05107199801245752,1.5938122654739038,0.02543020248413086,0,0,1784980656.8739288,1.0005581300560586,0.0013585433029549433,1.6456358556645094,1784980656.8739676,0.026918786212552254,0.0011326776033574763,0.046411088001479195,0.052475546755761174,0.00135166221716469,0.05182359019060567,1784980656.8740163,0.10715693316514675,0.08930757154709394,1784980656.8455648,17174.423828125,nan,nan,50.09254837036133,nan
4.4433088302612305,1784980656.9180937,BSMC,circle,circle_dist_bsmc_30cm_yawfree_p01,1784980656.8754714,1.0024580287040745,-0.02556158756452147,1.5995100628407792,0.08185517452516365,0.01695183152295085,1784980656.8527343,1.0031171016147544,-0.05107199801245752,1.5938122654739038,0.06535935401916504,0,0,1784980656.9136994,1.0003250325175248,0.004404933571154351,1.648691151949691,1784980656.9137344,0.030015406479940582,0.00127178439630396,0.049181089108911724,0.055526494657190964,0.0015145886772986506,0.0548788864757872,1784980656.913773,0.11298051976468991,0.09270312080076028,1784980656.89598,17174.474609375,nan,nan,50.7360725402832,nan
4.48336124420166,1784980656.958146,BSMC,circle,circle_dist_bsmc_30cm_yawfree_p01,1784980656.9256847,1.002312403676845,-0.02088865856255598,1.601331850274776,0.08615224458208652,0.020240834512300653,1784980656.8527343,1.0031171016147544,-0.05107199801245752,1.5938122654739038,0.10541176795959473,0,0,1784980656.9536884,1.0000767120501504,0.007523491713288632,1.6518195822146362,1784980656.953728,0.02846716270771938,0.0013672043443027034,0.05048773193986022,0.05864994165759535,0.0016910731696879301,0.05800731674073245,1784980656.95377,0.1132864212982373,0.09569880118255487,1784980656.9461646,17174.525390625,nan,nan,50.333675384521484,nan
4.523333311080933,1784980656.9981182,BSMC,circle,circle_dist_bsmc_30cm_yawfree_p01,1784980656.975511,1.0023513005046139,-0.021901259783827516,1.6009527518723328,0.0856922658793669,0.020392124024549384,1784980656.9732428,1.0030565281868906,-0.04951896077121452,1.5928058438888928,0.024875402450561523,0,0,1784980656.9936998,0.9998103080295587,0.010739936864124612,1.6550470424471526,1784980656.993737,0.03270297129328711,0.0015556445477702245,0.05409429057481985,0.06031574492153222,0.0019192717621032774,0.06224119855825983,1784980656.993777,0.1204564043160553,0.09944190175421694,1784980656.9461646,17174.525390625,nan,nan,50.333675384521484,nan
4.564096689224243,1784980657.0388815,BSMC,circle,circle_dist_bsmc_30cm_yawfree_p01,1784980657.0258298,1.0021949399179773,-0.017053119885998967,1.6027432873772451,0.0900403962924615,0.02302470750568306,1784980656.9732428,1.0030565281868906,-0.04951896077121452,1.5928058438888928,0.06563878059387207,0,0,1784980657.033735,0.999524960874577,0.014053094724830144,1.6583724669613433,1784980657.0337675,0.03117562553732461,0.0016750366753204493,0.055629179584098194,0.06363438018262757,0.002131634688777552,0.06556662307245054,1784980657.0338047,0.12080088184929579,0.1026042165360536,1784980656.9992561,17174.578125,nan,nan,53.16704177856445,nan
4.603509902954102,1784980657.0782948,BSMC,circle,circle_dist_bsmc_30cm_yawfree_p01,1784980657.0755496,1.0022266828101072,-0.017528446511355822,1.6014343452496427,0.09077726362142086,0.020098271505761527,1784980657.0549214,1.0029250157761533,-0.04642458905437487,1.592272366306747,0.02337336540222168,0,0,1784980657.0737722,0.9992231879729543,0.017424613310974675,1.6617574655435823,1784980657.073821,0.03455506285705932,0.001868964143349339,0.05901417816633714,0.06391397314708583,0.002329851568123605,0.06948509923683521,1784980657.0738716,0.1269427128134924,0.10636925014201214,1784980657.0476947,17174.626953125,nan,nan,48.4383544921875,nan
4.643567323684692,1784980657.1183522,BSMC,circle,circle_dist_bsmc_30cm_yawfree_p01,1784980657.0755496,1.0022266828101072,-0.017528446511355822,1.6014343452496427,0.09077726362142086,0.020098271505761527,1784980657.0549214,1.0029250157761533,-0.04642458905437487,1.592272366306747,0.0634307861328125,0,0,1784980657.1149352,0.9988933578280846,0.020970841596969717,1.6653190012220462,1784980657.114975,0.0385833306040794,0.002152403256813655,0.06388465597240356,0.06746646656905432,0.002583452569159924,0.07304663491529917,1784980657.1150212,0.13390009734201425,0.11077838870256541,1784980657.1003237,17174.6796875,nan,nan,52.5753059387207,nan
4.683345317840576,1784980657.1581302,BSMC,circle,circle_dist_bsmc_30cm_yawfree_p01,1784980657.1258674,1.0020394093132305,-0.011989981636767993,1.6037117003902226,0.09847149207632938,0.0244312831461844,1784980657.0549214,1.0029250157761533,-0.04642458905437487,1.592272366306747,0.10320878028869629,0,0,1784980657.1536975,0.9985579692931364,0.02444400142495136,1.6688083187790066,1784980657.1537433,0.036528820365442596,0.002280532627346561,0.065096618388784,0.07094602774571787,0.0028441797789710067,0.07653595247225953,1784980657.153827,0.1335591743618365,0.11389490575333566,1784980657.145956,17174.724609375,nan,nan,45.707000732421875,nan
4.723743915557861,1784980657.1985288,BSMC,circle,circle_dist_bsmc_30cm_yawfree_p01,1784980657.1754584,1.0018146366901302,-0.006014671987596124,1.606729878871078,0.10643730031720454,0.030137907844258828,1784980657.1745217,1.0032001182783448,-0.03917000909854888,1.599009091720289,0.024007081985473633,0,0,1784980657.1941044,0.9981900965121185,0.028115742283449374,1.6724984443550435,1784980657.1941504,0.03423859627877226,0.002396037285696751,0.06576856548396548,0.06740030258737308,0.0031099627439394387,0.07348935263475442,1784980657.194197,0.1330102517689198,0.11693460354485702,1784980657.145956,17174.724609375,nan,nan,45.707000732421875,nan
4.763404607772827,1784980657.2381895,BSMC,circle,circle_dist_bsmc_30cm_yawfree_p01,1784980657.2253609,1.0018676290977455,-0.00586072031384249,1.6068540504103177,0.10923258867342842,0.02967383332254941,1784980657.1745217,1.0032001182783448,-0.03917000909854888,1.599009091720289,0.06366777420043945,0,0,1784980657.2338972,0.9978037737553346,0.03183244248900537,1.6762351704538871,1784980657.233937,0.037815163519057296,0.0027023786472279653,0.06938112004356946,0.0711264215057851,0.003391287282934944,0.07722607873359812,1784980657.2339811,0.1393826046542754,0.1210419081274619,1784980657.204291,17174.783203125,nan,nan,58.32180404663086,nan
4.80359411239624,1784980657.278379,BSMC,circle,circle_dist_bsmc_30cm_yawfree_p01,1784980657.2753475,1.001913373925607,-0.005123596603143644,1.6084566995075265,0.11178008929247345,0.03052670675186668,1784980657.259016,1.0034832145895498,-0.033908651403444075,1.6072420340353542,0.019362926483154297,0,0,1784980657.2738905,0.9973931532992207,0.03564262266711385,1.6800674152427912,1784980657.2739363,0.041637669875428863,0.0029753755412192705,0.07321336483247354,0.06972699452421482,0.003551732813422529,0.07282538120743709,1784980657.2739882,0.1460483232470885,0.12526313692311675,1784980657.2476103,17174.826171875,nan,nan,43.2670783996582,nan
4.843511581420898,1784980657.3182964,BSMC,circle,circle_dist_bsmc_30cm_yawfree_p01,1784980657.2753475,1.001913373925607,-0.005123596603143644,1.6084566995075265,0.11178008929247345,0.03052670675186668,1784980657.259016,1.0034832145895498,-0.033908651403444075,1.6072420340353542,0.0592803955078125,0,0,1784980657.3136652,0.9969585256110206,0.03953400259828906,1.683982994201855,1784980657.313705,0.04481249125360195,0.0032699106871919383,0.07552629469432848,0.0736316271087129,0.0038442791792849384,0.07674096016650078,1784980657.3137527,0.1519524091023743,0.12903147656798325,1784980657.3073928,17174.88671875,nan,nan,59.68878173828125,nan
4.883297920227051,1784980657.3580828,BSMC,circle,circle_dist_bsmc_30cm_yawfree_p01,1784980657.3255494,1.0016621920808304,0.00127264263707421,1.610639369943271,0.1183575838890533,0.032791658354571554,1784980657.259016,1.0034832145895498,-0.033908651403444075,1.6072420340353542,0.09906673431396484,0,0,1784980657.3536339,0.9964995770221886,0.04350087109839523,1.6879763262310947,1784980657.3536756,0.04240035478928513,0.0034764618461854647,0.07733695628782367,0.0776125843285579,0.004158379669716612,0.08073429219574058,1784980657.3537183,0.15122290299357946,0.13263560465469573,1784980657.3473046,17174.92578125,nan,nan,39.920753479003906,nan
4.923308372497559,1784980657.3980932,BSMC,circle,circle_dist_bsmc_30cm_yawfree_p01,1784980657.3752272,1.0013487547529647,0.008151020315307126,1.6144572306065539,0.1257503886880827,0.039747197312169226,1784980657.3803437,1.0027040882455642,-0.024594033236272746,1.6050902432035299,0.017749547958374023,0,0,1784980657.3936024,0.9960149218503331,0.04754689613417944,1.6920512780349322,1784980657.3936644,0.03959113808983055,0.0036092367227949273,0.07759404742837828,0.0723278647900783,0.004211723210731258,0.08696103483140226,1784980657.3937137,0.15003146628003425,0.13565666983034502,1784980657.3473046,17174.92578125,nan,nan,39.920753479003906,nan
4.963208913803101,1784980657.4379938,BSMC,circle,circle_dist_bsmc_30cm_yawfree_p01,1784980657.4252326,1.0013047035791955,0.009481919447833961,1.616263382568039,0.13103261855101692,0.04458408235576858,1784980657.3803437,1.0027040882455642,-0.024594033236272746,1.6050902432035299,0.057650089263916016,0,0,1784980657.4341695,0.9954925743532741,0.05175913634790016,1.6962957852587803,1784980657.434206,0.04249769493669365,0.003884564328438398,0.08003240269074131,0.07655553812655437,0.00458933767790518,0.09120554205525044,1784980657.4342453,0.1556491736982777,0.20440417018150767,1784980657.4096403,17174.98828125,nan,nan,62.29303741455078,nan
5.003378868103027,1784980657.4781637,BSMC,circle,circle_dist_bsmc_30cm_yawfree_p01,1784980657.475702,1.0012967763477367,0.01118878708774158,1.6165638836302538,0.1330159612906481,0.044022080267909096,1784980657.4546728,1.0027320671105326,-0.019314918642869973,1.605573583151015,0.02349090576171875,0,0,1784980657.473749,0.99495646569395,0.05593759507831376,1.7005084988857149,1784980657.473796,0.04669620232994914,0.004230202181039823,0.08424511631767584,0.07547737052482296,0.005154351307884656,0.09493491573469992,1784980657.4738462,0.1627225916297553,0.20902419190945346,1784980657.446976,17175.025390625,nan,nan,37.542449951171875,nan
5.044007778167725,1784980657.5187926,BSMC,circle,circle_dist_bsmc_30cm_yawfree_p01,1784980657.475702,1.0012967763477367,0.01118878708774158,1.6165638836302538,0.1330159612906481,0.044022080267909096,1784980657.4546728,1.0027320671105326,-0.019314918642869973,1.605573583151015,0.06411981582641602,0,0,1784980657.5137525,0.9943879150125541,0.060223888165094004,1.7048323383173034,1784980657.5138466,0.049299845207550846,0.004658193332878806,0.0882684546870496,0.07978084047539767,0.005573522737727479,0.09925875516628846,1784980657.513894,0.1660984580764235,0.21134372428544712,1784980657.4970243,17175.076171875,nan,nan,49.88535690307617,nan
5.083409070968628,1784980657.558194,BSMC,circle,circle_dist_bsmc_30cm_yawfree_p01,1784980657.5254567,1.0009595447159574,0.018352063641020797,1.6191433042972487,0.1373238497186591,0.045350172627844174,1784980657.4546728,1.0027320671105326,-0.019314918642869973,1.605573583151015,0.10352110862731934,0,0,1784980657.5536358,0.9938011002092976,0.06450578878454417,1.709154265387921,1784980657.5536764,0.04644574943801909,0.004919556028706262,0.09001096109067229,0.08408055566264541,0.006011099972875744,0.10358068223690609,1784980657.5537233,0.1626938933437343,0.2123176876284521,1784980657.547428,17175.126953125,nan,nan,50.4133186340332,nan
5.1234540939331055,1784980657.598239,BSMC,circle,circle_dist_bsmc_30cm_yawfree_p01,1784980657.5754158,1.0005846091322923,0.02566391037976606,1.6223040994946476,0.14074360558202678,0.0481980464492961,1784980657.5756037,1.0023973646178967,-0.00783824879760444,1.6117060514891821,0.022635221481323242,0,0,1784980657.593874,0.9931945619241928,0.06879362608854539,1.7134847926935242,1784980657.5939093,0.04345299227902612,0.005159712865747712,0.09118069319887656,0.07694413718166923,0.0060609883149725895,0.10177874120434206,1784980657.5939505,0.1591300611787633,0.21307027232458448,1784980657.547428,17175.126953125,nan,nan,50.4133186340332,nan
5.163310289382935,1784980657.6380951,BSMC,circle,circle_dist_bsmc_30cm_yawfree_p01,1784980657.6254966,1.0005617968120535,0.027390783366532348,1.6232571804882472,0.14238000999475092,0.0490066422066918,1784980657.5756037,1.0023973646178967,-0.00783824879760444,1.6117060514891821,0.062491416931152344,0,0,1784980657.633646,0.9925729609212559,0.073055159037095,1.7177914247354553,1784980657.6336837,0.04602046161625342,0.005583351762097387,0.09453424424720813,0.0812275269982175,0.006507779718108923,0.1060853732462732,1784980657.6337245,0.16214406416394692,0.21472200333621716,1784980657.5984063,17175.177734375,nan,nan,51.02156448364258,nan
5.203268051147461,1784980657.678053,BSMC,circle,circle_dist_bsmc_30cm_yawfree_p01,1784980657.6756055,1.0004736725990644,0.030019283244846956,1.6258766093948434,0.14603935541599766,0.05171058244352565,1784980657.6566937,1.0023558104012358,0.0007031066227948177,1.6212236855713873,0.02135920524597168,0,0,1784980657.6739697,0.9919275942975881,0.07734951060641797,1.7221340026697205,1784980657.6740148,0.05034274616637382,0.006002648491969459,0.09887682218147331,0.07707461640345434,0.006551522035795037,0.1009103170983332,1784980657.674062,0.16722933187811365,0.21671628644000504,1784980657.6493306,17175.228515625,nan,nan,50.923099517822266,nan
5.2432861328125,1784980657.718071,BSMC,circle,circle_dist_bsmc_30cm_yawfree_p01,1784980657.6756055,1.0004736725990644,0.030019283244846956,1.6258766093948434,0.14603935541599766,0.05171058244352565,1784980657.6566937,1.0023558104012358,0.0007031066227948177,1.6212236855713873,0.06137728691101074,0,0,1784980657.7135878,0.9912722832987684,0.08158558992165978,1.7264204730829285,1784980657.713636,0.051994663448637,0.006348584267825728,0.1005438636880851,0.08133834245693855,0.006992476240938383,0.10519678751154116,1784980657.713691,0.16917223552792957,0.21768883700906405,1784980657.7021754,17175.28125,nan,nan,52.82904052734375,nan
5.2837724685668945,1784980657.7585573,BSMC,circle,circle_dist_bsmc_30cm_yawfree_p01,1784980657.725521,0.9999901398324336,0.03822252345444323,1.629994246893559,0.1535154816518027,0.057017918732711906,1784980657.6566937,1.0023558104012358,0.0007031066227948177,1.6212236855713873,0.10186362266540527,0,0,1784980657.753583,0.9905921530083283,0.08586015525339798,1.7307488117059753,1784980657.7536197,0.048110202053027205,0.006563122593380278,0.10075456481241618,0.08564175664483574,0.007456278261931708,0.10952512613458798,1784980657.7536685,0.1645590933708729,0.21809673656600198,1784980657.7482486,17175.326171875,nan,nan,46.05459976196289,nan
5.324163913726807,1784980657.7989488,BSMC,circle,circle_dist_bsmc_30cm_yawfree_p01,1784980657.775739,0.9994405388485307,0.04669898715228889,1.6348110197568353,0.15932651458091968,0.06323498869975332,1784980657.7768075,1.00181855289607,0.013352782194133522,1.6311098284221694,0.022141218185424805,0,0,1784980657.7938848,0.9898914385946266,0.09014433635832356,1.7350899219354674,1784980657.7939227,0.04396722797898768,0.006750299781278747,0.1002789021786321,0.07737085343749743,0.007276667153630017,0.10398009351329794,1784980657.793962,0.1596465381558425,0.21823866186628255,1784980657.7482486,17175.326171875,nan,nan,46.05459976196289,nan
5.364095211029053,1784980657.83888,BSMC,circle,circle_dist_bsmc_30cm_yawfree_p01,1784980657.8255186,0.9992961880401754,0.04918422290630447,1.6385612680753312,0.16020749004735763,0.06751056962818382,1784980657.7768075,1.00181855289607,0.013352782194133522,1.6311098284221694,0.0620725154876709,0,0,1784980657.833916,0.9891744663398845,0.09441172787707679,1.7394171275934265,1784980657.8339581,0.04580907342507607,0.007035996588640719,0.1008558595180953,0.08167370241871906,0.007735110425144521,0.10830729917125703,1784980657.8340054,0.16182655276454727,0.218758502449661,1784980657.7999063,17175.37890625,nan,nan,51.8509521484375,nan
5.403191089630127,1784980657.877976,BSMC,circle,circle_dist_bsmc_30cm_yawfree_p01,1784980657.875451,0.9991166162634277,0.05208816296676875,1.6425271456456478,0.15970859490208875,0.07142608950676103,1784980657.8552635,1.0014297066859743,0.022017138317693183,1.637724939102446,0.02271246910095215,0,0,1784980657.8745985,0.9884304462630901,0.09872513426360427,1.7437942352136657,1784980657.8746474,0.05016295972966609,0.0074862349440845116,0.10523296713833452,0.07740562873985762,0.007840028888161231,0.10606929611121974,1784980657.8746998,0.1669459900657077,0.220792768166494,1784980657.848751,17175.427734375,nan,nan,48.27925109863281,nan
5.443385601043701,1784980657.9181705,BSMC,circle,circle_dist_bsmc_30cm_yawfree_p01,1784980657.875451,0.9991166162634277,0.05208816296676875,1.6425271456456478,0.15970859490208875,0.07142608950676103,1784980657.8552635,1.0014297066859743,0.022017138317693183,1.637724939102446,0.06290698051452637,0,0,1784980657.9138293,0.987695831945057,0.10287741580660129,1.748011002524762,1784980657.913872,0.051477165487093676,0.0077513838693199525,0.1054838568791141,0.08159774382619323,0.008295299479667461,0.11028606342231595,1784980657.91392,0.16850310277719613,0.22118876150276373,1784980657.9031327,17175.482421875,nan,nan,54.82537078857422,nan
5.4834675788879395,1784980657.9582524,BSMC,circle,circle_dist_bsmc_30cm_yawfree_p01,1784980657.9255068,0.9984895241788388,0.06027454178038819,1.6476893246076825,0.16147669712082574,0.07691699341468723,1784980657.8552635,1.0014297066859743,0.022017138317693183,1.637724939102446,0.10298895835876465,0,0,1784980657.953647,0.9869223033738063,0.10714324098197597,1.7523463964304016,1784980657.9536881,0.047618773159322024,0.007932717365589568,0.1046570718227191,0.08590575086689511,0.0087818035543313,0.11462145732795559,1784980657.9537349,0.16393255586525385,0.22120898953920246,1784980657.9495158,17175.52734375,nan,nan,46.26101303100586,nan
5.5231873989105225,1784980657.9979722,BSMC,circle,circle_dist_bsmc_30cm_yawfree_p01,1784980657.9755244,0.9982680622245246,0.06323149058643604,1.6522876193450362,0.15960555682736355,0.082106096042127,1784980657.9732327,1.000431370499145,0.037444922192568154,1.6473278238084024,0.024739503860473633,0,0,1784980657.9934943,0.9861365882919072,0.11137216777299222,1.7566476983865784,1784980657.9935343,0.0489684342382872,0.008172509284701158,0.10436007904154221,0.07480378615729694,0.008600698459664987,0.10931987457817606,1784980657.9935765,0.16553794960286414,0.21774762625344332,1784980657.9495158,17175.52734375,nan,nan,46.26101303100586,nan
5.5633320808410645,1784980658.038117,BSMC,circle,circle_dist_bsmc_30cm_yawfree_p01,1784980658.0253835,0.9975551361812351,0.07144539120786676,1.6581082019781552,0.16195010760594408,0.08807127215610075,1784980657.9732327,1.000431370499145,0.037444922192568154,1.6473278238084024,0.06488418579101562,0,0,1784980658.0334282,0.9853283053678425,0.11562045766920451,1.7609722003778503,1784980658.033463,0.04507298376674879,0.008328146430348918,0.10286399839969507,0.07910143959340016,0.009081804758464058,0.11364437656944792,1784980658.0335028,0.16093076124569594,0.21069808395158576,1784980657.999001,17175.578125,nan,nan,49.755123138427734,nan
5.603945255279541,1784980658.07873,BSMC,circle,circle_dist_bsmc_30cm_yawfree_p01,1784980658.075279,0.9972528354680268,0.07504747584701048,1.6629773049865493,0.16076314464135083,0.09084622945009678,1784980658.05438,0.9998583201392132,0.04881107440210742,1.6591894063802903,0.02435016632080078,0,0,1784980658.0737128,0.984499423711273,0.1198765558142641,1.76530826376286,1784980658.0737526,0.049385148618318706,0.008782734720851684,0.10720006178470487,0.07214388579307343,0.009025413591728575,0.10611885738256976,1784980658.0737975,0.16600020538913515,0.21272640375256435,1784980658.051902,17175.630859375,nan,nan,52.124114990234375,nan
5.643537998199463,1784980658.1183228,BSMC,circle,circle_dist_bsmc_30cm_yawfree_p01,1784980658.075279,0.9972528354680268,0.07504747584701048,1.6629773049865493,0.16076314464135083,0.09084622945009678,1784980658.05438,0.9998583201392132,0.04881107440210742,1.6591894063802903,0.06394290924072266,0,0,1784980658.113589,0.9836561591012712,0.12410885162634733,1.769623753531842,1784980658.1136348,0.050104658575356606,0.00902282608889992,0.10664644854529272,0.07643409991986322,0.009491767309149218,0.11043434715155165,1784980658.1136835,0.1668606444996704,0.20833997198532,1784980658.0990818,17175.677734375,nan,nan,47.69538116455078,nan
5.683989763259888,1784980658.1587746,BSMC,circle,circle_dist_bsmc_30cm_yawfree_p01,1784980658.1255507,0.9964655465533158,0.08321756007036253,1.6686700055725159,0.1617256145182456,0.0946925966491109,1784980658.05438,0.9998583201392132,0.04881107440210742,1.6591894063802903,0.10439467430114746,0,0,1784980658.1537888,0.9827903363987065,0.1283583508341509,1.7739605636438416,1784980658.1538289,0.04626106295051376,0.009198718293406564,0.1052905580713257,0.08074344166184204,0.009979072367853219,0.11477115726355125,1784980658.1538715,0.1623137850879218,0.2041815402800641,1784980658.1489263,17175.728515625,nan,nan,49.881507873535156,nan
5.723232746124268,1784980658.1980176,BSMC,circle,circle_dist_bsmc_30cm_yawfree_p01,1784980658.175669,0.9956060091442573,0.09138281894899335,1.675381578447379,0.16248929890420802,0.10094082277881247,1784980658.1764627,0.9981282901191046,0.06668936680705244,1.671816462782238,0.021554946899414062,0,0,1784980658.1941385,0.9819064798683332,0.1326022158122353,1.7782954940637634,1784980658.1941795,0.04242433003493393,0.009321587913995424,0.10291391561638452,0.06721275605022826,0.009491902650394745,0.10647903128152536,1784980658.1942225,0.15778625556368878,0.19723966742016869,1784980658.1489263,17175.728515625,nan,nan,49.881507873535156,nan
5.763866186141968,1784980658.238651,BSMC,circle,circle_dist_bsmc_30cm_yawfree_p01,1784980658.2253335,0.9951771520913952,0.09515021234846481,1.680892481848008,0.16118391844520025,0.10478275580163726,1784980658.1764627,0.9981282901191046,0.06668936680705244,1.671816462782238,0.06218838691711426,0,0,1784980658.2336555,0.9810142439542738,0.1367956631858844,1.7825828142007873,1784980658.2337606,0.04294944360957046,0.00950141231506135,0.10169033235277936,0.07147480497480842,0.009956687295566213,0.11076635141854929,1784980658.2338219,0.15842306072540602,0.19241269053438353,1784980658.199138,17175.77734375,nan,nan,50.36685562133789,nan
5.804115056991577,1784980658.2789,BSMC,circle,circle_dist_bsmc_30cm_yawfree_p01,1784980658.2754645,0.9946455496083875,0.09952229515466726,1.6864623024019412,0.1597026152102628,0.10722768566208889,1784980658.2653913,0.9967257946210164,0.07959503534576261,1.6830285446726747,0.01350855827331543,0,0,1784980658.274046,0.9800880474534792,0.14105808184728127,1.7869447040399598,1784980658.2740984,0.04728782041539005,0.009953672742066714,0.10605222219195176,0.06293972985940582,0.009649410411199115,0.10391615936728504,1784980658.2741847,0.16352386986779727,0.19445648510871333,1784980658.2502644,17175.828125,nan,nan,51.05779266357422,nan
5.843570232391357,1784980658.318355,BSMC,circle,circle_dist_bsmc_30cm_yawfree_p01,1784980658.2754645,0.9946455496083875,0.09952229515466726,1.6864623024019412,0.1597026152102628,0.10722768566208889,1784980658.2653913,0.9967257946210164,0.07959503534576261,1.6830285446726747,0.0529637336730957,0,0,1784980658.313772,0.979156625051029,0.145256821403382,1.791245516761212,1784980658.3138087,0.047216484316300746,0.010107288654552567,0.10478321435927085,0.06721636963485929,0.010104727644301943,0.10821697208853731,1784980658.3138494,0.16345361497089816,0.19107448247156758,1784980658.300351,17175.87890625,nan,nan,49.84547424316406,nan
5.883544683456421,1784980658.3583295,BSMC,circle,circle_dist_bsmc_30cm_yawfree_p01,1784980658.3256397,0.993685049720968,0.10752013832769239,1.6928814679916264,0.160045974297335,0.11081586900056337,1784980658.2653913,0.9967257946210164,0.07959503534576261,1.6830285446726747,0.09293818473815918,0,0,1784980658.354334,0.9781896650044504,0.14952800018683235,1.795624787314801,1784980658.3543699,0.04358225186329699,0.010264245126341328,0.10274331932317458,0.07156897299225079,0.010587245980844658,0.11259624264212632,1784980658.3544106,0.15916259999251214,0.18773314782621026,1784980658.3493433,17175.927734375,nan,nan,49.14922332763672,nan
5.923979043960571,1784980658.398764,BSMC,circle,circle_dist_bsmc_30cm_yawfree_p01,1784980658.3757744,0.9926578347875462,0.11546896337446584,1.7001295805905137,0.16007080227560821,0.11625779542686178,1784980658.3803248,0.9946677483917448,0.09894718614701052,1.69339618451784,0.018439054489135742,0,0,1784980658.3936644,0.9772366154511021,0.15365510363354384,1.7998605060419128,1784980658.3937109,0.03985613450263816,0.010367442125052476,0.09973092545139915,0.05642898724480697,0.01060990244220507,0.10646432152407281,1784980658.3937593,0.15477257877869935,0.18254101240489873,1784980658.3493433,17175.927734375,nan,nan,49.14922332763672,nan
5.96409797668457,1784980658.4388828,BSMC,circle,circle_dist_bsmc_30cm_yawfree_p01,1784980658.425333,0.9920682943413873,0.1202829459248619,1.7040853026199354,0.15823645845054907,0.11404065894342257,1784980658.3803248,0.9946677483917448,0.09894718614701052,1.69339618451784,0.058557987213134766,0,0,1784980658.4336507,0.9762451468140211,0.1578662639034409,1.8041868104776428,1784980658.4336922,0.03935277204781673,0.010688176650128466,0.10010150785770744,0.06072978837552841,0.011078933902834369,0.11079062595980282,1784980658.4337347,0.15417109525852404,0.1837940541943458,1784980658.3493433,17175.927734375,nan,nan,49.14922332763672,nan
6.0034074783325195,1784980658.4781923,BSMC,circle,circle_dist_bsmc_30cm_yawfree_p01,1784980658.4758282,0.9911968798745676,0.12621508896961492,1.7113786973140188,0.15850385225152944,0.12094174968883598,1784980658.4567668,0.9928188095153572,0.11243473595894155,1.705608628153592,0.021425485610961914,0,0,1784980658.4738908,0.9752316728535461,0.16208876105846454,1.8085292339166688,1784980658.4739327,0.04367250163803689,0.011131513948491604,0.10444393129673335,0.051567280189977326,0.010753845747157242,0.10292060576307671,1784980658.4739852,0.15925073385389216,0.18583233614011502,1784980658.4455063,17176.0234375,nan,nan,96.13453674316406,nan
6.043581485748291,1784980658.5183663,BSMC,circle,circle_dist_bsmc_30cm_yawfree_p01,1784980658.4758282,0.9911968798745676,0.12621508896961492,1.7113786973140188,0.15850385225152944,0.12094174968883598,1784980658.4567668,0.9928188095153572,0.11243473595894155,1.705608628153592,0.0615994930267334,0,0,1784980658.5135999,0.9742123707238858,0.1662561953449367,1.812819515212445,1784980658.513638,0.042025948749287896,0.011206399179560664,0.10144081789842628,0.055833900186248675,0.011203778154315565,0.10721088705885305,1784980658.5136802,0.15732960456768622,0.17992739039868352,1784980658.4859526,17176.064453125,nan,nan,40.57980728149414,nan
6.08321475982666,1784980658.5579996,BSMC,circle,circle_dist_bsmc_30cm_yawfree_p01,1784980658.5253806,0.9900475836516898,0.13384662816090834,1.7204259240174666,0.1570167730347477,0.13138875361172944,1784980658.4567668,0.9928188095153572,0.11243473595894155,1.705608628153592,0.10123276710510254,0,0,1784980658.5538538,0.9731621066230189,0.17047128455286858,1.8171634836038635,1784980658.553889,0.03873257553742919,0.011237098493484282,0.09673755958639685,0.06015190413329752,0.011677986574384212,0.11155485545027143,1784980658.553928,0.15347062073437143,0.17087573047956006,1784980658.5222175,17176.1015625,nan,nan,36.31013107299805,nan
6.12329626083374,1784980658.598081,BSMC,circle,circle_dist_bsmc_30cm_yawfree_p01,1784980658.5762358,0.9888590185774077,0.14148735028896442,1.7280521094978731,0.15506625445120945,0.13446580328878013,1784980658.5768151,0.9895343239211343,0.13561318014403997,1.7249269808786205,0.02126598358154297,0,0,1784980658.5934975,0.9721084250272143,0.17462365128349466,1.8214474563440368,1784980658.5935419,0.035350708924158675,0.011354479576065744,0.09339534684616367,0.041223259793108875,0.011230390145190974,0.09652047546541631,1784980658.5935848,0.14949060847357326,0.1671769683530041,1784980658.558427,17176.13671875,nan,nan,36.27841567993164,nan
6.163721084594727,1784980658.638506,BSMC,circle,circle_dist_bsmc_30cm_yawfree_p01,1784980658.6262267,0.9877880170814053,0.14802216339792518,1.7346962944203523,0.15401840596412417,0.1360062590366646,1784980658.5768151,0.9895343239211343,0.13561318014403997,1.7249269808786205,0.0616908073425293,0,0,1784980658.6335487,0.9710265611150992,0.17881138277480868,1.825772679313092,1784980658.6336498,0.03311151467565258,0.01151303747202797,0.09107638489273961,0.0455274362214983,0.01165652374041296,0.10084569843447144,1784980658.6336966,0.14685575243334067,0.165233265876679,1784980658.6042275,17176.18359375,nan,nan,45.65188980102539,nan
6.203190326690674,1784980658.6779752,BSMC,circle,circle_dist_bsmc_30cm_yawfree_p01,1784980658.6760075,0.986513325766746,0.1553310575565204,1.742547426713821,0.15447198216532468,0.13912690038689057,1784980658.6552525,0.9871720784933437,0.15064377097243004,1.740393330082998,0.022722721099853516,0,0,1784980658.673614,0.9699267991756287,0.18299362426677993,1.8300971040567444,1784980658.6736534,0.037417152623098575,0.01191565650559043,0.09540080963639208,0.03479647266086212,0.011537684224914515,0.08970377397374651,1784980658.6736953,0.1519230618213343,0.16719731338222082,1784980658.6515458,17176.23046875,nan,nan,47.13892364501953,nan
6.243169546127319,1784980658.7179544,BSMC,circle,circle_dist_bsmc_30cm_yawfree_p01,1784980658.6760075,0.986513325766746,0.1553310575565204,1.742547426713821,0.15447198216532468,0.13912690038689057,1784980658.6552525,0.9871720784933437,0.15064377097243004,1.740393330082998,0.06270194053649902,0,0,1784980658.7138608,0.9688132022434868,0.18715535951988002,1.8344052553018615,1784980658.7139058,0.03438116279261131,0.012000675531889373,0.09185782858804048,0.03908645756687969,0.011932865133250824,0.09401192521886359,1784980658.7140005,0.14835511605711021,0.16465996182077575,1784980658.704391,17176.283203125,nan,nan,52.97166061401367,nan
6.283292531967163,1784980658.7580774,BSMC,circle,circle_dist_bsmc_30cm_yawfree_p01,1784980658.7257798,0.9851666574335455,0.16291174270944642,1.750485282910363,0.1545315778181059,0.14262949316702545,1784980658.6552525,0.9871720784933437,0.15064377097243004,1.740393330082998,0.10282492637634277,0,0,1784980658.753375,0.9676788165477035,0.19132271228451994,1.8387242469629332,1784980658.7534356,0.03107902290364934,0.012128565718943015,0.08823896405257026,0.04338548822379706,0.012347588393551347,0.09833091687993534,1784980658.753493,0.1444706227240014,0.16182623325964413,1784980658.7512643,17176.330078125,nan,nan,46.88536834716797,nan
6.323223829269409,1784980658.7980087,BSMC,circle,circle_dist_bsmc_30cm_yawfree_p01,1784980658.775501,0.9838028624906612,0.1702294191647109,1.7583895753984562,0.15267941893457335,0.1452456094969363,1784980658.7759323,0.9827292783052272,0.17272678480944006,1.759075353643121,0.02207636833190918,0,0,1784980658.7936997,0.9665228491540128,0.19549799840639767,1.8430566024622008,1784980658.793745,0.028047899978180385,0.012264390103961107,0.08466702706374463,0.025402131066809386,0.011657969453392654,0.08398124881907987,1784980658.7937937,0.14090598916699174,0.15865182179488474,1784980658.7512643,17176.330078125,nan,nan,46.88536834716797,nan
6.363264322280884,1784980658.8380492,BSMC,circle,circle_dist_bsmc_30cm_yawfree_p01,1784980658.8255067,0.9822313147467385,0.17791866145002508,1.766530049842448,0.1509751804594235,0.1479410183583944,1784980658.7759323,0.9827292783052272,0.17272678480944006,1.759075353643121,0.06211686134338379,0,0,1784980658.8343985,0.9653255398937588,0.19975017718119112,1.8474741363367126,1784980658.834438,0.02470258965837082,0.012337032328317166,0.08094408649426454,0.029803263209424637,0.012038245222713656,0.08839878269359171,1784980658.8344803,0.13696836202076165,0.15546421649128012,1784980658.808574,17176.38671875,nan,nan,57.237266540527344,nan
6.4034202098846436,1784980658.878205,BSMC,circle,circle_dist_bsmc_30cm_yawfree_p01,1784980658.8753028,0.9805398110977722,0.18589453639725895,1.7756961079205191,0.1500268552780833,0.15095870727716892,1784980658.8564613,0.9801276664834101,0.1872071119803456,1.7778274220555679,0.0217437744140625,0,0,1784980658.8739007,0.9641575021904851,0.2038305798278236,1.8517184295496032,1784980658.8739455,0.02893224530458909,0.012689184212208379,0.08518837970715509,0.01955123400887182,0.012212087436203715,0.07389100749403532,1784980658.8739932,0.14195093086936247,0.15736413908708508,1784980658.8514671,17176.4296875,nan,nan,42.83363342285156,nan
6.443254232406616,1784980658.918039,BSMC,circle,circle_dist_bsmc_30cm_yawfree_p01,1784980658.8753028,0.9805398110977722,0.18589453639725895,1.7756961079205191,0.1500268552780833,0.15095870727716892,1784980658.8564613,0.9801276664834101,0.1872071119803456,1.7778274220555679,0.061577796936035156,0,0,1784980658.9137828,0.962954233791074,0.2079671185322748,1.8560264262994812,1784980658.9138381,0.0251889747021488,0.012726624248848802,0.0803303183789621,0.023846777204369382,0.012539373167726887,0.07819900424391335,1784980658.9138947,0.13755104047152306,0.15398260110841258,1784980658.9082615,17176.486328125,nan,nan,56.88266372680664,nan
6.483762741088867,1784980658.9585476,BSMC,circle,circle_dist_bsmc_30cm_yawfree_p01,1784980658.9254422,0.9790050289460239,0.19317801605005228,1.7836942460490355,0.14934979704778828,0.15245895561149683,1784980658.8564613,0.9801276664834101,0.1872071119803456,1.7778274220555679,0.10208630561828613,0,0,1784980658.9532979,0.9617363322684918,0.21208777452961694,1.8603232993921326,1784980658.9533298,0.022131586836761783,0.012883311483580259,0.07662905334309711,0.028129784776103752,0.012884244314107889,0.08249587733656472,1784980658.953368,0.13395326006914338,0.15193011334434528,1784980658.9522495,17176.53125,nan,nan,44.16239929199219,nan
6.5233070850372314,1784980658.998092,BSMC,circle,circle_dist_bsmc_30cm_yawfree_p01,1784980658.975389,0.9774006555427838,0.20041426014446598,1.7924751972894812,0.14897477739388762,0.15621055214253368,1784980658.975642,0.9753106559920488,0.20906270802034405,1.7959112326968767,0.022449970245361328,0,0,1784980658.9940023,0.9604793160142682,0.21627394094723867,1.8646941242059754,1784980658.994197,0.019192045919368555,0.013020237326331273,0.07221892691649412,0.010339909985084666,0.012847442833606606,0.06878289150909866,1784980658.9942827,0.13049943993106955,0.14881918974238917,1784980658.9522495,17176.53125,nan,nan,44.16239929199219,nan
6.563522577285767,1784980659.0383074,BSMC,circle,circle_dist_bsmc_30cm_yawfree_p01,1784980659.0256262,0.9754064192230756,0.20897643748268105,1.8015763468431316,0.14793475427037384,0.15870170809306805,1784980658.975642,0.9753106559920488,0.20906270802034405,1.7959112326968767,0.06266546249389648,0,0,1784980659.0342348,0.9592094400644858,0.22043692613287885,1.8690464868387267,1784980659.0342822,0.014861498633112953,0.013146132219899711,0.06747013999559504,0.01468131630173029,0.01315602309461605,0.07313525414184996,1784980659.0343304,0.12539487224681334,0.1458713819159748,1784980659.003958,17176.58203125,nan,nan,51.82048416137695,nan
6.603283882141113,1784980659.0780687,BSMC,circle,circle_dist_bsmc_30cm_yawfree_p01,1784980659.0756085,0.9733211063852527,0.21747496291124815,1.811129848172148,0.14614329783719107,0.15978673646187896,1784980659.054382,0.9720515034036528,0.2229142635848904,1.8151393541708927,0.023686647415161133,0,0,1784980659.0740087,0.9579401709303722,0.22453439551928886,1.87333604715672,1784980659.07405,0.019140665754172552,0.013444508253493668,0.07175970031358836,0.0049858065895115634,0.013300235498227208,0.0581966929858273,1784980659.0740936,0.13044201900788294,0.14775179457760595,1784980659.0526235,17176.630859375,nan,nan,47.6132698059082,nan
6.643935918807983,1784980659.1187208,BSMC,circle,circle_dist_bsmc_30cm_yawfree_p01,1784980659.0756085,0.9733211063852527,0.21747496291124815,1.811129848172148,0.14614329783719107,0.15978673646187896,1784980659.054382,0.9720515034036528,0.2229142635848904,1.8151393541708927,0.06433868408203125,0,0,1784980659.1131356,0.9566640924855071,0.22859243445637167,1.8775899963220641,1784980659.1131713,0.01476275228580019,0.013532015022200163,0.06646014814991608,0.009232014956771858,0.01355669351455389,0.062450642151171465,1784980659.1132123,0.12528495937311035,0.14481525366428175,1784980659.1125047,17176.69140625,nan,nan,60.65916442871094,nan
6.683450698852539,1784980659.1582355,BSMC,circle,circle_dist_bsmc_30cm_yawfree_p01,1784980659.125422,0.9716873005358325,0.22412539497046963,1.8183774979161436,0.14236184578482775,0.15727128287701997,1784980659.054382,0.9720515034036528,0.2229142635848904,1.8151393541708927,0.10385346412658691,0,0,1784980659.1540108,0.9553273858811895,0.2327799035395079,1.8819856433710145,1784980659.1540554,0.012399769633680545,0.013740197928356587,0.06360814545487092,0.013618476036445715,0.01384066721889022,0.06684628920012181,1784980659.1541038,0.12250011641754377,0.1434021440275987,1784980659.1519408,17176.73046875,nan,nan,39.24364471435547,nan
6.723276138305664,1784980659.198061,BSMC,circle,circle_dist_bsmc_30cm_yawfree_p01,1784980659.175135,0.9693191826011311,0.23277326271859583,1.829925552554477,0.14049360657536325,0.16162737339691666,1784980659.1736445,0.9665250882395195,0.24343485101576118,1.843001074804123,0.024416446685791016,0,0,1784980659.1940799,0.9540002931700419,0.23687566130927126,1.8862910394510315,1784980659.1941276,0.007890729838082812,0.01375625058731863,0.056365486896554406,-0.0029503214543663285,0.01382711338110892,0.043289964646908485,1784980659.1941817,0.11719478005681573,0.13843399674513415,1784980659.1519408,17176.73046875,nan,nan,39.24364471435547,nan
6.7635321617126465,1784980659.238317,BSMC,circle,circle_dist_bsmc_30cm_yawfree_p01,1784980659.225611,0.9675457747747296,0.23939094249882473,1.8385087025193743,0.13839311755409472,0.1631779324581538,1784980659.1736445,0.9665250882395195,0.24343485101576118,1.843001074804123,0.06467247009277344,0,0,1784980659.234178,0.9526444882768356,0.24099915511908637,1.8906317119440124,1784980659.234223,0.005492703400739491,0.013945067101874847,0.05212300942463809,0.0013858631054156716,0.014024373543163654,0.047630637139889354,1784980659.2342727,0.11437316451035844,0.13568602871762597,1784980659.2161329,17176.794921875,nan,nan,63.583717346191406,nan
6.803435564041138,1784980659.2782204,BSMC,circle,circle_dist_bsmc_30cm_yawfree_p01,1784980659.2763593,0.9650621037103707,0.24793996010995806,1.8497095809607074,0.13745767063231676,0.1667628001120085,1784980659.2626138,0.9626301087599111,0.2566087733991269,1.857836617160946,0.01560664176940918,0,0,1784980659.2738767,0.9512913739143287,0.24505548460825693,1.8949077796777771,1784980659.2739227,0.009762474496511183,0.014176976981892145,0.056399077158402866,-0.007870433430124928,0.014145729652642066,0.03707116251683118,1784980659.2739694,0.11941633653399757,0.13751584347376658,1784980659.2531903,17176.830078125,nan,nan,37.007537841796875,nan
6.845086574554443,1784980659.3198714,BSMC,circle,circle_dist_bsmc_30cm_yawfree_p01,1784980659.2763593,0.9650621037103707,0.24793996010995806,1.8497095809607074,0.13745767063231676,0.1667628001120085,1784980659.2626138,0.9626301087599111,0.2566087733991269,1.857836617160946,0.057257652282714844,0,0,1784980659.3140795,0.9498972645964118,0.24917542957839586,1.8992572069009825,1784980659.3141246,0.005362772967200917,0.014238658513426046,0.049547625940275175,-0.0035243587809884727,0.014316382784489518,0.0414205897400366,1784980659.3141716,0.11423307039997567,0.1335016745842162,1784980659.3169098,17176.896484375,nan,nan,64.70404815673828,nan
6.883465051651001,1784980659.35825,BSMC,circle,circle_dist_bsmc_30cm_yawfree_p01,1784980659.325472,0.9633056895181714,0.254072614932214,1.8570952173587039,0.13383569299849682,0.1637777485479887,1784980659.2626138,0.9626301087599111,0.2566087733991269,1.857836617160946,0.09563612937927246,0,0,1784980659.3542976,0.9484975471991877,0.25325369212671456,1.9035689887842224,1784980659.3544226,0.0033962852324077256,0.014436653355981564,0.04647377142551856,0.0007833265709507888,0.014504215459492152,0.04573237162327649,1784980659.3545005,0.11191478174364353,0.132104475200182,1784980659.3538225,17176.931640625,nan,nan,36.03419876098633,nan
6.923430442810059,1784980659.3982153,BSMC,circle,circle_dist_bsmc_30cm_yawfree_p01,1784980659.3754168,0.9615058322029875,0.2601587703031224,1.8647404002211434,0.13123013434916284,0.1620607662614724,1784980659.3755667,0.956834965878862,0.27594123654952296,1.8818970018330903,0.02264857292175293,0,0,1784980659.3938975,0.9470776437814721,0.25733334163293775,1.9078886756738709,1784980659.393937,0.0014760279160354849,0.014627953031375785,0.04314827545272748,-0.014727882990293914,0.014984944122788777,0.025991673840780605,1784980659.3939764,0.10965152495484623,0.13057521709945208,1784980659.3538225,17176.931640625,nan,nan,36.03419876098633,nan
6.9633848667144775,1784980659.4381697,BSMC,circle,circle_dist_bsmc_30cm_yawfree_p01,1784980659.4253032,0.9587644584509336,0.26874559103996043,1.876991681287001,0.12952726126753042,0.16719796410218035,1784980659.3755667,0.956834965878862,0.27594123654952296,1.8818970018330903,0.06260299682617188,0,0,1784980659.4334137,0.9456534327748852,0.26136938143001875,1.9121686315378235,1784980659.4334533,-0.003081024579336334,0.01472463072641624,0.035176950250822576,-0.01044962383681752,0.015105330378649905,0.030271629704733183,1784980659.433494,0.10427601015169329,0.12538655431166698,1784980659.4035056,17176.982421875,nan,nan,50.331573486328125,nan
7.003536701202393,1784980659.4783216,BSMC,circle,circle_dist_bsmc_30cm_yawfree_p01,1784980659.475332,0.9560030991960323,0.2770082026714035,1.8887582218272656,0.12579755337796472,0.17035120717678795,1784980659.4552176,0.9523400757754155,0.2885299636180718,1.899164425114507,0.023103952407836914,0,0,1784980659.4744167,0.9441670234069626,0.2655240509840186,1.9165811958154724,1784980659.474461,0.0013284531873811235,0.014889548089983405,0.03958951452847149,-0.019140905021763015,0.015155743336801739,0.017416770700965367,1784980659.474507,0.10949224918552168,0.12722247854834007,1784980659.455172,17177.033203125,nan,nan,51.90003967285156,nan
7.043419122695923,1784980659.518204,BSMC,circle,circle_dist_bsmc_30cm_yawfree_p01,1784980659.475332,0.9560030991960323,0.2770082026714035,1.8887582218272656,0.12579755337796472,0.17035120717678795,1784980659.4552176,0.9523400757754155,0.2885299636180718,1.899164425114507,0.06298637390136719,0,0,1784980659.5141103,0.9427223711120416,0.2695076003645512,1.9208186139902161,1784980659.5141532,-0.002972660509281859,0.014959948626349447,0.032060392162950535,-0.014904298564423591,0.015238518006791092,0.021654188875709135,1784980659.5142033,0.10441595181736857,0.12209349325763535,1784980659.5029635,17177.08203125,nan,nan,47.72592544555664,nan
7.083546161651611,1784980659.558331,BSMC,circle,circle_dist_bsmc_30cm_yawfree_p01,1784980659.5253105,0.9542295867418309,0.2823485650490859,1.8967694601881238,0.12034827328635615,0.1686042051233328,1784980659.4552176,0.9523400757754155,0.2885299636180718,1.899164425114507,0.10311341285705566,0,0,1784980659.55383,0.9412234915556154,0.2735859868309644,1.9251637153467223,1784980659.5538816,-0.004136184293318158,0.01512723598392331,0.028394255158598506,-0.010560433953113912,0.015342037728132224,0.02599929023221526,1784980659.5539289,0.10304681554760581,0.11925422864701035,1784980659.5029635,17177.08203125,nan,nan,47.72592544555664,nan
7.123333930969238,1784980659.5981188,BSMC,circle,circle_dist_bsmc_30cm_yawfree_p01,1784980659.575252,0.9525042347597832,0.2874411121849415,1.9044755205294333,0.11494937314728375,0.16623518494926412,1784980659.5763328,0.9454196326195626,0.30799874657561666,1.9256951477448356,0.021785974502563477,0,0,1784980659.5935483,0.9397270080643354,0.2776042002421182,1.9294515504678773,1784980659.5935845,-0.005109528075119694,0.01529428263918538,0.024976029938444055,-0.02652224706676594,0.015899837473238115,0.0037564027230416737,1784980659.5936244,0.10190130661401688,0.1166569180347697,1784980659.5661378,17177.14453125,nan,nan,63.287235260009766,nan
7.164376258850098,1784980659.639161,BSMC,circle,circle_dist_bsmc_30cm_yawfree_p01,1784980659.6256394,0.9494675082336802,0.2957850352053413,1.9162600675050756,0.11112673877495494,0.1663911586831824,1784980659.5763328,0.9454196326195626,0.30799874657561666,1.9256951477448356,0.06282830238342285,0,0,1784980659.633715,0.9381887521947451,0.28168061606684264,1.9338085479578064,1784980659.6337497,-0.009451749498942452,0.015388612946900169,0.01754848045273083,-0.022165329756213048,0.015925695651782625,0.0081134002129708,1784980659.6337879,0.09676414451652324,0.11236126359601659,1784980659.6041114,17177.181640625,nan,nan,37.10896682739258,nan
7.2034382820129395,1784980659.6782231,BSMC,circle,circle_dist_bsmc_30cm_yawfree_p01,1784980659.6753755,0.9463427225640585,0.3041314692479124,1.9281991617610195,0.10928802698518239,0.1689918110757104,1784980659.6551454,0.9406191128730026,0.32032616322257124,1.9409004189906607,0.023077726364135742,0,0,1784980659.6738234,0.9366542132728186,0.2856945142138673,1.9381057815393494,1784980659.673877,-0.005155352807181998,0.015473250436378844,0.021845714034273822,-0.030852575978069834,0.016223134636038437,-0.002794637451311255,1784980659.6739268,0.1018548265407792,0.11409716299625927,1784980659.6613448,17177.240234375,nan,nan,57.91958236694336,nan
7.243257999420166,1784980659.7180429,BSMC,circle,circle_dist_bsmc_30cm_yawfree_p01,1784980659.6753755,0.9463427225640585,0.3041314692479124,1.9281991617610195,0.10928802698518239,0.1689918110757104,1784980659.6551454,0.9406191128730026,0.32032616322257124,1.9409004189906607,0.0628974437713623,0,0,1784980659.7134473,0.935100205278113,0.2897075150572549,1.9424091691812562,1784980659.7134862,-0.00957937516560202,0.015578196970625863,0.014210007420236703,-0.026549192546248827,0.01622036780269072,0.001508750190595487,1784980659.7135558,0.0966183779491219,0.10988141763722764,1784980659.703256,17177.28125,nan,nan,41.92742156982422,nan
7.28327202796936,1784980659.7580569,BSMC,circle,circle_dist_bsmc_30cm_yawfree_p01,1784980659.7254622,0.9445161280389802,0.3089854330770732,1.936482395799377,0.10688827458380741,0.1683349075541088,1784980659.6551454,0.9406191128730026,0.32032616322257124,1.9409004189906607,0.10291147232055664,0,0,1784980659.7536464,0.9335179477674143,0.29374164632358596,1.9467425031503722,1784980659.7537487,-0.010303006781810401,0.015721992721205065,0.010260107350995142,-0.02221589123634528,0.01623629456446686,0.005842084159711547,1784980659.7537937,0.09576464643050456,0.10771340423381269,1784980659.754577,17177.333984375,nan,nan,51.55010986328125,nan
7.3235023021698,1784980659.7982872,BSMC,circle,circle_dist_bsmc_30cm_yawfree_p01,1784980659.7752662,0.9426234981128544,0.31389441286619985,1.9449020065373448,0.10640359953730125,0.16845211709431115,1784980659.7749379,0.9336811506959172,0.33890750171923256,1.974455894767873,0.023349285125732422,0,0,1784980659.7937133,0.9319261374034329,0.297749085963439,1.951054516776471,1784980659.7938,-0.01111938662195809,0.015857627442209223,0.006152510239126219,-0.03716115725671919,0.017780428862233272,-0.02340137799140196,1784980659.7938676,0.09479924400354259,0.10601607222994072,1784980659.754577,17177.333984375,nan,nan,51.55010986328125,nan
7.363444805145264,1784980659.8382297,BSMC,circle,circle_dist_bsmc_30cm_yawfree_p01,1784980659.8256912,0.9389511884938028,0.3230228035647048,1.9602971355810244,0.10748545862189485,0.17618495298294104,1784980659.7749379,0.9336811506959172,0.33890750171923256,1.974455894767873,0.06329178810119629,0,0,1784980659.8342938,0.9302802523457252,0.3018405615575321,1.9554646348794984,1784980659.834332,-0.016303079573654046,0.016064934066144662,-0.004832500701525965,-0.032752033387283185,0.0176869576676632,-0.01899125988837458,1784980659.8343713,0.08864698348312317,0.10049304539231856,1784980659.8042686,17177.3828125,nan,nan,49.46261978149414,nan
7.403278827667236,1784980659.8780637,BSMC,circle,circle_dist_bsmc_30cm_yawfree_p01,1784980659.8753788,0.9354890701007293,0.33150142866401744,1.9721659021307123,0.10527596295936839,0.1767497007405698,1784980659.8539114,0.9286163979427852,0.3502682545616772,1.9854181354125482,0.024152278900146484,0,0,1784980659.8744187,0.9286572505467683,0.30582493502333574,1.9597668895563172,1784980659.874464,-0.012000843680914752,0.016053398137773095,-0.0005302460247071927,-0.04069403820531066,0.017866325169633872,-0.02565124585623102,1784980659.8745105,0.09375498336806881,0.1021633568106443,1784980659.8541884,17177.43359375,nan,nan,49.9434700012207,nan
7.44359016418457,1784980659.918375,BSMC,circle,circle_dist_bsmc_30cm_yawfree_p01,1784980659.8753788,0.9354890701007293,0.33150142866401744,1.9721659021307123,0.10527596295936839,0.1767497007405698,1784980659.8539114,0.9286163979427852,0.3502682545616772,1.9854181354125482,0.06446361541748047,0,0,1784980659.9138386,0.9270254795352234,0.30978214434748275,1.964047334655194,1784980659.9138799,-0.016686632314008628,0.016276239691650957,-0.008118567475518201,-0.036414779365838076,0.01776569687326542,-0.021370800757354095,1784980659.9139233,0.08818940826137683,0.09844337730037678,1784980659.9044676,17177.482421875,nan,nan,50.17524719238281,nan
7.483175039291382,1784980659.95796,BSMC,circle,circle_dist_bsmc_30cm_yawfree_p01,1784980659.925222,0.9335971950108581,0.33594113841328505,1.9800484192363739,0.10173333487603056,0.17350831646115147,1784980659.8539114,0.9286163979427852,0.3502682545616772,1.9854181354125482,0.10404849052429199,0,0,1784980659.9536283,0.925369188627835,0.31375042350769533,1.9683474006494568,1784980659.9536657,-0.017084061170476977,0.016378729223710597,-0.011701018586917078,-0.03211551096315728,0.01768305145605776,-0.0170707347630914,1784980659.9537036,0.08771382612785526,0.09650711696521183,1784980659.9543853,17177.533203125,nan,nan,50.23818588256836,nan
7.523196697235107,1784980659.9979815,BSMC,circle,circle_dist_bsmc_30cm_yawfree_p01,1784980659.9760842,0.9298745582081038,0.3448513462058149,1.9918300138975316,0.10179731483252269,0.17557435010582348,1784980659.9740908,0.9217276815576506,0.3667264683276453,2.0046369503641452,0.02389073371887207,0,0,1784980659.9937608,0.9236866842710117,0.31773310890297507,1.9726708984216734,1784980659.9938018,-0.02222090974197952,0.016730802387012945,-0.019159115475858135,-0.04527800077689351,0.018817268797397597,-0.03196605194247182,1784980659.9938455,0.08160395887048613,0.09343571510792167,1784980659.9543853,17177.533203125,nan,nan,50.23818588256836,nan
7.563204050064087,1784980660.037989,BSMC,circle,circle_dist_bsmc_30cm_yawfree_p01,1784980660.0255134,0.9279869456145904,0.3490540697599503,1.9996682857392374,0.09804097888514032,0.17262171250173036,1784980659.9740908,0.9217276815576506,0.3667264683276453,2.0046369503641452,0.06389808654785156,0,0,1784980660.0338006,0.9219811264012157,0.3217220837919152,1.9770092019876526,1784980660.033844,-0.022359185088730346,0.01682777951925052,-0.022659083751584763,-0.04094162636184492,0.018688020028234147,-0.027627748376492622,1784980660.0338917,0.08143192304579334,0.09134440707176894,1784980660.0139115,17177.591796875,nan,nan,59.26923370361328,nan
7.604170322418213,1784980660.0789552,BSMC,circle,circle_dist_bsmc_30cm_yawfree_p01,1784980660.0753496,0.9244120072720534,0.35726179490923293,2.0114321734477056,0.09660818334240692,0.1746700969878793,1784980660.0559556,0.9170943563944756,0.3769872700393771,2.0227507163259486,0.02299952507019043,0,0,1784980660.07427,0.9202511880539485,0.325719912411483,1.9813652725061461,1784980660.0743096,-0.018004031609399875,0.016738568935479172,-0.018303013233091248,-0.04749853932234204,0.019549841598247457,-0.04138544381980247,1784980660.074351,0.08661112496880591,0.09298082331673674,1784980660.0562596,17177.634765625,nan,nan,42.42898941040039,nan
7.64352822303772,1784980660.118313,BSMC,circle,circle_dist_bsmc_30cm_yawfree_p01,1784980660.0753496,0.9244120072720534,0.35726179490923293,2.0114321734477056,0.09660818334240692,0.1746700969878793,1784980660.0559556,0.9170943563944756,0.3769872700393771,2.0227507163259486,0.062357425689697266,0,0,1784980660.113493,0.9185472554308225,0.3296116191620202,1.985613659842877,1784980660.1135283,-0.022507646230866905,0.017097759916349146,-0.025818513604828564,-0.04325342908682858,0.019383087573803012,-0.03713705648307153,1784980660.1135662,0.08124742975867326,0.08933464000431843,1784980660.1151595,17177.693359375,nan,nan,59.01801300048828,nan
7.683268785476685,1784980660.1580536,BSMC,circle,circle_dist_bsmc_30cm_yawfree_p01,1784980660.1262772,0.9224908781485086,0.3613261271880852,2.019431226893271,0.09278234230787519,0.17146754911987083,1784980660.0559556,0.9170943563944756,0.3769872700393771,2.0227507163259486,0.10209798812866211,0,0,1784980660.1534305,0.9167987856564187,0.3335589463450412,1.989930900557904,1784980660.1534662,-0.022550476562359097,0.017172427193594693,-0.02950032633536681,-0.03893883250585149,0.019232108153877887,-0.0328198157680446,1784980660.1535025,0.08118559318882924,0.08713541884264708,1784980660.1551063,17177.734375,nan,nan,39.96608352661133,nan
7.7235002517700195,1784980660.198285,BSMC,circle,circle_dist_bsmc_30cm_yawfree_p01,1784980660.176065,0.9206449935798535,0.3651513413208532,2.0271179012027667,0.08990403430717032,0.16875095536318435,1784980660.1771464,0.9091309184295421,0.3926165027892953,2.033371930511139,0.021138668060302734,0,0,1784980660.193846,0.9150197999087775,0.33752861851899846,1.994280971511273,1784980660.1938872,-0.022317614698688846,0.017221547345871314,-0.032836929691493655,-0.05192642315338474,0.019313220781364403,-0.03909095899986603,1784980660.1939344,0.081450770331023,0.08528435676218539,1784980660.1551063,17177.734375,nan,nan,39.96608352661133,nan
7.763747692108154,1784980660.2385325,BSMC,circle,circle_dist_bsmc_30cm_yawfree_p01,1784980660.22562,0.9167695668860747,0.37363561715374477,2.0361302913224355,0.0898732300118042,0.1676824570652174,1784980660.1771464,0.9091309184295421,0.3926165027892953,2.033371930511139,0.0613861083984375,0,0,1784980660.2333758,0.9132459964775215,0.3414413143353194,1.998576969130902,1784980660.2334087,-0.027190038184112607,0.017595184168828798,-0.0375533221915334,-0.047633360052427624,0.019154550131932138,-0.03479496138023697,1784980660.2334883,0.07564928001627437,0.08390171843964639,1784980660.2067342,17177.78515625,nan,nan,50.22149658203125,nan
7.803254127502441,1784980660.278039,BSMC,circle,circle_dist_bsmc_30cm_yawfree_p01,1784980660.275527,0.9130145440891059,0.38168873564904854,2.045742745647467,0.09018345979261422,0.16747064821773014,1784980660.2646098,0.9045787121961169,0.4022647980116845,2.051519107208269,0.01342916488647461,0,0,1784980660.2737172,0.9114399591288722,0.3453798377070939,2.0029098396143006,1784980660.2737558,-0.022859883683886043,0.017441889488888838,-0.033220451708134924,-0.05361045047596234,0.020221152738938597,-0.04860926759396822,1784980660.2737985,0.08080572923347681,0.0854832436769839,1784980660.2591403,17177.837890625,nan,nan,52.669898986816406,nan
7.843807220458984,1784980660.318592,BSMC,circle,circle_dist_bsmc_30cm_yawfree_p01,1784980660.275527,0.9130145440891059,0.38168873564904854,2.045742745647467,0.09018345979261422,0.16747064821773014,1784980660.2646098,0.9045787121961169,0.4022647980116845,2.051519107208269,0.05398225784301758,0,0,1784980660.3137155,0.9096331130485195,0.34927568198141884,2.007204292281537,1784980660.3137534,-0.02727918964737125,0.017829356021058014,-0.03853845336593009,-0.04932063553453261,0.02002169563537333,-0.04431481492673184,1784980660.3138008,0.07553941034548692,0.08382865864787283,1784980660.306294,17177.884765625,nan,nan,46.963436126708984,nan
7.883562803268433,1784980660.3583477,BSMC,circle,circle_dist_bsmc_30cm_yawfree_p01,1784980660.3256633,0.9110685014993026,0.38545734289533595,2.0535718462073254,0.08774873542241629,0.16542614153510818,1784980660.2646098,0.9045787121961169,0.4022647980116845,2.051519107208269,0.09373784065246582,0,0,1784980660.3537462,0.9077904291708763,0.3532042765352155,2.0115435743173644,1784980660.3537889,-0.027045048061507693,0.01787656071987746,-0.042028271889960944,-0.044985210080109146,0.01983887011695676,-0.039975532890904386,1784980660.353832,0.07580215770608169,0.08191985887177207,1784980660.306294,17177.884765625,nan,nan,46.963436126708984,nan
7.923355579376221,1784980660.3981404,BSMC,circle,circle_dist_bsmc_30cm_yawfree_p01,1784980660.3760777,0.9091905665338175,0.3890377463025434,2.060914341882803,0.08463921308280113,0.16216005215838217,1784980660.3778565,0.8978049162553242,0.41429568835715785,2.060836812490807,0.020283937454223633,0,0,1784980660.3935995,0.905940659280501,0.35710399131510046,2.0158597593149232,1784980660.393637,-0.026644598611576652,0.017899496349930162,-0.04505458256787964,-0.05429020569774878,0.019739657809048173,-0.04497705317588396,1784980660.3936808,0.07626326455714871,0.08014596700413237,1784980660.3612869,17177.939453125,nan,nan,54.889556884765625,nan
7.963603496551514,1784980660.4383883,BSMC,circle,circle_dist_bsmc_30cm_yawfree_p01,1784980660.425492,0.9054566792665025,0.39669253299801677,2.0674420340912585,0.08320827826812424,0.15725341209682564,1784980660.3778565,0.8978049162553242,0.41429568835715785,2.060836812490807,0.0605318546295166,0,0,1784980660.4335828,0.9040700702878088,0.36100398882927404,2.020185162528424,1784980660.4336212,-0.0307161693610212,0.01822393506159296,-0.04725687156283431,-0.049968769628087904,0.019554525191783384,-0.04065164996238302,1784980660.433665,0.07141933596622178,0.07996109200508418,1784980660.4075053,17177.984375,nan,nan,45.0353889465332,nan
8.003200769424438,1784980660.4779856,BSMC,circle,circle_dist_bsmc_30cm_yawfree_p01,1784980660.4755814,0.9017682246821308,0.4040856344400911,2.0746638184067847,0.0840656225643855,0.15618918487549582,1784980660.4579952,0.8935472674779174,0.4223428925619711,2.0701863690871125,0.01999044418334961,0,0,1784980660.473514,0.902191771295532,0.3648771120673888,2.024489708884625,1784980660.473553,-0.02641600422038628,0.018029846202352373,-0.04295232520663327,-0.05458752998990844,0.01993100458344018,-0.045696660202487305,1784980660.4735932,0.0765445935849534,0.08150201802694572,1784980660.4572356,17178.03515625,nan,nan,51.227088928222656,nan
8.043222188949585,1784980660.518007,BSMC,circle,circle_dist_bsmc_30cm_yawfree_p01,1784980660.4755814,0.9017682246821308,0.4040856344400911,2.0746638184067847,0.0840656225643855,0.15618918487549582,1784980660.4579952,0.8935472674779174,0.4223428925619711,2.0701863690871125,0.060011863708496094,0,0,1784980660.5137844,0.9002683303473935,0.3687998981982013,2.0288586797555968,1784980660.5138166,-0.030176316516413178,0.01835000781059347,-0.04580513865118795,-0.05022269784461987,0.019740961292250968,-0.04132768933151576,1784980660.5138538,0.07206743412369086,0.08118177797062179,1784980660.5062587,17178.083984375,nan,nan,49.487037658691406,nan
8.083493709564209,1784980660.5582786,BSMC,circle,circle_dist_bsmc_30cm_yawfree_p01,1784980660.5254421,0.899907005074044,0.4074522280289509,2.0816830032069693,0.08114857719089826,0.1534858711159478,1784980660.4579952,0.8935472674779174,0.4223428925619711,2.0701863690871125,0.10028338432312012,0,0,1784980660.5535803,0.8983693611663165,0.37263079637404695,2.0331344127496767,1784980660.5536242,-0.029623296273625064,0.018367274407738114,-0.048548590457292644,-0.04595025111045904,0.01957343909033056,-0.037051956337435854,1784980660.5536711,0.07270989617572357,0.07944403003004957,1784980660.5062587,17178.083984375,nan,nan,49.487037658691406,nan
8.123538732528687,1784980660.5983236,BSMC,circle,circle_dist_bsmc_30cm_yawfree_p01,1784980660.5756369,0.8981499148338307,0.41059781001496654,2.0877846637059156,0.07737220294339163,0.14826516447965216,1784980660.5772564,0.8869077210635423,0.43427937121184845,2.0842907946064746,0.021067142486572266,0,0,1784980660.5941565,0.896406450415856,0.3765479843132315,2.037515897735028,1784980660.5941937,-0.028738178858700364,0.018345227564154853,-0.050268765970887586,-0.05495196247947455,0.02008533575026139,-0.046774896871446536,1784980660.5942342,0.07375135518997848,0.07825647617696396,1784980660.5593216,17178.13671875,nan,nan,53.083351135253906,nan
8.163938522338867,1784980660.6387234,BSMC,circle,circle_dist_bsmc_30cm_yawfree_p01,1784980660.6256185,0.8944953021278088,0.41769680168123186,2.0929836167534606,0.07614993692042654,0.14272560166502316,1784980660.5772564,0.8869077210635423,0.43427937121184845,2.0842907946064746,0.06146693229675293,0,0,1784980660.6334157,0.8944825317072912,0.3803463062202583,2.0417736835321474,1784980660.63346,-0.0323664359330054,0.018640641063507032,-0.051209933221313175,-0.05069842263964676,0.019895305916911493,-0.04251711107432721,1784980660.633504,0.06943945880051808,0.07883781555484365,1784980660.6065228,17178.185546875,nan,nan,47.37031555175781,nan
8.203991889953613,1784980660.6787767,BSMC,circle,circle_dist_bsmc_30cm_yawfree_p01,1784980660.676351,0.8908361420848282,0.42461721311087747,2.099404017521196,0.07681437487490302,0.13957104815354682,1784980660.6541324,0.8826283480239298,0.4420965533423626,2.0973384178455308,0.02464437484741211,0,0,1784980660.6736789,0.8925095029225355,0.3842004404891669,2.0461034898599673,1784980660.673725,-0.02804183942999998,0.018428370871431836,-0.0468801268934933,-0.055019827128318974,0.020552754764510434,-0.051234927985563505,1784980660.6737723,0.07459568003032964,0.08037570846335701,1784980660.658444,17178.236328125,nan,nan,51.579105377197266,nan
8.24352765083313,1784980660.7183125,BSMC,circle,circle_dist_bsmc_30cm_yawfree_p01,1784980660.676351,0.8908361420848282,0.42461721311087747,2.099404017521196,0.07681437487490302,0.13957104815354682,1784980660.6541324,0.8826283480239298,0.4420965533423626,2.0973384178455308,0.06418013572692871,0,0,1784980660.7133982,0.8905320671002659,0.3880224209322891,2.0504067230066347,1784980660.7134373,-0.031446617778162496,0.0187184803470918,-0.04899729451456115,-0.050721779870560695,0.020341622794216356,-0.04693169483889603,1784980660.713477,0.070543250948155,0.08081901783017693,1784980660.7063942,17178.28515625,nan,nan,48.614437103271484,nan
8.283537149429321,1784980660.758322,BSMC,circle,circle_dist_bsmc_30cm_yawfree_p01,1784980660.7259948,0.8889201886545386,0.42789691784975237,2.105567562798739,0.07669464680015965,0.13691231223251435,1784980660.6541324,0.8826283480239298,0.4420965533423626,2.0973384178455308,0.10418963432312012,0,0,1784980660.753619,0.888522185326308,0.3918663302190318,2.05474438284245,1784980660.753659,-0.030797345688537574,0.01870521719213745,-0.05082317995628882,-0.046388468421388024,0.02014752170080451,-0.04259403500308068,1784980660.7536983,0.07130409892499277,0.08067307092692408,1784980660.7562678,17178.3359375,nan,nan,50.0798454284668,nan
8.323336362838745,1784980660.7981212,BSMC,circle,circle_dist_bsmc_30cm_yawfree_p01,1784980660.775839,0.8869544664858644,0.43121657692630005,2.111750679725078,0.07699107884364449,0.13485314042050833,1784980660.7768366,0.8762307060742823,0.45300695554919174,2.112414537284936,0.02128458023071289,0,0,1784980660.7937324,0.8864983909229478,0.39569632317420794,2.05907619760838,1784980660.7937686,-0.030213729434170562,0.018682263920918124,-0.052674482116697785,-0.05440131174844461,0.020746836274974496,-0.05333833967655588,1784980660.7938058,0.07198650934370737,0.08056791993789723,1784980660.7562678,17178.3359375,nan,nan,50.0798454284668,nan
8.36341118812561,1784980660.838196,BSMC,circle,circle_dist_bsmc_30cm_yawfree_p01,1784980660.8256075,0.8831202052834852,0.43820308540554287,2.117794264861519,0.07851066989613009,0.13235257566792968,1784980660.7768366,0.8762307060742823,0.45300695554919174,2.112414537284936,0.061359405517578125,0,0,1784980660.833752,0.8844635898129788,0.39950714523390585,2.06339624498692,1784980660.833794,-0.03374853709122936,0.018979375963474418,-0.0543980198745988,-0.050086924067392,0.020525840199460074,-0.0490182922980158,1784980660.83384,0.06778073206665974,0.08151738226890812,1784980660.8070796,17178.38671875,nan,nan,50.70314025878906,nan
8.40416932106018,1784980660.8789542,BSMC,circle,circle_dist_bsmc_30cm_yawfree_p01,1784980660.8755147,0.8795241109984867,0.44460508325535736,2.123485331146193,0.07870455055386964,0.12938445043358848,1784980660.8543277,0.8721179886959245,0.4596167768100837,2.120942438511688,0.024626493453979492,0,0,1784980660.873965,0.8824081589433542,0.40331685982983406,2.0677250728448913,1784980660.8740113,-0.02942561654385496,0.018753368655357424,-0.05006919201662763,-0.05337258193495717,0.02066242370343751,-0.05321736566679691,1784980660.8740568,0.0729364475456698,0.08304496134041862,1784980660.857187,17178.435546875,nan,nan,50.08099365234375,nan
8.443328142166138,1784980660.918113,BSMC,circle,circle_dist_bsmc_30cm_yawfree_p01,1784980660.8755147,0.8795241109984867,0.44460508325535736,2.123485331146193,0.07870455055386964,0.12938445043358848,1784980660.8543277,0.8721179886959245,0.4596167768100837,2.120942438511688,0.06378531455993652,0,0,1784980660.9142752,0.8803107780614251,0.4071641358108966,2.0721069183191343,1784980660.9143147,-0.032279569656111846,0.018986120546941834,-0.051378412827058906,-0.0489964432249867,0.020438930908384622,-0.048835520192553876,1784980660.9143546,0.06954163614204002,0.083648439266264,1784980660.907169,17178.486328125,nan,nan,49.94187927246094,nan
8.484033823013306,1784980660.9588187,BSMC,circle,circle_dist_bsmc_30cm_yawfree_p01,1784980660.925435,0.8775380303266342,0.44780560532411184,2.1303422258410425,0.07733561699672789,0.13076719563570638,1784980660.8543277,0.8721179886959245,0.4596167768100837,2.120942438511688,0.10449099540710449,0,0,1784980660.953645,0.8782650535896763,0.4108784645634601,2.076347349151044,1784980660.9536846,-0.031681517762469545,0.01898482867576944,-0.053994876689998694,-0.044760641713090334,0.02024091008057037,-0.04459508936064438,1784980660.9537323,0.07023664253919105,0.08146145526627081,1784980660.9569821,17178.53515625,nan,nan,49.90070724487305,nan
8.5233633518219,1784980660.9981482,BSMC,circle,circle_dist_bsmc_30cm_yawfree_p01,1784980660.9753816,0.8756988180447479,0.4507344152894965,2.136359598048669,0.07413329276052355,0.12910203270076887,1784980660.9755945,0.8661517387811352,0.4693195668676282,2.1365675991275324,0.022553682327270508,0,0,1784980660.9945548,0.8761262079439326,0.41472248072267415,2.0807463435968443,1784980660.9946702,-0.03063343855303559,0.018937648634094237,-0.055613254451824634,-0.05143650132222834,0.02084749822706635,-0.05582125553068807,1784980660.994721,0.07147113843859186,0.07961996023833909,1784980660.9569821,17178.53515625,nan,nan,49.90070724487305,nan
8.563495635986328,1784980661.0382805,BSMC,circle,circle_dist_bsmc_30cm_yawfree_p01,1784980661.0259483,0.8721937549787616,0.45679325951079747,2.141891889904911,0.07279118463755538,0.1256811584286767,1784980660.9755945,0.8661517387811352,0.4693195668676282,2.1365675991275324,0.06268596649169922,0,0,1784980661.033324,0.8740591589607423,0.4184000749298601,2.0849650420984314,1784980661.0333602,-0.033308893790851994,0.019184210922309486,-0.0569268478064795,-0.04722388988860404,0.02062101299369873,-0.05160255702910099,1784980661.033399,0.06828739435971275,0.07956809331073589,1784980661.0075796,17178.5859375,nan,nan,50.51595687866211,nan
8.603461503982544,1784980661.0782464,BSMC,circle,circle_dist_bsmc_30cm_yawfree_p01,1784980661.075823,0.8688461963553721,0.4624817642331273,2.1480166103619074,0.07309442034819716,0.12359129089673915,1784980661.0570529,0.862496541120954,0.47538058289771495,2.1486771620049883,0.021193504333496094,0,0,1784980661.0737414,0.8719176135978729,0.4221723342458357,2.089302804931073,1784980661.0737865,-0.028977635978846453,0.018946802720822557,-0.05258908497383796,-0.04971466807588217,0.021173712695709015,-0.05937435707391537,1784980661.0738368,0.07345423746832391,0.08109100606882386,1784980661.057197,17178.63671875,nan,nan,49.638153076171875,nan
8.64350438117981,1784980661.1182892,BSMC,circle,circle_dist_bsmc_30cm_yawfree_p01,1784980661.075823,0.8688461963553721,0.4624817642331273,2.1480166103619074,0.07309442034819716,0.12359129089673915,1784980661.0570529,0.862496541120954,0.47538058289771495,2.1486771620049883,0.06123638153076172,0,0,1784980661.1137812,0.8697726084689522,0.4259129146258247,2.0936147670587584,1784980661.1138184,-0.031149605825435155,0.01917918293165068,-0.05440184330314901,-0.04540976591582797,0.020927124020755743,-0.05506239494622988,1784980661.1138597,0.07086564102685616,0.08130702319029158,1784980661.1090717,17178.6875,nan,nan,50.91862487792969,nan
8.683281183242798,1784980661.158066,BSMC,circle,circle_dist_bsmc_30cm_yawfree_p01,1784980661.125349,0.8668988587539181,0.46547322319238627,2.153379838272395,0.072657101755881,0.12093700291989143,1784980661.0570529,0.862496541120954,0.47538058289771495,2.1486771620049883,0.10101318359375,0,0,1784980661.1538503,0.8675928278241549,0.4296762785448848,2.0979638337930724,1784980661.153897,-0.03027383512412624,0.01911537982996801,-0.05541600447932282,-0.041066783630175935,0.020697218576650925,-0.050713328211915876,1784980661.1539445,0.07189916972933381,0.08141182061767248,1784980661.1090717,17178.6875,nan,nan,50.91862487792969,nan
8.72333288192749,1784980661.1981177,BSMC,circle,circle_dist_bsmc_30cm_yawfree_p01,1784980661.1755936,0.864771574463309,0.4686922732032605,2.1596893923716953,0.07433307618881436,0.12169406013800066,1784980661.1769233,0.8564169598270498,0.4844187704800893,2.1627550856709643,0.0211944580078125,0,0,1784980661.1938004,0.8654174376616284,0.43339485570355124,2.1022719850381897,1784980661.1938448,-0.02971051901784373,0.01906855739457161,-0.05741740733350564,-0.04736431513093884,0.02100166975626646,-0.060483100632774615,1784980661.193892,0.07255563786132005,0.08117565782871812,1784980661.1600244,17178.73828125,nan,nan,51.05952453613281,nan
8.763349533081055,1784980661.2381344,BSMC,circle,circle_dist_bsmc_30cm_yawfree_p01,1784980661.2252195,0.8612591261630378,0.47440417965617176,2.1657817829674975,0.07535415881843337,0.12037988589121806,1784980661.1769233,0.8564169598270498,0.4844187704800893,2.1627550856709643,0.06121110916137695,0,0,1784980661.2336009,0.8632165301531624,0.4371200564230886,2.106598778708844,1784980661.2336488,-0.03197421311738167,0.019276591274510792,-0.059183004258653416,-0.04304488086339193,0.020749475644508734,-0.05615630696212026,1784980661.2336853,0.06985752231940916,0.08156767927368097,1784980661.208157,17178.787109375,nan,nan,48.781646728515625,nan
8.80317735671997,1784980661.2779622,BSMC,circle,circle_dist_bsmc_30cm_yawfree_p01,1784980661.2753415,0.8580591241786203,0.4795765213012162,2.1705258680183,0.07493090667801051,0.11636067411773358,1784980661.2659519,0.8526524968017855,0.49012595240284945,2.1692967635125275,0.012010335922241211,0,0,1784980661.273787,0.8610068078322947,0.44082355339441176,2.1109114103158997,1784980661.273832,-0.027668595378913922,0.019030789642838723,-0.054870372651597776,-0.045439579110562005,0.020875002060758298,-0.058385353196627854,1784980661.273879,0.07499483715119094,0.08307443309031261,1784980661.262895,17178.841796875,nan,nan,54.560760498046875,nan
8.843340158462524,1784980661.318125,BSMC,circle,circle_dist_bsmc_30cm_yawfree_p01,1784980661.2753415,0.8580591241786203,0.4795765213012162,2.1705258680183,0.07493090667801051,0.11636067411773358,1784980661.2659519,0.8526524968017855,0.49012595240284945,2.1692967635125275,0.05217313766479492,0,0,1784980661.3140724,0.8587507395024325,0.44456768370416655,2.1152827243646666,1784980661.314105,-0.029289746727083683,0.01918874092576216,-0.055243143653633364,-0.041075169911863656,0.020629465033512536,-0.05401403914786096,1784980661.314143,0.07306831507577843,0.08417447308146696,1784980661.3091662,17178.88671875,nan,nan,45.89433288574219,nan
8.883528709411621,1784980661.3583136,BSMC,circle,circle_dist_bsmc_30cm_yawfree_p01,1784980661.3252804,0.8560896921381115,0.482463237184974,2.1750391854921576,0.0727504321590449,0.11176160223327715,1784980661.2659519,0.8526524968017855,0.49012595240284945,2.1692967635125275,0.0923616886138916,0,0,1784980661.353594,0.856535212645765,0.4482088821408065,2.1195449905237242,1784980661.3536298,-0.02844213951269846,0.01909460730035634,-0.05549419496843333,-0.03681864234869686,0.020408425644249998,-0.04975177298880328,1784980661.3536692,0.07407292436545565,0.084404619617545,1784980661.3091662,17178.88671875,nan,nan,45.89433288574219,nan
8.923835754394531,1784980661.3986206,BSMC,circle,circle_dist_bsmc_30cm_yawfree_p01,1784980661.3757827,0.854026158585494,0.4854641864180355,2.179632698838577,0.07248160178518966,0.1082856563329901,1784980661.376956,0.8471317370690017,0.49823040500930826,2.181900850223403,0.02166461944580078,0,0,1784980661.3939605,0.8542641367511872,0.45190548192381036,2.123883500083356,1784980661.3940716,-0.02766478025919008,0.01899745283317743,-0.05574919875522121,-0.04203317064442381,0.020738423027812047,-0.058017350140047164,1784980661.3941283,0.07499411874483584,0.08537011616793934,1784980661.3660083,17178.943359375,nan,nan,56.9202766418457,nan
8.963272333145142,1784980661.4380572,BSMC,circle,circle_dist_bsmc_30cm_yawfree_p01,1784980661.4258249,0.8506462984071185,0.49071542751880065,2.184927432376228,0.07479599016681765,0.10675087559179819,1784980661.376956,0.8471317370690017,0.49823040500930826,2.181900850223403,0.06110119819641113,0,0,1784980661.4344735,0.8519470624473807,0.4556402876921968,2.128278683646588,1784980661.4345064,-0.029415579246460287,0.019148919513629677,-0.056648748729640104,-0.0376448361919082,0.020493212526819203,-0.053622166576814845,1784980661.4345427,0.07291046341182869,0.08711294974801054,1784980661.4113598,17178.98828125,nan,nan,44.0041618347168,nan
9.003355741500854,1784980661.4781406,BSMC,circle,circle_dist_bsmc_30cm_yawfree_p01,1784980661.4755795,0.8474757876614585,0.495541799151793,2.1888634222911936,0.07659580074196956,0.1033640566820131,1784980661.4565048,0.843479502101565,0.5030453148576457,2.185074996080671,0.021635770797729492,0,0,1784980661.4739702,0.8496853769598244,0.4592508393060714,2.1325391216119813,1784980661.4740102,-0.025161474516520108,0.018916761921084664,-0.05238831076424688,-0.03936525691682644,0.02017041198057347,-0.05253587446868968,1784980661.474055,0.07798515874626256,0.08860867452062128,1784980661.4671428,17179.044921875,nan,nan,57.09075164794922,nan
9.043380737304688,1784980661.5181656,BSMC,circle,circle_dist_bsmc_30cm_yawfree_p01,1784980661.4755795,0.8474757876614585,0.495541799151793,2.1888634222911936,0.07659580074196956,0.1033640566820131,1784980661.4565048,0.843479502101565,0.5030453148576457,2.185074996080671,0.0616607666015625,0,0,1784980661.5133004,0.847405457366394,0.4628562430005866,2.136804915412335,1784980661.513334,-0.02659797529391292,0.01899732185147346,-0.052058506878858594,-0.03510488373926339,0.019955494459574306,-0.048270080668336046,1784980661.5133753,0.07628189161426295,0.09137404764613048,1784980661.5105813,17179.087890625,nan,nan,42.88516616821289,nan
9.083633184432983,1784980661.558418,BSMC,circle,circle_dist_bsmc_30cm_yawfree_p01,1784980661.5254755,0.8451944766324939,0.4987441699077843,2.1940271437676753,0.07753375160724203,0.10338119621573626,1784980661.4565048,0.843479502101565,0.5030453148576457,2.185074996080671,0.1019132137298584,0,0,1784980661.554417,0.8450333529606955,0.46657165590255656,2.1412129993280455,1784980661.5544827,-0.02602994295805241,0.018908693446526844,-0.05281414443962972,-0.030701479714836073,0.019752503471309246,-0.043861996752625476,1784980661.5545292,0.07695186868920562,0.09153389191535952,1784980661.5105813,17179.087890625,nan,nan,42.88516616821289,nan
9.124001502990723,1784980661.5987864,BSMC,circle,circle_dist_bsmc_30cm_yawfree_p01,1784980661.5757587,0.8429669981401323,0.5018461483967899,2.1987983575067105,0.07681629347613589,0.10194967752096441,1784980661.5775726,0.83752202579989,0.5116421184708034,2.20064866862065,0.021213769912719727,0,0,1784980661.5945446,0.8426736476579502,0.47023218657270516,2.1455681943735168,1784980661.5945828,-0.025409760401989282,0.018811504805134004,-0.05323016313319373,-0.036498402390512864,0.02022840306385517,-0.05508047424713336,1784980661.5946195,0.07768564421298048,0.09146871372028695,1784980661.5698016,17179.1484375,nan,nan,59.398372650146484,nan
9.16352653503418,1784980661.6383114,BSMC,circle,circle_dist_bsmc_30cm_yawfree_p01,1784980661.6253686,0.8398260062807575,0.5064845977641831,2.204028598212576,0.07678461953273084,0.10178427880336893,1784980661.5775726,0.83752202579989,0.5116421184708034,2.20064866862065,0.06073880195617676,0,0,1784980661.6334696,0.8403805519795582,0.47375617773204187,2.149772576316266,1784980661.6335108,-0.02671115604061277,0.018920125308949633,-0.05425602189631018,-0.03229992237645283,0.020005766470093646,-0.05087609230438427,1784980661.633554,0.07613493611130302,0.09115998616521255,1784980661.610427,17179.189453125,nan,nan,41.677391052246094,nan
9.203237056732178,1784980661.678022,BSMC,circle,circle_dist_bsmc_30cm_yawfree_p01,1784980661.67527,0.8367861792685183,0.510911238857466,2.2089293025763452,0.07619607357923051,0.1007561982081636,1784980661.6567519,0.8334619072526689,0.5172729225959259,2.2078693873737225,0.021270036697387695,0,0,1784980661.673781,0.8379955576592633,0.47738735017117057,2.154116956694989,1784980661.6738286,-0.02237267029750307,0.018693955798712778,-0.04991164151758686,-0.03475844967376629,0.020081410556429452,-0.05375243067873337,1784980661.673881,0.08130914499547981,0.09269367291079107,1784980661.6719596,17179.25,nan,nan,61.53448486328125,nan
9.243273258209229,1784980661.718058,BSMC,circle,circle_dist_bsmc_30cm_yawfree_p01,1784980661.67527,0.8367861792685183,0.510911238857466,2.2089293025763452,0.07619607357923051,0.1007561982081636,1784980661.6567519,0.8334619072526689,0.5172729225959259,2.2078693873737225,0.06130623817443848,0,0,1784980661.7135334,0.8356188361856888,0.4809720607594372,2.1584180011591005,1784980661.7135727,-0.02335204478944426,0.018772295523198743,-0.050511301417244685,-0.030463133567942013,0.019859567107962516,-0.04945138621462197,1784980661.7136154,0.08014337698080713,0.09259598737235704,1784980661.7093785,17179.2890625,nan,nan,37.33421325683594,nan
9.283236742019653,1784980661.7580216,BSMC,circle,circle_dist_bsmc_30cm_yawfree_p01,1784980661.7253213,0.8345487272326493,0.5139257732717483,2.213608710860985,0.07570546587760102,0.09948915927614305,1784980661.6567519,0.8334619072526689,0.5172729225959259,2.2078693873737225,0.10126972198486328,0,0,1784980661.7540197,0.833194118678979,0.4845949999644301,2.1627774705728577,1784980661.7541106,-0.0226647149995074,0.018666545506066938,-0.050831240288127244,-0.026108537550379726,0.019653564694747817,-0.04509191680086477,1784980661.7541876,0.08095748732602853,0.09264259124650258,1784980661.7093785,17179.2890625,nan,nan,37.33421325683594,nan
9.323400974273682,1784980661.7981858,BSMC,circle,circle_dist_bsmc_30cm_yawfree_p01,1784980661.7757552,0.8322600027996999,0.5169817884884796,2.2186262397169862,0.07570546587760102,0.09948915927614305,1784980661.7776005,0.8283435933018837,0.5248743382151888,2.2243285162342588,0.020585298538208008,0,0,1784980661.7938266,0.8307941339241488,0.48814765809161526,2.167064816459088,1784980661.7938683,-0.022107608609821475,0.01856904652529676,-0.05156142325789803,-0.030648739957595157,0.0203840359412059,-0.05726369977517053,1784980661.7939143,0.08161473704365395,0.0922271124117125,1784980661.7758927,17179.353515625,nan,nan,66.37728881835938,nan
9.363200902938843,1784980661.8379858,BSMC,circle,circle_dist_bsmc_30cm_yawfree_p01,1784980661.8256536,0.8290330827544719,0.5215869888914034,2.2242261615064245,0.07938503525978909,0.09880927929713909,1784980661.7776005,0.8283435933018837,0.5248743382151888,2.2243285162342588,0.06038522720336914,0,0,1784980661.833611,0.8283556576496076,0.49172398339885454,2.171393361075787,1784980661.8336554,-0.023299513100239415,0.018691995375359937,-0.05283280043063732,-0.026326767668623557,0.020145656457898314,-0.05293515515847158,1784980661.833697,0.08019278254870243,0.09452971742255672,1784980661.8110046,17179.390625,nan,nan,35.36500930786133,nan
9.403301000595093,1784980661.8780859,BSMC,circle,circle_dist_bsmc_30cm_yawfree_p01,1784980661.8756828,0.8260135871109167,0.5258713404855314,2.229204548096269,0.08210425467312177,0.0987366302977725,1784980661.8553712,0.8250207847450272,0.5294223550439909,2.2277653373683792,0.022714614868164062,0,0,1784980661.8739047,0.8258951635979941,0.49529920872444505,2.1757334413370177,1784980661.8739407,-0.018965004924839816,0.01847220915158016,-0.04849272016940675,-0.0275543096436148,0.020147299401841675,-0.05203189603136149,1784980661.8739793,0.08536158066506999,0.0960662927268705,1784980661.8603415,17179.439453125,nan,nan,49.316673278808594,nan
9.443221807479858,1784980661.9180067,BSMC,circle,circle_dist_bsmc_30cm_yawfree_p01,1784980661.8756828,0.8260135871109167,0.5258713404855314,2.229204548096269,0.08210425467312177,0.0987366302977725,1784980661.8553712,0.8250207847450272,0.5294223550439909,2.2277653373683792,0.06263542175292969,0,0,1784980661.9143817,0.8234319810551778,0.49884537177255683,2.1800511455377625,1784980661.9144232,-0.01979707634491028,0.018578036572671024,-0.04915340255850653,-0.0232419774367545,0.019932051775365087,-0.04771419183061676,1784980661.9144738,0.0843704295673809,0.09767504542400991,1784980661.8603415,17179.439453125,nan,nan,49.316673278808594,nan
9.48339056968689,1784980661.9581754,BSMC,circle,circle_dist_bsmc_30cm_yawfree_p01,1784980661.9255028,0.8235114454945093,0.5291059308711783,2.234122377600818,0.08210425467312177,0.0987366302977725,1784980661.8553712,0.8250207847450272,0.5294223550439909,2.2277653373683792,0.10280418395996094,0,0,1784980661.9536982,0.8209635029640004,0.5023666770648729,2.184351494773297,1784980661.9537363,-0.0195002851021505,0.01847210291741683,-0.04977088282752096,-0.01894609467294144,0.019736178530919364,-0.0434138425950823,1784980661.9537752,0.08471942359250509,0.0972959768647635,1784980661.925276,17179.50390625,nan,nan,64.82780456542969,nan
9.523313999176025,1784980661.9980989,BSMC,circle,circle_dist_bsmc_30cm_yawfree_p01,1784980661.9749963,0.820880866572284,0.5324768617354475,2.2388508352500196,0.08343452523329437,0.09817633203376039,1784980661.9768412,0.8192446170788785,0.5371732672593688,2.2371470276962353,0.021257638931274414,0,0,1784980661.9937212,0.818471044572501,0.5058898017681841,2.188667139037518,1784980661.9937615,-0.019378806532891063,0.018361395838396306,-0.050183696212501516,-0.02411322628793076,0.019945073214902215,-0.04847988865871722,1784980661.9938045,0.08486139140192268,0.09817708778111654,1784980661.9732258,17179.55078125,nan,nan,47.30780029296875,nan
9.564021110534668,1784980662.038806,BSMC,circle,circle_dist_bsmc_30cm_yawfree_p01,1784980662.025491,0.8180643336064513,0.5364218178893791,2.243041434624012,0.08231823714686834,0.09666678290487828,1784980661.9768412,0.8192446170788785,0.5371732672593688,2.2371470276962353,0.06196475028991699,0,0,1784980662.0336566,0.8159512040335853,0.5094191481861903,2.193003717406659,1784980662.0336907,-0.01981163849119595,0.018469122014470474,-0.05003771721735317,-0.01978130095119787,0.019744311274218086,-0.0441433102895763,1784980662.0337286,0.08434840956876245,0.09840055247867499,1784980662.016498,17179.595703125,nan,nan,43.99714660644531,nan
9.603370189666748,1784980662.078155,BSMC,circle,circle_dist_bsmc_30cm_yawfree_p01,1784980662.0752609,0.8153844023936335,0.5401410416200294,2.2471646817444304,0.08105243793600489,0.09517041732798415,1784980662.055754,0.815333046732127,0.542445587102951,2.24425767040772,0.022401094436645508,0,0,1784980662.0735352,0.8134450842415551,0.5128974643184984,2.1972908315500304,1784980662.0735726,-0.015529443686947458,0.01826387292982604,-0.04575060307398182,-0.02191929471595426,0.01990478539462394,-0.04696683885768982,1784980662.0736146,0.08945354170254703,0.09992645950483801,1784980662.061441,17179.640625,nan,nan,45.03968811035156,nan
9.64358401298523,1784980662.1183689,BSMC,circle,circle_dist_bsmc_30cm_yawfree_p01,1784980662.0752609,0.8153844023936335,0.5401410416200294,2.2471646817444304,0.08105243793600489,0.09517041732798415,1784980662.055754,0.815333046732127,0.542445587102951,2.24425767040772,0.06261491775512695,0,0,1784980662.113813,0.8108848932342865,0.5164186522415929,2.201644378646283,1784980662.1138544,-0.01568339705947153,0.01835833318066118,-0.04552030309814725,-0.017570117258487054,0.019709855081677895,-0.04261329176143702,1784980662.1138997,0.08927193371854432,0.10007195563176084,1784980662.061441,17179.640625,nan,nan,45.03968811035156,nan
9.683178186416626,1784980662.157963,BSMC,circle,circle_dist_bsmc_30cm_yawfree_p01,1784980662.1254678,0.8129074893657093,0.5432297733248614,2.2514397171064506,0.07999934092599065,0.0933574644860427,1784980662.055754,0.815333046732127,0.542445587102951,2.24425767040772,0.10220909118652344,0,0,1784980662.1541994,0.8083277148534096,0.5199038091094008,2.2059670524438904,1784980662.154236,-0.01524617207150349,0.018238124309549134,-0.04547266466256029,-0.013250983068002663,0.019535042297701435,-0.03829061796382982,1784980662.1542807,0.08979115377569903,0.10028985813571414,1784980662.1188636,17179.697265625,nan,nan,56.70949172973633,nan
9.723257541656494,1784980662.1980424,BSMC,circle,circle_dist_bsmc_30cm_yawfree_p01,1784980662.175392,0.8103452245816104,0.5463938955532377,2.2558278946882164,0.08065346404076039,0.09246122775639819,1784980662.176247,0.8100415167043845,0.5496930124739289,2.25321961224128,0.02179551124572754,0,0,1784980662.1937106,0.8057695710199612,0.5233589538537129,2.2102661399683043,1784980662.1937523,-0.014943233157421873,0.01811753094159542,-0.045561754719912084,-0.017742247788945682,0.019923473761854056,-0.042953472272975635,1784980662.1937947,0.09015030446379638,0.10110762440049866,1784980662.161421,17179.740234375,nan,nan,42.558677673339844,nan
9.763264179229736,1784980662.238049,BSMC,circle,circle_dist_bsmc_30cm_yawfree_p01,1784980662.225272,0.8075901687154637,0.5501857995937072,2.2596403846480473,0.08266496481542425,0.09131143615089815,1784980662.176247,0.8100415167043845,0.5496930124739289,2.25321961224128,0.06180214881896973,0,0,1784980662.233909,0.8031609870835326,0.5268505193657268,2.2146245536645934,1784980662.2339473,-0.01519901173220256,0.01825220522598234,-0.04501583098345385,-0.013387460057632071,0.0197458120234896,-0.03859505857668655,1784980662.233991,0.08984936459930733,0.10354755808507644,1784980662.2112768,17179.791015625,nan,nan,50.45212173461914,nan
9.803809642791748,1784980662.2785945,BSMC,circle,circle_dist_bsmc_30cm_yawfree_p01,1784980662.2757378,0.8048737386857634,0.5538603874466718,2.2622327885818914,0.08476915877789569,0.08844297589153471,1784980662.2686262,0.8057130416058473,0.5548464183894042,2.255477917747159,0.009968280792236328,0,0,1784980662.2735858,0.8005928144904675,0.5302572557173202,2.2188908624490784,1784980662.2736282,-0.010936628287884761,0.018069310691772193,-0.04074952219896888,-0.015809101628971124,0.01951706823045261,-0.036587055298080706,1784980662.2736733,0.09492856635740723,0.10508131874419821,1784980662.261771,17179.83984375,nan,nan,50.22774887084961,nan
9.84319281578064,1784980662.3179777,BSMC,circle,circle_dist_bsmc_30cm_yawfree_p01,1784980662.2757378,0.8048737386857634,0.5538603874466718,2.2622327885818914,0.08476915877789569,0.08844297589153471,1784980662.2686262,0.8057130416058473,0.5548464183894042,2.255477917747159,0.04935145378112793,0,0,1784980662.313812,0.7979655481714906,0.5337113595552078,2.2232306079706237,1784980662.3138509,-0.011116449018683704,0.01816950693793008,-0.0390021806112677,-0.011471929563608076,0.019367736019678717,-0.03224730977653545,1784980662.3139505,0.09472264224211606,0.1092730625238896,1784980662.3135226,17179.892578125,nan,nan,51.71963882446289,nan
9.883379936218262,1784980662.3581648,BSMC,circle,circle_dist_bsmc_30cm_yawfree_p01,1784980662.3252544,0.8020115941874408,0.5573128525374507,2.2667736998699723,0.08737715192511925,0.0890124711714349,1784980662.2686262,0.8057130416058473,0.5548464183894042,2.255477917747159,0.08953857421875,0,0,1784980662.3541985,0.7953006299376791,0.5371834551864554,2.2276075095972105,1784980662.354239,-0.011145212378531125,0.018055855557499126,-0.0391661902727618,-0.0070970086222019784,0.019236191267309632,-0.027870408149948567,1784980662.3542836,0.09468780801034639,0.11057354475482317,1784980662.3135226,17179.892578125,nan,nan,51.71963882446289,nan
9.92321228981018,1784980662.3979971,BSMC,circle,circle_dist_bsmc_30cm_yawfree_p01,1784980662.3753757,0.7990213134700702,0.5608790160333809,2.2717800488912436,0.089725006420692,0.09082553688461781,1784980662.377928,0.7991875340019977,0.5630120062355992,2.2685560730966303,0.020069122314453125,0,0,1784980662.39423,0.7926637193185165,0.5405883501480606,2.231914090140729,1784980662.3942742,-0.011405834920515057,0.01794539091888298,-0.039865958750514796,-0.012991309071274283,0.0194063494498898,-0.036641982955901486,1784980662.3943212,0.09437546340308214,0.11056672480919393,1784980662.3624804,17179.94140625,nan,nan,49.4136962890625,nan
9.963230609893799,1784980662.4380155,BSMC,circle,circle_dist_bsmc_30cm_yawfree_p01,1784980662.425635,0.7961038669527807,0.5646713783476782,2.275756903277541,0.09030845331856789,0.09084623406079145,1784980662.377928,0.7991875340019977,0.5630120062355992,2.2685560730966303,0.06008744239807129,0,0,1784980662.4337838,0.7900151584413604,0.5439780494160666,2.2362158298334167,1784980662.4338198,-0.011815300740379425,0.018046742144312476,-0.039541073444124386,-0.00869213119387224,0.01925800719030192,-0.03234024326321361,1784980662.4338589,0.09389082021052993,0.11115340573728283,1784980662.4123669,17179.9921875,nan,nan,49.838069915771484,nan
10.003207921981812,1784980662.4779928,BSMC,circle,circle_dist_bsmc_30cm_yawfree_p01,1784980662.4755402,0.793378717388091,0.5681832856801832,2.2793606420684975,0.08973231004053152,0.08964932879202857,1784980662.4570065,0.795333240020846,0.5677753015452038,2.2747652244601637,0.020986318588256836,0,0,1784980662.4743032,0.7873165861221936,0.5474010982280834,2.2405746812662173,1784980662.474344,-0.007459494646474917,0.017883926286587325,-0.035182222011323816,-0.010342069484012697,0.019298095743518224,-0.03419054319394643,1784980662.4743934,0.09907874615662889,0.11273842618130214,1784980662.4624593,17180.041015625,nan,nan,49.96110916137695,nan
10.043699026107788,1784980662.5184839,BSMC,circle,circle_dist_bsmc_30cm_yawfree_p01,1784980662.4755402,0.793378717388091,0.5681832856801832,2.2793606420684975,0.08973231004053152,0.08964932879202857,1784980662.4570065,0.795333240020846,0.5677753015452038,2.2747652244601637,0.0614774227142334,0,0,1784980662.513851,0.7846501952806069,0.5507534289969153,2.244858113273053,1784980662.5138896,-0.007554400248715989,0.017969920396660007,-0.034502528795444576,-0.006060840376884245,0.019160840375569692,-0.029907111187110758,1784980662.5139334,0.09896865035888107,0.11349933902961726,1784980662.5119941,17180.091796875,nan,nan,49.6117057800293,nan
10.08323860168457,1784980662.5580235,BSMC,circle,circle_dist_bsmc_30cm_yawfree_p01,1784980662.5252874,0.7904613689472952,0.5715795605533137,2.283961017338244,0.08984013213373937,0.09014575472649326,1784980662.4570065,0.795333240020846,0.5677753015452038,2.2747652244601637,0.10101699829101562,0,0,1784980662.5537996,0.7819623599955172,0.5541031291066845,2.249152874930768,1784980662.5538418,-0.007657030998647512,0.01786137412286316,-0.034808142407475984,-0.00176773668964781,0.019041634353080594,-0.025612349529395836,1784980662.553887,0.09884568404429366,0.1129709357569421,1784980662.5119941,17180.091796875,nan,nan,49.6117057800293,nan
10.123527526855469,1784980662.5983124,BSMC,circle,circle_dist_bsmc_30cm_yawfree_p01,1784980662.5753834,0.7874023569475322,0.5751035612000559,2.2888976197086013,0.09122996618618961,0.09153438031906196,1784980662.5801353,0.7888970452358461,0.5754902191119491,2.285080306880478,0.018177032470703125,0,0,1784980662.5944748,0.7791944523985841,0.557522065907492,2.253551792128949,1784980662.594515,-0.007839416446415302,0.017748865416886916,-0.03534582757965232,-0.007220121045587154,0.019101431606861313,-0.03152851475152918,1784980662.5945559,0.09862715601502557,0.11263027937966587,1784980662.562436,17180.140625,nan,nan,50.54198455810547,nan
10.163612842559814,1784980662.6383977,BSMC,circle,circle_dist_bsmc_30cm_yawfree_p01,1784980662.62527,0.7846349532466248,0.5785891466203389,2.292103282308942,0.09207281140094534,0.08926431956558648,1784980662.5801353,0.7888970452358461,0.5754902191119491,2.285080306880478,0.05826234817504883,0,0,1784980662.6337175,0.7765061611545419,0.5608134541545419,2.25780151842442,1784980662.6337554,-0.007980553687023575,0.01784273707600484,-0.034301763884521996,-0.002972234917304417,0.01897649223454253,-0.027278788456058134,1784980662.633798,0.09846355200881743,0.11535208448219056,1784980662.612872,17180.19140625,nan,nan,50.33395004272461,nan
10.20311975479126,1784980662.6779046,BSMC,circle,circle_dist_bsmc_30cm_yawfree_p01,1784980662.6753733,0.7817283059610228,0.5821456215755303,2.2954383378913996,0.09340169170898555,0.08816709215262962,1784980662.6579747,0.7840584293531829,0.5809094572215042,2.2896320733525126,0.019929885864257812,0,0,1784980662.673972,0.7737602896441633,0.5641460973194989,2.2621196603616758,1784980662.6740558,-0.003664645560907458,0.01770396437203021,-0.029983621947266226,-0.005834233557727073,0.01878892321194954,-0.02751241299083684,1784980662.6741087,0.1036015224065465,0.11693817100187687,1784980662.6634738,17180.2421875,nan,nan,50.4633674621582,nan
10.243607759475708,1784980662.7183926,BSMC,circle,circle_dist_bsmc_30cm_yawfree_p01,1784980662.6753733,0.7817283059610228,0.5821456215755303,2.2954383378913996,0.09340169170898555,0.08816709215262962,1784980662.6579747,0.7840584293531829,0.5809094572215042,2.2896320733525126,0.060417890548706055,0,0,1784980662.7140868,0.7710120828480596,0.5674524427208999,2.266419031127362,1784980662.7141173,-0.0038978878215194853,0.017763260207287856,-0.029019306764037633,-0.0015362488519004708,0.018679891216660083,-0.023213042225150637,1784980662.7141593,0.10332773585810194,0.11915288779122224,1784980662.7138393,17180.291015625,nan,nan,49.73528289794922,nan
10.28327202796936,1784980662.7580569,BSMC,circle,circle_dist_bsmc_30cm_yawfree_p01,1784980662.7255945,0.7785551591038462,0.5857243145509865,2.2999013209291914,0.09420721168555807,0.08828678358780788,1784980662.6579747,0.7840584293531829,0.5809094572215042,2.2896320733525126,0.1000821590423584,0,0,1784980662.75395,0.7682186519500706,0.5707837913340613,2.27076657865849,1784980662.7539961,-0.004256002073495608,0.017662079732747693,-0.02913474227070134,0.002810333068840167,0.018588428817047926,-0.018865494694022544,1784980662.7540462,0.1029022917878114,0.11948604890258666,1784980662.7138393,17180.291015625,nan,nan,49.73528289794922,nan
10.323371410369873,1784980662.7981563,BSMC,circle,circle_dist_bsmc_30cm_yawfree_p01,1784980662.7757802,0.7752202955173678,0.5894443164987436,2.304947286408991,0.09655201266783568,0.09033690383208716,1784980662.7777367,0.7764372220932635,0.5900085863304283,2.304137769283951,0.020419597625732422,0,0,1784980662.793698,0.7654458931364576,0.5740616188486232,2.2750598726114317,1784980662.7937443,-0.004871682320160245,0.01756226182102985,-0.029887413797559326,-0.004490560456721912,0.018840115469046233,-0.029077896672519365,1784980662.7937927,0.10216908077126387,0.11918239368106641,1784980662.7685905,17180.34765625,nan,nan,55.34440231323242,nan
10.363582849502563,1784980662.8383677,BSMC,circle,circle_dist_bsmc_30cm_yawfree_p01,1784980662.8260024,0.7720201176402546,0.5932424635416098,2.3098939021402813,0.09878885863184927,0.09259621742195927,1784980662.7777367,0.7764372220932635,0.5900085863304283,2.304137769283951,0.06063103675842285,0,0,1784980662.833506,0.7626462352400798,0.5773425077331863,2.279372916205792,1784980662.8335447,-0.005436841550959693,0.017638566265767902,-0.030520985934489264,-0.00017908307143881842,0.01872401652076075,-0.02476485307815901,1784980662.8335862,0.1014961703323108,0.11884980575981174,1784980662.8177803,17180.396484375,nan,nan,49.22727584838867,nan
10.403475999832153,1784980662.8782609,BSMC,circle,circle_dist_bsmc_30cm_yawfree_p01,1784980662.8755503,0.7690085101435041,0.5967751939356426,2.3136907983340103,0.0989261844390385,0.09185299712278859,1784980662.859249,0.7716473658001675,0.5952374950410958,2.309309987770382,0.019011735916137695,0,0,1784980662.873825,0.759807427186797,0.5806402358653001,2.2837242231210753,1784980662.8738647,-0.0010872859959549872,0.01751524363748679,-0.026169679019206086,-0.0028237117261935545,0.01858200134272653,-0.025585764649306952,1784980662.8739078,0.10667241161995575,0.120460062947466,1784980662.863404,17180.44140625,nan,nan,45.57790756225586,nan
10.443809747695923,1784980662.9185946,BSMC,circle,circle_dist_bsmc_30cm_yawfree_p01,1784980662.8755503,0.7690085101435041,0.5967751939356426,2.3136907983340103,0.0989261844390385,0.09185299712278859,1784980662.859249,0.7716473658001675,0.5952374950410958,2.309309987770382,0.05934548377990723,0,0,1784980662.9135334,0.7569904322820469,0.5838841506384386,2.288020555480389,1784980662.9135706,-0.0013651317833537086,0.017571272235911532,-0.025670242853621072,0.001471437350882383,0.01848131492622706,-0.02128943228999303,1784980662.9136114,0.10634400661327074,0.12133951222305234,1784980662.9136949,17180.4921875,nan,nan,50.25226593017578,nan
10.4833505153656,1784980662.9581354,BSMC,circle,circle_dist_bsmc_30cm_yawfree_p01,1784980662.9253302,0.7656028685322903,0.6004658425525004,2.3190213589526087,0.09983002367007693,0.0945665344725427,1784980662.859249,0.7716473658001675,0.5952374950410958,2.309309987770382,0.09888625144958496,0,0,1784980662.9538617,0.7541269041309572,0.5871530118112019,2.292366274817853,1784980662.9538996,-0.0019493960158498812,0.017467944253990335,-0.026655084134755928,0.005816359236451293,0.01839824479207866,-0.01694371295252939,1784980662.9539385,0.10564770255118455,0.11944981922886078,1784980662.9136949,17180.4921875,nan,nan,50.25226593017578,nan
10.52327299118042,1784980662.9980578,BSMC,circle,circle_dist_bsmc_30cm_yawfree_p01,1784980662.9753344,0.7620834816446047,0.604230325595302,2.324874364862672,0.10119068253448925,0.09828514436572115,1784980662.9786122,0.7644804585445517,0.6028408518127367,2.3160238434593277,0.01944565773010254,0,0,1784980662.9937997,0.7512710588629914,0.5903847672071468,2.2966790609201477,1784980662.993837,-0.002689701863572388,0.01736011167513791,-0.028195303942524234,-0.00019658592997520534,0.018154989331336857,-0.019344782539179924,1784980662.9938784,0.10476439807292079,0.11702801407692666,1784980662.9644728,17180.54296875,nan,nan,50.9963493347168,nan
10.56408143043518,1784980663.0388663,BSMC,circle,circle_dist_bsmc_30cm_yawfree_p01,1784980663.0254397,0.7589498326482218,0.607785835043549,2.328508255777686,0.10282580180741428,0.0990860931784268,1784980662.9786122,0.7644804585445517,0.6028408518127367,2.3160238434593277,0.06025409698486328,0,0,1784980663.0338242,0.7483848483409202,0.5936225542846942,2.3010165147623107,1784980663.0338564,-0.00302745118454287,0.017408387478249784,-0.027491741015375215,0.004140224717242492,0.018080492704389845,-0.01500732869701693,1784980663.0338986,0.10436560503990679,0.11785214600189055,1784980663.0143814,17180.59375,nan,nan,49.87430191040039,nan
10.603458881378174,1784980663.0782437,BSMC,circle,circle_dist_bsmc_30cm_yawfree_p01,1784980663.0753956,0.7557174259247851,0.6113332428124351,2.3322175210225082,0.10513508727321409,0.100445847029894,1784980663.056539,0.7593900396180283,0.6078661002005038,2.3213134238069855,0.021704673767089844,0,0,1784980663.0738184,0.7455115268758957,0.5968180003728453,2.3053138255914734,1784980663.073861,0.0012684763917788309,0.017299492103467165,-0.02319443018621259,0.0013855055195115158,0.01768485228071889,-0.01599959821551211,1784980663.0739052,0.10947663177347718,0.11945136150297808,1784980663.0652905,17180.64453125,nan,nan,50.942264556884766,nan
10.64328908920288,1784980663.118074,BSMC,circle,circle_dist_bsmc_30cm_yawfree_p01,1784980663.0753956,0.7557174259247851,0.6113332428124351,2.3322175210225082,0.10513508727321409,0.100445847029894,1784980663.056539,0.7593900396180283,0.6078661002005038,2.3213134238069855,0.061534881591796875,0,0,1784980663.1136415,0.7426172867469053,0.600008988186228,2.3096218480905577,1784980663.113684,0.0008413207928943695,0.017295796270840928,-0.022595672931950524,0.005693111769587846,0.017625207132389163,-0.01169157571642776,1784980663.1137283,0.10897107847468447,0.12023846832729738,1784980663.116216,17180.6953125,nan,nan,51.0456428527832,nan
10.683282136917114,1784980663.158067,BSMC,circle,circle_dist_bsmc_30cm_yawfree_p01,1784980663.125467,0.7520327495930312,0.6151845959912896,2.3377962820083384,0.10570125891452169,0.10239908942327565,1784980663.056539,0.7593900396180283,0.6078661002005038,2.3213134238069855,0.10152792930603027,0,0,1784980663.1544654,0.7396396526779486,0.6032632973497676,2.3140328416666076,1784980663.1545038,1.725506763753e-05,0.017196101730032477,-0.023763440341730835,0.010103903308125474,0.01758336476063859,-0.007280582140377856,1784980663.154545,0.10798998934102046,0.11872971711890701,1784980663.116216,17180.6953125,nan,nan,51.0456428527832,nan
10.723164796829224,1784980663.1979496,BSMC,circle,circle_dist_bsmc_30cm_yawfree_p01,1784980663.1752841,0.7484272657381346,0.6189043006784138,2.3435407254957257,0.10496515749638485,0.10452562682210394,1784980663.1783268,0.7503777451953064,0.6175798578196539,2.332662107065814,0.019622802734375,0,0,1784980663.1939185,0.7367488593778317,0.606395316013782,2.318295030578046,1784980663.1939688,-0.0008036729581431673,0.017094267525480704,-0.02524569491767981,0.0013150786362779252,0.017581554886114653,-0.014367076487768138,1784980663.194008,0.10701162539054346,0.11621295224905805,1784980663.163939,17180.7421875,nan,nan,47.746971130371094,nan
10.763704299926758,1784980663.2384892,BSMC,circle,circle_dist_bsmc_30cm_yawfree_p01,1784980663.225761,0.745227423598109,0.6223638656536887,2.3467629115496305,0.103647463158765,0.10370153978368718,1784980663.1783268,0.7503777451953064,0.6175798578196539,2.332662107065814,0.06016230583190918,0,0,1784980663.2339394,0.7338025206052813,0.6095601453966537,2.3226190433343934,1784980663.2339752,-0.0011365091942293609,0.01712226642904978,-0.024143868215237063,0.00563876596772532,0.017528781358629005,-0.01004306373142061,1784980663.2340147,0.10661948709142491,0.11633989321613677,1784980663.2147245,17180.79296875,nan,nan,50.4312858581543,nan
10.80371356010437,1784980663.2784984,BSMC,circle,circle_dist_bsmc_30cm_yawfree_p01,1784980663.275488,0.7421923390712443,0.6256064929128365,2.3506857633494413,0.10156422099937701,0.10133065628512496,1784980663.2645092,0.745041472388151,0.6234927856116375,2.346892425405327,0.01398921012878418,0,0,1784980663.274651,0.7308104933540135,0.612746165897926,2.326989739402203,1784980663.274774,0.003233129714167055,0.017026300200175176,-0.019773172147427243,0.002299418396854865,0.017683983560764782,-0.019902686003123726,1784980663.274831,0.11181661282840993,0.11797727575712207,1784980663.2644877,17180.84375,nan,nan,49.881813049316406,nan
10.844107627868652,1784980663.3188925,BSMC,circle,circle_dist_bsmc_30cm_yawfree_p01,1784980663.275488,0.7421923390712443,0.6256064929128365,2.3506857633494413,0.10156422099937701,0.10133065628512496,1784980663.2645092,0.745041472388151,0.6234927856116375,2.346892425405327,0.054383277893066406,0,0,1784980663.3140347,0.7278727781722449,0.6158473882925974,2.331261481269269,1784980663.3140721,0.003130888488522045,0.017043693396718997,-0.019424282080172443,0.006570482825844292,0.017608092363471845,-0.015630944136058034,1784980663.314113,0.11169599092882188,0.11829551971269553,1784980663.3164067,17180.89453125,nan,nan,50.57058334350586,nan
10.88414478302002,1784980663.3589296,BSMC,circle,circle_dist_bsmc_30cm_yawfree_p01,1784980663.325198,0.7384486075980636,0.6293775566880437,2.3563569504595967,0.10399479319023662,0.10360125946715976,1784980663.2645092,0.745041472388151,0.6234927856116375,2.346892425405327,0.0944204330444336,0,0,1784980663.3538814,0.7249058686786988,0.6189526805091817,2.3355562944253965,1784980663.3539314,0.0022074151793991855,0.01694730477121487,-0.020800656034200227,0.010864902276431044,0.017550184888172945,-0.01133613097993047,1784980663.3539805,0.11059683862660064,0.11774373533589078,1784980663.3164067,17180.89453125,nan,nan,50.57058334350586,nan
10.923572540283203,1784980663.3983574,BSMC,circle,circle_dist_bsmc_30cm_yawfree_p01,1784980663.3777082,0.7342408285661582,0.633557169655451,2.362947416026083,0.1079955413742559,0.10740391567150855,1784980663.378766,0.7368960367775153,0.6315327469380576,2.356535210023866,0.019591331481933594,0,0,1784980663.3939688,0.7218933620341552,0.6220785611787619,2.3398975334009213,1784980663.3940074,0.000728131002654191,0.016843046267318324,-0.02304988262516172,0.0039292662346601635,0.017292274132787798,-0.016637676622944575,1784980663.3940477,0.1088356027275649,0.11685122362097475,1784980663.3648007,17180.943359375,nan,nan,49.846351623535156,nan
10.963639974594116,1784980663.4384248,BSMC,circle,circle_dist_bsmc_30cm_yawfree_p01,1784980663.4257035,0.7309652434961434,0.6369236667389426,2.366471894832336,0.10891968596649836,0.10543298894256074,1784980663.378766,0.7368960367775153,0.6315327469380576,2.356535210023866,0.05965876579284668,0,0,1784980663.4338706,0.7188894750466341,0.6251686359307528,2.3442070493539857,1784980663.4339116,0.0003999644557581457,0.016847698993684178,-0.02226484547835028,0.008238326890026872,0.01722986199406109,-0.012328160669880184,1784980663.433955,0.10844798985421857,0.11892652552671024,1784980663.4148197,17180.994140625,nan,nan,49.89497756958008,nan
11.003647565841675,1784980663.4784324,BSMC,circle,circle_dist_bsmc_30cm_yawfree_p01,1784980663.4754777,0.727452101479729,0.6404899122570501,2.372417427336219,0.10990971367562076,0.10769388252598122,1784980663.4613912,0.7310252152620794,0.6380122013254743,2.3712774670603296,0.01704120635986328,0,0,1784980663.4736488,0.7158860482001682,0.6282317747593832,2.3484969701608702,1784980663.4736888,0.004689013702110474,0.016761392169504046,-0.017974924671465775,0.004054534984417881,0.017561659067505262,-0.02278049689945938,1784980663.4737294,0.11354841244665023,0.12053894740904858,1784980663.4678557,17181.046875,nan,nan,52.76503372192383,nan
11.0435631275177,1784980663.518348,BSMC,circle,circle_dist_bsmc_30cm_yawfree_p01,1784980663.4754777,0.727452101479729,0.6404899122570501,2.372417427336219,0.10990971367562076,0.10769388252598122,1784980663.4613912,0.7310252152620794,0.6380122013254743,2.3712774670603296,0.05695676803588867,0,0,1784980663.514146,0.7128433605573279,0.6313083266644042,2.3528239955743837,1784980663.5141883,0.004109968517729392,0.01675783351499217,-0.019593431761835145,0.008380637432784171,0.017472455242359342,-0.018453471485945894,1784980663.514238,0.11285780255506851,0.1190769615920892,1784980663.5154839,17181.09375,nan,nan,48.001609802246094,nan
11.083266258239746,1784980663.558051,BSMC,circle,circle_dist_bsmc_30cm_yawfree_p01,1784980663.5253997,0.7234566868424938,0.6443433928104199,2.3783143356260315,0.11050982581578944,0.10956974573054629,1784980663.4613912,0.7310252152620794,0.6380122013254743,2.3712774670603296,0.09665989875793457,0,0,1784980663.553548,0.7098034997030835,0.6343556038664702,2.357128258689313,1784980663.5535913,0.0029609344162896635,0.01665527887593215,-0.021186076936718475,0.0126843253443191,0.017402293147846568,-0.01414920837101663,1784980663.5536373,0.11149039216649784,0.11755904089166407,1784980663.5154839,17181.09375,nan,nan,48.001609802246094,nan
11.123643398284912,1784980663.5984282,BSMC,circle,circle_dist_bsmc_30cm_yawfree_p01,1784980663.5754445,0.7195748660772036,0.6480653931076918,2.38308058625954,0.10913560399574145,0.10715975391808122,1784980663.5809603,0.7205538692199636,0.6469834998427977,2.3742231410051704,0.017467975616455078,0,0,1784980663.5938556,0.7067133773055416,0.6374265526505631,2.361484818442731,1784980663.5938907,0.0020178006316851514,0.016568986097724735,-0.021595767816809275,0.0033266899215114937,0.016487194735140744,-0.012738322562439564,1784980663.5939295,0.11036994596044936,0.11793313620511475,1784980663.5673997,17181.146484375,nan,nan,51.82109451293945,nan
11.16361665725708,1784980663.6384015,BSMC,circle,circle_dist_bsmc_30cm_yawfree_p01,1784980663.6253579,0.715873102841191,0.6516363642463318,2.3861384440442803,0.109618808476971,0.10441174655268529,1784980663.5809603,0.7205538692199636,0.6469834998427977,2.3742231410051704,0.05744123458862305,0,0,1784980663.6337306,0.7036327358792748,0.6404616152280426,2.3658093976816224,1784980663.633766,0.0012488754646031146,0.01652700544738936,-0.02032904636265798,0.007651023935479964,0.016441458730911372,-0.00841374332354805,1784980663.633802,0.10946009935823338,0.12040119497238405,1784980663.61661,17181.1953125,nan,nan,49.090850830078125,nan
11.203860521316528,1784980663.6786454,BSMC,circle,circle_dist_bsmc_30cm_yawfree_p01,1784980663.675761,0.7118326288315807,0.6554637677948353,2.392384830112652,0.11174380002866859,0.1066701381548443,1784980663.6573908,0.7142719366018783,0.6536063218795451,2.3923275770247643,0.021254539489746094,0,0,1784980663.6737869,0.7005557035577401,0.6434670803462982,2.3701106738885924,1784980663.6738384,0.005549437687853546,0.016448819459056633,-0.016027770155687904,0.0031370375765492784,0.01676598529863204,-0.02221690313617186,1784980663.6738927,0.11457331080397155,0.12202387286033752,1784980663.6680727,17181.24609375,nan,nan,51.17023468017578,nan
11.243250370025635,1784980663.7180352,BSMC,circle,circle_dist_bsmc_30cm_yawfree_p01,1784980663.675761,0.7118326288315807,0.6554637677948353,2.392384830112652,0.11174380002866859,0.1066701381548443,1784980663.6573908,0.7142719366018783,0.6536063218795451,2.3923275770247643,0.06064438819885254,0,0,1784980663.7143266,0.6974132207335275,0.6465099498440917,2.374484949096112,1784980663.714367,0.004460225677598721,0.016376708237559493,-0.01789988101653961,0.007510431865630284,0.016678375520028085,-0.0178426279286521,1784980663.71441,0.1132769864312921,0.12105835445057973,1784980663.6680727,17181.24609375,nan,nan,51.17023468017578,nan
11.283586740493774,1784980663.7583716,BSMC,circle,circle_dist_bsmc_30cm_yawfree_p01,1784980663.7258434,0.7077383525373697,0.6592719273264785,2.3977224773732373,0.11174380002866859,0.1066701381548443,1784980663.6573908,0.7142719366018783,0.6536063218795451,2.3923275770247643,0.10098075866699219,0,0,1784980663.7542117,0.6943130970330949,0.6494858673472602,2.3787822599252744,1784980663.7542605,0.003252479148383453,0.016291894753565413,-0.018940217447962926,0.01180721018399253,0.016610936462345675,-0.013545317099489917,1784980663.7543097,0.11184132180902592,0.12055072479409491,1784980663.7272367,17181.306640625,nan,nan,59.7938232421875,nan
11.32337498664856,1784980663.7981598,BSMC,circle,circle_dist_bsmc_30cm_yawfree_p01,1784980663.7760172,0.7034841614733852,0.6631812285231173,2.4030762438521243,0.11300078383184266,0.10675180549606653,1784980663.777669,0.7043188685414877,0.6628484642773643,2.4082884378592,0.02049088478088379,0,0,1784980663.7938402,0.6911970922664432,0.652451393016999,2.3830838708719297,1784980663.793876,0.0018626609030718078,0.016205922807563566,-0.019992372980194517,0.002789991816202669,0.01650745434859533,-0.02520456698727047,1784980663.7939146,0.11018939568206051,0.1207456810532662,1784980663.7661805,17181.345703125,nan,nan,38.834205627441406,nan
11.3635995388031,1784980663.8383844,BSMC,circle,circle_dist_bsmc_30cm_yawfree_p01,1784980663.8253474,0.6995060263918996,0.6667968488180298,2.409952231264161,0.11277874721768788,0.10972185631327251,1784980663.777669,0.7043188685414877,0.6628484642773643,2.4082884378592,0.060715436935424805,0,0,1784980663.8335233,0.6880823219052572,0.6553903700270698,2.387366324408917,1784980663.8335595,0.0008795763834353425,0.016119402221932977,-0.022585906855243643,0.00707130317580679,0.01640869549697934,-0.020922113450283053,1784980663.8336105,0.10901651168595576,0.11764191707761991,1784980663.8214898,17181.400390625,nan,nan,55.21184158325195,nan
11.403443813323975,1784980663.8782287,BSMC,circle,circle_dist_bsmc_30cm_yawfree_p01,1784980663.8757272,0.6953819237578751,0.6704768735036883,2.416949487419985,0.11078987463646409,0.10993062696674316,1784980663.8579354,0.6966392916020192,0.6698231939175557,2.423150757637475,0.020293235778808594,0,0,1784980663.874047,0.6849008043967496,0.6583664547875588,2.391722832663922,1784980663.874123,0.005235174043038112,0.01603050235568787,-0.018229398600238866,0.001296142537484884,0.01635142097444752,-0.03142792497355318,1784980663.8742447,0.11419620729345872,0.11927872644377117,1784980663.8743622,17181.453125,nan,nan,52.75956726074219,nan
11.443198442459106,1784980663.9179833,BSMC,circle,circle_dist_bsmc_30cm_yawfree_p01,1784980663.8757272,0.6953819237578751,0.6704768735036883,2.416949487419985,0.11078987463646409,0.10993062696674316,1784980663.8579354,0.6966392916020192,0.6698231939175557,2.423150757637475,0.06004786491394043,0,0,1784980663.9134772,0.6817537045474227,0.6612849297414722,2.39601489065495,1784980663.9135087,0.004110890153825747,0.015916053880251434,-0.020934596765035174,0.005586357298506895,0.016225759434737756,-0.027135866982525236,1784980663.9135444,0.11285596158043867,0.11679771776820434,1784980663.8743622,17181.453125,nan,nan,52.75956726074219,nan
11.484058618545532,1784980663.9588435,BSMC,circle,circle_dist_bsmc_30cm_yawfree_p01,1784980663.9252512,0.6912290865277498,0.6741533120152017,2.4223367637847395,0.11138729991037152,0.10972691598699495,1784980663.8579354,0.6966392916020192,0.6698231939175557,2.423150757637475,0.10090804100036621,0,0,1784980663.953773,0.6785630728875395,0.664218279718055,2.400349022849469,1784980663.9538116,0.002983145343639239,0.015818774040299882,-0.021987740935270672,0.009919135134073304,0.016117552679903502,-0.02280173478800629,1784980663.953854,0.11151488769410958,0.11674464116326778,1784980663.9218545,17181.5,nan,nan,47.73600387573242,nan
11.523979663848877,1784980663.9987645,BSMC,circle,circle_dist_bsmc_30cm_yawfree_p01,1784980663.9753416,0.6868744691792156,0.6779553263697929,2.42823469422525,0.11320881601032479,0.11107772289713964,1784980663.9796107,0.6854330571025806,0.6793371867851011,2.441183070637028,0.019153833389282227,0,0,1784980663.993799,0.675362579848451,0.667135212639698,2.4046793441614196,1784980663.9938495,0.0016245015695581805,0.01571494358075976,-0.023555350063830364,-0.00016488136972092702,0.015820097954973182,-0.03650372647560829,1784980663.9938922,0.10989832260452785,0.11627002300800919,1784980663.9663103,17181.544921875,nan,nan,44.38198471069336,nan
11.563765287399292,1784980664.0385501,BSMC,circle,circle_dist_bsmc_30cm_yawfree_p01,1784980664.0255485,0.6823523509915639,0.6817676715870249,2.4363510339436902,0.11311251518663143,0.11301049368163192,1784980663.9796107,0.6854330571025806,0.6793371867851011,2.441183070637028,0.058939456939697266,0,0,1784980664.0332568,0.6721875031839851,0.6700040574766521,2.408958527549176,1784980664.033291,0.00011468927511583404,0.015546497813307433,-0.02739250639451418,0.004111772373203619,0.015673076572568945,-0.03222454308785183,1784980664.0333338,0.1080956198351532,0.11339859005923991,1784980664.0241752,17181.603515625,nan,nan,57.85981750488281,nan
11.603582859039307,1784980664.0783677,BSMC,circle,circle_dist_bsmc_30cm_yawfree_p01,1784980664.0753896,0.6779505660093887,0.6854260587352259,2.444652999507707,0.11341016746330468,0.11686678500658584,1784980664.0598342,0.6791096733591382,0.6846505708433446,2.451477119163096,0.01853346824645996,0,0,1784980664.0738192,0.6689303459227827,0.6729215720321505,2.4133312835535095,1784980664.0738525,0.004486052757415214,0.015436289322852967,-0.023019750390180782,0.00038302813893126893,0.01552550835284689,-0.03814583560958651,1784980664.0738916,0.11329633080561165,0.11502666369730467,1784980664.0675745,17181.646484375,nan,nan,43.26095199584961,nan
11.643306016921997,1784980664.1180909,BSMC,circle,circle_dist_bsmc_30cm_yawfree_p01,1784980664.0753896,0.6779505660093887,0.6854260587352259,2.444652999507707,0.11341016746330468,0.11686678500658584,1784980664.0598342,0.6791096733591382,0.6846505708433446,2.451477119163096,0.05825662612915039,0,0,1784980664.1139274,0.6656999332493769,0.6757899229107682,2.4176513566812563,1784980664.1139672,0.0032087243446346364,0.015252449138686546,-0.027001642826450564,0.004700301012044685,0.015370080741251204,-0.03382576248183967,1784980664.1140103,0.11176938739846211,0.1113004666701388,1784980664.0675745,17181.646484375,nan,nan,43.26095199584961,nan
11.683239936828613,1784980664.1580248,BSMC,circle,circle_dist_bsmc_30cm_yawfree_p01,1784980664.1254041,0.6736225183193155,0.6890384559500639,2.45078966626138,0.11307968954853673,0.11792122248009244,1784980664.0598342,0.6791096733591382,0.6846505708433446,2.451477119163096,0.0981905460357666,0,0,1784980664.1547356,0.6623960997902071,0.6786977994730203,2.4220526170572327,1784980664.1547766,0.002063975398625367,0.015122885138782238,-0.028737049204147432,0.009099357062782929,0.015230913612630296,-0.029424502105863226,1784980664.1548195,0.11040534769513705,0.10972615223073565,1784980664.1183038,17181.6953125,nan,nan,49.92346954345703,nan
11.723263502120972,1784980664.1980484,BSMC,circle,circle_dist_bsmc_30cm_yawfree_p01,1784980664.1753669,0.6693811081148024,0.6925365791150722,2.4567301058234827,0.11177095690374504,0.11810747504716711,1784980664.1806815,0.6682641273568012,0.6940508373221487,2.4689147477246953,0.017366886138916016,0,0,1784980664.1935806,0.6592288696209527,0.6814613529456379,2.426256020530133,1784980664.1936183,0.0008571519299337008,0.014999795722246884,-0.03047408529334961,-0.0007773103690501271,0.015476652991192405,-0.04265872719456221,1784980664.193659,0.10896729504841479,0.10808183002175306,1784980664.169057,17181.74609375,nan,nan,49.993309020996094,nan
11.763503074645996,1784980664.238288,BSMC,circle,circle_dist_bsmc_30cm_yawfree_p01,1784980664.2256799,0.6649372919941922,0.6961257770417532,2.4654820431834445,0.11073335942174692,0.12162642421177823,1784980664.1806815,0.6682641273568012,0.6940508373221487,2.4689147477246953,0.05760645866394043,0,0,1784980664.234347,0.6558917279773981,0.6843479356468097,2.4306683788141297,1784980664.2343817,-0.00031449648197991956,0.014847251202467875,-0.034813664369314885,0.00363143462022124,0.015298210677193806,-0.03824636891056565,1784980664.2344208,0.10756125175952684,0.10388072216122347,1784980664.219587,17181.796875,nan,nan,51.134159088134766,nan
11.803146123886108,1784980664.277931,BSMC,circle,circle_dist_bsmc_30cm_yawfree_p01,1784980664.2756197,0.660485246249742,0.6996899906880099,2.473300575820268,0.10904924149803957,0.12224422667444494,1784980664.2670615,0.6599379770847159,0.7007071357122853,2.481136226265662,0.010869503021240234,0,0,1784980664.273423,0.6526851005155556,0.6870975081279626,2.4348924331506776,1784980664.273458,0.0039072963214968216,0.014709142431321723,-0.030589610032766945,-0.0026215125500056906,0.015197165968087428,-0.04624379311498439,1784980664.273497,0.11258743556453751,0.10542998966684006,1784980664.271244,17181.84765625,nan,nan,49.97587966918945,nan
11.843239784240723,1784980664.3180246,BSMC,circle,circle_dist_bsmc_30cm_yawfree_p01,1784980664.2756197,0.660485246249742,0.6996899906880099,2.473300575820268,0.10904924149803957,0.12224422667444494,1784980664.2670615,0.6599379770847159,0.7007071357122853,2.481136226265662,0.05096316337585449,0,0,1784980664.314229,0.6493921244527581,0.6898967939117039,2.4392144374689146,1784980664.3142755,0.0026384629500869573,0.01456030794877597,-0.03408613835135332,0.001696289628412724,0.015006701805423756,-0.04192178879674735,1784980664.3143334,0.1110691208955062,0.10269904546177028,1784980664.271244,17181.84765625,nan,nan,49.97587966918945,nan
11.88363265991211,1784980664.3584175,BSMC,circle,circle_dist_bsmc_30cm_yawfree_p01,1784980664.3252323,0.6561926946713988,0.7030737433125418,2.47941524043857,0.10958214204014013,0.12242456640515827,1784980664.2670615,0.6599379770847159,0.7007071357122853,2.481136226265662,0.09135603904724121,0,0,1784980664.3540435,0.6460511978391017,0.6927119245509554,2.4435832795938537,1784980664.3541064,0.0016273313462354857,0.014407256461138458,-0.03583196084471618,0.006061679407082559,0.014833141342831804,-0.03755294667180831,1784980664.3541553,0.10986231753722965,0.10203295759297235,1784980664.3183517,17181.896484375,nan,nan,48.89016342163086,nan
11.923267364501953,1784980664.3980522,BSMC,circle,circle_dist_bsmc_30cm_yawfree_p01,1784980664.3753977,0.6518579931333882,0.7064530756692573,2.4855556980050504,0.10958214204014013,0.12242456640515827,1784980664.3780851,0.6485349488188792,0.7096355488700278,2.498611035861007,0.019967079162597656,0,0,1784980664.393476,0.6427765442665342,0.6954471215782045,2.4478499746164366,1784980664.3935125,0.0004828579816469952,0.014260805978106743,-0.03770572338861378,-0.0038986407336766794,0.014807811871898528,-0.05076106124457036,1784980664.3935502,0.10849638855448106,0.10112171975261147,1784980664.3826337,17181.9609375,nan,nan,65.28130340576172,nan
11.96321439743042,1784980664.4379992,BSMC,circle,circle_dist_bsmc_30cm_yawfree_p01,1784980664.4252214,0.6466759425989836,0.7104035654141099,2.494980721242487,0.11235581901728385,0.1270180516291432,1784980664.3780851,0.6485349488188792,0.7096355488700278,2.498611035861007,0.05991411209106445,0,0,1784980664.43379,0.6394167374295933,0.6982289240004836,2.452211941703229,1784980664.4338262,-0.0015412611893829515,0.014090509827106641,-0.04276877953925817,0.0004581767379212721,0.014595990680013268,-0.0463990941577781,1784980664.4338686,0.10607176292446581,0.09824277735122457,1784980664.4181018,17181.99609375,nan,nan,34.98091125488281,nan
12.003597736358643,1784980664.4783826,BSMC,circle,circle_dist_bsmc_30cm_yawfree_p01,1784980664.47581,0.6416649842078488,0.7142437126889982,2.5027286013713015,0.11274299221478351,0.1287360924396288,1784980664.4577773,0.6410600683191872,0.7154724931230706,2.5052103347306516,0.02060532569885254,0,0,1784980664.4740696,0.6360714883641738,0.7009742628423455,2.456539482100873,1784980664.4741142,0.002782708771906353,0.013914838428771385,-0.038441239141614236,-0.004604080310049858,0.01462487797347742,-0.04867085262977877,1784980664.4741654,0.11122328777953643,0.09980612556034509,1784980664.476042,17182.0546875,nan,nan,57.92866134643555,nan
12.043485164642334,1784980664.51827,BSMC,circle,circle_dist_bsmc_30cm_yawfree_p01,1784980664.47581,0.6416649842078488,0.7142437126889982,2.5027286013713015,0.11274299221478351,0.1287360924396288,1784980664.4577773,0.6410600683191872,0.7154724931230706,2.5052103347306516,0.060492753982543945,0,0,1784980664.5140035,0.6327281169439816,0.7036939822651761,2.4608493585428284,1784980664.5140474,0.0008836467281423668,0.013797955535772066,-0.04187924282847311,-0.0002988690645897704,0.0144244725737394,-0.0443609761878232,1784980664.514096,0.10895419347486726,0.0977265075848254,1784980664.476042,17182.0546875,nan,nan,57.92866134643555,nan
12.08324909210205,1784980664.558034,BSMC,circle,circle_dist_bsmc_30cm_yawfree_p01,1784980664.5255446,0.6373077578569726,0.7174805934765047,2.5085852766225476,0.11116342787887393,0.12683265744846853,1784980664.4577773,0.6410600683191872,0.7154724931230706,2.5052103347306516,0.10025668144226074,0,0,1784980664.5538387,0.6293848817100769,0.7063897725339344,2.46514406870213,1784980664.5538802,-0.0001731852601377275,0.013628950160774513,-0.04344120792041739,0.0039920118004163835,0.014243231285182522,-0.04006626602852137,1784980664.5539248,0.10769253963956035,0.09695479919416838,1784980664.5191207,17182.09765625,nan,nan,42.87979507446289,nan
12.123169660568237,1784980664.5979545,BSMC,circle,circle_dist_bsmc_30cm_yawfree_p01,1784980664.575629,0.6328259834281134,0.7207690102598829,2.514927598950144,0.11116342787887393,0.12683265744846853,1784980664.5763133,0.6282137818096752,0.7249284977132091,2.5226363335332094,0.021641254425048828,0,0,1784980664.5935664,0.6260217582749283,0.7090778175136165,2.4694494390329407,1784980664.5936131,-0.001344922891604974,0.01346003901113309,-0.04547815991720316,-0.007410964444509486,0.014181912281806586,-0.0531868945002687,1784980664.5936594,0.10629190957245109,0.09594876519736711,1784980664.5782027,17182.15625,nan,nan,59.37699890136719,nan
12.163264274597168,1784980664.6380491,BSMC,circle,circle_dist_bsmc_30cm_yawfree_p01,1784980664.6253583,0.6279200397758022,0.7243792122838859,2.521769242611901,0.10783273332979434,0.12463017439320373,1784980664.5763133,0.6282137818096752,0.7249284977132091,2.5226363335332094,0.06173586845397949,0,0,1784980664.6335125,0.6226348008149387,0.7117610533391339,2.4737704648813295,1784980664.6335497,-0.0030276960363721612,0.013341092261872417,-0.0479987777305717,-0.003095566042317194,0.013961521806796343,-0.04886586865187992,1784980664.633594,0.10428173902459503,0.09405923007228581,1784980664.6182642,17182.197265625,nan,nan,40.590248107910156,nan
12.203550577163696,1784980664.6783354,BSMC,circle,circle_dist_bsmc_30cm_yawfree_p01,1784980664.6753042,0.622723356370102,0.7281324495386471,2.5288723051360495,0.109089860265478,0.1264902393867631,1784980664.659802,0.6204165916924927,0.7302460914321022,2.528871693948389,0.01853346824645996,0,0,1784980664.6737466,0.6192100096107992,0.7144501652133957,2.4781248359521912,1784980664.673785,0.001322101139200357,0.013141638017423823,-0.04364440665970992,-0.008097078933280141,0.013616329834978099,-0.050746857996197825,1784980664.6738236,0.10946648933040005,0.09561616626613557,1784980664.669313,17182.248046875,nan,nan,50.16884994506836,nan
12.243361711502075,1784980664.7181466,BSMC,circle,circle_dist_bsmc_30cm_yawfree_p01,1784980664.6753042,0.622723356370102,0.7281324495386471,2.5288723051360495,0.109089860265478,0.1264902393867631,1784980664.659802,0.6204165916924927,0.7302460914321022,2.528871693948389,0.05834460258483887,0,0,1784980664.7135699,0.6158160025468475,0.7170914430706803,2.4824254941782042,1784980664.7136045,-0.0006988148217465058,0.013004884409721609,-0.04644681095784531,-0.00380150128420559,0.013407415186599958,-0.046446199770184826,1784980664.713644,0.10705403321054677,0.09414524173512238,1784980664.669313,17182.248046875,nan,nan,50.16884994506836,nan
12.283452033996582,1784980664.758237,BSMC,circle,circle_dist_bsmc_30cm_yawfree_p01,1784980664.7254431,0.6182833249235496,0.7312560816472989,2.534727089326294,0.10869981622282224,0.12472761661097088,1784980664.659802,0.6204165916924927,0.7302460914321022,2.528871693948389,0.0984349250793457,0,0,1784980664.754166,0.6123703529712459,0.7197490565911566,2.4867769813379335,1784980664.7542112,-0.0017052554503074122,0.01282446750553859,-0.047950107988360635,0.0005457189603276453,0.013214835936463849,-0.04209471261045561,1784980664.754257,0.10585172807314175,0.09392360101719312,1784980664.7199092,17182.296875,nan,nan,49.811073303222656,nan
12.323921203613281,1784980664.798706,BSMC,circle,circle_dist_bsmc_30cm_yawfree_p01,1784980664.775151,0.6139307054861863,0.7342791578535488,2.5405510063938177,0.10775110678340127,0.12346285591211124,1784980664.779892,0.608163680332581,0.739052270127111,2.5422976101643022,0.0188140869140625,0,0,1784980664.7938278,0.608968209641394,0.7223497677158169,2.491059306128888,1784980664.793896,-0.0026532888905462966,0.012645029542515878,-0.04949170026492977,-0.010085548752900153,0.01333801186687503,-0.051238304035414295,1784980664.7939472,0.10471830395002871,0.09318043539669693,1784980664.7691398,17182.34765625,nan,nan,50.03665542602539,nan
12.363695621490479,1784980664.8384805,BSMC,circle,circle_dist_bsmc_30cm_yawfree_p01,1784980664.825678,0.6087707378504847,0.7379307809966966,2.5463308238295728,0.10522084547311933,0.12120058220426731,1784980664.779892,0.608163680332581,0.739052270127111,2.5422976101643022,0.058588504791259766,0,0,1784980664.8339357,0.6054930826662817,0.7249825569549805,2.4954191360315368,1784980664.8339736,-0.004546496190230296,0.012559016750256788,-0.05091168779803601,-0.005730967703942456,0.013124211588420701,-0.04687847413276547,1784980664.834018,0.10246337125513154,0.09217348150915751,1784980664.8196492,17182.3984375,nan,nan,51.03636932373047,nan
12.403309106826782,1784980664.878094,BSMC,circle,circle_dist_bsmc_30cm_yawfree_p01,1784980664.8754344,0.6033083616208134,0.7416407215832134,2.553196218752414,0.10607656838605377,0.12228886849078871,1784980664.857678,0.5991987672270809,0.7446753348439883,2.5540892901460643,0.0204160213470459,0,0,1784980664.874235,0.602024516070004,0.72758671298523,2.4997564868768736,1784980664.8742769,-0.00021430023594488142,0.012347685076408196,-0.046574336952699184,-0.011823909619581383,0.012657053956702661,-0.054332803269190766,1784980664.8743234,0.10762851167364398,0.09371506628041594,1784980664.8196492,17182.3984375,nan,nan,51.03636932373047,nan
12.443725824356079,1784980664.9185107,BSMC,circle,circle_dist_bsmc_30cm_yawfree_p01,1784980664.8754344,0.6033083616208134,0.7416407215832134,2.553196218752414,0.10607656838605377,0.12228886849078871,1784980664.857678,0.5991987672270809,0.7446753348439883,2.5540892901460643,0.06083273887634277,0,0,1784980664.9140582,0.5985859455145893,0.7301452398654836,2.5040424938043637,1784980664.9141014,-0.0024520566393935565,0.012183379335807813,-0.04915372494805048,-0.007543741703092267,0.01243346981548972,-0.050046796341700624,1784980664.9141486,0.10495896624708607,0.09243026887947249,1784980664.8853939,17182.46484375,nan,nan,65.99776458740234,nan
12.483805656433105,1784980664.9585905,BSMC,circle,circle_dist_bsmc_30cm_yawfree_p01,1784980664.9252536,0.5991624374583319,0.7444016872192807,2.5588215773977483,0.1037089662190347,0.12063404104782666,1784980664.857678,0.5991987672270809,0.7446753348439883,2.5540892901460643,0.10091257095336914,0,0,1784980664.9535418,0.5951327668159005,0.7326917026436817,2.508333058341412,1784980664.953578,-0.0030799332391578393,0.01199483203257013,-0.05048851905633622,-0.003258101980396355,0.012228024024399108,-0.04575623180465227,1784980664.9536252,0.1042064975929661,0.09118284855741117,1784980664.9203436,17182.5,nan,nan,34.94731521606445,nan
12.523518085479736,1784980664.998303,BSMC,circle,circle_dist_bsmc_30cm_yawfree_p01,1784980664.9754558,0.5947535858563286,0.7473058659083521,2.5649146600089856,0.10441479224554108,0.12077377025816294,1784980664.979948,0.586909653020813,0.7531739451875763,2.568645112818317,0.01835489273071289,0,0,1784980664.9935126,0.5916458317151907,0.7352399587289105,2.5126518955072448,1784980664.9935513,-0.003973677881024481,0.011809070071877759,-0.05226276450174083,-0.013702058453687044,0.012502513869475627,-0.0559932173110722,1784980664.9935935,0.10313578251065784,0.09057416905486639,1784980664.9717252,17182.55078125,nan,nan,51.11088180541992,nan
12.56327748298645,1784980665.0380623,BSMC,circle,circle_dist_bsmc_30cm_yawfree_p01,1784980665.0252156,0.5890821509268107,0.7510846279997545,2.5714562773938376,0.1052808092450048,0.12090461381614889,1784980664.979948,0.586909653020813,0.7531739451875763,2.568645112818317,0.05811429023742676,0,0,1784980665.0334828,0.5881399446687935,0.7377788836670668,2.5169805688699767,1784980665.0335197,-0.006388558689497767,0.011709692683855574,-0.054475708523860966,-0.009379658221702059,0.012269618918426938,-0.0516645439483403,1784980665.033562,0.10025656990940984,0.08993039908369937,1784980665.0203483,17182.59765625,nan,nan,47.96605682373047,nan
12.603389024734497,1784980665.0781739,BSMC,circle,circle_dist_bsmc_30cm_yawfree_p01,1784980665.0751662,0.5836355927950169,0.7546123201148395,2.576654714443429,0.10385179111107044,0.11698166884164783,1784980665.0567966,0.5790152987570274,0.757768067064128,2.5763655430099646,0.0213773250579834,0,0,1784980665.074104,0.5845840861332566,0.7403304768929654,2.521357187255292,1784980665.074145,-0.002017925205862401,0.011480955133533517,-0.050099090138545854,-0.014042363179552948,0.011742784173807065,-0.05500835575467278,1784980665.0741901,0.1054692155099198,0.09147513453385495,1784980665.0713477,17182.6484375,nan,nan,51.04767990112305,nan
12.643711805343628,1784980665.1184967,BSMC,circle,circle_dist_bsmc_30cm_yawfree_p01,1784980665.0751662,0.5836355927950169,0.7546123201148395,2.576654714443429,0.10385179111107044,0.11698166884164783,1784980665.0567966,0.5790152987570274,0.757768067064128,2.5763655430099646,0.06170010566711426,0,0,1784980665.114166,0.5811168017989301,0.7427959134145338,2.525611651404767,1784980665.1142204,-0.004198645802765227,0.01132886352693505,-0.051043063038661796,-0.00979384946808701,0.011517908340433897,-0.0507538916051975,1784980665.1142757,0.10287554668446623,0.09198545392428008,1784980665.0713477,17182.6484375,nan,nan,51.04767990112305,nan
12.683333158493042,1784980665.158118,BSMC,circle,circle_dist_bsmc_30cm_yawfree_p01,1784980665.1253297,0.5793223677477113,0.7573461380353513,2.58218664351694,0.10286078186629401,0.1157651223389945,1784980665.0567966,0.5790152987570274,0.757768067064128,2.5763655430099646,0.10132145881652832,0,0,1784980665.153971,0.5775525029509336,0.7453072883076294,2.529971841796307,1784980665.1540115,-0.004888725846140631,0.011143010534268574,-0.05221480172063275,-0.005438805261529428,0.011306200781690253,-0.04639370121365749,1784980665.1540554,0.10204989104888121,0.0913514054620829,1784980665.118879,17182.697265625,nan,nan,48.55856704711914,nan
12.724013090133667,1784980665.198798,BSMC,circle,circle_dist_bsmc_30cm_yawfree_p01,1784980665.1751978,0.5749527839367078,0.7600779141843449,2.588152319587314,0.10307461935121405,0.11641237430995835,1784980665.178011,0.5668028900531894,0.765513413626947,2.5896978930303582,0.02078700065612793,0,0,1784980665.1938217,0.5740343797275504,0.7477634252394543,2.5342625093301816,1784980665.1938694,-0.005691399967410632,0.010958926529372736,-0.05388981025713236,-0.015464197044895907,0.011323212460390857,-0.055435383700176644,1784980665.1939178,0.10108752415832428,0.09026704527125377,1784980665.1741624,17182.751953125,nan,nan,53.71843338012695,nan
12.763540506362915,1784980665.2383254,BSMC,circle,circle_dist_bsmc_30cm_yawfree_p01,1784980665.2252467,0.5691644658546507,0.7637128219828628,2.594040492949919,0.10422652650374431,0.11595873144621317,1784980665.178011,0.5668028900531894,0.765513413626947,2.5896978930303582,0.06031441688537598,0,0,1784980665.2334514,0.5704883390120481,0.7502164339020989,2.5385743169626283,1784980665.2334893,-0.008156528518950096,0.010834028515885373,-0.055466175987290534,-0.011158511270852243,0.0110935904444427,-0.05112357606772999,1784980665.2335303,0.09815211241473461,0.09031130767590216,1784980665.2213721,17182.798828125,nan,nan,46.97251510620117,nan
12.80333948135376,1784980665.2781243,BSMC,circle,circle_dist_bsmc_30cm_yawfree_p01,1784980665.2753,0.5634459526299952,0.7672426350875811,2.6015218627211714,0.10519676577979309,0.11815372188198071,1784980665.2670636,0.5580694103335244,0.7711285321530904,2.6064306574292058,0.011060714721679688,0,0,1784980665.2736762,0.5669153121635133,0.7526653472632606,2.542906028731732,1784980665.273714,-0.0038309717073390067,0.010603256376423951,-0.05113446421818679,-0.017024983424122425,0.011370537140794914,-0.06352462869747377,1784980665.2737548,0.1033114717411788,0.09183659620345322,1784980665.2213721,17182.798828125,nan,nan,46.97251510620117,nan
12.843164205551147,1784980665.317949,BSMC,circle,circle_dist_bsmc_30cm_yawfree_p01,1784980665.2753,0.5634459526299952,0.7672426350875811,2.6015218627211714,0.10519676577979309,0.11815372188198071,1784980665.2670636,0.5580694103335244,0.7711285321530904,2.6064306574292058,0.05088543891906738,0,0,1784980665.313652,0.5633500788652335,0.7550863455013299,2.5472155704340027,1784980665.3136928,-0.006168495819770883,0.010475410617490697,-0.054306292287168656,-0.01272355792980515,0.011106227366599214,-0.05921508699520306,1784980665.3137348,0.10051877923476402,0.08984007956722538,1784980665.278542,17182.857421875,nan,nan,58.87892532348633,nan
12.88330626487732,1784980665.358091,BSMC,circle,circle_dist_bsmc_30cm_yawfree_p01,1784980665.325287,0.5588882734349819,0.7699782038136624,2.6070093734316075,0.10525693146726342,0.11653889546812876,1784980665.2670636,0.5580694103335244,0.7711285321530904,2.6064306574292058,0.09102749824523926,0,0,1784980665.3535666,0.5597678128160112,0.7574963982203673,2.5515330943903014,1784980665.3536062,-0.007116088509872605,0.01029224682522016,-0.05547627904130614,-0.008413063101244985,0.010860019143937465,-0.05489756303890436,1784980665.3536487,0.09938705421023403,0.08998351793038425,1784980665.3242795,17182.90234375,nan,nan,45.75395584106445,nan
12.923691034317017,1784980665.398476,BSMC,circle,circle_dist_bsmc_30cm_yawfree_p01,1784980665.3767145,0.5543602242689954,0.7726601014850031,2.6126301780303742,0.10392958376969161,0.1153091870757225,1784980665.3819735,0.5458937399417363,0.7786662656106375,2.615016613774217,0.01650238037109375,0,0,1784980665.393822,0.556157880372575,0.7599024349306563,2.555871372207074,1784980665.3938615,-0.007989974316281186,0.010106925041960141,-0.056758805823300396,-0.018303941552293507,0.011063437269727732,-0.05914524156714318,1784980665.3939059,0.09834198283455986,0.08912602705633058,1784980665.3707612,17182.94921875,nan,nan,46.029937744140625,nan
12.963796138763428,1784980665.438581,BSMC,circle,circle_dist_bsmc_30cm_yawfree_p01,1784980665.4253335,0.5486284222631799,0.7761482424137217,2.6187889759562397,0.10442826188361853,0.11640137644178707,1784980665.3819735,0.5458937399417363,0.7786662656106375,2.615016613774217,0.05660748481750488,0,0,1784980665.4334967,0.5525650875313042,0.7622746872817134,2.560176691039471,1784980665.4335341,-0.010338038458504225,0.010054741481739696,-0.058612284916768516,-0.014005616317362045,0.010818199034262902,-0.054839922734745805,1784980665.4335756,0.09554328985562077,0.08798727284280121,1784980665.4204986,17183.0,nan,nan,50.14864730834961,nan
13.003224611282349,1784980665.4780095,BSMC,circle,circle_dist_bsmc_30cm_yawfree_p01,1784980665.4754815,0.5428648374698211,0.7796033710115021,2.624875412389255,0.1044876574807417,0.11609654449275196,1784980665.458143,0.5379397698928491,0.7833925221261855,2.624942890079656,0.019866466522216797,0,0,1784980665.4734373,0.5489549073330016,0.7646361418747641,2.564490610106854,1784980665.4734735,-0.006030995574682012,0.009811327315814597,-0.05429836584938563,-0.018842518695402887,0.01086713127622696,-0.060452279972802,1784980665.473513,0.10068203848863766,0.08949627473472149,1784980665.4726956,17183.048828125,nan,nan,49.93540954589844,nan
13.043405294418335,1784980665.5181901,BSMC,circle,circle_dist_bsmc_30cm_yawfree_p01,1784980665.4754815,0.5428648374698211,0.7796033710115021,2.624875412389255,0.1044876574807417,0.11609654449275196,1784980665.458143,0.5379397698928491,0.7833925221261855,2.624942890079656,0.060047149658203125,0,0,1784980665.5138872,0.5453048190422398,0.7670011887825345,2.5688399343332335,1784980665.513933,-0.008347270089357237,0.00975149163262583,-0.05603547805602149,-0.014500581564259115,0.01061380667121336,-0.056102955746422545,1784980665.5139809,0.09792227612752513,0.08885687222645815,1784980665.4726956,17183.048828125,nan,nan,49.93540954589844,nan
13.083594560623169,1784980665.5583794,BSMC,circle,circle_dist_bsmc_30cm_yawfree_p01,1784980665.525446,0.5384127081022545,0.7821333223947706,2.630367725293274,0.1035052105461592,0.11496973065454569,1784980665.458143,0.5379397698928491,0.7833925221261855,2.624942890079656,0.10023641586303711,0,0,1784980665.554013,0.5416613400854197,0.7693395682015125,2.573169251426129,1784980665.5540628,-0.009092573136366511,0.009568639917949647,-0.05719847386714516,-0.010177564048244964,0.010380404074557174,-0.05177363865352724,1784980665.5541105,0.09703049391666851,0.08818997758577876,1784980665.5202773,17183.099609375,nan,nan,49.94312286376953,nan
13.123998403549194,1784980665.5987833,BSMC,circle,circle_dist_bsmc_30cm_yawfree_p01,1784980665.5751727,0.5341583231532128,0.7845320948706358,2.634985897477649,0.1010797862421143,0.11125660807503254,1784980665.5789144,0.5254307467609476,0.7910247618163018,2.6421133843570823,0.019868850708007812,0,0,1784980665.593672,0.5380378436546343,0.7716431256921934,2.5774629831155824,1784980665.5937116,-0.00964613264222486,0.009387669085155897,-0.05752291436206658,-0.02035010724820492,0.010975420079464114,-0.0646504012414999,1784980665.5937529,0.09637140999096298,0.0883739828551672,1784980665.570821,17183.1484375,nan,nan,49.991085052490234,nan
13.163514852523804,1784980665.6382997,BSMC,circle,circle_dist_bsmc_30cm_yawfree_p01,1784980665.6252952,0.5284417199874297,0.7878910655793565,2.641494497113876,0.09961338632927674,0.11083542010003078,1784980665.5789144,0.5254307467609476,0.7910247618163018,2.6421133843570823,0.05938529968261719,0,0,1784980665.6340072,0.5343499427214555,0.7739652870286367,2.5818210878213925,1784980665.6340573,-0.011862248607054437,0.00938730323910886,-0.05967340929248355,-0.016000507340211943,0.0107033406686299,-0.060292296535689786,1784980665.6340997,0.09372727850526337,0.08680386102692851,1784980665.6206024,17183.19921875,nan,nan,50.16925048828125,nan
13.203233003616333,1784980665.6780179,BSMC,circle,circle_dist_bsmc_30cm_yawfree_p01,1784980665.6753912,0.5228601087726926,0.7911136581981301,2.6469415244240464,0.0987622194635944,0.10985601244323262,1784980665.6593208,0.5173900819846525,0.7952351898504482,2.646477514039391,0.018697023391723633,0,0,1784980665.673377,0.5307353336169478,0.7762196064703206,2.586081062301068,1784980665.6734147,-0.007609328307738722,0.009142305175416867,-0.05541343481280814,-0.020777604422644997,0.01039130919913105,-0.06039645173832308,1784980665.673463,0.09880195469142986,0.0882900610217904,1784980665.6715763,17183.25,nan,nan,50.96595764160156,nan
13.243370532989502,1784980665.7181554,BSMC,circle,circle_dist_bsmc_30cm_yawfree_p01,1784980665.6753912,0.5228601087726926,0.7911136581981301,2.6469415244240464,0.0987622194635944,0.10985601244323262,1784980665.6593208,0.5173900819846525,0.7952351898504482,2.646477514039391,0.05883455276489258,0,0,1784980665.7136035,0.527048594056236,0.7784969678379952,2.590414473517804,1784980665.7136452,-0.009675883526806714,0.009116005846293181,-0.056527050906242333,-0.016451541171081125,0.010139118535223552,-0.05606304052158695,1784980665.7136874,0.09634222558959726,0.08776163713994954,1784980665.6715763,17183.25,nan,nan,50.96595764160156,nan
13.283726692199707,1784980665.7585115,BSMC,circle,circle_dist_bsmc_30cm_yawfree_p01,1784980665.7252839,0.5185733626337342,0.7934250982032496,2.6523424114296343,0.09815707067124474,0.10954836257608654,1784980665.6593208,0.5173900819846525,0.7952351898504482,2.646477514039391,0.09919071197509766,0,0,1784980665.753924,0.5233402314653517,0.7807655083790955,2.594761686309247,1784980665.7539659,-0.01015720009307948,0.00893417815150432,-0.05758072512038747,-0.012110642577854198,0.009904963254678703,-0.05171582773014416,1784980665.7540123,0.09576441379677877,0.08693077122111884,1784980665.7222896,17183.30078125,nan,nan,50.86233901977539,nan
13.324086666107178,1784980665.7988715,BSMC,circle,circle_dist_bsmc_30cm_yawfree_p01,1784980665.775695,0.5141800407538594,0.7957621687308806,2.657891430115411,0.09843604450928826,0.10964514023177385,1784980665.7798374,0.5060128439572765,0.801458433800248,2.6621110014570495,0.019034147262573242,0,0,1784980665.7938812,0.5196370597013797,0.7830088535518357,2.5990913638910342,1784980665.7939172,-0.010762031755098968,0.008752415458140358,-0.058800066224376835,-0.020599017904172852,0.010083983705264508,-0.06301963756601527,1784980665.7939584,0.09503881991270029,0.0863391294966929,1784980665.771403,17183.349609375,nan,nan,48.960819244384766,nan
13.363144159317017,1784980665.837929,BSMC,circle,circle_dist_bsmc_30cm_yawfree_p01,1784980665.825378,0.5085160833851742,0.7989128447934908,2.663884707112569,0.09877465928990344,0.10954602056642583,1784980665.7798374,0.5060128439572765,0.801458433800248,2.6621110014570495,0.05809164047241211,0,0,1784980665.8334286,0.5159764092664598,0.7852049816917848,2.6033602475961732,1784980665.8334699,-0.01292727045434296,0.00874343477532516,-0.060524459516395616,-0.016338047381458665,0.009824232635360329,-0.058750753860876255,1784980665.833516,0.0924575769985256,0.08581494057511964,1784980665.8217957,17183.400390625,nan,nan,50.20513153076172,nan
13.40331220626831,1784980665.878097,BSMC,circle,circle_dist_bsmc_30cm_yawfree_p01,1784980665.8755364,0.5029042025588617,0.8020321117915741,2.6687689423796708,0.09888763807044457,0.10721445252437468,1784980665.8585038,0.4979687824740344,0.8059273667371817,2.667679118429051,0.019593238830566406,0,0,1784980665.8739505,0.5122146962452803,0.787439686730053,2.607735681517987,1784980665.8739896,-0.008559283090438031,0.008488331167862745,-0.056149025594582014,-0.021113117846754625,0.009948699714676653,-0.0599434369110643,1784980665.8740346,0.09766992918908668,0.08734016359291408,1784980665.871372,17183.44921875,nan,nan,49.78276824951172,nan
13.443429946899414,1784980665.9182148,BSMC,circle,circle_dist_bsmc_30cm_yawfree_p01,1784980665.8755364,0.5029042025588617,0.8020321117915741,2.6687689423796708,0.09888763807044457,0.10721445252437468,1784980665.8585038,0.4979687824740344,0.8059273667371817,2.667679118429051,0.05971097946166992,0,0,1784980665.9147186,0.5084796872916388,0.7896365814114897,2.6120688867410706,1784980665.9147708,-0.010608724953279781,0.008496479169319707,-0.056700055638600144,-0.016787146468205404,0.009698480296806228,-0.055610231687980516,1784980665.914823,0.09523388558477659,0.0883864932188414,1784980665.871372,17183.44921875,nan,nan,49.78276824951172,nan
13.483283996582031,1784980665.9580688,BSMC,circle,circle_dist_bsmc_30cm_yawfree_p01,1784980665.9250715,0.498608184875694,0.8042404299202038,2.6730650064179198,0.09818359512358552,0.10348230974073508,1784980665.8585038,0.4979687824740344,0.8059273667371817,2.667679118429051,0.09956502914428711,0,0,1784980665.9540284,0.5047509449688663,0.7918081433861195,2.616383887275128,1784980665.954072,-0.011094866276649532,0.008318605191443442,-0.05668111914279184,-0.012478312207236834,0.009467941729975334,-0.051295231153923204,1784980665.9541175,0.09465695171212037,0.08989100269875173,1784980665.9234226,17183.501953125,nan,nan,52.17072296142578,nan
13.5234375,1784980665.9982224,BSMC,circle,circle_dist_bsmc_30cm_yawfree_p01,1784980665.9753244,0.4942294676572265,0.8064634041480185,2.677678723343714,0.0979811406007844,0.10150065600685061,1784980665.9815514,0.4857661897043273,0.8120810195816611,2.678516516979012,0.016670942306518555,0,0,1784980665.9942982,0.5009831846389947,0.793980625280913,2.620733108504681,1784980665.994336,-0.011625345191005537,0.008141486995926903,-0.056945614839032814,-0.021699870073303956,0.009396640223291435,-0.057783408474330944,1784980665.9943755,0.09402565120946657,0.09064006675558922,1784980665.9714751,17183.55078125,nan,nan,47.84627914428711,nan
13.564125776290894,1784980666.0389106,BSMC,circle,circle_dist_bsmc_30cm_yawfree_p01,1784980666.0249903,0.4886938286376347,0.8094385285131535,2.6817447133745684,0.09646048068291638,0.09789007852251087,1784980665.9815514,0.4857661897043273,0.8120810195816611,2.678516516979012,0.05735921859741211,0,0,1784980666.0335836,0.4972839719458938,0.7960924185104418,2.624992670997052,1784980666.033623,-0.013620960916005627,0.008147308634485154,-0.05675204237751652,-0.01744690572097505,0.009159702655771637,-0.05352384598196025,1784980666.0336628,0.09165804317555498,0.09194191340390509,1784980666.0234835,17183.6015625,nan,nan,52.03354263305664,nan
13.60334587097168,1784980666.0781307,BSMC,circle,circle_dist_bsmc_30cm_yawfree_p01,1784980666.0753806,0.4829411311434506,0.8124432186106415,2.687865993136577,0.09744567920683664,0.099448811796905,1784980666.059183,0.4774562110968675,0.8164049865846036,2.6906288064081156,0.018947839736938477,0,0,1784980666.0739534,0.4935180281713014,0.7982209246134112,2.629318511947064,1784980666.0739992,-0.009301567176351454,0.007911282225781335,-0.05242620142750454,-0.022381294543802895,0.009365881274513424,-0.06131029446105174,1784980666.0740495,0.09681065439666448,0.09346104817917474,1784980666.0234835,17183.6015625,nan,nan,52.03354263305664,nan
13.643205165863037,1784980666.11799,BSMC,circle,circle_dist_bsmc_30cm_yawfree_p01,1784980666.0753806,0.4829411311434506,0.8124432186106415,2.687865993136577,0.09744567920683664,0.099448811796905,1784980666.059183,0.4774562110968675,0.8164049865846036,2.6906288064081156,0.0588071346282959,0,0,1784980666.1136584,0.4897580758104096,0.8003246786412167,2.6336269979318665,1784980666.1137,-0.011438981639271316,0.007904394008356408,-0.05423899520471043,-0.018080348328158316,0.009111157078928372,-0.05700180847624914,1784980666.1137521,0.09426310683158085,0.09230266540014775,1784980666.1138356,17183.69140625,nan,nan,89.09044647216797,nan
13.683422088623047,1784980666.158207,BSMC,circle,circle_dist_bsmc_30cm_yawfree_p01,1784980666.125308,0.4786866086049065,0.8145180206103741,2.692300068845235,0.09625737876579196,0.09750828196215174,1784980666.059183,0.4774562110968675,0.8164049865846036,2.6906288064081156,0.09902405738830566,0,0,1784980666.1537235,0.4859732629689466,0.8024209373727789,2.6379535598596617,1784980666.1537597,-0.011817594513117233,0.007731701921429369,-0.05434650898557347,-0.013760293696868861,0.008874013879092896,-0.0526752465484539,1784980666.1538005,0.09381306324033785,0.09252566250107035,1784980666.1233587,17183.703125,nan,nan,11.058006286621094,nan
13.723482131958008,1784980666.198267,BSMC,circle,circle_dist_bsmc_30cm_yawfree_p01,1784980666.1751318,0.474354741431931,0.8166106020643263,2.6968663093091707,0.09643834457228426,0.09653265559954906,1784980666.1801457,0.4649663965371012,0.8226640572793944,2.701127958742282,0.01812124252319336,0,0,1784980666.194109,0.48215113621279604,0.8045162247939802,2.6423123340448424,1784980666.194146,-0.012241159653275296,0.007563844490706387,-0.05455397526432826,-0.02328202589888992,0.009088804744490534,-0.05881562469743961,1784980666.1941845,0.09330907199012324,0.09300686691118092,1784980666.173359,17183.751953125,nan,nan,49.77848434448242,nan
13.763312101364136,1784980666.238097,BSMC,circle,circle_dist_bsmc_30cm_yawfree_p01,1784980666.2257102,0.4683668095558576,0.8196629826887759,2.702424291907216,0.09739308525128987,0.09691075570622948,1784980666.1801457,0.4649663965371012,0.8226640572793944,2.701127958742282,0.05795121192932129,0,0,1784980666.233862,0.4783738415213722,0.8065657237372171,2.6466098251184507,1784980666.2339005,-0.014626203273568806,0.007599543315440931,-0.055814466788765234,-0.018991436193202867,0.008845409835668845,-0.05451813362383139,1784980666.233942,0.09047051662743515,0.09284381199394154,1784980666.2223587,17183.80078125,nan,nan,49.021236419677734,nan
13.80354619026184,1784980666.278331,BSMC,circle,circle_dist_bsmc_30cm_yawfree_p01,1784980666.2755916,0.46266019344907944,0.8225438036965793,2.709046742709083,0.09835094311401918,0.0992768556610557,1784980666.269821,0.4569085379111281,0.8268579870661401,2.714850137410783,0.008510112762451172,0,0,1784980666.2742283,0.47453762725056914,0.8086257609434118,2.650964170440106,1784980666.2742965,-0.010278123522595958,0.007366100171187202,-0.051460121467109765,-0.02359455072136424,0.009300324541931911,-0.06388596697067683,1784980666.2743413,0.09565689915141933,0.09437623476968028,1784980666.2223587,17183.80078125,nan,nan,49.021236419677734,nan
13.843722343444824,1784980666.3185072,BSMC,circle,circle_dist_bsmc_30cm_yawfree_p01,1784980666.2755916,0.46266019344907944,0.8225438036965793,2.709046742709083,0.09835094311401918,0.0992768556610557,1784980666.269821,0.4569085379111281,0.8268579870661401,2.714850137410783,0.04868626594543457,0,0,1784980666.3135746,0.47078460410661993,0.810620370056083,2.655214308722882,1784980666.3136122,-0.012374272308858278,0.0074196834931080265,-0.05383243398620108,-0.019352518936898225,0.009037999226817953,-0.05963582868790107,1784980666.3136523,0.09315528828551246,0.09248671830307041,1784980666.2792208,17183.857421875,nan,nan,57.032108306884766,nan
13.883469820022583,1784980666.3582547,BSMC,circle,circle_dist_bsmc_30cm_yawfree_p01,1784980666.325322,0.4583412272886582,0.8245402468867687,2.7134109287996915,0.09705489595054059,0.09723688583068063,1784980666.269821,0.4569085379111281,0.8268579870661401,2.714850137410783,0.08843374252319336,0,0,1784980666.354012,0.466921931332557,0.8126519660800129,2.6595786704858826,1784980666.354056,-0.012742277862547289,0.00725217603915526,-0.05383225831380889,-0.014995361858857395,0.00878738884951195,-0.05527146692490038,1784980666.3541048,0.09271846671413095,0.09276685091669024,1784980666.3232286,17183.90234375,nan,nan,43.78649139404297,nan
13.923628091812134,1784980666.398413,BSMC,circle,circle_dist_bsmc_30cm_yawfree_p01,1784980666.3752851,0.4539336336491272,0.8265519701893794,2.7182650021227572,0.09705489595054059,0.09723688583068063,1784980666.38185,0.44428083372829746,0.8327120525936458,2.721888456793691,0.016562938690185547,0,0,1784980666.3941703,0.4630965057435483,0.8146428324946156,2.663891147597699,1784980666.394212,-0.013246271561001537,0.00709380542330906,-0.054373854525058274,-0.024545683409409505,0.008833779165098669,-0.05799730919599222,1784980666.394254,0.09211706312063804,0.09235592631775606,1784980666.3785236,17183.95703125,nan,nan,55.379154205322266,nan
13.963249206542969,1784980666.438034,BSMC,circle,circle_dist_bsmc_30cm_yawfree_p01,1784980666.4259903,0.44806763607088096,0.8294282186375613,2.7238054558771227,0.09615877158871915,0.09788504376741163,1784980666.38185,0.44428083372829746,0.8327120525936458,2.721888456793691,0.05618405342102051,0,0,1784980666.4335084,0.4592848746282955,0.8166057373891031,2.6681785192331358,1784980666.4335485,-0.015455012971272889,0.007168335949074639,-0.05562693664398699,-0.020265000814860185,0.00859443859542965,-0.05370993756055542,1784980666.4335968,0.08948784745799174,0.09082771367629214,1784980666.43126,17184.009765625,nan,nan,52.73390197753906,nan
14.003474712371826,1784980666.4782596,BSMC,circle,circle_dist_bsmc_30cm_yawfree_p01,1784980666.4752643,0.4426178017869143,0.8320513562037493,2.727746138457445,0.09471838721763806,0.09627883959145302,1784980666.4598455,0.436796269955965,0.8358205683555706,2.7242802854123602,0.018414020538330078,0,0,1784980666.4737945,0.45542460064192025,0.8185726888987285,2.6725110292276426,1784980666.473834,-0.011128696139133025,0.0069368275063646815,-0.05129442664948014,-0.024020326928979242,0.008217538812078365,-0.051769256184717616,1784980666.4738774,0.09464818844955444,0.09235278940542845,1784980666.43126,17184.009765625,nan,nan,52.73390197753906,nan
14.043928146362305,1784980666.518713,BSMC,circle,circle_dist_bsmc_30cm_yawfree_p01,1784980666.4752643,0.4426178017869143,0.8320513562037493,2.727746138457445,0.09471838721763806,0.09627883959145302,1784980666.4598455,0.436796269955965,0.8358205683555706,2.7242802854123602,0.058867454528808594,0,0,1784980666.5137029,0.4515680866580054,0.8205167575581204,2.6768298406442685,1784980666.5137396,-0.012833164173825382,0.006961642225586656,-0.050916297813176296,-0.019706832368634526,0.008003371264496826,-0.04745044476809168,1784980666.5137808,0.0926270710204126,0.09254995368083545,1784980666.4847074,17184.064453125,nan,nan,53.412353515625,nan
14.083537101745605,1784980666.558322,BSMC,circle,circle_dist_bsmc_30cm_yawfree_p01,1784980666.5255396,0.4385510417700417,0.8338328774621071,2.7323770482720864,0.09204764034427673,0.09552737391082015,1784980666.4598455,0.436796269955965,0.8358205683555706,2.7242802854123602,0.09847640991210938,0,0,1784980666.5536702,0.44770798757955554,0.8224417841676421,2.6811433219751404,1784980666.5538054,-0.012933286235488676,0.006807111733510522,-0.051233726296946,-0.015397778217818604,0.007808064664115741,-0.043136963437219844,1784980666.5538504,0.0925064759267327,0.09093002480733689,1784980666.5233228,17184.1015625,nan,nan,38.66725540161133,nan
14.123895168304443,1784980666.59868,BSMC,circle,circle_dist_bsmc_30cm_yawfree_p01,1784980666.5753007,0.4343525263330454,0.8356537692072409,2.737126423444135,0.09204764034427673,0.09552737391082015,1784980666.5805945,0.42522442713537173,0.8412984376712568,2.739618509375094,0.018085479736328125,0,0,1784980666.5934863,0.44385071682511634,0.8243446981925896,2.6854444436868716,1784980666.5935254,-0.013182243421483436,0.0066587662682248885,-0.051681979757263186,-0.02377450752600936,0.00831509120891219,-0.054174065688222584,1784980666.5935674,0.09220847370086716,0.09057168762539812,1784980666.5783732,17184.15625,nan,nan,55.014495849609375,nan
14.164119243621826,1784980666.638904,BSMC,circle,circle_dist_bsmc_30cm_yawfree_p01,1784980666.6254177,0.4286495019728138,0.8383277821545742,2.7421562896930407,0.09239363235711841,0.09543903409072028,1784980666.5805945,0.42522442713537173,0.8412984376712568,2.739618509375094,0.05830955505371094,0,0,1784980666.6333857,0.4399658383479471,0.8262404478382155,2.6897671947320987,1784980666.63342,-0.015126272087036163,0.006734909990455513,-0.05238909496094202,-0.019457605736082958,0.008090354835813433,-0.049851314642995526,1784980666.6334598,0.08989693959512018,0.0905838817241224,1784980666.6284978,17184.20703125,nan,nan,50.18069839477539,nan
14.203590154647827,1784980666.678375,BSMC,circle,circle_dist_bsmc_30cm_yawfree_p01,1784980666.6755805,0.4234045047641668,0.8407672644960794,2.7457800422312495,0.08896756812262725,0.08832732520242127,1784980666.6620805,0.4173752179046161,0.844866814200044,2.750316932364165,0.016294479370117188,0,0,1784980666.6737497,0.43605239638979554,0.8281291801196203,2.6941125793298766,1784980666.6737869,-0.010786368602647877,0.006516792277198603,-0.04804371036316413,-0.02364881739997653,0.008349780018657615,-0.05620435303428861,1784980666.6738257,0.09507196174412082,0.09212378226855537,1784980666.6741376,17184.25390625,nan,nan,45.66230392456055,nan
14.244266033172607,1784980666.719051,BSMC,circle,circle_dist_bsmc_30cm_yawfree_p01,1784980666.6755805,0.4234045047641668,0.8407672644960794,2.7457800422312495,0.08896756812262725,0.08832732520242127,1784980666.6620805,0.4173752179046161,0.844866814200044,2.750316932364165,0.05697035789489746,0,0,1784980666.714245,0.4321530458774505,0.8299903231058314,2.698433321936993,1784980666.7142885,-0.012227272097755265,0.00657063576734483,-0.04734672029425635,-0.019334386521981318,0.00811638371995177,-0.051883610427172044,1784980666.7143369,0.09336519818817872,0.09492672616034303,1784980666.6741376,17184.25390625,nan,nan,45.66230392456055,nan
14.283303260803223,1784980666.758088,BSMC,circle,circle_dist_bsmc_30cm_yawfree_p01,1784980666.7252395,0.41933376521448806,0.8424682881956056,2.7501601408962073,0.08896756812262725,0.08832732520242127,1784980666.6620805,0.4173752179046161,0.844866814200044,2.750316932364165,0.0960075855255127,0,0,1784980666.7542932,0.42820664669585395,0.8318529252426116,2.7027971944650693,1784980666.7544014,-0.012251666292172014,0.006427334554184965,-0.04736294643113803,-0.014975906284848387,0.007899581406851562,-0.04751973789909591,1784980666.7544472,0.0933361593247293,0.09475040591527402,1784980666.7304635,17184.30859375,nan,nan,56.33824157714844,nan
14.32369351387024,1784980666.7984784,BSMC,circle,circle_dist_bsmc_30cm_yawfree_p01,1784980666.7761726,0.4149613128428148,0.8442741123744609,2.754503426346744,0.09035198214880112,0.08783957029157137,1784980666.7801938,0.40509379542374313,0.849906679506438,2.7532876968456503,0.01828455924987793,0,0,1784980666.7938142,0.4243335322650972,0.8336605258891449,2.7070713567575497,1784980666.7938614,-0.012685357282574392,0.006290343837512231,-0.047432069589194104,-0.023958500569984498,0.007752111423302306,-0.046216340088100605,1784980666.7939112,0.09282101441492334,0.09593700742394289,1784980666.7748716,17184.353515625,nan,nan,44.287960052490234,nan
14.363305568695068,1784980666.8380904,BSMC,circle,circle_dist_bsmc_30cm_yawfree_p01,1784980666.8255908,0.4089308211032957,0.8469730883886034,2.7584878056282074,0.09322755030382066,0.08760588708559747,1784980666.7801938,0.40509379542374313,0.849906679506438,2.7532876968456503,0.05789661407470703,0,0,1784980666.8338084,0.4203830568091427,0.8354835256968206,2.7114221744379092,1784980666.8338428,-0.01491686803708589,0.006375798104931568,-0.04706563119029817,-0.01961190506684957,0.00756055944860094,-0.04186552240774111,1784980666.8338802,0.09017408034329835,0.09839772276811903,1784980666.8295538,17184.408203125,nan,nan,54.776405334472656,nan
14.403300285339355,1784980666.8780851,BSMC,circle,circle_dist_bsmc_30cm_yawfree_p01,1784980666.875026,0.40314594280136196,0.8495215859255798,2.7630683963432094,0.09456255576565635,0.08843396202219078,1784980666.86096,0.3973373166088974,0.8532844570283539,2.761986087294084,0.01712512969970703,0,0,1784980666.8740427,0.41645134949071316,0.8372772268046319,2.7157437152704285,1784980666.87408,-0.010599686909890365,0.006181805277892957,-0.04274409035777893,-0.02368487472753755,0.007784881603674292,-0.04624237202365534,1784980666.8741188,0.09531952556659962,0.09994549622036583,1784980666.8741918,17184.453125,nan,nan,43.9541130065918,nan
14.444103717803955,1784980666.9188886,BSMC,circle,circle_dist_bsmc_30cm_yawfree_p01,1784980666.875026,0.40314594280136196,0.8495215859255798,2.7630683963432094,0.09456255576565635,0.08843396202219078,1784980666.86096,0.3973373166088974,0.8532844570283539,2.761986087294084,0.05792856216430664,0,0,1784980666.9137897,0.4125432462865589,0.8390398759473039,2.7200309324106264,1784980666.9138336,-0.012605589524653639,0.006266950582023623,-0.04303746393258301,-0.01940182886955373,0.007595882045763126,-0.04195515488345736,1784980666.9138768,0.09293716061327881,0.10018126013675102,1784980666.8741918,17184.453125,nan,nan,43.9541130065918,nan
14.483438968658447,1784980666.9582238,BSMC,circle,circle_dist_bsmc_30cm_yawfree_p01,1784980666.9254162,0.3987249281160087,0.8512798347813904,2.767517858249992,0.09456255576565635,0.08843396202219078,1784980666.86096,0.3973373166088974,0.8532844570283539,2.761986087294084,0.09726381301879883,0,0,1784980666.9537456,0.40860700115472837,0.8407948952237191,2.724340705855756,1784980666.9537857,-0.013030006252013851,0.00614884234170061,-0.04317715239423637,-0.015095471779403513,0.007424397321774083,-0.03764538143832796,1784980666.9538288,0.09243272782719138,0.09997793984676659,1784980666.9344878,17184.513671875,nan,nan,60.76347732543945,nan
14.523532152175903,1784980666.998317,BSMC,circle,circle_dist_bsmc_30cm_yawfree_p01,1784980666.9753487,0.3945248218360603,0.8529195027646072,2.77224304913142,0.09304783121770908,0.08941381623117306,1784980666.9804354,0.3855694182975006,0.8580096808220345,2.77231230753562,0.01788163185119629,0,0,1784980666.993589,0.4046612713249077,0.8425337915915143,2.7286526164850278,1784980666.9936268,-0.013202206004007367,0.006025973899595974,-0.04359043264639206,-0.023390755796880748,0.007541521248802288,-0.0436596910505922,1784980666.9936678,0.0922263909251776,0.09780786169112704,1784980666.9745624,17184.552734375,nan,nan,40.195072174072266,nan
14.563589334487915,1784980667.0383742,BSMC,circle,circle_dist_bsmc_30cm_yawfree_p01,1784980667.02561,0.38884911090867447,0.8553431578480285,2.776929852270471,0.09250957023068704,0.09039359159775569,1784980666.9804354,0.3855694182975006,0.8580096808220345,2.77231230753562,0.05793881416320801,0,0,1784980667.0339746,0.4006530471305153,0.8442794856495474,2.733024497016339,1784980667.0340152,-0.014973442295402633,0.006126481753092743,-0.04390535525413197,-0.019022638180025423,0.007360255085157232,-0.039287810519280875,1784980667.0340567,0.09012244598418273,0.09660302323001999,1784980667.0341277,17184.61328125,nan,nan,59.03398895263672,nan
14.603233575820923,1784980667.0780184,BSMC,circle,circle_dist_bsmc_30cm_yawfree_p01,1784980667.0755563,0.3832000961557684,0.8577299009876959,2.7817833464051662,0.09271744733465521,0.09142921524023091,1784980667.0598993,0.3774784376176192,0.8614566326290471,2.7807133234074657,0.018119096755981445,0,0,1784980667.0742445,0.3966784221942311,0.845990018316057,2.7373515739282652,1784980667.074289,-0.010650137913534849,0.005945914289103044,-0.039578278342205835,-0.02342446617460366,0.007690900498886716,-0.04336174947920046,1784980667.074335,0.09527370957157068,0.0981626669844288,1784980667.0341277,17184.61328125,nan,nan,59.03398895263672,nan
14.643609285354614,1784980667.1183941,BSMC,circle,circle_dist_bsmc_30cm_yawfree_p01,1784980667.0755563,0.3832000961557684,0.8577299009876959,2.7817833464051662,0.09271744733465521,0.09142921524023091,1784980667.0598993,0.3774784376176192,0.8614566326290471,2.7807133234074657,0.05849480628967285,0,0,1784980667.113807,0.39272702818249783,0.8476704035325601,2.7416454343637513,1784980667.1138465,-0.012458771626133909,0.006060934949300082,-0.040137912041414925,-0.019134255426060752,0.0075139800509715065,-0.039067889043714395,1784980667.1138904,0.09312445295176568,0.097391498051269,1784980667.0796564,17184.658203125,nan,nan,46.24728012084961,nan
14.683324098587036,1784980667.158109,BSMC,circle,circle_dist_bsmc_30cm_yawfree_p01,1784980667.1256297,0.3788480527613367,0.8593635209803053,2.7865135213662557,0.09276032633988397,0.09194032442354264,1784980667.0598993,0.3774784376176192,0.8614566326290471,2.7807133234074657,0.09820961952209473,0,0,1784980667.1539602,0.38873388428152156,0.8493482453940994,2.745976759894757,1784980667.154,-0.01275109967120702,0.005953559194975534,-0.04053676147149864,-0.0148058820877192,0.0073541808952427455,-0.034736563512708596,1784980667.1540444,0.09277572247286689,0.0967647063705997,1784980667.1268256,17184.705078125,nan,nan,47.00282669067383,nan
14.723531484603882,1784980667.1983163,BSMC,circle,circle_dist_bsmc_30cm_yawfree_p01,1784980667.1752915,0.3745302246357901,0.8609590067385832,2.791442503242642,0.09273057653076178,0.09306810378206072,1784980667.1807225,0.36600360334768767,0.8659353782031598,2.7894727252677813,0.017593860626220703,0,0,1784980667.1944885,0.3846918310006725,0.8510259700815722,2.7503531722864194,1784980667.1945267,-0.01295242992658149,0.005844486302605031,-0.0410893309562228,-0.02268366933061686,0.0075492681132068055,-0.03911955298136193,1784980667.1945653,0.09253430851513991,0.09559833442134978,1784980667.17537,17184.75390625,nan,nan,47.834590911865234,nan
14.763308048248291,1784980667.238093,BSMC,circle,circle_dist_bsmc_30cm_yawfree_p01,1784980667.2255158,0.36879471779396933,0.8633303297866605,2.795449063172612,0.09316818428965538,0.0922642047814958,1784980667.1807225,0.36600360334768767,0.8659353782031598,2.7894727252677813,0.05737042427062988,0,0,1784980667.2337537,0.38077250400755835,0.852633005167005,2.7545891742548037,1784980667.2337916,-0.014896670488519306,0.00599911034681042,-0.04085988891780845,-0.018450569982901562,0.0073925653463597085,-0.03488355101297769,1784980667.2338328,0.09022751002421603,0.09664739012424896,1784980667.2257488,17184.8046875,nan,nan,50.95911407470703,nan
14.803464651107788,1784980667.2782495,BSMC,circle,circle_dist_bsmc_30cm_yawfree_p01,1784980667.2753701,0.36358945087347494,0.8654507316900408,2.798570431010186,0.09214129017836584,0.0882745125047243,1784980667.2713957,0.3586600404285347,0.8686349846928716,2.7972719807842084,0.006853818893432617,0,0,1784980667.2737901,0.3767596258527557,0.8542583582839237,2.7589187230905576,1784980667.2738314,-0.010570365969834846,0.005831619894604333,-0.03653034008205447,-0.021890165135205253,0.007423142850880206,-0.03835325769365072,1784980667.2738729,0.09538092245673273,0.09821741379129059,1784980667.27542,17184.853515625,nan,nan,49.94711685180664,nan
14.843359231948853,1784980667.318144,BSMC,circle,circle_dist_bsmc_30cm_yawfree_p01,1784980667.2753701,0.36358945087347494,0.8654507316900408,2.798570431010186,0.09214129017836584,0.0882745125047243,1784980667.2713957,0.3586600404285347,0.8686349846928716,2.7972719807842084,0.04674839973449707,0,0,1784980667.3142753,0.37271715999517463,0.8558753006669155,2.763272579177289,1784980667.3143215,-0.011816501989717567,0.00594762421610436,-0.03529785183289702,-0.01753916117848576,0.007265670795470091,-0.03399940160691939,1784980667.3143625,0.09390653845296883,0.10097279890825375,1784980667.27542,17184.853515625,nan,nan,49.94711685180664,nan
14.883353233337402,1784980667.358138,BSMC,circle,circle_dist_bsmc_30cm_yawfree_p01,1784980667.3262618,0.35909669655019927,0.8670522112187682,2.8033721239799547,0.09275122373873548,0.08932412247549473,1784980667.2713957,0.3586600404285347,0.8686349846928716,2.7972719807842084,0.08674240112304688,0,0,1784980667.3546538,0.3686529991480577,0.8574803935050889,2.7676422195276307,1784980667.3546934,-0.012190920483541201,0.00585867488854919,-0.03572990445232404,-0.013171735520407827,0.007126676077743215,-0.02962976125657768,1784980667.3547387,0.09346044691181078,0.10033625737115452,1784980667.3303938,17184.91015625,nan,nan,54.89979934692383,nan
14.923454999923706,1784980667.3982399,BSMC,circle,circle_dist_bsmc_30cm_yawfree_p01,1784980667.3756206,0.3546608194679807,0.8686035566780215,2.8084061513369676,0.09358689344099036,0.09128937993767434,1784980667.3816955,0.3475884988397916,0.8728132248063616,2.806241156729873,0.016544342041015625,0,0,1784980667.393788,0.3647069073524779,0.8590192628820527,2.7718777580102967,1784980667.3938313,-0.012628203322212123,0.005771572593614153,-0.0365283933266709,-0.02070443039581375,0.007391877810231945,-0.03436339871957639,1784980667.393874,0.092938277198037,0.09905249637940183,1784980667.376907,17184.955078125,nan,nan,45.254798889160156,nan
14.96320915222168,1784980667.437994,BSMC,circle,circle_dist_bsmc_30cm_yawfree_p01,1784980667.4253232,0.3491043535744566,0.8707850381016495,2.812585875280528,0.09443020040194008,0.09166801947523777,1784980667.3816955,0.3475884988397916,0.8728132248063616,2.806241156729873,0.05629849433898926,0,0,1784980667.4333313,0.3607150855038679,0.8605564226473034,2.7761553191980406,1784980667.433372,-0.014292874283410082,0.0059285255138334355,-0.03643055608248735,-0.016429093240795688,0.007254058994869095,-0.030085837531832475,1784980667.4334102,0.09096269813914679,0.09951274700348081,1784980667.4265213,17185.00390625,nan,nan,49.78062438964844,nan
15.003273248672485,1784980667.478058,BSMC,circle,circle_dist_bsmc_30cm_yawfree_p01,1784980667.4755507,0.3437356460775287,0.8728515629323906,2.815615361357145,0.09470146922158663,0.09052398872904244,1784980667.4597607,0.34042716890140756,0.8751826953048291,2.807311991862195,0.018297433853149414,0,0,1784980667.4738264,0.35663308972906504,0.8621080801732985,2.780522281630902,1784980667.4738667,-0.009928475990648875,0.005778999176257939,-0.032063593649625854,-0.019598514391847278,0.0070338939672491985,-0.02678971023129284,1784980667.4739077,0.09615938775711248,0.10111049523206025,1784980667.4775887,17185.056640625,nan,nan,52.27959442138672,nan
15.04353666305542,1784980667.5183215,BSMC,circle,circle_dist_bsmc_30cm_yawfree_p01,1784980667.4755507,0.3437356460775287,0.8728515629323906,2.815615361357145,0.09470146922158663,0.09052398872904244,1784980667.4597607,0.34042716890140756,0.8751826953048291,2.807311991862195,0.058560848236083984,0,0,1784980667.514262,0.3525924683821997,0.8636239671717965,2.7848379001459165,1784980667.514306,-0.011345403199957365,0.00590539169639495,-0.03077746121122837,-0.015284208367431844,0.006927602910938778,-0.022474091716278455,1784980667.5143573,0.09448185882490784,0.1027346834388347,1784980667.4775887,17185.056640625,nan,nan,52.27959442138672,nan
15.083455085754395,1784980667.55824,BSMC,circle,circle_dist_bsmc_30cm_yawfree_p01,1784980667.5256746,0.33931121947121057,0.8743408964209488,2.8205980589716164,0.0941329112762812,0.09202463045440369,1784980667.4597607,0.34042716890140756,0.8751826953048291,2.807311991862195,0.0984792709350586,0,0,1784980667.554407,0.348486689937781,0.8651439724433297,2.789216011985211,1784980667.5544443,-0.011608532710643696,0.0058322068926715594,-0.03138204698640523,-0.010907000751747813,0.006838798916996123,-0.018095979876983748,1784980667.554487,0.09416749506170861,0.10089612281515857,1784980667.528376,17185.107421875,nan,nan,50.68220901489258,nan
15.123364686965942,1784980667.5981495,BSMC,circle,circle_dist_bsmc_30cm_yawfree_p01,1784980667.5759568,0.33494984748145185,0.8757862461460688,2.8254056618449463,0.09319739608808089,0.09259744793989015,1784980667.5836353,0.3285911156474821,0.8797333390529457,2.824925291654331,0.01451420783996582,0,0,1784980667.5943477,0.3444341319728559,0.8666242793161788,2.7935304717859313,1784980667.5943935,-0.011862995468829936,0.005758700114818655,-0.03187519005901507,-0.019137456543375578,0.007523720523690012,-0.031394819868399544,1784980667.5944417,0.09386376352571711,0.09954188254263016,1784980667.577184,17185.15625,nan,nan,48.25743865966797,nan
15.16382908821106,1784980667.638614,BSMC,circle,circle_dist_bsmc_30cm_yawfree_p01,1784980667.6253276,0.3296010416880102,0.877798736236756,2.829831418343778,0.09356778404572282,0.09288555973141237,1784980667.5836353,0.3285911156474821,0.8797333390529457,2.824925291654331,0.05497860908508301,0,0,1784980667.6333728,0.34044341922491095,0.8680626743406121,2.797772499068646,1784980667.6334069,-0.013306113988150733,0.00594099170446935,-0.032058919275131714,-0.014897249924895791,0.00739955806750869,-0.027152792585684704,1784980667.6334462,0.09215014763686752,0.09965625636159423,1784980667.6320019,17185.2109375,nan,nan,55.302406311035156,nan
15.203205108642578,1784980667.67799,BSMC,circle,circle_dist_bsmc_30cm_yawfree_p01,1784980667.675407,0.32394042820422425,0.879850923742954,2.834453972109266,0.095658431495806,0.0937591287471355,1784980667.659998,0.3203048242934194,0.8824769947540223,2.831528250511778,0.017992019653320312,0,0,1784980667.673764,0.3363512475607279,0.8695178211293291,2.8021156949838684,1784980667.6738055,-0.008964861124814556,0.005811204638736454,-0.02771572335990946,-0.019235334917796228,0.007445117279719177,-0.029412555527909667,1784980667.67385,0.09731723178874671,0.10125869076810583,1784980667.6756678,17185.25390625,nan,nan,43.795230865478516,nan
15.243229627609253,1784980667.7180145,BSMC,circle,circle_dist_bsmc_30cm_yawfree_p01,1784980667.675407,0.32394042820422425,0.879850923742954,2.834453972109266,0.095658431495806,0.0937591287471355,1784980667.659998,0.3203048242934194,0.8824769947540223,2.831528250511778,0.05801653861999512,0,0,1784980667.7142441,0.3322266539640051,0.8709642847422765,2.806486571296124,1784980667.7142828,-0.01058517088804612,0.005965571836905451,-0.02796740081314164,-0.014866082083586342,0.0073261257150749656,-0.025041679215653815,1784980667.7143223,0.09539316743146571,0.10210424540921023,1784980667.6756678,17185.25390625,nan,nan,43.795230865478516,nan
15.283775806427002,1784980667.7585607,BSMC,circle,circle_dist_bsmc_30cm_yawfree_p01,1784980667.7256823,0.3194529395010364,0.8812829060791084,2.8382430360556796,0.09496614326152468,0.09066790025474739,1784980667.659998,0.3203048242934194,0.8824769947540223,2.831528250511778,0.09856271743774414,0,0,1784980667.7535188,0.3282143530794147,0.8723519856737997,2.8107320747217224,1784980667.7535608,-0.011029210038260746,0.0059059489592511545,-0.027510961333957248,-0.010621696829924898,0.0072288319211503745,-0.020796175790055656,1784980667.7536001,0.0948674602005885,0.10396352914306102,1784980667.72741,17185.306640625,nan,nan,51.73143768310547,nan
15.323447465896606,1784980667.7982323,BSMC,circle,circle_dist_bsmc_30cm_yawfree_p01,1784980667.7754068,0.31486579832959727,0.8827212402049491,2.842471297623344,0.09558623654630483,0.0898018600002023,1784980667.7818894,0.30887171850411577,0.886358292111788,2.847658635926429,0.016342878341674805,0,0,1784980667.7938766,0.3240981068541313,0.8737558619716109,2.8150811414560364,1784980667.7939155,-0.011464278903372154,0.005846694517818997,-0.027390156167307556,-0.018224524652696722,0.007650545654185807,-0.03257749447039249,1784980667.793956,0.0943513915590106,0.10503396444450186,1784980667.7802734,17185.357421875,nan,nan,51.81189727783203,nan
15.363666534423828,1784980667.8384514,BSMC,circle,circle_dist_bsmc_30cm_yawfree_p01,1784980667.8253927,0.3091728223072849,0.8846900084468453,2.848287596269521,0.09741134741672627,0.09203061853044614,1784980667.7818894,0.30887171850411577,0.886358292111788,2.847658635926429,0.056561946868896484,0,0,1784980667.833594,0.32001922042916353,0.8751273267694308,2.819384426101117,1784980667.8336291,-0.01314792763172488,0.00601840776890173,-0.028903170168403935,-0.013923235017993713,0.0075196348530951985,-0.028274209825311925,1784980667.8336678,0.09234830180625124,0.10417581295825251,1784980667.8362513,17185.416015625,nan,nan,57.032047271728516,nan
15.403600692749023,1784980667.8783855,BSMC,circle,circle_dist_bsmc_30cm_yawfree_p01,1784980667.8757167,0.3036245006672803,0.8865492439452066,2.85332948624656,0.09860404725541166,0.0929868682419528,1784980667.8602583,0.3013093011911358,0.8885394764989009,2.8528001625623394,0.0181272029876709,0,0,1784980667.8735998,0.31592361018064063,0.8764847998361314,2.8236991433939025,1784980667.8736396,-0.008834756834227856,0.00590302100084741,-0.024588452875618394,-0.017442218828605745,0.007393392930155434,-0.02910101916843688,1784980667.8736851,0.09748049731383007,0.10577726844483418,1784980667.876758,17185.455078125,nan,nan,40.044742584228516,nan
15.443264245986938,1784980667.918049,BSMC,circle,circle_dist_bsmc_30cm_yawfree_p01,1784980667.8757167,0.3036245006672803,0.8865492439452066,2.85332948624656,0.09860404725541166,0.0929868682419528,1784980667.8602583,0.3013093011911358,0.8885394764989009,2.8528001625623394,0.05779075622558594,0,0,1784980667.913819,0.31180118990067274,0.8778313956059277,2.8280359277566953,1784980667.9138575,-0.010317686704514606,0.006033611485141078,-0.025293558489864587,-0.013107010646867118,0.007276606146183617,-0.024764234805644048,1784980667.9139013,0.09571836046208503,0.10571637249298624,1784980667.876758,17185.455078125,nan,nan,40.044742584228516,nan
15.483399152755737,1784980667.958184,BSMC,circle,circle_dist_bsmc_30cm_yawfree_p01,1784980667.9256384,0.2991051540979389,0.8878918312998483,2.8575523943923216,0.09713706391969293,0.09158871130059733,1784980667.8602583,0.3013093011911358,0.8885394764989009,2.8528001625623394,0.09792566299438477,0,0,1784980667.9538338,0.3076894757772384,0.8791548270258244,2.832355382903485,1784980667.9538767,-0.010688782625442445,0.0059812831703608856,-0.025197011488836466,-0.008788662352685587,0.007178975381776357,-0.020444779658854273,1784980667.95392,0.09527813281049152,0.10569502708937673,1784980667.9274404,17185.505859375,nan,nan,51.18115997314453,nan
15.523250341415405,1784980667.9980352,BSMC,circle,circle_dist_bsmc_30cm_yawfree_p01,1784980667.9754574,0.2948855154950102,0.8891262127017988,2.861591619408787,0.09409676208358361,0.08995111709752525,1784980667.9820423,0.2898496013341684,0.8922163569449477,2.8646927065371135,0.01599287986755371,0,0,1784980667.993844,0.3035629466578579,0.8804633614151789,2.8366844167551086,1784980667.9938788,-0.010733526425373221,0.005927412122998321,-0.024907202653678517,-0.01640394539559518,0.00755640915699071,-0.02800828978200487,1784980667.9939182,0.09522580595272667,0.10480046309810337,1784980667.9775503,17185.556640625,nan,nan,49.49136734008789,nan
15.563316583633423,1784980668.0381014,BSMC,circle,circle_dist_bsmc_30cm_yawfree_p01,1784980668.0256207,0.2898233868249617,0.8907879694517118,2.8667060373656557,0.09251161862010704,0.09082692759474163,1784980667.9820423,0.2898496013341684,0.8922163569449477,2.8646927065371135,0.05605912208557129,0,0,1784980668.033294,0.2994858094866175,0.8817369640084832,2.840955849631696,1784980668.0333319,-0.011756441588603174,0.0060884474539568915,-0.025750187733959873,-0.012133945312714245,0.007445908609579369,-0.023736856905417714,1784980668.0333717,0.09400929991568541,0.10280534091051326,1784980668.0294163,17185.607421875,nan,nan,52.42471694946289,nan
15.603407144546509,1784980668.078192,BSMC,circle,circle_dist_bsmc_30cm_yawfree_p01,1784980668.0753512,0.28465615107834114,0.8924374826135508,2.8723871380850605,0.09324235079157442,0.09306786189273308,1784980668.064303,0.2822157545836728,0.8945781529074744,2.874325259871809,0.013889074325561523,0,0,1784980668.07383,0.29532020262122494,0.8830185010092204,2.845314134581952,1784980668.0738773,-0.007399370749534819,0.005985727715812563,-0.02139190278370373,-0.015692057442375087,0.007688396686105123,-0.029011125289857276,1784980668.0739248,0.09919223673337914,0.10443302891006077,1784980668.0773406,17185.65625,nan,nan,47.87976837158203,nan
15.643344163894653,1784980668.118129,BSMC,circle,circle_dist_bsmc_30cm_yawfree_p01,1784980668.0753512,0.28465615107834114,0.8924374826135508,2.8723871380850605,0.09324235079157442,0.09306786189273308,1784980668.064303,0.2822157545836728,0.8945781529074744,2.874325259871809,0.053826093673706055,0,0,1784980668.1140964,0.29115556022199485,0.8842799146244142,2.849665621741681,1784980668.114138,-0.008434949600222466,0.006135133246776489,-0.022721516343379378,-0.011342140455607903,0.007571636974322241,-0.02465963813012806,1784980668.1141849,0.09795983758944207,0.10294358290986329,1784980668.0773406,17185.65625,nan,nan,47.87976837158203,nan
15.683817386627197,1784980668.1586022,BSMC,circle,circle_dist_bsmc_30cm_yawfree_p01,1784980668.1254048,0.27994812187270735,0.8937321785137093,2.8775034702022224,0.09481766438605688,0.09461342686756559,1784980668.064303,0.2822157545836728,0.8945781529074744,2.874325259871809,0.09429931640625,0,0,1784980668.1540399,0.28702413537009275,0.8855117563749716,2.8539767856439635,1784980668.1540813,-0.008976470641860837,0.006088372686526393,-0.023526684558258903,-0.007032071501922737,0.007474626563490526,-0.020348474227845692,1784980668.1541245,0.09731504146287981,0.10258050982272092,1784980668.1374176,17185.716796875,nan,nan,60.01039123535156,nan
15.724165678024292,1784980668.1989505,BSMC,circle,circle_dist_bsmc_30cm_yawfree_p01,1784980668.17525,0.2752843756889264,0.8949971769648469,2.881647148540962,0.09556633056488228,0.09278382766332703,1784980668.182361,0.26969557977425307,0.8977777418195829,2.8889917808720638,0.016589641571044922,0,0,1784980668.194444,0.28282953703538627,0.8867426307023893,2.8583482541879697,1784980668.194482,-0.009413322595791387,0.006037909526543777,-0.02329889435299215,-0.015475089640002063,0.007402439553281305,-0.03064352668409409,1784980668.194522,0.09679707412698701,0.10440602947852111,1784980668.1374176,17185.716796875,nan,nan,60.01039123535156,nan
15.7636079788208,1784980668.2383928,BSMC,circle,circle_dist_bsmc_30cm_yawfree_p01,1784980668.2256901,0.2694024646206982,0.8966900470870343,2.888230498723319,0.09904462575937785,0.09590998521486649,1784980668.182361,0.26969557977425307,0.8977777418195829,2.8889917808720638,0.05603194236755371,0,0,1784980668.2334974,0.27875720467486775,0.8879186094406856,2.8625869855722472,1784980668.2335408,-0.011254741468001898,0.006146549792632064,-0.02564351315107194,-0.011238085685473784,0.007281549782155682,-0.02640479529981654,1784980668.2335787,0.09460511397594505,0.10372630319250624,1784980668.2303152,17185.80859375,nan,nan,28.903108596801758,nan
15.80353307723999,1784980668.278318,BSMC,circle,circle_dist_bsmc_30cm_yawfree_p01,1784980668.2761497,0.26386170813378207,0.8982636900167216,2.894799685880391,0.10099114983078507,0.09962738119360205,1784980668.274514,0.2618151365188126,0.8999255006843487,2.8980431049181306,0.0038039684295654297,0,0,1784980668.274168,0.2745555841040972,0.8891123585912574,2.8669549007257507,1784980668.2742076,-0.006888031673357222,0.006044089924549703,-0.021275597997568507,-0.014972030711287845,0.007421680603409296,-0.0310882041923799,1784980668.2742503,0.0997994641679412,0.10535797549754462,1784980668.2303152,17185.80859375,nan,nan,28.903108596801758,nan
15.843480587005615,1784980668.3182654,BSMC,circle,circle_dist_bsmc_30cm_yawfree_p01,1784980668.2761497,0.26386170813378207,0.8982636900167216,2.894799685880391,0.10099114983078507,0.09962738119360205,1784980668.274514,0.2618151365188126,0.8999255006843487,2.8980431049181306,0.04375147819519043,0,0,1784980668.3143208,0.27041836854621926,0.8902684645861791,2.871250615104108,1784980668.314363,-0.008311195773284038,0.006151215348803755,-0.0235490707762831,-0.010678118433114826,0.007297378587350355,-0.026792489814022602,1784980668.3144104,0.0981046658293365,0.10330554536695262,1784980668.2794085,17185.857421875,nan,nan,48.580055236816406,nan
15.883256435394287,1784980668.3580413,BSMC,circle,circle_dist_bsmc_30cm_yawfree_p01,1784980668.3257494,0.2591206365163991,0.8994518791591121,2.900067102965508,0.10014830628573268,0.10075468989934948,1784980668.274514,0.2618151365188126,0.8999255006843487,2.8980431049181306,0.0835273265838623,0,0,1784980668.3536792,0.26628782667506967,0.891403626034388,2.875534304603009,1784980668.3537362,-0.008884171634406501,0.006100367816827195,-0.024532798362498998,-0.006395733643727036,0.007191793652630714,-0.02250880031512148,1784980668.3537862,0.09742198955741985,0.101571932757713,1784980668.327559,17185.90625,nan,nan,48.59690475463867,nan
15.923567295074463,1784980668.3983521,BSMC,circle,circle_dist_bsmc_30cm_yawfree_p01,1784980668.375277,0.2546528866392221,0.9005510137028803,2.904828594946859,0.09764235980773413,0.10003433312673593,1784980668.3851595,0.24999418731898526,0.9027899263144239,2.908956908473277,0.01319265365600586,0,0,1784980668.394036,0.2620692622762395,0.8925433698905225,2.879904125197797,1784980668.3940742,-0.009087732656535593,0.006044675522993213,-0.02492446974906226,-0.014112070597554914,0.007186711154702759,-0.02905278327548011,1784980668.3941498,0.09717931669693929,0.10018602737764115,1784980668.3794184,17185.958984375,nan,nan,51.681640625,nan
15.963648080825806,1784980668.438433,BSMC,circle,circle_dist_bsmc_30cm_yawfree_p01,1784980668.425595,0.2495775880697403,0.9019068548580974,2.9102709773806583,0.09523145705140379,0.09989192231664858,1784980668.3851595,0.24999418731898526,0.9027899263144239,2.908956908473277,0.05327343940734863,0,0,1784980668.4332504,0.2579554219768603,0.8936358034706852,2.884160546286969,1784980668.433284,-0.010050939812945279,0.006130008230423061,-0.026110431093689268,-0.009857195436343048,0.007072122768005898,-0.024796362186307878,1784980668.4333222,0.096032721784496,0.09829702921417177,1784980668.4289992,17186.0078125,nan,nan,49.2174072265625,nan
16.003613233566284,1784980668.478398,BSMC,circle,circle_dist_bsmc_30cm_yawfree_p01,1784980668.4756024,0.24451344839767217,0.903225107275102,2.915556371639096,0.09311108183455791,0.09980350345480082,1784980668.4614189,0.24183046333279878,0.9047983980941211,2.916230410566666,0.016979217529296875,0,0,1784980668.4738858,0.2537259614228854,0.894739430910689,2.8885316285928773,1784980668.4739244,-0.0056811119307198284,0.006025440627008194,-0.021739348787781054,-0.013842470672591176,0.00714644675954925,-0.027698781973788833,1784980668.4739647,0.1012310007818664,0.09992845298715802,1784980668.4289992,17186.0078125,nan,nan,49.2174072265625,nan
16.043561458587646,1784980668.5183463,BSMC,circle,circle_dist_bsmc_30cm_yawfree_p01,1784980668.4756024,0.24451344839767217,0.903225107275102,2.915556371639096,0.09311108183455791,0.09980350345480082,1784980668.4614189,0.24183046333279878,0.9047983980941211,2.916230410566666,0.05692744255065918,0,0,1784980668.5137172,0.24956661261570912,0.8958055380169687,2.8928254375299502,1784980668.5137594,-0.006587470939138985,0.006098336102305638,-0.02273093410914573,-0.009550066667268169,0.007036743902221306,-0.023404973036715848,1784980668.513805,0.10015277164686917,0.09826065356242768,1784980668.47871,17186.056640625,nan,nan,49.85054016113281,nan
16.083449840545654,1784980668.5582347,BSMC,circle,circle_dist_bsmc_30cm_yawfree_p01,1784980668.5253716,0.24020299061440512,0.9042138297499778,2.920458760429664,0.09156511442661455,0.09958363205917366,1784980668.4614189,0.24183046333279878,0.9047983980941211,2.916230410566666,0.09681582450866699,0,0,1784980668.5540667,0.24533134584246763,0.8968715794642979,2.897192811950116,1784980668.5541017,-0.006613896708870328,0.006038628729037513,-0.023265948479548104,-0.0051836790885661475,0.006944069631230684,-0.019037598616550078,1784980668.554142,0.1001200754897267,0.09710459416621953,1784980668.5286355,17186.107421875,nan,nan,50.29376983642578,nan
16.123555660247803,1784980668.5983405,BSMC,circle,circle_dist_bsmc_30cm_yawfree_p01,1784980668.5757887,0.23561075071465437,0.9052420747207173,2.925729180427297,0.09217340075284369,0.10036406282798847,1784980668.5821273,0.22860514780425711,0.9077786494679074,2.927666728802583,0.016213178634643555,0,0,1784980668.5936017,0.24119143131486387,0.8978946411636681,2.9014572667917298,1784980668.593642,-0.0070249168174784295,0.005981581692522069,-0.024271913635567355,-0.014397733741830548,0.006986659850529228,-0.02620946201085328,1784980668.5936813,0.09962961250669108,0.09656465758207568,1784980668.5786443,17186.158203125,nan,nan,49.975250244140625,nan
16.163329362869263,1784980668.6381142,BSMC,circle,circle_dist_bsmc_30cm_yawfree_p01,1784980668.6270409,0.22967821228472188,0.9066814657203668,2.9306751574738787,0.09429764102848963,0.09910186903639026,1784980668.5821273,0.22860514780425711,0.9077786494679074,2.927666728802583,0.055986881256103516,0,0,1784980668.6334052,0.23699423964618238,0.8989127643450621,2.905776181205182,1784980668.6334386,-0.008780331840352273,0.00606487841474141,-0.02489897626869686,-0.010080071659850462,0.006882800031675142,-0.021890547597401167,1784980668.633476,0.09754427004799907,0.09851027459389307,1784980668.6294312,17186.208984375,nan,nan,50.828922271728516,nan
16.203243494033813,1784980668.6780283,BSMC,circle,circle_dist_bsmc_30cm_yawfree_p01,1784980668.6757255,0.2235228954371243,0.9080866572924368,2.9368159545772263,0.09971565953933435,0.10188584329931934,1784980668.6607444,0.2199664861143771,0.9095737074717665,2.9380321468341046,0.017283916473388672,0,0,1784980668.6736512,0.23279349194347831,0.8999125617264292,2.9100942716440246,1784980668.6736894,-0.004463361159232579,0.005966693874639448,-0.02058088582985418,-0.014515240701802342,0.006868595418365059,-0.027937875190080067,1784980668.673731,0.10267911817681916,0.10012533468337902,1784980668.6294312,17186.208984375,nan,nan,50.828922271728516,nan
16.24344563484192,1784980668.7182305,BSMC,circle,circle_dist_bsmc_30cm_yawfree_p01,1784980668.6757255,0.2235228954371243,0.9080866572924368,2.9368159545772263,0.09971565953933435,0.10188584329931934,1784980668.6607444,0.2199664861143771,0.9095737074717665,2.9380321468341046,0.05748605728149414,0,0,1784980668.7135906,0.22858071412961478,0.9008960026566408,2.9144203185876894,1784980668.7136278,-0.006414351783785786,0.006011916101480767,-0.022395635989536977,-0.010190634040283399,0.006757104632457425,-0.02361182824641528,1784980668.7136676,0.10035908108106437,0.10118650231089447,1784980668.6784656,17186.2578125,nan,nan,49.061214447021484,nan
16.28314781188965,1784980668.7579327,BSMC,circle,circle_dist_bsmc_30cm_yawfree_p01,1784980668.7256806,0.2180673632928785,0.9092110253138315,2.9429964958110326,0.1039870173803275,0.10556430268734104,1784980668.6607444,0.2199664861143771,0.9095737074717665,2.9380321468341046,0.09718823432922363,0,0,1784980668.7537563,0.22433788050871906,0.901867065195826,2.9187728614648867,1784980668.7537885,-0.007596181097649289,0.005962480113234968,-0.02422363434614594,-0.005839094519666677,0.006663812670730997,-0.01925928536921795,1784980668.7538254,0.09895164822559148,0.10080861686763196,1784980668.7334647,17186.3125,nan,nan,54.949119567871094,nan
16.323487520217896,1784980668.7982724,BSMC,circle,circle_dist_bsmc_30cm_yawfree_p01,1784980668.7759817,0.21276285791751273,0.9102696035912929,2.9487870566351586,0.10523035675847649,0.10707771672504345,1784980668.7821078,0.2084349715087031,0.9120274497226485,2.948374220436397,0.016164541244506836,0,0,1784980668.7936933,0.2201444777524152,0.9028077463376764,2.923070481284528,1784980668.7937307,-0.008674632942101801,0.0059091766245542325,-0.025716575350630766,-0.013261960730449442,0.0067996959169080405,-0.02530373915186912,1784980668.7937703,0.09766750018448354,0.09999547329277339,1784980668.779369,17186.357421875,nan,nan,45.937652587890625,nan
16.36369228363037,1784980668.8384771,BSMC,circle,circle_dist_bsmc_30cm_yawfree_p01,1784980668.8257024,0.20702312228507616,0.911516022389798,2.954436203881784,0.10531774387845648,0.1088472284369722,1784980668.7821078,0.2084349715087031,0.9120274497226485,2.948374220436397,0.05636930465698242,0,0,1784980668.8336718,0.21591785946963393,0.9037367520953963,2.927397995932965,1784980668.833709,-0.010186866818890394,0.00598841717901365,-0.02703820794881917,-0.00893560800901389,0.006699566321159586,-0.02097622450343195,1784980668.8337488,0.09586871399775809,0.09853328498962434,1784980668.834483,17186.4140625,nan,nan,55.23170471191406,nan
16.403391122817993,1784980668.878176,BSMC,circle,circle_dist_bsmc_30cm_yawfree_p01,1784980668.8753798,0.2018160430122059,0.9126076535266002,2.959680241479422,0.1028747617362678,0.10912147176647817,1784980668.8611891,0.20101933684116383,0.9134605136220842,2.956862325370277,0.016986846923828125,0,0,1784980668.873849,0.21168524575098635,0.9046478876031818,2.9317275705179258,1784980668.8738866,-0.005858634871324169,0.0058807370373978,-0.02270863336385842,-0.012103153200871915,0.006703556728923197,-0.025134754852351282,1784980668.8739269,0.1010179547748137,0.10014610884445392,1784980668.834483,17186.4140625,nan,nan,55.23170471191406,nan
16.44327712059021,1784980668.918062,BSMC,circle,circle_dist_bsmc_30cm_yawfree_p01,1784980668.8753798,0.2018160430122059,0.9126076535266002,2.959680241479422,0.1028747617362678,0.10912147176647817,1784980668.8611891,0.20101933684116383,0.9134605136220842,2.956862325370277,0.05687284469604492,0,0,1784980668.9135773,0.2074877979345633,0.9055325428840012,2.9360172338327453,1784980668.9136178,-0.006858131858310205,0.005932286398879764,-0.023663007646676615,-0.007814626746176084,0.006604946461453946,-0.02084509153753178,1784980668.9136631,0.09982916224677875,0.09818524906059849,1784980668.8802404,17186.458984375,nan,nan,45.741294860839844,nan
16.48323106765747,1784980668.958016,BSMC,circle,circle_dist_bsmc_30cm_yawfree_p01,1784980668.925531,0.19711981029801018,0.9134617874201513,2.965455639487477,0.10006632072152591,0.11014477472025457,1784980668.8611891,0.20101933684116383,0.9134605136220842,2.956862325370277,0.09682679176330566,0,0,1784980668.9539702,0.20321703608552,0.9064133750667767,2.9403778877100035,1784980668.954009,-0.007237966031676781,0.0058709562024743134,-0.025077751777473622,-0.0034547358692195557,0.006523560673456957,-0.01648443766027352,1784980668.9540503,0.09937457584389728,0.0953311138930461,1784980668.9358435,17186.515625,nan,nan,55.55381774902344,nan
16.523289442062378,1784980668.9980743,BSMC,circle,circle_dist_bsmc_30cm_yawfree_p01,1784980668.9754095,0.19248134607868003,0.9142785896977341,2.9710651022244954,0.09807946753810445,0.11050921034637648,1784980668.9818223,0.1873737102472477,0.915911391900955,2.972839648278031,0.01625204086303711,0,0,1784980668.9937537,0.19901471901827283,0.9072611644962247,2.9446648731073424,1784980668.9938023,-0.007629481831617743,0.005806911864975851,-0.026400229117153007,-0.01292848125649116,0.006572206004165448,-0.02817477517068845,1784980668.9938517,0.09890617075852276,0.0933698446036863,1784980668.9821904,17186.55859375,nan,nan,44.541053771972656,nan
16.563814401626587,1784980669.0385993,BSMC,circle,circle_dist_bsmc_30cm_yawfree_p01,1784980669.0254548,0.18702083200464584,0.9153163444775783,2.9767420653589776,0.09732022415208168,0.11053195243582087,1784980668.9818223,0.1873737102472477,0.915911391900955,2.972839648278031,0.056777000427246094,0,0,1784980669.0338576,0.19474921226662956,0.908102553399388,2.9490125751337097,1784980669.0338976,-0.008807424526394448,0.005847727456496518,-0.02772949022526783,-0.008582252198196957,0.0064591745593385414,-0.023827073144321087,1784980669.0339398,0.09750406781778419,0.0923970933891974,1784980669.0300531,17186.609375,nan,nan,49.441307067871094,nan
16.603437423706055,1784980669.0782223,BSMC,circle,circle_dist_bsmc_30cm_yawfree_p01,1784980669.0753424,0.1814693665097589,0.9163679937307578,2.981946096975282,0.09744603277308916,0.11039841104671685,1784980669.0616317,0.17867169512095515,0.9176182020838421,2.9790613373298536,0.016590595245361328,0,0,1784980669.0744195,0.19047009644035373,0.9089272924196484,2.9533704480966616,1784980669.0744658,-0.004450977410129558,0.005736393591874001,-0.023371617262315958,-0.013049242386264995,0.006667192634780176,-0.025690889233191957,1784980669.0745134,0.10268719460216987,0.09401848891675291,1784980669.0300531,17186.609375,nan,nan,49.441307067871094,nan
16.643699884414673,1784980669.1184847,BSMC,circle,circle_dist_bsmc_30cm_yawfree_p01,1784980669.0753424,0.1814693665097589,0.9163679937307578,2.981946096975282,0.09744603277308916,0.11039841104671685,1784980669.0616317,0.17867169512095515,0.9176182020838421,2.9790613373298536,0.05685305595397949,0,0,1784980669.1147094,0.18624661373583629,0.9097223673685317,2.9576681194147154,1784980669.1147575,-0.005772947869382124,0.005801681971874623,-0.024277977560566377,-0.008752765265207638,0.006566026049731178,-0.021393217915138152,1784980669.11481,0.10111568375188616,0.09383705967875129,1784980669.0811348,17186.66015625,nan,nan,51.32325744628906,nan
16.683311939239502,1784980669.1580968,BSMC,circle,circle_dist_bsmc_30cm_yawfree_p01,1784980669.1259694,0.1766635888380453,0.9171399724251847,2.9873675352599633,0.09695833809443823,0.10983086299656099,1784980669.0616317,0.17867169512095515,0.9176182020838421,2.9790613373298536,0.0964651107788086,0,0,1784980669.1540382,0.182008453691901,0.910501335611138,2.9619772748788877,1784980669.154078,-0.006301216522956816,0.005738793373664411,-0.025390260381075613,-0.00444441057349632,0.006483128936345096,-0.01708406245096583,1784980669.154121,0.10048564592998047,0.0933267161429151,1784980669.130388,17186.708984375,nan,nan,49.25702667236328,nan
16.723473072052002,1784980669.198258,BSMC,circle,circle_dist_bsmc_30cm_yawfree_p01,1784980669.175419,0.17184527036093428,0.9178835214562358,2.9930758645206703,0.09751434945681096,0.11069808917719488,1784980669.1837614,0.1657510865995228,0.9195223839527692,2.993451956665267,0.014496564865112305,0,0,1784980669.1939092,0.17775604848876536,0.9112639693094028,2.96629752825108,1784980669.1939456,-0.006825214627288632,0.0056720555350359995,-0.02677833626959014,-0.01309241163653423,0.006396036266585569,-0.027154428414186693,1784980669.193987,0.09985975026942348,0.0925726879038767,1784980669.1858494,17186.763671875,nan,nan,53.93903350830078,nan
16.763530731201172,1784980669.2383156,BSMC,circle,circle_dist_bsmc_30cm_yawfree_p01,1784980669.2258666,0.16616307109605946,0.9188425442760657,2.9980928294047917,0.09728562175855876,0.10916051123503137,1784980669.1837614,0.1657510865995228,0.9195223839527692,2.993451956665267,0.05455422401428223,0,0,1784980669.2335792,0.17352949184604627,0.91200319898623,2.970588247283368,1784980669.233622,-0.008268785371328203,0.005715591582884797,-0.02750458212142393,-0.008803037647344584,0.0062887406465529675,-0.022863709381899078,1784980669.2336724,0.09814410322946307,0.09296253631821533,1784980669.2305427,17186.80859375,nan,nan,46.07725143432617,nan
16.803294897079468,1784980669.2780797,BSMC,circle,circle_dist_bsmc_30cm_yawfree_p01,1784980669.2756476,0.16081368693059317,0.9197308256867994,3.0029845692449255,0.09759597682849983,0.10828547094320098,1784980669.272208,0.15833552723635463,0.9207488403794788,3.001230566395787,0.005871772766113281,0,0,1784980669.27355,0.16926029188823022,0.9127309347688036,2.9749190320810364,1784980669.2735834,-0.003939394225954905,0.005605864834013062,-0.023173797323755355,-0.011939042235524796,0.006410660151569547,-0.026311534314750418,1784980669.2736182,0.10329494100789932,0.09457437887006448,1784980669.2305427,17186.80859375,nan,nan,46.07725143432617,nan
16.84337067604065,1784980669.3181555,BSMC,circle,circle_dist_bsmc_30cm_yawfree_p01,1784980669.2756476,0.16081368693059317,0.9197308256867994,3.0029845692449255,0.09759597682849983,0.10828547094320098,1784980669.272208,0.15833552723635463,0.9207488403794788,3.001230566395787,0.04594755172729492,0,0,1784980669.3135347,0.1650227419621112,0.9134344807591963,2.979214591964154,1784980669.3135726,-0.005038619617116607,0.0056544156249526255,-0.023769977280771574,-0.007644739653805798,0.006306873478097017,-0.022015974431632834,1784980669.3136148,0.101988649312752,0.09501069917686758,1784980669.2873967,17186.865234375,nan,nan,56.72972869873047,nan
16.883276224136353,1784980669.358061,BSMC,circle,circle_dist_bsmc_30cm_yawfree_p01,1784980669.3252661,0.155925730977533,0.9204065736364317,3.0085262291455965,0.09834050855256433,0.10888256162617009,1784980669.272208,0.15833552723635463,0.9207488403794788,3.001230566395787,0.08585309982299805,0,0,1784980669.3535666,0.16075535684394626,0.9141240978663857,2.983537343009381,1784980669.3536031,-0.005620452298161032,0.005586170761339099,-0.024988886136215527,-0.0033228439708286065,0.006221052695491971,-0.017693223386405776,1784980669.3536432,0.1012948048774974,0.09456882792318633,1784980669.3318272,17186.91015625,nan,nan,44.58586120605469,nan
16.92347002029419,1784980669.3982549,BSMC,circle,circle_dist_bsmc_30cm_yawfree_p01,1784980669.3756154,0.15107974411909486,0.9210518204214893,3.0139720114192685,0.09788078152027055,0.10875584952623467,1784980669.384014,0.14731627905893196,0.9224390018183867,3.0113663522152936,0.01424098014831543,0,0,1784980669.393825,0.15646434331237802,0.91479846711983,2.987881028159528,1784980669.3938615,-0.006136701514308234,0.005517175954414076,-0.02609098325974069,-0.010062791924480972,0.006387884528513794,-0.023485324055765755,1784980669.3939016,0.1006789774597936,0.09384273616852702,1784980669.3886065,17186.966796875,nan,nan,56.71148681640625,nan
16.963356256484985,1784980669.438141,BSMC,circle,circle_dist_bsmc_30cm_yawfree_p01,1784980669.4254537,0.14592100622328733,0.9218593907359461,3.0182265526109453,0.09672751658401693,0.10673790863926551,1784980669.384014,0.14731627905893196,0.9224390018183867,3.0113663522152936,0.05412721633911133,0,0,1784980669.4334538,0.15221291233176293,0.9154477988699726,2.9921817636331607,1784980669.4334893,-0.007033056215073802,0.005588623534404698,-0.026044788977784616,-0.005763038532620625,0.00629613555651706,-0.0191845885821329,1784980669.4335287,0.09961513446748259,0.09430118377567236,1784980669.4316907,17187.009765625,nan,nan,43.24983596801758,nan
17.00317120552063,1784980669.477956,BSMC,circle,circle_dist_bsmc_30cm_yawfree_p01,1784980669.4757907,0.14036531064089708,0.9226498247514955,3.0236724159777277,0.0968123046811614,0.10600892324907411,1784980669.463935,0.13754343292517018,0.9237477384488015,3.0244143289829877,0.014021158218383789,0,0,1784980669.473911,0.14790568145813343,0.9160865910299671,2.9965361089548157,1784980669.4739485,-0.002679954528499395,0.005484705640081168,-0.0216904436561296,-0.011186856556374202,0.0063971567761873195,-0.027878220028171974,1784980669.4739876,0.10479348930203333,0.09592646490257827,1784980669.4316907,17187.009765625,nan,nan,43.24983596801758,nan
17.04329752922058,1784980669.5180824,BSMC,circle,circle_dist_bsmc_30cm_yawfree_p01,1784980669.4757907,0.14036531064089708,0.9226498247514955,3.0236724159777277,0.0968123046811614,0.10600892324907411,1784980669.463935,0.13754343292517018,0.9237477384488015,3.0244143289829877,0.05414748191833496,0,0,1784980669.513613,0.1436686499949038,0.916696288185654,3.0008167857965518,1784980669.513649,-0.003980815759154704,0.005523563561706086,-0.02285563018117598,-0.006907600746297943,0.006286993470232354,-0.02359754318643592,1784980669.5136878,0.10324656441095223,0.09593412873640912,1784980669.4811962,17187.060546875,nan,nan,49.486690521240234,nan
17.083507299423218,1784980669.5582922,BSMC,circle,circle_dist_bsmc_30cm_yawfree_p01,1784980669.5254545,0.13522257184021697,0.923253394712975,3.0294734269423294,0.09951208475602664,0.10781761019719427,1784980669.463935,0.13754343292517018,0.9237477384488015,3.0244143289829877,0.09435725212097168,0,0,1784980669.5539563,0.13935759438379058,0.9172976538458252,3.005169586165814,1784980669.5539978,-0.004775414567347598,0.005455701276872154,-0.024303840776515262,-0.0025558024490604046,0.006193758715422585,-0.019244742817173588,1784980669.5540433,0.10229968793804223,0.09590923670722763,1784980669.5316646,17187.111328125,nan,nan,50.48896789550781,nan
17.123555421829224,1784980669.5983403,BSMC,circle,circle_dist_bsmc_30cm_yawfree_p01,1784980669.5754018,0.12997562340423624,0.9238453280743086,3.0347193128784262,0.10167387042521127,0.10738019632730968,1784980669.586056,0.12155510768545492,0.9251829495754733,3.0405521928817665,0.012284278869628906,0,0,1784980669.5939004,0.13506310569725266,0.9178777053986767,3.0095030746301696,1784980669.5939355,-0.005695021906346427,0.005390892501868854,-0.02521623824825658,-0.014175973835199343,0.005905452446095501,-0.03104911825159684,1784980669.5939732,0.10120567444829613,0.09701309820640786,1784980669.581473,17187.16015625,nan,nan,49.703407287597656,nan
17.163990020751953,1784980669.6387749,BSMC,circle,circle_dist_bsmc_30cm_yawfree_p01,1784980669.6255343,0.1234212664156268,0.9245810450655186,3.0413181399190337,0.10397843301835835,0.1091118078224674,1784980669.586056,0.12155510768545492,0.9251829495754733,3.0405521928817665,0.0527188777923584,0,0,1784980669.6336129,0.13080769611854515,0.9184338029149229,3.0137946691354798,1784980669.6336513,-0.007964704849432978,0.005376932813010934,-0.027523470783553883,-0.009886175100364197,0.005781428477695824,-0.026757523746286704,1784980669.6336935,0.09850499068809396,0.0964502028215116,1784980669.6317258,17187.2109375,nan,nan,50.19451904296875,nan
17.204166412353516,1784980669.6789513,BSMC,circle,circle_dist_bsmc_30cm_yawfree_p01,1784980669.675724,0.11707304514383185,0.9252473679476708,3.0478536201854682,0.10548824999750148,0.1110679419982536,1784980669.6624365,0.1132254229865672,0.925987939588898,3.049116159428448,0.01651477813720703,0,0,1784980669.673725,0.12654122558836423,0.9189727145260017,3.018095044120221,1784980669.6737647,-0.003665717401260358,0.005267829972021081,-0.023223095798812654,-0.013906724597963816,0.005755605317384202,-0.03102111530822693,1784980669.673806,0.10361967189590178,0.09805048034524544,1784980669.6317258,17187.2109375,nan,nan,50.19451904296875,nan
17.243263721466064,1784980669.7180486,BSMC,circle,circle_dist_bsmc_30cm_yawfree_p01,1784980669.675724,0.11707304514383185,0.9252473679476708,3.0478536201854682,0.10548824999750148,0.1110679419982536,1784980669.6624365,0.1132254229865672,0.925987939588898,3.049116159428448,0.05561208724975586,0,0,1784980669.7136297,0.12225389012666177,0.9194954996666537,3.022414138778119,1784980669.713668,-0.0056964848845541555,0.005241679446354109,-0.025439481407349085,-0.009589432052479011,0.005630966875644707,-0.026702020650328784,1784980669.713709,0.10120332729713702,0.09691570803883363,1784980669.6818335,17187.26171875,nan,nan,50.27766799926758,nan
17.28389286994934,1784980669.7586777,BSMC,circle,circle_dist_bsmc_30cm_yawfree_p01,1784980669.725349,0.11221662400550052,0.925710027101101,3.0522426480100044,0.10286868138341076,0.10726140549771214,1784980669.6624365,0.1132254229865672,0.925987939588898,3.049116159428448,0.09624123573303223,0,0,1784980669.754042,0.11794093138935102,0.9200024625071277,3.0267567939600033,1784980669.7540867,-0.006210765443205391,0.005174010168976118,-0.025485854050001144,-0.005248086823427966,0.005524449301684694,-0.022359365468444636,1784980669.754127,0.10059274876450879,0.09741250670045455,1784980669.7317595,17187.310546875,nan,nan,49.95313262939453,nan
17.323686122894287,1784980669.798471,BSMC,circle,circle_dist_bsmc_30cm_yawfree_p01,1784980669.7755797,0.10717834036633599,0.9261619947084485,3.0572716330038032,0.10214279803630028,0.10614436841407633,1784980669.7830462,0.10124447115751636,0.9271097719402256,3.0636745552627778,0.015424728393554688,0,0,1784980669.7944753,0.11357142820718502,0.9204967230148625,3.031154166205792,1784980669.7945147,-0.00684750937948723,0.005106710369777487,-0.02611746679801108,-0.012804311043162946,0.00563346295839042,-0.03252038905698562,1784980669.7945547,0.09983517386842335,0.09728797808291768,1784980669.7831678,17187.361328125,nan,nan,51.257442474365234,nan
17.36329984664917,1784980669.8380847,BSMC,circle,circle_dist_bsmc_30cm_yawfree_p01,1784980669.8255618,0.10116881900983835,0.9266979916940087,3.0636720133818667,0.1028891603508838,0.10700671815257232,1784980669.7830462,0.10124447115751636,0.9271097719402256,3.0636745552627778,0.0550384521484375,0,0,1784980669.833763,0.10933534344516249,0.9209573271779627,3.0354152221521424,1784980669.8337967,-0.00858860867057301,0.005087548677142402,-0.028256791229724246,-0.008545225803085258,0.005503990089197244,-0.028259333110635332,1784980669.8338332,0.09776220827924492,0.09634354645906709,1784980669.7831678,17187.361328125,nan,nan,51.257442474365234,nan
17.403682231903076,1784980669.878467,BSMC,circle,circle_dist_bsmc_30cm_yawfree_p01,1784980669.875574,0.09543448116221236,0.9271867279146643,3.0694528130854075,0.10240481011263865,0.10650420363521237,1784980669.8639908,0.09290054874007567,0.9278302909412617,3.0717816231146844,0.014476299285888672,0,0,1784980669.8744538,0.10498785281889256,0.9214110677009523,3.039786330207257,1784980669.8745003,-0.00421898955164186,0.004973601482446248,-0.023885683174609706,-0.012505630493880742,0.005560445382631865,-0.03199529290742742,1784980669.8745472,0.10296125247044341,0.09796830949820301,1784980669.8420737,17187.419921875,nan,nan,58.385963439941406,nan
17.4433012008667,1784980669.918086,BSMC,circle,circle_dist_bsmc_30cm_yawfree_p01,1784980669.875574,0.09543448116221236,0.9271867279146643,3.0694528130854075,0.10240481011263865,0.10650420363521237,1784980669.8639908,0.09290054874007567,0.9278302909412617,3.0717816231146844,0.05409526824951172,0,0,1784980669.9142392,0.10076673434656536,0.9218332502343183,3.044028511985211,1784980669.9143088,-0.005704248400108573,0.004955219216731411,-0.025424301100196448,-0.008265344760301184,0.005433732532048625,-0.027753111129473318,1784980669.914361,0.10119415369458293,0.09731612203497374,1784980669.8832335,17187.462890625,nan,nan,41.67607116699219,nan
17.483400583267212,1784980669.9581854,BSMC,circle,circle_dist_bsmc_30cm_yawfree_p01,1784980669.9254115,0.09048073912354208,0.9275410604367431,3.0746529541407104,0.10138619596928757,0.10613250468949083,1784980669.8639908,0.09290054874007567,0.9278302909412617,3.0717816231146844,0.09419465065002441,0,0,1784980669.9536872,0.09647371937684546,0.9222440847772938,3.0483411435922667,1784980669.953734,-0.006333871435582123,0.00488424365596143,-0.02631181054844367,-0.003954129226425243,0.005323355123092601,-0.02344047952241768,1784980669.9537826,0.10044431194852771,0.09647318999380645,1784980669.9338999,17187.51171875,nan,nan,50.567691802978516,nan
17.52322292327881,1784980669.9980078,BSMC,circle,circle_dist_bsmc_30cm_yawfree_p01,1784980669.9755654,0.08543460077830825,0.9278722667540088,3.080179443504668,0.10119300022522083,0.10677520229504874,1784980669.9818418,0.07978802771306781,0.9288313410083615,3.0864191711486177,0.016165971755981445,0,0,1784980669.9938211,0.09215268390623788,0.9226387452829501,3.052680168136029,1784980669.9938617,-0.00702662356325887,0.004811335490491226,-0.02749927536863872,-0.012687335012813241,0.005501317557306242,-0.033739003012588586,1784980669.9939075,0.09961856505581566,0.09542289378067068,1784980669.9822297,17187.560546875,nan,nan,48.34772872924805,nan
17.563517808914185,1784980670.0383027,BSMC,circle,circle_dist_bsmc_30cm_yawfree_p01,1784980670.0255122,0.07956877840550833,0.9282769493428982,3.087185797944237,0.10146054172335786,0.10968979134394433,1784980669.9818418,0.07978802771306781,0.9288313410083615,3.0864191711486177,0.05646085739135742,0,0,1784980670.0334675,0.08787359378989756,0.9230109544212324,3.056975419028668,1784980670.0335073,-0.008578891747760308,0.004806586883018775,-0.030210378915568995,-0.008394230604802983,0.0053656473383741675,-0.02944375211994954,1784980670.0335464,0.09776757522593117,0.09284283277051729,1784980670.0343173,17187.61328125,nan,nan,52.24971389770508,nan
17.603444814682007,1784980670.0782297,BSMC,circle,circle_dist_bsmc_30cm_yawfree_p01,1784980670.0754142,0.07404463150799148,0.9286320655612268,3.092796128005771,0.09950144659781153,0.10906644611140738,1784980670.0633838,0.07112295853874143,0.9292560684552283,3.0935809995253196,0.014845848083496094,0,0,1784980670.0739639,0.08353932763449134,0.9233690948575851,3.0613244600137755,1784980670.074008,-0.004231563270245039,0.004684673854037038,-0.025861337930461747,-0.012684596005430971,0.0052842883948784215,-0.03225653951154417,1784980670.074055,0.10294102073587182,0.09445319926928546,1784980670.0343173,17187.61328125,nan,nan,52.24971389770508,nan
17.643362760543823,1784980670.1181476,BSMC,circle,circle_dist_bsmc_30cm_yawfree_p01,1784980670.0754142,0.07404463150799148,0.9286320655612268,3.092796128005771,0.09950144659781153,0.10906644611140738,1784980670.0633838,0.07112295853874143,0.9292560684552283,3.0935809995253196,0.0547637939453125,0,0,1784980670.1146293,0.07917602123786582,0.923710475280593,3.065701104148297,1784980670.1146786,-0.005365342974860255,0.004665437408475905,-0.027095023857474306,-0.008309933670334623,0.005152710441042608,-0.027879895377022734,1784980670.1147294,0.10159169673694736,0.09309958673789366,1784980670.0882008,17187.666015625,nan,nan,53.60219955444336,nan
17.683459520339966,1784980670.1582444,BSMC,circle,circle_dist_bsmc_30cm_yawfree_p01,1784980670.1255128,0.06903934575996667,0.9288678841469773,3.098577056519439,0.09969143350379692,0.11014622520908476,1784980670.0633838,0.07112295853874143,0.9292560684552283,3.0935809995253196,0.09486055374145508,0,0,1784980670.153428,0.07496253687356846,0.9240219074744681,3.0699260854562804,1784980670.1534667,-0.006126100296255695,0.004586782972734846,-0.028650971063158615,-0.004086358033605901,0.005043855765480478,-0.02365491406903919,1784980670.1535099,0.10068399456083114,0.0919200800768856,1784980670.1334174,17187.712890625,nan,nan,45.487640380859375,nan
17.723682641983032,1784980670.1984675,BSMC,circle,circle_dist_bsmc_30cm_yawfree_p01,1784980670.1757088,0.06375963374913016,0.9290857951278169,3.104679816659003,0.10162819612781941,0.11195136224682133,1784980670.1861982,0.05724700959600891,0.929804172828201,3.1036971225490766,0.012269258499145508,0,0,1784980670.1938074,0.07063285950925191,0.9243232902100297,3.0742662429651304,1784980670.1938577,-0.007044301356778814,0.004505608042920789,-0.030413573693872653,-0.013583890794888785,0.004969805131650174,-0.02943087958394619,1784980670.1938999,0.09958846892447537,0.09129672679343949,1784980670.1838458,17187.76171875,nan,nan,50.08489227294922,nan
17.763346672058105,1784980670.2381315,BSMC,circle,circle_dist_bsmc_30cm_yawfree_p01,1784980670.2255268,0.05760220649504733,0.9294023987074144,3.1091932051939857,0.10336234179141703,0.10953077060465657,1784980670.1861982,0.05724700959600891,0.929804172828201,3.1036971225490766,0.05193328857421875,0,0,1784980670.2339854,0.06630402212729702,0.9246057457786174,3.078604289039044,1784980670.2340195,-0.008852630499342979,0.004512250863937405,-0.030588916154941526,-0.009247460058435932,0.0048515566831054,-0.025092833510032442,1784980670.2340608,0.09744140472016605,0.09351920058827462,1784980670.1838458,17187.76171875,nan,nan,50.08489227294922,nan
17.803267002105713,1784980670.2780519,BSMC,circle,circle_dist_bsmc_30cm_yawfree_p01,1784980670.2752464,0.05167580354336429,0.9296942485266341,3.1132528904757484,0.10541022650978749,0.10584584220062275,1784980670.2714431,0.049139896629081775,0.9302714956878849,3.1114977406071467,0.006608724594116211,0,0,1784980670.275008,0.06189763064964904,0.9248739013610477,3.083018836005597,1784980670.2750442,-0.00443986499438051,0.004386975691254725,-0.02617436918838889,-0.012914372704843505,0.005011265259097471,-0.028478904601549893,1784980670.2750835,0.10269288709320622,0.09515307624114971,1784980670.254096,17187.83203125,nan,nan,70.56732177734375,nan
17.843318462371826,1784980670.3181033,BSMC,circle,circle_dist_bsmc_30cm_yawfree_p01,1784980670.2752464,0.05167580354336429,0.9296942485266341,3.1132528904757484,0.10541022650978749,0.10584584220062275,1784980670.2714431,0.049139896629081775,0.9302714956878849,3.1114977406071467,0.04666018486022949,0,0,1784980670.3140557,0.05766028163812875,0.9251133615999377,3.0872629489740415,1784980670.3140965,-0.006111878935796345,0.004409471507568908,-0.025989941501706863,-0.008671736992752407,0.004899416853071866,-0.024234791633105157,1784980670.3141387,0.100708725995175,0.09859400162552277,1784980670.2847388,17187.86328125,nan,nan,30.59822654724121,nan
17.883208990097046,1784980670.3579938,BSMC,circle,circle_dist_bsmc_30cm_yawfree_p01,1784980670.325507,0.046344186729161664,0.9298503767903216,3.11770337685125,0.10565733968205211,0.10286797755710739,1784980670.2714431,0.049139896629081775,0.9302714956878849,3.1114977406071467,0.08655071258544922,0,0,1784980670.3538442,0.05335043562283737,0.9253384184445421,3.0915786704858825,1784980670.3538826,-0.00711202693374986,0.004343312626072102,-0.026124706365367345,-0.004357070508286087,0.004804146780911939,-0.01991907012126415,1784980670.3539252,0.09952117111045655,0.10047548134312484,1784980670.3510163,17187.9296875,nan,nan,66.13201141357422,nan
17.92334532737732,1784980670.3981302,BSMC,circle,circle_dist_bsmc_30cm_yawfree_p01,1784980670.375498,0.041096865374558963,0.9299696355528264,3.1227805564476823,0.10546437957593006,0.10268099250627417,1784980670.3831923,0.03477380747981519,0.9306712068395667,3.1241018779078047,0.014937877655029297,0,0,1784980670.3943722,0.04899166055348281,0.9255470669495446,3.0959424400171325,1784980670.3944063,-0.007976591138911837,0.00427327716986934,-0.026838116430549785,-0.014305298926531906,0.004874687503777126,-0.02815943789067221,1784980670.3944452,0.09849289329004833,0.1001024193772871,1784980670.3834655,17187.962890625,nan,nan,32.65292739868164,nan
17.96370840072632,1784980670.4384933,BSMC,circle,circle_dist_bsmc_30cm_yawfree_p01,1784980670.4254627,0.03516428238742392,0.9301571323944349,3.1280392663259313,0.10382538912599366,0.10290319129606627,1784980670.3831923,0.03477380747981519,0.9306712068395667,3.1241018779078047,0.05530095100402832,0,0,1784980670.433834,0.04473204388930896,0.9257325556993495,3.1002060966333436,1784980670.4338763,-0.009626848909161597,0.004294498709723864,-0.027833169692587756,-0.010043089635424331,0.004763727327100935,-0.023895781274461125,1784980670.4339206,0.09653110003727623,0.0985204519643699,1784980670.4340065,17188.01171875,nan,nan,50.33018112182617,nan
18.00355863571167,1784980670.4783435,BSMC,circle,circle_dist_bsmc_30cm_yawfree_p01,1784980670.4755325,0.02949787427855616,0.9303290806985398,3.1342123118602343,0.1010506616740289,0.10381618819888234,1784980670.4678156,0.02546210584361292,0.9312582409691051,3.138020284430955,0.010527849197387695,0,0,1784980670.4745445,0.04035349020197243,0.9259042636593227,3.104588019355206,1784980670.474588,-0.005246370220131274,0.004182148937327084,-0.023451246970725318,-0.014910415680604087,0.005300745737502959,-0.03343226507574881,1784980670.4746304,0.10174286201657408,0.10015062281426974,1784980670.4340065,17188.01171875,nan,nan,50.33018112182617,nan
18.043705463409424,1784980670.5184903,BSMC,circle,circle_dist_bsmc_30cm_yawfree_p01,1784980670.4755325,0.02949787427855616,0.9303290806985398,3.1342123118602343,0.1010506616740289,0.10381618819888234,1784980670.4678156,0.02546210584361292,0.9312582409691051,3.138020284430955,0.0506746768951416,0,0,1784980670.5136502,0.036121278470945595,0.9260519737705697,3.1088228111108824,1784980670.5136945,-0.006654790030810888,0.004228107900098098,-0.025389500749351868,-0.010677703280990145,0.005168155559283855,-0.029197473320072387,1784980670.51374,0.10006595625892542,0.09709541305835022,1784980670.4838629,17188.0625,nan,nan,50.06479263305664,nan
18.083858251571655,1784980670.558643,BSMC,circle,circle_dist_bsmc_30cm_yawfree_p01,1784980670.5257566,0.02470812882146447,0.9303599561843486,3.139283413141592,0.09889419441792238,0.10332271038444589,1784980670.4678156,0.02546210584361292,0.9312582409691051,3.138020284430955,0.09082746505737305,0,0,1784980670.5543535,0.031731627033874665,0.9261862247581234,3.1132145185312314,1784980670.5543923,-0.007033117626558587,0.004157501366082791,-0.02606889461036044,-0.006287600260795868,0.0050495868504306755,-0.024805765899723387,1784980670.5544336,0.09961499374312759,0.0956890233976204,1784980670.5344763,17188.11328125,nan,nan,50.60980224609375,nan
18.123733043670654,1784980670.598518,BSMC,circle,circle_dist_bsmc_30cm_yawfree_p01,1784980670.5752654,0.01988584335090396,0.9303675527918343,-3.1388551055369316,0.09838221486617887,0.1031111807042725,1784980670.5840592,0.012059909520083477,0.9311329278041446,-3.1373654683756254,0.014458656311035156,0,0,1784980670.5934727,0.02749544124063641,0.92629748964997,3.117452168448834,1784980670.5935063,-0.007598427396430278,0.004090879504869317,-0.02687803319382123,-0.015414953579473738,0.00490064360892652,-0.028367670355127463,1784980670.5935464,0.09894165788085314,0.09508981620777043,1784980670.5879207,17188.166015625,nan,nan,53.19462203979492,nan
18.163415908813477,1784980670.6382008,BSMC,circle,circle_dist_bsmc_30cm_yawfree_p01,1784980670.625355,0.013715354714850792,0.9304569948827204,-3.133597548586464,0.09937870731371595,0.10321544891130437,1784980670.5840592,0.012059909520083477,0.9311329278041446,-3.1373654683756254,0.05414152145385742,0,0,1784980670.6339803,0.02312634263527047,0.9263934304063973,3.1218223237833067,1784980670.6340191,-0.009378198860273992,0.004138675637045668,-0.027765434809815547,-0.01104629956810751,0.004786234775665336,-0.023997515020654413,1784980670.6340613,0.09682645098122146,0.09531256334439658,1784980670.6349015,17188.212890625,nan,nan,47.21272659301758,nan
18.203307151794434,1784980670.678092,BSMC,circle,circle_dist_bsmc_30cm_yawfree_p01,1784980670.6754928,0.007701102001187485,0.9305129641383969,-3.128118033136483,0.09935020995812513,0.10228010077742122,1784980670.667241,0.0027993408837491893,0.9312933807897762,-3.12525446600485,0.010850906372070312,0,0,1784980670.674705,0.018758694453100966,0.9264702485128146,3.126190650924115,1784980670.674751,-0.0050113044334019335,0.004026940551974494,-0.0233971076690074,-0.01587842581663569,0.005083223868594378,-0.03174019025062182,1784980670.6748,0.10202202205510628,0.09693780204990111,1784980670.6349015,17188.212890625,nan,nan,47.21272659301758,nan
18.243590831756592,1784980670.7183757,BSMC,circle,circle_dist_bsmc_30cm_yawfree_p01,1784980670.6754928,0.007701102001187485,0.9305129641383969,-3.128118033136483,0.09935020995812513,0.10228010077742122,1784980670.667241,0.0027993408837491893,0.9312933807897762,-3.12525446600485,0.051134586334228516,0,0,1784980670.714885,0.014447474408989525,0.9265273591440076,3.130502252562909,1784980670.7149289,-0.006692057073734523,0.004076145232684075,-0.024565021480194706,-0.011568714213140352,0.004955686471564429,-0.027428588611827533,1784980670.7149796,0.10002394411693752,0.09704592639945402,1784980670.6842186,17188.263671875,nan,nan,49.4254150390625,nan
18.2840096950531,1784980670.7587945,BSMC,circle,circle_dist_bsmc_30cm_yawfree_p01,1784980670.7255602,0.0026710584351070724,0.9304402518415226,-3.1228609188837133,0.09977383294339395,0.10274575184006274,1784980670.667241,0.0027993408837491893,0.9312933807897762,-3.12525446600485,0.0915534496307373,0,0,1784980670.7536607,0.01020513171750681,0.9265654103416335,3.134744769080548,1784980670.753695,-0.0074601732927185435,0.004015279730783503,-0.025579619215325054,-0.007327559386795647,0.004848331245373166,-0.023186072094188572,1784980670.7537353,0.09910944311445205,0.09654770709339383,1784980670.7344887,17188.3125,nan,nan,50.179443359375,nan
18.323429584503174,1784980670.7982144,BSMC,circle,circle_dist_bsmc_30cm_yawfree_p01,1784980670.7756712,-0.0023367016120506463,0.9303412701540635,-3.1176524882300507,0.09983609783864188,0.10293476729208773,1784980670.7857194,-0.01007563880801262,0.9310680657219491,-3.1103394839493563,0.012495040893554688,0,0,1784980670.7939427,0.005850682837176491,0.926585748529133,3.139099268897443,1784980670.7939773,-0.008095139116453678,0.003950434087543901,-0.026433550052092938,-0.015778480360896355,0.00497779530152075,-0.033746554332786866,1784980670.7940166,0.09835334050704947,0.09605061105316609,1784980670.784723,17188.36328125,nan,nan,50.2462272644043,nan
18.363220691680908,1784980670.8380055,BSMC,circle,circle_dist_bsmc_30cm_yawfree_p01,1784980670.8256927,-0.008437358454269593,0.9302835277594982,-3.111375194676371,0.10003556358078752,0.10356588424598846,1784980670.7857194,-0.01007563880801262,0.9310680657219491,-3.1103394839493563,0.05228614807128906,0,0,1784980670.8336926,0.0015613578110337256,0.926587244304353,-3.1397967097070096,1784980670.8338559,-0.009882476428005485,0.003996685875164194,-0.028421515030638833,-0.011491296726224395,0.004842267076272065,-0.029457225757653308,1784980670.8339236,0.09622588316028671,0.09501734972007558,1784980670.8355212,17188.4140625,nan,nan,50.84630584716797,nan
18.403753757476807,1784980670.8785386,BSMC,circle,circle_dist_bsmc_30cm_yawfree_p01,1784980670.8753028,-0.014366744752652696,0.9301727189364786,-3.104927363480361,0.09972112351666058,0.10463500889839891,1784980670.8642964,-0.01888721102369137,0.9307851533254988,-3.1001726329914825,0.014242172241210938,0,0,1784980670.8737347,-0.002764703354811493,0.9265701173685502,-3.135470611264932,1784980670.8737736,-0.00555787271018519,0.003883102309544145,-0.024095416588561402,-0.015934142653275838,0.004879024447214385,-0.035297978273449715,1784980670.87382,0.10137145479842637,0.09662458996851814,1784980670.8355212,17188.4140625,nan,nan,50.84630584716797,nan
18.44337773323059,1784980670.9181626,BSMC,circle,circle_dist_bsmc_30cm_yawfree_p01,1784980670.8753028,-0.014366744752652696,0.9301727189364786,-3.104927363480361,0.09972112351666058,0.10463500889839891,1784980670.8642964,-0.01888721102369137,0.9307851533254988,-3.1001726329914825,0.05386614799499512,0,0,1784980670.914196,-0.007140574920070364,0.9265337527963322,-3.131094585111368,1784980670.9142354,-0.007087919292810653,0.0039014106573209122,-0.02616722163100693,-0.011560518422953827,0.0047341609608077114,-0.030921952119885354,1784980670.9142804,0.09954966684084789,0.09496223438477742,1784980670.8850756,17188.46484375,nan,nan,49.489105224609375,nan
18.48321270942688,1784980670.9579976,BSMC,circle,circle_dist_bsmc_30cm_yawfree_p01,1784980670.9258137,-0.019207760204656463,0.9299902098192361,-3.0997325329654872,0.09828575229479464,0.10432503522777288,1784980670.8642964,-0.01888721102369137,0.9307851533254988,-3.1001726329914825,0.09370112419128418,0,0,1784980670.9538264,-0.01138442397244055,0.9264801918835023,-3.1268503948953033,1784980670.9538677,-0.0076695960676836684,0.0038343333018983185,-0.027117861929816023,-0.007318091402468804,0.004611945877675293,-0.026677761903820763,1784980670.9539094,0.09885648146559152,0.09379314502658372,1784980670.9357612,17188.513671875,nan,nan,50.5965576171875,nan
18.523579597473145,1784980670.9983644,BSMC,circle,circle_dist_bsmc_30cm_yawfree_p01,1784980670.9755852,-0.023915031046512585,0.929787219828254,-3.094541084383885,0.09704067859688509,0.10433426992596863,1784980670.9839742,-0.03229155241862051,0.930456428190289,-3.086754073637889,0.014390230178833008,0,0,1784980670.993975,-0.015750062323937053,0.9264062946852267,-3.1224841276910187,1784980670.9940097,-0.007996913237080412,0.003761216258339654,-0.027943043307133486,-0.016294631699114426,0.004950702349319111,-0.03573005405312957,1784980670.9940479,0.0984655027928888,0.09259822245206904,1784980670.9880276,17188.56640625,nan,nan,52.20339584350586,nan
18.563178300857544,1784980671.0379632,BSMC,circle,circle_dist_bsmc_30cm_yawfree_p01,1784980671.0253792,-0.029664159509597107,0.9296262327412805,-3.0887318326530817,0.09478522169393684,0.10286583235793621,1784980670.9839742,-0.03229155241862051,0.930456428190289,-3.086754073637889,0.05398893356323242,0,0,1784980671.0340836,-0.020087509175430673,0.9263139896793967,-3.118145695379007,1784980671.0341177,-0.009388267234952391,0.0038136103693228816,-0.029413862725925277,-0.011958645811170355,0.00480512837093332,-0.03139162174111787,1784980671.0341606,0.09680941069308706,0.0914731528724609,1784980670.9880276,17188.56640625,nan,nan,52.20339584350586,nan
18.60370945930481,1784980671.0784943,BSMC,circle,circle_dist_bsmc_30cm_yawfree_p01,1784980671.0753665,-0.03574720167146585,0.9293940168040083,-3.082503896817219,0.09520704527087416,0.10389719865633557,1784980671.0649025,-0.04189590511474562,0.9298724667511686,-3.0789301498002524,0.013591766357421875,0,0,1784980671.0737128,-0.024362251407276325,0.9262045963977246,-3.1138695503976224,1784980671.0737543,-0.005113716070785068,0.0036969896862707533,-0.025137717744540655,-0.017269553684504467,0.004758655356415711,-0.03493940059737,1784980671.0737975,0.1018958979587233,0.09305847848618942,1784980671.038251,17188.6171875,nan,nan,50.29811096191406,nan
18.644142150878906,1784980671.118927,BSMC,circle,circle_dist_bsmc_30cm_yawfree_p01,1784980671.0753665,-0.03574720167146585,0.9293940168040083,-3.082503896817219,0.09520704527087416,0.10389719865633557,1784980671.0649025,-0.04189590511474562,0.9298724667511686,-3.0789301498002524,0.054024457931518555,0,0,1784980671.113604,-0.028665954510719516,0.9260759810522059,-3.1095639225747465,1784980671.113645,-0.006872944198295771,0.0037304236554216936,-0.02706002575752731,-0.012966243167774621,0.004617513915684197,-0.030633772774494084,1784980671.1136904,0.09980227641971041,0.09197020986239639,1784980671.0877542,17188.666015625,nan,nan,49.40483093261719,nan
18.683308601379395,1784980671.1580935,BSMC,circle,circle_dist_bsmc_30cm_yawfree_p01,1784980671.1252918,-0.04064873880522282,0.9290998356378862,-3.0772541659891317,0.09639256863362568,0.1041129668493578,1784980671.0649025,-0.04189590511474562,0.9298724667511686,-3.0789301498002524,0.09319090843200684,0,0,1784980671.1533573,-0.032966799519464685,0.9259289191227188,-3.1052605606820465,1784980671.1533935,-0.007462174049639978,0.0036582593113549944,-0.02800639469291477,-0.00866462998347361,0.004494961832876867,-0.02633041088179411,1784980671.153434,0.09910004683172505,0.09212005736381954,1784980671.1361582,17188.71484375,nan,nan,48.60383605957031,nan
18.72346019744873,1784980671.198245,BSMC,circle,circle_dist_bsmc_30cm_yawfree_p01,1784980671.1755786,-0.045729361457549834,0.928769321268489,-3.0719673135189884,0.09811073022623797,0.10427850614336735,1784980671.1846983,-0.055931740721571144,0.9288007781190402,-3.0736046094891667,0.01354670524597168,0,0,1784980671.1936443,-0.03728886632205153,0.9257624600972594,-3.1009352862145785,1784980671.193684,-0.00821086032977705,0.003586773603158193,-0.02896797269559004,-0.018393393627447432,0.004297814926624694,-0.027330676725411784,1784980671.1937263,0.09820839821132073,0.09261980085108823,1784980671.18835,17188.767578125,nan,nan,51.63542175292969,nan
18.763742923736572,1784980671.2385278,BSMC,circle,circle_dist_bsmc_30cm_yawfree_p01,1784980671.2256982,-0.05229630348731808,0.9284354618001737,-3.0672767761226853,0.09937603733437868,0.10389925495254325,1784980671.1846983,-0.055931740721571144,0.9288007781190402,-3.0736046094891667,0.05382943153381348,0,0,1784980671.2335608,-0.04162946507895604,0.9255764399680984,-3.0965906998422024,1784980671.2335937,-0.010425121093941515,0.0036431164739885113,-0.029313923719517024,-0.014050185538891818,0.004188523772366025,-0.022986090353035667,1784980671.2336338,0.09557898205354079,0.09350625708959308,1784980671.2360125,17188.814453125,nan,nan,48.2242317199707,nan
18.803762912750244,1784980671.2785478,BSMC,circle,circle_dist_bsmc_30cm_yawfree_p01,1784980671.2751791,-0.05826806061731247,0.928115855170413,-3.06282451277493,0.09914032917194615,0.1031876279343424,1784980671.2737982,-0.0641202443853695,0.9283384436402187,-3.0655576357055887,0.0047495365142822266,0,0,1784980671.2735872,-0.045920916489743835,0.925373947662674,-3.092294470479715,1784980671.2736342,-0.0061304802050381624,0.0035264203717912416,-0.02501769435702972,-0.017921556753976407,0.004338384004140166,-0.02673683477412636,1784980671.2736826,0.10068932396770638,0.0950994690197667,1784980671.2360125,17188.814453125,nan,nan,48.2242317199707,nan
18.84335231781006,1784980671.3181372,BSMC,circle,circle_dist_bsmc_30cm_yawfree_p01,1784980671.2751791,-0.05826806061731247,0.928115855170413,-3.06282451277493,0.09914032917194615,0.1031876279343424,1784980671.2737982,-0.0641202443853695,0.9283384436402187,-3.0655576357055887,0.04433894157409668,0,0,1784980671.3142273,-0.05029497149642681,0.925148536592238,-3.0879146076943758,1784980671.314269,-0.007714879160634454,0.0035854942770524685,-0.025090094919445693,-0.013543016946329459,0.004230882818032631,-0.022356971988787055,1784980671.3143144,0.09880844652497286,0.0953732474545218,1784980671.2897995,17188.869140625,nan,nan,53.60622787475586,nan
18.883238792419434,1784980671.3580236,BSMC,circle,circle_dist_bsmc_30cm_yawfree_p01,1784980671.3256557,-0.06309656176908675,0.9277283760502202,-3.0576356771008415,0.0979536121414554,0.10314598222631166,1784980671.2737982,-0.0641202443853695,0.9283384436402187,-3.0655576357055887,0.08422541618347168,0,0,1784980671.354209,-0.05460879667244767,0.9249074091537453,-3.083594045331705,1784980671.354253,-0.008221306784460577,0.0035228007781471973,-0.025958368230863282,-0.009223339105909202,0.004143627756015465,-0.01803640962611608,1784980671.354306,0.09820492369846676,0.09422982750730911,1784980671.3365107,17188.916015625,nan,nan,46.75916290283203,nan
18.923450469970703,1784980671.3982353,BSMC,circle,circle_dist_bsmc_30cm_yawfree_p01,1784980671.3757396,-0.06772774747089792,0.9273404896804344,-3.0531102612809278,0.09611452002006794,0.10110836621709413,1784980671.3863025,-0.07626512089959828,0.9276011421526349,-3.0583274217773933,0.011932849884033203,0,0,1784980671.394075,-0.05888944142163999,0.9246496482917608,-3.079305643728006,1784980671.3941193,-0.008565948946878203,0.0034613292011631083,-0.02619538244707842,-0.0170700076759962,0.004386387040942614,-0.020978221950612944,1784980671.3941662,0.09779516602358848,0.09411828857435994,1784980671.3968732,17188.9765625,nan,nan,60.35942077636719,nan
18.963278770446777,1784980671.4380636,BSMC,circle,circle_dist_bsmc_30cm_yawfree_p01,1784980671.425852,-0.07370874197091863,0.9269928295816781,-3.0498443427305046,0.09589806206503032,0.09836597618715527,1784980671.3863025,-0.07626512089959828,0.9276011421526349,-3.0583274217773933,0.05176115036010742,0,0,1784980671.4339757,-0.06322949773811137,0.9243694933586154,-3.0749565512444854,1784980671.4340155,-0.010194820185149799,0.003572407314755565,-0.02511220851398077,-0.012721687468961303,0.004304612999824073,-0.016629129467092163,1784980671.434059,0.09586469658688554,0.09619060785988326,1784980671.437452,17189.015625,nan,nan,40.72892379760742,nan
19.003571033477783,1784980671.478356,BSMC,circle,circle_dist_bsmc_30cm_yawfree_p01,1784980671.4758637,-0.07972166905422398,0.9265807455356584,-3.0457383149836974,0.09607698643540535,0.09610736625748643,1784980671.4648018,-0.08538291760375374,0.9269056768452413,-3.047233745951199,0.013554096221923828,0,0,1784980671.474023,-0.06752740503289811,0.9240733724243504,-3.070648451497781,1784980671.474067,-0.005887859069496201,0.0034735100420986167,-0.020804108767276563,-0.01750922558828815,0.0045020325186538755,-0.02341470554658231,1784980671.4741123,0.10098774033661331,0.09780121887001755,1784980671.437452,17189.015625,nan,nan,40.72892379760742,nan
19.043495178222656,1784980671.51828,BSMC,circle,circle_dist_bsmc_30cm_yawfree_p01,1784980671.4758637,-0.07972166905422398,0.9265807455356584,-3.0457383149836974,0.09607698643540535,0.09610736625748643,1784980671.4648018,-0.08538291760375374,0.9269056768452413,-3.047233745951199,0.053478240966796875,0,0,1784980671.5142624,-0.07179621490744903,0.9237608326941539,-3.0663682123925566,1784980671.5143123,-0.007619185117614274,0.0035654943570057004,-0.020629897408859232,-0.013229958348368532,0.004410979142190109,-0.01913446644135774,1784980671.5143676,0.09893304607643792,0.09953327640948349,1784980671.487724,17189.06640625,nan,nan,49.99127960205078,nan
19.083258628845215,1784980671.5580435,BSMC,circle,circle_dist_bsmc_30cm_yawfree_p01,1784980671.5254648,-0.08459313084332833,0.9261088054932954,-3.0409829180654264,0.09704775512048947,0.09606868068555073,1784980671.4648018,-0.08538291760375374,0.9269056768452413,-3.047233745951199,0.09324169158935547,0,0,1784980671.5536783,-0.07611136441578192,0.9234262215095796,-3.0620401055123687,1784980671.55372,-0.008169436083762726,0.0035209278087540066,-0.021057187446942294,-0.008902478067307026,0.004337532963721653,-0.014806359561169824,1784980671.5537667,0.09827893637556562,0.09998565851881662,1784980671.5385518,17189.1171875,nan,nan,51.1037483215332,nan
19.12356996536255,1784980671.5983548,BSMC,circle,circle_dist_bsmc_30cm_yawfree_p01,1784980671.5755734,-0.08961868487045002,0.9255949885461169,-3.0359402151136647,0.0983898964842925,0.09679589286343082,1784980671.5853095,-0.09856132365132313,0.9255373963952962,-3.0330416648926835,0.013045310974121094,0,0,1784980671.594505,-0.08050025627342494,0.9230666089623211,-3.0576365019585965,1784980671.5947232,-0.008800951197066212,0.0034758741958907397,-0.021696286844931745,-0.017687082180545113,0.0044129433835671805,-0.024594837065913033,1784980671.5947952,0.09752785256760793,0.10007913938228306,1784980671.5877264,17189.166015625,nan,nan,48.998809814453125,nan
19.163225173950195,1784980671.63801,BSMC,circle,circle_dist_bsmc_30cm_yawfree_p01,1784980671.6257224,-0.09595749771002132,0.9250336553281796,-3.0305316740017454,0.099592416314055,0.09776605024740448,1784980671.5853095,-0.09856132365132313,0.9255373963952962,-3.0330416648926835,0.05270051956176758,0,0,1784980671.6338642,-0.08475104414239154,0.9226997542329922,-3.0533699099328397,1784980671.633906,-0.010878738539615877,0.0035615647786100104,-0.022838235931094353,-0.01342156963716436,0.004317117282498657,-0.02032824504015629,1784980671.6339452,0.09505877298657987,0.09982329582821585,1784980671.5877264,17189.166015625,nan,nan,48.998809814453125,nan
19.203644037246704,1784980671.678429,BSMC,circle,circle_dist_bsmc_30cm_yawfree_p01,1784980671.6758568,-0.10207734811108772,0.9244956227190662,-3.02580745973662,0.09994691970270551,0.09821097032750958,1784980671.6634362,-0.10701451198059167,0.924842162341398,-3.028639142086038,0.014992713928222656,0,0,1784980671.6744401,-0.0891103989774793,0.9223045415873636,-3.048992673566568,1784980671.6744773,-0.006502438875452377,0.003471183016565782,-0.01846099956482261,-0.01750399554824,0.004539484702773866,-0.020353531480529874,1784980671.6745358,0.1002632019182427,0.10146721960722281,1784980671.6407416,17189.220703125,nan,nan,53.29047775268555,nan
19.24328851699829,1784980671.7180734,BSMC,circle,circle_dist_bsmc_30cm_yawfree_p01,1784980671.6758568,-0.10207734811108772,0.9244956227190662,-3.02580745973662,0.09994691970270551,0.09821097032750958,1784980671.6634362,-0.10701451198059167,0.924842162341398,-3.028639142086038,0.05463719367980957,0,0,1784980671.7137125,-0.09331913232520461,0.9219047200877948,-3.0447649885918975,1784980671.7137606,-0.008400255770017117,0.003585362351996676,-0.018957528855277683,-0.013277016948337095,0.004462377376692058,-0.016125846505859354,1784980671.713809,0.09800949003558507,0.1012883789464155,1784980671.6886842,17189.267578125,nan,nan,47.688934326171875,nan
19.2833309173584,1784980671.7581158,BSMC,circle,circle_dist_bsmc_30cm_yawfree_p01,1784980671.7254834,-0.10679285313419339,0.9239426965621945,-3.021089973299877,0.09834805277579617,0.09767533319067503,1784980671.6634362,-0.10701451198059167,0.924842162341398,-3.028639142086038,0.09467959403991699,0,0,1784980671.7539432,-0.09763211818054918,0.9214763568162322,-3.040430779149759,1784980671.7539876,-0.008797822556220811,0.0035496781407170705,-0.01934080584988207,-0.008943233144209858,0.004401879278287752,-0.011791637063720994,1784980671.7540317,0.09753678564979498,0.10038866938049418,1784980671.7435694,17189.322265625,nan,nan,54.89503479003906,nan
19.323533296585083,1784980671.7983181,BSMC,circle,circle_dist_bsmc_30cm_yawfree_p01,1784980671.7756531,-0.11165437527361591,0.9233482946732291,-3.016208115022666,0.09809238679446668,0.0976201645304798,1784980671.7829218,-0.11904989870903257,0.9234166212859007,-3.0168518107908255,0.015396356582641602,0,0,1784980671.7937162,-0.10191998219680742,0.9210317632153527,-3.0361199242379544,1784980671.793756,-0.009368277934058944,0.0035156926941033923,-0.019911809215288567,-0.016700097802940895,0.004497590588823127,-0.019268113447128865,1784980671.7937982,0.09685844487175076,0.09998168289330216,1784980671.7886586,17189.3671875,nan,nan,45.088924407958984,nan
19.363635778427124,1784980671.8384206,BSMC,circle,circle_dist_bsmc_30cm_yawfree_p01,1784980671.8255239,-0.11766682812466515,0.9227366766746484,-3.0116673892585513,0.09878784901401243,0.09732381021913458,1784980671.7829218,-0.11904989870903257,0.9234166212859007,-3.0168518107908255,0.05549883842468262,0,0,1784980671.8343956,-0.10628666470696391,0.9205597825635948,-3.0317278048303007,1784980671.834437,-0.01100220813005457,0.0036329607274627473,-0.020060415571749424,-0.012308621962145772,0.004422611792799688,-0.014875994039475149,1784980671.8344836,0.09491864898361758,0.10066985580299445,1784980671.7886586,17189.3671875,nan,nan,45.088924407958984,nan
19.40334415435791,1784980671.878129,BSMC,circle,circle_dist_bsmc_30cm_yawfree_p01,1784980671.8756638,-0.12365095381695095,0.9221106584472704,-3.006832649190103,0.1007597044193626,0.09807342092330015,1784980671.8658447,-0.12716583802891013,0.9226410311431439,-3.0091608749392953,0.012284278869628906,0,0,1784980671.8736985,-0.11050521272874891,0.920085373376052,-3.0274826618935946,1784980671.8737376,-0.006757751333999638,0.003556816156058517,-0.015815272635043343,-0.01617727834037761,0.004733232247927247,-0.01832178695429931,1784980671.8737788,0.09996504281424644,0.10227189656108826,1784980671.847396,17189.42578125,nan,nan,58.74578094482422,nan
19.443246364593506,1784980671.9180312,BSMC,circle,circle_dist_bsmc_30cm_yawfree_p01,1784980671.8756638,-0.12365095381695095,0.9221106584472704,-3.006832649190103,0.1007597044193626,0.09807342092330015,1784980671.8658447,-0.12716583802891013,0.9226410311431439,-3.0091608749392953,0.05218648910522461,0,0,1784980671.9139357,-0.11482360093354349,0.9195809387934498,-3.023134908368814,1784980671.913977,-0.008407446456745401,0.003692761098702032,-0.01630225917871098,-0.011830095076467631,0.004663028220870717,-0.01397403342951886,1784980671.914018,0.09800601013634301,0.10298711074604612,1784980671.8886247,17189.466796875,nan,nan,41.25687789916992,nan
19.483222007751465,1784980671.9580069,BSMC,circle,circle_dist_bsmc_30cm_yawfree_p01,1784980671.9254124,-0.12881355431188263,0.9214051639788426,-3.0018057063648578,0.10225949594281897,0.09858238292786545,1784980671.8658447,-0.12716583802891013,0.9226410311431439,-3.0091608749392953,0.0921621322631836,0,0,1784980671.953748,-0.11909178775786378,0.9190636530280861,-3.018835486104715,1784980671.9537888,-0.009300689824207493,0.003673225729142637,-0.017029779739857087,-0.007530976681088165,0.004612191690116983,-0.009674611165419567,1784980671.9538338,0.09694442083365566,0.10330878773675858,1784980671.9382327,17189.517578125,nan,nan,49.59805679321289,nan
19.523537635803223,1784980671.9983225,BSMC,circle,circle_dist_bsmc_30cm_yawfree_p01,1784980671.97549,-0.13379548369829458,0.9207086904672962,-2.9976075886121474,0.10162068155854569,0.09624487987296745,1784980671.986368,-0.14055742202484187,0.9206782414657626,-2.997646058398557,0.011954545974731445,0,0,1784980671.9950485,-0.12351846856814575,0.9185074722036393,-3.014373998334634,1784980671.9950862,-0.009854820493747416,0.0036530692390893565,-0.01676640972248666,-0.016551332353222377,0.004592556088063648,-0.016727939936076908,1784980671.9952576,0.0962871483547985,0.10458127232669351,1784980671.98924,17189.568359375,nan,nan,50.4371452331543,nan
19.563251495361328,1784980672.0380363,BSMC,circle,circle_dist_bsmc_30cm_yawfree_p01,1784980672.0257382,-0.13981860455812217,0.9199731377920578,-2.993117815255724,0.10212264001485166,0.09574686166885162,1784980671.986368,-0.14055742202484187,0.9206782414657626,-2.997646058398557,0.051668405532836914,0,0,1784980672.03343,-0.12763959524618051,0.9179716353793246,-3.0102181793954252,1784980672.033468,-0.01174893186687416,0.003781121489199654,-0.017100364139701174,-0.012395962364297642,0.004531675435593336,-0.012572120996868108,1784980672.0335102,0.09403822744631526,0.10524468455722534,1784980671.98924,17189.568359375,nan,nan,50.4371452331543,nan
19.604188680648804,1784980672.0789735,BSMC,circle,circle_dist_bsmc_30cm_yawfree_p01,1784980672.0755336,-0.14568333316235468,0.9192341736444398,-2.9884208805072534,0.10228422747145122,0.0955620865588008,1784980672.0635407,-0.14901242844026455,0.9196667402728826,-2.989420244164445,0.01543283462524414,0,0,1784980672.0736449,-0.1319348037818171,0.9173946131799224,-3.0058843819405916,1784980672.0736868,-0.007415621030797238,0.0037164053308881726,-0.01276656668486753,-0.016535855218459336,0.004834595918536236,-0.016464137776146526,1784980672.07373,0.09918885675383622,0.10688972093214494,1784980672.0381927,17189.6171875,nan,nan,49.58372116088867,nan
19.643672943115234,1784980672.1184578,BSMC,circle,circle_dist_bsmc_30cm_yawfree_p01,1784980672.0755336,-0.14568333316235468,0.9192341736444398,-2.9884208805072534,0.10228422747145122,0.0955620865588008,1784980672.0635407,-0.14901242844026455,0.9196667402728826,-2.989420244164445,0.054917097091674805,0,0,1784980672.1138031,-0.13622813421735036,0.9167988884443721,-3.0015499150063873,1784980672.1139956,-0.00897293855577319,0.003849386284799025,-0.013129034499133942,-0.012201834655168407,0.0047726286191426825,-0.012129670841942275,1784980672.1140802,0.09733981400446873,0.10709927049322007,1784980672.0907686,17189.669921875,nan,nan,52.45172119140625,nan
19.683470964431763,1784980672.1582558,BSMC,circle,circle_dist_bsmc_30cm_yawfree_p01,1784980672.1258805,-0.1506253558888215,0.9184646261214314,-2.9835842078904884,0.10115753420105227,0.09564959897434663,1784980672.0635407,-0.14901242844026455,0.9196667402728826,-2.989420244164445,0.09471511840820312,0,0,1784980672.153879,-0.1405142555448763,0.9161852268991375,-2.997220082929361,1784980672.1539145,-0.009626474972375836,0.003842003459934005,-0.013635875038872758,-0.00787222092665024,0.004729483651889285,-0.0077998387649160774,1784980672.1539528,0.09656333376060952,0.10605434537540441,1784980672.1391969,17189.71875,nan,nan,48.396671295166016,nan
19.723346710205078,1784980672.1981316,BSMC,circle,circle_dist_bsmc_30cm_yawfree_p01,1784980672.1760771,-0.1554045026806716,0.9176946381211933,-2.9786475589295662,0.09948879010146029,0.096083094285953,1784980672.1850686,-0.16113794999503103,0.9178965923624689,-2.978973308271801,0.01306295394897461,0,0,1784980672.1935446,-0.14476060244668698,0.9155585667389013,-2.992927741697061,1784980672.193583,-0.010156384797269491,0.00383448314523064,-0.014280182767494763,-0.015782739811444776,0.004958729734513204,-0.013954433425260149,1784980672.1936238,0.0959333595572985,0.10434689106046055,1784980672.1898317,17189.767578125,nan,nan,50.51102066040039,nan
19.763468265533447,1784980672.238253,BSMC,circle,circle_dist_bsmc_30cm_yawfree_p01,1784980672.225615,-0.1608604194203949,0.9169595853707829,-2.9742076778324957,0.09811290817978136,0.0957613927976142,1784980672.1850686,-0.16113794999503103,0.9178965923624689,-2.978973308271801,0.05318450927734375,0,0,1784980672.2358315,-0.14927338437802395,0.914872153421608,-2.9883630511071564,1784980672.2358747,-0.011077317025257058,0.00398870915679727,-0.014155373274660652,-0.011218364122066886,0.004905451519685506,-0.009389742835355541,1784980672.2359211,0.09484040464369613,0.1038195534746588,1784980672.1898317,17189.767578125,nan,nan,50.51102066040039,nan
19.803133964538574,1784980672.2779188,BSMC,circle,circle_dist_bsmc_30cm_yawfree_p01,1784980672.2752085,-0.16628663911397365,0.9162107423911691,-2.9697160819866464,0.09765421304058439,0.09500288760692209,1784980672.2710767,-0.1695731388863271,0.9167302739256284,-2.970064311511333,0.006842136383056641,0,0,1784980672.274214,-0.15335344478595547,0.914233399465728,-2.9842332903649686,1784980672.274253,-0.006947861058127016,0.003938779565804493,-0.010025612532472916,-0.015555483198451635,0.0052287475786102315,-0.014168978853635661,1784980672.2742956,0.09974746127250671,0.10539500507419795,1784980672.2668583,17189.845703125,nan,nan,77.12065887451172,nan
19.843567371368408,1784980672.3183522,BSMC,circle,circle_dist_bsmc_30cm_yawfree_p01,1784980672.2752085,-0.16628663911397365,0.9162107423911691,-2.9697160819866464,0.09765421304058439,0.09500288760692209,1784980672.2710767,-0.1695731388863271,0.9167302739256284,-2.970064311511333,0.047275543212890625,0,0,1784980672.3140657,-0.15757360770052464,0.9135545315471083,-2.979958870580423,1784980672.314104,-0.008130353766197976,0.004107276481602567,-0.010242788593776808,-0.011281376053865545,0.0051773200272963345,-0.009894559069090203,1784980672.3141487,0.09834360473427321,0.1056723823096023,1784980672.2911203,17189.869140625,nan,nan,24.261911392211914,nan
19.884190797805786,1784980672.3589756,BSMC,circle,circle_dist_bsmc_30cm_yawfree_p01,1784980672.3257015,-0.17126998310009456,0.9153444200345754,-2.965222178509372,0.09862485585910066,0.09396082070526815,1784980672.2710767,-0.1695731388863271,0.9167302739256284,-2.970064311511333,0.08789896965026855,0,0,1784980672.3536577,-0.161824022310758,0.9128520726483406,-2.9756507965829253,1784980672.3537016,-0.008862124547820514,0.0041110484339487675,-0.01042861807355333,-0.006973434447706172,0.005143973644223149,-0.0055864850715923176,1784980672.3537486,0.09747478538691642,0.10700203779454698,1784980672.3394709,17189.91796875,nan,nan,48.55268478393555,nan
19.923487186431885,1784980672.398272,BSMC,circle,circle_dist_bsmc_30cm_yawfree_p01,1784980672.3760705,-0.17635379495967757,0.9144363649241203,-2.9606095023574084,0.10004088917304446,0.09358109707551847,1784980672.3837504,-0.18264017272766225,0.9144248372297872,-2.9572853972606223,0.014521598815917969,0,0,1784980672.3938463,-0.16611864827981004,0.912123180466069,-2.9712947518136383,1784980672.3938832,-0.00965161242543005,0.004117696866533222,-0.01068524945622995,-0.015819892269245395,0.005290501160421167,-0.014009354553015996,1784980672.3939266,0.09653737068365469,0.1081547479154601,1784980672.3896475,17189.96875,nan,nan,50.09345245361328,nan
19.963329792022705,1784980672.4381146,BSMC,circle,circle_dist_bsmc_30cm_yawfree_p01,1784980672.4253256,-0.18199731803623373,0.9135473938432223,-2.956151197479393,0.09937604809056391,0.09178220252368581,1784980672.3837504,-0.18264017272766225,0.9144248372297872,-2.9572853972606223,0.05436420440673828,0,0,1784980672.43348,-0.17033406155076058,0.9113889944347737,-2.9670158774163604,1784980672.4335182,-0.01106532274603538,0.004271869892493728,-0.01086467993696738,-0.01154132256827356,0.005239712506365082,-0.009730480155738075,1784980672.4335608,0.09485908773457043,0.1091052054580615,1784980672.3896475,17189.96875,nan,nan,50.09345245361328,nan
20.00378131866455,1784980672.4785662,BSMC,circle,circle_dist_bsmc_30cm_yawfree_p01,1784980672.4756546,-0.18774628500384993,0.912590920346587,-2.9503497624314567,0.09941277627217866,0.09412703358172213,1784980672.4651237,-0.19136181914047357,0.9129287859672595,-2.9484418714948815,0.013442516326904297,0,0,1784980672.4735253,-0.17458392222491892,0.9106299746347258,-2.962698765447366,1784980672.473566,-0.006748377739571277,0.004234285084566544,-0.006547567967972956,-0.016024638809826578,0.005476614781611261,-0.014256893952484528,1784980672.4736092,0.09998736061649945,0.11076291535186651,1784980672.4438524,17190.0234375,nan,nan,54.22111511230469,nan
20.04356098175049,1784980672.5183458,BSMC,circle,circle_dist_bsmc_30cm_yawfree_p01,1784980672.4756546,-0.18774628500384993,0.912590920346587,-2.9503497624314567,0.09941277627217866,0.09412703358172213,1784980672.4651237,-0.19136181914047357,0.9129287859672595,-2.9484418714948815,0.0532221794128418,0,0,1784980672.5135725,-0.17884115082819174,0.9098506350999556,-2.958370787313211,1784980672.5136163,-0.008221910981409446,0.004383007840873652,-0.008021024881754268,-0.011696980507632503,0.005424278270159743,-0.009928915818329553,1784980672.5136628,0.09823711749432518,0.108592143697555,1784980672.4898236,17190.068359375,nan,nan,45.94119644165039,nan
20.083364725112915,1784980672.5581496,BSMC,circle,circle_dist_bsmc_30cm_yawfree_p01,1784980672.5257614,-0.1925944937714981,0.9116384770473624,-2.944861756700265,0.09911445486653828,0.09677633469766711,1784980672.4651237,-0.19136181914047357,0.9129287859672595,-2.9484418714948815,0.09302592277526855,0,0,1784980672.5532863,-0.18307194567571194,0.9090572463678632,-2.9540662409570095,1784980672.553323,-0.008834327316936763,0.004392759373625344,-0.009204484256744474,-0.00739256763522479,0.005390803714668059,-0.005624369462128075,1784980672.5533636,0.09750907849045319,0.10605516789772523,1784980672.5525956,17190.130859375,nan,nan,62.78776168823242,nan
20.123263597488403,1784980672.5980484,BSMC,circle,circle_dist_bsmc_30cm_yawfree_p01,1784980672.5756211,-0.19734557418482976,0.9106817933148343,-2.9398135707368946,0.09836833525673315,0.09749733239548353,1784980672.5856285,-0.20372251144176406,0.9108297282629723,-2.93633423658146,0.012419939041137695,0,0,1784980672.593478,-0.18732542238888028,0.9082405768713856,-2.949735069921243,1784980672.5935137,-0.009327608105561328,0.004399853039216278,-0.00992149918434837,-0.015525165794324244,0.005876858122798336,-0.013400833339782814,1784980672.5935519,0.0969228136704146,0.10478494581236722,1784980672.5525956,17190.130859375,nan,nan,62.78776168823242,nan
20.164079904556274,1784980672.6388648,BSMC,circle,circle_dist_bsmc_30cm_yawfree_p01,1784980672.6256602,-0.2029911646436886,0.9097045332732735,-2.9344234773309408,0.09806611603852318,0.09808175508301996,1784980672.5856285,-0.20372251144176406,0.9108297282629723,-2.93633423658146,0.05323624610900879,0,0,1784980672.6335528,-0.19156926081857228,0.9074066971850808,-2.9454100786950472,1784980672.6335928,-0.010705027589038182,0.004598078076363952,-0.010986601364106452,-0.011200451059632485,0.005828253471761462,-0.00907584211358703,1784980672.6336641,0.09528661422526066,0.10394954669665597,1784980672.6038446,17190.18359375,nan,nan,51.31337356567383,nan
20.203543186187744,1784980672.678328,BSMC,circle,circle_dist_bsmc_30cm_yawfree_p01,1784980672.6754193,-0.20871437012517555,0.9086546519219825,-2.9283936290323984,0.09842386705819274,0.09988588430338617,1784980672.664151,-0.21268323151381235,0.909059668796047,-2.925813614232692,0.014177083969116211,0,0,1784980672.673862,-0.19583773953337458,0.9065487214622868,-2.941056222608316,1784980672.673902,-0.006351343892046583,0.0045597225529846455,-0.006632745277375118,-0.015917228114101425,0.006059480649327155,-0.015242608375623856,1784980672.6739416,0.10045857917011465,0.10562110674685457,1784980672.6403043,17190.21875,nan,nan,36.563804626464844,nan
20.243221044540405,1784980672.718006,BSMC,circle,circle_dist_bsmc_30cm_yawfree_p01,1784980672.6754193,-0.20871437012517555,0.9086546519219825,-2.9283936290323984,0.09842386705819274,0.09988588430338617,1784980672.664151,-0.21268323151381235,0.909059668796047,-2.925813614232692,0.053854942321777344,0,0,1784980672.7138107,-0.20006175218659172,0.9056806243706494,-2.9367439257409456,1784980672.7138553,-0.00782744711751804,0.004737479149257439,-0.008350296708547145,-0.011605303834603762,0.006003049603559807,-0.01093031150825352,1784980672.7139025,0.09870505501080815,0.10416520971382322,1784980672.7039387,17190.283203125,nan,nan,63.292545318603516,nan
20.28345775604248,1784980672.7582426,BSMC,circle,circle_dist_bsmc_30cm_yawfree_p01,1784980672.725369,-0.21349854782973166,0.9076106834101606,-2.9232182790204098,0.09827496143018585,0.10054447528445062,1784980672.664151,-0.21268323151381235,0.909059668796047,-2.925813614232692,0.09409165382385254,0,0,1784980672.7536008,-0.20427283882609726,0.9047962609641975,-2.93244097583555,1784980672.7536442,-0.00839688227895684,0.0047462667768913055,-0.009222696815140097,-0.007302523057438769,0.00596527522397941,-0.0066273616028578175,1784980672.7537289,0.09802830762806176,0.10330872168067824,1784980672.7404897,17190.318359375,nan,nan,36.70400619506836,nan
20.323720693588257,1784980672.7985055,BSMC,circle,circle_dist_bsmc_30cm_yawfree_p01,1784980672.7752721,-0.21800965879355447,0.9066132288953703,-2.9190297279428483,0.09625589120444354,0.09790914479765889,1784980672.7843943,-0.22597461822198478,0.9065924355046141,-2.915424202027118,0.01411128044128418,0,0,1784980672.7936363,-0.20848992055745041,0.9038916528904235,-2.928127957990396,1784980672.7936668,-0.008684199682603269,0.004755740521445329,-0.009098230047547506,-0.01643377298294905,0.006552860802289446,-0.012703755963277885,1784980672.7937074,0.09768738500692466,0.10372750790666209,1784980672.7933958,17190.37109375,nan,nan,52.19231033325195,nan
20.363765716552734,1784980672.8385506,BSMC,circle,circle_dist_bsmc_30cm_yawfree_p01,1784980672.8253996,-0.22378208503415814,0.9055322978696347,-2.913723416435046,0.09574166223819447,0.09800953784654876,1784980672.7843943,-0.22597461822198478,0.9065924355046141,-2.915424202027118,0.05415630340576172,0,0,1784980672.8335953,-0.21271264020145808,0.9029667452422123,-2.9238051296975494,1784980672.833632,-0.010203734753062868,0.00499984662538774,-0.010081713262503289,-0.012111188275190754,0.006507288948455446,-0.008380927670431415,1784980672.833772,0.09588267828371858,0.10315150450426394,1784980672.7933958,17190.37109375,nan,nan,52.19231033325195,nan
20.403999090194702,1784980672.878784,BSMC,circle,circle_dist_bsmc_30cm_yawfree_p01,1784980672.875793,-0.22971213809371588,0.9043610469518296,-2.908275854811015,0.09650898892927279,0.09887514319217267,1784980672.8646827,-0.23493134004122362,0.9045780410074636,-2.9076581751190282,0.014101266860961914,0,0,1784980672.8737118,-0.21693177428642163,0.9020234900999571,-2.9194818379189846,1784980672.8737533,-0.0058805819351718264,0.004965606247864949,-0.0057584214839385695,-0.016917129766824895,0.006657388238107371,-0.011823662799956391,1784980672.8737984,0.10101795863932772,0.10481400068589271,1784980672.8603795,17190.4375,nan,nan,67.01084899902344,nan
20.443331003189087,1784980672.9181159,BSMC,circle,circle_dist_bsmc_30cm_yawfree_p01,1784980672.875793,-0.22971213809371588,0.9043610469518296,-2.908275854811015,0.09650898892927279,0.09887514319217267,1784980672.8646827,-0.23493134004122362,0.9045780410074636,-2.9076581751190282,0.05343317985534668,0,0,1784980672.9136856,-0.2211422744410756,0.901063043815863,-2.9151631809975984,1784980672.9137254,-0.007575145025576386,0.0051900448505938866,-0.006887326186583388,-0.012598677879703271,0.006615651975854057,-0.00750500587857017,1784980672.9137669,0.09900574136061825,0.10452079048871185,1784980672.892678,17190.470703125,nan,nan,32.98591613769531,nan
20.48366951942444,1784980672.9584544,BSMC,circle,circle_dist_bsmc_30cm_yawfree_p01,1784980672.9257889,-0.2345193517412369,0.9032104493507707,-2.903021399786767,0.09740177615790901,0.09993834715728914,1784980672.8646827,-0.23493134004122362,0.9045780410074636,-2.9076581751190282,0.09377169609069824,0,0,1784980672.954295,-0.22539847001523028,0.9000727024608163,-2.9107932831551913,1784980672.95434,-0.00812105197883211,0.0052042726448877415,-0.0077718833684241595,-0.008228845354706096,0.006592403998597236,-0.0031351080361630146,1784980672.954386,0.09835704960030515,0.10408625457757821,1784980672.942053,17190.521484375,nan,nan,49.20976638793945,nan
20.523178815841675,1784980672.9979637,BSMC,circle,circle_dist_bsmc_30cm_yawfree_p01,1784980672.9754624,-0.23942170397027598,0.9020042491028882,-2.8973202400695155,0.09893313677011592,0.10228864707243707,1784980672.9852664,-0.24722071033586798,0.9020051911641094,-2.8947189857006523,0.012697219848632812,0,0,1784980672.9938369,-0.2295751752070846,0.8990817678616853,-2.9065006329324126,1784980672.993874,-0.008847417005715386,0.0052171100828444185,-0.009180392862897069,-0.01639613532233686,0.00714689165147356,-0.011781647231760228,1784980672.9939117,0.09749356494707118,0.10305599966073627,1784980672.942053,17190.521484375,nan,nan,49.20976638793945,nan
20.563361644744873,1784980673.0381465,BSMC,circle,circle_dist_bsmc_30cm_yawfree_p01,1784980673.025702,-0.24540943268620333,0.9007668018048784,-2.8918749141943376,0.09948099834925606,0.1026653271531873,1784980672.9852664,-0.24722071033586798,0.9020051911641094,-2.8947189857006523,0.052880048751831055,0,0,1784980673.0334427,-0.23374703786588447,0.8980730476286555,-2.9022085491921783,1784980673.0334775,-0.010634944452685558,0.005492332928293001,-0.01033363499784068,-0.012104254123959095,0.007105535498076333,-0.007489563491525963,1784980673.0335176,0.09537055464931227,0.10296262760466146,1784980673.0211484,17190.599609375,nan,nan,79.20282745361328,nan
20.603198289871216,1784980673.0779831,BSMC,circle,circle_dist_bsmc_30cm_yawfree_p01,1784980673.0753098,-0.2509932882002502,0.8995884992469588,-2.8864385006014652,0.0991732700993212,0.10352641179152118,1784980673.066594,-0.2549056602141759,0.9002838942985123,-2.8865082653165715,0.01138925552368164,0,0,1784980673.0738335,-0.2379492914654655,0.8970377884669821,-2.8978806483056423,1784980673.0738862,-0.006307191373088014,0.005456975764176014,-0.0060057341113046725,-0.015588614301001703,0.007419619153726227,-0.011372382989070838,1784980673.0739293,0.1005114161285192,0.10462613924250123,1784980673.042582,17190.62109375,nan,nan,20.884923934936523,nan
20.643633604049683,1784980673.1184185,BSMC,circle,circle_dist_bsmc_30cm_yawfree_p01,1784980673.0753098,-0.2509932882002502,0.8995884992469588,-2.8864385006014652,0.0991732700993212,0.10352641179152118,1784980673.066594,-0.2549056602141759,0.9002838942985123,-2.8865082653165715,0.05182456970214844,0,0,1784980673.11496,-0.2422026882172198,0.8959702534847002,-2.8934953266885164,1784980673.115007,-0.007592773435369566,0.0057198026204496695,-0.00705682608705116,-0.011203480965963526,0.007379363717240746,-0.006987061371944935,1784980673.115054,0.0989846888084771,0.10373487179524164,1784980673.095896,17190.673828125,nan,nan,53.79572677612305,nan
20.683404684066772,1784980673.1581895,BSMC,circle,circle_dist_bsmc_30cm_yawfree_p01,1784980673.1256843,-0.2555117772930238,0.8984030895390446,-2.88140948928357,0.09661061978560483,0.10287842138144702,1784980673.066594,-0.2549056602141759,0.9002838942985123,-2.8865082653165715,0.09159564971923828,0,0,1784980673.154065,-0.24635928451740163,0.8949078266968417,-2.889205096891153,1784980673.154109,-0.007945263397123589,0.005732170260401282,-0.0077956076075826886,-0.006913304749753885,0.007358590751303984,-0.0026968315745814486,1784980673.1541562,0.0985656907033431,0.10222668787048796,1784980673.095896,17190.673828125,nan,nan,53.79572677612305,nan
20.72422981262207,1784980673.1990147,BSMC,circle,circle_dist_bsmc_30cm_yawfree_p01,1784980673.1763775,-0.2600709157476634,0.8971860865787266,-2.8764840646608176,0.09521863159044727,0.10194347848923092,1784980673.1869128,-0.2680799098990614,0.8961902896571076,-2.8809618473494405,0.012101888656616211,0,0,1784980673.1938634,-0.25051711243596986,0.8938260473323403,-2.8849088417794584,1784980673.193903,-0.008339654620822763,0.005745883940802489,-0.008424777118640758,-0.016360418101505375,0.006810155361203628,-0.003946994430017892,1784980673.193949,0.09809699723680011,0.10165858288643123,1784980673.1928415,17190.771484375,nan,nan,33.209346771240234,nan
20.76342272758484,1784980673.2382076,BSMC,circle,circle_dist_bsmc_30cm_yawfree_p01,1784980673.225823,-0.26588671624541477,0.8958103151734497,-2.8730082044023075,0.0963088837730845,0.0996530902942988,1784980673.1869128,-0.2680799098990614,0.8961902896571076,-2.8809618473494405,0.051294803619384766,0,0,1784980673.233678,-0.254686797746973,0.8927219965121277,-2.880595463445413,1784980673.2337177,-0.009978835889656427,0.005949682412777373,-0.007587259043105644,-0.012047050023865418,0.006802433107382689,0.0003663839040273231,1784980673.2337596,0.09615201322290184,0.10427010150063357,1784980673.1928415,17190.771484375,nan,nan,33.209346771240234,nan
20.80386257171631,1784980673.2786474,BSMC,circle,circle_dist_bsmc_30cm_yawfree_p01,1784980673.275247,-0.2705662498982091,0.8945144684636707,-2.8678585754413746,0.09696851020840162,0.100352556956625,1784980673.2747903,-0.2767494926557346,0.8939758090394858,-2.869505590276273,0.003857135772705078,0,0,1784980673.2736,-0.2588510111915666,0.8916001528828955,-2.8762827803399444,1784980673.2736385,-0.005666219727175877,0.00592626071995753,-0.0032745759376369143,-0.016601594827312334,0.007098339952923306,-0.006777190063671501,1784980673.2736773,0.10127361815059079,0.10593609320744553,1784980673.2442577,17190.822265625,nan,nan,50.94122314453125,nan
20.843517541885376,1784980673.3183024,BSMC,circle,circle_dist_bsmc_30cm_yawfree_p01,1784980673.275247,-0.2705662498982091,0.8945144684636707,-2.8678585754413746,0.09696851020840162,0.100352556956625,1784980673.2747903,-0.2767494926557346,0.8939758090394858,-2.869505590276273,0.04351210594177246,0,0,1784980673.3135355,-0.2630184635490589,0.8904581179618166,-2.871961677243936,1784980673.3135722,-0.0061702219558749756,0.005945705944759479,-0.004103101802561238,-0.012280541141585347,0.007078391068323309,-0.0024560869676628627,1784980673.3137534,0.10067503742565413,0.10561570424582697,1784980673.304316,17190.8828125,nan,nan,60.94395446777344,nan
20.88330316543579,1784980673.358088,BSMC,circle,circle_dist_bsmc_30cm_yawfree_p01,1784980673.3258305,-0.2763247048458214,0.8930650459571353,-2.8628083706614036,0.09745989393051496,0.10129528659727108,1784980673.2747903,-0.2767494926557346,0.8939758090394858,-2.869505590276273,0.0832977294921875,0,0,1784980673.3545172,-0.26727077631767693,0.8892728362661946,-2.867547259023416,1784980673.3545558,-0.007660795584529376,0.00613731921484195,-0.004738888362012528,-0.007866126642119222,0.00707729241827852,0.0019583312528568264,1784980673.354595,0.09890542296203605,0.10527159162906222,1784980673.355249,17190.93359375,nan,nan,51.68191146850586,nan
20.923309326171875,1784980673.3980942,BSMC,circle,circle_dist_bsmc_30cm_yawfree_p01,1784980673.375682,-0.2810109200479423,0.891710245212155,-2.857201271520716,0.09761580362417041,0.10312829937127706,1784980673.3851316,-0.2891724104374484,0.8904933628952665,-2.853791075238011,0.012962579727172852,0,0,1784980673.393822,-0.2713503772470114,0.8881166473850646,-2.8633069826867463,1784980673.3938637,-0.008264236124274196,0.006159743000623405,-0.006105711166030314,-0.0164143979780589,0.007337655121043018,-0.009515907448735206,1784980673.3939095,0.098188338622463,0.10374070774924594,1784980673.3978343,17190.9765625,nan,nan,42.40843200683594,nan
20.96348237991333,1784980673.4382672,BSMC,circle,circle_dist_bsmc_30cm_yawfree_p01,1784980673.4258757,-0.2869519571970491,0.8901128861338992,-2.8511985310151946,0.09831989717428284,0.10482671144400865,1784980673.3851316,-0.2891724104374484,0.8904933628952665,-2.853791075238011,0.05313563346862793,0,0,1784980673.433901,-0.27551529624357396,0.8869169648253971,-2.8589727217461944,1784980673.433939,-0.01004273282180052,0.006336769227675156,-0.007774190730999831,-0.012080257464345396,0.007305803915642672,-0.005181646508183313,1784980673.433981,0.09607601250271797,0.10268390161165586,1784980673.3978343,17190.9765625,nan,nan,42.40843200683594,nan
21.003156185150146,1784980673.477941,BSMC,circle,circle_dist_bsmc_30cm_yawfree_p01,1784980673.4756093,-0.29254839519137915,0.8886065518947769,-2.846885540573272,0.09773598846400382,0.1022310414265471,1784980673.4652689,-0.2970765725393418,0.8882758222844384,-2.848269194989942,0.012672185897827148,0,0,1784980673.4738305,-0.27966047961965557,0.8857035196072575,-2.8546535755898836,1784980673.4738703,-0.005723658100731039,0.006312519019681178,-0.003455044574689037,-0.01592847728059861,0.007498042756055081,-0.006384380599941508,1784980673.4739134,0.1012053732190908,0.10435183602279982,1784980673.4444711,17191.021484375,nan,nan,44.84003448486328,nan
21.043294429779053,1784980673.5180793,BSMC,circle,circle_dist_bsmc_30cm_yawfree_p01,1784980673.4756093,-0.29254839519137915,0.8886065518947769,-2.846885540573272,0.09773598846400382,0.1022310414265471,1784980673.4652689,-0.2970765725393418,0.8882758222844384,-2.848269194989942,0.0528104305267334,0,0,1784980673.5138628,-0.28380886795837124,0.8844696385083812,-2.8503255717065215,1784980673.513901,-0.007161136006846756,0.006497039303749784,-0.0034400311332496436,-0.011600515319415017,0.007479777009312821,-0.0020563767165793223,1784980673.5139475,0.0994990925345364,0.10569934550513338,1784980673.5102835,17191.087890625,nan,nan,66.21094512939453,nan
21.083540439605713,1784980673.5583253,BSMC,circle,circle_dist_bsmc_30cm_yawfree_p01,1784980673.5254557,-0.2973780510885624,0.8871315886531662,-2.841385158026184,0.09926159742105471,0.10367224605409954,1784980673.4652689,-0.2970765725393418,0.8882758222844384,-2.848269194989942,0.09305644035339355,0,0,1784980673.5537348,-0.2879076863165304,0.8832312705187796,-2.846043761899698,1784980673.553776,-0.007893408173856666,0.006526438375229073,-0.004658603873513911,-0.007318708798814522,0.007480138942655142,0.0022254330902442554,1784980673.5538216,0.09862935255988893,0.10533744752456302,1784980673.5102835,17191.087890625,nan,nan,66.21094512939453,nan
21.123785495758057,1784980673.5985703,BSMC,circle,circle_dist_bsmc_30cm_yawfree_p01,1784980673.5756638,-0.30213848272469007,0.8856579322278995,-2.836180417298852,0.09926159742105471,0.10367224605409954,1784980673.4652689,-0.2970765725393418,0.8882758222844384,-2.848269194989942,0.1333014965057373,0,0,1784980673.5946019,-0.2921406952316561,0.8819322164288919,-2.8416159025933623,1784980673.5946395,-0.008414848756785675,0.0065594994756661236,-0.005435485294510212,-0.0028908967415478704,0.007499795735668954,0.006653292396579858,1784980673.5946827,0.09800997912660246,0.10505883285475574,1784980673.5771556,17191.15625,nan,nan,67.99433898925781,nan
21.163528442382812,1784980673.6383133,BSMC,circle,circle_dist_bsmc_30cm_yawfree_p01,1784980673.625656,-0.3081756271063792,0.8839269902830597,-2.8310358493100476,0.10281072759694244,0.10601327959135202,1784980673.5972443,-0.30956726891359543,0.8844182284567207,-2.8381725360713266,0.04106903076171875,0,0,1784980673.6336472,-0.2961703983906534,0.8806764617207133,-2.8373950669076327,1784980673.6336806,-0.010437616070867803,0.006763698929482184,-0.006359217597585065,-0.011666917122787106,0.007573638687261304,0.0007774691636939224,1784980673.6337306,0.09560836599022257,0.10568012918647986,1784980673.5989237,17191.17578125,nan,nan,20.500080108642578,nan
21.203468322753906,1784980673.6782532,BSMC,circle,circle_dist_bsmc_30cm_yawfree_p01,1784980673.6756024,-0.31374482998693326,0.882301366031558,-2.8260259355054154,0.10203120289516947,0.10583825152035013,1784980673.6681585,-0.3173631360165163,0.8821774242003151,-2.827913104367857,0.010094642639160156,0,0,1784980673.6739862,-0.30030796411383776,0.8793676387481703,-2.833055424382913,1784980673.6740263,-0.006098015033947994,0.006745518514439688,-0.002019575072865543,-0.01535596934738893,0.007935237130612501,-0.00514232001505599,1784980673.674069,0.10076143590587093,0.10736036235474321,1784980673.6457112,17191.224609375,nan,nan,48.36143493652344,nan
21.243576049804688,1784980673.718361,BSMC,circle,circle_dist_bsmc_30cm_yawfree_p01,1784980673.6756024,-0.31374482998693326,0.882301366031558,-2.8260259355054154,0.10203120289516947,0.10583825152035013,1784980673.6681585,-0.3173631360165163,0.8821774242003151,-2.827913104367857,0.050202369689941406,0,0,1784980673.7136416,-0.30439002840820584,0.8780569759774518,-2.828768104245889,1784980673.7137356,-0.007575598777994774,0.006938116651051667,-0.002742168740473616,-0.011068671769615472,0.007922380944553031,-0.0008549998780318369,1784980673.7137861,0.09900735819834698,0.10688089587449498,1784980673.6965597,17191.275390625,nan,nan,50.69514846801758,nan
21.28352975845337,1784980673.7583146,BSMC,circle,circle_dist_bsmc_30cm_yawfree_p01,1784980673.7258425,-0.31815096579982705,0.8808621440112006,-2.8215620768451832,0.0980822697519548,0.1028589999591281,1784980673.6681585,-0.3173631360165163,0.8821774242003151,-2.827913104367857,0.09015607833862305,0,0,1784980673.7536557,-0.3085111827523125,0.876714137703874,-2.8244336888100983,1784980673.75369,-0.007845386296729689,0.006970027789317365,-0.002871611964915033,-0.006734263458485018,0.007928068592384752,0.0034794155577588803,1784980673.753728,0.09868708117370291,0.10617921075234162,1784980673.6965597,17191.275390625,nan,nan,50.69514846801758,nan
21.323500871658325,1784980673.7982857,BSMC,circle,circle_dist_bsmc_30cm_yawfree_p01,1784980673.7761662,-0.3226822089929194,0.8793519055219117,-2.816276161087682,0.09677861644681929,0.10322090731998243,1784980673.7868848,-0.33025197530295636,0.8781071297246572,-2.814294010140045,0.011400938034057617,0,0,1784980673.7935998,-0.3126037580528127,0.8753610158216003,-2.820123220136392,1784980673.7936358,-0.008274309313826129,0.007002726564083354,-0.0038470590487098555,-0.015828510473423065,0.008273993586507461,-0.00582920999634684,1784980673.7936728,0.09817759565285454,0.10478864273367336,1784980673.7592888,17191.337890625,nan,nan,63.027374267578125,nan
21.36341094970703,1784980673.8381958,BSMC,circle,circle_dist_bsmc_30cm_yawfree_p01,1784980673.8254197,-0.32846131880585905,0.8775696567143538,-2.810478097948001,0.09881959105793764,0.10548223258563169,1784980673.7868848,-0.33025197530295636,0.8781071297246572,-2.814294010140045,0.05131101608276367,0,0,1784980673.8335686,-0.3166976592285957,0.8739878345316631,-2.8158051554467556,1784980673.8336084,-0.00996022403412803,0.00721159302707337,-0.005327057498754506,-0.011510478221056244,0.008258145569877405,-0.0015111453067104819,1784980673.8336513,0.09617568168786768,0.1043485678053418,1784980673.8190222,17191.396484375,nan,nan,57.77792739868164,nan
21.403345108032227,1784980673.87813,BSMC,circle,circle_dist_bsmc_30cm_yawfree_p01,1784980673.8757555,-0.3343224890204658,0.8756618406058472,-2.8045342443838046,0.10104664662528459,0.1073796157586076,1784980673.869353,-0.3385767792163417,0.8749743673203348,-2.8047483570876484,0.00877690315246582,0,0,1784980673.8736613,-0.3207945324938263,0.8725939251892533,-2.811477640798318,1784980673.8737197,-0.005632734414016065,0.007197903832742672,-0.0009995428503168926,-0.015996165512260727,0.008123884055314905,-0.006729283710669608,1784980673.8737674,0.10131389029992831,0.10602722818346139,1784980673.8497608,17191.427734375,nan,nan,32.6069221496582,nan
21.443325519561768,1784980673.9181104,BSMC,circle,circle_dist_bsmc_30cm_yawfree_p01,1784980673.8757555,-0.3343224890204658,0.8756618406058472,-2.8045342443838046,0.10104664662528459,0.1073796157586076,1784980673.869353,-0.3385767792163417,0.8749743673203348,-2.8047483570876484,0.048757314682006836,0,0,1784980673.9142118,-0.32487074169482366,0.8711873707549557,-2.8071655756738063,1784980673.9142556,-0.007440149414095091,0.00734850900865344,-0.002631331290001704,-0.011684148821004985,0.0081041639825501,-0.0024172185861579543,1784980673.9143028,0.09916816875484956,0.10579801459710433,1784980673.9028668,17191.482421875,nan,nan,52.81657409667969,nan
21.483127117156982,1784980673.957912,BSMC,circle,circle_dist_bsmc_30cm_yawfree_p01,1784980673.9257224,-0.3391224358839549,0.8739700969913873,-2.7989127753346748,0.10140638581607013,0.10829437934293375,1784980673.869353,-0.3385767792163417,0.8749743673203348,-2.8047483570876484,0.08855891227722168,0,0,1784980673.9534454,-0.3289376663971454,0.8697643734570665,-2.8028568836953522,1784980673.9534848,-0.008179427218379533,0.007383400999933443,-0.00394410836067749,-0.0073754603243403735,0.008103031346389452,0.0018914733922961169,1784980673.9535282,0.09829017986937137,0.10501271902631827,1784980673.95767,17191.537109375,nan,nan,55.10960006713867,nan
21.52348041534424,1784980673.9982653,BSMC,circle,circle_dist_bsmc_30cm_yawfree_p01,1784980673.975825,-0.34362993444878004,0.8723667892591411,-2.794450876362458,0.0990155328701868,0.10510947167793422,1784980673.9862938,-0.3502207068347005,0.8708282548251726,-2.791409425491384,0.011971473693847656,0,0,1784980673.9938998,-0.33304919887949525,0.8683057290175678,-2.7984942728783966,1784980673.9939387,-0.008567964321299415,0.0074185013892131,-0.0040433965159385465,-0.015263964150507861,0.00826046126543314,-0.007084847387012427,1784980673.9939811,0.09782894350282961,0.1053680460835372,1784980673.95767,17191.537109375,nan,nan,55.10960006713867,nan
21.563310623168945,1784980674.0380955,BSMC,circle,circle_dist_bsmc_30cm_yawfree_p01,1784980674.0259306,-0.34923747781725273,0.8704378443927016,-2.78874710468814,0.09954635994633161,0.10571885297913462,1784980673.9862938,-0.3502207068347005,0.8708282548251726,-2.791409425491384,0.05180168151855469,0,0,1784980674.033852,-0.33712413816151865,0.8668400945915318,-2.794163771322,1784980674.0338879,-0.010123802894836905,0.007562103952835407,-0.005416666633859979,-0.010933518382085563,0.00823915704724456,-0.0027543458306156228,1784980674.0339272,0.09598146159272161,0.10493175398350794,1784980673.9984262,17191.578125,nan,nan,40.74843215942383,nan
21.604015588760376,1784980674.0788004,BSMC,circle,circle_dist_bsmc_30cm_yawfree_p01,1784980674.075398,-0.3548992508502448,0.8684259352141719,-2.7830018441599673,0.10201582244243845,0.10737167795164348,1784980674.0648673,-0.35816158957439265,0.8677425732540358,-2.783832188698246,0.013933181762695312,0,0,1784980674.0738595,-0.34116264569039234,0.8653678547095336,-2.7898652760293365,1784980674.0738976,-0.005825333856875397,0.007548059003501988,-0.0011181713411967387,-0.015091055951703649,0.008177005050722668,-0.0060330873310907585,1784980674.0739372,0.10108526119530993,0.10659882449448725,1784980674.0647216,17191.642578125,nan,nan,66.12464904785156,nan
21.64408302307129,1784980674.1188679,BSMC,circle,circle_dist_bsmc_30cm_yawfree_p01,1784980674.075398,-0.3548992508502448,0.8684259352141719,-2.7830018441599673,0.10201582244243845,0.10737167795164348,1784980674.0648673,-0.35816158957439265,0.8677425732540358,-2.783832188698246,0.0540006160736084,0,0,1784980674.113872,-0.345217184190858,0.8638699399650649,-2.785542885473001,1784980674.1139092,-0.007467263385264086,0.00766416890744127,-0.0025410413130337872,-0.010768701159776347,0.00816026927592208,-0.001710696774755327,1784980674.1139488,0.0991360096897676,0.10669945056882175,1784980674.1027036,17191.681640625,nan,nan,38.02623748779297,nan
21.683274507522583,1784980674.1580594,BSMC,circle,circle_dist_bsmc_30cm_yawfree_p01,1784980674.1258075,-0.35987213886305647,0.8665523899342013,-2.7772762162655154,0.10346866514802823,0.10849077424732233,1784980674.0648673,-0.35816158957439265,0.8677425732540358,-2.783832188698246,0.09319210052490234,0,0,1784980674.1539526,-0.349276149470632,0.862350391698656,-2.781208804776895,1784980674.1539881,-0.008403331699315727,0.007701674929985832,-0.003932588511379453,-0.006434624307140654,0.008162247104177286,0.0026233839213509746,1784980674.1540256,0.09802441015035893,0.10641848377500517,1784980674.1027036,17191.681640625,nan,nan,38.02623748779297,nan
21.723493814468384,1784980674.1982787,BSMC,circle,circle_dist_bsmc_30cm_yawfree_p01,1784980674.1757486,-0.36470440887557826,0.8647096574597563,-2.7718534933615295,0.10346866514802823,0.10849077424732233,1784980674.185117,-0.37004696408579835,0.8633163038548693,-2.770344991226933,0.013161659240722656,0,0,1784980674.1936831,-0.35328434849493884,0.8608301181633466,-2.7769219738747952,1784980674.1937258,-0.00924635362814491,0.007744259088713906,-0.005068480513265693,-0.014718735464118456,0.008397929928081095,-0.006576982647862107,1784980674.193767,0.09702319101364724,0.10600833490960801,1784980674.186562,17191.765625,nan,nan,83.54901885986328,nan
21.763961791992188,1784980674.2387466,BSMC,circle,circle_dist_bsmc_30cm_yawfree_p01,1784980674.2257817,-0.37003546595748804,0.8627333108566088,-2.7669812379818355,0.1015350643342781,0.10628597090649536,1784980674.185117,-0.37004696408579835,0.8633163038548693,-2.770344991226933,0.05362963676452637,0,0,1784980674.2334144,-0.3572980497487961,0.8592880143883619,-2.7726222168710115,1784980674.2334573,-0.010593403256260557,0.007867124435129463,-0.005640978889176029,-0.010419023908471202,0.008378894532866625,-0.0022772256440783956,1784980674.233502,0.0954239120246625,0.10599694206194434,1784980674.206313,17191.78515625,nan,nan,20.14611053466797,nan
21.803447008132935,1784980674.2782319,BSMC,circle,circle_dist_bsmc_30cm_yawfree_p01,1784980674.2756026,-0.37513071624385624,0.8608038473777034,-2.7618255424972897,0.1000280366528364,0.10571321129409049,1784980674.2742393,-0.3781949992427239,0.8601048429375363,-2.761603119059516,0.003992557525634766,0,0,1784980674.2735152,-0.3613290592395558,0.8577192769058676,-2.768296710660684,1784980674.2735555,-0.006267926583084102,0.007852079389964677,-0.0013154726788484616,-0.01477803540987755,0.0084711585338914,-0.006693591601167892,1784980674.2735987,0.10055987770060072,0.10767386134187498,1784980674.2447548,17191.82421875,nan,nan,38.45476531982422,nan
21.84329891204834,1784980674.3180838,BSMC,circle,circle_dist_bsmc_30cm_yawfree_p01,1784980674.2756026,-0.37513071624385624,0.8608038473777034,-2.7618255424972897,0.1000280366528364,0.10571321129409049,1784980674.2742393,-0.3781949992427239,0.8601048429375363,-2.761603119059516,0.04384446144104004,0,0,1784980674.3138628,-0.36539046412938503,0.8561183540753252,-2.7639311644341826,1784980674.3139,-0.007309336860040886,0.007962408769118787,-0.0021056219368928986,-0.010412537063810736,0.008451466429681195,-0.0023280453746665764,1784980674.3139398,0.09932357773045791,0.10687723213900806,1784980674.3035448,17191.8828125,nan,nan,58.656593322753906,nan
21.883371591567993,1784980674.3581564,BSMC,circle,circle_dist_bsmc_30cm_yawfree_p01,1784980674.325416,-0.3796807793238882,0.8589761103456584,-2.7562031952403316,0.09935740508178385,0.10697995608333026,1784980674.2742393,-0.3781949992427239,0.8601048429375363,-2.761603119059516,0.08391714096069336,0,0,1784980674.3533294,-0.3693533295561321,0.8545364773394193,-2.759664237668741,1784980674.3533678,-0.007901005896053408,0.00799629075047566,-0.003461042428409389,-0.00614561361608342,0.008450636163206838,0.0019388813907750269,1784980674.3534083,0.09862085914603701,0.10524214230908227,1784980674.3451464,17191.923828125,nan,nan,41.6214599609375,nan
21.923412322998047,1784980674.3981972,BSMC,circle,circle_dist_bsmc_30cm_yawfree_p01,1784980674.375732,-0.38431387913747117,0.8570860715708863,-2.7505784137896314,0.09939494647760973,0.10776252239243116,1784980674.3893065,-0.39128700865401245,0.855106892759476,-2.7436108710251093,0.008890628814697266,0,0,1784980674.3947089,-0.3734892040927863,0.8528645782756378,-2.755203213384378,1784980674.3947496,-0.008398738735449435,0.008028435907355386,-0.004624799594746599,-0.015537789637105283,0.008964759597284072,-0.011592342359268757,1784980674.3947916,0.09802954212943044,0.10439700146714463,1784980674.395779,17191.974609375,nan,nan,50.79467010498047,nan
21.963551998138428,1784980674.4383368,BSMC,circle,circle_dist_bsmc_30cm_yawfree_p01,1784980674.425557,-0.38987843915103254,0.8548785742209494,-2.744247786207557,0.10041276642526335,0.10834820880396258,1784980674.3893065,-0.39128700865401245,0.855106892759476,-2.7436108710251093,0.049030303955078125,0,0,1784980674.4341302,-0.37743377892666374,0.8512499590669911,-2.750940972974527,1784980674.4341645,-0.010070947538424063,0.008161643934516682,-0.006693186766970172,-0.011275743218608145,0.008924434226041222,-0.007330101949417855,1784980674.4342005,0.09604336614847052,0.10398838894509504,1784980674.395779,17191.974609375,nan,nan,50.79467010498047,nan
22.003506898880005,1784980674.4782917,BSMC,circle,circle_dist_bsmc_30cm_yawfree_p01,1784980674.475348,-0.395550441231691,0.8525825889258377,-2.737420730717128,0.10191392107721074,0.10970365528814652,1784980674.4661846,-0.3996936358890983,0.8517404942553976,-2.73231660541642,0.012107133865356445,0,0,1784980674.473733,-0.38138110931890035,0.8496145098693288,-2.746668252637613,1784980674.473774,-0.005798274812350767,0.00814217397102914,-0.002420466430056223,-0.01595405411706702,0.00923778091446806,-0.014351647221193087,1784980674.4738169,0.10111713143037618,0.10564154784447224,1784980674.445035,17192.0234375,nan,nan,49.27042007446289,nan
22.043699741363525,1784980674.5184846,BSMC,circle,circle_dist_bsmc_30cm_yawfree_p01,1784980674.475348,-0.395550441231691,0.8525825889258377,-2.737420730717128,0.10191392107721074,0.10970365528814652,1784980674.4661846,-0.3996936358890983,0.8517404942553976,-2.73231660541642,0.05229997634887695,0,0,1784980674.513636,-0.3853544640473052,0.8479482678411195,-2.7423596636559844,1784980674.513674,-0.007551988881887836,0.008270571116230169,-0.0049389329388564995,-0.011645788969952877,0.009185228878636768,-0.010043058239564306,1784980674.5137277,0.09903447197471373,0.10491418876518688,1784980674.4956975,17192.07421875,nan,nan,50.56516647338867,nan
22.083472728729248,1784980674.5582576,BSMC,circle,circle_dist_bsmc_30cm_yawfree_p01,1784980674.5255492,-0.4002742842270897,0.8505537725669194,-2.731823912977732,0.10211725354510869,0.1100182591324158,1784980674.4661846,-0.3996936358890983,0.8517404942553976,-2.73231660541642,0.09207296371459961,0,0,1784980674.5538645,-0.3893613098975529,0.846247539821253,-2.738006811788308,1784980674.5539026,-0.008293930536226594,0.008297431255348084,-0.0061828988105760985,-0.007293075223661509,0.009150986973718574,-0.005690206371887996,1784980674.5539384,0.09815304013523941,0.10439350691869907,1784980674.5459452,17192.125,nan,nan,50.153533935546875,nan
22.12319326400757,1784980674.597978,BSMC,circle,circle_dist_bsmc_30cm_yawfree_p01,1784980674.575422,-0.40452838817379133,0.8487113045088697,-2.7274733792072103,0.09874827678515591,0.10635997417926049,1784980674.5854006,-0.4106316440934579,0.8470332265076308,-2.719309739806813,0.012577533721923828,0,0,1784980674.594039,-0.39333367476359304,0.8445410725230489,-2.733683417012918,1784980674.594073,-0.008570402385020446,0.008322298126771953,-0.006210037805707724,-0.014757046884576719,0.00936269948605733,-0.01437367720610494,1784980674.59411,0.09782484988891763,0.10441717238226512,1784980674.5958202,17192.173828125,nan,nan,50.07147979736328,nan
22.16353487968445,1784980674.6383197,BSMC,circle,circle_dist_bsmc_30cm_yawfree_p01,1784980674.625594,-0.40973338478383886,0.8465073313624241,-2.7207172714051735,0.09754399833145265,0.10756391054792815,1784980674.5854006,-0.4106316440934579,0.8470332265076308,-2.719309739806813,0.05291914939880371,0,0,1784980674.6338594,-0.39728609732167364,0.842822925139422,-2.7293736950662018,1784980674.633899,-0.009855733624856837,0.008448332918258963,-0.008656423661028256,-0.010447649988521861,0.009310041136663245,-0.010063955259388637,1784980674.633941,0.09629719779435027,0.10216571299967142,1784980674.5958202,17192.173828125,nan,nan,50.07147979736328,nan
22.20352864265442,1784980674.6783135,BSMC,circle,circle_dist_bsmc_30cm_yawfree_p01,1784980674.675445,-0.4152267580858262,0.8441356788386472,-2.71260591502829,0.09931598780471934,0.11246125417422886,1784980674.6654925,-0.41919446527155957,0.8434492447988411,-2.706237485403783,0.012820959091186523,0,0,1784980674.6738865,-0.40124078005682484,0.8410834677251257,-2.72505336444639,1784980674.6739228,-0.00553549752659682,0.008420267153621035,-0.004336093041216405,-0.015281246087334536,0.009716750072458633,-0.01881587904260673,1784980674.6739614,0.10142834914556578,0.10383141483531924,1784980674.6460938,17192.224609375,nan,nan,50.1699104309082,nan
22.2435884475708,1784980674.7183733,BSMC,circle,circle_dist_bsmc_30cm_yawfree_p01,1784980674.675445,-0.4152267580858262,0.8441356788386472,-2.71260591502829,0.09931598780471934,0.11246125417422886,1784980674.6654925,-0.41919446527155957,0.8434492447988411,-2.706237485403783,0.05288076400756836,0,0,1784980674.7141898,-0.4051829753916222,0.8393291501875658,-2.7207384411599516,1784980674.714228,-0.007134418744654463,0.008548705028130349,-0.008132526131661601,-0.010966924835787841,0.009644873659495349,-0.014500955756168388,1784980674.7142694,0.09952787351878992,0.10091588687676203,1784980674.695958,17192.275390625,nan,nan,49.775394439697266,nan
22.283477306365967,1784980674.7582622,BSMC,circle,circle_dist_bsmc_30cm_yawfree_p01,1784980674.725509,-0.4199028433725733,0.8419873093967934,-2.7066754913361977,0.10069536896677254,0.11350952315558013,1784980674.6654925,-0.41919446527155957,0.8434492447988411,-2.706237485403783,0.09276962280273438,0,0,1784980674.7534966,-0.4090931222458404,0.8375689054141675,-2.7164503485467315,1784980674.7535338,-0.007941760109734994,0.008561589277163575,-0.009774857210533838,-0.006679162884812503,0.009591887476421526,-0.010212863142948336,1784980674.7535758,0.09856797120781842,0.10053342318891062,1784980674.7508206,17192.330078125,nan,nan,54.93174362182617,nan
22.32344341278076,1784980674.7982283,BSMC,circle,circle_dist_bsmc_30cm_yawfree_p01,1784980674.7761154,-0.42450463540912664,0.8398509771667284,-2.7015898355602044,0.10052132755412975,0.11137262768444338,1784980674.784681,-0.4317073810901959,0.8377470051683249,-2.6937732964459635,0.013547182083129883,0,0,1784980674.794003,-0.4130649109618437,0.8357602058838473,-2.7120861155297633,1784980674.7940476,-0.008607664627369702,0.008573786490304967,-0.01049627996955893,-0.01594391477497714,0.009863095129398782,-0.01831281908379978,1784980674.794093,0.09777675285969951,0.1012538954576914,1784980674.7508206,17192.330078125,nan,nan,54.93174362182617,nan
22.363179922103882,1784980674.8379648,BSMC,circle,circle_dist_bsmc_30cm_yawfree_p01,1784980674.8253226,-0.42993243534148956,0.8374236135513523,-2.6949635644488295,0.10009775854162319,0.11178194423714709,1784980674.784681,-0.4317073810901959,0.8377470051683249,-2.6937732964459635,0.05328369140625,0,0,1784980674.8333123,-0.4169419245260604,0.833974420732821,-2.7078175923135164,1784980674.833347,-0.010226446340054046,0.008721817333514013,-0.012854027864686923,-0.011675953420537614,0.00979403964622438,-0.014044295867552847,1784980674.833384,0.09585228611145687,0.09999079633745298,1784980674.7983937,17192.376953125,nan,nan,47.462955474853516,nan
22.40317702293396,1784980674.8779619,BSMC,circle,circle_dist_bsmc_30cm_yawfree_p01,1784980674.8754828,-0.43530774954296164,0.8349960181374254,-2.687950835185922,0.10000707802318379,0.11332227152609956,1784980674.8678167,-0.43953271024299495,0.8342783248719787,-2.683124066882322,0.010145187377929688,0,0,1784980674.8739202,-0.4208884846499855,0.8321359367307366,-2.703463813474405,1784980674.873959,-0.005872919105229428,0.008675332354040634,-0.008500249025575446,-0.015770692721806995,0.010172621392006422,-0.020339746592082708,1784980674.873998,0.10102494331697681,0.10165658302706577,1784980674.847064,17192.42578125,nan,nan,48.70144271850586,nan
22.44324564933777,1784980674.9180305,BSMC,circle,circle_dist_bsmc_30cm_yawfree_p01,1784980674.8754828,-0.43530774954296164,0.8349960181374254,-2.687950835185922,0.10000707802318379,0.11332227152609956,1784980674.8678167,-0.43953271024299495,0.8342783248719787,-2.683124066882322,0.05021381378173828,0,0,1784980674.913656,-0.42477660099169534,0.83030416738158,-2.6991658074166653,1784980674.913698,-0.007409831697566163,0.0088324938458914,-0.011214972230743303,-0.011473401063970563,0.010094441837965169,-0.016041740534343152,1784980674.9137442,0.09919773796366106,0.0998843269253512,1784980674.9008079,17192.48046875,nan,nan,53.77431869506836,nan
22.483866930007935,1784980674.9586518,BSMC,circle,circle_dist_bsmc_30cm_yawfree_p01,1784980674.925388,-0.43952065851630273,0.8329443744294869,-2.6833696851130986,0.0975350074550736,0.10956521389270509,1784980674.8678167,-0.43953271024299495,0.8342783248719787,-2.683124066882322,0.0908350944519043,0,0,1784980674.9540477,-0.4287184628344629,0.8284261674732776,-2.6947994372155546,1784980674.95409,-0.0076891892302091945,0.008830514969690721,-0.011429752102456003,-0.007107453625951473,0.010033932239509286,-0.011675370333232404,1784980674.954133,0.09886587794195242,0.1002874856162058,1784980674.947105,17192.525390625,nan,nan,46.322914123535156,nan
22.523794412612915,1784980674.9985793,BSMC,circle,circle_dist_bsmc_30cm_yawfree_p01,1784980674.9762125,-0.4439192546115004,0.8307708547809137,-2.6780741805016244,0.09720748564150035,0.10871151220625304,1784980674.987772,-0.45247428912143667,0.8278273247587794,-2.6701077347322224,0.010807275772094727,0,0,1784980674.9939368,-0.4325925320454057,0.8265598250453894,-2.6904992424752594,1784980674.9939787,-0.00824883934901656,0.008830858673813365,-0.012425061973635023,-0.017136843460758614,0.010159695672371571,-0.020391507743036996,1784980674.9940243,0.0982002911630565,0.10014368464603056,1784980674.947105,17192.525390625,nan,nan,46.322914123535156,nan
22.563745975494385,1784980675.0385308,BSMC,circle,circle_dist_bsmc_30cm_yawfree_p01,1784980675.025761,-0.4495592743424468,0.8280849620804761,-2.6710405245698317,0.09859156746201254,0.11097404592347196,1784980674.987772,-0.45247428912143667,0.8278273247587794,-2.6701077347322224,0.05075883865356445,0,0,1784980675.0333865,-0.4364449191194426,0.8246835109407374,-2.686214214017618,1784980675.0334213,-0.01014691745114531,0.008977541367813884,-0.015173689447786298,-0.012852531773516467,0.01008150261588461,-0.01610647928539555,1784980675.033463,0.09594317621805878,0.09880848064998965,1784980675.0035846,17192.58203125,nan,nan,56.48740768432617,nan
22.603412866592407,1784980675.0781977,BSMC,circle,circle_dist_bsmc_30cm_yawfree_p01,1784980675.0758011,-0.4550665310839884,0.8254293729615201,-2.66483686173046,0.09933180756123164,0.11199243869591591,1784980675.0657792,-0.45992025946150716,0.8240568484635293,-2.663781941584383,0.012418508529663086,0,0,1784980675.0738678,-0.4403573282219617,0.822756993052283,-2.6818531996514676,1784980675.0739052,-0.005786274654641788,0.008920879552529865,-0.01081267508163597,-0.016774236022780435,0.01015002012930933,-0.01807125806708454,1784980675.0739458,0.10112537869355914,0.1004699104982086,1784980675.047263,17192.626953125,nan,nan,43.68690490722656,nan
22.6434907913208,1784980675.1182756,BSMC,circle,circle_dist_bsmc_30cm_yawfree_p01,1784980675.0758011,-0.4550665310839884,0.8254293729615201,-2.66483686173046,0.09933180756123164,0.11199243869591591,1784980675.0657792,-0.45992025946150716,0.8240568484635293,-2.663781941584383,0.05249643325805664,0,0,1784980675.113682,-0.44419753962493624,0.8208453441982969,-2.677563484838235,1784980675.1137204,-0.007553365475013668,0.009060627187997425,-0.012726623107774948,-0.012485068530298737,0.010081703353037664,-0.013781543253851947,1784980675.1137621,0.09902540908467866,0.0997383991613091,1784980675.0996172,17192.67578125,nan,nan,50.28627395629883,nan
22.683444023132324,1784980675.1582289,BSMC,circle,circle_dist_bsmc_30cm_yawfree_p01,1784980675.125781,-0.4593016561863527,0.8232328065154446,-2.6592609683088764,0.09781269758714875,0.11192340067408423,1784980675.0657792,-0.45992025946150716,0.8240568484635293,-2.663781941584383,0.09244966506958008,0,0,1784980675.1535802,-0.4480550422737175,0.8189043262177165,-2.6732451626565337,1784980675.153618,-0.007955804082135752,0.009051367167139591,-0.013984194347657299,-0.008167041359383734,0.010031515331251354,-0.009463221072150587,1784980675.1536605,0.09854590061125251,0.09837973984115797,1784980675.1479433,17192.7265625,nan,nan,50.325653076171875,nan
22.723187685012817,1784980675.1979725,BSMC,circle,circle_dist_bsmc_30cm_yawfree_p01,1784980675.1755757,-0.46342464065519107,0.8210615503548904,-2.6534869309251237,0.09624459916829248,0.11257172379912432,1784980675.1853232,-0.4711984774422948,0.8181734432443929,-2.6493719464382655,0.012649297714233398,0,0,1784980675.193647,-0.45190330170397686,0.8169470904615439,-2.668927767446268,1784980675.1936865,-0.008246417881356535,0.009036958756615279,-0.015440836521144252,-0.016425004924305257,0.01019936082100852,-0.01955582100800246,1784980675.1937342,0.09819862758127146,0.0965521858637913,1784980675.1977212,17192.77734375,nan,nan,49.82793045043945,nan
22.76329255104065,1784980675.2380774,BSMC,circle,circle_dist_bsmc_30cm_yawfree_p01,1784980675.2273464,-0.4689765857158902,0.8182589314868319,-2.6468827120337917,0.09673975104019644,0.11375257738636507,1784980675.1853232,-0.4711984774422948,0.8181734432443929,-2.6493719464382655,0.05275416374206543,0,0,1784980675.2337067,-0.4557660416754751,0.8149613894883146,-2.664584520032632,1784980675.2337444,-0.01006109006446772,0.009174242409616251,-0.01770180799884047,-0.012082417194467784,0.01012386081333514,-0.015212573594366674,1784980675.2337852,0.0960405654189834,0.09547642697560757,1784980675.1977212,17192.77734375,nan,nan,49.82793045043945,nan
22.803246021270752,1784980675.2780309,BSMC,circle,circle_dist_bsmc_30cm_yawfree_p01,1784980675.2754319,-0.4730839310941597,0.8160471270226405,-2.6421537856832966,0.09681789886020942,0.11134196184966925,1784980675.275048,-0.4792768604649293,0.8138088015876637,-2.643078189078619,0.0029828548431396484,0,0,1784980675.273965,-0.4595907013282112,0.812974296530431,-2.6602744633462314,1784980675.2740128,-0.005751557578692263,0.009107237659152102,-0.013391751312439748,-0.0168912367876389,0.010145313205152872,-0.017196274267612388,1784980675.2740622,0.101163216992649,0.09711050894480652,1784980675.2477415,17192.826171875,nan,nan,49.96131134033203,nan
22.843737840652466,1784980675.3185227,BSMC,circle,circle_dist_bsmc_30cm_yawfree_p01,1784980675.2754319,-0.4730839310941597,0.8160471270226405,-2.6421537856832966,0.09681789886020942,0.11134196184966925,1784980675.275048,-0.4792768604649293,0.8138088015876637,-2.643078189078619,0.043474674224853516,0,0,1784980675.313973,-0.4634295329766309,0.8109587184829379,-2.655938657453287,1784980675.3140206,-0.006038120449588978,0.009090676867808959,-0.013784871769990215,-0.012555923906430002,0.010080155607983438,-0.01286046837466781,1784980675.314071,0.10082248996358105,0.0981678586043911,1784980675.2998111,17192.87890625,nan,nan,52.10026550292969,nan
22.883424758911133,1784980675.3582096,BSMC,circle,circle_dist_bsmc_30cm_yawfree_p01,1784980675.3254852,-0.47872676672478065,0.8131255043565644,-2.636204487741442,0.10069639452410101,0.11328672851912605,1784980675.275048,-0.4792768604649293,0.8138088015876637,-2.643078189078619,0.08316159248352051,0,0,1784980675.3537693,-0.4672409820430844,0.8089364394595453,-2.651623940160501,1784980675.353811,-0.00802178412140177,0.009226185234177358,-0.015419452419058732,-0.008241457097596832,0.010033975632889706,-0.008545751081881825,1784980675.3538542,0.09846530348858042,0.0988837021157441,1784980675.349918,17192.927734375,nan,nan,50.078548431396484,nan
22.9242422580719,1784980675.399027,BSMC,circle,circle_dist_bsmc_30cm_yawfree_p01,1784980675.3755174,-0.4834089685557962,0.8105176064285742,-2.6297533861772555,0.1031462546959141,0.11583244360243786,1784980675.3887033,-0.4907411154427496,0.8072714486554009,-2.629257481888315,0.010323762893676758,0,0,1784980675.3941567,-0.47107084790869336,0.8068830872437343,-2.64727834956907,1784980675.394196,-0.008976809831955498,0.009211722751382696,-0.017524963391814637,-0.016954267331226368,0.009981135642236802,-0.01802086768075517,1784980675.3942394,0.09732794243946684,0.09813031615582635,1784980675.349918,17192.927734375,nan,nan,50.078548431396484,nan
22.964085578918457,1784980675.4388704,BSMC,circle,circle_dist_bsmc_30cm_yawfree_p01,1784980675.4257157,-0.4887863974961241,0.8076276320133362,-2.6247238612095334,0.10206343227659881,0.11375875542084009,1784980675.3887033,-0.4907411154427496,0.8072714486554009,-2.629257481888315,0.050167083740234375,0,0,1784980675.433628,-0.47483659915332077,0.8048431448548865,-2.642995561292398,1784980675.4336698,-0.010751563511241166,0.0093141894228214,-0.018271700082864495,-0.012672022284942136,0.00991313012918877,-0.013738079404082892,1784980675.4337158,0.09521986644242589,0.09834533552679123,1784980675.3992527,17192.9765625,nan,nan,48.05390167236328,nan
23.00326633453369,1784980675.4780512,BSMC,circle,circle_dist_bsmc_30cm_yawfree_p01,1784980675.4755514,-0.4938753897944278,0.804852531397709,-2.6195514319157307,0.10103241951438545,0.11319317464690626,1784980675.4682782,-0.49760551923593205,0.8034228708737632,-2.622072185204504,0.009773015975952148,0,0,1784980675.4737127,-0.4786223447843364,0.8027712702741733,-2.638679942777383,1784980675.473763,-0.006436508623997377,0.009244651080641837,-0.013956081567849665,-0.016154987904864127,0.009990088157508577,-0.016607757572879134,1784980675.4738169,0.10034934673453964,0.09997980410495355,1784980675.4480948,17193.02734375,nan,nan,50.180564880371094,nan
23.043729543685913,1784980675.5185144,BSMC,circle,circle_dist_bsmc_30cm_yawfree_p01,1784980675.4755514,-0.4938753897944278,0.804852531397709,-2.6195514319157307,0.10103241951438545,0.11319317464690626,1784980675.4682782,-0.49760551923593205,0.8034228708737632,-2.622072185204504,0.05023622512817383,0,0,1784980675.514773,-0.48244624320789586,0.8006568845118326,-2.6343104054238675,1784980675.5148218,-0.007814658562801195,0.009335949658938646,-0.014758973508136819,-0.011785908500510136,0.009927068603882087,-0.012238220219363605,1784980675.5148735,0.09871223782532598,0.09943304167331501,1784980675.4985254,17193.078125,nan,nan,50.30263137817383,nan
23.08333444595337,1784980675.5581193,BSMC,circle,circle_dist_bsmc_30cm_yawfree_p01,1784980675.5257008,-0.498116003813977,0.8024004618256624,-2.61363550853016,0.09968273322788704,0.11402615946736241,1784980675.4682782,-0.49760551923593205,0.8034228708737632,-2.622072185204504,0.08984112739562988,0,0,1784980675.5537362,-0.486185359417479,0.7985682053315649,-2.6300274626519564,1784980675.5537739,-0.008375569306562452,0.0093207459113105,-0.01639195412179628,-0.007503187310981456,0.009883825574237138,-0.007955277447452502,1784980675.5538142,0.09804368996536052,0.09757306587386637,1784980675.5489442,17193.126953125,nan,nan,50.33974838256836,nan
23.123517990112305,1784980675.5983028,BSMC,circle,circle_dist_bsmc_30cm_yawfree_p01,1784980675.5756278,-0.5023656552655713,0.7999055587832314,-2.6074318005658985,0.09932249737293475,0.11568380766113037,1784980675.5901775,-0.5096134289169332,0.7962253917894984,-2.6087251759162817,0.00812530517578125,0,0,1784980675.59408,-0.48997514193252945,0.7964297051082028,-2.625675949743021,1784980675.594126,-0.008894844183610483,0.009299899266970009,-0.01824414917712236,-0.01701930772801886,0.00980036856822224,-0.01695077382673915,1784980675.5941715,0.09742384660772017,0.09579578871011109,1784980675.5489442,17193.126953125,nan,nan,50.33974838256836,nan
23.163257837295532,1784980675.6380427,BSMC,circle,circle_dist_bsmc_30cm_yawfree_p01,1784980675.6255872,-0.5076967820728856,0.7968545911162529,-2.6020929027099604,0.10022269736624098,0.11585884181502248,1784980675.5901775,-0.5096134289169332,0.7962253917894984,-2.6087251759162817,0.04786515235900879,0,0,1784980675.6338706,-0.49371576852021104,0.7942975430502865,-2.621370321920145,1784980675.6339083,-0.010681657928525384,0.009376002275474485,-0.019277419210184554,-0.012714154644358778,0.009736656434840354,-0.01264514600386324,1784980675.6340067,0.09530080524014949,0.09585668494003892,1784980675.5997617,17193.177734375,nan,nan,51.05465316772461,nan
23.203516483306885,1784980675.6783013,BSMC,circle,circle_dist_bsmc_30cm_yawfree_p01,1784980675.675648,-0.5129879612505145,0.7938052918725098,-2.5976103250263365,0.10074325555161348,0.11419040586789088,1784980675.6662228,-0.5172190868102158,0.791768417501947,-2.603278170727821,0.012078523635864258,0,0,1784980675.6739314,-0.4974578558391285,0.7921431181364949,-2.617052360227335,1784980675.6739686,-0.006364332244011832,0.009302089181852696,-0.014959457517374375,-0.01715858517145378,0.009809668953239769,-0.01377418949951359,1784980675.6740084,0.10043345344177822,0.09748896675373915,1784980675.648804,17193.228515625,nan,nan,49.02918243408203,nan
23.24343228340149,1784980675.7182171,BSMC,circle,circle_dist_bsmc_30cm_yawfree_p01,1784980675.675648,-0.5129879612505145,0.7938052918725098,-2.5976103250263365,0.10074325555161348,0.11419040586789088,1784980675.6662228,-0.5172190868102158,0.791768417501947,-2.603278170727821,0.05199432373046875,0,0,1784980675.7141883,-0.5012171941467007,0.7899570166751122,-2.612703602483499,1784980675.7142282,-0.008080043454109766,0.009384725781120486,-0.015093277457162381,-0.012810123425740175,0.00975922535795834,-0.009425431755677671,1784980675.714268,0.09839668707418457,0.09860942507739544,1784980675.6993563,17193.27734375,nan,nan,50.330116271972656,nan
23.28378987312317,1784980675.7585747,BSMC,circle,circle_dist_bsmc_30cm_yawfree_p01,1784980675.725558,-0.5171781647650511,0.7912644377465164,-2.592139257402963,0.09971930386951745,0.11339262565763686,1784980675.6662228,-0.5172190868102158,0.791768417501947,-2.603278170727821,0.09235191345214844,0,0,1784980675.7536569,-0.5048967844795932,0.7877960242301566,-2.6084363667275787,1784980675.753703,-0.008662406196980704,0.00937149470015385,-0.01629710932461581,-0.008543004352506184,0.009728109768402767,-0.005158195999757531,1784980675.7537527,0.09770338198990983,0.09792641386513082,1784980675.749492,17193.328125,nan,nan,50.17259216308594,nan
23.32367444038391,1784980675.7984593,BSMC,circle,circle_dist_bsmc_30cm_yawfree_p01,1784980675.7753875,-0.5211527635103786,0.7888310993029943,-2.587204548992536,0.0974002233763656,0.11107640214946267,1784980675.787132,-0.5282726975828975,0.7845276908458274,-2.5909121198919944,0.011327266693115234,0,0,1784980675.7946246,-0.5086858295568286,0.7855485957228694,-2.604030934980142,1784980675.7946687,-0.00887168455857577,0.009353741767273665,-0.016826385987605882,-0.01722552038223427,0.00937918404765789,-0.013118815088147604,1784980675.794712,0.09745402191736006,0.09752326044417337,1784980675.749492,17193.328125,nan,nan,50.17259216308594,nan
23.36352252960205,1784980675.8383074,BSMC,circle,circle_dist_bsmc_30cm_yawfree_p01,1784980675.825594,-0.526235494359416,0.7857373849738046,-2.5828610675625927,0.0966400828908024,0.10953799686555395,1784980675.787132,-0.5282726975828975,0.7845276908458274,-2.5909121198919944,0.05117535591125488,0,0,1784980675.833783,-0.5123268174444056,0.7833676442510866,-2.599786719014871,1784980675.8338866,-0.010537333424401635,0.009382513997966626,-0.016925651452278423,-0.012981564221065911,0.00933251262348268,-0.008874599122876692,1784980675.8339396,0.09547671579998177,0.09784071335354251,1784980675.8038895,17193.3828125,nan,nan,54.50808334350586,nan
23.40320658683777,1784980675.8779914,BSMC,circle,circle_dist_bsmc_30cm_yawfree_p01,1784980675.8753028,-0.5312112304378509,0.7826683706626142,-2.578250719512579,0.09606924009718193,0.10764941189596795,1784980675.8669837,-0.5358035462974815,0.7799388615706868,-2.5805780454227865,0.01100778579711914,0,0,1784980675.8742836,-0.5160695260662058,0.7811037905296273,-2.5954125983025906,1784980675.8743205,-0.006163691276735197,0.009318048006785727,-0.01255153073999793,-0.01732890060534567,0.00951303409947776,-0.014834552879804175,1784980675.8743622,0.10067519135630937,0.09950176983836197,1784980675.8494327,17193.427734375,nan,nan,45.59798049926758,nan
23.443694591522217,1784980675.9184794,BSMC,circle,circle_dist_bsmc_30cm_yawfree_p01,1784980675.8753028,-0.5312112304378509,0.7826683706626142,-2.578250719512579,0.09606924009718193,0.10764941189596795,1784980675.8669837,-0.5358035462974815,0.7799388615706868,-2.5805780454227865,0.05149579048156738,0,0,1784980675.9137845,-0.5197080861772968,0.7788814130159498,-2.5911490189339994,1784980675.9138274,-0.007703332082070237,0.009344626848092752,-0.0128982994214204,-0.013065668447187758,0.009458876357926123,-0.010570973511212944,1784980675.9138768,0.09884716117222145,0.1000356018998478,1784980675.9000103,17193.478515625,nan,nan,50.462135314941406,nan
23.48378086090088,1784980675.9585657,BSMC,circle,circle_dist_bsmc_30cm_yawfree_p01,1784980675.925902,-0.5353581817133457,0.7800423685051416,-2.572866457160822,0.09645726336325881,0.10743483213422457,1784980675.8669837,-0.5358035462974815,0.7799388615706868,-2.5805780454227865,0.09158205986022949,0,0,1784980675.9538524,-0.523399430461872,0.776604942827025,-2.5868121573235863,1784980675.9538937,-0.008225039233742392,0.009336827961925746,-0.013945700162764307,-0.008728963331595473,0.009422436150392335,-0.00623411190079981,1784980675.9539404,0.09822637654188866,0.09995415809086444,1784980675.9499362,17193.529296875,nan,nan,49.959102630615234,nan
23.523316144943237,1784980675.998101,BSMC,circle,circle_dist_bsmc_30cm_yawfree_p01,1784980675.9758158,-0.5395334574027574,0.7773639198472794,-2.5672972826538474,0.09756032884543467,0.10810501274536366,1784980675.9862614,-0.5458531747109966,0.7738676868374156,-2.565872458866658,0.011839628219604492,0,0,1784980675.9943268,-0.5271028045014357,0.7742987583096741,-2.582449417760598,1784980675.9943616,-0.008771340506925613,0.009326303261009632,-0.01515213510675073,-0.015962510501875683,0.009846850465366788,-0.016576958893939953,1784980675.9944012,0.09757602134676592,0.0997573072770983,1784980675.9499362,17193.529296875,nan,nan,49.959102630615234,nan
23.56341528892517,1784980676.0382001,BSMC,circle,circle_dist_bsmc_30cm_yawfree_p01,1784980676.0255997,-0.5446187083984755,0.7741471011640415,-2.561493487335676,0.09891887357273678,0.10949764338898868,1784980675.9862614,-0.5458531747109966,0.7738676868374156,-2.565872458866658,0.051938772201538086,0,0,1784980676.0343347,-0.5307680009550928,0.771994181161359,-2.578119894674051,1784980676.0343761,-0.010404816399026205,0.009392388243821817,-0.01662640733837506,-0.011633440434410211,0.009784454733047435,-0.012247435807392737,1784980676.0344212,0.09563455565749913,0.0992806951612927,1784980675.9999294,17193.578125,nan,nan,50.197357177734375,nan
23.603269815444946,1784980676.0780547,BSMC,circle,circle_dist_bsmc_30cm_yawfree_p01,1784980676.0756721,-0.5494734542477057,0.7710167117474691,-2.5558955182506646,0.09868044966697774,0.10994952860117253,1784980676.0675755,-0.5529057626456318,0.7691323332686502,-2.556823707668421,0.010479211807250977,0,0,1784980676.0736282,-0.5343396256822748,0.7697270516913077,-2.573889480283486,1784980676.0736716,-0.006174850564470447,0.00933100205414023,-0.012395992947810353,-0.015809469750920315,0.00975273284465014,-0.017065772615065367,1784980676.0737126,0.10066215481160244,0.1008874787385898,1784980676.0499907,17193.62890625,nan,nan,49.851768493652344,nan
23.643337726593018,1784980676.1181226,BSMC,circle,circle_dist_bsmc_30cm_yawfree_p01,1784980676.0756721,-0.5494734542477057,0.7710167117474691,-2.5558955182506646,0.09868044966697774,0.10994952860117253,1784980676.0675755,-0.5529057626456318,0.7691323332686502,-2.556823707668421,0.050547122955322266,0,0,1784980676.1140773,-0.5380127593571548,0.7673732871970124,-2.5695268952157377,1784980676.1141148,-0.007536491746025062,0.009371411952916521,-0.013631376965073105,-0.011447371393869225,0.009687800483265454,-0.012703187547316917,1784980676.1141582,0.09904415047318876,0.10004443581204282,1784980676.102913,17193.681640625,nan,nan,52.947635650634766,nan
23.683468341827393,1784980676.1582532,BSMC,circle,circle_dist_bsmc_30cm_yawfree_p01,1784980676.1254272,-0.5532534243950522,0.7685049478940172,-2.5509450271585865,0.09566725126217679,0.1081413278539011,1784980676.0675755,-0.5529057626456318,0.7691323332686502,-2.556823707668421,0.09067773818969727,0,0,1784980676.1536622,-0.5416108008602835,0.765045634818348,-2.565241583516824,1784980676.1537058,-0.007743644327116496,0.009357002846155602,-0.014296556358237567,-0.007162301930839206,0.009642546189035327,-0.008417875848403256,1784980676.153754,0.09879725722942294,0.0989248611090426,1784980676.1505072,17193.728515625,nan,nan,47.546932220458984,nan
23.723592042922974,1784980676.198377,BSMC,circle,circle_dist_bsmc_30cm_yawfree_p01,1784980676.1755064,-0.5569598246980423,0.7660177926511471,-2.5460743490289084,0.09316726989868762,0.10636550245206224,1784980676.1876311,-0.5650806740750141,0.7612460584167349,-2.536388964112924,0.010745763778686523,0,0,1784980676.1937437,-0.5452155412411851,0.7626916240520298,-2.5609362904336326,1784980676.1938004,-0.007856823456804645,0.009341408707115187,-0.014861941404724188,-0.017159236772028113,0.010113048794161594,-0.024547326320708773,1784980676.193853,0.09866202340198665,0.09811026328776982,1784980676.1505072,17193.728515625,nan,nan,47.546932220458984,nan
23.763325452804565,1784980676.2381103,BSMC,circle,circle_dist_bsmc_30cm_yawfree_p01,1784980676.225613,-0.5619609270019993,0.7626730262280083,-2.539505259687982,0.09327370016275535,0.10618278882459632,1784980676.1876311,-0.5650806740750141,0.7612460584167349,-2.536388964112924,0.05047917366027832,0,0,1784980676.2332947,-0.5488158454741648,0.7603183194944931,-2.556624122312295,1784980676.233331,-0.009499965892605964,0.00938554528056837,-0.01711886262431328,-0.012848152936654273,0.010016502135934826,-0.020235158199371384,1784980676.2333703,0.096707715877232,0.09740760733130323,1784980676.2050927,17193.783203125,nan,nan,54.61604690551758,nan
23.80439519882202,1784980676.27918,BSMC,circle,circle_dist_bsmc_30cm_yawfree_p01,1784980676.275479,-0.5661207463001363,0.7598101114832585,-2.5341795921012964,0.09628054640469354,0.10626089447874046,1784980676.2765012,-0.5722707464362627,0.7561213071090189,-2.528343271692351,0.0026788711547851562,0,0,1784980676.2736824,-0.5524377344362554,0.7579082173572947,-2.552273639371621,1784980676.2737195,-0.005149972130471241,0.009320535782563075,-0.012768379683639084,-0.017247501247408814,0.009953145932239641,-0.023930367679270148,1784980676.2737608,0.10187817949867048,0.09905899192413213,1784980676.2508767,17193.830078125,nan,nan,45.855506896972656,nan
23.84354543685913,1784980676.3183303,BSMC,circle,circle_dist_bsmc_30cm_yawfree_p01,1784980676.275479,-0.5661207463001363,0.7598101114832585,-2.5341795921012964,0.09628054640469354,0.10626089447874046,1784980676.2765012,-0.5722707464362627,0.7561213071090189,-2.528343271692351,0.04182910919189453,0,0,1784980676.314117,-0.556016640382825,0.755504289371834,-2.5479623209740994,1784980676.314164,-0.005839229511505768,0.009302497468714454,-0.013782728872802963,-0.012937208227520345,0.009859275721988104,-0.019619049281748513,1784980676.3142126,0.10105857669700964,0.10042350166378557,1784980676.3061218,17193.884765625,nan,nan,55.12380599975586,nan
23.883331298828125,1784980676.3581161,BSMC,circle,circle_dist_bsmc_30cm_yawfree_p01,1784980676.325736,-0.5714126734432574,0.7561682816600366,-2.5273113850936983,0.10015841221782489,0.1085660728853477,1784980676.2765012,-0.5722707464362627,0.7561213071090189,-2.528343271692351,0.08161497116088867,0,0,1784980676.3539965,-0.5596285414458482,0.7530553968730835,-2.5435984999444368,1784980676.3540351,-0.007835672694660473,0.009335847687883533,-0.016287114850738416,-0.008574054061220367,0.009783187085492492,-0.015255228252085917,1784980676.3540802,0.09868473224214357,0.1005196960088168,1784980676.351943,17193.931640625,nan,nan,45.937644958496094,nan
23.92347526550293,1784980676.39826,BSMC,circle,circle_dist_bsmc_30cm_yawfree_p01,1784980676.3755438,-0.5757407295705467,0.7531083944672353,-2.5217685369387914,0.1025562756733331,0.10900477548992964,1784980676.3905773,-0.582792975578872,0.7485001180600344,-2.5102388783564193,0.00768280029296875,0,0,1784980676.3939059,-0.5631918479745107,0.7506168068429573,-2.5392806412484528,1784980676.3939433,-0.008767203325877349,0.009317649062049424,-0.017512104309661325,-0.017071952903339672,0.009860679430564488,-0.029041762892033418,1784980676.3939831,0.09757676969034192,0.1011891782546165,1784980676.351943,17193.931640625,nan,nan,45.937644958496094,nan
23.964013814926147,1784980676.4387987,BSMC,circle,circle_dist_bsmc_30cm_yawfree_p01,1784980676.4252903,-0.5809916378912232,0.7493383328654458,-2.51383040533663,0.10469409807543383,0.11250179331824026,1784980676.3905773,-0.582792975578872,0.7485001180600344,-2.5102388783564193,0.04822134971618652,0,0,1784980676.4338539,-0.566735199028478,0.7481693714593439,-2.5349742152001733,1784980676.4338982,-0.010851788941211561,0.00931939893939226,-0.02114380986354325,-0.012767086848074427,0.009744899920983076,-0.024735336843753956,1784980676.4339457,0.0950947861485937,0.09907275154286886,1784980676.404191,17193.982421875,nan,nan,52.11967086791992,nan
24.003472328186035,1784980676.4782572,BSMC,circle,circle_dist_bsmc_30cm_yawfree_p01,1784980676.4760392,-0.5858829143052832,0.7457991271657579,-2.5072858448320186,0.10327069950448899,0.11183039215403999,1784980676.4731665,-0.5898332643052154,0.7433246905965735,-2.5015097105119954,0.0050907135009765625,0,0,1784980676.4738774,-0.570260363454481,0.7457120317152848,-2.530677084615457,1784980676.4739091,-0.006555436882611431,0.009237778864339366,-0.016846679278827104,-0.017124239232794703,0.009775391349086091,-0.029167374103461707,1784980676.4739394,0.1002033710102578,0.10069135254861178,1784980676.4537947,17194.033203125,nan,nan,49.813690185546875,nan
24.043561697006226,1784980676.5183465,BSMC,circle,circle_dist_bsmc_30cm_yawfree_p01,1784980676.4760392,-0.5858829143052832,0.7457991271657579,-2.5072858448320186,0.10327069950448899,0.11183039215403999,1784980676.4731665,-0.5898332643052154,0.7433246905965735,-2.5015097105119954,0.04518008232116699,0,0,1784980676.5140069,-0.5738198930764813,0.7432077932057057,-2.5263249022271506,1784980676.514051,-0.008180880244641319,0.009236053880412444,-0.01903905739513201,-0.012773645528169345,0.009657934718661196,-0.024815191715155116,1784980676.5140977,0.09826972151273436,0.0993441162613888,1784980676.5091784,17194.087890625,nan,nan,55.174564361572266,nan
24.08312439918518,1784980676.5579093,BSMC,circle,circle_dist_bsmc_30cm_yawfree_p01,1784980676.525656,-0.5897003155991268,0.7429869602299939,-2.502330519485824,0.09994550490928726,0.10970312916701559,1784980676.4731665,-0.5898332643052154,0.7433246905965735,-2.5015097105119954,0.08474278450012207,0,0,1784980676.5538542,-0.577327948099321,0.7407170052739975,-2.5220225188043,1784980676.553894,-0.008575009735375814,0.009203118009170303,-0.019691999318476316,-0.008472370349928954,0.009560433923448727,-0.02051280829230473,1784980676.553938,0.09780052427955553,0.09823594947887376,1784980676.557662,17194.13671875,nan,nan,48.60396194458008,nan
24.12326216697693,1784980676.598047,BSMC,circle,circle_dist_bsmc_30cm_yawfree_p01,1784980676.5753572,-0.5934997709894314,0.7401587280893522,-2.4972492034513487,0.0980761552091776,0.10846853035547785,1784980676.5859618,-0.6002061266117161,0.7357720427361706,-2.4876950141241214,0.012085199356079102,0,0,1784980676.5937116,-0.5808282846599103,0.7382089663138478,-2.5177164017464992,1784980676.5937474,-0.008959610695822118,0.009170251521074427,-0.020467198295150535,-0.016862903748121966,0.00985301133736171,-0.030021387622377826,1784980676.5937872,0.0973423219585921,0.09743801664115496,1784980676.557662,17194.13671875,nan,nan,48.60396194458008,nan
24.163686990737915,1784980676.6384718,BSMC,circle,circle_dist_bsmc_30cm_yawfree_p01,1784980676.6256497,-0.5984671363645696,0.7364496077260051,-2.4900707523413876,0.09931525736851207,0.1100031199979266,1784980676.5859618,-0.6002061266117161,0.7357720427361706,-2.4876950141241214,0.05251002311706543,0,0,1784980676.633761,-0.5843458722391098,0.7356654791452513,-2.5133755747582796,1784980676.633797,-0.010753196980738133,0.00918660507617458,-0.023304822416891913,-0.012523763597116995,0.009732130800919909,-0.025680560634158134,1784980676.6338356,0.09520662831483545,0.09622141471625878,1784980676.6019175,17194.181640625,nan,nan,44.30618667602539,nan
24.20317769050598,1784980676.6779625,BSMC,circle,circle_dist_bsmc_30cm_yawfree_p01,1784980676.6755571,-0.6033193621403933,0.732840832271753,-2.483970498675316,0.10167207295140943,0.11064391914228283,1784980676.6685772,-0.6066093141492567,0.7310801417237548,-2.4821826878286757,0.009385347366333008,0,0,1784980676.6738365,-0.5878364573203075,0.7331184227706778,-2.5090544974114772,1784980676.6738734,-0.006433088894160931,0.009095245869603232,-0.018983745070089597,-0.016085953896282923,0.009890239147418442,-0.026871809582801557,1784980676.6739116,0.10034446340791231,0.09784251413933397,1784980676.658809,17194.23828125,nan,nan,56.845455169677734,nan
24.243502616882324,1784980676.7182875,BSMC,circle,circle_dist_bsmc_30cm_yawfree_p01,1784980676.6755571,-0.6033193621403933,0.732840832271753,-2.483970498675316,0.10167207295140943,0.11064391914228283,1784980676.6685772,-0.6066093141492567,0.7310801417237548,-2.4821826878286757,0.04971027374267578,0,0,1784980676.7140439,-0.591331136529255,0.7305451136520539,-2.504714597394693,1784980676.7140827,-0.008084828570144354,0.009144584423349362,-0.020744098719377213,-0.011747381281148495,0.00978304653270909,-0.02253190956601747,1784980676.7141235,0.0983800721683957,0.0982133516850002,1784980676.701833,17194.28125,nan,nan,43.041622161865234,nan
24.28372812271118,1784980676.758513,BSMC,circle,circle_dist_bsmc_30cm_yawfree_p01,1784980676.72594,-0.6074300263625226,0.7296635203520906,-2.478801530639997,0.10228063288802462,0.10922284180358297,1784980676.6685772,-0.6066093141492567,0.7310801417237548,-2.4821826878286757,0.0899357795715332,0,0,1784980676.7533493,-0.5947513268204991,0.7280038990783543,-2.5004536701943754,1784980676.7533877,-0.008973141085095837,0.009109692855201546,-0.02165213955437828,-0.0074873440121301805,0.009696123552553018,-0.018270982365699684,1784980676.7534273,0.09732356650306694,0.09893831984125118,1784980676.7522027,17194.330078125,nan,nan,50.01750564575195,nan
24.324025630950928,1784980676.7988105,BSMC,circle,circle_dist_bsmc_30cm_yawfree_p01,1784980676.7754905,-0.611449936142111,0.7265186096293681,-2.4734595550814262,0.10257032987246638,0.10899854692279408,1784980676.7890136,-0.6169235998658348,0.7233266133268091,-2.4657453461808925,0.009796857833862305,0,0,1784980676.7936316,-0.5982136862820402,0.72540820303833,-2.49612636153959,1784980676.7936764,-0.00970226551685429,0.009071789073611917,-0.02266680645816388,-0.015899204147569616,0.01008013836780408,-0.03038101535869764,1784980676.7937155,0.0964556676771465,0.09877953701761066,1784980676.7522027,17194.330078125,nan,nan,50.01750564575195,nan
24.364182949066162,1784980676.8389678,BSMC,circle,circle_dist_bsmc_30cm_yawfree_p01,1784980676.825814,-0.6160894076600006,0.7229549088799863,-2.4667524730248904,0.1017701415117714,0.10999022502310488,1784980676.7890136,-0.6169235998658348,0.7233266133268091,-2.4657453461808925,0.04995417594909668,0,0,1784980676.8337936,-0.6016831093804581,0.7227836209573293,-2.491776033094156,1784980676.8338358,-0.0111415198409685,0.00913440229598542,-0.02502356006926565,-0.011550609512009338,0.00995745001741158,-0.026030686913263597,1784980676.83388,0.09474120407102053,0.09685999851699846,1784980676.8027985,17194.380859375,nan,nan,51.04750061035156,nan
24.403440475463867,1784980676.8782253,BSMC,circle,circle_dist_bsmc_30cm_yawfree_p01,1784980676.8756967,-0.6206680298064174,0.7193727251676262,-2.460594760382695,0.10143583099167125,0.11051459741670566,1784980676.86641,-0.6237052340522409,0.7176977767034635,-2.458429872009829,0.011815309524536133,0,0,1784980676.8741405,-0.6051367499978761,0.720147292307969,-2.4874311634805086,1784980676.8741794,-0.006797787983460261,0.009035125854745108,-0.02067869045561821,-0.015947601368525098,0.00982154455086011,-0.029001291470679647,1784980676.87422,0.09990793564153677,0.09848484374247625,1784980676.8528347,17194.431640625,nan,nan,49.91997528076172,nan
24.44354248046875,1784980676.9183273,BSMC,circle,circle_dist_bsmc_30cm_yawfree_p01,1784980676.8756967,-0.6206680298064174,0.7193727251676262,-2.460594760382695,0.10143583099167125,0.11051459741670566,1784980676.86641,-0.6237052340522409,0.7176977767034635,-2.458429872009829,0.051917314529418945,0,0,1784980676.9140863,-0.608557560563586,0.7175124958853574,-2.483113279035318,1784980676.914129,-0.008238024842518331,0.009069667301407881,-0.022518518652622888,-0.011631275726187868,0.009705656396238658,-0.02468340702548888,1784980676.9141774,0.0981940831501689,0.09728751672517327,1784980676.9032826,17194.482421875,nan,nan,50.23551940917969,nan
24.48334050178528,1784980676.9581254,BSMC,circle,circle_dist_bsmc_30cm_yawfree_p01,1784980676.9258113,-0.6245499171458048,0.7162226322091225,-2.455413660640966,0.10073910363220419,0.1092562532052466,1784980676.86641,-0.6237052340522409,0.7176977767034635,-2.458429872009829,0.09171533584594727,0,0,1784980676.953393,-0.6119151824514096,0.7149033700335597,-2.4788610808160185,1784980676.9534304,-0.00893928241520857,0.00902586302725482,-0.02344742017505252,-0.007380162491295276,0.009609746458109287,-0.020431208806189538,1784980676.9534688,0.09735938493159646,0.09713110275185653,1784980676.956629,17194.53515625,nan,nan,53.78048324584961,nan
24.523810863494873,1784980676.9985957,BSMC,circle,circle_dist_bsmc_30cm_yawfree_p01,1784980676.9756675,-0.628435139723732,0.7130316336486779,-2.449902332402741,0.10076138711019515,0.10945873364349638,1784980676.9867167,-0.6323918612014497,0.7111998345532993,-2.452125308497575,0.01187896728515625,0,0,1784980676.9935617,-0.6153250407374393,0.7122300985192285,-2.474528236081827,1784980676.9936154,-0.009585740213050933,0.008979462041906075,-0.02462590367908568,-0.013823879977054646,0.010061716899726646,-0.022402927584251664,1784980676.9936604,0.0965889805248825,0.09650403098485011,1784980676.956629,17194.53515625,nan,nan,53.78048324584961,nan
24.56385326385498,1784980677.038638,BSMC,circle,circle_dist_bsmc_30cm_yawfree_p01,1784980677.0256355,-0.6328592211641796,0.7095829121445807,-2.4449658673057715,0.10144207043832378,0.10962250236734244,1784980676.9867167,-0.6323918612014497,0.7111998345532993,-2.452125308497575,0.05192136764526367,0,0,1784980677.0335693,-0.6187117523516825,0.7095512400156326,-2.470210119893778,1784980677.0336108,-0.010830941092324908,0.00910179059190646,-0.02524425258800633,-0.009506651925717405,0.009974307557638144,-0.01808481139620266,1784980677.033654,0.09510926204730212,0.09665877870568622,1784980677.0028749,17194.58203125,nan,nan,46.069374084472656,nan
24.60359835624695,1784980677.0783832,BSMC,circle,circle_dist_bsmc_30cm_yawfree_p01,1784980677.0761964,-0.6370431512951215,0.7062816270050378,-2.4409359154192134,0.09956056167483227,0.10559395957492174,1784980677.0664139,-0.6387407176839985,0.7060041814785893,-2.443375098424604,0.011969327926635742,0,0,1784980677.0738084,-0.6221041632656394,0.7068439159876628,-2.4658698336388944,1784980677.0738573,-0.006491813607777929,0.009001651316865748,-0.02090396633312297,-0.01328324807466116,0.010051637555531089,-0.02249473521429035,1784980677.0739017,0.1002706214131638,0.0982812019281458,1784980677.0529506,17194.630859375,nan,nan,50.016788482666016,nan
24.643496990203857,1784980677.1182818,BSMC,circle,circle_dist_bsmc_30cm_yawfree_p01,1784980677.0761964,-0.6370431512951215,0.7062816270050378,-2.4409359154192134,0.09956056167483227,0.10559395957492174,1784980677.0664139,-0.6387407176839985,0.7060041814785893,-2.443375098424604,0.05186796188354492,0,0,1784980677.1145697,-0.6254908179616075,0.7041170196008065,-2.461521796872842,1784980677.1146162,-0.007435257042149248,0.00910268550375325,-0.020585881453628385,-0.008936112422814294,0.009963288481881756,-0.018146698448237686,1784980677.1146758,0.09915146665928243,0.09961038275982345,1784980677.1028473,17194.681640625,nan,nan,49.855342864990234,nan
24.684234857559204,1784980677.1590197,BSMC,circle,circle_dist_bsmc_30cm_yawfree_p01,1784980677.12543,-0.6407072174796371,0.703186137641307,-2.4360048942727803,0.09870446642646619,0.10465757910565006,1784980677.0664139,-0.6387407176839985,0.7060041814785893,-2.443375098424604,0.0926058292388916,0,0,1784980677.1538715,-0.6288389502266283,0.7013971560622229,-2.4572081352975252,1784980677.1539047,-0.007874366187850947,0.009058177510888917,-0.021203241024744912,-0.0046230056293697,0.009894316596799372,-0.013833036872921143,1784980677.1539412,0.0986288510633292,0.09932430985400258,1784980677.1540103,17194.732421875,nan,nan,51.0855712890625,nan
24.723349809646606,1784980677.1981347,BSMC,circle,circle_dist_bsmc_30cm_yawfree_p01,1784980677.1756082,-0.6445264703818423,0.6999242438454112,-2.4307171286130322,0.09923251186942442,0.10476925925663055,1784980677.1895094,-0.6508469141729927,0.6959367030962573,-2.4278633598873927,0.008625268936157227,0,0,1784980677.1935236,-0.6321478637198293,0.6986854739961221,-2.4529300333764437,1784980677.1935663,-0.00857210113051268,0.00901573823048354,-0.022212904763411423,-0.015934596508675375,0.010163604843538641,-0.025066673489051006,1784980677.19361,0.09779827274416425,0.0991284673690923,1784980677.1540103,17194.732421875,nan,nan,51.0855712890625,nan
24.763206243515015,1784980677.237991,BSMC,circle,circle_dist_bsmc_30cm_yawfree_p01,1784980677.2258909,-0.6491911922360218,0.6960914392060469,-2.425169346206305,0.09987626958681076,0.10512027927140083,1784980677.1895094,-0.6508469141729927,0.6959367030962573,-2.4278633598873927,0.04848170280456543,0,0,1784980677.2336228,-0.6354821913615994,0.6959289010399278,-2.4486037804391265,1784980677.233665,-0.010232033506905741,0.00912516377627917,-0.023434434232821655,-0.011609481611296046,0.010064527046017084,-0.020740420551733862,1784980677.2337105,0.09582492225821415,0.098912750572646,1784980677.2039776,17194.783203125,nan,nan,50.09666442871094,nan
24.80352759361267,1784980677.2783124,BSMC,circle,circle_dist_bsmc_30cm_yawfree_p01,1784980677.2762058,-0.6529316059802446,0.692821873737479,-2.4196667077107783,0.09940110446410037,0.10581435628126146,1784980677.2764187,-0.6582340097389616,0.689845971889332,-2.4152009915191446,0.001893758773803711,0,0,1784980677.2740514,-0.6388020356680635,0.6931600452767043,-2.4442808234002467,1784980677.2748551,-0.005910057949072145,0.009033208710151012,-0.019111477193941795,-0.016728003806062285,0.010428738532215301,-0.02907983188110208,1784980677.2751477,0.1009650383925045,0.10053416664780365,1784980677.256486,17194.8359375,nan,nan,52.401126861572266,nan
24.84344792366028,1784980677.3182328,BSMC,circle,circle_dist_bsmc_30cm_yawfree_p01,1784980677.2762058,-0.6529316059802446,0.692821873737479,-2.4196667077107783,0.09940110446410037,0.10581435628126146,1784980677.2764187,-0.6582340097389616,0.689845971889332,-2.4152009915191446,0.04181408882141113,0,0,1784980677.3137555,-0.6421122393759278,0.6903748694501827,-2.4399547764565823,1784980677.313793,-0.006503249550891812,0.008986337907038568,-0.020288068745804022,-0.012403527281948316,0.010312309306563416,-0.02475378493743774,1784980677.3138351,0.10025841683586226,0.09931539476935138,1784980677.3038,17194.8828125,nan,nan,47.1876106262207,nan
24.88330912590027,1784980677.358094,BSMC,circle,circle_dist_bsmc_30cm_yawfree_p01,1784980677.3255079,-0.6573446277503449,0.689122978823649,-2.413487873686676,0.09881541026598552,0.1069752612399196,1784980677.2764187,-0.6582340097389616,0.689845971889332,-2.4152009915191446,0.08167529106140137,0,0,1784980677.3540573,-0.6454088937341601,0.6875766525260179,-2.435630660703408,1784980677.3541098,-0.007880260259394338,0.009096942880334353,-0.02214278701673234,-0.008080518334179606,0.010214628449450135,-0.020429669184263588,1784980677.3541589,0.09861965579095705,0.0976481898280846,1784980677.3038,17194.8828125,nan,nan,47.1876106262207,nan
24.924140453338623,1784980677.3989253,BSMC,circle,circle_dist_bsmc_30cm_yawfree_p01,1784980677.376152,-0.6609611231045197,0.6858908169420787,-2.40806015660458,0.0975050831532384,0.10700049215963298,1784980677.3922276,-0.6669125221934962,0.6823339303789911,-2.409617630981073,0.006697654724121094,0,0,1784980677.3936992,-0.6486926756438496,0.6847648447032951,-2.431307523420083,1784980677.3937352,-0.008359339127559448,0.009050086514955985,-0.023247366815503323,-0.015177617205105319,0.010368803630123682,-0.021689892439010094,1784980677.3937721,0.0980482820064547,0.09634206434440926,1784980677.3642411,17194.943359375,nan,nan,60.27372741699219,nan
24.963521718978882,1784980677.4383066,BSMC,circle,circle_dist_bsmc_30cm_yawfree_p01,1784980677.4255857,-0.665223613317447,0.6823243201518955,-2.4039434045001404,0.09659807147212976,0.10481994291197046,1784980677.3922276,-0.6669125221934962,0.6823339303789911,-2.409617630981073,0.04607892036437988,0,0,1784980677.4338138,-0.6519651852077726,0.6819380738813645,-2.4269831759240503,1784980677.4338613,-0.009552150967551451,0.009202799248816004,-0.02303977142390989,-0.010854097557214509,0.01028436442129331,-0.017365544942977262,1784980677.4339104,0.09663293319187892,0.09720661578600398,1784980677.4043312,17194.982421875,nan,nan,39.912017822265625,nan
25.004191160202026,1784980677.478976,BSMC,circle,circle_dist_bsmc_30cm_yawfree_p01,1784980677.4760733,-0.669629896993242,0.6785417612108953,-2.3998360333875137,0.09700804032927257,0.10328613780668966,1784980677.467615,-0.6733711987443681,0.6763275942521676,-2.4043913199230347,0.011361122131347656,0,0,1784980677.4744263,-0.6552334233503017,0.6790901913338894,-2.422648219754923,1784980677.4744716,-0.0052181424251715215,0.009112325412414392,-0.018704815254782403,-0.015285421269644085,0.01014725260802415,-0.018256899831888166,1784980677.4745169,0.10178717250601528,0.09883381480941143,1784980677.4551177,17195.033203125,nan,nan,50.39726257324219,nan
25.04342770576477,1784980677.5182126,BSMC,circle,circle_dist_bsmc_30cm_yawfree_p01,1784980677.4760733,-0.669629896993242,0.6785417612108953,-2.3998360333875137,0.09700804032927257,0.10328613780668966,1784980677.467615,-0.6733711987443681,0.6763275942521676,-2.4043913199230347,0.0505976676940918,0,0,1784980677.5139291,-0.6584823171039214,0.6762343200585685,-2.4183225590493564,1784980677.5139673,-0.006660050104192564,0.009232364522151551,-0.018486525661842723,-0.010960324138314275,0.010077638183697106,-0.01393123912632177,1784980677.514007,0.10007606646381476,0.1001517328006807,1784980677.505445,17195.08203125,nan,nan,49.62809753417969,nan
25.083287239074707,1784980677.558072,BSMC,circle,circle_dist_bsmc_30cm_yawfree_p01,1784980677.5259707,-0.6731632447972228,0.6752960638540785,-2.3947163141624754,0.09649150938272126,0.10309346461211355,1784980677.467615,-0.6733711987443681,0.6763275942521676,-2.4043913199230347,0.09045720100402832,0,0,1784980677.554069,-0.6617143466297745,0.6733684120876773,-2.4140028979089134,1784980677.554111,-0.007091817512264511,0.009192346542306242,-0.01928658374643799,-0.006640965631835569,0.010026790901426197,-0.009611577985878752,1784980677.554153,0.09956192673068875,0.09957254595885703,1784980677.5546076,17195.1328125,nan,nan,50.329654693603516,nan
25.124414205551147,1784980677.599199,BSMC,circle,circle_dist_bsmc_30cm_yawfree_p01,1784980677.5756106,-0.6766729463057082,0.672035015951627,-2.3893870523037455,0.09649469892006457,0.10378619764488471,1784980677.590933,-0.6844553161291383,0.6663962320817588,-2.385148041627069,0.008265972137451172,0,0,1784980677.5934772,-0.6648989122129298,0.6705200593849475,-2.409730357816446,1784980677.5935178,-0.007562111930030851,0.009150816104289094,-0.02034330551270047,-0.017053344956220445,0.010423162263179565,-0.024582316189377007,1784980677.5935612,0.09900142600549035,0.09869803228790408,1784980677.5546076,17195.1328125,nan,nan,50.329654693603516,nan
25.163577795028687,1784980677.6383626,BSMC,circle,circle_dist_bsmc_30cm_yawfree_p01,1784980677.625677,-0.6812785168644684,0.6679256186331453,-2.383591093167542,0.0967779776916496,0.10456500681266873,1784980677.590933,-0.6844553161291383,0.6663962320817588,-2.385148041627069,0.047429561614990234,0,0,1784980677.6334147,-0.668099806076857,0.6676322793021291,-2.4054193226601956,1784980677.6334538,-0.009368866654128137,0.009273014806619828,-0.021828229492653506,-0.01274339723396734,0.010326487725193574,-0.020271281033126698,1784980677.6334922,0.09685342683659669,0.09792697581375696,1784980677.6058147,17195.18359375,nan,nan,50.913639068603516,nan
25.203590631484985,1784980677.6783755,BSMC,circle,circle_dist_bsmc_30cm_yawfree_p01,1784980677.675524,-0.6857833295259568,0.6638614843937989,-2.3790031580431252,0.09694846286296795,0.10364285128836075,1784980677.668125,-0.6907420768348413,0.6603324901989247,-2.3815247737320635,0.010250568389892578,0,0,1784980677.6739335,-0.6713299772627612,0.6646925603732795,-2.4010517164971708,1784980677.673974,-0.00500210667207626,0.009187221275205689,-0.01746062332962861,-0.017073641357762234,0.010214234797974956,-0.019526942765107247,1784980677.6740174,0.102046036636685,0.09957036126985107,1784980677.6556358,17195.234375,nan,nan,49.997562408447266,nan
25.24373769760132,1784980677.7185225,BSMC,circle,circle_dist_bsmc_30cm_yawfree_p01,1784980677.675524,-0.6857833295259568,0.6638614843937989,-2.3790031580431252,0.09694846286296795,0.10364285128836075,1784980677.668125,-0.6907420768348413,0.6603324901989247,-2.3815247737320635,0.050397634506225586,0,0,1784980677.7139883,-0.6745177853975346,0.6617659564979128,-2.39672422759794,1784980677.714028,-0.006697964957989879,0.009297364524068298,-0.017721069554814672,-0.012746808145461239,0.010139099584075635,-0.015199453865876402,1784980677.7140687,0.10003255807811298,0.1001876344781886,1784980677.7055888,17195.283203125,nan,nan,49.89958572387695,nan
25.28331708908081,1784980677.758102,BSMC,circle,circle_dist_bsmc_30cm_yawfree_p01,1784980677.7258904,-0.6892344285269293,0.6605578831342899,-2.373986411264038,0.09605672472551904,0.10291874477505675,1784980677.668125,-0.6907420768348413,0.6603324901989247,-2.3815247737320635,0.08997702598571777,0,0,1784980677.7540817,-0.6776783996214528,0.6588390702914185,-2.3924165398385404,1784980677.754132,-0.007121860410764031,0.009261491561439718,-0.018430128574502547,-0.008439490269423316,0.010082904807050966,-0.010891766106476908,1784980677.7541854,0.09952801005108608,0.09972475598281802,1784980677.75605,17195.333984375,nan,nan,50.28081512451172,nan
25.323278427124023,1784980677.7980633,BSMC,circle,circle_dist_bsmc_30cm_yawfree_p01,1784980677.7756178,-0.6926199658225242,0.657284592351564,-2.369015584588531,0.09555406254993523,0.10244852114318533,1784980677.7897093,-0.7003026654359743,0.6510282904113343,-2.373266432259411,0.008353948593139648,0,0,1784980677.7934914,-0.6808072214820414,0.6559165656226986,-2.388135116269815,1784980677.7935345,-0.007504415692437552,0.009224758593025299,-0.019119531681283775,-0.01741570523724421,0.010032984630328205,-0.014868684010403754,1784980677.7935762,0.09907251912385884,0.09936292383210954,1784980677.75605,17195.333984375,nan,nan,50.28081512451172,nan
25.363479137420654,1784980677.838264,BSMC,circle,circle_dist_bsmc_30cm_yawfree_p01,1784980677.8254907,-0.6973045033099166,0.6529380647708892,-2.3650693229125497,0.09763079679451281,0.10157482883803487,1784980677.7897093,-0.7003026654359743,0.6510282904113343,-2.373266432259411,0.04855465888977051,0,0,1784980677.8335786,-0.6839635651752483,0.6529427840284638,-2.383798537900674,1784980677.8336167,-0.009520122944775994,0.009346010469755991,-0.018729214988124184,-0.013079480006290046,0.009977909896623985,-0.010532105641262834,1784980677.8336585,0.09668067230958534,0.10144924092266983,1784980677.8077617,17195.384765625,nan,nan,49.92435836791992,nan
25.40349268913269,1784980677.8782775,BSMC,circle,circle_dist_bsmc_30cm_yawfree_p01,1784980677.8775094,-0.7018641514904157,0.6486704427619576,-2.359132662315993,0.09861151822115492,0.10265575030566683,1784980677.869219,-0.7067744995789513,0.6454074323248087,-2.3568585922714242,0.009058475494384766,0,0,1784980677.873601,-0.6870934791407532,0.6499682322894974,-2.3794806277062777,1784980677.8736374,-0.005202808882598482,0.009274464905422924,-0.014411304793727984,-0.017148652135397464,0.0106802243303127,-0.022622035434853416,1784980677.873677,0.10181305102233802,0.10308318468091848,1784980677.8772724,17195.45703125,nan,nan,72.25078582763672,nan
25.443485021591187,1784980677.9182699,BSMC,circle,circle_dist_bsmc_30cm_yawfree_p01,1784980677.8775094,-0.7018641514904157,0.6486704427619576,-2.359132662315993,0.09861151822115492,0.10265575030566683,1784980677.869219,-0.7067744995789513,0.6454074323248087,-2.3568585922714242,0.04905080795288086,0,0,1784980677.9146383,-0.6902472472404495,0.6469448322323891,-2.3751117340829246,1784980677.9146826,-0.007021891062400756,0.009413991818586678,-0.015979071766931696,-0.012780674386720186,0.010590940966551417,-0.018253141811500395,1784980677.9147334,0.09965122774263506,0.10254051951327019,1784980677.8772724,17195.45703125,nan,nan,72.25078582763672,nan
25.483604431152344,1784980677.9583893,BSMC,circle,circle_dist_bsmc_30cm_yawfree_p01,1784980677.9254725,-0.7053882971195248,0.6451746080794144,-2.354662620913063,0.09929265730026426,0.10064378052949027,1784980677.869219,-0.7067744995789513,0.6454074323248087,-2.3568585922714242,0.08917021751403809,0,0,1784980677.9546404,-0.6933699706994515,0.6439249771450211,-2.3707676626946808,1784980677.9547567,-0.007600236886632882,0.009393516204206444,-0.016105041781617757,-0.008437168094345625,0.010521086559342644,-0.013909070423256507,1784980677.9548209,0.09896451301027473,0.10414028890258487,1784980677.926376,17195.50390625,nan,nan,48.108402252197266,nan
25.52343201637268,1784980677.9982169,BSMC,circle,circle_dist_bsmc_30cm_yawfree_p01,1784980677.9753294,-0.70953966649426,0.6409748620438164,-2.3473596945693194,0.10650060401036068,0.10814711664280433,1784980677.9929404,-0.7158822337044907,0.6358617586570157,-2.348076829823736,0.00527644157409668,0,0,1784980677.9943385,-0.6964417666261968,0.6409285978415556,-2.3664764801766753,1784980677.9944768,-0.00914642749657911,0.009375499206977857,-0.019116785607355965,-0.017246207006068846,0.010304026564796792,-0.018399650352939556,1784980677.9945445,0.09712345678198413,0.10280233717296776,1784980677.9690948,17195.546875,nan,nan,43.54343795776367,nan
25.563411474227905,1784980678.0381963,BSMC,circle,circle_dist_bsmc_30cm_yawfree_p01,1784980678.025319,-0.7140881834395452,0.6365501519082338,-2.3426365014067887,0.10664997286587265,0.10734039239572084,1784980677.9929404,-0.7158822337044907,0.6358617586570157,-2.348076829823736,0.04525589942932129,0,0,1784980678.0333858,-0.6994788613886246,0.6379406189550049,-2.3622159649636623,1784980678.0334225,-0.01118579499642983,0.009499667346466185,-0.019579463556873566,-0.012986258867134389,0.010234713679788555,-0.014139135139926484,1784980678.0334637,0.094701760809324,0.10328096874448847,1784980678.0110028,17195.58984375,nan,nan,41.93870544433594,nan
25.60353684425354,1784980678.0783217,BSMC,circle,circle_dist_bsmc_30cm_yawfree_p01,1784980678.0751247,-0.718304003336189,0.6323778116633213,-2.3386333183918104,0.10428296014808493,0.10506504470059053,1784980678.0715604,-0.7218486703582148,0.6294833310696931,-2.342662535891162,0.006761312484741211,0,0,1784980678.073439,-0.7025384907992919,0.6349045574608216,-2.3579056250359893,1784980678.0734813,-0.006876112710989602,0.009424566576529776,-0.015269123629200632,-0.01735325085483282,0.010056709946645362,-0.015243089144827415,1784980678.0735278,0.09982546456529467,0.10490940798740113,1784980678.0569174,17195.63671875,nan,nan,46.032257080078125,nan
25.643667221069336,1784980678.118452,BSMC,circle,circle_dist_bsmc_30cm_yawfree_p01,1784980678.0751247,-0.718304003336189,0.6323778116633213,-2.3386333183918104,0.10428296014808493,0.10506504470059053,1784980678.0715604,-0.7218486703582148,0.6294833310696931,-2.342662535891162,0.04689168930053711,0,0,1784980678.113566,-0.7056042366027167,0.6318360041766774,-2.3535680166985866,1784980678.1136057,-0.008431229397787605,0.009512728382492456,-0.014934698306776184,-0.01301601664105604,0.010000000479242278,-0.010905480807424706,1784980678.11365,0.09798008648716593,0.10503970455162906,1784980678.1061962,17195.685546875,nan,nan,48.82075119018555,nan
25.683490753173828,1784980678.1582756,BSMC,circle,circle_dist_bsmc_30cm_yawfree_p01,1784980678.1255221,-0.7215372552834804,0.6290262181536248,-2.334085487180418,0.09908885880092624,0.10241461944132085,1784980678.0715604,-0.7218486703582148,0.6294833310696931,-2.342662535891162,0.0867152214050293,0,0,1784980678.1535919,-0.7086445295849073,0.6287664653343692,-2.349247660329568,1784980678.1536338,-0.008725076103338919,0.0094954143909944,-0.015162173149149803,-0.008695828842032854,0.00996221816634585,-0.006585124438406087,1784980678.153672,0.09763092076245167,0.10329955134860307,1784980678.15594,17195.734375,nan,nan,50.0831298828125,nan
25.723281383514404,1784980678.1980662,BSMC,circle,circle_dist_bsmc_30cm_yawfree_p01,1784980678.1755583,-0.7245341007169928,0.6258974608554109,-2.3298877596414056,0.09399554952043848,0.09934647422520222,1784980678.188915,-0.7304416211311737,0.6208565061137704,-2.3277687335248185,0.009151220321655273,0,0,1784980678.1935425,-0.7116628741289789,0.6256926758727976,-2.3449396893288967,1784980678.1935875,-0.008710220209482337,0.009478527030684915,-0.015051929687491137,-0.016411313240940494,0.010329505051952029,-0.017170955804078236,1784980678.1936314,0.09764873457061124,0.10192944625564701,1784980678.15594,17195.734375,nan,nan,50.0831298828125,nan
25.763484001159668,1784980678.2382689,BSMC,circle,circle_dist_bsmc_30cm_yawfree_p01,1784980678.225642,-0.7284008951083035,0.621981046204345,-2.3253778670939664,0.09184597506011392,0.09733403611290584,1784980678.188915,-0.7304416211311737,0.6208565061137704,-2.3277687335248185,0.049353837966918945,0,0,1784980678.2333908,-0.7146775728946708,0.6225959835990298,-2.3406178910043125,1784980678.233427,-0.009848271881279916,0.009577017360898844,-0.01524002391034607,-0.012090005124736099,0.010264637100666026,-0.012849157479494,1784980678.2334652,0.096297559569912,0.10176768128657229,1784980678.2059858,17195.78515625,nan,nan,50.05876922607422,nan
25.803626775741577,1784980678.2784116,BSMC,circle,circle_dist_bsmc_30cm_yawfree_p01,1784980678.275336,-0.731700733316432,0.6184571687478875,-2.320038678423584,0.09401019673672584,0.0990094000794156,1784980678.2769182,-0.7360442600853958,0.6151218760289763,-2.320122648339692,0.0014934539794921875,0,0,1784980678.273915,-0.7177107958933937,0.6194530572944668,-2.3362500016000154,1784980678.2739518,-0.005480758221433095,0.009519991516344781,-0.010872134506048958,-0.015658825280347087,0.010472642038832516,-0.01612735326032322,1784980678.2739913,0.10148795707536203,0.10343155249766618,1784980678.2581794,17195.837890625,nan,nan,52.202796936035156,nan
25.8436861038208,1784980678.318471,BSMC,circle,circle_dist_bsmc_30cm_yawfree_p01,1784980678.275336,-0.731700733316432,0.6184571687478875,-2.320038678423584,0.09401019673672584,0.0990094000794156,1784980678.2769182,-0.7360442600853958,0.6151218760289763,-2.320122648339692,0.04155278205871582,0,0,1784980678.3135297,-0.7206749213160906,0.6163550068339245,-2.3319623467233064,1784980678.3135643,-0.0059702926855622436,0.009504905061499163,-0.011923668299722578,-0.011371592882687732,0.010412687506027786,-0.011839698383614206,1784980678.3136032,0.10090558528444854,0.10337659535402402,1784980678.3079662,17195.88671875,nan,nan,49.83867645263672,nan
25.88392400741577,1784980678.3587089,BSMC,circle,circle_dist_bsmc_30cm_yawfree_p01,1784980678.3258238,-0.736066114275481,0.6139284887716628,-2.3136987916252325,0.1001673602336767,0.10405633945372042,1784980678.2769182,-0.7360442600853958,0.6151218760289763,-2.320122648339692,0.08179068565368652,0,0,1784980678.3537307,-0.7236513198217214,0.6132171885310684,-2.327637432744729,1784980678.3537724,-0.007873841568228677,0.009624743545664153,-0.013938641119496609,-0.007046884785017001,0.010370834955315088,-0.007514784405036945,1784980678.3538234,0.09864325879969475,0.10353027715501807,1784980678.3566077,17195.935546875,nan,nan,48.75904083251953,nan
25.92390203475952,1784980678.398687,BSMC,circle,circle_dist_bsmc_30cm_yawfree_p01,1784980678.375312,-0.7397057141752837,0.6099623132039692,-2.308591807821738,0.10358602787098034,0.10390620983465194,1784980678.3935494,-0.744969674568215,0.6056119769241116,-2.3052299110723213,0.005137443542480469,0,0,1784980678.3938596,-0.7266208953209631,0.610059290382291,-2.323302605321634,1784980678.393901,-0.008873370669208125,0.00961692164834142,-0.014710797499896344,-0.01559758642892477,0.010638213875078194,-0.018072694249312793,1784980678.3939466,0.097455623217987,0.10542759440271862,1784980678.3566077,17195.935546875,nan,nan,48.75904083251953,nan
25.964112758636475,1784980678.4388976,BSMC,circle,circle_dist_bsmc_30cm_yawfree_p01,1784980678.426017,-0.7440435826776212,0.6053695393428942,-2.3030593516866342,0.10604684392648266,0.10415480332476876,1784980678.3935494,-0.744969674568215,0.6056119769241116,-2.3052299110723213,0.045348167419433594,0,0,1784980678.433566,-0.7295523170842312,0.6069148760033392,-2.319003698041665,1784980678.433601,-0.010837407792937957,0.00974348172994906,-0.015944346355030614,-0.011299227440380187,0.010569764285458853,-0.013773786969343503,1784980678.4336405,0.0951222692428531,0.10641813828924519,1784980678.4080608,17195.986328125,nan,nan,51.318607330322266,nan
26.00337266921997,1784980678.4781575,BSMC,circle,circle_dist_bsmc_30cm_yawfree_p01,1784980678.475449,-0.7480849516089193,0.6010378626011962,-2.297529293449998,0.10580086946253944,0.10459435402733916,1784980678.4690871,-0.7508747334693098,0.5991651495501565,-2.296547650418347,0.009070396423339844,0,0,1784980678.4737983,-0.7324983188011909,0.6037273267547763,-2.3146632572915435,1784980678.4738379,-0.006497382191540822,0.009683697889650797,-0.011603905604909315,-0.015608895719523919,0.010717670050810257,-0.018115606873196466,1784980678.4738784,0.10028033628646371,0.10806928036302942,1784980678.4570348,17196.03515625,nan,nan,48.960479736328125,nan
26.0433292388916,1784980678.518114,BSMC,circle,circle_dist_bsmc_30cm_yawfree_p01,1784980678.475449,-0.7480849516089193,0.6010378626011962,-2.297529293449998,0.10580086946253944,0.10459435402733916,1784980678.4690871,-0.7508747334693098,0.5991651495501565,-2.296547650418347,0.0490269660949707,0,0,1784980678.5134218,-0.7353976934013208,0.6005629356287288,-2.3103714310433743,1784980678.5134597,-0.008074878651240926,0.009797367565993777,-0.012842137593376268,-0.01131762002786349,0.01064913386583578,-0.013823780625027204,1784980678.513503,0.09840621345648058,0.10724457487452244,1784980678.5071185,17196.0859375,nan,nan,49.99687194824219,nan
26.083165645599365,1784980678.5579505,BSMC,circle,circle_dist_bsmc_30cm_yawfree_p01,1784980678.5252826,-0.751358349041561,0.5973469960181843,-2.2925545121613387,0.10289557274951806,0.10374668932991185,1784980678.4690871,-0.7508747334693098,0.5991651495501565,-2.296547650418347,0.08886337280273438,0,0,1784980678.553723,-0.738313720984373,0.5973526720396218,-2.306034492185342,1784980678.5537598,-0.008622917737470771,0.009788137875020312,-0.013479980024003526,-0.006980979143670185,0.01059858667788182,-0.009486841766995102,1784980678.5537999,0.09775478446168626,0.105694465300065,1784980678.5071185,17196.0859375,nan,nan,49.99687194824219,nan
26.12365746498108,1784980678.5984423,BSMC,circle,circle_dist_bsmc_30cm_yawfree_p01,1784980678.5757663,-0.7545443134955252,0.5937159383304693,-2.2873894414071403,0.09993069913426784,0.10350104403328507,1784980678.5890977,-0.758936908765421,0.5897210756317802,-2.2877721813367975,0.00934457778930664,0,0,1784980678.5936143,-0.7411969766033074,0.594150785304756,-2.3017257487084746,1784980678.593656,-0.009094687009981296,0.009778914162415053,-0.014336307301334283,-0.014996151989046164,0.010461498287753654,-0.013953567371677076,1784980678.5936987,0.09719350810506189,0.1036330952259094,1784980678.558268,17196.13671875,nan,nan,51.13813781738281,nan
26.163325548171997,1784980678.6381104,BSMC,circle,circle_dist_bsmc_30cm_yawfree_p01,1784980678.6253808,-0.7582933053697695,0.5895650954591878,-2.2826355986193128,0.09915860520296638,0.10324701524432045,1784980678.5890977,-0.758936908765421,0.5897210756317802,-2.2877721813367975,0.04901266098022461,0,0,1784980678.6338158,-0.7440878433534438,0.5909123900795568,-2.297384741475808,1784980678.6338577,-0.010299518335624626,0.009875741792163184,-0.014749142856495201,-0.010655449515138183,0.010410349146546396,-0.009612560139010462,1784980678.6339014,0.09576272493895294,0.10321485168082331,1784980678.606974,17196.185546875,nan,nan,48.867374420166016,nan
26.203553915023804,1784980678.6783388,BSMC,circle,circle_dist_bsmc_30cm_yawfree_p01,1784980678.675834,-0.7621160848061834,0.5852509627490943,-2.277834304290183,0.09942052985440056,0.10201457723028068,1784980678.6700358,-0.764696353055395,0.5829661884051449,-2.278537085797789,0.008302927017211914,0,0,1784980678.6735208,-0.7469357548231517,0.5876942425520146,-2.2930874048974395,1784980678.6735594,-0.00600252620739246,0.009821594786429707,-0.010451806278126698,-0.015139028196817218,0.010421284510024132,-0.014550319099650544,1784980678.6736007,0.10086910247178373,0.10485306828581387,1784980678.6639295,17196.2421875,nan,nan,56.715999603271484,nan
26.243393898010254,1784980678.7181787,BSMC,circle,circle_dist_bsmc_30cm_yawfree_p01,1784980678.675834,-0.7621160848061834,0.5852509627490943,-2.277834304290183,0.09942052985440056,0.10201457723028068,1784980678.6700358,-0.764696353055395,0.5829661884051449,-2.278537085797789,0.04814291000366211,0,0,1784980678.715081,-0.7498534191482495,0.5843681600170435,-2.288662970235574,1784980678.7151248,-0.007294453668352634,0.00989662848561287,-0.010828665945390892,-0.010714933902289002,0.010366696814416557,-0.010125884437785171,1784980678.7151742,0.0993351515172073,0.10568168470702839,1784980678.7080557,17196.287109375,nan,nan,44.257198333740234,nan
26.283228397369385,1784980678.7580132,BSMC,circle,circle_dist_bsmc_30cm_yawfree_p01,1784980678.7271886,-0.7653182240650546,0.5815142418656443,-2.273937444854048,0.09785913801365363,0.0972487210409774,1784980678.6700358,-0.764696353055395,0.5829661884051449,-2.278537085797789,0.08797740936279297,0,0,1784980678.7537723,-0.7526276307827037,0.5811778756542767,-2.2844351822640774,1784980678.7538161,-0.007949367767085196,0.009898073155408901,-0.010497737410029462,-0.006487284773707214,0.010332824205177364,-0.005898096466288472,1784980678.7539341,0.09855814958062088,0.10785829396086502,1784980678.7080557,17196.287109375,nan,nan,44.257198333740234,nan
26.323563814163208,1784980678.7983487,BSMC,circle,circle_dist_bsmc_30cm_yawfree_p01,1784980678.7754755,-0.768448880602946,0.5778165354978224,-2.2693033505206386,0.09882220857028397,0.09703166009618518,1784980678.7884166,-0.7742068584777673,0.572022751173574,-2.2645638112255955,0.00993204116821289,0,0,1784980678.7936163,-0.755435207547594,0.5779212831840267,-2.2801354252602937,1784980678.7936947,-0.008448984927593212,0.009898551013287958,-0.010832074739655084,-0.016538354371258203,0.010660693842958603,-0.0155716140346982,1784980678.7937427,0.09796471892536822,0.10850721342067829,1784980678.760911,17196.33984375,nan,nan,53.006187438964844,nan
26.3635094165802,1784980678.8382943,BSMC,circle,circle_dist_bsmc_30cm_yawfree_p01,1784980678.8259668,-0.7725789607481306,0.5729984603286574,-2.2630638105662837,0.10103442577709225,0.09998603433339213,1784980678.7884166,-0.7742068584777673,0.572022751173574,-2.2645638112255955,0.04987764358520508,0,0,1784980678.8337657,-0.7582578908028351,0.5746184088287043,-2.275790710141885,1784980678.8338232,-0.010387952048601266,0.009990381862411975,-0.01272689957560136,-0.01219403268916229,0.010602479678561441,-0.011226898916289585,1784980678.833867,0.09566075444183811,0.10731772902262919,1784980678.8102942,17196.388671875,nan,nan,49.29630661010742,nan
26.403632879257202,1784980678.8784177,BSMC,circle,circle_dist_bsmc_30cm_yawfree_p01,1784980678.8757226,-0.7766115237705413,0.5682868229576882,-2.255813732794368,0.10220132398970841,0.10401471062076133,1784980678.867732,-0.7804921628400593,0.5651915095500074,-2.250225358892557,0.01068568229675293,0,0,1784980678.8744485,-0.7610793949575895,0.571287653573317,-2.271425524404276,1784980678.8744946,-0.006023012440219318,0.009944354894615606,-0.008361713837992113,-0.016940375514574328,0.011271300112977011,-0.021200165511718883,1784980678.8745434,0.10084690866950949,0.10898831195154321,1784980678.862965,17196.44140625,nan,nan,52.519195556640625,nan
26.443130493164062,1784980678.9179153,BSMC,circle,circle_dist_bsmc_30cm_yawfree_p01,1784980678.8757226,-0.7766115237705413,0.5682868229576882,-2.255813732794368,0.10220132398970841,0.10401471062076133,1784980678.867732,-0.7804921628400593,0.5651915095500074,-2.250225358892557,0.05018329620361328,0,0,1784980678.9135182,-0.7638241030342898,0.5680190509689409,-2.2671573616769187,1784980678.913553,-0.007883063574478358,0.010072097080777418,-0.011343628882550583,-0.012672991774671781,0.011189927955245883,-0.016932002784361803,1784980678.9135945,0.09863585500412873,0.10611492529107884,1784980678.9120946,17196.490234375,nan,nan,49.18246841430664,nan
26.483279943466187,1784980678.9580648,BSMC,circle,circle_dist_bsmc_30cm_yawfree_p01,1784980678.9252336,-0.7797174365988415,0.5644776142228629,-2.250776627109855,0.10086617693264091,0.10359311950704589,1784980678.867732,-0.7804921628400593,0.5651915095500074,-2.250225358892557,0.0903327465057373,0,0,1784980678.954041,-0.7666079567404207,0.5646746680828222,-2.26280595176481,1784980678.954083,-0.008396174818201133,0.010069833206377901,-0.012029324654954985,-0.008322059042741478,0.011125719635536761,-0.012580592872252883,1784980678.954128,0.09802592653383292,0.10525698718587724,1784980678.9120946,17196.490234375,nan,nan,49.18246841430664,nan
26.523139238357544,1784980678.997924,BSMC,circle,circle_dist_bsmc_30cm_yawfree_p01,1784980678.9754016,-0.7827217130994742,0.5607671179357876,-2.2462531347136987,0.0983913488798678,0.10132947504997929,1784980678.9876392,-0.787393898693227,0.5563024247674906,-2.244743550263206,0.010284900665283203,0,0,1784980678.9940023,-0.7693616718479632,0.5613371452487406,-2.258479055097329,1784980678.9940374,-0.008798279211615578,0.010070050461345353,-0.012225920383630129,-0.015187414387482905,0.010947696540653896,-0.013735504834123002,1784980678.9940753,0.09754837112737352,0.10499639298126412,1784980678.9662313,17196.544921875,nan,nan,54.200042724609375,nan
26.563518524169922,1784980679.0383034,BSMC,circle,circle_dist_bsmc_30cm_yawfree_p01,1784980679.0252283,-0.7863445969305644,0.5564299627500627,-2.241542088919722,0.09758591435436488,0.10007988764025443,1784980678.9876392,-0.787393898693227,0.5563024247674906,-2.244743550263206,0.05066418647766113,0,0,1784980679.0337944,-0.772083458696368,0.5580091834362351,-2.2541798130776765,1784980679.0338335,-0.010101396504675527,0.010189984806947546,-0.012637724157954276,-0.010888464224859796,0.010897887174801474,-0.00943626281447063,1784980679.0338748,0.09600101801185311,0.10519706799048255,1784980679.013811,17196.591796875,nan,nan,47.602813720703125,nan
26.605753898620605,1784980679.0805387,BSMC,circle,circle_dist_bsmc_30cm_yawfree_p01,1784980679.075805,-0.7893257774650725,0.5526853242286563,-2.2375599927612178,0.0963474014199897,0.09648284102916595,1784980678.9876392,-0.787393898693227,0.5563024247674906,-2.244743550263206,0.09289956092834473,0,0,1784980679.0741334,-0.7748142815603243,0.5546405973305962,-2.249843363454568,1784980679.0741827,-0.005765187936986674,0.010144585215414201,-0.00830127453484586,-0.006552132534032844,0.010866369996318999,-0.0050998131913622125,1784980679.0742347,0.10115300073758537,0.10685682740710238,1784980679.0597415,17196.638671875,nan,nan,45.281944274902344,nan
26.64454698562622,1784980679.1193318,BSMC,circle,circle_dist_bsmc_30cm_yawfree_p01,1784980679.075805,-0.7893257774650725,0.5526853242286563,-2.2375599927612178,0.0963474014199897,0.09648284102916595,1784980679.0784543,-0.7919823455771784,0.5503587945264043,-2.237712399529015,0.040877580642700195,0,0,1784980679.114367,-0.7775200802065619,0.5512731900499869,-2.2455235478188866,1784980679.114436,-0.0061914930544051065,0.010150567691288175,-0.00796355505766888,-0.009664333336193112,0.01079786552938247,-0.007811148289871728,1784980679.1145146,0.10064727317922506,0.10851185969343953,1784980679.0597415,17196.638671875,nan,nan,45.281944274902344,nan
26.683326244354248,1784980679.158111,BSMC,circle,circle_dist_bsmc_30cm_yawfree_p01,1784980679.1254978,-0.7927893421646942,0.5484332567715153,-2.232918356004094,0.09814233879161731,0.09624689791516092,1784980679.0784543,-0.7919823455771784,0.5503587945264043,-2.237712399529015,0.07965683937072754,0,0,1784980679.1541386,-0.780208475398296,0.5478976968669748,-2.241208289792764,1784980679.154188,-0.00731222401954882,0.010251654153996256,-0.008289933788669934,-0.005349147620757082,0.010773469283836826,-0.0034958902637489686,1784980679.1542408,0.09931667906792843,0.10983656349923492,1784980679.1202116,17196.69921875,nan,nan,61.07353591918945,nan
26.723310947418213,1784980679.1980958,BSMC,circle,circle_dist_bsmc_30cm_yawfree_p01,1784980679.175784,-0.795995947907183,0.5443033127554785,-2.2275487909907583,0.10063635135711713,0.09803341907309514,1784980679.188593,-0.801735991488395,0.5384140407555851,-2.2188646238206196,0.009502887725830078,0,0,1784980679.1943395,-0.7829111093482911,0.5444739493345485,-2.2368463742043847,1784980679.1943784,-0.008124063877782072,0.010258737888458628,-0.009297583213626393,-0.016194862980795525,0.011350114211207603,-0.01798175038376515,1784980679.1944203,0.09835206817780477,0.10988387062161109,1784980679.1592221,17196.73828125,nan,nan,38.930667877197266,nan
26.763249158859253,1784980679.238034,BSMC,circle,circle_dist_bsmc_30cm_yawfree_p01,1784980679.2259004,-0.7999714585248356,0.5392696910039403,-2.2204154954194184,0.10290461711245702,0.10192301324915781,1784980679.188593,-0.801735991488395,0.5384140407555851,-2.2188646238206196,0.04944109916687012,0,0,1784980679.233338,-0.7855137191141122,0.5411476532647364,-2.232622886350381,1784980679.2333937,-0.010240691551585548,0.010376955606855295,-0.012207390930962791,-0.011971910112025672,0.01128309029500282,-0.013758262529761643,1784980679.233437,0.09583625212695886,0.10774030508350482,1784980679.2089612,17196.787109375,nan,nan,49.82715606689453,nan
26.803289651870728,1784980679.2780745,BSMC,circle,circle_dist_bsmc_30cm_yawfree_p01,1784980679.2755919,-0.803046522057031,0.5352075062467512,-2.215137982453064,0.10273760052784672,0.10263114731982666,1784980679.2774925,-0.8078758189654691,0.5304177137009315,-2.210017632931622,0.0005819797515869141,0,0,1784980679.2744288,-0.7882257879555287,0.5376504035918807,-2.2281972672250148,1784980679.2744687,-0.005815297077104445,0.010332724168899476,-0.007781771805596361,-0.017527303786153213,0.011455528959334816,-0.018179634293392866,1784980679.2745123,0.10109397236346715,0.10943584481116123,1784980679.2594583,17196.837890625,nan,nan,50.243690490722656,nan
26.84352970123291,1784980679.3183146,BSMC,circle,circle_dist_bsmc_30cm_yawfree_p01,1784980679.2755919,-0.803046522057031,0.5352075062467512,-2.215137982453064,0.10273760052784672,0.10263114731982666,1784980679.2774925,-0.8078758189654691,0.5304177137009315,-2.210017632931622,0.04082202911376953,0,0,1784980679.3138516,-0.7908137708182094,0.5342831132934793,-2.223950347593057,1784980679.3139014,-0.006608826006012565,0.010335285386732309,-0.008812365139992728,-0.013280934763149992,0.01138734265781236,-0.013932714661434975,1784980679.313945,0.10015113003791584,0.10846941568347723,1784980679.3086877,17196.88671875,nan,nan,49.442745208740234,nan
26.883418798446655,1784980679.3582036,BSMC,circle,circle_dist_bsmc_30cm_yawfree_p01,1784980679.3257132,-0.806667180027664,0.5305611841633776,-2.209514422045244,0.10007903878529613,0.10169440530708204,1784980679.2774925,-0.8078758189654691,0.5304177137009315,-2.210017632931622,0.08071112632751465,0,0,1784980679.354233,-0.7934550825196736,0.530815657064366,-2.2195914704110504,1784980679.3542843,-0.0080809193856213,0.01045576486446951,-0.010077048365806363,-0.008922362094735004,0.011336112790989412,-0.009573837479428526,1784980679.3543417,0.09840246520286693,0.10697775253872265,1784980679.3086877,17196.88671875,nan,nan,49.442745208740234,nan
26.92347264289856,1784980679.3982575,BSMC,circle,circle_dist_bsmc_30cm_yawfree_p01,1784980679.3755946,-0.8094306327247108,0.5268344400607387,-2.20471047400243,0.09705335433541175,0.10079572174795233,1784980679.388926,-0.8156579301460077,0.5203769448473841,-2.1937546849331624,0.009331464767456055,0,0,1784980679.393698,-0.7960348152926273,0.5273985147592992,-2.215309892347085,1784980679.3937364,-0.00838886615315167,0.010459112276086103,-0.010599418344654945,-0.017151527209378854,0.01184036295739317,-0.021555207413922695,1784980679.3937786,0.09803634915886851,0.10539020035271786,1784980679.3656645,17196.943359375,nan,nan,56.40402603149414,nan
26.963293313980103,1784980679.4380782,BSMC,circle,circle_dist_bsmc_30cm_yawfree_p01,1784980679.425882,-0.8130285166716765,0.5221112681607674,-2.1978085222536556,0.09550151812716569,0.10208024569593489,1784980679.388926,-0.8156579301460077,0.5203769448473841,-2.1937546849331624,0.04915213584899902,0,0,1784980679.433756,-0.7986303799802198,0.5239294298769422,-2.2109772793557516,1784980679.4337902,-0.009920107094346906,0.010592616647869627,-0.013168757102095972,-0.012819731959109428,0.011756363682289193,-0.01722259442258922,1784980679.4338279,0.09621546854150353,0.10271977000551319,1784980679.41179,17196.98828125,nan,nan,44.539554595947266,nan
27.003235340118408,1784980679.4780202,BSMC,circle,circle_dist_bsmc_30cm_yawfree_p01,1784980679.4754913,-0.816607243853219,0.5173317590420405,-2.1918922382554036,0.0967875255359982,0.10314812109352259,1784980679.46837,-0.8202855427947202,0.5135626956817492,-2.189377277469503,0.009650230407714844,0,0,1784980679.473909,-0.8012094986288583,0.5204510172571464,-2.2066470095422144,1784980679.4739463,-0.005590102815093468,0.01054496899360648,-0.008838487288558738,-0.01667374009441042,0.01154689683023317,-0.01726973207271154,1784980679.4739852,0.10136032956763778,0.10437551519875884,1784980679.4608402,17197.037109375,nan,nan,49.54939270019531,nan
27.04363465309143,1784980679.5184195,BSMC,circle,circle_dist_bsmc_30cm_yawfree_p01,1784980679.4754913,-0.816607243853219,0.5173317590420405,-2.1918922382554036,0.0967875255359982,0.10314812109352259,1784980679.46837,-0.8202855427947202,0.5135626956817492,-2.189377277469503,0.050049543380737305,0,0,1784980679.5140202,-0.8037551515212816,0.5169865953397533,-2.202347870519388,1784980679.5140622,-0.007198274978440354,0.010652711045775172,-0.010455632263984604,-0.01237509580575465,0.01148189567621345,-0.012970593049885348,1784980679.5141132,0.09944974436108409,0.10401000298107367,1784980679.5112536,17197.08984375,nan,nan,51.10371017456055,nan
27.0841121673584,1784980679.558897,BSMC,circle,circle_dist_bsmc_30cm_yawfree_p01,1784980679.5258796,-0.819551506043272,0.5132080177672913,-2.1865492085899563,0.09847190026842986,0.10367518618271723,1784980679.46837,-0.8202855427947202,0.5135626956817492,-2.189377277469503,0.09052705764770508,0,0,1784980679.5537558,-0.8062951660525743,0.5134984608135651,-2.198032921483743,1784980679.553797,-0.00789360787352319,0.010653912983085182,-0.011483712893786802,-0.008060402374460221,0.011435238566259245,-0.008655644014240238,1784980679.5538397,0.09862316624664932,0.1043408718333424,1784980679.5112536,17197.08984375,nan,nan,51.10371017456055,nan
27.123467206954956,1784980679.598252,BSMC,circle,circle_dist_bsmc_30cm_yawfree_p01,1784980679.5756395,-0.8224655554144519,0.5090774178378605,-2.181172336080281,0.09975127588130188,0.10440054409041077,1784980679.5882797,-0.8279637083997166,0.5028905759229348,-2.1791099823680375,0.009972333908081055,0,0,1784980679.593713,-0.8088198805264682,0.5099997124543119,-2.1937183586861972,1784980679.5937505,-0.008577126329459445,0.010653073473724645,-0.012546022605916196,-0.016774248873191695,0.011646911290232502,-0.014608376318159701,1784980679.5937886,0.09781045141352696,0.10427800146466243,1784980679.5601864,17197.138671875,nan,nan,49.6256103515625,nan
27.164169549942017,1784980679.6389544,BSMC,circle,circle_dist_bsmc_30cm_yawfree_p01,1784980679.6257832,-0.8261389106520678,0.5040377975438036,-2.1754001220723134,0.10078879089131036,0.10606302656330131,1784980679.5882797,-0.8279637083997166,0.5028905759229348,-2.1791099823680375,0.0506746768951416,0,0,1784980679.6335084,-0.8113281320964589,0.5064919916319223,-2.1894061133172396,1784980679.633543,-0.010438114646738723,0.010790180381577426,-0.014005991244926186,-0.012462341166237931,0.011593215546462483,-0.01029613094920201,1784980679.6335812,0.09559936502678747,0.10347892878415028,1784980679.6125329,17197.19140625,nan,nan,52.05178451538086,nan
27.20329785346985,1784980679.6780827,BSMC,circle,circle_dist_bsmc_30cm_yawfree_p01,1784980679.67518,-0.8295458166198021,0.49926217874021217,-2.1701373164130966,0.09947846796781591,0.10616388066309292,1784980679.670231,-0.832944011055547,0.4953607020412279,-2.1706137038584523,0.007851600646972656,0,0,1784980679.6741545,-0.8138642869969722,0.502912443684164,-2.1850191695001002,1784980679.6741936,-0.00605148041107326,0.01073836076959767,-0.009619047427786853,-0.017003846548009606,0.011486247192393002,-0.014405465641647908,1784980679.674234,0.1008118963826162,0.10515395539306732,1784980679.6614494,17197.240234375,nan,nan,49.164974212646484,nan
27.243288040161133,1784980679.718073,BSMC,circle,circle_dist_bsmc_30cm_yawfree_p01,1784980679.67518,-0.8295458166198021,0.49926217874021217,-2.1701373164130966,0.09947846796781591,0.10616388066309292,1784980679.670231,-0.832944011055547,0.4953607020412279,-2.1706137038584523,0.047841787338256836,0,0,1784980679.7145865,-0.8163632856941941,0.4993524733442962,-2.1806696392800693,1784980679.7146306,-0.007510802146100407,0.010833980147769803,-0.010532322866972699,-0.012654645075447673,0.011433050759051992,-0.01005593542161698,1784980679.7146764,0.09907868769740441,0.1040148261537614,1784980679.7147639,17197.29296875,nan,nan,52.986263275146484,nan
27.283266067504883,1784980679.758051,BSMC,circle,circle_dist_bsmc_30cm_yawfree_p01,1784980679.7253773,-0.8321306299210682,0.495473126785989,-2.165208707270046,0.09578070176260882,0.10471464401505169,1784980679.670231,-0.832944011055547,0.4953607020412279,-2.1706137038584523,0.08781981468200684,0,0,1784980679.7542903,-0.8188088590260089,0.4958364356223494,-2.176386722257363,1784980679.754335,-0.007761478344022281,0.0108333294515722,-0.011178014987317297,-0.008371865464105524,0.011399154090952605,-0.005773018398910867,1784980679.7543797,0.09878037808287024,0.10230343025271729,1784980679.7147639,17197.29296875,nan,nan,52.986263275146484,nan
27.323249101638794,1784980679.798034,BSMC,circle,circle_dist_bsmc_30cm_yawfree_p01,1784980679.7752602,-0.8345789878712504,0.49185127136084383,-2.160608607651875,0.09239507680148597,0.10263791865147216,1784980679.7915683,-0.8401717563683154,0.48542107383806665,-2.162193795988578,0.0064656734466552734,0,0,1784980679.7942317,-0.8212712220776462,0.4922634979265302,-2.1720474659707425,1784980679.794269,-0.00774442513684125,0.01083007111974523,-0.011438858318867595,-0.01621778088328043,0.011875712488143661,-0.009853669982164526,1784980679.7943099,0.09880030167571337,0.10125061187420563,1784980679.76227,17197.33984375,nan,nan,46.72075653076172,nan
27.363500595092773,1784980679.8382854,BSMC,circle,circle_dist_bsmc_30cm_yawfree_p01,1784980679.8255417,-0.8379943324842504,0.4870479512929721,-2.156125669878164,0.09347044558399598,0.1021839331733288,1784980679.7915683,-0.8401717563683154,0.48542107383806665,-2.162193795988578,0.046717166900634766,0,0,1784980679.8337057,-0.8236745341147972,0.48874394607102933,-2.167785637548196,1784980679.8337696,-0.009324978106100766,0.010998991178727838,-0.011659967670031968,-0.011956082775116533,0.011842799780167421,-0.005591841559617894,1784980679.8338103,0.09692390950954718,0.10224885782873866,1784980679.8172243,17197.39453125,nan,nan,55.30372619628906,nan
27.403937339782715,1784980679.8787222,BSMC,circle,circle_dist_bsmc_30cm_yawfree_p01,1784980679.8754873,-0.841439358625973,0.48213764251032803,-2.1517481345890093,0.09679654594749282,0.1010878234659344,1784980679.87187,-0.8448059661419598,0.47868379514720055,-2.1541741800218652,0.006852149963378906,0,0,1784980679.874504,-0.8261230462982839,0.4851247590770053,-2.163415997197854,1784980679.874542,-0.004955537380206366,0.010957588844360357,-0.00729032731969026,-0.015667088280521706,0.012044909922477757,-0.009241817175988931,1784980679.8745785,0.10211490710329553,0.1039244517790735,1784980679.8611994,17197.439453125,nan,nan,44.92192459106445,nan
27.443963527679443,1784980679.9187484,BSMC,circle,circle_dist_bsmc_30cm_yawfree_p01,1784980679.8754873,-0.841439358625973,0.48213764251032803,-2.1517481345890093,0.09679654594749282,0.1010878234659344,1784980679.87187,-0.8448059661419598,0.47868379514720055,-2.1541741800218652,0.04687833786010742,0,0,1784980679.913423,-0.8284811134066814,0.4816067421006842,-2.159180793454874,1784980679.9134648,-0.00666794083169008,0.011123692708508845,-0.0074326588658646395,-0.011431995179987164,0.012014737696935215,-0.0050066134330086776,1784980679.9135094,0.10008217104795553,0.10678918014958125,1784980679.9110534,17197.490234375,nan,nan,50.09037399291992,nan
27.483558893203735,1784980679.9583437,BSMC,circle,circle_dist_bsmc_30cm_yawfree_p01,1784980679.9252238,-0.844292613813464,0.4777833699901578,-2.1465077262952423,0.10032090961686134,0.10185676054083959,1784980679.87187,-0.8448059661419598,0.47868379514720055,-2.1541741800218652,0.08647370338439941,0,0,1784980679.9538338,-0.8308885821550703,0.4779814638640225,-2.154828945806252,1784980679.953872,-0.0074637412988281925,0.011135522965099058,-0.008321219511009836,-0.007080168400665594,0.012002418993189422,-0.0006547657843869459,1784980679.9539142,0.09913679999438224,0.10821807063803507,1784980679.9110534,17197.490234375,nan,nan,50.09037399291992,nan
27.523274183273315,1784980679.998059,BSMC,circle,circle_dist_bsmc_30cm_yawfree_p01,1784980679.9757826,-0.8471993050422696,0.47328662645514696,-2.140789692017419,0.1027339238185168,0.10376479737678226,1784980679.989181,-0.8521652293426841,0.4668997038487267,-2.140329441891341,0.008877992630004883,0,0,1784980679.9937751,-0.8332625642628511,0.47437275737884826,-2.1505093876626367,1784980679.9938161,-0.00843505270361685,0.01114730056216902,-0.009719695645217463,-0.016486505860366558,0.011889171573347831,-0.010179945771295884,1784980679.99386,0.09798249096686387,0.10800456350618992,1784980679.9629877,17197.541015625,nan,nan,51.966087341308594,nan
27.56389021873474,1784980680.038675,BSMC,circle,circle_dist_bsmc_30cm_yawfree_p01,1784980680.025415,-0.8506631242706081,0.4680833961780778,-2.135903382412233,0.1034004899940781,0.1034460433535535,1784980679.989181,-0.8521652293426841,0.4668997038487267,-2.140329441891341,0.049494028091430664,0,0,1784980680.0336602,-0.8356110157487394,0.4707691248889389,-2.1462080599572544,1784980680.0336955,-0.010328679797609878,0.011273751962008943,-0.010304677545021514,-0.012185320121931858,0.011854635398291393,-0.00587861806591361,1784980680.033735,0.09573412306649429,0.10849714582701309,1784980680.0267558,17197.60546875,nan,nan,63.06208038330078,nan
27.603471755981445,1784980680.0782566,BSMC,circle,circle_dist_bsmc_30cm_yawfree_p01,1784980680.0755687,-0.8540190423269471,0.46295522288744506,-2.130633368200724,0.10275634471851347,0.10214832158547502,1784980680.0697968,-0.8573422893442585,0.458941464024772,-2.128126687747313,0.008459806442260742,0,0,1784980680.0741298,-0.8379854496089225,0.46709082412584746,-2.141829948117959,1784980680.0741682,-0.005950715632513134,0.011238221281296113,-0.005926565705725917,-0.017154385736304678,0.01211719293427934,-0.013703260370645955,1784980680.0742087,0.1009346038439811,0.11018019963466248,1784980680.0267558,17197.60546875,nan,nan,63.06208038330078,nan
27.643247842788696,1784980680.1180327,BSMC,circle,circle_dist_bsmc_30cm_yawfree_p01,1784980680.0755687,-0.8540190423269471,0.46295522288744506,-2.130633368200724,0.10275634471851347,0.10214832158547502,1784980680.0697968,-0.8573422893442585,0.458941464024772,-2.128126687747313,0.04823589324951172,0,0,1784980680.113282,-0.8402695632486408,0.46351875408924315,-2.137590032270181,1784980680.1133187,-0.007779138526429077,0.011351244254565728,-0.0069566640694569415,-0.012914757501879056,0.012068081841699257,-0.009463344522868233,1784980680.113364,0.09876354924021942,0.11028879923002367,1784980680.1125495,17197.689453125,nan,nan,30.371665954589844,nan
27.683618545532227,1784980680.1584034,BSMC,circle,circle_dist_bsmc_30cm_yawfree_p01,1784980680.1251798,-0.8565487592407315,0.45889930613973623,-2.12545165111463,0.10022858182880584,0.10259168592581827,1784980680.0697968,-0.8573422893442585,0.458941464024772,-2.128126687747313,0.08860659599304199,0,0,1784980680.15398,-0.8426155323407113,0.4598148557293763,-2.1332056891229034,1784980680.154019,-0.008116230768849963,0.011362211096670821,-0.007754038008273234,-0.008530533765589854,0.012036202830848667,-0.005079001375590586,1784980680.1540587,0.09836278733794927,0.10810114729153417,1784980680.1125495,17197.689453125,nan,nan,30.371665954589844,nan
27.723265409469604,1784980680.1980503,BSMC,circle,circle_dist_bsmc_30cm_yawfree_p01,1784980680.1753438,-0.85910837122611,0.4547545238345576,-2.1202445654978206,0.09889362496630104,0.10279150331956541,1784980680.190179,-0.8640642006365563,0.44862437327764304,-2.1187413180751555,0.007871150970458984,0,0,1784980680.1938593,-0.8449029428197821,0.4561684631286886,-2.128901220014322,1784980680.1939075,-0.0086241383031299,0.011376188248410905,-0.008656654516501215,-0.016421365468695513,0.012426015006633262,-0.010159901939166271,1784980680.1939526,0.09775910122541462,0.10678768926962293,1784980680.161357,17197.740234375,nan,nan,49.869384765625,nan
27.763623476028442,1784980680.2384083,BSMC,circle,circle_dist_bsmc_30cm_yawfree_p01,1784980680.2253728,-0.8623316313242142,0.4497507054706271,-2.1149278029227117,0.09866168984148278,0.10356825991605159,1784980680.190179,-0.8640642006365563,0.44862437327764304,-2.1187413180751555,0.048229217529296875,0,0,1784980680.2337642,-0.8471835198749663,0.45249789143381614,-2.1245798594262477,1784980680.2337995,-0.010192231320213104,0.011538229149676503,-0.009652056503536064,-0.012100146498814584,0.012391447881024328,-0.005838541351092186,1784980680.2338388,0.09589679070344694,0.105924722543636,1784980680.2121508,17197.791015625,nan,nan,50.48308181762695,nan
27.803420305252075,1784980680.2782052,BSMC,circle,circle_dist_bsmc_30cm_yawfree_p01,1784980680.2760782,-0.8648835209702925,0.4455145482963293,-2.109354403900039,0.09817626766905199,0.10465052699431372,1784980680.190179,-0.8640642006365563,0.44862437327764304,-2.1187413180751555,0.08802604675292969,0,0,1784980680.27372,-0.849434672433108,0.4488396114494094,-2.1202844282891635,1784980680.2737622,-0.00589692443359776,0.011505995097288184,-0.005356625366451873,-0.007804747920516703,0.012375594241217884,-0.0015431102140079922,1784980680.273805,0.10099880125551727,0.10757772891903916,1784980680.2620673,17197.83984375,nan,nan,50.041778564453125,nan
27.84358263015747,1784980680.3183675,BSMC,circle,circle_dist_bsmc_30cm_yawfree_p01,1784980680.2760782,-0.8648835209702925,0.4455145482963293,-2.109354403900039,0.09817626766905199,0.10465052699431372,1784980680.2801514,-0.8680892949248197,0.4418687718898554,-2.110288582221273,0.03821611404418945,0,0,1784980680.314557,-0.8516861670995803,0.4451451877262714,-2.1159579951074003,1784980680.3146305,-0.006451828485412854,0.011518701559391617,-0.006603591207361426,-0.011237359044010556,0.012390289137072328,-0.005669412886127212,1784980680.3146935,0.10033932479586312,0.1061561431525378,1784980680.314204,17197.890625,nan,nan,50.264366149902344,nan
27.883622407913208,1784980680.3584073,BSMC,circle,circle_dist_bsmc_30cm_yawfree_p01,1784980680.3252718,-0.8678218320122828,0.4408447929764091,-2.104719901602085,0.09807117196590391,0.1036637427446653,1784980680.2801514,-0.8680892949248197,0.4418687718898554,-2.110288582221273,0.07825589179992676,0,0,1784980680.3544738,-0.8539588938374669,0.44137904974517034,-2.111559232404458,1784980680.3545144,-0.007514950705037292,0.011661560831835248,-0.006839330802372866,-0.00683862637037215,0.012375025334717718,-0.0012706501831849515,1784980680.3545558,0.09907722759489238,0.1067025506017085,1784980680.314204,17197.890625,nan,nan,50.264366149902344,nan
27.923518419265747,1784980680.3983033,BSMC,circle,circle_dist_bsmc_30cm_yawfree_p01,1784980680.3752513,-0.8702565336958642,0.43674199596573704,-2.10055754818463,0.09694739195703415,0.10022744935391115,1784980680.3907502,-0.8752298964136895,0.4301832796765426,-2.1008504715532847,0.0075531005859375,0,0,1784980680.394164,-0.8561662903840616,0.43768493048576346,-2.1072558447625522,1784980680.3942,-0.007933869076489838,0.011682371487500936,-0.006698296577922314,-0.01611045103622108,0.012655007195804976,-0.006405373209267485,1784980680.394237,0.09858007458770486,0.10814713078336102,1784980680.3640823,17197.94140625,nan,nan,51.20347213745117,nan
27.963241577148438,1784980680.4380264,BSMC,circle,circle_dist_bsmc_30cm_yawfree_p01,1784980680.4255743,-0.8735201335449974,0.4314522011370841,-2.095791486513021,0.09932530192423458,0.1003984194089379,1784980680.3907502,-0.8752298964136895,0.4301832796765426,-2.1008504715532847,0.04727625846862793,0,0,1784980680.433366,-0.8583229099823402,0.43404054384401913,-2.103021156003702,1784980680.4334042,-0.009856743624980078,0.011853258079251501,-0.007229669490680823,-0.011875804373419539,0.012636848797536486,-0.0021706844504172373,1784980680.4334443,0.09629722285091141,0.10951895659722169,1784980680.414368,17197.9921875,nan,nan,49.761863708496094,nan
28.003557205200195,1784980680.478342,BSMC,circle,circle_dist_bsmc_30cm_yawfree_p01,1784980680.4759595,-0.8767393289681118,0.4261317979715726,-2.0905271760461273,0.10219428121342258,0.1008747283875056,1784980680.4698863,-0.8795388369290087,0.42290025519380275,-2.0905620176229,0.008455753326416016,0,0,1784980680.473667,-0.8605176485902912,0.4302951920315255,-2.098680123021829,1784980680.4737108,-0.005515769605914362,0.011831296240149516,-0.0028886365088078847,-0.015865711483103406,0.01283627265937394,-0.00811810539892921,1784980680.4738219,0.10145233089016545,0.11119706678457725,1784980680.4644952,17198.041015625,nan,nan,49.332008361816406,nan
28.04338049888611,1784980680.5181653,BSMC,circle,circle_dist_bsmc_30cm_yawfree_p01,1784980680.4759595,-0.8767393289681118,0.4261317979715726,-2.0905271760461273,0.10219428121342258,0.1008747283875056,1784980680.4698863,-0.8795388369290087,0.42290025519380275,-2.0905620176229,0.0482790470123291,0,0,1784980680.5141091,-0.8626906881411355,0.4265497364557952,-2.0943499304559112,1784980680.5141582,-0.00733995985070993,0.011985990616213018,-0.0038227544097839683,-0.011535599027332807,0.01281049515594718,-0.0037879128330113865,1784980680.514211,0.0992866785317993,0.11251225550631201,1784980680.5143054,17198.09375,nan,nan,51.51024627685547,nan
28.083346128463745,1784980680.558131,BSMC,circle,circle_dist_bsmc_30cm_yawfree_p01,1784980680.525523,-0.8792912249148223,0.4216605217306428,-2.085334798134064,0.10293605109677384,0.10156754519179817,1784980680.4698863,-0.8795388369290087,0.42290025519380275,-2.0905620176229,0.08824467658996582,0,0,1784980680.553805,-0.8648434385159003,0.4228019930481567,-2.0900279003884674,1784980680.5538485,-0.008103907917184093,0.01201533041856871,-0.004693102254403225,-0.007213578043619366,0.012803463663316606,0.0005341172344324185,1784980680.5538962,0.09837947194321188,0.11222009204797737,1784980680.5143054,17198.09375,nan,nan,51.51024627685547,nan
28.123302698135376,1784980680.5980875,BSMC,circle,circle_dist_bsmc_30cm_yawfree_p01,1784980680.5754435,-0.8817864541376863,0.41722057428190346,-2.079671355640921,0.10257000911610965,0.10356948853396042,1784980680.5901065,-0.8851406055800409,0.41313745780702577,-2.0803006203828183,0.007981061935424805,0,0,1784980680.5937486,-0.8669769530341059,0.419050314109767,-2.0857119986321804,1784980680.5937877,-0.008813015993724123,0.012041595403806803,-0.006040642991259394,-0.014021065849094965,0.012972658012977159,-0.005411378249362109,1784980680.5938303,0.0975369795955827,0.11021210872992855,1784980680.563327,17198.142578125,nan,nan,48.83457565307617,nan
28.163233995437622,1784980680.6380188,BSMC,circle,circle_dist_bsmc_30cm_yawfree_p01,1784980680.625256,-0.8845660965543087,0.4125335620364189,-2.0758680987829514,0.10027928363575951,0.09999677204751581,1784980680.5901065,-0.8851406055800409,0.41313745780702577,-2.0803006203828183,0.0479123592376709,0,0,1784980680.6339934,-0.8691156975589852,0.4152511813819278,-2.0813522202279446,1784980680.6340282,-0.00985428516689469,0.01220628313088377,-0.0054841214449932165,-0.009661313661244472,0.012958569472493613,-0.001051599845126372,1784980680.6340652,0.09630133942921318,0.11138795031934882,1784980680.6135232,17198.19140625,nan,nan,49.815155029296875,nan
28.20335626602173,1784980680.678141,BSMC,circle,circle_dist_bsmc_30cm_yawfree_p01,1784980680.6752644,-0.8873813186083471,0.407703830622183,-2.070468110217053,0.10078181255744569,0.1008042666504032,1784980680.6724584,-0.8894282102551102,0.40587546107907435,-2.069568806579745,0.005682706832885742,0,0,1784980680.673664,-0.8711887769774473,0.4115312844902781,-2.07709366195463,1784980680.6736972,-0.005595754076434018,0.01219199637701099,-0.0012255631716784343,-0.01369157184045338,0.013311879104271488,-0.007524855374884787,1784980680.6737301,0.10135775880300824,0.1130392442473535,1784980680.6643777,17198.2421875,nan,nan,50.54713439941406,nan
28.24322819709778,1784980680.718013,BSMC,circle,circle_dist_bsmc_30cm_yawfree_p01,1784980680.6752644,-0.8873813186083471,0.407703830622183,-2.070468110217053,0.10078181255744569,0.1008042666504032,1784980680.6724584,-0.8894282102551102,0.40587546107907435,-2.069568806579745,0.04555463790893555,0,0,1784980680.7141483,-0.8733022200400945,0.4077001587345503,-2.0727182537820217,1784980680.7141914,-0.006742600785117178,0.0123595454863789,-0.0022501435649688872,-0.009316229474953546,0.013288527018397805,-0.003149447202276612,1784980680.7144103,0.09999625945829387,0.1125941406024729,1784980680.7145119,17198.29296875,nan,nan,50.71993637084961,nan
28.2835476398468,1784980680.7583325,BSMC,circle,circle_dist_bsmc_30cm_yawfree_p01,1784980680.7253616,-0.8898732036998791,0.40310929530359174,-2.0643730020833324,0.10242545191933095,0.10461031197517914,1784980680.6724584,-0.8894282102551102,0.40587546107907435,-2.069568806579745,0.08587408065795898,0,0,1784980680.7545884,-0.8753950581716203,0.4038668595711692,-2.068350853612649,1784980680.754635,-0.0075265811953773255,0.012391173353090576,-0.003977851529316734,-0.0049488348132691986,0.01328430921828041,0.0012179529670959255,1784980680.7546856,0.0990650936638632,0.11060407837099982,1784980680.7145119,17198.29296875,nan,nan,50.71993637084961,nan
28.323166131973267,1784980680.797951,BSMC,circle,circle_dist_bsmc_30cm_yawfree_p01,1784980680.7759867,-0.8923627673811299,0.3984459543051561,-2.0580854028373703,0.10327841797548994,0.10794283056950982,1784980680.7893655,-0.8961751907668135,0.3925394394225669,-2.058628622188829,0.008585453033447266,0,0,1784980680.7936482,-0.8774030534802518,0.40015110049587116,-2.0641272370126122,1784980680.793687,-0.008511296577453675,0.012420080277456284,-0.006041834175241957,-0.015522496907202917,0.01301470754055774,-0.005498614823783221,1784980680.7937279,0.09789511976550798,0.10836926803102456,1784980680.7652543,17198.34375,nan,nan,50.246517181396484,nan
28.36405849456787,1784980680.8388433,BSMC,circle,circle_dist_bsmc_30cm_yawfree_p01,1784980680.825546,-0.8953209244032306,0.3930613945699649,-2.0531108638747817,0.10440226994705223,0.10782376790150124,1784980680.7893655,-0.8961751907668135,0.3925394394225669,-2.058628622188829,0.04947781562805176,0,0,1784980680.833911,-0.8794589520437864,0.39630735126202254,-2.059768205335367,1784980680.8339522,-0.010232943325602165,0.012546922844805396,-0.006657341460585276,-0.011163492691482951,0.013000239520960624,-0.001139583146537948,1784980680.8339963,0.09585110299080203,0.10898429284883995,1784980680.815132,17198.392578125,nan,nan,49.92618942260742,nan
28.40377950668335,1784980680.8785644,BSMC,circle,circle_dist_bsmc_30cm_yawfree_p01,1784980680.8752944,-0.8980949328285135,0.38798480073036945,-2.04883551057219,0.10214313054310664,0.10302802526623354,1784980680.8690906,-0.9005274707780078,0.38474352102853854,-2.0474533727611286,0.009473800659179688,0,0,1784980680.8737643,-0.8814713842739639,0.3925053712033602,-2.0554664656426787,1784980680.873803,-0.005931250630100802,0.012527537257550247,-0.002355601767896953,-0.01563981528533064,0.013370749000213901,-0.008013092881550055,1784980680.8738418,0.10095930586378571,0.11064885747918762,1784980680.8642497,17198.443359375,nan,nan,49.50834655761719,nan
28.44374680519104,1784980680.9185317,BSMC,circle,circle_dist_bsmc_30cm_yawfree_p01,1784980680.8752944,-0.8980949328285135,0.38798480073036945,-2.04883551057219,0.10214313054310664,0.10302802526623354,1784980680.8690906,-0.9005274707780078,0.38474352102853854,-2.0474533727611286,0.04944109916687012,0,0,1784980680.9136906,-0.8834685969927994,0.3886925543898023,-2.0511622282769553,1784980680.9137309,-0.007357099255262709,0.012661109973842986,-0.002326717704765446,-0.011335655169402032,0.013345522139970804,-0.0037088555158266696,1784980680.9137735,0.09926683084891005,0.1122832309648975,1784980680.915181,17198.494140625,nan,nan,51.65879440307617,nan
28.48324680328369,1784980680.9580317,BSMC,circle,circle_dist_bsmc_30cm_yawfree_p01,1784980680.9255404,-0.9003272883150003,0.3836729772745109,-2.04405702643263,0.09957060157243729,0.1015769668893172,1784980680.8690906,-0.9005274707780078,0.38474352102853854,-2.0474533727611286,0.08894109725952148,0,0,1784980680.954258,-0.8854768143444989,0.3848179655175925,-2.046798124006021,1784980680.9542994,-0.007787851465763806,0.012696335879793675,-0.002741097573391027,-0.006971559448277936,0.013338859018694206,0.0006552487551076958,1784980680.9543397,0.09875541457513343,0.11142815242213329,1784980680.915181,17198.494140625,nan,nan,51.65879440307617,nan
28.5234854221344,1784980680.9982703,BSMC,circle,circle_dist_bsmc_30cm_yawfree_p01,1784980680.9755995,-0.9025193685059021,0.37936027779193443,-2.0382871238922005,0.09832874550018908,0.1038870042324382,1784980680.9897876,-0.9067484385841549,0.3729382132220958,-2.0310914549178576,0.008482694625854492,0,0,1784980680.9933717,-0.8874193952797332,0.381030137980283,-2.0425412136819237,1784980680.993411,-0.008295456054860373,0.012727255529827633,-0.004254089789723193,-0.01583593223871401,0.01372276981834311,-0.011449758764066063,1784980680.9934523,0.09815231641123782,0.10867254069774007,1784980680.9643867,17198.54296875,nan,nan,48.44252014160156,nan
28.563488483428955,1784980681.0382733,BSMC,circle,circle_dist_bsmc_30cm_yawfree_p01,1784980681.0252857,-0.9052523545564013,0.3741194504804468,-2.0314797203247434,0.09839805014089113,0.10669744951658432,1784980680.9897876,-0.9067484385841549,0.3729382132220958,-2.0310914549178576,0.048485755920410156,0,0,1784980681.0334673,-0.8893781831941278,0.3771699881580759,-2.0382125145699854,1784980681.033507,-0.009789543091346777,0.012863123361925926,-0.00673279424524198,-0.011507423112528422,0.013682576684703884,-0.007121059652127837,1784980681.0335503,0.09637736451182738,0.10624575951630408,1784980681.0181208,17198.59765625,nan,nan,54.22824478149414,nan
28.603975296020508,1784980681.0787601,BSMC,circle,circle_dist_bsmc_30cm_yawfree_p01,1784980681.0755687,-0.9079192602578356,0.36897304849267226,-2.0257724706586973,0.09887303058688242,0.10735334464191729,1784980681.072954,-0.9103516652170595,0.3656692297230754,-2.0250363329104775,0.0058062076568603516,0,0,1784980681.0736263,-0.8913165280457809,0.37330883653588665,-2.033892132451761,1784980681.0736642,-0.00546920949991685,0.01284336805309439,-0.0024124121270174825,-0.01521713886886605,0.01375277150356936,-0.00885579954128346,1784980681.0737033,0.10150773405820851,0.10791735175904876,1784980681.06602,17198.64453125,nan,nan,47.178531646728516,nan
28.643996000289917,1784980681.1187809,BSMC,circle,circle_dist_bsmc_30cm_yawfree_p01,1784980681.0755687,-0.9079192602578356,0.36897304849267226,-2.0257724706586973,0.09887303058688242,0.10735334464191729,1784980681.072954,-0.9103516652170595,0.3656692297230754,-2.0250363329104775,0.04582691192626953,0,0,1784980681.1145437,-0.8932465770941123,0.3694223316646221,-2.029552773168313,1784980681.1146414,-0.0068513551436502704,0.012982619893041081,-0.003780302509615918,-0.010877879983367677,0.013723758266046491,-0.004516440257835708,1784980681.1147006,0.09986666974830467,0.10742913683257217,1784980681.06602,17198.64453125,nan,nan,47.178531646728516,nan
28.68330144882202,1784980681.1580863,BSMC,circle,circle_dist_bsmc_30cm_yawfree_p01,1784980681.1255352,-0.9101080624434266,0.3644900526477707,-2.0201818437496777,0.09939819827633972,0.10821012216728419,1784980681.072954,-0.9103516652170595,0.3656692297230754,-2.0250363329104775,0.08513236045837402,0,0,1784980681.154087,-0.8951629868246854,0.36552084816189157,-2.0252060238625886,1784980681.1541326,-0.00742077448859401,0.013013451910667476,-0.0050241801129109484,-0.006531146031379115,0.013713573564591764,-0.00016969095211116783,1784980681.1541812,0.09919017759607263,0.10680771435558097,1784980681.1202223,17198.69921875,nan,nan,55.131160736083984,nan
28.723409175872803,1784980681.198194,BSMC,circle,circle_dist_bsmc_30cm_yawfree_p01,1784980681.1757717,-0.9123003992768917,0.3599281192961636,-2.0144265550256097,0.09999874143814773,0.10928935078616214,1784980681.1926184,-0.9158836993369996,0.35420231946290975,-2.015017983353317,0.005575656890869141,0,0,1784980681.1938436,-0.8970322743976913,0.3616734614322798,-2.0209285656716705,1784980681.193886,-0.008129793504050424,0.013041024272673509,-0.0065020106460607074,-0.014847531605784472,0.013811045933747775,-0.005910582318353619,1784980681.1939323,0.09834765220704302,0.10601617556143884,1784980681.168134,17198.74609375,nan,nan,46.88099670410156,nan
28.76392650604248,1784980681.2387114,BSMC,circle,circle_dist_bsmc_30cm_yawfree_p01,1784980681.2253902,-0.9148092710566912,0.3549413233044312,-2.010350412878246,0.0981488075921958,0.10587185578025175,1784980681.1926184,-0.9158836993369996,0.35420231946290975,-2.015017983353317,0.046092987060546875,0,0,1784980681.2336884,-0.8989063838937511,0.3577735545736841,-2.0166017205026034,1784980681.2337282,-0.009330254324577436,0.013185966339955618,-0.006251307624357327,-0.010520720188944918,0.013794832604345717,-0.0015837371492866126,1784980681.2337751,0.09692287786586,0.1070257295477367,1784980681.2172437,17198.794921875,nan,nan,49.076622009277344,nan
28.803194284439087,1784980681.2779791,BSMC,circle,circle_dist_bsmc_30cm_yawfree_p01,1784980681.2759857,-0.9168782498865139,0.35052792935844224,-2.00487477054015,0.09736609474020258,0.10629262191917363,1784980681.1926184,-0.9158836993369996,0.35420231946290975,-2.015017983353317,0.08536076545715332,0,0,1784980681.2737436,-0.9007583535665933,0.3538766799815343,-2.0122871577050563,1784980681.2737958,-0.0050157310318185285,0.01316830246975595,-0.0019367448268101663,-0.0062061614476052185,0.013797307194972458,0.0027308256482605486,1784980681.2738445,0.10204612471234642,0.10869652348444057,1784980681.2677877,17198.845703125,nan,nan,50.85795593261719,nan
28.843452215194702,1784980681.318237,BSMC,circle,circle_dist_bsmc_30cm_yawfree_p01,1784980681.2759857,-0.9168782498865139,0.35052792935844224,-2.00487477054015,0.09736609474020258,0.10629262191917363,1784980681.2802935,-0.9198101795973506,0.3455816250919119,-2.004143481598182,0.03794360160827637,0,0,1784980681.3139853,-0.9026099210384656,0.3499366963632148,-2.00793379085325,1784980681.3140364,-0.005464494268535581,0.013193713160434956,-0.0030590203131000138,-0.011175087927457986,0.01378161638140482,-0.0037903092550681805,1784980681.314083,0.10151313999295741,0.10756322275526889,1784980681.3170316,17198.89453125,nan,nan,49.06578063964844,nan
28.883394479751587,1784980681.3581793,BSMC,circle,circle_dist_bsmc_30cm_yawfree_p01,1784980681.3251827,-0.9193595827740453,0.3453429722183214,-1.9989054799887667,0.09838833097186915,0.10892753428825938,1784980681.2802935,-0.9198101795973506,0.3455816250919119,-2.004143481598182,0.07788586616516113,0,0,1784980681.3537433,-0.904418993016018,0.34604350356508085,-2.0036408058907864,1784980681.3537872,-0.006839915955137136,0.013301410309140983,-0.004735325902019749,-0.006882112061701966,0.013774559509310778,0.0005026757073953725,1784980681.3538344,0.09987980890469933,0.10617451592878505,1784980681.3170316,17198.89453125,nan,nan,49.06578063964844,nan
28.923524141311646,1784980681.398309,BSMC,circle,circle_dist_bsmc_30cm_yawfree_p01,1784980681.375174,-0.9214009933013017,0.3408474252329118,-1.992860907358285,0.09856225416020468,0.11098880419860992,1784980681.3936462,-0.9256655449607762,0.33327039769244354,-1.991348108928385,0.004662752151489258,0,0,1784980681.3937495,-0.9062214035575595,0.34212054137409964,-1.9993235909249665,1784980681.3937883,-0.007379632930415559,0.013325981664012606,-0.006462683566681449,-0.01601732301595586,0.01413665595170138,-0.00797548199658138,1784980681.3938694,0.09923812034038693,0.10452868247366708,1784980681.3714244,17198.94921875,nan,nan,54.15129852294922,nan
28.963437795639038,1784980681.4382226,BSMC,circle,circle_dist_bsmc_30cm_yawfree_p01,1784980681.4255493,-0.9239741901960185,0.3353827504239265,-1.9872516920454064,0.09817742090563883,0.1114801979192112,1784980681.3936462,-0.9256655449607762,0.33327039769244354,-1.991348108928385,0.044576406478881836,0,0,1784980681.4340007,-0.9080244959823542,0.33815078506610635,-1.994963529279458,1784980681.4340398,-0.008983438282416083,0.01346672186969503,-0.007711837234051667,-0.011657338044990934,0.014111387588784396,-0.003615420351072984,1784980681.4340804,0.09733344726327811,0.10368432760602891,1784980681.4220967,17199.0,nan,nan,50.71947479248047,nan
29.00336790084839,1784980681.4781528,BSMC,circle,circle_dist_bsmc_30cm_yawfree_p01,1784980681.4754257,-0.9264201054034188,0.3301202307495315,-1.982035320447926,0.09735132634014944,0.11143511848348109,1784980681.4704702,-0.9289693732765064,0.3258528296099803,-1.9842811455826832,0.0076825618743896484,0,0,1784980681.473711,-0.909781158051813,0.33423840637497915,-1.9906748701836945,1784980681.473752,-0.004694848941164934,0.01344284486886805,-0.0034231781382880744,-0.015388772684504264,0.014201801873547559,-0.006393724601011286,1784980681.4737957,0.10242658152743254,0.1053406000642188,1784980681.4716263,17199.05078125,nan,nan,50.529361724853516,nan
29.043459177017212,1784980681.518244,BSMC,circle,circle_dist_bsmc_30cm_yawfree_p01,1784980681.4754257,-0.9264201054034188,0.3301202307495315,-1.982035320447926,0.09735132634014944,0.11143511848348109,1784980681.4704702,-0.9289693732765064,0.3258528296099803,-1.9842811455826832,0.04777383804321289,0,0,1784980681.5136409,-0.9115304850123757,0.3302970926249114,-1.9863627793099756,1784980681.5136778,-0.006114172432862506,0.013577517113727185,-0.00432745886204966,-0.011076723869614143,0.014183528684747053,-0.00208163372729242,1784980681.513716,0.1007414660711594,0.10465012364795406,1784980681.4716263,17199.05078125,nan,nan,50.529361724853516,nan
29.083287954330444,1784980681.5580728,BSMC,circle,circle_dist_bsmc_30cm_yawfree_p01,1784980681.5255613,-0.9283091111696934,0.32577745275576997,-1.9762008095760806,0.09585640665388503,0.11234972683803383,1784980681.4704702,-0.9289693732765064,0.3258528296099803,-1.9842811455826832,0.08760261535644531,0,0,1784980681.5541246,-0.9132795368666612,0.32630989469088123,-1.982008820226419,1784980681.5541713,-0.00641680492376435,0.013601331284656825,-0.005808010650338424,-0.006722768244922946,0.014183943816193702,0.0022723253562642043,1784980681.554221,0.10038143097927575,0.1027637225567979,1784980681.5227191,17199.1015625,nan,nan,51.2755126953125,nan
29.123430013656616,1784980681.5982149,BSMC,circle,circle_dist_bsmc_30cm_yawfree_p01,1784980681.5755033,-0.9301035343280473,0.3216096989481378,-1.9712207556511856,0.09340065993597399,0.11014781252107272,1784980681.592299,-0.93488158962293,0.3124030036730194,-1.962527798028471,0.00591588020324707,0,0,1784980681.5938857,-0.9149848596628963,0.3223762702115736,-1.9777214485909822,1784980681.5940254,-0.006599331088477326,0.013623904885063567,-0.006500692939796604,-0.01681414406008942,0.014581854068605491,-0.015193650562511207,1784980681.5940948,0.10016431201954393,0.10216804221937492,1784980681.5755823,17199.15234375,nan,nan,51.27046585083008,nan
29.163212060928345,1784980681.637997,BSMC,circle,circle_dist_bsmc_30cm_yawfree_p01,1784980681.6256588,-0.932597061897491,0.3158971045807046,-1.9640601241217783,0.09461389513116784,0.11231005149258984,1784980681.592299,-0.93488158962293,0.3124030036730194,-1.962527798028471,0.045697927474975586,0,0,1784980681.633668,-0.9166924208835477,0.3183904774286947,-1.9733852822091456,1784980681.6337037,-0.00839777649640028,0.013735059659790648,-0.009325158087367225,-0.012478348918563049,0.014525374682644775,-0.01085748418067456,1784980681.6337447,0.0980271435698397,0.10079536081527235,1784980681.6165764,17199.1953125,nan,nan,41.8662109375,nan
29.203290939331055,1784980681.6780758,BSMC,circle,circle_dist_bsmc_30cm_yawfree_p01,1784980681.6751094,-0.9351530850445622,0.3099676207376893,-1.9583289039614942,0.0984174798674203,0.11318214738806508,1784980681.6735458,-0.9383797687687667,0.30353411433082,-1.9588629740177514,0.0045299530029296875,0,0,1784980681.6737022,-0.9183764917558849,0.3144120329464905,-1.9690650803353666,1784980681.6737845,-0.004077688877119235,0.013704105455392043,-0.0050049562135883185,-0.017638292982742373,0.014399681431135177,-0.0102021063176152,1784980681.6738324,0.10315843062800134,0.10245897059984209,1784980681.6684875,17199.244140625,nan,nan,50.28203201293945,nan
29.243237733840942,1784980681.7180226,BSMC,circle,circle_dist_bsmc_30cm_yawfree_p01,1784980681.6751094,-0.9351530850445622,0.3099676207376893,-1.9583289039614942,0.0984174798674203,0.11318214738806508,1784980681.6735458,-0.9383797687687667,0.30353411433082,-1.9588629740177514,0.04447674751281738,0,0,1784980681.7142658,-0.9200567113470157,0.3103942273524478,-1.9647100912835473,1784980681.7143135,-0.006099968204250517,0.013815675152769807,-0.006381187322053171,-0.013283447590018087,0.014364734737318838,-0.005847117265795898,1784980681.714364,0.10075713889322747,0.10377381321847619,1784980681.7161427,17199.294921875,nan,nan,49.605796813964844,nan
29.28394865989685,1784980681.7587335,BSMC,circle,circle_dist_bsmc_30cm_yawfree_p01,1784980681.725697,-0.9371588682680785,0.30505476147273014,-1.9528107859386779,0.10164397143482967,0.11244402639491041,1784980681.6735458,-0.9383797687687667,0.30353411433082,-1.9588629740177514,0.08518767356872559,0,0,1784980681.7536533,-0.9216855001580923,0.3064517487604106,-1.9604444004800199,1784980681.7536945,-0.007064610433155343,0.013837195293007622,-0.0076336145413420375,-0.009017789444900486,0.014348890850428984,-0.0015814264622684426,1784980681.7537386,0.09961116073929277,0.10552518827818716,1784980681.7161427,17199.294921875,nan,nan,49.605796813964844,nan
29.324115753173828,1784980681.7989006,BSMC,circle,circle_dist_bsmc_30cm_yawfree_p01,1784980681.7755156,-0.9391526633697004,0.3000810233304987,-1.9470080596322037,0.1042820949130621,0.11312183615906736,1784980681.791175,-0.9430639382713203,0.29259764287081885,-1.941655308229072,0.007725715637207031,0,0,1784980681.7942061,-0.9233277989396689,0.30242755386555653,-1.9560979859139798,1784980681.7942505,-0.007996473311381865,0.013856007879659737,-0.009089926281776073,-0.016314333707459463,0.01483188664885471,-0.014442677684907812,1784980681.7942965,0.09850372436508231,0.10612318202713199,1784980681.7664945,17199.34375,nan,nan,49.94696807861328,nan
29.363685131072998,1784980681.83847,BSMC,circle,circle_dist_bsmc_30cm_yawfree_p01,1784980681.8253596,-0.9415511338019915,0.29428009381371306,-1.9408324975929887,0.10411294134652668,0.1131118762402606,1784980681.791175,-0.9430639382713203,0.29259764287081885,-1.941655308229072,0.04729509353637695,0,0,1784980681.8339057,-0.9249418971866508,0.29842295866175317,-1.9517803332116481,1784980681.8339539,-0.00986916837913883,0.013986764657979645,-0.010947835618659418,-0.011997010106329437,0.014778850619963254,-0.01012502498257617,1784980681.8340077,0.09627882502294995,0.10541146549367757,1784980681.8174617,17199.396484375,nan,nan,51.27786636352539,nan
29.403313159942627,1784980681.878098,BSMC,circle,circle_dist_bsmc_30cm_yawfree_p01,1784980681.8756077,-0.9437649616941856,0.28879136184280185,-1.9352261639864128,0.10199142289060462,0.11206937026954665,1784980681.8715975,-0.9459737387462098,0.2846077207803174,-1.9341430804190687,0.0065004825592041016,0,0,1784980681.8733675,-0.9265246246690828,0.2944469883866954,-1.9475009180810334,1784980681.8734088,-0.0055899225179536945,0.013949071537674253,-0.006668420488044724,-0.016109189592455102,0.0146824124751131,-0.013357837661964744,1784980681.873449,0.1013623607171697,0.10705432993027891,1784980681.8681285,17199.4453125,nan,nan,50.11143112182617,nan
29.44350004196167,1784980681.918285,BSMC,circle,circle_dist_bsmc_30cm_yawfree_p01,1784980681.8756077,-0.9437649616941856,0.28879136184280185,-1.9352261639864128,0.10199142289060462,0.11206937026954665,1784980681.8715975,-0.9459737387462098,0.2846077207803174,-1.9341430804190687,0.04668736457824707,0,0,1784980681.913928,-0.9281099974790715,0.2904139143809131,-1.9431674296166774,1784980681.913967,-0.007095684502559225,0.014048553048466339,-0.00794126563026465,-0.011775975880137816,0.014633917051058843,-0.00902434919760875,1784980681.9140105,0.09957401707356903,0.10596770114582593,1784980681.917201,17199.49609375,nan,nan,50.105690002441406,nan
29.48339557647705,1784980681.9581804,BSMC,circle,circle_dist_bsmc_30cm_yawfree_p01,1784980681.9256177,-0.9454377874547208,0.28439758015807914,-1.9299772438441993,0.0981725508720259,0.11076360591193078,1784980681.8715975,-0.9459737387462098,0.2846077207803174,-1.9341430804190687,0.08658289909362793,0,0,1784980681.9541066,-0.9296832512997533,0.28636007357945303,-1.9388190066125273,1784980681.954151,-0.007375095221890103,0.014059330010892063,-0.008841762768327932,-0.007427658325022361,0.014604130011148329,-0.004675926193458579,1784980681.954198,0.09924154045360065,0.1040779143075168,1784980681.917201,17199.49609375,nan,nan,50.105690002441406,nan
29.52321743965149,1784980681.9980023,BSMC,circle,circle_dist_bsmc_30cm_yawfree_p01,1784980681.9751928,-0.9470552679805814,0.28008210578862086,-1.9246745138431418,0.09582666624139152,0.11011888521979074,1784980681.9898171,-0.9504308480353088,0.27208323868162093,-1.9208868669772812,0.008185148239135742,0,0,1784980681.993509,-0.9312196999489082,0.28234977364624786,-1.9345244509484643,1784980681.9935458,-0.007614784253573164,0.014068496478650397,-0.009849937105322448,-0.01623287848401812,0.014524586297055792,-0.013637583971183085,1784980681.9935844,0.09895601198527473,0.10263816379206184,1784980681.9690008,17199.546875,nan,nan,50.88996887207031,nan
29.56331467628479,1784980682.0380995,BSMC,circle,circle_dist_bsmc_30cm_yawfree_p01,1784980682.025359,-0.9491927160484225,0.27440886024174604,-1.9184401008617964,0.09655829300581116,0.1115255170432621,1784980681.9898171,-0.9504308480353088,0.27208323868162093,-1.9208868669772812,0.04828238487243652,0,0,1784980682.033769,-0.9327535928190474,0.27829383989003736,-1.930188155820596,1784980682.0338175,-0.009253110351216651,0.01413215440923379,-0.011748054958799603,-0.011896871965601734,0.01447485256522166,-0.009301288843314826,1784980682.0338602,0.09700910519187729,0.10165348061371245,1784980682.0171678,17199.595703125,nan,nan,48.64685821533203,nan
29.603557348251343,1784980682.0783422,BSMC,circle,circle_dist_bsmc_30cm_yawfree_p01,1784980682.0752058,-0.951243156744166,0.26880550968475875,-1.9128901115535535,0.09802430408029669,0.11156951619373205,1784980682.0711432,-0.9530111632706558,0.26413241907737167,-1.9134323050927875,0.00719904899597168,0,0,1784980682.0740516,-0.9342784051596614,0.2742083084862298,-1.925827347448098,1784980682.0740886,-0.004892505026440283,0.014090432387244674,-0.007387246586301633,-0.015783865089907458,0.01425865970728547,-0.012395042355310526,1784980682.0741308,0.10218964969076168,0.10332538770250235,1784980682.0721586,17199.650390625,nan,nan,55.39345169067383,nan
29.64336061477661,1784980682.1181455,BSMC,circle,circle_dist_bsmc_30cm_yawfree_p01,1784980682.0752058,-0.951243156744166,0.26880550968475875,-1.9128901115535535,0.09802430408029669,0.11156951619373205,1784980682.0711432,-0.9530111632706558,0.26413241907737167,-1.9134323050927875,0.047002315521240234,0,0,1784980682.114087,-0.9357671813666707,0.2701659329776701,-1.921519530942666,1784980682.1141322,-0.006473167791711323,0.014122841929338766,-0.008629419389112547,-0.01147627781689645,0.014214543586041429,-0.00808722584987853,1784980682.1141798,0.10031232864472688,0.10368922384621856,1784980682.0721586,17199.650390625,nan,nan,55.39345169067383,nan
29.683218717575073,1784980682.1580036,BSMC,circle,circle_dist_bsmc_30cm_yawfree_p01,1784980682.125567,-0.9528963498830051,0.2641629398898932,-1.907280997581075,0.09802430408029669,0.11156951619373205,1784980682.0711432,-0.9530111632706558,0.26413241907737167,-1.9134323050927875,0.08686041831970215,0,0,1784980682.1537194,-0.9372353738879964,0.26612592488152637,-1.9172210099007965,1784980682.153754,-0.0070237023108356954,0.014134605938701559,-0.009940012319721525,-0.0071778358658250285,0.014189019286776123,-0.003788704808008969,1784980682.1537917,0.0996575299933423,0.10317721698315413,1784980682.14306,17199.720703125,nan,nan,70.30055236816406,nan
29.723479509353638,1784980682.1982644,BSMC,circle,circle_dist_bsmc_30cm_yawfree_p01,1784980682.1759875,-0.9546387396479654,0.2591547847403987,-1.901217619354451,0.10063973797178435,0.11297988000980784,1784980682.1920838,-0.9573377792778273,0.25209084960767747,-1.8973506781190013,0.006180524826049805,0,0,1784980682.1937065,-0.9386833619762696,0.26208757505786107,-1.9129309088494655,1784980682.1937397,-0.007950730829116567,0.01414076429955563,-0.01171328949501449,-0.015452420894387385,0.014461828829359856,-0.015580230730464217,1784980682.1937742,0.09855507372840407,0.10326525412605658,1784980682.175406,17199.75390625,nan,nan,32.424766540527344,nan
29.763409852981567,1784980682.2381947,BSMC,circle,circle_dist_bsmc_30cm_yawfree_p01,1784980682.2261956,-0.9567058348756345,0.253199822235145,-1.895040444587608,0.10295864358645601,0.11371156087542894,1784980682.1920838,-0.9573377792778273,0.25209084960767747,-1.8973506781190013,0.04611086845397949,0,0,1784980682.2335563,-0.9401250381514675,0.2580116628375056,-1.9086075398232814,1784980682.2335963,-0.009843619854611706,0.014183785748119857,-0.013567095235673454,-0.011129444456411994,0.014403817288386567,-0.011256861704280086,1784980682.2336411,0.09630568381708718,0.10351212153550231,1784980682.2182078,17199.796875,nan,nan,43.15481948852539,nan
29.803112506866455,1784980682.2778974,BSMC,circle,circle_dist_bsmc_30cm_yawfree_p01,1784980682.2755752,-0.9582854658714505,0.24848083101763746,-1.889286239349428,0.10206882422849804,0.1142278318666138,1784980682.1920838,-0.9573377792778273,0.25209084960767747,-1.8973506781190013,0.08581352233886719,0,0,1784980682.2738287,-0.9415577521010954,0.25390451953934573,-1.9042576748635647,1784980682.2738683,-0.005494040586724469,0.014134232489465501,-0.00921723027595678,-0.006779762316263192,0.014364312696903109,-0.0069069967445634095,1784980682.2739098,0.10147398616000398,0.10517420399377121,1784980682.268417,17199.845703125,nan,nan,49.631107330322266,nan
29.843260765075684,1784980682.3180456,BSMC,circle,circle_dist_bsmc_30cm_yawfree_p01,1784980682.2755752,-0.9582854658714505,0.24848083101763746,-1.889286239349428,0.10206882422849804,0.1142278318666138,1784980682.2816918,-0.9599731103225203,0.24416784310917852,-1.8890722020963144,0.03635382652282715,0,0,1784980682.314634,-0.9429894132466731,0.24974191199999154,-1.8998557450082185,1784980682.3146682,-0.00598735580071532,0.014131918541360738,-0.010569505658790446,-0.010608818581957054,0.01438642341441382,-0.010783542911904087,1784980682.3147063,0.1008869761404182,0.10386271154957404,1784980682.268417,17199.845703125,nan,nan,49.631107330322266,nan
29.883427381515503,1784980682.3582122,BSMC,circle,circle_dist_bsmc_30cm_yawfree_p01,1784980682.3259532,-0.9600952907636754,0.24309537169587586,-1.8834005166972791,0.10102069238241596,0.11500905808962311,1784980682.2816918,-0.9599731103225203,0.24416784310917852,-1.8890722020963144,0.07652044296264648,0,0,1784980682.3542361,-0.9443665336826135,0.24568058941630921,-1.8955672919061064,1784980682.3542728,-0.007297112593720918,0.014171425396609108,-0.012166775208827252,-0.006320528805226671,0.014349374600634103,-0.006495089809791965,1784980682.3543124,0.09933033380723628,0.10227622569427841,1784980682.3182378,17199.896484375,nan,nan,50.01483154296875,nan
29.923593997955322,1784980682.3983788,BSMC,circle,circle_dist_bsmc_30cm_yawfree_p01,1784980682.3751912,-0.9615814531776737,0.2384737064293205,-1.8775124800338063,0.09995771680193453,0.11579350794651636,1784980682.3927183,-0.9640152206595008,0.23298198637244116,-1.873217235241278,0.005660533905029297,0,0,1784980682.3937795,-0.9457143891765192,0.2416490535150262,-1.8913164068963406,1784980682.3938098,-0.007817891821579666,0.01416781975455336,-0.013803926862534288,-0.013724316029545157,0.014888976974384105,-0.018099171655062696,1784980682.3938391,0.09870987295774439,0.10063729464935411,1784980682.3680358,17199.947265625,nan,nan,50.06068420410156,nan
29.963438272476196,1784980682.4382231,BSMC,circle,circle_dist_bsmc_30cm_yawfree_p01,1784980682.4258754,-0.9633985765506975,0.2329805911991542,-1.8711404600588322,0.1003575349417671,0.1164302901491558,1784980682.3927183,-0.9640152206595008,0.23298198637244116,-1.873217235241278,0.04550480842590332,0,0,1784980682.43422,-0.9470752668598619,0.2375196121120648,-1.8869684988763213,1784980682.4342656,-0.00916506450418495,0.014249727813010914,-0.015828038817489173,-0.009376962764230758,0.014819738574112151,-0.01375126363504342,1784980682.4343143,0.09710754026807505,0.09981741613858394,1784980682.3680358,17199.947265625,nan,nan,50.06068420410156,nan
30.003690004348755,1784980682.4784749,BSMC,circle,circle_dist_bsmc_30cm_yawfree_p01,1784980682.4755502,-0.9651148118981753,0.2276039256828361,-1.8654026058455806,0.10105485494957056,0.1142766284797369,1784980682.4712598,-0.9663962517802184,0.2249893022832073,-1.862225580977873,0.007215023040771484,0,0,1784980682.4738724,-0.948407638491804,0.23341698556393206,-1.8826549402978296,1784980682.4739134,-0.004851912372576312,0.014190757916899038,-0.011514480238997482,-0.013240838732807694,0.014808654333601892,-0.020429359319956705,1784980682.4739568,0.1022336205970746,0.10145857859608265,1784980682.4700696,17200.046875,nan,nan,24.269384384155273,nan
30.043196439743042,1784980682.5179813,BSMC,circle,circle_dist_bsmc_30cm_yawfree_p01,1784980682.4755502,-0.9651148118981753,0.2276039256828361,-1.8654026058455806,0.10105485494957056,0.1142766284797369,1784980682.4712598,-0.9663962517802184,0.2249893022832073,-1.862225580977873,0.046721458435058594,0,0,1784980682.5136988,-0.9497167897855042,0.22932600040643158,-1.8783595864083644,1784980682.5137389,-0.0061188994421482795,0.014234595040001333,-0.012956980562783826,-0.008946205921259474,0.01473013247257175,-0.016134005430491483,1784980682.5137863,0.10072780078835454,0.10236781412994815,1784980682.4700696,17200.046875,nan,nan,24.269384384155273,nan
30.083460092544556,1784980682.558245,BSMC,circle,circle_dist_bsmc_30cm_yawfree_p01,1784980682.526094,-0.9665962400794966,0.22272175209980236,-1.8596330897184137,0.10105485494957056,0.1142766284797369,1784980682.4712598,-0.9663962517802184,0.2249893022832073,-1.862225580977873,0.08698511123657227,0,0,1784980682.5539973,-0.9510275408034685,0.22516811659599034,-1.8739999882485743,1784980682.5540366,-0.0067795732551135125,0.014226963234441736,-0.014366898530160599,-0.00458703565690502,0.014669299762688385,-0.011774407270701337,1784980682.554078,0.0999415007181354,0.10179428673789498,1784980682.5394769,17200.1171875,nan,nan,69.7739486694336,nan
30.123574256896973,1784980682.598359,BSMC,circle,circle_dist_bsmc_30cm_yawfree_p01,1784980682.5753899,-0.968025290506572,0.21789443142132744,-1.8541335670410823,0.10123903156078545,0.11378690289267211,1784980682.5906293,-0.9700124548319349,0.21051010987555155,-1.8520800272944828,0.007729768753051758,0,0,1784980682.5936275,-0.9522993557337891,0.2210720568028381,-1.8697110201623321,1784980682.5936651,-0.007447290513460507,0.014210566193898313,-0.015577453121249807,-0.015063824967702219,0.014085090695411997,-0.0176309928678493,1784980682.593704,0.09914696294502101,0.10164094991461455,1784980682.5703003,17200.1484375,nan,nan,30.84480857849121,nan
30.163544178009033,1784980682.638329,BSMC,circle,circle_dist_bsmc_30cm_yawfree_p01,1784980682.6260107,-0.9697284432879746,0.21197074994120635,-1.8483135487707423,0.10179278299069047,0.11385656755628938,1784980682.5906293,-0.9700124548319349,0.21051010987555155,-1.8520800272944828,0.047699689865112305,0,0,1784980682.6334522,-0.953558376363979,0.21695481048172388,-1.8654055725839014,1784980682.6334858,-0.009223455839995311,0.014185900964186107,-0.017092023813159107,-0.010758896446680734,0.014018452531661545,-0.013325545289418539,1784980682.6335225,0.0970359828889571,0.10128355984262513,1784980682.5703003,17200.1484375,nan,nan,30.84480857849121,nan
30.20331358909607,1784980682.6780984,BSMC,circle,circle_dist_bsmc_30cm_yawfree_p01,1784980682.6752195,-0.9712205992697988,0.20651967887076403,-1.8427871371093743,0.09874269338484623,0.11165425187375305,1784980682.6713154,-0.9723500320077741,0.20152679527450942,-1.8400162689890054,0.006783008575439453,0,0,1784980682.6734543,-0.9548033366112064,0.21281987044785033,-1.8610872761514063,1784980682.6734915,-0.004905644223569105,0.014121418827422265,-0.012773727380664068,-0.015553345871721155,0.013910912924940417,-0.021071007162400957,1784980682.6735291,0.1021681893484255,0.1029226713762762,1784980682.6702862,17200.248046875,nan,nan,19.79172134399414,nan
30.243486642837524,1784980682.7182715,BSMC,circle,circle_dist_bsmc_30cm_yawfree_p01,1784980682.6752195,-0.9712205992697988,0.20651967887076403,-1.8427871371093743,0.09874269338484623,0.11165425187375305,1784980682.6713154,-0.9723500320077741,0.20152679527450942,-1.8400162689890054,0.04695606231689453,0,0,1784980682.7142453,-0.956037082611639,0.2086569644171946,-1.856745393445718,1784980682.7142901,-0.006137760155753916,0.014051158951703436,-0.013958256336343844,-0.011212242040238816,0.013828856006021155,-0.016729124456712707,1784980682.7143397,0.10070395788826103,0.1017513846179692,1784980682.6702862,17200.248046875,nan,nan,19.79172134399414,nan
30.284190893173218,1784980682.7589757,BSMC,circle,circle_dist_bsmc_30cm_yawfree_p01,1784980682.7255018,-0.9725538193812256,0.20173944365237384,-1.8371755466536066,0.09874269338484623,0.11165425187375305,1784980682.6713154,-0.9723500320077741,0.20152679527450942,-1.8400162689890054,0.08766031265258789,0,0,1784980682.7535164,-0.957237148404322,0.20454263787308463,-1.8524596182610866,1784980682.7535613,-0.006736288446937643,0.014038544283984896,-0.015284071607480023,-0.006926926044331422,0.013766344938553525,-0.012443349272081239,1784980682.7536108,0.09999141130542466,0.10120549195857093,1784980682.7450666,17200.322265625,nan,nan,75.28267669677734,nan
30.324296236038208,1784980682.799081,BSMC,circle,circle_dist_bsmc_30cm_yawfree_p01,1784980682.7753932,-0.9738949826081008,0.1967772122017973,-1.8311320291895523,0.10067693948739236,0.11328994427257455,1784980682.7917275,-0.9748650385541793,0.18978617248617435,-1.8297027131425876,0.007353544235229492,0,0,1784980682.7934887,-0.9584310836119251,0.20038276444531802,-1.8481317946221705,1784980682.7935264,-0.007464542442602264,0.014014734577125298,-0.016999765432618167,-0.014450892683834614,0.01317324321619109,-0.018429081479582887,1784980682.7935684,0.099123982927114,0.10077282504518055,1784980682.7692704,17200.34765625,nan,nan,25.184215545654297,nan
30.36333131790161,1784980682.8381162,BSMC,circle,circle_dist_bsmc_30cm_yawfree_p01,1784980682.8255103,-0.9753682675092663,0.1907989088596652,-1.8252991055568821,0.10306113201203435,0.11405969664920095,1784980682.7917275,-0.9748650385541793,0.18978617248617435,-1.8297027131425876,0.04638862609863281,0,0,1784980682.8337593,-0.9596157240617144,0.19618661947705107,-1.8437716299798368,1784980682.8337977,-0.009180091950112886,0.013888699094990034,-0.018472524422954665,-0.010091307089258856,0.013102398078344183,-0.014068916837249201,1784980682.8338356,0.09708480473463137,0.10102283293750604,1784980682.8190672,17200.3984375,nan,nan,49.6392822265625,nan
30.40346670150757,1784980682.8782516,BSMC,circle,circle_dist_bsmc_30cm_yawfree_p01,1784980682.8750625,-0.9767387745119,0.18518679522218315,-1.819762809744886,0.1035041718203259,0.11387797578011702,1784980682.8739069,-0.9769480638702488,0.18187493566891416,-1.820341939088838,0.0043447017669677734,0,0,1784980682.8736773,-0.9607620659752975,0.19205796396505503,-1.839486781766641,1784980682.8737226,-0.004895818326577962,0.013818730257243814,-0.014187676209758802,-0.013864959809367082,0.01316979432717195,-0.01914484267780292,1784980682.8737667,0.10217779416024393,0.10264489659663771,1784980682.875014,17200.453125,nan,nan,55.27400588989258,nan
30.443286418914795,1784980682.9180713,BSMC,circle,circle_dist_bsmc_30cm_yawfree_p01,1784980682.8750625,-0.9767387745119,0.18518679522218315,-1.819762809744886,0.1035041718203259,0.11387797578011702,1784980682.8739069,-0.9769480638702488,0.18187493566891416,-1.820341939088838,0.044164419174194336,0,0,1784980682.9137223,-0.9619013649816626,0.18788506492789822,-1.8351611468102809,1784980682.9137642,-0.0062710494843599834,0.013715076351864409,-0.015398337065394951,-0.009539951943083366,0.013096339873305756,-0.01481920772144285,1784980682.9138088,0.10054346064069881,0.10240328555190131,1784980682.875014,17200.453125,nan,nan,55.27400588989258,nan
30.48316717147827,1784980682.957952,BSMC,circle,circle_dist_bsmc_30cm_yawfree_p01,1784980682.9251747,-0.9780422754111583,0.18008350280465116,-1.814711889660103,0.10380550799226483,0.11142435535850644,1784980682.8739069,-0.9769480638702488,0.18187493566891416,-1.820341939088838,0.0840451717376709,0,0,1784980682.954018,-0.9630314872095302,0.18367388292262,-1.8308009564187409,1784980682.9540565,-0.007109271454808351,0.01369937411736349,-0.016089066758637752,-0.005180113264521027,0.013041232447203956,-0.01045901732990284,1784980682.9540975,0.09954731674893878,0.10357412071228811,1784980682.9198802,17200.498046875,nan,nan,45.89892578125,nan
30.52322554588318,1784980682.9980104,BSMC,circle,circle_dist_bsmc_30cm_yawfree_p01,1784980682.976319,-0.9792784846952587,0.17510166548116501,-1.8090793867588237,0.10213639305120127,0.11119326473912965,1784980682.9942713,-0.9807314942561426,0.1683711035365054,-1.803496383545058,0.0037391185760498047,0,0,1784980682.993578,-0.9641213104355064,0.17954169241807288,-1.8265274636056301,1784980682.9936152,-0.007892189257225474,0.013680903459534356,-0.017448076846806382,-0.014699913421839211,0.013586493583951467,-0.023031080060572195,1784980682.9936564,0.09861553225790798,0.10215934730978132,1784980682.969828,17200.548828125,nan,nan,49.6540412902832,nan
30.563344955444336,1784980683.0381298,BSMC,circle,circle_dist_bsmc_30cm_yawfree_p01,1784980683.0254076,-0.9805701615313793,0.1695597780082733,-1.802478274793952,0.10074004480631744,0.11334896733873007,1784980682.9942713,-0.9807314942561426,0.1683711035365054,-1.803496383545058,0.04385852813720703,0,0,1784980683.0343463,-0.9652275976772295,0.17527197783079906,-1.8221167532708524,1784980683.034413,-0.009082459418998429,0.013621028717882273,-0.019638478476900367,-0.010290163113423052,0.013494644058085507,-0.018620369725794506,1784980683.0344734,0.09719829516778383,0.09929250585264567,1784980683.0195687,17200.59765625,nan,nan,49.74345397949219,nan
30.60321855545044,1784980683.0780034,BSMC,circle,circle_dist_bsmc_30cm_yawfree_p01,1784980683.0757778,-0.9818448347705839,0.1640331355459665,-1.7965704045330027,0.09884948056455223,0.11316580075097434,1784980683.073246,-0.9826379870173332,0.16003837283205016,-1.79544546001108,0.004757404327392578,0,0,1784980683.073777,-0.9662742034072891,0.17115939118811282,-1.8178730780389192,1784980683.0738063,-0.004839438403417665,0.013546697640029625,-0.015394803244967115,-0.014486840269962858,0.013475233664200883,-0.022427618027839106,1784980683.0738401,0.10224278886968628,0.10089526396239205,1784980683.0704217,17200.6484375,nan,nan,50.882381439208984,nan
30.643211841583252,1784980683.1179967,BSMC,circle,circle_dist_bsmc_30cm_yawfree_p01,1784980683.0757778,-0.9818448347705839,0.1640331355459665,-1.7965704045330027,0.09884948056455223,0.11316580075097434,1784980683.073246,-0.9826379870173332,0.16003837283205016,-1.79544546001108,0.04475069046020508,0,0,1784980683.1135294,-0.9673167132061656,0.1669884382757659,-1.8135738102700592,1784980683.113567,-0.006132578248167072,0.013497837398834816,-0.0170034057370565,-0.01018845970346498,0.013388059222290975,-0.018128350258979076,1784980683.113606,0.10070501774200824,0.09921146667305233,1784980683.0704217,17200.6484375,nan,nan,50.882381439208984,nan
30.683290243148804,1784980683.158075,BSMC,circle,circle_dist_bsmc_30cm_yawfree_p01,1784980683.1257458,-0.9829088274825837,0.15940376516513965,-1.7913611388076536,0.09692616323610138,0.11149828415070248,1784980683.073246,-0.9826379870173332,0.16003837283205016,-1.79544546001108,0.08482909202575684,0,0,1784980683.1542892,-0.9683605173767666,0.16273390137367366,-1.8091930977609032,1784980683.1543334,-0.006432351177394751,0.013467293433837235,-0.017831958953249627,-0.005808307078483384,0.01331824246430608,-0.013747637749823127,1784980683.1543791,0.10034762875437886,0.09857154075221823,1784980683.1200747,17200.69921875,nan,nan,49.81575393676758,nan
30.723307847976685,1784980683.1980927,BSMC,circle,circle_dist_bsmc_30cm_yawfree_p01,1784980683.1751637,-0.9839367443243169,0.15482769237329297,-1.786173475475884,0.09597168815320496,0.11038243587253053,1784980683.1925874,-0.9854602987015592,0.14815981081205404,-1.780006231898507,0.00550532341003418,0,0,1784980683.1937296,-0.9693601900725323,0.1585817083880453,-1.8049222571160668,1784980683.1937642,-0.006782523804120276,0.013437482686157364,-0.01874878164018279,-0.013538436189266378,0.013584557133012511,-0.024916025217559753,1784980683.1937976,0.0999301628926395,0.09817690556267093,1784980683.1715798,17200.75,nan,nan,51.35505294799805,nan
30.76366639137268,1784980683.2384512,BSMC,circle,circle_dist_bsmc_30cm_yawfree_p01,1784980683.225387,-0.9851522556774647,0.14919218142064303,-1.7798017091088016,0.0970644385756082,0.11098168532555738,1784980683.1925874,-0.9854602987015592,0.14815981081205404,-1.780006231898507,0.04586386680603027,0,0,1784980683.2334986,-0.9703527789102057,0.15437972779008308,-1.8006046301629424,1784980683.2335343,-0.008145353266866513,0.013401058543177732,-0.020802921054140718,-0.009221930570113696,0.013486308539393348,-0.020598398264435325,1784980683.2335794,0.09830809739267193,0.09764729439868296,1784980683.2213638,17200.80078125,nan,nan,49.69044876098633,nan
30.803312301635742,1784980683.2780972,BSMC,circle,circle_dist_bsmc_30cm_yawfree_p01,1784980683.275561,-0.9861856202279501,0.14438714918538303,-1.7753669861255121,0.09746639626073965,0.107009607482312,1784980683.1925874,-0.9854602987015592,0.14815981081205404,-1.780006231898507,0.0855097770690918,0,0,1784980683.274162,-0.9713322589631519,0.15015151540546523,-1.7962644469048856,1784980683.2742212,-0.0038059268104291815,0.013320193391678182,-0.01646273779608398,-0.0048824876656682805,0.01340633090118348,-0.016258215006378585,1784980683.274267,0.103467730032825,0.09928338133754648,1784980683.2750905,17200.853515625,nan,nan,52.516868591308594,nan
30.843230724334717,1784980683.3180156,BSMC,circle,circle_dist_bsmc_30cm_yawfree_p01,1784980683.275561,-0.9861856202279501,0.14438714918538303,-1.7753669861255121,0.09746639626073965,0.107009607482312,1784980683.2809157,-0.9877624848336509,0.13942892694142053,-1.7696497246288752,0.03709983825683594,0,0,1784980683.3140168,-0.9722896510884272,0.1459356723757178,-1.7919412581231475,1784980683.3140645,-0.004339155370929094,0.013291636959551411,-0.016574271997635392,-0.009435109707079916,0.013882543897623643,-0.022291533494272375,1784980683.3141143,0.1028345887637089,0.10154468364259764,1784980683.2750905,17200.853515625,nan,nan,52.516868591308594,nan
30.88352370262146,1784980683.3583086,BSMC,circle,circle_dist_bsmc_30cm_yawfree_p01,1784980683.3255568,-0.9874171510921317,0.1386615095325542,-1.768967800022914,0.09992646889389625,0.10797416834132942,1784980683.2809157,-0.9877624848336509,0.13942892694142053,-1.7696497246288752,0.0773928165435791,0,0,1784980683.354395,-0.9732406057771414,0.14166216778921664,-1.7875632235314722,1784980683.3544383,-0.0057329646094307594,0.013308324606360585,-0.018595423508558143,-0.005057963187663366,0.013794540384093846,-0.01791349890259708,1784980683.3544827,0.10117629889879207,0.10169558544678911,1784980683.3210087,17200.900390625,nan,nan,47.14248275756836,nan
30.923700094223022,1784980683.398485,BSMC,circle,circle_dist_bsmc_30cm_yawfree_p01,1784980683.3755593,-0.9884125118696009,0.13368701899909027,-1.7632851999200434,0.1006730860622825,0.10896355714390508,1784980683.3935618,-0.990272563297249,0.12652485869505592,-1.7572999375035554,0.004923105239868164,0,0,1784980683.3935566,-0.9741416320358725,0.13752921930521878,-1.7833331953790064,1784980683.3935933,-0.006501292718794627,0.013272290962967878,-0.020047995458962964,-0.013804595393519345,0.013810721987607433,-0.026033257875450966,1784980683.393633,0.10026126247513349,0.10097222611493581,1784980683.3741844,17200.951171875,nan,nan,52.37479019165039,nan
30.96327543258667,1784980683.4380603,BSMC,circle,circle_dist_bsmc_30cm_yawfree_p01,1784980683.4258378,-0.9895982014267932,0.12779588309926862,-1.756882716287459,0.10118362339454315,0.11012096181221313,1784980683.3935618,-0.990272563297249,0.12652485869505592,-1.7572999375035554,0.044498443603515625,0,0,1784980683.4337893,-0.9750506725691925,0.1332717972547585,-1.7789798027779933,1784980683.4338295,-0.008072877583966992,0.013283255595497,-0.022097086490534323,-0.00945244500570978,0.013706874942134876,-0.02167986527443788,1784980683.4338677,0.09839112819420326,0.09982269117261883,1784980683.3741844,17200.951171875,nan,nan,52.37479019165039,nan
31.003259897232056,1784980683.4780447,BSMC,circle,circle_dist_bsmc_30cm_yawfree_p01,1784980683.4756165,-0.990510206101807,0.12291506048787489,-1.7511217738381517,0.10052168092167552,0.11106527830734358,1784980683.4752886,-0.9918682342105244,0.11860314327317006,-1.749861961666786,0.0027561187744140625,0,0,1784980683.4732873,-0.9759267769704186,0.12908007945207356,-1.7746975037362456,1784980683.4733222,-0.0037914344754616525,0.013197804042991229,-0.017814787448786618,-0.013148752205456877,0.013820512511279394,-0.024835542069459482,1784980683.4733627,0.10348242993166973,0.1014327203570889,1784980683.4751215,17201.0546875,nan,nan,6.267159938812256,nan
31.04335618019104,1784980683.518141,BSMC,circle,circle_dist_bsmc_30cm_yawfree_p01,1784980683.4756165,-0.990510206101807,0.12291506048787489,-1.7511217738381517,0.10052168092167552,0.11106527830734358,1784980683.4752886,-0.9918682342105244,0.11860314327317006,-1.749861961666786,0.04285240173339844,0,0,1784980683.514599,-0.9768041323280893,0.1247896772634764,-1.770318310430276,1784980683.514643,-0.00430240151488653,0.013147622885931147,-0.01919653659212428,-0.008770685260035958,0.013721350094177645,-0.020456348763489896,1784980683.5146923,0.1028731506339854,0.0999351090240943,1784980683.4751215,17201.0546875,nan,nan,6.267159938812256,nan
31.083242416381836,1784980683.5580273,BSMC,circle,circle_dist_bsmc_30cm_yawfree_p01,1784980683.5256488,-0.9916061618677134,0.1173017594474546,-1.7452946744611066,0.1005565432709207,0.11146283353308384,1784980683.4752886,-0.9918682342105244,0.11860314327317006,-1.749861961666786,0.08273863792419434,0,0,1784980683.5535107,-0.9776405857025667,0.12060727577086887,-1.766053083112466,1784980683.5535467,-0.0056799392392428635,0.013179607203076319,-0.02075840865135925,-0.004506177199520645,0.013643199631349036,-0.0161911214456798,1784980683.5535865,0.10123464373598229,0.09913899510651955,1784980683.4751215,17201.0546875,nan,nan,6.267159938812256,nan
31.12324357032776,1784980683.5980284,BSMC,circle,circle_dist_bsmc_30cm_yawfree_p01,1784980683.5751452,-0.9924440835088824,0.1125406142738446,-1.73989280821266,0.0991810330108483,0.1110211294699583,1784980683.5954895,-0.9943002618079265,0.10583595156539272,-1.7331969975594006,0.002538919448852539,0,0,1784980683.593774,-0.978473189294724,0.11634893938096282,-1.761714110067117,1784980683.5938153,-0.006105194558220399,0.013130720645531425,-0.021821301854457076,-0.012933701379461945,0.013918998016215066,-0.02851711250771638,1784980683.5939567,0.10072742194210357,0.09808700529907606,1784980683.5749395,17201.154296875,nan,nan,3.8444740772247314,nan
31.163573265075684,1784980683.638358,BSMC,circle,circle_dist_bsmc_30cm_yawfree_p01,1784980683.6260371,-0.9934885165467698,0.10680159305186424,-1.7330140019184153,0.09920952148252625,0.11301524146966724,1784980683.5954895,-0.9943002618079265,0.10583595156539272,-1.7331969975594006,0.042868614196777344,0,0,1784980683.6334765,-0.9792806254362382,0.11212242826687938,-1.7574111601617217,1784980683.633514,-0.007545657020261685,0.013162010383168886,-0.02439715824330646,-0.00863225029691276,0.013805561229719267,-0.02421416260232112,1784980683.6335518,0.09901116475937685,0.0960709864651263,1784980683.6261504,17201.205078125,nan,nan,50.288578033447266,nan
31.203383684158325,1784980683.6781685,BSMC,circle,circle_dist_bsmc_30cm_yawfree_p01,1784980683.6752164,-0.9944685488155877,0.10113570998780878,-1.7264953993736276,0.09814161490458104,0.11299616925429037,1784980683.6713836,-0.9958798533765111,0.09601756633781802,-1.7210062985097836,0.006784915924072266,0,0,1784980683.6748006,-0.98009138220158,0.10777574407347015,-1.7529895064141627,1784980683.6748343,-0.0031250950717781616,0.013063918235671457,-0.019975504495747476,-0.013988454374399446,0.01385112666609329,-0.03198320790437914,1784980683.6748729,0.10426896574415648,0.09772695087023964,1784980683.6744907,17201.251953125,nan,nan,47.05849838256836,nan
31.243568658828735,1784980683.7183535,BSMC,circle,circle_dist_bsmc_30cm_yawfree_p01,1784980683.6752164,-0.9944685488155877,0.10113570998780878,-1.7264953993736276,0.09814161490458104,0.11299616925429037,1784980683.6713836,-0.9958798533765111,0.09601756633781802,-1.7210062985097836,0.04696989059448242,0,0,1784980683.7141888,-0.980857010369198,0.10356961819927081,-1.7487142626550078,1784980683.7142596,-0.0045152176359640845,0.013069456674217338,-0.02221886328138023,-0.009715117834297363,0.01372354855007131,-0.02770796414522425,1784980683.714319,0.10261377915700502,0.09622421072877294,1784980683.6744907,17201.251953125,nan,nan,47.05849838256836,nan
31.284043312072754,1784980683.7588282,BSMC,circle,circle_dist_bsmc_30cm_yawfree_p01,1784980683.7256455,-0.9952367751309734,0.09624159973734063,-1.7207915269440524,0.09814161490458104,0.11299616925429037,1784980683.6713836,-0.9958798533765111,0.09601756633781802,-1.7210062985097836,0.08744454383850098,0,0,1784980683.7539783,-0.9816074741908968,0.09934415264119897,-1.7444226681496977,1784980683.7540267,-0.005104389399818866,0.013012643370638826,-0.023631141205645356,-0.005424928661197907,0.013613858125921235,-0.023416369639914114,1784980683.7540786,0.10191093592061858,0.09559574314951742,1784980683.6744907,17201.251953125,nan,nan,47.05849838256836,nan
31.32352375984192,1784980683.7983086,BSMC,circle,circle_dist_bsmc_30cm_yawfree_p01,1784980683.7755616,-0.9959685561012752,0.09139954669577058,-1.7151532812950594,0.09814161490458104,0.11299616925429037,1784980683.7916446,-0.9977118791714382,0.08233139734668168,-1.711665806964344,0.0066640377044677734,0,0,1784980683.793654,-0.9823423182696177,0.09510075898608389,-1.7401161133553862,1784980683.79383,-0.0056229320288452385,0.012952064131320802,-0.02496283206032679,-0.014800820437305712,0.013424444620737198,-0.02845030639104218,1784980683.7939222,0.10129193170794522,0.09499436437654464,1784980683.7771246,17201.35546875,nan,nan,0.7151859998703003,nan
31.36391806602478,1784980683.838703,BSMC,circle,circle_dist_bsmc_30cm_yawfree_p01,1784980683.8257554,-0.9968980421560732,0.08536743906844681,-1.7093802774328055,0.09778304424042632,0.11251751814966579,1784980683.7916446,-0.9977118791714382,0.08233139734668168,-1.711665806964344,0.0470583438873291,0,0,1784980683.8340988,-0.9830639521273055,0.09082378604461508,-1.73577868526243,1784980683.8341444,-0.007315086806926813,0.012947713089789958,-0.026398407829624437,-0.01046489363571727,0.01331046331575828,-0.02411287829808595,1784980683.8341882,0.09927936284494869,0.09442614807225276,1784980683.827059,17201.40625,nan,nan,50.281578063964844,nan
31.40322256088257,1784980683.8780074,BSMC,circle,circle_dist_bsmc_30cm_yawfree_p01,1784980683.876015,-0.9977913677179453,0.07944857458748576,-1.7038191138907337,0.09825077571451962,0.11127585176681927,1784980683.8723397,-0.9989576808327242,0.07432802721600384,-1.7023109114753623,0.005667686462402344,0,0,1784980683.8736784,-0.9837573432944011,0.08660347995476009,-1.7315017935540553,1784980683.8737187,-0.003039456868765561,0.012843966115990152,-0.022121516121249796,-0.014162755408378568,0.013459322436988977,-0.02919088207869303,1784980683.8737597,0.10436574025471651,0.09602098036920889,1784980683.877185,17201.455078125,nan,nan,50.05328369140625,nan
31.443462133407593,1784980683.918247,BSMC,circle,circle_dist_bsmc_30cm_yawfree_p01,1784980683.876015,-0.9977913677179453,0.07944857458748576,-1.7038191138907337,0.09825077571451962,0.11127585176681927,1784980683.8723397,-0.9989576808327242,0.07432802721600384,-1.7023109114753623,0.04590725898742676,0,0,1784980683.9145913,-0.9844573968629866,0.08222343935866315,-1.727066157987344,1784980683.91463,-0.004518845822486036,0.012848139386378464,-0.02324704409661038,-0.00972873694368379,0.013339694358795577,-0.024755246511981802,1784980683.914677,0.10260694836975359,0.09645556917024428,1784980683.877185,17201.455078125,nan,nan,50.05328369140625,nan
31.483388662338257,1784980683.9581735,BSMC,circle,circle_dist_bsmc_30cm_yawfree_p01,1784980683.92521,-0.9984485655093982,0.07457580376693013,-1.6989298822405572,0.09887796450461799,0.10926676367993307,1784980683.8723397,-0.9989576808327242,0.07432802721600384,-1.7023109114753623,0.08583378791809082,0,0,1784980683.9539857,-0.9851110489819469,0.07801646882930925,-1.72280870692991,1784980683.9540312,-0.005116769751264018,0.01278851791663375,-0.023878824689352873,-0.005472378875506462,0.01324337134526679,-0.020497795454547777,1784980683.9540803,0.10189560506178767,0.09755376066904109,1784980683.9290562,17201.5078125,nan,nan,51.960567474365234,nan
31.523280382156372,1784980683.9980652,BSMC,circle,circle_dist_bsmc_30cm_yawfree_p01,1784980683.97592,-0.9991318830482208,0.06926825890843578,-1.6933176995377897,0.1012827721528169,0.10949908921359214,1784980683.9956439,-1.000755762051949,0.0628678126833292,-1.692944168269851,0.0024213790893554688,0,0,1784980683.9936814,-0.9857509536815521,0.07377873797497747,-1.7185229317452786,1784980683.9937174,-0.006112018046354118,0.012729372628944784,-0.02520523220748894,-0.01265788117136883,0.013563576563862798,-0.02557876347542765,1784980683.9937558,0.10071072999373373,0.09825060090566913,1784980683.9971166,17201.57421875,nan,nan,66.93617248535156,nan
31.563265800476074,1784980684.0380507,BSMC,circle,circle_dist_bsmc_30cm_yawfree_p01,1784980684.025253,-0.9999730865310474,0.06349866282870557,-1.6889720351408952,0.10212718493829613,0.10681799719682708,1784980683.9956439,-1.000755762051949,0.0628678126833292,-1.692944168269851,0.04240679740905762,0,0,1784980684.0336041,-0.9863776591272262,0.06950389904532406,-1.714202395131814,1784980684.0336447,-0.007566264202522259,0.012792582003942373,-0.025230359990918716,-0.008338532610446332,0.01346240542482279,-0.021258226861962992,1784980684.0336907,0.09898447137754497,0.10028476661894105,1784980684.0326595,17201.611328125,nan,nan,36.327144622802734,nan
31.603426694869995,1784980684.0782115,BSMC,circle,circle_dist_bsmc_30cm_yawfree_p01,1784980684.0752149,-1.0006169705580494,0.05794934573680914,-1.682486531628271,0.10624724985211376,0.11075840978368076,1784980684.0745835,-1.0016356951112968,0.05447734475585764,-1.6861408815123546,0.0036280155181884766,0,0,1784980684.0736163,-0.9869845897298156,0.06523567451409693,-1.7098912312295316,1784980684.0736604,-0.0032562513167417144,0.01269311175847015,-0.02091919608863635,-0.01237302317612477,0.013315586564975763,-0.023750349717176933,1784980684.0737104,0.10411119945947749,0.10189617784660968,1784980684.0737941,17201.65234375,nan,nan,40.809139251708984,nan
31.64333987236023,1784980684.1181247,BSMC,circle,circle_dist_bsmc_30cm_yawfree_p01,1784980684.0752149,-1.0006169705580494,0.05794934573680914,-1.682486531628271,0.10624724985211376,0.11075840978368076,1784980684.0745835,-1.0016356951112968,0.05447734475585764,-1.6861408815123546,0.04354119300842285,0,0,1784980684.1142442,-0.9875827993703788,0.060893428847964975,-1.7055079695489284,1784980684.114286,-0.004378503294372632,0.01262481496165639,-0.02302143792065725,-0.00799078358682045,0.013221096454178963,-0.019367088036573717,1784980684.1143265,0.10277409857693098,0.10119074991267309,1784980684.0737941,17201.65234375,nan,nan,40.809139251708984,nan
31.683349132537842,1784980684.158134,BSMC,circle,circle_dist_bsmc_30cm_yawfree_p01,1784980684.1255713,-1.0013956317000525,0.05202541245345899,-1.6780151770221423,0.10692979395857558,0.10887383562347668,1784980684.0745835,-1.0016356951112968,0.05447734475585764,-1.6861408815123546,0.08355045318603516,0,0,1784980684.1538782,-0.9881500730097735,0.056639338836009905,-1.7012162205483794,1784980684.153914,-0.006004885315393144,0.012675744318587387,-0.023201043526237086,-0.0036996742662324025,0.01314719103806908,-0.01507533903602476,1784980684.1539536,0.1008431348597817,0.10261934261500266,1784980684.1241233,17201.703125,nan,nan,50.83219528198242,nan
31.723284244537354,1784980684.198069,BSMC,circle,circle_dist_bsmc_30cm_yawfree_p01,1784980684.1751313,-1.0019659353034478,0.046689131588098044,-1.6723028014291363,0.10763344925217341,0.10998849987837526,1784980684.1936662,-1.0035395178073632,0.04092849810467578,-1.6726993706283553,0.004402875900268555,0,0,1784980684.193814,-0.9887017365930233,0.05236193230526567,-1.696903382947671,1784980684.1938517,-0.006987691885750786,0.012621085433358619,-0.024600581518534614,-0.012883521421886222,0.013597722042887716,-0.02420401231931568,1784980684.1938977,0.09967293119472352,0.10176318203349839,1784980684.1732757,17201.751953125,nan,nan,49.14215087890625,nan
31.763627529144287,1784980684.2384124,BSMC,circle,circle_dist_bsmc_30cm_yawfree_p01,1784980684.2256773,-1.0027298538975253,0.04064252685658927,-1.6673752497080263,0.107972280911763,0.1092348760863805,1784980684.1936662,-1.0035395178073632,0.04092849810467578,-1.6726993706283553,0.04474616050720215,0,0,1784980684.233344,-0.9892316215279913,0.04810935492793772,-1.692617916753518,1784980684.2333813,-0.008733650821468344,0.01271531131658521,-0.025242667045491714,-0.00859910133223812,0.013503186917737322,-0.01991854612516275,1784980684.2334223,0.0975987499210043,0.10220407756651932,1784980684.2255263,17201.8046875,nan,nan,52.08362579345703,nan
31.803381204605103,1784980684.278166,BSMC,circle,circle_dist_bsmc_30cm_yawfree_p01,1784980684.2758555,-1.0032495201049076,0.03516792147867966,-1.6610849931113514,0.10859204392634567,0.11184549604847399,1784980684.1936662,-1.0035395178073632,0.04092849810467578,-1.6726993706283553,0.08449983596801758,0,0,1784980684.2738502,-0.9897509900457654,0.04378921023444332,-1.6882666613366484,1784980684.273891,-0.004383556411085646,0.012614949716658167,-0.02089141162862207,-0.0042485342414017874,0.013425987059482381,-0.015567290708293102,1784980684.2739332,0.10277315103892065,0.10383066964712966,1784980684.2762792,17201.85546875,nan,nan,50.7314453125,nan
31.843594312667847,1784980684.3183792,BSMC,circle,circle_dist_bsmc_30cm_yawfree_p01,1784980684.2758555,-1.0032495201049076,0.03516792147867966,-1.6610849931113514,0.10859204392634567,0.11184549604847399,1784980684.2804868,-1.0042375761877744,0.032036761458623476,-1.6633093013342108,0.03789234161376953,0,0,1784980684.3147347,-0.9902527472704366,0.03945635683195131,-1.6839048487450958,1784980684.3147783,-0.005442835053600948,0.012557162437004974,-0.022819855633744446,-0.008679800562610841,0.01323959582254753,-0.020595547410884985,1784980684.3148758,0.10151123573784557,0.10186087989437927,1784980684.2762792,17201.85546875,nan,nan,50.7314453125,nan
31.883525609970093,1784980684.3583105,BSMC,circle,circle_dist_bsmc_30cm_yawfree_p01,1784980684.3250322,-1.0038366392919877,0.03001894769637937,-1.657499225408049,0.10325531078806703,0.10654962290742398,1784980684.2804868,-1.0042375761877744,0.032036761458623476,-1.6633093013342108,0.07782363891601562,0,0,1784980684.3538427,-0.9907250266991694,0.03521816381293319,-1.679640419652688,1784980684.353893,-0.0063150771199424,0.012612138358738598,-0.022141194244639006,-0.0044161015408139895,0.01316086478173937,-0.01633111831847711,1784980684.3539424,0.10047753198602695,0.10203552827429914,1784980684.323556,17201.90234375,nan,nan,47.59190368652344,nan
31.92332363128662,1784980684.3981085,BSMC,circle,circle_dist_bsmc_30cm_yawfree_p01,1784980684.3757546,-1.0042895140758568,0.024808748159286957,-1.6521025250519341,0.10325531078806703,0.10654962290742398,1784980684.393027,-1.0052836915788723,0.01930203578585748,-1.6526223384249503,0.0050814151763916016,0,0,1784980684.394484,-0.9911930598637928,0.030846136114284446,-1.6752434078957912,1784980684.3945193,-0.007081093358727924,0.01256285330220869,-0.02314088284385707,-0.012657169143226071,0.013099932206029086,-0.02262106947084086,1784980684.3945563,0.09956582644881544,0.10157461164512074,1784980684.3768222,17201.955078125,nan,nan,52.59199905395508,nan
31.963531255722046,1784980684.438316,BSMC,circle,circle_dist_bsmc_30cm_yawfree_p01,1784980684.4257033,-1.0047996726416095,0.019622361098417005,-1.6477579852780195,0.09837767940525385,0.10434824755655939,1784980684.393027,-1.0052836915788723,0.01930203578585748,-1.6526223384249503,0.045289039611816406,0,0,1784980684.433563,-0.9916271065084041,0.026618999246752637,-1.6709940420892118,1784980684.4335983,-0.007988709534926336,0.012595632730394771,-0.02323605681119223,-0.008408699085107,0.013012841725431462,-0.01837170366426144,1784980684.4336379,0.09848824771965135,0.09983894806680782,1784980684.4243355,17202.00390625,nan,nan,48.0174446105957,nan
32.0036895275116,1784980684.4784744,BSMC,circle,circle_dist_bsmc_30cm_yawfree_p01,1784980684.4758022,-1.0053174690408637,0.013949181259292641,-1.6418100321424731,0.09887792953483045,0.10531056376594602,1784980684.47317,-1.0062400441914565,0.010330107336919928,-1.6393701774702552,0.0053043365478515625,0,0,1784980684.4742389,-0.9920537804049459,0.022279920110026268,-1.666634031942117,1784980684.4742715,-0.0036296693259869565,0.012503834987427586,-0.018876046664097368,-0.012893772039937586,0.013334119697785942,-0.027263854471861748,1784980684.4743035,0.10367234260390287,0.10147507911782114,1784980684.4243355,17202.00390625,nan,nan,48.0174446105957,nan
32.04352021217346,1784980684.518305,BSMC,circle,circle_dist_bsmc_30cm_yawfree_p01,1784980684.4758022,-1.0053174690408637,0.013949181259292641,-1.6418100321424731,0.09887792953483045,0.10531056376594602,1784980684.47317,-1.0062400441914565,0.010330107336919928,-1.6393701774702552,0.0451350212097168,0,0,1784980684.5141377,-0.9924562660126619,0.017996407544432318,-1.6623316485192652,1784980684.5141866,-0.004949579837595442,0.012541620444225769,-0.020521616376792062,-0.00859274850313142,0.01322608683306789,-0.02296147104901003,1784980684.514236,0.10210210814697503,0.10059075119212862,1784980684.491502,17202.0703125,nan,nan,67.04620361328125,nan
32.083611726760864,1784980684.5583966,BSMC,circle,circle_dist_bsmc_30cm_yawfree_p01,1784980684.5255272,-1.0056530466684184,0.009196689970374428,-1.6369994351568136,0.09769777449095723,0.1038217227573819,1784980684.47317,-1.0062400441914565,0.010330107336919928,-1.6393701774702552,0.08522653579711914,0,0,1784980684.553634,-0.9928397420807282,0.0137177953634443,-1.6580358826424952,1784980684.5536702,-0.0053588624241734115,0.012486142797155134,-0.021036447485681675,-0.004297916369665366,0.013136683055596954,-0.01866570517224009,1784980684.5537107,0.10161513444911704,0.1004545976671137,1784980684.5251884,17202.103515625,nan,nan,33.88072967529297,nan
32.123552322387695,1784980684.5983372,BSMC,circle,circle_dist_bsmc_30cm_yawfree_p01,1784980684.5754595,-1.0059822522579442,0.004240775263100103,-1.6318440392851379,0.09832341742558022,0.10374385628359119,1784980684.5931063,-1.0074453039670839,-0.0023309413478124347,-1.6256028120125567,0.005230903625488281,0,0,1784980684.593957,-0.9932049392812203,0.009436317968367795,-1.6537388550546048,1784980684.5939908,-0.005965405593376155,0.012436531952836933,-0.021894815769466943,-0.012529664457340876,0.013574383477236397,-0.028136043042048087,1784980684.5940244,0.10089317791507281,0.1004877727008649,1784980684.597241,17202.17578125,nan,nan,72.06857299804688,nan
32.16341185569763,1784980684.6381967,BSMC,circle,circle_dist_bsmc_30cm_yawfree_p01,1784980684.625485,-1.0064637612659075,-0.0017642249414889259,-1.6255678969577232,0.10094559063534912,0.10529548914340567,1784980684.5931063,-1.0074453039670839,-0.0023309413478124347,-1.6256028120125567,0.045090436935424805,0,0,1784980684.6335475,-0.9935549876252787,0.005112034032216453,-1.6494004227425931,1784980684.6335833,-0.007572627767809242,0.012512980582925133,-0.02383252578486994,-0.008192698115018512,0.013461740904478423,-0.023797610730036386,1784980684.6336236,0.0989806208699307,0.10047706124060139,1784980684.6249385,17202.203125,nan,nan,27.61933135986328,nan
32.20336580276489,1784980684.6781507,BSMC,circle,circle_dist_bsmc_30cm_yawfree_p01,1784980684.6753128,-1.0067558781631425,-0.0068868673232013785,-1.6211893974709002,0.10161989886922546,0.1025246773510472,1784980684.6755724,-1.0078547643792695,-0.010837413092292386,-1.6222276524546324,0.002578258514404297,0,0,1784980684.6736653,-0.9938849900099027,0.0008035022172888304,-1.6450792681481714,1784980684.6737046,-0.0032524912603869283,0.012419340146478176,-0.019511371190448212,-0.01234368984104432,0.013352858356320482,-0.022851615693538996,1784980684.6737468,0.10411873607137723,0.10209656679454757,1784980684.6249385,17202.203125,nan,nan,27.61933135986328,nan
32.243165254592896,1784980684.71795,BSMC,circle,circle_dist_bsmc_30cm_yawfree_p01,1784980684.6753128,-1.0067558781631425,-0.0068868673232013785,-1.6211893974709002,0.10161989886922546,0.1025246773510472,1784980684.6755724,-1.0078547643792695,-0.010837413092292386,-1.6222276524546324,0.04237771034240723,0,0,1784980684.7134345,-0.9941952518169472,-0.003490438542216548,-1.64077412956022,1784980684.713468,-0.0040248178086870765,0.01237359706309818,-0.01958473208931988,-0.008039476813570864,0.01326375252497412,-0.018546477105587655,1784980684.7135046,0.10320182958964362,0.10411041617566297,1784980684.6972911,17202.275390625,nan,nan,72.37940216064453,nan
32.28360724449158,1784980684.758392,BSMC,circle,circle_dist_bsmc_30cm_yawfree_p01,1784980684.725379,-1.0071803958705554,-0.0128399715201384,-1.6161989195120972,0.10376367830310423,0.10271993961618409,1784980684.6755724,-1.0078547643792695,-0.010837413092292386,-1.6222276524546324,0.08281970024108887,0,0,1784980684.753965,-0.994489908326877,-0.007829534433973578,-1.6364250370766993,1784980684.7540083,-0.005581256828760386,0.012450001048276592,-0.02022611756460213,-0.0036909706097642825,0.013192552720463064,-0.014197384622066878,1784980684.7540553,0.10135295772245466,0.10513426619643287,1784980684.7250803,17202.3046875,nan,nan,27.928255081176758,nan
32.323333978652954,1784980684.7981188,BSMC,circle,circle_dist_bsmc_30cm_yawfree_p01,1784980684.7757118,-1.007415454447927,-0.01816422311034412,-1.6105027190213153,0.10448796085764715,0.10438660175224923,1784980684.796115,-1.0086316308805268,-0.025427161978150536,-1.6065295468440601,0.002003908157348633,0,0,1784980684.7939818,-0.994765299885253,-0.012163496958256345,-1.6320823303964016,1784980684.7940214,-0.006498156432172005,0.012401979188618026,-0.02157961137508635,-0.013750581197505506,0.013383626629627091,-0.025552783552341474,1784980684.7940643,0.10026154259099211,0.1039411997553588,1784980684.7250803,17202.3046875,nan,nan,27.928255081176758,nan
32.36355233192444,1784980684.8383372,BSMC,circle,circle_dist_bsmc_30cm_yawfree_p01,1784980684.8255274,-1.0077613347914276,-0.024176986044136418,-1.604404315833325,0.10443660111870162,0.10674172691626414,1784980684.796115,-1.0086316308805268,-0.025427161978150536,-1.6065295468440601,0.04222226142883301,0,0,1784980684.833458,-0.9950173319672377,-0.016419101527768938,-1.6278192660119413,1784980684.8334925,-0.00818172335983575,0.012476128526725406,-0.02341495017861628,-0.009488689249538858,0.013283789530995948,-0.021289719167881138,1784980684.8335304,0.09825868969033952,0.10179759081228815,1784980684.8256173,17202.404296875,nan,nan,25.149625778198242,nan
32.40321063995361,1784980684.8779955,BSMC,circle,circle_dist_bsmc_30cm_yawfree_p01,1784980684.8752396,-1.008065716487264,-0.030138504081863325,-1.5995675236879494,0.10414518030999088,0.10625920352555349,1784980684.872566,-1.0087746611462924,-0.03437582398857177,-1.601668961711133,0.005429506301879883,0,0,1784980684.8739176,-0.9952551265327128,-0.020749770810372395,-1.6234820696618437,1784980684.8739636,-0.003845509293077022,0.01238398593126421,-0.01907775382851873,-0.014036877421629276,0.013092486915519556,-0.02181310795071067,1784980684.8740091,0.10341572718789194,0.10342448574444553,1784980684.8766758,17202.455078125,nan,nan,51.231624603271484,nan
32.44351649284363,1784980684.9183013,BSMC,circle,circle_dist_bsmc_30cm_yawfree_p01,1784980684.8752396,-1.008065716487264,-0.030138504081863325,-1.5995675236879494,0.10414518030999088,0.10625920352555349,1784980684.872566,-1.0087746611462924,-0.03437582398857177,-1.601668961711133,0.04573535919189453,0,0,1784980684.9138503,-0.9954745341481155,-0.025089660837897744,-1.6191366335656519,1784980684.9138882,-0.005408967127004021,0.012440730099910174,-0.019569109877702443,-0.009692282831695757,0.013007146410300277,-0.017467671854518807,1784980684.9139318,0.10155887737685027,0.10336968620544193,1784980684.8766758,17202.455078125,nan,nan,51.231624603271484,nan
32.48358726501465,1784980684.958372,BSMC,circle,circle_dist_bsmc_30cm_yawfree_p01,1784980684.9255435,-1.008212946206841,-0.034992199236708106,-1.5953541106433127,0.10136926746374882,0.102423920769977,1784980684.872566,-1.0087746611462924,-0.03437582398857177,-1.601668961711133,0.08580613136291504,0,0,1784980684.9537735,-0.995672507494554,-0.02937204351963607,-1.6148496739175198,1784980684.953825,-0.005926395516468983,0.012398652731774477,-0.019495563274207095,-0.0054058298112842,0.012941454838869356,-0.013180712206386726,1784980684.953879,0.10094484501468795,0.10396336049331784,1784980684.9265335,17202.505859375,nan,nan,49.42681121826172,nan
32.52324628829956,1784980684.9980311,BSMC,circle,circle_dist_bsmc_30cm_yawfree_p01,1784980684.975669,-1.0083370305025863,-0.040070484303615525,-1.5902329524514072,0.10131327796191396,0.1023618491663788,1784980684.9921687,-1.0096497460168719,-0.0496255144157423,-1.58022419490067,0.00586247444152832,0,0,1784980684.9935398,-0.9958541023075678,-0.03370507238315519,-1.6105128380563134,1784980684.9935863,-0.006606820314035384,0.012356856015070172,-0.02027988560490623,-0.016049796078552836,0.013644936998898077,-0.030288643155643506,1784980684.9936213,0.10013549626533905,0.103600861830566,1784980684.9764655,17202.5546875,nan,nan,49.93656539916992,nan
32.56356120109558,1784980685.038346,BSMC,circle,circle_dist_bsmc_30cm_yawfree_p01,1784980685.0256212,-1.008566634063012,-0.046729029238153474,-1.5829692945299516,0.10394377290506475,0.10553067711634337,1784980684.9921687,-1.0096497460168719,-0.0496255144157423,-1.58022419490067,0.04617738723754883,0,0,1784980685.0333607,-0.9960154402237902,-0.03799752072625644,-1.6062173554208157,1784980685.0333955,-0.008883643101780712,0.012443978179152868,-0.023248060890864064,-0.011756017450462442,0.013524074290183631,-0.025993160520145775,1784980685.0334344,0.09742593144655916,0.10217316371831377,1784980685.027147,17202.60546875,nan,nan,50.10855484008789,nan
32.603513956069946,1784980685.0782988,BSMC,circle,circle_dist_bsmc_30cm_yawfree_p01,1784980685.0751703,-1.0087376034654185,-0.05341200685489388,-1.5760562093681634,0.1061326203647911,0.10805425044862015,1784980685.0737288,-1.0096444330151033,-0.06001016921895409,-1.5707249126273009,0.00457000732421875,0,0,1784980685.0741572,-0.9961600198999936,-0.04234466967936937,-1.6018677994515775,1784980685.074207,-0.004535056307173641,0.012352325611862483,-0.018898504921625925,-0.017664536516400535,0.013485674647668299,-0.031142886824276687,1784980685.0742517,0.10259760244902509,0.10380527811214667,1784980685.0762973,17202.654296875,nan,nan,50.20906448364258,nan
32.64344763755798,1784980685.1182325,BSMC,circle,circle_dist_bsmc_30cm_yawfree_p01,1784980685.0751703,-1.0087376034654185,-0.05341200685489388,-1.5760562093681634,0.1061326203647911,0.10805425044862015,1784980685.0737288,-1.0096444330151033,-0.06001016921895409,-1.5707249126273009,0.04450368881225586,0,0,1784980685.114382,-0.9962851215977568,-0.04667114512150356,-1.597539512326944,1784980685.114417,-0.006806266776387866,0.01241685363293647,-0.021483302958780644,-0.01333807001933242,0.013360263978581992,-0.02681459969964317,1784980685.1144564,0.09989603955044216,0.10264315716065377,1784980685.0762973,17202.654296875,nan,nan,50.20906448364258,nan
32.68352723121643,1784980685.158312,BSMC,circle,circle_dist_bsmc_30cm_yawfree_p01,1784980685.1258025,-1.0087612592777133,-0.05862113651791381,-1.5704810512426517,0.10498494558806894,0.1084492504171143,1784980685.0737288,-1.0096444330151033,-0.06001016921895409,-1.5707249126273009,0.08458328247070312,0,0,1784980685.1538422,-0.9963911743969247,-0.05098378280892955,-1.593225567510354,1784980685.1538882,-0.007633453344135356,0.012372492136872,-0.02274451626770224,-0.009025439916575992,0.013253903196254233,-0.022500654883053084,1784980685.1539342,0.0989111571816544,0.10116658342189119,1784980685.1271071,17202.705078125,nan,nan,50.39754104614258,nan
32.723231077194214,1784980685.198016,BSMC,circle,circle_dist_bsmc_30cm_yawfree_p01,1784980685.1762886,-1.0087561787043173,-0.06348523084003156,-1.5651169322450948,0.10191664221349304,0.10808581462174896,1784980685.1927822,-1.0096650449253357,-0.07256574478839714,-1.5595016524222827,0.0052337646484375,0,0,1784980685.1940744,-0.9964789127085991,-0.0553129027424737,-1.5888955551888826,1784980685.1941602,-0.008102469233821923,0.012323481617575514,-0.02377862294378774,-0.017102811684860737,0.013380152240203901,-0.029393902766599925,1784980685.1942031,0.09835183762099851,0.09906480812928377,1784980685.1766803,17202.755859375,nan,nan,49.853118896484375,nan
32.763651847839355,1784980685.2384367,BSMC,circle,circle_dist_bsmc_30cm_yawfree_p01,1784980685.2253761,-1.008829634307374,-0.06936290540769603,-1.5591174607867717,0.09954981006362522,0.1085629452431861,1784980685.1927822,-1.0096650449253357,-0.07256574478839714,-1.5595016524222827,0.0456545352935791,0,0,1784980685.2333617,-0.996547141686742,-0.05958703222120195,-1.5846208779122712,1784980685.2333958,-0.009631764174820394,0.012395823506929223,-0.025503417125499528,-0.012829725435582393,0.013263653739695888,-0.025119225489988576,1784980685.2334344,0.09653197491678563,0.09674182171401738,1784980685.2293978,17202.80859375,nan,nan,52.69978332519531,nan
32.80397939682007,1784980685.2787642,BSMC,circle,circle_dist_bsmc_30cm_yawfree_p01,1784980685.2752652,-1.0087834779286182,-0.0738684575323874,-1.5547502380072262,0.09628206318617683,0.10518729039217965,1784980685.1927822,-1.0096650449253357,-0.07256574478839714,-1.5595016524222827,0.08598208427429199,0,0,1784980685.274433,-0.9965980311453648,-0.06395946285874642,-1.5802481476571437,1784980685.274477,-0.005260226042375022,0.012293873648113924,-0.021130686870372006,-0.008458148457481518,0.013163383396748135,-0.02074649523486105,1784980685.2745228,0.10173200126475028,0.09837575608066901,1784980685.2773263,17202.85546875,nan,nan,47.92422103881836,nan
32.84361958503723,1784980685.3184044,BSMC,circle,circle_dist_bsmc_30cm_yawfree_p01,1784980685.2752652,-1.0087834779286182,-0.0738684575323874,-1.5547502380072262,0.09628206318617683,0.10518729039217965,1784980685.2823575,-1.009906693294882,-0.08013329345227956,-1.5494197099193447,0.03604698181152344,0,0,1784980685.313979,-0.9966295219709143,-0.06827748661323733,-1.5759300057198884,1784980685.3140213,-0.005395236073962241,0.012242100675407219,-0.021179767712662168,-0.011569298739651707,0.013527555612281288,-0.02651029580054365,1784980685.3140671,0.10157163222745212,0.09818497357748107,1784980685.2773263,17202.85546875,nan,nan,47.92422103881836,nan
32.883352279663086,1784980685.3581371,BSMC,circle,circle_dist_bsmc_30cm_yawfree_p01,1784980685.3254275,-1.0088306966626952,-0.07970494208702458,-1.5487858200877982,0.09724802951093542,0.10527987442000784,1784980685.2823575,-1.009906693294882,-0.08013329345227956,-1.5494197099193447,0.07577967643737793,0,0,1784980685.353873,-0.9966423470132357,-0.07257178808363438,-1.571635681798684,1784980685.3539197,-0.006863176109703306,0.012342389027281485,-0.022849861710885874,-0.007276252528490627,0.013422942853975977,-0.022215971879339328,1784980685.353968,0.09982521691075355,0.09813708523801959,1784980685.3272672,17202.90625,nan,nan,49.90724182128906,nan
32.92380499839783,1784980685.3985898,BSMC,circle,circle_dist_bsmc_30cm_yawfree_p01,1784980685.3765094,-1.0087146793132604,-0.08500242578878585,-1.5433455779741185,0.09964991732032291,0.10553083536073835,1784980685.2823575,-1.009906693294882,-0.08013329345227956,-1.5494197099193447,0.11623239517211914,0,0,1784980685.3948896,-0.9966361825603518,-0.07702132028114078,-1.5671861416604396,1784980685.394927,-0.007646576500167143,0.012293006009974862,-0.023840563686321037,-0.002827605155717998,0.013333997197259478,-0.017766431741094824,1784980685.3949664,0.09889282303423519,0.09901118316025419,1784980685.3779216,17202.95703125,nan,nan,50.04800033569336,nan
32.96330761909485,1784980685.4380925,BSMC,circle,circle_dist_bsmc_30cm_yawfree_p01,1784980685.426121,-1.0087094507395213,-0.09124528093006103,-1.5374962810227355,0.10252998231456381,0.10703894665209188,1784980685.3978293,-1.0097873039355978,-0.09294464472603532,-1.5396473684735226,0.04026317596435547,0,0,1784980685.4340599,-0.9966118649464268,-0.0812640214192954,-1.5629433676507356,1784980685.4340978,-0.009572950235681629,0.01242319392216407,-0.0254470866280001,-0.011264622320758273,0.013532828136128697,-0.023295999177213034,1784980685.4341366,0.0966019420294102,0.09934812848733716,1784980685.4272923,17203.005859375,nan,nan,50.090213775634766,nan
33.00365614891052,1784980685.478441,BSMC,circle,circle_dist_bsmc_30cm_yawfree_p01,1784980685.4752402,-1.0085395967073973,-0.09632653122174094,-1.532232243985056,0.10275179237334023,0.10700496936068613,1784980685.4748027,-1.0092131244630653,-0.10233386884782154,-1.53142721057795,0.0036382675170898438,0,0,1784980685.4738681,-0.9965690944868015,-0.08554391480676796,-1.558663257291543,1784980685.4739053,-0.00529400560589605,0.012323446362910336,-0.02116697626880759,-0.01627928841008067,0.013295067491470745,-0.027236046713593032,1784980685.4739435,0.1016918220413651,0.10094708965798158,1784980685.4272923,17203.005859375,nan,nan,50.090213775634766,nan
33.04389262199402,1784980685.5186775,BSMC,circle,circle_dist_bsmc_30cm_yawfree_p01,1784980685.4752402,-1.0085395967073973,-0.09632653122174094,-1.532232243985056,0.10275179237334023,0.10700496936068613,1784980685.4748027,-1.0092131244630653,-0.10233386884782154,-1.53142721057795,0.04387474060058594,0,0,1784980685.5139513,-0.9965071022811853,-0.08987855305659204,-1.5543281723763818,1784980685.513996,-0.005979276974612462,0.012272146975811912,-0.022095928391325792,-0.011945568965566098,0.013186404863896061,-0.022900961798431707,1784980685.5140386,0.10087623488099655,0.10066782896302963,1784980685.478642,17203.056640625,nan,nan,51.170570373535156,nan
33.08326530456543,1784980685.5580502,BSMC,circle,circle_dist_bsmc_30cm_yawfree_p01,1784980685.525368,-1.0084418582634596,-0.10207135703404606,-1.5274681077336987,0.10020517408873222,0.10460336120410742,1784980685.4748027,-1.0092131244630653,-0.10233386884782154,-1.53142721057795,0.08324742317199707,0,0,1784980685.5544248,-0.9964256324718732,-0.09424588516415551,-1.5499600769784332,1784980685.5544636,-0.007297648728983493,0.012343905998070415,-0.02249196924473451,-0.007578414378617307,0.013095917951713689,-0.018532866400483128,1784980685.5545077,0.09931037412158494,0.10040327634609293,1784980685.5278761,17203.107421875,nan,nan,49.29148483276367,nan
33.123427391052246,1784980685.5982122,BSMC,circle,circle_dist_bsmc_30cm_yawfree_p01,1784980685.5760665,-1.0082366505578682,-0.10678599991949606,-1.5224701261692621,0.0976813702071198,0.10362768403601443,1784980685.593336,-1.008360132297718,-0.11629928349454913,-1.5177267686044966,0.004876136779785156,0,0,1784980685.5937135,-0.99632833000959,-0.09848383123802833,-1.5457210108544708,1784980685.5937612,-0.0077172161212498685,0.012295473900342713,-0.02325088468520864,-0.017152147866228432,0.012959877660688433,-0.02799424224997415,1784980685.5938053,0.09881047318270121,0.09904585092046453,1784980685.578986,17203.15625,nan,nan,50.362403869628906,nan
33.163631200790405,1784980685.638416,BSMC,circle,circle_dist_bsmc_30cm_yawfree_p01,1784980685.6256094,-1.0080002693321835,-0.1129879543525878,-1.5166283697281868,0.09861433683054731,0.10459165180646879,1784980685.593336,-1.008360132297718,-0.11629928349454913,-1.5177267686044966,0.045079946517944336,0,0,1784980685.6342342,-0.9962090845780509,-0.10285670913129866,-1.541346503904092,1784980685.634276,-0.009477993378575847,0.012322410849977945,-0.024718134175905074,-0.01277910103411792,0.012846997429631286,-0.023619735299595268,1784980685.6343217,0.09671663028697917,0.09847835299811322,1784980685.6291828,17203.208984375,nan,nan,51.06355285644531,nan
33.20325994491577,1784980685.6780448,BSMC,circle,circle_dist_bsmc_30cm_yawfree_p01,1784980685.6760306,-1.007748588553584,-0.11954214236694136,-1.5109976714093636,0.10293191591297444,0.1064332699714745,1784980685.6733685,-1.0080757256855648,-0.1247941455215755,-1.5123202840183083,0.004676342010498047,0,0,1784980685.674736,-0.9960714449988561,-0.10720732937277977,-1.5369937035348296,1784980685.6747723,-0.005126302291671201,0.012224299568767487,-0.020365333806642738,-0.016855193272888883,0.013011583946253064,-0.024673419516521244,1784980685.6748085,0.10189268362550571,0.10010715491739239,1784980685.6291828,17203.208984375,nan,nan,51.06355285644531,nan
33.24398970603943,1784980685.7187746,BSMC,circle,circle_dist_bsmc_30cm_yawfree_p01,1784980685.6760306,-1.007748588553584,-0.11954214236694136,-1.5109976714093636,0.10293191591297444,0.1064332699714745,1784980685.6733685,-1.0080757256855648,-0.1247941455215755,-1.5123202840183083,0.04540610313415527,0,0,1784980685.713817,-0.9959191867746988,-0.11144404352934519,-1.5327542511727688,1784980685.7138615,-0.007376663429968581,0.012292224691679352,-0.02175657976340517,-0.01261682227830062,0.012915976815252025,-0.020433967154460442,1784980685.713907,0.09921834068367504,0.10116485492199316,1784980685.6806,17203.2578125,nan,nan,49.01401901245117,nan
33.2835214138031,1784980685.7583063,BSMC,circle,circle_dist_bsmc_30cm_yawfree_p01,1784980685.7258227,-1.0074215931437076,-0.1249432135685416,-1.5052603459777023,0.1051261321844913,0.10796940522912704,1784980685.6733685,-1.0080757256855648,-0.1247941455215755,-1.5123202840183083,0.08493781089782715,0,0,1784980685.7538075,-0.9957450897535742,-0.11577165919508464,-1.5284231316354158,1784980685.7538443,-0.00838718222394406,0.012252073921888916,-0.02316278565771346,-0.008286428827978365,0.01283685862186932,-0.016102847617107452,1784980685.7538853,0.09801544420494208,0.10097643618972339,1784980685.7291446,17203.30859375,nan,nan,50.915523529052734,nan
33.32324695587158,1784980685.7980318,BSMC,circle,circle_dist_bsmc_30cm_yawfree_p01,1784980685.7753832,-1.0071096170855107,-0.12987314699294614,-1.501162473427404,0.10320828138978148,0.10395299516172544,1784980685.7938616,-1.0072425662941233,-0.13825609667993405,-1.4976902817697957,0.00417017936706543,0,0,1784980685.7935066,-0.9955542456794164,-0.12005578312251486,-1.5241347557809235,1784980685.7935781,-0.008989576983124336,0.012210436002113622,-0.02297228235351945,-0.0172979735198424,0.012986468514857718,-0.026444474011127816,1784980685.793624,0.09730087618338189,0.1022334885642866,1784980685.7792115,17203.357421875,nan,nan,50.15251159667969,nan
33.3631546497345,1784980685.8379395,BSMC,circle,circle_dist_bsmc_30cm_yawfree_p01,1784980685.8253272,-1.006777776662947,-0.13594762063729401,-1.496086500120874,0.10256367074173352,0.10287158988253732,1784980685.7938616,-1.0072425662941233,-0.13825609667993405,-1.4976902817697957,0.04407787322998047,0,0,1784980685.8346803,-0.9953369672927044,-0.1244969435781001,-1.5196882797982572,1784980685.834865,-0.010564789634099545,0.012263577950476215,-0.023601779677383083,-0.012852805438529489,0.012878779989641952,-0.021997998028461474,1784980685.835027,0.09542951572442628,0.10227752894855278,1784980685.8283827,17203.408203125,nan,nan,49.151119232177734,nan
33.403226375579834,1784980685.8780112,BSMC,circle,circle_dist_bsmc_30cm_yawfree_p01,1784980685.8759181,-1.0064023890725815,-0.14086418037556955,-1.4906026401522756,0.10081899129576828,0.10379214546602177,1784980685.8752284,-1.006379349030956,-0.14791763143618958,-1.4903495566904987,0.0027828216552734375,0,0,1784980685.8737292,-0.9951127389755929,-0.12870652989916076,-1.515472722699868,1784980685.873765,-0.006350209395935843,0.012172975805161213,-0.019386222578994028,-0.01824358588713819,0.012773977390940244,-0.02512316600936937,1784980685.8738027,0.10044200749882061,0.10385757200821553,1784980685.8283827,17203.408203125,nan,nan,49.151119232177734,nan
33.44351935386658,1784980685.9183042,BSMC,circle,circle_dist_bsmc_30cm_yawfree_p01,1784980685.8759181,-1.0064023890725815,-0.14086418037556955,-1.4906026401522756,0.10081899129576828,0.10379214546602177,1784980685.8752284,-1.006379349030956,-0.14791763143618958,-1.4903495566904987,0.0430757999420166,0,1,1784980685.8737292,-0.9951127389755929,-0.12870652989916076,-1.515472722699868,1784980685.873765,-0.006350209395935843,0.012172975805161213,-0.019386222578994028,-0.01824358588713819,0.012773977390940244,-0.02512316600936937,1784980685.9138262,0.0,0.0,1784980685.8791153,17203.458984375,nan,nan,50.740013122558594,nan
33.48357129096985,1784980685.9583561,BSMC,circle,circle_dist_bsmc_30cm_yawfree_p01,1784980685.9256554,-1.0060091889144724,-0.14664195280850081,-1.4850972613892757,0.0983118470069727,0.1048719924153356,1784980685.8752284,-1.006379349030956,-0.14791763143618958,-1.4903495566904987,0.08312773704528809,0,1,1784980685.8737292,-0.9951127389755929,-0.12870652989916076,-1.515472722699868,1784980685.873765,-0.006350209395935843,0.012172975805161213,-0.019386222578994028,-0.01824358588713819,0.012773977390940244,-0.02512316600936937,1784980685.9533837,0.0,0.0,1784980685.9284327,17203.5078125,nan,nan,49.36311340332031,nan
33.52324104309082,1784980685.998026,BSMC,circle,circle_dist_bsmc_30cm_yawfree_p01,1784980685.9755697,-1.0056248802579177,-0.15103874980666712,-1.479790606563879,0.09485738848315178,0.10510555252395747,1784980685.9953306,-1.0053407280322775,-0.16003118541227546,-1.4792491621349113,0.002695322036743164,0,1,1784980685.8737292,-0.9951127389755929,-0.12870652989916076,-1.515472722699868,1784980685.873765,-0.006350209395935843,0.012172975805161213,-0.019386222578994028,-0.03025844697246209,0.01304883864463291,-0.03622356056495679,1784980685.9945757,0.0,0.0,1784980685.9790142,17203.55859375,nan,nan,50.577110290527344,nan
33.563185930252075,1784980686.0379708,BSMC,circle,circle_dist_bsmc_30cm_yawfree_p01,1784980686.0256925,-1.0052270284181384,-0.15632366613049642,-1.4753207535055444,0.09043845924370256,0.1033045665489625,1784980685.9953306,-1.0053407280322775,-0.16003118541227546,-1.4792491621349113,0.04264020919799805,0,1,1784980685.8737292,-0.9951127389755929,-0.12870652989916076,-1.515472722699868,1784980685.873765,-0.006350209395935843,0.012172975805161213,-0.019386222578994028,-0.03025844697246209,0.01304883864463291,-0.03622356056495679,1784980686.0339847,0.0,0.0,1784980686.0302846,17203.609375,nan,nan,51.116973876953125,nan
33.603546380996704,1784980686.0783312,BSMC,circle,circle_dist_bsmc_30cm_yawfree_p01,1784980686.075243,-1.0048815425194924,-0.15982609945231796,-1.4701366650195533,0.0835952040592411,0.10349814962757986,1784980686.0747201,-1.0044801551253228,-0.16809312781661062,-1.4717350558337,0.0036110877990722656,0,1,1784980685.8737292,-0.9951127389755929,-0.12870652989916076,-1.515472722699868,1784980685.873765,-0.006350209395935843,0.012172975805161213,-0.019386222578994028,-0.03826707167759069,0.013216800144332326,-0.0437376668661682,1784980686.0742717,0.0,0.0,1784980686.0302846,17203.609375,nan,nan,51.116973876953125,nan
33.643391370773315,1784980686.1181762,BSMC,circle,circle_dist_bsmc_30cm_yawfree_p01,1784980686.075243,-1.0048815425194924,-0.15982609945231796,-1.4701366650195533,0.0835952040592411,0.10349814962757986,1784980686.0747201,-1.0044801551253228,-0.16809312781661062,-1.4717350558337,0.043456077575683594,0,1,1784980685.8737292,-0.9951127389755929,-0.12870652989916076,-1.515472722699868,1784980685.873765,-0.006350209395935843,0.012172975805161213,-0.019386222578994028,-0.03826707167759069,0.013216800144332326,-0.0437376668661682,1784980686.113678,0.0,0.0,1784980686.079153,17203.658203125,nan,nan,48.945220947265625,nan
33.68335008621216,1784980686.158135,BSMC,circle,circle_dist_bsmc_30cm_yawfree_p01,1784980686.1254785,-1.0045391581472645,-0.1638878742723719,-1.4657568484473913,0.07296456698017792,0.10156561486975532,1784980686.0747201,-1.0044801551253228,-0.16809312781661062,-1.4717350558337,0.08341479301452637,0,1,1784980685.8737292,-0.9951127389755929,-0.12870652989916076,-1.515472722699868,1784980685.873765,-0.006350209395935843,0.012172975805161213,-0.019386222578994028,-0.03826707167759069,0.013216800144332326,-0.0437376668661682,1784980686.1534452,0.0,0.0,1784980686.1292675,17203.708984375,nan,nan,50.03721237182617,nan
33.72420263290405,1784980686.1989875,BSMC,circle,circle_dist_bsmc_30cm_yawfree_p01,1784980686.1754649,-1.0043822337362813,-0.16529781635257348,-1.461763954479578,0.057278127481737044,0.09809145756780423,1784980686.1932268,-1.0026370501053554,-0.1822172857406877,-1.4624342037011033,0.005760669708251953,0,1,1784980685.8737292,-0.9951127389755929,-0.12870652989916076,-1.515472722699868,1784980685.873765,-0.006350209395935843,0.012172975805161213,-0.019386222578994028,-0.05238313656491643,0.013267375487649896,-0.05303851899876477,1784980686.193772,0.0,0.0,1784980686.181224,17203.759765625,nan,nan,52.09404373168945,nan
33.76318883895874,1784980686.2379737,BSMC,circle,circle_dist_bsmc_30cm_yawfree_p01,1784980686.2252877,-1.0040131987935614,-0.16900069364202827,-1.458644299515455,0.04389530744165464,0.09324868375019103,1784980686.1932268,-1.0026370501053554,-0.1822172857406877,-1.4624342037011033,0.04474687576293945,0,1,1784980685.8737292,-0.9951127389755929,-0.12870652989916076,-1.515472722699868,1784980685.873765,-0.006350209395935843,0.012172975805161213,-0.019386222578994028,-0.05238313656491643,0.013267375487649896,-0.05303851899876477,1784980686.2336142,0.0,0.0,1784980686.2298057,17203.80859375,nan,nan,48.51374816894531,nan
33.80400514602661,1784980686.27879,BSMC,circle,circle_dist_bsmc_30cm_yawfree_p01,1784980686.2754574,-1.0039575272592496,-0.16946048785652063,-1.4553414360392112,0.03165626049048849,0.08882686421183908,1784980686.1932268,-1.0026370501053554,-0.1822172857406877,-1.4624342037011033,0.08556318283081055,0,1,1784980685.8737292,-0.9951127389755929,-0.12870652989916076,-1.515472722699868,1784980685.873765,-0.006350209395935843,0.012172975805161213,-0.019386222578994028,-0.05238313656491643,0.013267375487649896,-0.05303851899876477,1784980686.2742627,0.0,0.0,1784980686.2298057,17203.80859375,nan,nan,48.51374816894531,nan
33.843360900878906,1784980686.3181458,BSMC,circle,circle_dist_bsmc_30cm_yawfree_p01,1784980686.2754574,-1.0039575272592496,-0.16946048785652063,-1.4553414360392112,0.03165626049048849,0.08882686421183908,1784980686.282391,-1.0019325332792,-0.1911591842216443,-1.4507709366593737,0.03575468063354492,0,1,1784980685.8737292,-0.9951127389755929,-0.12870652989916076,-1.515472722699868,1784980685.873765,-0.006350209395935843,0.012172975805161213,-0.019386222578994028,-0.061186760158601736,0.014248649324089653,-0.06470178604049437,1784980686.3136144,0.0,0.0,1784980686.2856894,17203.865234375,nan,nan,55.90673065185547,nan
33.88347315788269,1784980686.358258,BSMC,circle,circle_dist_bsmc_30cm_yawfree_p01,1784980686.325831,-1.003555289829658,-0.17350832897631532,-1.451157141781722,0.024014998737011607,0.08570865204636428,1784980686.282391,-1.0019325332792,-0.1911591842216443,-1.4507709366593737,0.0758669376373291,0,1,1784980685.8737292,-0.9951127389755929,-0.12870652989916076,-1.515472722699868,1784980685.873765,-0.006350209395935843,0.012172975805161213,-0.019386222578994028,-0.061186760158601736,0.014248649324089653,-0.06470178604049437,1784980686.3539836,0.0,0.0,1784980686.3326192,17203.912109375,nan,nan,46.96638488769531,nan
33.92402720451355,1784980686.398812,BSMC,circle,circle_dist_bsmc_30cm_yawfree_p01,1784980686.3758397,-1.0035284074267365,-0.1737056373057806,-1.4482068338438439,0.016922770943485207,0.08141835121838717,1784980686.396275,-1.0004723639017705,-0.20307459785412907,-1.4367481930338497,0.0025370121002197266,0,1,1784980685.8737292,-0.9951127389755929,-0.12870652989916076,-1.515472722699868,1784980685.873765,-0.006350209395935843,0.012172975805161213,-0.019386222578994028,-0.07298461355831018,0.01525061619896766,-0.0787245296660184,1784980686.3937056,0.0,0.0,1784980686.3860085,17203.96484375,nan,nan,53.37786102294922,nan
33.963576316833496,1784980686.4383612,BSMC,circle,circle_dist_bsmc_30cm_yawfree_p01,1784980686.4258842,-1.0029525996577322,-0.1789526214741662,-1.442924263481895,0.014429226854895524,0.0803743463699672,1784980686.396275,-1.0004723639017705,-0.20307459785412907,-1.4367481930338497,0.042086124420166016,0,1,1784980685.8737292,-0.9951127389755929,-0.12870652989916076,-1.515472722699868,1784980685.873765,-0.006350209395935843,0.012172975805161213,-0.019386222578994028,-0.07298461355831018,0.01525061619896766,-0.0787245296660184,1784980686.4335291,0.0,0.0,1784980686.4346008,17204.013671875,nan,nan,48.59443664550781,nan
34.00336742401123,1784980686.4781523,BSMC,circle,circle_dist_bsmc_30cm_yawfree_p01,1784980686.4753063,-1.0029348338591944,-0.17905983913629597,-1.440198683585612,0.010089863257153563,0.07633192549354219,1784980686.4762983,-0.9994649391102655,-0.21253058449874163,-1.4221224008671582,0.00185394287109375,0,1,1784980685.8737292,-0.9951127389755929,-0.12870652989916076,-1.515472722699868,1784980685.873765,-0.006350209395935843,0.012172975805161213,-0.019386222578994028,-0.08225466146906275,0.01672077875386312,-0.09335032183270986,1784980686.4736516,0.0,0.0,1784980686.4346008,17204.013671875,nan,nan,48.59443664550781,nan
34.04363131523132,1784980686.5184162,BSMC,circle,circle_dist_bsmc_30cm_yawfree_p01,1784980686.4753063,-1.0029348338591944,-0.17905983913629597,-1.440198683585612,0.010089863257153563,0.07633192549354219,1784980686.4762983,-0.9994649391102655,-0.21253058449874163,-1.4221224008671582,0.04211783409118652,0,1,1784980685.8737292,-0.9951127389755929,-0.12870652989916076,-1.515472722699868,1784980685.873765,-0.006350209395935843,0.012172975805161213,-0.019386222578994028,-0.08225466146906275,0.01672077875386312,-0.09335032183270986,1784980686.5135438,0.0,0.0,1784980686.4884546,17204.06640625,nan,nan,53.77041244506836,nan
34.08326840400696,1784980686.5580533,BSMC,circle,circle_dist_bsmc_30cm_yawfree_p01,1784980686.525701,-1.0022899518315915,-0.18480092523067554,-1.4332507764493634,0.009504048373020303,0.07758796156145788,1784980686.4762983,-0.9994649391102655,-0.21253058449874163,-1.4221224008671582,0.08175492286682129,0,1,1784980685.8737292,-0.9951127389755929,-0.12870652989916076,-1.515472722699868,1784980685.873765,-0.006350209395935843,0.012172975805161213,-0.019386222578994028,-0.08225466146906275,0.01672077875386312,-0.09335032183270986,1784980686.55374,0.0,0.0,1784980686.5376103,17204.1171875,nan,nan,49.256317138671875,nan
34.123756408691406,1784980686.5985413,BSMC,circle,circle_dist_bsmc_30cm_yawfree_p01,1784980686.5754936,-1.0022756719326353,-0.18487208680723283,-1.4306085021095039,0.006615169665032941,0.07363949221249418,1784980686.5952091,-0.9973133727316317,-0.22610623029882143,-1.4142829991317616,0.0033321380615234375,0,1,1784980685.8737292,-0.9951127389755929,-0.12870652989916076,-1.515472722699868,1784980685.873765,-0.006350209395935843,0.012172975805161213,-0.019386222578994028,-0.09586613761612564,0.017355923641164638,-0.10118972356810652,1784980686.5933044,0.0,0.0,1784980686.5796208,17204.158203125,nan,nan,42.007476806640625,nan
34.1635422706604,1784980686.6383271,BSMC,circle,circle_dist_bsmc_30cm_yawfree_p01,1784980686.6257744,-1.0013880012128134,-0.19207057327435417,-1.4243922269968528,0.008382357772089736,0.07450959999602183,1784980686.5952091,-0.9973133727316317,-0.22610623029882143,-1.4142829991317616,0.04311800003051758,0,1,1784980685.8737292,-0.9951127389755929,-0.12870652989916076,-1.515472722699868,1784980685.873765,-0.006350209395935843,0.012172975805161213,-0.019386222578994028,-0.09586613761612564,0.017355923641164638,-0.10118972356810652,1784980686.6334558,0.0,0.0,1784980686.6307755,17204.208984375,nan,nan,50.975311279296875,nan
34.20354986190796,1784980686.6783347,BSMC,circle,circle_dist_bsmc_30cm_yawfree_p01,1784980686.675921,-1.0004887745763966,-0.199136671663098,-1.4176735056862901,0.010365649270111589,0.07619698985580514,1784980686.6736329,-0.9961675718070157,-0.23413546941312902,-1.4032049498405952,0.004701852798461914,0,1,1784980685.8737292,-0.9951127389755929,-0.12870652989916076,-1.515472722699868,1784980685.873765,-0.006350209395935843,0.012172975805161213,-0.019386222578994028,-0.10377586273560993,0.01862644015430942,-0.11226777285927292,1784980686.674452,0.0,0.0,1784980686.6307755,17204.208984375,nan,nan,50.975311279296875,nan
34.2435519695282,1784980686.7183368,BSMC,circle,circle_dist_bsmc_30cm_yawfree_p01,1784980686.675921,-1.0004887745763966,-0.199136671663098,-1.4176735056862901,0.010365649270111589,0.07619698985580514,1784980686.6736329,-0.9961675718070157,-0.23413546941312902,-1.4032049498405952,0.04470396041870117,0,1,1784980685.8737292,-0.9951127389755929,-0.12870652989916076,-1.515472722699868,1784980685.873765,-0.006350209395935843,0.012172975805161213,-0.019386222578994028,-0.10377586273560993,0.01862644015430942,-0.11226777285927292,1784980686.7136414,0.0,0.0,1784980686.6806133,17204.259765625,nan,nan,49.881099700927734,nan
34.28338837623596,1784980686.7581732,BSMC,circle,circle_dist_bsmc_30cm_yawfree_p01,1784980686.7256057,-1.0004670410280112,-0.19923631741747655,-1.414955329388824,0.0072555162808166165,0.07253524685116042,1784980686.6736329,-0.9961675718070157,-0.23413546941312902,-1.4032049498405952,0.08454036712646484,0,1,1784980685.8737292,-0.9951127389755929,-0.12870652989916076,-1.515472722699868,1784980685.873765,-0.006350209395935843,0.012172975805161213,-0.019386222578994028,-0.10377586273560993,0.01862644015430942,-0.11226777285927292,1784980686.7534835,0.0,0.0,1784980686.7306247,17204.30859375,nan,nan,50.06415939331055,nan
34.323601961135864,1784980686.7983868,BSMC,circle,circle_dist_bsmc_30cm_yawfree_p01,1784980686.775591,-1.0004544029050373,-0.19928726639721342,-1.4124713919290888,0.005064409992399626,0.06888256420647391,1784980686.7936168,-0.9944022460704874,-0.24490630350301099,-1.3923724018467338,0.004770040512084961,0,1,1784980685.8737292,-0.9951127389755929,-0.12870652989916076,-1.515472722699868,1784980685.873765,-0.006350209395935843,0.012172975805161213,-0.019386222578994028,-0.11448115714463945,0.019923775861483244,-0.12310032085313427,1784980686.7939882,0.0,0.0,1784980686.780277,17204.359375,nan,nan,49.72606658935547,nan
34.36321687698364,1784980686.8380017,BSMC,circle,circle_dist_bsmc_30cm_yawfree_p01,1784980686.8256717,-0.9993805853249622,-0.20721473155997128,-1.4054904595748556,0.007608855685464262,0.0711230889706311,1784980686.7936168,-0.9944022460704874,-0.24490630350301099,-1.3923724018467338,0.04438495635986328,0,1,1784980685.8737292,-0.9951127389755929,-0.12870652989916076,-1.515472722699868,1784980685.873765,-0.006350209395935843,0.012172975805161213,-0.019386222578994028,-0.11448115714463945,0.019923775861483244,-0.12310032085313427,1784980686.833285,0.0,0.0,1784980686.830416,17204.41015625,nan,nan,50.14041519165039,nan
34.40324258804321,1784980686.8780274,BSMC,circle,circle_dist_bsmc_30cm_yawfree_p01,1784980686.8758209,-0.999367051339826,-0.20726808434115146,-1.4030348201789813,0.005303235670385462,0.06755715859116639,1784980686.8751163,-0.9935816897851463,-0.2510304294493002,-1.3834908170404039,0.002911090850830078,0,1,1784980685.8737292,-0.9951127389755929,-0.12870652989916076,-1.515472722699868,1784980685.873765,-0.006350209395935843,0.012172975805161213,-0.019386222578994028,-0.12046949933007342,0.02127393343830922,-0.13198190565946422,1784980686.8737068,0.0,0.0,1784980686.830416,17204.41015625,nan,nan,50.14041519165039,nan
34.44333744049072,1784980686.9181223,BSMC,circle,circle_dist_bsmc_30cm_yawfree_p01,1784980686.8758209,-0.999367051339826,-0.20726808434115146,-1.4030348201789813,0.005303235670385462,0.06755715859116639,1784980686.8751163,-0.9935816897851463,-0.2510304294493002,-1.3834908170404039,0.043005943298339844,0,1,1784980685.8737292,-0.9951127389755929,-0.12870652989916076,-1.515472722699868,1784980685.873765,-0.006350209395935843,0.012172975805161213,-0.019386222578994028,-0.12046949933007342,0.02127393343830922,-0.13198190565946422,1784980686.9138222,0.0,0.0,1784980686.8826535,17204.4609375,nan,nan,52.03916931152344,nan
34.48359560966492,1784980686.9583805,BSMC,circle,circle_dist_bsmc_30cm_yawfree_p01,1784980686.9254205,-0.9983540116276727,-0.21467945231672825,-1.3960972945243788,0.00702291274182451,0.06971007030535437,1784980686.8751163,-0.9935816897851463,-0.2510304294493002,-1.3834908170404039,0.08326411247253418,0,1,1784980685.8737292,-0.9951127389755929,-0.12870652989916076,-1.515472722699868,1784980685.873765,-0.006350209395935843,0.012172975805161213,-0.019386222578994028,-0.12046949933007342,0.02127393343830922,-0.13198190565946422,1784980686.953665,0.0,0.0,1784980686.931072,17204.509765625,nan,nan,48.577884674072266,nan
34.523736238479614,1784980686.998521,BSMC,circle,circle_dist_bsmc_30cm_yawfree_p01,1784980686.9755886,-0.9983411900156218,-0.2147294220076347,-1.3936994192316858,0.004900629125063218,0.06619373589400168,1784980686.9946525,-0.9931238338330334,-0.2531899367546615,-1.3772991852080987,0.003868579864501953,0,1,1784980685.8737292,-0.9951127389755929,-0.12870652989916076,-1.515472722699868,1784980685.873765,-0.006350209395935843,0.012172975805161213,-0.019386222578994028,-0.12254271872059198,0.021985368193053,-0.13817353749176942,1784980686.993479,0.0,0.0,1784980686.9837449,17204.5625,nan,nan,52.601539611816406,nan
34.563212156295776,1784980687.037997,BSMC,circle,circle_dist_bsmc_30cm_yawfree_p01,1784980687.0253003,-0.9973963735223059,-0.2214259349484943,-1.3877317274241034,0.006869804873072026,0.06745746450825944,1784980686.9946525,-0.9931238338330334,-0.2531899367546615,-1.3772991852080987,0.04334449768066406,0,1,1784980685.8737292,-0.9951127389755929,-0.12870652989916076,-1.515472722699868,1784980685.873765,-0.006350209395935843,0.012172975805161213,-0.019386222578994028,-0.12254271872059198,0.021985368193053,-0.13817353749176942,1784980687.0336332,0.0,0.0,1784980687.031796,17204.611328125,nan,nan,48.08294677734375,nan
34.603251218795776,1784980687.078036,BSMC,circle,circle_dist_bsmc_30cm_yawfree_p01,1784980687.0770009,-0.9973822241641439,-0.221483796446558,-1.3853000229876942,0.004794725279241137,0.06407029645814948,1784980686.9946525,-0.9931238338330334,-0.2531899367546615,-1.3772991852080987,0.08338356018066406,0,1,1784980685.8737292,-0.9951127389755929,-0.12870652989916076,-1.515472722699868,1784980685.873765,-0.006350209395935843,0.012172975805161213,-0.019386222578994028,-0.12254271872059198,0.021985368193053,-0.13817353749176942,1784980687.073402,0.0,0.0,1784980687.031796,17204.611328125,nan,nan,48.08294677734375,nan
34.643669843673706,1784980687.1184547,BSMC,circle,circle_dist_bsmc_30cm_yawfree_p01,1784980687.0770009,-0.9973822241641439,-0.221483796446558,-1.3853000229876942,0.004794725279241137,0.06407029645814948,1784980687.0772455,-0.9930820106770538,-0.2533370574190785,-1.3779247129613936,0.04120922088623047,0,1,1784980685.8737292,-0.9951127389755929,-0.12870652989916076,-1.515472722699868,1784980685.873765,-0.006350209395935843,0.012172975805161213,-0.019386222578994028,-0.122708856516105,0.02189586216218545,-0.13754800973847447,1784980687.1137562,0.0,0.0,1784980687.0828655,17204.662109375,nan,nan,51.041297912597656,nan
34.683419942855835,1784980687.1582048,BSMC,circle,circle_dist_bsmc_30cm_yawfree_p01,1784980687.1262121,-0.9966158188881276,-0.22688624554395645,-1.3813375783870296,0.005778244620736299,0.06301760573142932,1784980687.0772455,-0.9930820106770538,-0.2533370574190785,-1.3779247129613936,0.08095932006835938,0,1,1784980685.8737292,-0.9951127389755929,-0.12870652989916076,-1.515472722699868,1784980685.873765,-0.006350209395935843,0.012172975805161213,-0.019386222578994028,-0.122708856516105,0.02189586216218545,-0.13754800973847447,1784980687.1536603,0.0,0.0,1784980687.1316195,17204.7109375,nan,nan,48.865821838378906,nan
34.72375297546387,1784980687.1985378,BSMC,circle,circle_dist_bsmc_30cm_yawfree_p01,1784980687.1756942,-0.9966060224079094,-0.22692472708206782,-1.3792122752646323,0.004034910855925817,0.05983950794427482,1784980687.1965206,-0.9930683783168262,-0.25333279901398004,-1.3780388822330096,0.0020172595977783203,0,1,1784980685.8737292,-0.9951127389755929,-0.12870652989916076,-1.515472722699868,1784980685.873765,-0.006350209395935843,0.012172975805161213,-0.019386222578994028,-0.12270978750935868,0.02186765678783427,-0.13743384046685847,1784980687.1937165,0.0,0.0,1784980687.1818364,17204.759765625,nan,nan,50.16789245605469,nan
34.76333570480347,1784980687.2381206,BSMC,circle,circle_dist_bsmc_30cm_yawfree_p01,1784980687.225561,-0.9959502245770598,-0.23152575699519534,-1.3770785084991752,0.0052105084822034525,0.05693993543637299,1784980687.1965206,-0.9930683783168262,-0.25333279901398004,-1.3780388822330096,0.04159998893737793,0,1,1784980685.8737292,-0.9951127389755929,-0.12870652989916076,-1.515472722699868,1784980685.873765,-0.006350209395935843,0.012172975805161213,-0.019386222578994028,-0.12270978750935868,0.02186765678783427,-0.13743384046685847,1784980687.233648,0.0,0.0,1784980687.2337503,17204.8125,nan,nan,51.667415618896484,nan
34.80340003967285,1784980687.278185,BSMC,circle,circle_dist_bsmc_30cm_yawfree_p01,1784980687.2753446,-0.9959413317500613,-0.23156271054259872,-1.3751278591499745,0.003620810367032176,0.05407440561464728,1784980687.1965206,-0.9930683783168262,-0.25333279901398004,-1.3780388822330096,0.0816643238067627,0,1,1784980685.8737292,-0.9951127389755929,-0.12870652989916076,-1.515472722699868,1784980685.873765,-0.006350209395935843,0.012172975805161213,-0.019386222578994028,-0.12270978750935868,0.02186765678783427,-0.13743384046685847,1784980687.2744014,0.0,0.0,1784980687.2337503,17204.8125,nan,nan,51.667415618896484,nan
34.843472957611084,1784980687.3182578,BSMC,circle,circle_dist_bsmc_30cm_yawfree_p01,1784980687.2753446,-0.9959413317500613,-0.23156271054259872,-1.3751278591499745,0.003620810367032176,0.05407440561464728,1784980687.2815096,-0.9930596664612392,-0.25334195461124187,-1.3780019873000549,0.03674817085266113,0,1,1784980685.8737292,-0.9951127389755929,-0.12870652989916076,-1.515472722699868,1784980685.873765,-0.006350209395935843,0.012172975805161213,-0.019386222578994028,-0.12271963579932298,0.021865387926848213,-0.13747073539981325,1784980687.3137953,0.0,0.0,1784980687.2822337,17204.861328125,nan,nan,48.83787155151367,nan
34.88397192955017,1784980687.3587568,BSMC,circle,circle_dist_bsmc_30cm_yawfree_p01,1784980687.3253908,-0.9954131593855092,-0.23527152215221908,-1.3739272859337688,0.004265206489926591,0.050560650256157524,1784980687.2815096,-0.9930596664612392,-0.25334195461124187,-1.3780019873000549,0.07724714279174805,0,1,1784980685.8737292,-0.9951127389755929,-0.12870652989916076,-1.515472722699868,1784980685.873765,-0.006350209395935843,0.012172975805161213,-0.019386222578994028,-0.12271963579932298,0.021865387926848213,-0.13747073539981325,1784980687.3536575,0.0,0.0,1784980687.332996,17204.91015625,nan,nan,49.8879280090332,nan
34.92366099357605,1784980687.3984458,BSMC,circle,circle_dist_bsmc_30cm_yawfree_p01,1784980687.3757288,-0.9954056910707899,-0.23530375947306986,-1.3721759252049317,0.002975641192905691,0.048014328124894236,1784980687.3941505,-0.9930062289162331,-0.2533260962728441,-1.3780581737671236,0.00429534912109375,0,1,1784980685.8737292,-0.9951127389755929,-0.12870652989916076,-1.515472722699868,1784980685.873765,-0.006350209395935843,0.012172975805161213,-0.019386222578994028,-0.12271553525286925,0.021803007026482593,-0.13741454893274452,1784980687.3939486,0.0,0.0,1784980687.3832595,17204.9609375,nan,nan,50.5219612121582,nan
34.96359920501709,1784980687.438384,BSMC,circle,circle_dist_bsmc_30cm_yawfree_p01,1784980687.4260073,-0.9949552195048863,-0.2384263042840801,-1.372042008137609,0.0036731016351577075,0.04371962567745294,1784980687.3941505,-0.9930062289162331,-0.2533260962728441,-1.3780581737671236,0.04423356056213379,0,1,1784980685.8737292,-0.9951127389755929,-0.12870652989916076,-1.515472722699868,1784980685.873765,-0.006350209395935843,0.012172975805161213,-0.019386222578994028,-0.12271553525286925,0.021803007026482593,-0.13741454893274452,1784980687.4341736,0.0,0.0,1784980687.4342697,17205.01171875,nan,nan,49.9046630859375,nan
35.00402235984802,1784980687.4788072,BSMC,circle,circle_dist_bsmc_30cm_yawfree_p01,1784980687.4754846,-0.9949494449247949,-0.23845188896858363,-1.3705508035271112,0.002558958994639537,0.04152332233820388,1784980687.3941505,-0.9930062289162331,-0.2533260962728441,-1.3780581737671236,0.0846567153930664,0,1,1784980685.8737292,-0.9951127389755929,-0.12870652989916076,-1.515472722699868,1784980685.873765,-0.006350209395935843,0.012172975805161213,-0.019386222578994028,-0.12271553525286925,0.021803007026482593,-0.13741454893274452,1784980687.4738896,0.0,0.0,1784980687.4342697,17205.01171875,nan,nan,49.9046630859375,nan
35.043259382247925,1784980687.5180442,BSMC,circle,circle_dist_bsmc_30cm_yawfree_p01,1784980687.4754846,-0.9949494449247949,-0.23845188896858363,-1.3705508035271112,0.002558958994639537,0.04152332233820388,1784980687.4830272,-0.9930038463438289,-0.2533310233990317,-1.377817184546585,0.03501701354980469,0,1,1784980685.8737292,-0.9951127389755929,-0.12870652989916076,-1.515472722699868,1784980685.873765,-0.006350209395935843,0.012172975805161213,-0.019386222578994028,-0.12271557000325176,0.021831186110898723,-0.13765553815328313,1784980687.513448,0.0,0.0,1784980687.4827995,17205.0625,nan,nan,50.103702545166016,nan
35.08351969718933,1784980687.5583045,BSMC,circle,circle_dist_bsmc_30cm_yawfree_p01,1784980687.525701,-0.9945862026963024,-0.2409869559213657,-1.3708164030542602,0.002981710379066908,0.03737495749405567,1784980687.4830272,-0.9930038463438289,-0.2533310233990317,-1.377817184546585,0.07527732849121094,0,1,1784980685.8737292,-0.9951127389755929,-0.12870652989916076,-1.515472722699868,1784980685.873765,-0.006350209395935843,0.012172975805161213,-0.019386222578994028,-0.12271557000325176,0.021831186110898723,-0.13765553815328313,1784980687.553707,0.0,0.0,1784980687.534633,17205.11328125,nan,nan,51.05022430419922,nan
35.12343072891235,1784980687.5982156,BSMC,circle,circle_dist_bsmc_30cm_yawfree_p01,1784980687.575836,-0.9945812952533142,-0.24100932607519215,-1.3695272097898077,0.0020765208046603636,0.035489869525073124,1784980687.5949183,-0.9930209288209542,-0.2533337426779785,-1.3774458048057536,0.0032973289489746094,0,1,1784980685.8737292,-0.9951127389755929,-0.12870652989916076,-1.515472722699868,1784980685.873765,-0.006350209395935843,0.012172975805161213,-0.019386222578994028,-0.12270684012355319,0.021894045346452333,-0.13802691789411448,1784980687.5935843,0.0,0.0,1784980687.5842535,17205.162109375,nan,nan,49.931175231933594,nan
35.16319561004639,1784980687.6379805,BSMC,circle,circle_dist_bsmc_30cm_yawfree_p01,1784980687.6253707,-0.9942809752184761,-0.24314030157259367,-1.3702968425917412,0.002541225845766646,0.03126068627389688,1784980687.5949183,-0.9930209288209542,-0.2533337426779785,-1.3774458048057536,0.04306221008300781,0,1,1784980685.8737292,-0.9951127389755929,-0.12870652989916076,-1.515472722699868,1784980685.873765,-0.006350209395935843,0.012172975805161213,-0.019386222578994028,-0.12270684012355319,0.021894045346452333,-0.13802691789411448,1784980687.6337714,0.0,0.0,1784980687.6338603,17205.212890625,nan,nan,50.02912521362305,nan
35.203694105148315,1784980687.678479,BSMC,circle,circle_dist_bsmc_30cm_yawfree_p01,1784980687.6752088,-0.9942769600394769,-0.24315907125033048,-1.3692232841947392,0.001771221850000841,0.029690230375977567,1784980687.6763418,-0.9930512207509581,-0.25335397770292384,-1.377162054018687,0.0021371841430664062,0,1,1784980685.8737292,-0.9951127389755929,-0.12870652989916076,-1.515472722699868,1784980685.873765,-0.006350209395935843,0.012172975805161213,-0.019386222578994028,-0.12271465062118042,0.021962482198148014,-0.13831066868118105,1784980687.6737044,0.0,0.0,1784980687.6338603,17205.212890625,nan,nan,50.02912521362305,nan
35.24364399909973,1784980687.7184289,BSMC,circle,circle_dist_bsmc_30cm_yawfree_p01,1784980687.6752088,-0.9942769600394769,-0.24315907125033048,-1.3692232841947392,0.001771221850000841,0.029690230375977567,1784980687.6763418,-0.9930512207509581,-0.25335397770292384,-1.377162054018687,0.04208707809448242,0,1,1784980685.8737292,-0.9951127389755929,-0.12870652989916076,-1.515472722699868,1784980685.873765,-0.006350209395935843,0.012172975805161213,-0.019386222578994028,-0.12271465062118042,0.021962482198148014,-0.13831066868118105,1784980687.713785,0.0,0.0,1784980687.6835084,17205.26171875,nan,nan,49.68302917480469,nan
35.28343844413757,1784980687.7582233,BSMC,circle,circle_dist_bsmc_30cm_yawfree_p01,1784980687.7257886,-0.9940421298286937,-0.24487869252160263,-1.3699857694817459,0.002006891360279873,0.026042557850649614,1784980687.6763418,-0.9930512207509581,-0.25335397770292384,-1.377162054018687,0.08188152313232422,0,1,1784980685.8737292,-0.9951127389755929,-0.12870652989916076,-1.515472722699868,1784980685.873765,-0.006350209395935843,0.012172975805161213,-0.019386222578994028,-0.12271465062118042,0.021962482198148014,-0.13831066868118105,1784980687.7539124,0.0,0.0,1784980687.7347343,17205.3125,nan,nan,50.199275970458984,nan
35.32343912124634,1784980687.798224,BSMC,circle,circle_dist_bsmc_30cm_yawfree_p01,1784980687.775836,-0.9940390530688853,-0.24489322075215308,-1.3690917199193793,0.0013986014197912347,0.024726068961434554,1784980687.796643,-0.9930467617835115,-0.253354559838488,-1.3770855115634484,0.001580953598022461,0,1,1784980685.8737292,-0.9951127389755929,-0.12870652989916076,-1.515472722699868,1784980685.873765,-0.006350209395935843,0.012172975805161213,-0.019386222578994028,-0.12271439880554481,0.021967611506654945,-0.13838721113641972,1784980687.7936513,0.0,0.0,1784980687.7849286,17205.36328125,nan,nan,50.11726379394531,nan
35.363178730010986,1784980687.8379636,BSMC,circle,circle_dist_bsmc_30cm_yawfree_p01,1784980687.8252485,-0.9938412862948776,-0.2463597314711495,-1.3702376558945184,0.0017307451206095515,0.021012530656082128,1784980687.796643,-0.9930467617835115,-0.253354559838488,-1.3770855115634484,0.0413205623626709,0,1,1784980685.8737292,-0.9951127389755929,-0.12870652989916076,-1.515472722699868,1784980685.873765,-0.006350209395935843,0.012172975805161213,-0.019386222578994028,-0.12271439880554481,0.021967611506654945,-0.13838721113641972,1784980687.8335707,0.0,0.0,1784980687.8346334,17205.4140625,nan,nan,50.808143615722656,nan
35.40360474586487,1784980687.8783896,BSMC,circle,circle_dist_bsmc_30cm_yawfree_p01,1784980687.8752608,-0.9938385243696558,-0.2463730752347012,-1.3695122751433402,0.001207539754353649,0.019955690602684237,1784980687.8746467,-0.9930410668323632,-0.25336443499852335,-1.3770817443579546,0.0037429332733154297,0,1,1784980685.8737292,-0.9951127389755929,-0.12870652989916076,-1.515472722699868,1784980685.873765,-0.006350209395935843,0.012172975805161213,-0.019386222578994028,-0.12272510281090641,0.02196438638530959,-0.1383909783419135,1784980687.8739212,0.0,0.0,1784980687.8346334,17205.4140625,nan,nan,50.808143615722656,nan
35.443230390548706,1784980687.9180152,BSMC,circle,circle_dist_bsmc_30cm_yawfree_p01,1784980687.8752608,-0.9938385243696558,-0.2463730752347012,-1.3695122751433402,0.001207539754353649,0.019955690602684237,1784980687.8746467,-0.9930410668323632,-0.25336443499852335,-1.3770817443579546,0.04336857795715332,0,1,1784980685.8737292,-0.9951127389755929,-0.12870652989916076,-1.515472722699868,1784980685.873765,-0.006350209395935843,0.012172975805161213,-0.019386222578994028,-0.12272510281090641,0.02196438638530959,-0.1383909783419135,1784980687.9140728,0.0,0.0,1784980687.8842587,17205.462890625,nan,nan,49.468910217285156,nan
35.48356485366821,1784980687.9583497,BSMC,circle,circle_dist_bsmc_30cm_yawfree_p01,1784980687.9262943,-0.993682139242867,-0.2475515718826536,-1.3705318840686296,0.0013665060050776301,0.016890528721445572,1784980687.8746467,-0.9930410668323632,-0.25336443499852335,-1.3770817443579546,0.08370304107666016,0,1,1784980685.8737292,-0.9951127389755929,-0.12870652989916076,-1.515472722699868,1784980685.873765,-0.006350209395935843,0.012172975805161213,-0.019386222578994028,-0.12272510281090641,0.02196438638530959,-0.1383909783419135,1784980687.9537306,0.0,0.0,1784980687.9363163,17205.513671875,nan,nan,50.31349563598633,nan
35.52341389656067,1784980687.9981987,BSMC,circle,circle_dist_bsmc_30cm_yawfree_p01,1784980687.9754858,-0.9936802789715277,-0.24756060483425169,-1.3699668303107875,0.0009525012339614346,0.016035950643619606,1784980687.995546,-0.9930194532162269,-0.2533603084459249,-1.377135850558523,0.0026526451110839844,0,1,1784980685.8737292,-0.9951127389755929,-0.12870652989916076,-1.515472722699868,1784980685.873765,-0.006350209395935843,0.012172975805161213,-0.019386222578994028,-0.12272640121703123,0.021935742421271224,-0.13833687214134516,1784980687.9938865,0.0,0.0,1784980687.9856687,17205.564453125,nan,nan,50.49123001098633,nan
35.56378388404846,1784980688.0385687,BSMC,circle,circle_dist_bsmc_30cm_yawfree_p01,1784980688.0258539,-0.9935466698097514,-0.24856532889104987,-1.3711657965624349,0.0011793410057866472,0.013049945306774061,1784980687.995546,-0.9930194532162269,-0.2533603084459249,-1.377135850558523,0.04302263259887695,0,1,1784980685.8737292,-0.9951127389755929,-0.12870652989916076,-1.515472722699868,1784980685.873765,-0.006350209395935843,0.012172975805161213,-0.019386222578994028,-0.12272640121703123,0.021935742421271224,-0.13833687214134516,1784980688.0338361,0.0,0.0,1784980688.0366035,17205.61328125,nan,nan,49.845970153808594,nan
35.6034209728241,1784980688.0782058,BSMC,circle,circle_dist_bsmc_30cm_yawfree_p01,1784980688.0754626,-0.9935449696328422,-0.24857372767763547,-1.3707232731163446,0.000822331870882436,0.012393383976862281,1784980688.07459,-0.9928631031966677,-0.2534647642491261,-1.3773279013025002,0.003615856170654297,0,1,1784980685.8737292,-0.9951127389755929,-0.12870652989916076,-1.515472722699868,1784980685.873765,-0.006350209395935843,0.012172975805161213,-0.019386222578994028,-0.12286317917333918,0.02177882234370466,-0.13814482139736795,1784980688.0740201,0.0,0.0,1784980688.0366035,17205.61328125,nan,nan,49.845970153808594,nan
35.64366698265076,1784980688.1184518,BSMC,circle,circle_dist_bsmc_30cm_yawfree_p01,1784980688.0754626,-0.9935449696328422,-0.24857372767763547,-1.3707232731163446,0.000822331870882436,0.012393383976862281,1784980688.07459,-0.9928631031966677,-0.2534647642491261,-1.3773279013025002,0.04386186599731445,0,1,1784980685.8737292,-0.9951127389755929,-0.12870652989916076,-1.515472722699868,1784980685.873765,-0.006350209395935843,0.012172975805161213,-0.019386222578994028,-0.12286317917333918,0.02177882234370466,-0.13814482139736795,1784980688.1139135,0.0,0.0,1784980688.0880048,17205.666015625,nan,nan,52.186283111572266,nan
35.68384265899658,1784980688.1586275,BSMC,circle,circle_dist_bsmc_30cm_yawfree_p01,1784980688.125659,-0.9934189715013996,-0.2493986305066964,-1.371806768793792,0.0009368828506757989,0.009957802468183365,1784980688.07459,-0.9928631031966677,-0.2534647642491261,-1.3773279013025002,0.08403754234313965,0,1,1784980685.8737292,-0.9951127389755929,-0.12870652989916076,-1.515472722699868,1784980685.873765,-0.006350209395935843,0.012172975805161213,-0.019386222578994028,-0.12286317917333918,0.02177882234370466,-0.13814482139736795,1784980688.1536908,0.0,0.0,1784980688.134969,17205.712890625,nan,nan,47.990116119384766,nan
35.723260164260864,1784980688.198045,BSMC,circle,circle_dist_bsmc_30cm_yawfree_p01,1784980688.1754937,-0.9934176069568279,-0.2494054131424625,-1.371467965880305,0.000654244196241718,0.009453887313508047,1784980688.1950734,-0.9928631031966677,-0.2534647642491261,-1.3773279013025002,0.002971649169921875,0,1,1784980685.8737292,-0.9951127389755929,-0.12870652989916076,-1.515472722699868,1784980685.873765,-0.006350209395935843,0.012172975805161213,-0.019386222578994028,-0.12286317917333918,0.02177882234370466,-0.13814482139736795,1784980688.1936462,0.0,0.0,1784980688.1854055,17205.763671875,nan,nan,50.13346481323242,nan
35.763426065444946,1784980688.238211,BSMC,circle,circle_dist_bsmc_30cm_yawfree_p01,1784980688.2259517,-0.9933114375831462,-0.25010939785412134,-1.3725634386505614,0.0008187241377410098,0.007211087878294585,1784980688.1950734,-0.9928631031966677,-0.2534647642491261,-1.3773279013025002,0.043137550354003906,0,1,1784980685.8737292,-0.9951127389755929,-0.12870652989916076,-1.515472722699868,1784980685.873765,-0.006350209395935843,0.012172975805161213,-0.019386222578994028,-0.12286317917333918,0.02177882234370466,-0.13814482139736795,1784980688.2333977,0.0,0.0,1784980688.235923,17205.814453125,nan,nan,50.21015548706055,nan
35.80367374420166,1784980688.2784586,BSMC,circle,circle_dist_bsmc_30cm_yawfree_p01,1784980688.275547,-0.9933102618912728,-0.25011530766372747,-1.372318146084184,0.0005709919865714696,0.006848320808796994,1784980688.1950734,-0.9928631031966677,-0.2534647642491261,-1.3773279013025002,0.08338522911071777,0,1,1784980685.8737292,-0.9951127389755929,-0.12870652989916076,-1.515472722699868,1784980685.873765,-0.006350209395935843,0.012172975805161213,-0.019386222578994028,-0.12286317917333918,0.02177882234370466,-0.13814482139736795,1784980688.2735932,0.0,0.0,1784980688.235923,17205.814453125,nan,nan,50.21015548706055,nan
35.84388852119446,1784980688.3186734,BSMC,circle,circle_dist_bsmc_30cm_yawfree_p01,1784980688.275547,-0.9933102618912728,-0.25011530766372747,-1.372318146084184,0.0005709919865714696,0.006848320808796994,1784980688.2855844,-0.9928631031966677,-0.2534647642491261,-1.3773279013025002,0.03308892250061035,0,1,1784980685.8737292,-0.9951127389755929,-0.12870652989916076,-1.515472722699868,1784980685.873765,-0.006350209395935843,0.012172975805161213,-0.019386222578994028,-0.12286317917333918,0.02177882234370466,-0.13814482139736795,1784980688.313592,0.0,0.0,1784980688.287612,17205.865234375,nan,nan,50.34153747558594,nan
35.88380765914917,1784980688.3585925,BSMC,circle,circle_dist_bsmc_30cm_yawfree_p01,1784980688.3258486,-0.9932253844656319,-0.2506872227337729,-1.373261118751013,0.0006713304615190099,0.0050679919856342105,1784980688.2855844,-0.9928631031966677,-0.2534647642491261,-1.3773279013025002,0.07300806045532227,0,1,1784980685.8737292,-0.9951127389755929,-0.12870652989916076,-1.515472722699868,1784980685.873765,-0.006350209395935843,0.012172975805161213,-0.019386222578994028,-0.12286317917333918,0.02177882234370466,-0.13814482139736795,1784980688.3536606,0.0,0.0,1784980688.336459,17205.9140625,nan,nan,50.041259765625,nan
35.92341947555542,1784980688.3982043,BSMC,circle,circle_dist_bsmc_30cm_yawfree_p01,1784980688.376176,-0.9932243320056565,-0.25069253335870373,-1.3730858084066242,0.00046793040590899747,0.004812508981328913,1784980688.2855844,-0.9928631031966677,-0.2534647642491261,-1.3773279013025002,0.11261987686157227,0,1,1784980685.8737292,-0.9951127389755929,-0.12870652989916076,-1.515472722699868,1784980685.873765,-0.006350209395935843,0.012172975805161213,-0.019386222578994028,-0.12286317917333918,0.02177882234370466,-0.13814482139736795,1784980688.394083,0.0,0.0,1784980688.3870578,17205.96484375,nan,nan,50.20539093017578,nan
35.963659048080444,1784980688.438444,BSMC,circle,circle_dist_bsmc_30cm_yawfree_p01,1784980688.4253807,-0.9931539194301903,-0.2511731417773403,-1.3739446832029012,0.0005789485172467939,0.003298040370705308,1784980688.3991108,-0.9928611731516714,-0.25346431959469623,-1.3773054171198658,0.03933310508728027,0,1,1784980685.8737292,-0.9951127389755929,-0.12870652989916076,-1.515472722699868,1784980685.873765,-0.006350209395935843,0.012172975805161213,-0.019386222578994028,-0.12286262422684174,0.02177960528725871,-0.13816730558000234,1784980688.4335463,0.0,0.0,1784980688.4370446,17206.015625,nan,nan,50.80120086669922,nan
36.0032422542572,1784980688.478027,BSMC,circle,circle_dist_bsmc_30cm_yawfree_p01,1784980688.4756484,-0.9931529894894249,-0.25117786048038737,-1.3738297631295262,0.000403131316649878,0.003132531178586896,1784980688.4748087,-0.9928615448724866,-0.2534643767261099,-1.377308430643294,0.003218412399291992,0,1,1784980685.8737292,-0.9951127389755929,-0.12870652989916076,-1.515472722699868,1784980685.873765,-0.006350209395935843,0.012172975805161213,-0.019386222578994028,-0.12286267444940557,0.021779610807490184,-0.1381642920565742,1784980688.4743795,0.0,0.0,1784980688.4370446,17206.015625,nan,nan,50.80120086669922,nan
36.04377460479736,1784980688.5185595,BSMC,circle,circle_dist_bsmc_30cm_yawfree_p01,1784980688.4756484,-0.9931529894894249,-0.25117786048038737,-1.3738297631295262,0.000403131316649878,0.003132531178586896,1784980688.4748087,-0.9928615448724866,-0.2534643767261099,-1.377308430643294,0.043750762939453125,0,1,1784980685.8737292,-0.9951127389755929,-0.12870652989916076,-1.515472722699868,1784980685.873765,-0.006350209395935843,0.012172975805161213,-0.019386222578994028,-0.12286267444940557,0.021779610807490184,-0.1381642920565742,1784980688.514164,0.0,0.0,1784980688.4875362,17206.06640625,nan,nan,50.00785446166992,nan
36.08323669433594,1784980688.5580215,BSMC,circle,circle_dist_bsmc_30cm_yawfree_p01,1784980688.5259118,-0.9930978018579397,-0.25156193940120813,-1.3745188563064172,0.0004509999159122849,0.0020234623849833596,1784980688.4748087,-0.9928615448724866,-0.2534643767261099,-1.377308430643294,0.08321285247802734,0,1,1784980685.8737292,-0.9951127389755929,-0.12870652989916076,-1.515472722699868,1784980685.873765,-0.006350209395935843,0.012172975805161213,-0.019386222578994028,-0.12286267444940557,0.021779610807490184,-0.1381642920565742,1784980688.5539272,0.0,0.0,1784980688.540336,17206.119140625,nan,nan,52.91328811645508,nan
36.12356114387512,1784980688.598346,BSMC,circle,circle_dist_bsmc_30cm_yawfree_p01,1784980688.5758688,-0.9930971279836791,-0.2515653643845993,-1.3744494743104196,0.0003126775396127886,0.0019206478161061902,1784980688.5952845,-0.9928615448724866,-0.2534643767261099,-1.377308430643294,0.003061532974243164,0,1,1784980685.8737292,-0.9951127389755929,-0.12870652989916076,-1.515472722699868,1784980685.873765,-0.006350209395935843,0.012172975805161213,-0.019386222578994028,-0.12286267444940557,0.021779610807490184,-0.1381642920565742,1784980688.5935388,0.0,0.0,1784980688.5871294,17206.166015625,nan,nan,47.157840728759766,nan
36.163409948349,1784980688.6381948,BSMC,circle,circle_dist_bsmc_30cm_yawfree_p01,1784980688.6255865,-0.9930508383627493,-0.2518934058417083,-1.3750677617703357,0.00038659382668255625,0.0009761457925396814,1784980688.5952845,-0.9928615448724866,-0.2534643767261099,-1.377308430643294,0.04291033744812012,0,1,1784980685.8737292,-0.9951127389755929,-0.12870652989916076,-1.515472722699868,1784980685.873765,-0.006350209395935843,0.012172975805161213,-0.019386222578994028,-0.12286267444940557,0.021779610807490184,-0.1381642920565742,1784980688.6336339,0.0,0.0,1784980688.5871294,17206.166015625,nan,nan,47.157840728759766,nan
36.203315019607544,1784980688.6780999,BSMC,circle,circle_dist_bsmc_30cm_yawfree_p01,1784980688.675514,-0.9930502377662046,-0.2518964680573585,-1.3750341631322414,0.0002688512029395999,0.0009268825375461518,1784980688.6757464,-0.9928527531993225,-0.2534628731195438,-1.3773013424973262,0.0023534297943115234,0,1,1784980685.8737292,-0.9951127389755929,-0.12870652989916076,-1.515472722699868,1784980685.873765,-0.006350209395935843,0.012172975805161213,-0.019386222578994028,-0.12286273507201229,0.021771564942729343,-0.13817138020254194,1784980688.673634,0.0,0.0,1784980688.6388936,17206.216796875,nan,nan,52.049625396728516,nan
36.24342060089111,1784980688.7182055,BSMC,circle,circle_dist_bsmc_30cm_yawfree_p01,1784980688.675514,-0.9930502377662046,-0.2518964680573585,-1.3750341631322414,0.0002688512029395999,0.0009268825375461518,1784980688.6757464,-0.9928527531993225,-0.2534628731195438,-1.3773013424973262,0.04245901107788086,0,1,1784980685.8737292,-0.9951127389755929,-0.12870652989916076,-1.515472722699868,1784980685.873765,-0.006350209395935843,0.012172975805161213,-0.019386222578994028,-0.12286273507201229,0.021771564942729343,-0.13817138020254194,1784980688.7138774,0.0,0.0,1784980688.6877413,17206.265625,nan,nan,48.877113342285156,nan
36.28369140625,1784980688.7584763,BSMC,circle,circle_dist_bsmc_30cm_yawfree_p01,1784980688.725393,-0.9930126596180946,-0.25216006924034046,-1.3755256331084462,0.0003043333149462282,0.00025427605738192967,1784980688.6757464,-0.9928527531993225,-0.2534628731195438,-1.3773013424973262,0.08272981643676758,0,1,1784980685.8737292,-0.9951127389755929,-0.12870652989916076,-1.515472722699868,1784980685.873765,-0.006350209395935843,0.012172975805161213,-0.019386222578994028,-0.12286273507201229,0.021771564942729343,-0.13817138020254194,1784980688.754377,0.0,0.0,1784980688.7413223,17206.3203125,nan,nan,53.44361877441406,nan
36.3232946395874,1784980688.7980795,BSMC,circle,circle_dist_bsmc_30cm_yawfree_p01,1784980688.7756917,-0.9930121758974298,-0.252162536787189,-1.3755168431286275,0.00021078042603218036,0.00024131165040238169,1784980688.795822,-0.9928525087880701,-0.2534633914726966,-1.3773058139343164,0.0022575855255126953,0,1,1784980685.8737292,-0.9951127389755929,-0.12870652989916076,-1.515472722699868,1784980685.873765,-0.006350209395935843,0.012172975805161213,-0.019386222578994028,-0.12286338809787434,0.021770875390991512,-0.1381669087655517,1784980688.7933419,0.0,0.0,1784980688.7883813,17206.3671875,nan,nan,47.30059814453125,nan
36.36337637901306,1784980688.8381612,BSMC,circle,circle_dist_bsmc_30cm_yawfree_p01,1784980688.8257017,-0.9929806313027442,-0.2523877895143751,-1.3759350511945443,0.00026175418679780357,-0.00030023331670232437,1784980688.795822,-0.9928525087880701,-0.2534633914726966,-1.3773058139343164,0.042339324951171875,0,1,1784980685.8737292,-0.9951127389755929,-0.12870652989916076,-1.515472722699868,1784980685.873765,-0.006350209395935843,0.012172975805161213,-0.019386222578994028,-0.12286338809787434,0.021770875390991512,-0.1381669087655517,1784980688.8340225,0.0,0.0,1784980688.7883813,17206.3671875,nan,nan,47.30059814453125,nan
36.40343475341797,1784980688.8782196,BSMC,circle,circle_dist_bsmc_30cm_yawfree_p01,1784980688.8755038,-0.992980199362898,-0.25238999642810384,-1.3759453421082504,0.00018043419844182345,-0.0002849141608478235,1784980688.795822,-0.9928525087880701,-0.2534633914726966,-1.3773058139343164,0.0823976993560791,0,1,1784980685.8737292,-0.9951127389755929,-0.12870652989916076,-1.515472722699868,1784980685.873765,-0.006350209395935843,0.012172975805161213,-0.019386222578994028,-0.12286338809787434,0.021770875390991512,-0.1381669087655517,1784980688.8739629,0.0,0.0,1784980688.8456624,17206.423828125,nan,nan,57.29157257080078,nan
36.443641662597656,1784980688.9184265,BSMC,circle,circle_dist_bsmc_30cm_yawfree_p01,1784980688.8755038,-0.992980199362898,-0.25238999642810384,-1.3759453421082504,0.00018043419844182345,-0.0002849141608478235,1784980688.8795,-0.9928527384743887,-0.2534634014407528,-1.3773048832382861,0.03892660140991211,0,1,1784980685.8737292,-0.9951127389755929,-0.12870652989916076,-1.515472722699868,1784980685.873765,-0.006350209395935843,0.012172975805161213,-0.019386222578994028,-0.12286333345225108,0.021771217056281073,-0.13816783946158195,1784980688.9137723,0.0,0.0,1784980688.8907993,17206.46875,nan,nan,44.97518539428711,nan
36.4832706451416,1784980688.9580555,BSMC,circle,circle_dist_bsmc_30cm_yawfree_p01,1784980688.9259987,-0.9929553268958694,-0.252571735770804,-1.3762719587875878,0.00020774054958892356,-0.0006513077689338544,1784980688.8795,-0.9928527384743887,-0.2534634014407528,-1.3773048832382861,0.07855558395385742,0,1,1784980685.8737292,-0.9951127389755929,-0.12870652989916076,-1.515472722699868,1784980685.873765,-0.006350209395935843,0.012172975805161213,-0.019386222578994028,-0.12286333345225108,0.021771217056281073,-0.13816783946158195,1784980688.9533892,0.0,0.0,1784980688.9466658,17206.525390625,nan,nan,56.02355194091797,nan
36.523369550704956,1784980688.9981544,BSMC,circle,circle_dist_bsmc_30cm_yawfree_p01,1784980688.9753153,-0.992954997883362,-0.252573418134714,-1.3762938912593943,0.00014351620844830584,-0.0006179407797693362,1784980688.8795,-0.9928527384743887,-0.2534634014407528,-1.3773048832382861,0.11865448951721191,0,1,1784980685.8737292,-0.9951127389755929,-0.12870652989916076,-1.515472722699868,1784980685.873765,-0.006350209395935843,0.012172975805161213,-0.019386222578994028,-0.12286333345225108,0.021771217056281073,-0.13816783946158195,1784980688.993783,0.0,0.0,1784980688.9941833,17206.572265625,nan,nan,47.12336349487305,nan
36.56331396102905,1784980689.0380988,BSMC,circle,circle_dist_bsmc_30cm_yawfree_p01,1784980689.0253496,-0.9929390701778036,-0.25272833334169476,-1.3765186683140276,0.00017777371640527245,-0.000839610130766693,1784980688.9982135,-0.9928880583671503,-0.25346828176061575,-1.3771581397972332,0.03988528251647949,0,1,1784980685.8737292,-0.9951127389755929,-0.12870652989916076,-1.515472722699868,1784980685.873765,-0.006350209395935843,0.012172975805161213,-0.019386222578994028,-0.12285812983648042,0.021824845118153087,-0.13831458290263487,1784980689.0334914,0.0,0.0,1784980688.9941833,17206.572265625,nan,nan,47.12336349487305,nan
36.60347080230713,1784980689.0782557,BSMC,circle,circle_dist_bsmc_30cm_yawfree_p01,1784980689.0758266,-0.9929387406996337,-0.25273001684075175,-1.3765480993113868,0.00012532528569729042,-0.0007975806621639993,1784980689.0774748,-0.992862241677511,-0.253472632055891,-1.3769609029221304,0.0007808208465576172,0,1,1784980685.8737292,-0.9951127389755929,-0.12870652989916076,-1.515472722699868,1784980685.873765,-0.006350209395935843,0.012172975805161213,-0.019386222578994028,-0.12286306451975841,0.021824581606207254,-0.13851181977773774,1784980689.0737426,0.0,0.0,1784980689.038444,17206.6171875,nan,nan,44.57973861694336,nan
36.643242835998535,1784980689.1180277,BSMC,circle,circle_dist_bsmc_30cm_yawfree_p01,1784980689.0758266,-0.9929387406996337,-0.25273001684075175,-1.3765480993113868,0.00012532528569729042,-0.0007975806621639993,1784980689.0774748,-0.992862241677511,-0.253472632055891,-1.3769609029221304,0.04055285453796387,0,1,1784980685.8737292,-0.9951127389755929,-0.12870652989916076,-1.515472722699868,1784980685.873765,-0.006350209395935843,0.012172975805161213,-0.019386222578994028,-0.12286306451975841,0.021824581606207254,-0.13851181977773774,1784980689.1144557,0.0,0.0,1784980689.09676,17206.67578125,nan,nan,58.03913497924805,nan
36.6837055683136,1784980689.1584904,BSMC,circle,circle_dist_bsmc_30cm_yawfree_p01,1784980689.1256151,-0.9929231703139841,-0.25285506228803006,-1.3766719349817715,0.0001403357120056472,-0.0008723298869474358,1784980689.0774748,-0.992862241677511,-0.253472632055891,-1.3769609029221304,0.08101558685302734,0,1,1784980685.8737292,-0.9951127389755929,-0.12870652989916076,-1.515472722699868,1784980685.873765,-0.006350209395935843,0.012172975805161213,-0.019386222578994028,-0.12286306451975841,0.021824581606207254,-0.13851181977773774,1784980689.1543715,0.0,0.0,1784980689.1384804,17206.716796875,nan,nan,42.053916931152344,nan
36.72318696975708,1784980689.1979718,BSMC,circle,circle_dist_bsmc_30cm_yawfree_p01,1784980689.175941,-0.9929229272215404,-0.2528563037905853,-1.3767022183091104,9.883801293077664e-05,-0.0008284028232384114,1784980689.1969337,-0.9928509922576595,-0.25347082192915843,-1.3770129576685775,0.0010380744934082031,0,1,1784980685.8737292,-0.9951127389755929,-0.12870652989916076,-1.515472722699868,1784980685.873765,-0.006350209395935843,0.012172975805161213,-0.019386222578994028,-0.12286459051282976,0.021806798528836994,-0.13845976503129062,1784980689.193897,0.0,0.0,1784980689.1892931,17206.767578125,nan,nan,50.480064392089844,nan
36.76333689689636,1784980689.2381217,BSMC,circle,circle_dist_bsmc_30cm_yawfree_p01,1784980689.225912,-0.9929085310222237,-0.25296262185723584,-1.3768019276869659,0.00012282041505777577,-0.0008749865016554259,1784980689.1969337,-0.9928509922576595,-0.25347082192915843,-1.3770129576685775,0.04118800163269043,0,1,1784980685.8737292,-0.9951127389755929,-0.12870652989916076,-1.515472722699868,1784980685.873765,-0.006350209395935843,0.012172975805161213,-0.019386222578994028,-0.12286459051282976,0.021806798528836994,-0.13845976503129062,1784980689.2336395,0.0,0.0,1784980689.1892931,17206.767578125,nan,nan,50.480064392089844,nan
36.80336403846741,1784980689.278149,BSMC,circle,circle_dist_bsmc_30cm_yawfree_p01,1784980689.276179,-0.9929083206718711,-0.25296369609700325,-1.3768323883254359,8.59332836010502e-05,-0.0008311219479732656,1784980689.1969337,-0.9928509922576595,-0.25347082192915843,-1.3770129576685775,0.08121514320373535,0,1,1784980685.8737292,-0.9951127389755929,-0.12870652989916076,-1.515472722699868,1784980685.873765,-0.006350209395935843,0.012172975805161213,-0.019386222578994028,-0.12286459051282976,0.021806798528836994,-0.13845976503129062,1784980689.2738738,0.0,0.0,1784980689.238765,17206.818359375,nan,nan,49.93418884277344,nan
36.843361139297485,1784980689.318146,BSMC,circle,circle_dist_bsmc_30cm_yawfree_p01,1784980689.276179,-0.9929083206718711,-0.25296369609700325,-1.3768323883254359,8.59332836010502e-05,-0.0008311219479732656,1784980689.2837205,-0.9928492428879634,-0.25346311443820724,-1.3769424550402143,0.03442549705505371,0,1,1784980685.8737292,-0.9951127389755929,-0.12870652989916076,-1.515472722699868,1784980685.873765,-0.006350209395935843,0.012172975805161213,-0.019386222578994028,-0.12285582665018295,0.021812259362275176,-0.13853026765965384,1784980689.3139062,0.0,0.0,1784980689.290187,17206.869140625,nan,nan,51.06623840332031,nan
36.88327479362488,1784980689.3580596,BSMC,circle,circle_dist_bsmc_30cm_yawfree_p01,1784980689.3255675,-0.9928967835072249,-0.2530483971929106,-1.3768860658029205,9.896295204720349e-05,-0.0008202092740224583,1784980689.2837205,-0.9928492428879634,-0.25346311443820724,-1.3769424550402143,0.07433915138244629,0,1,1784980685.8737292,-0.9951127389755929,-0.12870652989916076,-1.515472722699868,1784980685.873765,-0.006350209395935843,0.012172975805161213,-0.019386222578994028,-0.12285582665018295,0.021812259362275176,-0.13853026765965384,1784980689.3538582,0.0,0.0,1784980689.3390415,17206.91796875,nan,nan,49.119632720947266,nan
36.92317581176758,1784980689.3979607,BSMC,circle,circle_dist_bsmc_30cm_yawfree_p01,1784980689.375852,-0.9928966165546177,-0.2530492495064926,-1.376914576648405,6.908917791033021e-05,-0.0007789129554742606,1784980689.3965006,-0.9928492428879634,-0.25346311443820724,-1.3769424550402143,0.0014600753784179688,0,1,1784980685.8737292,-0.9951127389755929,-0.12870652989916076,-1.515472722699868,1784980685.873765,-0.006350209395935843,0.012172975805161213,-0.019386222578994028,-0.12285582665018295,0.021812259362275176,-0.13853026765965384,1784980689.3937774,0.0,0.0,1784980689.391608,17206.96875,nan,nan,50.349769592285156,nan
36.96328163146973,1784980689.4380665,BSMC,circle,circle_dist_bsmc_30cm_yawfree_p01,1784980689.4254944,-0.9928871043276981,-0.253120629373852,-1.3769452978861403,8.400254056550394e-05,-0.0007447457545812081,1784980689.3965006,-0.9928492428879634,-0.25346311443820724,-1.3769424550402143,0.041565895080566406,0,1,1784980685.8737292,-0.9951127389755929,-0.12870652989916076,-1.515472722699868,1784980685.873765,-0.006350209395935843,0.012172975805161213,-0.019386222578994028,-0.12285582665018295,0.021812259362275176,-0.13853026765965384,1784980689.433424,0.0,0.0,1784980689.391608,17206.96875,nan,nan,50.349769592285156,nan
37.00336933135986,1784980689.4781542,BSMC,circle,circle_dist_bsmc_30cm_yawfree_p01,1784980689.4754488,-0.9928869588058021,-0.253121371997466,-1.3769710708423732,5.842657438526735e-05,-0.000707201105723398,1784980689.3965006,-0.9928492428879634,-0.25346311443820724,-1.3769424550402143,0.08165359497070312,0,1,1784980685.8737292,-0.9951127389755929,-0.12870652989916076,-1.515472722699868,1784980685.873765,-0.006350209395935843,0.012172975805161213,-0.019386222578994028,-0.12285582665018295,0.021812259362275176,-0.13853026765965384,1784980689.473802,0.0,0.0,1784980689.4418657,17207.021484375,nan,nan,52.43062210083008,nan
37.04376673698425,1784980689.5185516,BSMC,circle,circle_dist_bsmc_30cm_yawfree_p01,1784980689.4754488,-0.9928869588058021,-0.253121371997466,-1.3769710708423732,5.842657438526735e-05,-0.000707201105723398,1784980689.4789586,-0.9928545365612567,-0.2534641043259966,-1.3769557451770973,0.03959298133850098,0,1,1784980685.8737292,-0.9951127389755929,-0.12870652989916076,-1.515472722699868,1784980685.873765,-0.006350209395935843,0.012172975805161213,-0.019386222578994028,-0.12285606816130397,0.0218160118022664,-0.1385169775227708,1784980689.513954,0.0,0.0,1784980689.490004,17207.068359375,nan,nan,47.903778076171875,nan
37.083484172821045,1784980689.558269,BSMC,circle,circle_dist_bsmc_30cm_yawfree_p01,1784980689.5255203,-0.9928801656321883,-0.2531790566910674,-1.3769925294595098,6.646342239754986e-05,-0.0006680264958082834,1784980689.4789586,-0.9928545365612567,-0.2534641043259966,-1.3769557451770973,0.07931041717529297,0,1,1784980685.8737292,-0.9951127389755929,-0.12870652989916076,-1.515472722699868,1784980685.873765,-0.006350209395935843,0.012172975805161213,-0.019386222578994028,-0.12285606816130397,0.0218160118022664,-0.1385169775227708,1784980689.5539236,0.0,0.0,1784980689.5438008,17207.123046875,nan,nan,53.92351531982422,nan
37.1239812374115,1784980689.598766,BSMC,circle,circle_dist_bsmc_30cm_yawfree_p01,1784980689.5756166,-0.9928800534537752,-0.2531796291214627,-1.3770155914337123,4.6063005252794255e-05,-0.0006340465842557977,1784980689.4789586,-0.9928545365612567,-0.2534641043259966,-1.3769557451770973,0.11980748176574707,0,1,1784980685.8737292,-0.9951127389755929,-0.12870652989916076,-1.515472722699868,1784980685.873765,-0.006350209395935843,0.012172975805161213,-0.019386222578994028,-0.12285606816130397,0.0218160118022664,-0.1385169775227708,1784980689.593326,0.0,0.0,1784980689.5899928,17207.16796875,nan,nan,46.180328369140625,nan
37.1633882522583,1784980689.638173,BSMC,circle,circle_dist_bsmc_30cm_yawfree_p01,1784980689.6256626,-0.992874434306687,-0.2532288975871123,-1.3770206927144832,5.771177698837066e-05,-0.0005812145216751583,1784980689.5999508,-0.9928545365612567,-0.2534641043259966,-1.3769557451770973,0.038222312927246094,0,1,1784980685.8737292,-0.9951127389755929,-0.12870652989916076,-1.515472722699868,1784980685.873765,-0.006350209395935843,0.012172975805161213,-0.019386222578994028,-0.12285606816130397,0.0218160118022664,-0.1385169775227708,1784980689.6334143,0.0,0.0,1784980689.5899928,17207.16796875,nan,nan,46.180328369140625,nan
37.20306324958801,1784980689.677848,BSMC,circle,circle_dist_bsmc_30cm_yawfree_p01,1784980689.6752996,-0.9928743387134128,-0.2532293852485512,-1.3770406141937983,4.033967383991477e-05,-0.0005520600696437691,1784980689.6770792,-0.9928545365612567,-0.2534641043259966,-1.3769557451770973,0.0007688999176025391,0,1,1784980685.8737292,-0.9951127389755929,-0.12870652989916076,-1.515472722699868,1784980685.873765,-0.006350209395935843,0.012172975805161213,-0.019386222578994028,-0.12285606816130397,0.0218160118022664,-0.1385169775227708,1784980689.6741953,0.0,0.0,1784980689.6398656,17207.21875,nan,nan,50.12611770629883,nan
37.243239402770996,1784980689.7180243,BSMC,circle,circle_dist_bsmc_30cm_yawfree_p01,1784980689.6752996,-0.9928743387134128,-0.2532293852485512,-1.3770406141937983,4.033967383991477e-05,-0.0005520600696437691,1784980689.6770792,-0.9928545365612567,-0.2534641043259966,-1.3769557451770973,0.04094505310058594,0,1,1784980685.8737292,-0.9951127389755929,-0.12870652989916076,-1.515472722699868,1784980685.873765,-0.006350209395935843,0.012172975805161213,-0.019386222578994028,-0.12285606816130397,0.0218160118022664,-0.1385169775227708,1784980689.713933,0.0,0.0,1784980689.6919787,17207.271484375,nan,nan,51.9072380065918,nan
37.28363823890686,1784980689.758423,BSMC,circle,circle_dist_bsmc_30cm_yawfree_p01,1784980689.7258568,-0.9928700142457064,-0.25326876909364504,-1.377041046044548,4.524007285729831e-05,-0.0005016164496143984,1784980689.6770792,-0.9928545365612567,-0.2534641043259966,-1.3769557451770973,0.0813438892364502,0,1,1784980685.8737292,-0.9951127389755929,-0.12870652989916076,-1.515472722699868,1784980685.873765,-0.006350209395935843,0.012172975805161213,-0.019386222578994028,-0.12285606816130397,0.0218160118022664,-0.1385169775227708,1784980689.7541823,0.0,0.0,1784980689.7427516,17207.322265625,nan,nan,50.87858200073242,nan
37.32412886619568,1784980689.7989137,BSMC,circle,circle_dist_bsmc_30cm_yawfree_p01,1784980689.7754946,-0.9928699419744917,-0.2532691377572669,-1.3770581357104454,3.140429169439036e-05,-0.0004761185565506385,1784980689.6770792,-0.9928545365612567,-0.2534641043259966,-1.3769557451770973,0.12183451652526855,0,1,1784980685.8737292,-0.9951127389755929,-0.12870652989916076,-1.515472722699868,1784980685.873765,-0.006350209395935843,0.012172975805161213,-0.019386222578994028,-0.12285606816130397,0.0218160118022664,-0.1385169775227708,1784980689.7939234,0.0,0.0,1784980689.7950842,17207.373046875,nan,nan,52.33519744873047,nan
37.3636155128479,1784980689.8384004,BSMC,circle,circle_dist_bsmc_30cm_yawfree_p01,1784980689.8259666,-0.9928653900228651,-0.25330270991949067,-1.3770419433606855,3.8847051164370256e-05,-0.0004111283875916834,1784980689.7989419,-0.9928471915558614,-0.2534628263674887,-1.3769276408969495,0.039458513259887695,0,1,1784980685.8737292,-0.9951127389755929,-0.12870652989916076,-1.515472722699868,1784980685.873765,-0.006350209395935843,0.012172975805161213,-0.019386222578994028,-0.12285561603523382,0.021812010962026854,-0.13854508180291858,1784980689.833744,0.0,0.0,1784980689.7950842,17207.373046875,nan,nan,52.33519744873047,nan
37.40326523780823,1784980689.87805,BSMC,circle,circle_dist_bsmc_30cm_yawfree_p01,1784980689.8754663,-0.9928653224755527,-0.25330305432279193,-1.3770559756416545,2.706108170438311e-05,-0.00039034826325606896,1784980689.8757534,-0.992853817015317,-0.25346127295799226,-1.3768696714635524,0.0022966861724853516,0,1,1784980685.8737292,-0.9951127389755929,-0.12870652989916076,-1.515472722699868,1784980685.873765,-0.006350209395935843,0.012172975805161213,-0.019386222578994028,-0.12285155029296946,0.02182533469873211,-0.13860305123631567,1784980689.8741834,0.0,0.0,1784980689.8441737,17207.423828125,nan,nan,48.941688537597656,nan
37.44413352012634,1784980689.9189184,BSMC,circle,circle_dist_bsmc_30cm_yawfree_p01,1784980689.8754663,-0.9928653224755527,-0.25330305432279193,-1.3770559756416545,2.706108170438311e-05,-0.00039034826325606896,1784980689.8757534,-0.992853817015317,-0.25346127295799226,-1.3768696714635524,0.043164968490600586,0,1,1784980685.8737292,-0.9951127389755929,-0.12870652989916076,-1.515472722699868,1784980685.873765,-0.006350209395935843,0.012172975805161213,-0.019386222578994028,-0.12285155029296946,0.02182533469873211,-0.13860305123631567,1784980689.9135184,0.0,0.0,1784980689.891142,17207.470703125,nan,nan,46.90226364135742,nan
37.48324370384216,1784980689.9580286,BSMC,circle,circle_dist_bsmc_30cm_yawfree_p01,1784980689.9258335,-0.9928626494508591,-0.25332957778871606,-1.377027195962414,3.0306826555198283e-05,-0.0003201831085240702,1784980689.8757534,-0.992853817015317,-0.25346127295799226,-1.3768696714635524,0.0822751522064209,0,1,1784980685.8737292,-0.9951127389755929,-0.12870652989916076,-1.515472722699868,1784980685.873765,-0.006350209395935843,0.012172975805161213,-0.019386222578994028,-0.12285155029296946,0.02182533469873211,-0.13860305123631567,1784980689.9535043,0.0,0.0,1784980689.9477365,17207.52734375,nan,nan,56.80881118774414,nan
37.52357482910156,1784980689.9983597,BSMC,circle,circle_dist_bsmc_30cm_yawfree_p01,1784980689.9755576,-0.9928625974122873,-0.2533298430264946,-1.3770381182263354,2.0919213669694914e-05,-0.0003037848260309596,1784980689.996162,-0.992853817015317,-0.25346127295799226,-1.3768696714635524,0.002197742462158203,0,1,1784980685.8737292,-0.9951127389755929,-0.12870652989916076,-1.515472722699868,1784980685.873765,-0.006350209395935843,0.012172975805161213,-0.019386222578994028,-0.12285155029296946,0.02182533469873211,-0.13860305123631567,1784980689.993736,0.0,0.0,1784980689.9477365,17207.52734375,nan,nan,56.80881118774414,nan
37.56350231170654,1784980690.0382872,BSMC,circle,circle_dist_bsmc_30cm_yawfree_p01,1784980690.0253613,-0.992860154939617,-0.2533538336336383,-1.3770110236009547,3.671990399250497e-05,-0.00024982325767699843,1784980689.996162,-0.992853817015317,-0.25346127295799226,-1.3768696714635524,0.04212522506713867,0,1,1784980685.8737292,-0.9951127389755929,-0.12870652989916076,-1.515472722699868,1784980685.873765,-0.006350209395935843,0.012172975805161213,-0.019386222578994028,-0.12285155029296946,0.02182533469873211,-0.13860305123631567,1784980690.0334551,0.0,0.0,1784980689.9477365,17207.52734375,nan,nan,56.80881118774414,nan
37.603904485702515,1784980690.0786893,BSMC,circle,circle_dist_bsmc_30cm_yawfree_p01,1784980690.075687,-0.992860324827804,-0.25335296785137734,-1.377015944969184,1.687306835737821e-05,-0.0002244483974724424,1784980689.996162,-0.992853817015317,-0.25346127295799226,-1.3768696714635524,0.08252739906311035,0,1,1784980685.8737292,-0.9951127389755929,-0.12870652989916076,-1.515472722699868,1784980685.873765,-0.006350209395935843,0.012172975805161213,-0.019386222578994028,-0.12285155029296946,0.02182533469873211,-0.13860305123631567,1784980690.073722,0.0,0.0,1784980690.055789,17207.634765625,nan,nan,7.435726165771484,nan
37.64342379570007,1784980690.1182086,BSMC,circle,circle_dist_bsmc_30cm_yawfree_p01,1784980690.075687,-0.992860324827804,-0.25335296785137734,-1.377015944969184,1.687306835737821e-05,-0.0002244483974724424,1784980690.078285,-0.9928545409912441,-0.2534595712106218,-1.3770810729666247,0.039923667907714844,0,1,1784980685.8737292,-0.9951127389755929,-0.12870652989916076,-1.515472722699868,1784980685.873765,-0.006350209395935843,0.012172975805161213,-0.019386222578994028,-0.12285435216909858,0.02179974604684016,-0.13839164973324336,1784980690.1137652,0.0,0.0,1784980690.1000633,17207.6796875,nan,nan,43.986732482910156,nan
37.68349838256836,1784980690.1582832,BSMC,circle,circle_dist_bsmc_30cm_yawfree_p01,1784980690.1253622,-0.9928587586149695,-0.2533709875772071,-1.3770389262168097,1.935175632268553e-05,-0.00023130586406511203,1784980690.078285,-0.9928545409912441,-0.2534595712106218,-1.3770810729666247,0.07999825477600098,0,1,1784980685.8737292,-0.9951127389755929,-0.12870652989916076,-1.515472722699868,1784980685.873765,-0.006350209395935843,0.012172975805161213,-0.019386222578994028,-0.12285435216909858,0.02179974604684016,-0.13839164973324336,1784980690.1540227,0.0,0.0,1784980690.141713,17207.720703125,nan,nan,41.88933181762695,nan
37.72356462478638,1784980690.1983495,BSMC,circle,circle_dist_bsmc_30cm_yawfree_p01,1784980690.1756694,-0.9928587153011365,-0.2533712083817759,-1.3770469784318915,1.3902105753628334e-05,-0.0002197213547817943,1784980690.078285,-0.9928545409912441,-0.2534595712106218,-1.3770810729666247,0.12006449699401855,0,1,1784980685.8737292,-0.9951127389755929,-0.12870652989916076,-1.515472722699868,1784980685.873765,-0.006350209395935843,0.012172975805161213,-0.019386222578994028,-0.12285435216909858,0.02179974604684016,-0.13839164973324336,1784980690.1946788,0.0,0.0,1784980690.1943371,17207.771484375,nan,nan,50.80118942260742,nan
37.76377987861633,1784980690.2385647,BSMC,circle,circle_dist_bsmc_30cm_yawfree_p01,1784980690.2253203,-0.9928574746254731,-0.2533865091328915,-1.377061733563788,1.7229617725388894e-05,-0.00021770330454386628,1784980690.1997592,-0.9928545409912441,-0.2534595712106218,-1.3770810729666247,0.038805484771728516,0,1,1784980685.8737292,-0.9951127389755929,-0.12870652989916076,-1.515472722699868,1784980685.873765,-0.006350209395935843,0.012172975805161213,-0.019386222578994028,-0.12285435216909858,0.02179974604684016,-0.13839164973324336,1784980690.2336073,0.0,0.0,1784980690.1943371,17207.771484375,nan,nan,50.80118942260742,nan
37.80336308479309,1784980690.278148,BSMC,circle,circle_dist_bsmc_30cm_yawfree_p01,1784980690.2760518,-0.9928574379731968,-0.25338669602686015,-1.3770694493370115,1.2089862363620253e-05,-0.000206826275387038,1784980690.1997592,-0.9928545409912441,-0.2534595712106218,-1.3770810729666247,0.07838869094848633,0,1,1784980685.8737292,-0.9951127389755929,-0.12870652989916076,-1.515472722699868,1784980685.873765,-0.006350209395935843,0.012172975805161213,-0.019386222578994028,-0.12285435216909858,0.02179974604684016,-0.13839164973324336,1784980690.2739155,0.0,0.0,1784980690.2427232,17207.822265625,nan,nan,50.28986358642578,nan
37.84340715408325,1784980690.318192,BSMC,circle,circle_dist_bsmc_30cm_yawfree_p01,1784980690.2760518,-0.9928574379731968,-0.25338669602686015,-1.3770694493370115,1.2089862363620253e-05,-0.000206826275387038,1784980690.2853281,-0.9928542687577298,-0.2534595879629524,-1.3770795106318843,0.03286385536193848,0,1,1784980685.8737292,-0.9951127389755929,-0.12870652989916076,-1.515472722699868,1784980685.873765,-0.006350209395935843,0.012172975805161213,-0.019386222578994028,-0.12285438695643107,0.021799674069862846,-0.13839321206798383,1784980690.3140047,0.0,0.0,1784980690.2933638,17207.87109375,nan,nan,50.09193801879883,nan
37.88318681716919,1784980690.3579717,BSMC,circle,circle_dist_bsmc_30cm_yawfree_p01,1784980690.3257425,-0.992856477950191,-0.2533990304075641,-1.37707876202496,1.3946065070166837e-05,-0.00019914030675671486,1784980690.2853281,-0.9928542687577298,-0.2534595879629524,-1.3770795106318843,0.07264351844787598,0,1,1784980685.8737292,-0.9951127389755929,-0.12870652989916076,-1.515472722699868,1784980685.873765,-0.006350209395935843,0.012172975805161213,-0.019386222578994028,-0.12285438695643107,0.021799674069862846,-0.13839321206798383,1784980690.3533762,0.0,0.0,1784980690.3431523,17207.921875,nan,nan,49.84771728515625,nan
37.923492670059204,1784980690.3982775,BSMC,circle,circle_dist_bsmc_30cm_yawfree_p01,1784980690.3756483,-0.9928564523234953,-0.25339916110003147,-1.3770856369427782,9.73565349243988e-06,-0.00018913293287215033,1784980690.3974075,-0.9928542687577298,-0.2534595879629524,-1.3770795106318843,0.0008699893951416016,0,1,1784980685.8737292,-0.9951127389755929,-0.12870652989916076,-1.515472722699868,1784980685.873765,-0.006350209395935843,0.012172975805161213,-0.019386222578994028,-0.12285438695643107,0.021799674069862846,-0.13839321206798383,1784980690.3937576,0.0,0.0,1784980690.3933032,17207.97265625,nan,nan,50.13798522949219,nan
37.963698387145996,1784980690.4384832,BSMC,circle,circle_dist_bsmc_30cm_yawfree_p01,1784980690.425936,-0.9928557033487626,-0.25340953950866496,-1.3770901551936026,1.1900758035712244e-05,-0.00017707255578042314,1784980690.3974075,-0.9928542687577298,-0.2534595879629524,-1.3770795106318843,0.041075706481933594,0,1,1784980685.8737292,-0.9951127389755929,-0.12870652989916076,-1.515472722699868,1784980685.873765,-0.006350209395935843,0.012172975805161213,-0.019386222578994028,-0.12285438695643107,0.021799674069862846,-0.13839321206798383,1784980690.4339378,0.0,0.0,1784980690.3933032,17207.97265625,nan,nan,50.13798522949219,nan
38.003342151641846,1784980690.478127,BSMC,circle,circle_dist_bsmc_30cm_yawfree_p01,1784980690.4757156,-0.9928556818662218,-0.25340964906563285,-1.3770962676519567,8.310689364344387e-06,-0.00016820490783290572,1784980690.3974075,-0.9928542687577298,-0.2534595879629524,-1.3770795106318843,0.0807194709777832,0,1,1784980685.8737292,-0.9951127389755929,-0.12870652989916076,-1.515472722699868,1784980685.873765,-0.006350209395935843,0.012172975805161213,-0.019386222578994028,-0.12285438695643107,0.021799674069862846,-0.13839321206798383,1784980690.4742157,0.0,0.0,1784980690.4425786,17208.021484375,nan,nan,49.716129302978516,nan
38.043400287628174,1784980690.5181851,BSMC,circle,circle_dist_bsmc_30cm_yawfree_p01,1784980690.4757156,-0.9928556818662218,-0.25340964906563285,-1.3770962676519567,8.310689364344387e-06,-0.00016820490783290572,1784980690.4781268,-0.9928542687577298,-0.2534595879629524,-1.3770795106318843,0.04005837440490723,0,1,1784980685.8737292,-0.9951127389755929,-0.12870652989916076,-1.515472722699868,1784980685.873765,-0.006350209395935843,0.012172975805161213,-0.019386222578994028,-0.12285438695643107,0.021799674069862846,-0.13839321206798383,1784980690.5140088,0.0,0.0,1784980690.4930634,17208.072265625,nan,nan,50.26005172729492,nan
38.08371949195862,1784980690.5585043,BSMC,circle,circle_dist_bsmc_30cm_yawfree_p01,1784980690.5256531,-0.9928551319271984,-0.253418000934381,-1.3770983925238398,9.381498249092633e-06,-0.00015534926581653154,1784980690.4781268,-0.9928542687577298,-0.2534595879629524,-1.3770795106318843,0.08037757873535156,0,1,1784980685.8737292,-0.9951127389755929,-0.12870652989916076,-1.515472722699868,1784980685.873765,-0.006350209395935843,0.012172975805161213,-0.019386222578994028,-0.12285438695643107,0.021799674069862846,-0.13839321206798383,1784980690.5537496,0.0,0.0,1784980690.544236,17208.123046875,nan,nan,51.020172119140625,nan
38.124178647994995,1784980690.5989635,BSMC,circle,circle_dist_bsmc_30cm_yawfree_p01,1784980690.5755308,-0.9928551157190623,-0.253418083592336,-1.3771037325435165,6.523700420723484e-06,-0.0001474809424662051,1784980690.4781268,-0.9928542687577298,-0.2534595879629524,-1.3770795106318843,0.12083673477172852,0,1,1784980685.8737292,-0.9951127389755929,-0.12870652989916076,-1.515472722699868,1784980685.873765,-0.006350209395935843,0.012172975805161213,-0.019386222578994028,-0.12285438695643107,0.021799674069862846,-0.13839321206798383,1784980690.5940804,0.0,0.0,1784980690.5938258,17208.171875,nan,nan,49.144500732421875,nan
38.16357684135437,1784980690.6383617,BSMC,circle,circle_dist_bsmc_30cm_yawfree_p01,1784980690.6256323,-0.9928546881694574,-0.2534252194137371,-1.377102597527805,8.096124166369384e-06,-0.00013230846899577967,1784980690.5978923,-0.9928542687577298,-0.2534595879629524,-1.3770795106318843,0.04046940803527832,0,1,1784980685.8737292,-0.9951127389755929,-0.12870652989916076,-1.515472722699868,1784980685.873765,-0.006350209395935843,0.012172975805161213,-0.019386222578994028,-0.12285438695643107,0.021799674069862846,-0.13839321206798383,1784980690.63365,0.0,0.0,1784980690.5938258,17208.171875,nan,nan,49.144500732421875,nan
38.203569173812866,1784980690.678354,BSMC,circle,circle_dist_bsmc_30cm_yawfree_p01,1784980690.6756063,-0.9928546734332294,-0.25342529455833024,-1.3771071828188464,5.6444440762472615e-06,-0.00012564768430591578,1784980690.5978923,-0.9928542687577298,-0.2534595879629524,-1.3770795106318843,0.08046174049377441,0,1,1784980685.8737292,-0.9951127389755929,-0.12870652989916076,-1.515472722699868,1784980685.873765,-0.006350209395935843,0.012172975805161213,-0.019386222578994028,-0.12285438695643107,0.021799674069862846,-0.13839321206798383,1784980690.674308,0.0,0.0,1784980690.6433537,17208.22265625,nan,nan,50.18449783325195,nan
38.24339413642883,1784980690.718179,BSMC,circle,circle_dist_bsmc_30cm_yawfree_p01,1784980690.6756063,-0.9928546734332294,-0.25342529455833024,-1.3771071828188464,5.6444440762472615e-06,-0.00012564768430591578,1784980690.6795743,-0.9928542687577298,-0.2534595879629524,-1.3770795106318843,0.038604736328125,0,1,1784980685.8737292,-0.9951127389755929,-0.12870652989916076,-1.515472722699868,1784980685.873765,-0.006350209395935843,0.012172975805161213,-0.019386222578994028,-0.12285438695643107,0.021799674069862846,-0.13839321206798383,1784980690.7134159,0.0,0.0,1784980690.6939433,17208.2734375,nan,nan,50.536285400390625,nan
38.28376889228821,1784980690.7585537,BSMC,circle,circle_dist_bsmc_30cm_yawfree_p01,1784980690.7260256,-0.9928543679730464,-0.253431046882774,-1.3771052625793418,6.427186600708882e-06,-0.0001117403684217511,1784980690.6795743,-0.9928542687577298,-0.2534595879629524,-1.3770795106318843,0.0789794921875,0,1,1784980685.8737292,-0.9951127389755929,-0.12870652989916076,-1.515472722699868,1784980685.873765,-0.006350209395935843,0.012172975805161213,-0.019386222578994028,-0.12285438695643107,0.021799674069862846,-0.13839321206798383,1784980690.75368,0.0,0.0,1784980690.7441638,17208.322265625,nan,nan,50.18587112426758,nan
38.32375478744507,1784980690.7985396,BSMC,circle,circle_dist_bsmc_30cm_yawfree_p01,1784980690.7755075,-0.9928543573026363,-0.25343110129333596,-1.3771090573538838,4.476167079588033e-06,-0.00010607455573187518,1784980690.6795743,-0.9928542687577298,-0.2534595879629524,-1.3770795106318843,0.11896538734436035,0,1,1784980685.8737292,-0.9951127389755929,-0.12870652989916076,-1.515472722699868,1784980685.873765,-0.006350209395935843,0.012172975805161213,-0.019386222578994028,-0.12285438695643107,0.021799674069862846,-0.13839321206798383,1784980690.79342,0.0,0.0,1784980690.7947986,17208.373046875,nan,nan,50.456939697265625,nan
38.36334180831909,1784980690.8381267,BSMC,circle,circle_dist_bsmc_30cm_yawfree_p01,1784980690.8256972,-0.9928543916832459,-0.2534360596987329,-1.3771050525623427,5.575924493769716e-06,-9.114974812204778e-05,1784980690.7999482,-0.9928562320610841,-0.25345995656787473,-1.3770784869104895,0.038178443908691406,0,1,1784980685.8737292,-0.9951127389755929,-0.12870652989916076,-1.515472722699868,1784980685.873765,-0.006350209395935843,0.012172975805161213,-0.019386222578994028,-0.12285434839723791,0.02180179737846193,-0.13839423578937862,1784980690.8338113,0.0,0.0,1784980690.7947986,17208.373046875,nan,nan,50.456939697265625,nan
38.403457164764404,1784980690.878242,BSMC,circle,circle_dist_bsmc_30cm_yawfree_p01,1784980690.875785,-0.9928543811659274,-0.25343611332314403,-1.3771082273076605,3.883957950241216e-06,-8.655278640146079e-05,1784980690.7999482,-0.9928562320610841,-0.25345995656787473,-1.3770784869104895,0.0782938003540039,0,1,1784980685.8737292,-0.9951127389755929,-0.12870652989916076,-1.515472722699868,1784980685.873765,-0.006350209395935843,0.012172975805161213,-0.019386222578994028,-0.12285434839723791,0.02180179737846193,-0.13839423578937862,1784980690.8734715,0.0,0.0,1784980690.8447602,17208.423828125,nan,nan,50.326820373535156,nan
38.44380450248718,1784980690.9185894,BSMC,circle,circle_dist_bsmc_30cm_yawfree_p01,1784980690.875785,-0.9928543811659274,-0.25343611332314403,-1.3771082273076605,3.883957950241216e-06,-8.655278640146079e-05,1784980690.8778017,-0.9928562320610841,-0.25345995656787473,-1.3770784869104895,0.040787696838378906,0,1,1784980685.8737292,-0.9951127389755929,-0.12870652989916076,-1.515472722699868,1784980685.873765,-0.006350209395935843,0.012172975805161213,-0.019386222578994028,-0.12285434839723791,0.02180179737846193,-0.13839423578937862,1784980690.9141798,0.0,0.0,1784980690.895075,17208.474609375,nan,nan,50.03482437133789,nan
38.48351001739502,1784980690.9582949,BSMC,circle,circle_dist_bsmc_30cm_yawfree_p01,1784980690.9258027,-0.9928544493255438,-0.25344008612028207,-1.3771044592455632,4.3756551930244054e-06,-7.410370196912059e-05,1784980690.8778017,-0.9928562320610841,-0.25345995656787473,-1.3770784869104895,0.08049321174621582,0,1,1784980685.8737292,-0.9951127389755929,-0.12870652989916076,-1.515472722699868,1784980685.873765,-0.006350209395935843,0.012172975805161213,-0.019386222578994028,-0.12285434839723791,0.02180179737846193,-0.13839423578937862,1784980690.9535387,0.0,0.0,1784980690.9448864,17208.5234375,nan,nan,50.01938247680664,nan
38.523972034454346,1784980690.998757,BSMC,circle,circle_dist_bsmc_30cm_yawfree_p01,1784980690.9762075,-0.9928544413689453,-0.2534401266872714,-1.3771070359968745,3.0497562328203366e-06,-7.034248295709716e-05,1784980690.8778017,-0.9928562320610841,-0.25345995656787473,-1.3770784869104895,0.12095522880554199,0,1,1784980685.8737292,-0.9951127389755929,-0.12870652989916076,-1.515472722699868,1784980685.873765,-0.006350209395935843,0.012172975805161213,-0.019386222578994028,-0.12285434839723791,0.02180179737846193,-0.13839423578937862,1784980690.9936755,0.0,0.0,1784980690.9951675,17208.57421875,nan,nan,50.430328369140625,nan
38.563477993011475,1784980691.0382628,BSMC,circle,circle_dist_bsmc_30cm_yawfree_p01,1784980691.0261157,-0.992854532423078,-0.2534435223648892,-1.3771024597522759,3.7587943437083303e-06,-5.810670172876693e-05,1784980690.9977295,-0.9928562320610841,-0.25345995656787473,-1.3770784869104895,0.04053330421447754,0,1,1784980685.8737292,-0.9951127389755929,-0.12870652989916076,-1.515472722699868,1784980685.873765,-0.006350209395935843,0.012172975805161213,-0.019386222578994028,-0.12285434839723791,0.02180179737846193,-0.13839423578937862,1784980691.033761,0.0,0.0,1784980690.9951675,17208.57421875,nan,nan,50.430328369140625,nan
38.603296518325806,1784980691.0780814,BSMC,circle,circle_dist_bsmc_30cm_yawfree_p01,1784980691.0757685,-0.9928545252614531,-0.2534435588765023,-1.3771044539964208,2.596042766192078e-06,-5.51447827735055e-05,1784980690.9977295,-0.9928562320610841,-0.25345995656787473,-1.3770784869104895,0.0803518295288086,0,1,1784980685.8737292,-0.9951127389755929,-0.12870652989916076,-1.515472722699868,1784980685.873765,-0.006350209395935843,0.012172975805161213,-0.019386222578994028,-0.12285434839723791,0.02180179737846193,-0.13839423578937862,1784980691.0737357,0.0,0.0,1784980691.0504901,17208.62890625,nan,nan,54.98699951171875,nan
38.643634557724,1784980691.1184194,BSMC,circle,circle_dist_bsmc_30cm_yawfree_p01,1784980691.0757685,-0.9928545252614531,-0.2534435588765023,-1.3771044539964208,2.596042766192078e-06,-5.51447827735055e-05,1784980691.0784557,-0.9928803267018471,-0.25345547257944523,-1.3764969550477761,0.039963722229003906,0,1,1784980685.8737292,-0.9951127389755929,-0.12870652989916076,-1.515472722699868,1784980685.873765,-0.006350209395935843,0.012172975805161213,-0.019386222578994028,-0.12283259739819305,0.02189601289783803,-0.13897576765209196,1784980691.1133776,0.0,0.0,1784980691.0988796,17208.677734375,nan,nan,48.513954162597656,nan
38.68333435058594,1784980691.1581192,BSMC,circle,circle_dist_bsmc_30cm_yawfree_p01,1784980691.1252804,-0.9928578262810228,-0.25344538226529145,-1.376966106251181,2.290732518751677e-06,0.0001154054847491755,1784980691.0784557,-0.9928803267018471,-0.25345547257944523,-1.3764969550477761,0.07966351509094238,0,1,1784980685.8737292,-0.9951127389755929,-0.12870652989916076,-1.515472722699868,1784980685.873765,-0.006350209395935843,0.012172975805161213,-0.019386222578994028,-0.12283259739819305,0.02189601289783803,-0.13897576765209196,1784980691.1534781,0.0,0.0,1784980691.1549883,17208.734375,nan,nan,56.26113510131836,nan
38.72343301773071,1784980691.1982179,BSMC,circle,circle_dist_bsmc_30cm_yawfree_p01,1784980691.1757934,-0.992857821450726,-0.2534454068415752,-1.376962080944396,1.5772199855172812e-06,0.00010945020379975522,1784980691.197217,-0.9928803267018471,-0.25345547257944523,-1.3764969550477761,0.0010008811950683594,0,1,1784980685.8737292,-0.9951127389755929,-0.12870652989916076,-1.515472722699868,1784980685.873765,-0.006350209395935843,0.012172975805161213,-0.019386222578994028,-0.12283259739819305,0.02189601289783803,-0.13897576765209196,1784980691.1937318,0.0,0.0,1784980691.1549883,17208.734375,nan,nan,56.26113510131836,nan
38.763211488723755,1784980691.2379963,BSMC,circle,circle_dist_bsmc_30cm_yawfree_p01,1784980691.225358,-0.9928607770827985,-0.2534469744044504,-1.3768485286566137,1.566794039016914e-06,0.00023974934808007972,1784980691.197217,-0.9928803267018471,-0.25345547257944523,-1.3764969550477761,0.04077935218811035,0,1,1784980685.8737292,-0.9951127389755929,-0.12870652989916076,-1.515472722699868,1784980685.873765,-0.006350209395935843,0.012172975805161213,-0.019386222578994028,-0.12283259739819305,0.02189601289783803,-0.13897576765209196,1784980691.233965,0.0,0.0,1784980691.1988232,17208.77734375,nan,nan,43.87710189819336,nan
38.803998947143555,1784980691.2787838,BSMC,circle,circle_dist_bsmc_30cm_yawfree_p01,1784980691.2759962,-0.9928607736755329,-0.2534469917180546,-1.376840077005663,1.1015418412917758e-06,0.0002276689351734871,1784980691.197217,-0.9928803267018471,-0.25345547257944523,-1.3764969550477761,0.08156681060791016,0,1,1784980685.8737292,-0.9951127389755929,-0.12870652989916076,-1.515472722699868,1784980685.873765,-0.006350209395935843,0.012172975805161213,-0.019386222578994028,-0.12283259739819305,0.02189601289783803,-0.13897576765209196,1784980691.2738461,0.0,0.0,1784980691.2454116,17208.82421875,nan,nan,46.3499641418457,nan
38.843674659729004,1784980691.3184595,BSMC,circle,circle_dist_bsmc_30cm_yawfree_p01,1784980691.2759962,-0.9928607736755329,-0.2534469917180546,-1.376840077005663,1.1015418412917758e-06,0.0002276689351734871,1784980691.286953,-0.9928803267018471,-0.25345547257944523,-1.3764969550477761,0.03150653839111328,0,1,1784980685.8737292,-0.9951127389755929,-0.12870652989916076,-1.515472722699868,1784980685.873765,-0.006350209395935843,0.012172975805161213,-0.019386222578994028,-0.12283259739819305,0.02189601289783803,-0.13897576765209196,1784980691.3137705,0.0,0.0,1784980691.3014286,17208.880859375,nan,nan,55.8853759765625,nan
38.88335824012756,1784980691.358143,BSMC,circle,circle_dist_bsmc_30cm_yawfree_p01,1784980691.3255033,-0.9928633070794587,-0.25344828559946136,-1.376752530156685,1.1086007200846941e-06,0.00031274746949276573,1784980691.286953,-0.9928803267018471,-0.25345547257944523,-1.3764969550477761,0.07119011878967285,0,1,1784980685.8737292,-0.9951127389755929,-0.12870652989916076,-1.515472722699868,1784980685.873765,-0.006350209395935843,0.012172975805161213,-0.019386222578994028,-0.12283259739819305,0.02189601289783803,-0.13897576765209196,1784980691.3535924,0.0,0.0,1784980691.3469563,17208.92578125,nan,nan,45.65419387817383,nan
38.92358660697937,1784980691.3983715,BSMC,circle,circle_dist_bsmc_30cm_yawfree_p01,1784980691.3756442,-0.9928633048267195,-0.25344829703696514,-1.376741674745671,7.767634190100435e-07,0.0002969311788950718,1784980691.286953,-0.9928803267018471,-0.25345547257944523,-1.3764969550477761,0.11141848564147949,0,1,1784980685.8737292,-0.9951127389755929,-0.12870652989916076,-1.515472722699868,1784980685.873765,-0.006350209395935843,0.012172975805161213,-0.019386222578994028,-0.12283259739819305,0.02189601289783803,-0.13897576765209196,1784980691.3935988,0.0,0.0,1784980691.3469563,17208.92578125,nan,nan,45.65419387817383,nan
38.96366548538208,1784980691.4384503,BSMC,circle,circle_dist_bsmc_30cm_yawfree_p01,1784980691.4261029,-0.9928654126082925,-0.25344946868367024,-1.3766739142069482,8.893141527572117e-07,0.0003525121162095176,1784980691.3976817,-0.9928793929392862,-0.2534558277816855,-1.3764944094625176,0.04076862335205078,0,1,1784980685.8737292,-0.9951127389755929,-0.12870652989916076,-1.515472722699868,1784980685.873765,-0.006350209395935843,0.012172975805161213,-0.019386222578994028,-0.12283307047032137,0.021895477969979205,-0.13897831323735052,1784980691.4333062,0.0,0.0,1784980691.4044583,17208.982421875,nan,nan,56.86265563964844,nan
39.00367045402527,1784980691.4784553,BSMC,circle,circle_dist_bsmc_30cm_yawfree_p01,1784980691.4755745,-0.9928654107853077,-0.25344947793548084,-1.3766618405491464,6.216227529903856e-07,0.0003346720233903525,1784980691.477097,-0.9928793929392862,-0.2534558277816855,-1.3764944094625176,0.0013582706451416016,0,1,1784980685.8737292,-0.9951127389755929,-0.12870652989916076,-1.515472722699868,1784980685.873765,-0.006350209395935843,0.012172975805161213,-0.019386222578994028,-0.12283307047032137,0.021895477969979205,-0.13897831323735052,1784980691.4743683,0.0,0.0,1784980691.4495754,17209.02734375,nan,nan,45.15149688720703,nan
39.043399810791016,1784980691.5181847,BSMC,circle,circle_dist_bsmc_30cm_yawfree_p01,1784980691.4755745,-0.9928654107853077,-0.25344947793548084,-1.3766618405491464,6.216227529903856e-07,0.0003346720233903525,1784980691.477097,-0.9928793929392862,-0.2534558277816855,-1.3764944094625176,0.04108762741088867,0,1,1784980685.8737292,-0.9951127389755929,-0.12870652989916076,-1.515472722699868,1784980685.873765,-0.006350209395935843,0.012172975805161213,-0.019386222578994028,-0.12283307047032137,0.021895477969979205,-0.13897831323735052,1784980691.5140173,0.0,0.0,1784980691.4968684,17209.076171875,nan,nan,48.00623321533203,nan
39.08335566520691,1784980691.5581405,BSMC,circle,circle_dist_bsmc_30cm_yawfree_p01,1784980691.5255551,-0.9928671966532617,-0.2534504357303805,-1.376611369820483,6.840384083873157e-07,0.0003640810003037073,1784980691.477097,-0.9928793929392862,-0.2534558277816855,-1.3764944094625176,0.08104348182678223,0,1,1784980685.8737292,-0.9951127389755929,-0.12870652989916076,-1.515472722699868,1784980685.873765,-0.006350209395935843,0.012172975805161213,-0.019386222578994028,-0.12283307047032137,0.021895477969979205,-0.13897831323735052,1784980691.553384,0.0,0.0,1784980691.55204,17209.130859375,nan,nan,55.13077926635742,nan
39.12398934364319,1784980691.5987742,BSMC,circle,circle_dist_bsmc_30cm_yawfree_p01,1784980691.575347,-0.9928671952788063,-0.2534504427042003,-1.3765988691591362,4.7398302440904986e-07,0.00034546081476327363,1784980691.5966523,-0.992866884460723,-0.2534605796291467,-1.3768759580566816,0.0021219253540039062,0,1,1784980685.8737292,-0.9951127389755929,-0.12870652989916076,-1.515472722699868,1784980685.873765,-0.006350209395935843,0.012172975805161213,-0.019386222578994028,-0.12284848897274589,0.021837251284145157,-0.1385967646431865,1784980691.5936074,0.0,0.0,1784980691.5967038,17209.17578125,nan,nan,44.88931655883789,nan
39.16354250907898,1784980691.6383274,BSMC,circle,circle_dist_bsmc_30cm_yawfree_p01,1784980691.6256795,-0.9928670789381506,-0.2534521738958241,-1.3766534604553078,1.16202846286506e-06,0.0002457177145964626,1784980691.5966523,-0.992866884460723,-0.2534605796291467,-1.3768759580566816,0.04167509078979492,0,1,1784980685.8737292,-0.9951127389755929,-0.12870652989916076,-1.515472722699868,1784980685.873765,-0.006350209395935843,0.012172975805161213,-0.019386222578994028,-0.12284848897274589,0.021837251284145157,-0.1385967646431865,1784980691.6337085,0.0,0.0,1784980691.5967038,17209.17578125,nan,nan,44.88931655883789,nan
39.20343089103699,1784980691.6782157,BSMC,circle,circle_dist_bsmc_30cm_yawfree_p01,1784980691.6753595,-0.9928670764857651,-0.25345218636520794,-1.3766450066369662,8.033219205952639e-07,0.00023318295000804377,1784980691.5966523,-0.992866884460723,-0.2534605796291467,-1.3768759580566816,0.08156347274780273,0,1,1784980685.8737292,-0.9951127389755929,-0.12870652989916076,-1.515472722699868,1784980685.873765,-0.006350209395935843,0.012172975805161213,-0.019386222578994028,-0.12284848897274589,0.021837251284145157,-0.1385967646431865,1784980691.674442,0.0,0.0,1784980691.6534026,17209.232421875,nan,nan,56.585899353027344,nan
39.2432804107666,1784980691.7180653,BSMC,circle,circle_dist_bsmc_30cm_yawfree_p01,1784980691.6753595,-0.9928670764857651,-0.25345218636520794,-1.3766450066369662,8.033219205952639e-07,0.00023318295000804377,1784980691.6799512,-0.9928667185284422,-0.25346047465536775,-1.3768746318282679,0.038114070892333984,0,1,1784980685.8737292,-0.9951127389755929,-0.12870652989916076,-1.515472722699868,1784980685.873765,-0.006350209395935843,0.012172975805161213,-0.019386222578994028,-0.12284838898187012,0.021837231157884943,-0.13859809087160024,1784980691.7142951,0.0,0.0,1784980691.6971388,17209.275390625,nan,nan,43.47061538696289,nan
39.28371047973633,1784980691.7584953,BSMC,circle,circle_dist_bsmc_30cm_yawfree_p01,1784980691.7253497,-0.9928669695515179,-0.25345357311969213,-1.3766899064223062,1.1528058984814997e-06,0.0001580053813347184,1784980691.6799512,-0.9928667185284422,-0.25346047465536775,-1.3768746318282679,0.07854413986206055,0,1,1784980685.8737292,-0.9951127389755929,-0.12870652989916076,-1.515472722699868,1784980685.873765,-0.006350209395935843,0.012172975805161213,-0.019386222578994028,-0.12284838898187012,0.021837231157884943,-0.13859809087160024,1784980691.754355,0.0,0.0,1784980691.7472467,17209.326171875,nan,nan,50.167606353759766,nan
39.32401466369629,1784980691.7987995,BSMC,circle,circle_dist_bsmc_30cm_yawfree_p01,1784980691.7755592,-0.9928669672155923,-0.25345358500505216,-1.3766844183525835,8.057664721633284e-07,0.0001499909958353177,1784980691.6799512,-0.9928667185284422,-0.25346047465536775,-1.3768746318282679,0.11884832382202148,0,1,1784980685.8737292,-0.9951127389755929,-0.12870652989916076,-1.515472722699868,1784980685.873765,-0.006350209395935843,0.012172975805161213,-0.019386222578994028,-0.12284838898187012,0.021837231157884943,-0.13859809087160024,1784980691.7941933,0.0,0.0,1784980691.7472467,17209.326171875,nan,nan,50.167606353759766,nan
39.36401557922363,1784980691.8388004,BSMC,circle,circle_dist_bsmc_30cm_yawfree_p01,1784980691.8254852,-0.9928668301919686,-0.2534547765446405,-1.3767245190947315,1.1489421416425819e-06,8.622221861275304e-05,1784980691.799924,-0.9928663365110886,-0.25346049327708375,-1.3768728969796185,0.03887653350830078,0,1,1784980685.8737292,-0.9951127389755929,-0.12870652989916076,-1.515472722699868,1784980685.873765,-0.006350209395935843,0.012172975805161213,-0.019386222578994028,-0.1228484429887214,0.021837073013102063,-0.13859982572024965,1784980691.8341107,0.0,0.0,1784980691.7990005,17209.376953125,nan,nan,50.86818313598633,nan
39.40362095832825,1784980691.8784058,BSMC,circle,circle_dist_bsmc_30cm_yawfree_p01,1784980691.8752406,-0.9928668273129917,-0.25345479119813563,-1.376721532446448,7.691782638675809e-07,8.16962918460862e-05,1784980691.799924,-0.9928663365110886,-0.25346049327708375,-1.3768728969796185,0.07848191261291504,0,1,1784980685.8737292,-0.9951127389755929,-0.12870652989916076,-1.515472722699868,1784980685.873765,-0.006350209395935843,0.012172975805161213,-0.019386222578994028,-0.1228484429887214,0.021837073013102063,-0.13859982572024965,1784980691.87346,0.0,0.0,1784980691.870429,17209.44921875,nan,nan,71.96391296386719,nan
39.4437620639801,1784980691.918547,BSMC,circle,circle_dist_bsmc_30cm_yawfree_p01,1784980691.8752406,-0.9928668273129917,-0.25345479119813563,-1.376721532446448,7.691782638675809e-07,8.16962918460862e-05,1784980691.8779233,-0.9928622758239595,-0.2534602842050651,-1.376847952960416,0.04062366485595703,0,1,1784980685.8737292,-0.9951127389755929,-0.12870652989916076,-1.515472722699868,1784980685.873765,-0.006350209395935843,0.012172975805161213,-0.019386222578994028,-0.12284847572947669,0.02183611249190164,-0.138624769739452,1784980691.9135857,0.0,0.0,1784980691.8991125,17209.478515625,nan,nan,29.105518341064453,nan
39.48361134529114,1784980691.9583962,BSMC,circle,circle_dist_bsmc_30cm_yawfree_p01,1784980691.9252572,-0.9928661896107944,-0.25345574245175845,-1.37674771430189,9.711673031285472e-07,4.315523966074139e-05,1784980691.8779233,-0.9928622758239595,-0.2534602842050651,-1.376847952960416,0.08047294616699219,0,1,1784980685.8737292,-0.9951127389755929,-0.12870652989916076,-1.515472722699868,1784980685.873765,-0.006350209395935843,0.012172975805161213,-0.019386222578994028,-0.12284847572947669,0.02183611249190164,-0.138624769739452,1784980691.9538312,0.0,0.0,1784980691.9476545,17209.525390625,nan,nan,48.50998306274414,nan
39.52333116531372,1784980691.998116,BSMC,circle,circle_dist_bsmc_30cm_yawfree_p01,1784980691.9755323,-0.9928661874182767,-0.2534557536123427,-1.376746210152683,6.855473709665935e-07,4.0970143667948905e-05,1784980691.8779233,-0.9928622758239595,-0.2534602842050651,-1.376847952960416,0.1201927661895752,0,1,1784980685.8737292,-0.9951127389755929,-0.12870652989916076,-1.515472722699868,1784980685.873765,-0.006350209395935843,0.012172975805161213,-0.019386222578994028,-0.12284847572947669,0.02183611249190164,-0.138624769739452,1784980691.9937148,0.0,0.0,1784980691.9476545,17209.525390625,nan,nan,48.50998306274414,nan
39.56358599662781,1784980692.0383708,BSMC,circle,circle_dist_bsmc_30cm_yawfree_p01,1784980692.02536,-0.9928652106207406,-0.25345596558130534,-1.3767919444917496,6.618306047076704e-07,-1.9248759533131714e-05,1784980691.997681,-0.9928589972121946,-0.2534566496428767,-1.3769450173389606,0.040689945220947266,0,1,1784980685.8737292,-0.9951127389755929,-0.12870652989916076,-1.515472722699868,1784980685.873765,-0.006350209395935843,0.012172975805161213,-0.019386222578994028,-0.12284765976415826,0.02182027081585279,-0.13852770536090753,1784980692.0342557,0.0,0.0,1784980692.001297,17209.580078125,nan,nan,53.55168151855469,nan
39.60318112373352,1784980692.077966,BSMC,circle,circle_dist_bsmc_30cm_yawfree_p01,1784980692.0754201,-0.9928652091507499,-0.25345597306719264,-1.3767926158376478,4.637232764226223e-07,-1.8277257110687912e-05,1784980691.997681,-0.9928589972121946,-0.2534566496428767,-1.3769450173389606,0.08028507232666016,0,1,1784980685.8737292,-0.9951127389755929,-0.12870652989916076,-1.515472722699868,1784980685.873765,-0.006350209395935843,0.012172975805161213,-0.019386222578994028,-0.12284765976415826,0.02182027081585279,-0.13852770536090753,1784980692.0739558,0.0,0.0,1784980692.0479608,17209.626953125,nan,nan,46.875038146972656,nan
39.64352560043335,1784980692.1183105,BSMC,circle,circle_dist_bsmc_30cm_yawfree_p01,1784980692.0754201,-0.9928652091507499,-0.25345597306719264,-1.3767926158376478,4.637232764226223e-07,-1.8277257110687912e-05,1784980692.0792868,-0.99287802924527,-0.2534223743451864,-1.3769730388750405,0.039023637771606445,0,1,1784980685.8737292,-0.9951127389755929,-0.12870652989916076,-1.515472722699868,1784980685.873765,-0.006350209395935843,0.012172975805161213,-0.019386222578994028,-0.12281097186299833,0.021828902252057795,-0.13849968382482758,1784980692.1143744,0.0,0.0,1784980692.1040003,17209.68359375,nan,nan,55.89842987060547,nan
39.68325066566467,1784980692.1580355,BSMC,circle,circle_dist_bsmc_30cm_yawfree_p01,1784980692.1257653,-0.9928671278599935,-0.2534503271021406,-1.3768349106606674,-2.1523689819828995e-06,-6.699545216306176e-05,1784980692.0792868,-0.99287802924527,-0.2534223743451864,-1.3769730388750405,0.07874870300292969,0,1,1784980685.8737292,-0.9951127389755929,-0.12870652989916076,-1.515472722699868,1784980685.873765,-0.006350209395935843,0.012172975805161213,-0.019386222578994028,-0.12281097186299833,0.021828902252057795,-0.13849968382482758,1784980692.1533382,0.0,0.0,1784980692.148945,17209.728515625,nan,nan,44.97687530517578,nan
39.7241415977478,1784980692.1989264,BSMC,circle,circle_dist_bsmc_30cm_yawfree_p01,1784980692.175283,-0.99286713215934,-0.2534503052023904,-1.3768371943915954,-1.5081906049179432e-06,-6.359285891038917e-05,1784980692.0792868,-0.99287802924527,-0.2534223743451864,-1.3769730388750405,0.11963963508605957,0,1,1784980685.8737292,-0.9951127389755929,-0.12870652989916076,-1.515472722699868,1784980685.873765,-0.006350209395935843,0.012172975805161213,-0.019386222578994028,-0.12281097186299833,0.021828902252057795,-0.13849968382482758,1784980692.1936855,0.0,0.0,1784980692.148945,17209.728515625,nan,nan,44.97687530517578,nan
39.76341438293457,1784980692.2381992,BSMC,circle,circle_dist_bsmc_30cm_yawfree_p01,1784980692.2253776,-0.9928688070493313,-0.2534454535171267,-1.3768713029403168,-3.5051516335599838e-06,-9.980477558032706e-05,1784980692.1982205,-0.99287802924527,-0.2534223743451864,-1.3769730388750405,0.039978742599487305,0,1,1784980685.8737292,-0.9951127389755929,-0.12870652989916076,-1.515472722699868,1784980685.873765,-0.006350209395935843,0.012172975805161213,-0.019386222578994028,-0.12281097186299833,0.021828902252057795,-0.13849968382482758,1784980692.233688,0.0,0.0,1784980692.199649,17209.77734375,nan,nan,50.397945404052734,nan
39.80358290672302,1784980692.2783678,BSMC,circle,circle_dist_bsmc_30cm_yawfree_p01,1784980692.2756748,-0.9928688146892944,-0.25344541459695746,-1.3768747988385694,-2.448277096545219e-06,-9.476315078201193e-05,1784980692.1982205,-0.99287802924527,-0.2534223743451864,-1.3769730388750405,0.08014726638793945,0,1,1784980685.8737292,-0.9951127389755929,-0.12870652989916076,-1.515472722699868,1784980685.873765,-0.006350209395935843,0.012172975805161213,-0.019386222578994028,-0.12281097186299833,0.021828902252057795,-0.13849968382482758,1784980692.2744472,0.0,0.0,1784980692.248538,17209.828125,nan,nan,49.294132232666016,nan
39.84359097480774,1784980692.3183758,BSMC,circle,circle_dist_bsmc_30cm_yawfree_p01,1784980692.2756748,-0.9928688146892944,-0.25344541459695746,-1.3768747988385694,-2.448277096545219e-06,-9.476315078201193e-05,1784980692.2848582,-0.9928673382566335,-0.253440004575962,-1.3770770354109483,0.03351759910583496,0,1,1784980685.8737292,-0.9951127389755929,-0.12870652989916076,-1.515472722699868,1784980685.873765,-0.006350209395935843,0.012172975805161213,-0.019386222578994028,-0.12283259990839793,0.02180903319912089,-0.13839568728891982,1784980692.3135006,0.0,0.0,1784980692.3002212,17209.87890625,nan,nan,51.55674362182617,nan
39.88337254524231,1784980692.3581574,BSMC,circle,circle_dist_bsmc_30cm_yawfree_p01,1784980692.325686,-0.992868662743749,-0.25344449416972264,-1.3769249818416704,-2.0782973907255287e-06,-0.0001465104156661398,1784980692.2848582,-0.9928673382566335,-0.253440004575962,-1.3770770354109483,0.07329916954040527,0,1,1784980685.8737292,-0.9951127389755929,-0.12870652989916076,-1.515472722699868,1784980685.873765,-0.006350209395935843,0.012172975805161213,-0.019386222578994028,-0.12283259990839793,0.02180903319912089,-0.13839568728891982,1784980692.3537216,0.0,0.0,1784980692.3491137,17209.927734375,nan,nan,48.94439697265625,nan
39.923582315444946,1784980692.3983672,BSMC,circle,circle_dist_bsmc_30cm_yawfree_p01,1784980692.3760772,-0.9928686670263351,-0.25344447234649,-1.3769300874371275,-1.4507499689227513e-06,-0.0001390817885023416,1784980692.2848582,-0.9928673382566335,-0.253440004575962,-1.3770770354109483,0.11350893974304199,0,1,1784980685.8737292,-0.9951127389755929,-0.12870652989916076,-1.515472722699868,1784980685.873765,-0.006350209395935843,0.012172975805161213,-0.019386222578994028,-0.12283259990839793,0.02180903319912089,-0.13839568728891982,1784980692.394286,0.0,0.0,1784980692.3491137,17209.927734375,nan,nan,48.94439697265625,nan
39.96356797218323,1784980692.4383528,BSMC,circle,circle_dist_bsmc_30cm_yawfree_p01,1784980692.426275,-0.9928702560526365,-0.25344283297410963,-1.3770455416291982,-1.94042970177113e-06,-0.00026881737691304827,1784980692.3993266,-0.9928799481049373,-0.25343540869725334,-1.377400294739353,0.03902626037597656,0,1,1784980685.8737292,-0.9951127389755929,-0.12870652989916076,-1.515472722699868,1784980685.873765,-0.006350209395935843,0.012172975805161213,-0.019386222578994028,-0.12283270974422136,0.021780816747615752,-0.138072427960515,1784980692.43354,0.0,0.0,1784980692.399409,17209.978515625,nan,nan,50.502418518066406,nan
40.003753900527954,1784980692.4785388,BSMC,circle,circle_dist_bsmc_30cm_yawfree_p01,1784980692.4757516,-0.9928702599723477,-0.25344281297506677,-1.3770547551397905,-1.3541222709337604e-06,-0.0002552482692996038,1784980692.3993266,-0.9928799481049373,-0.25343540869725334,-1.377400294739353,0.07921218872070312,0,1,1784980685.8737292,-0.9951127389755929,-0.12870652989916076,-1.515472722699868,1784980685.873765,-0.006350209395935843,0.012172975805161213,-0.019386222578994028,-0.12283270974422136,0.021780816747615752,-0.138072427960515,1784980692.4739757,0.0,0.0,1784980692.4493139,17210.02734375,nan,nan,49.77610397338867,nan
40.043537616729736,1784980692.5183225,BSMC,circle,circle_dist_bsmc_30cm_yawfree_p01,1784980692.4757516,-0.9928702599723477,-0.25344281297506677,-1.3770547551397905,-1.3541222709337604e-06,-0.0002552482692996038,1784980692.4794803,-0.992832341271389,-0.253475551450994,-1.3771917022621725,0.038842201232910156,0,1,1784980685.8737292,-0.9951127389755929,-0.12870652989916076,-1.515472722699868,1784980685.873765,-0.006350209395935843,0.012172975805161213,-0.019386222578994028,-0.12287671595960357,0.021767444215480772,-0.13828102043769563,1784980692.5144174,0.0,0.0,1784980692.500034,17210.078125,nan,nan,50.633888244628906,nan
40.083316802978516,1784980692.5581017,BSMC,circle,circle_dist_bsmc_30cm_yawfree_p01,1784980692.5256517,-0.9928650581064795,-0.25344846549357475,-1.3770952765232174,1.8480706553901689e-06,-0.00028014503923259036,1784980692.4794803,-0.992832341271389,-0.253475551450994,-1.3771917022621725,0.07862138748168945,0,1,1784980685.8737292,-0.9951127389755929,-0.12870652989916076,-1.515472722699868,1784980685.873765,-0.006350209395935843,0.012172975805161213,-0.019386222578994028,-0.12287671595960357,0.021767444215480772,-0.13828102043769563,1784980692.5534546,0.0,0.0,1784980692.5500824,17210.12890625,nan,nan,50.08306121826172,nan
40.123918771743774,1784980692.5987036,BSMC,circle,circle_dist_bsmc_30cm_yawfree_p01,1784980692.5757794,-0.9928650543365234,-0.2534484847340312,-1.3771049955955448,1.2854927278646095e-06,-0.0002658712871591034,1784980692.4794803,-0.992832341271389,-0.253475551450994,-1.3771917022621725,0.11922335624694824,0,1,1784980685.8737292,-0.9951127389755929,-0.12870652989916076,-1.515472722699868,1784980685.873765,-0.006350209395935843,0.012172975805161213,-0.019386222578994028,-0.12287671595960357,0.021767444215480772,-0.13828102043769563,1784980692.593889,0.0,0.0,1784980692.5500824,17210.12890625,nan,nan,50.08306121826172,nan
40.163278341293335,1784980692.6380632,BSMC,circle,circle_dist_bsmc_30cm_yawfree_p01,1784980692.6255608,-0.992864891789824,-0.253450751792676,-1.377007995290619,1.9825106982305748e-06,-0.00012095624464014951,1784980692.598505,-0.9928645770956105,-0.25346170996412437,-1.3766597111296863,0.03955817222595215,0,1,1784980685.8737292,-0.9951127389755929,-0.12870652989916076,-1.515472722699868,1784980685.873765,-0.006350209395935843,0.012172975805161213,-0.019386222578994028,-0.12284531809870382,0.021861770424839153,-0.1388130115701818,1784980692.633246,0.0,0.0,1784980692.5998485,17210.1796875,nan,nan,49.87953567504883,nan
40.20320796966553,1784980692.6779928,BSMC,circle,circle_dist_bsmc_30cm_yawfree_p01,1784980692.6754086,-0.9928648875735887,-0.25345077326544885,-1.3770121795917134,1.3851550033209652e-06,-0.00011483732877716737,1784980692.598505,-0.9928645770956105,-0.25346170996412437,-1.3766597111296863,0.07948780059814453,0,1,1784980685.8737292,-0.9951127389755929,-0.12870652989916076,-1.515472722699868,1784980685.873765,-0.006350209395935843,0.012172975805161213,-0.019386222578994028,-0.12284531809870382,0.021861770424839153,-0.1388130115701818,1784980692.6735106,0.0,0.0,1784980692.650027,17210.228515625,nan,nan,50.016273498535156,nan
40.24324655532837,1784980692.7180314,BSMC,circle,circle_dist_bsmc_30cm_yawfree_p01,1784980692.6754086,-0.9928648875735887,-0.25345077326544885,-1.3770121795917134,1.3851550033209652e-06,-0.00011483732877716737,1784980692.6783457,-0.9928315975903155,-0.2534752402441055,-1.3769261395934134,0.039685726165771484,0,1,1784980685.8737292,-0.9951127389755929,-0.12870652989916076,-1.515472722699868,1784980685.873765,-0.006350209395935843,0.012172975805161213,-0.019386222578994028,-0.12287076890563314,0.0217992852107321,-0.13854658310645473,1784980692.7136035,0.0,0.0,1784980692.700429,17210.279296875,nan,nan,50.41474151611328,nan
40.28351902961731,1784980692.7583039,BSMC,circle,circle_dist_bsmc_30cm_yawfree_p01,1784980692.7256706,-0.9928603468486211,-0.2534550610439746,-1.3769964923564704,3.1004407305625867e-06,-8.552530632673688e-05,1784980692.6783457,-0.9928315975903155,-0.2534752402441055,-1.3769261395934134,0.07995820045471191,0,1,1784980685.8737292,-0.9951127389755929,-0.12870652989916076,-1.515472722699868,1784980685.873765,-0.006350209395935843,0.012172975805161213,-0.019386222578994028,-0.12287076890563314,0.0217992852107321,-0.13854658310645473,1784980692.7532713,0.0,0.0,1784980692.7512605,17210.330078125,nan,nan,50.816715240478516,nan
40.32328939437866,1784980692.7980742,BSMC,circle,circle_dist_bsmc_30cm_yawfree_p01,1784980692.7757242,-0.9928603404718624,-0.25345509352290946,-1.3769994516838227,2.1571368236980525e-06,-8.116075510492293e-05,1784980692.6783457,-0.9928315975903155,-0.2534752402441055,-1.3769261395934134,0.11972856521606445,0,1,1784980685.8737292,-0.9951127389755929,-0.12870652989916076,-1.515472722699868,1784980685.873765,-0.006350209395935843,0.012172975805161213,-0.019386222578994028,-0.12287076890563314,0.0217992852107321,-0.13854658310645473,1784980692.7941957,0.0,0.0,1784980692.7512605,17210.330078125,nan,nan,50.816715240478516,nan
40.36346125602722,1784980692.838246,BSMC,circle,circle_dist_bsmc_30cm_yawfree_p01,1784980692.8258374,-0.9928573783101594,-0.25345769940106655,-1.3769826517545358,3.019057648456003e-06,-5.2716472694317893e-05,1784980692.7997222,-0.9928391957450369,-0.2534693374660734,-1.3769179869017938,0.03852391242980957,0,1,1784980685.8737292,-0.9951127389755929,-0.12870652989916076,-1.515472722699868,1784980685.873765,-0.006350209395935843,0.012172975805161213,-0.019386222578994028,-0.12286333508663669,0.02180660547147399,-0.1385547357980743,1784980692.834204,0.0,0.0,1784980692.8007095,17210.37890625,nan,nan,49.51668930053711,nan
40.40346813201904,1784980692.878253,BSMC,circle,circle_dist_bsmc_30cm_yawfree_p01,1784980692.8760514,-0.99285737169354,-0.2534577331013775,-1.3769844921760035,2.1041889905939854e-06,-5.00451747941847e-05,1784980692.7997222,-0.9928391957450369,-0.2534693374660734,-1.3769179869017938,0.07853078842163086,0,1,1784980685.8737292,-0.9951127389755929,-0.12870652989916076,-1.515472722699868,1784980685.873765,-0.006350209395935843,0.012172975805161213,-0.019386222578994028,-0.12286333508663669,0.02180660547147399,-0.1385547357980743,1784980692.874169,0.0,0.0,1784980692.8511825,17210.4296875,nan,nan,50.3237419128418,nan
40.44352149963379,1784980692.9183064,BSMC,circle,circle_dist_bsmc_30cm_yawfree_p01,1784980692.8760514,-0.99285737169354,-0.2534577331013775,-1.3769844921760035,2.1041889905939854e-06,-5.00451747941847e-05,1784980692.879054,-0.992795645783758,-0.2534775676808578,-1.3770953558752805,0.039252281188964844,0,1,1784980685.8737292,-0.9951127389755929,-0.12870652989916076,-1.515472722699868,1784980685.873765,-0.006350209395935843,0.012172975805161213,-0.019386222578994028,-0.12288366028456206,0.021743661721284578,-0.13837736682458757,1784980692.9137022,0.0,0.0,1784980692.903991,17210.482421875,nan,nan,52.693946838378906,nan
40.483179330825806,1784980692.9579642,BSMC,circle,circle_dist_bsmc_30cm_yawfree_p01,1784980692.925779,-0.9928491217945272,-0.253461467416289,-1.3770118040465438,3.648270731873614e-06,-7.801012126032536e-05,1784980692.879054,-0.992795645783758,-0.2534775676808578,-1.3770953558752805,0.07891011238098145,0,1,1784980685.8737292,-0.9951127389755929,-0.12870652989916076,-1.515472722699868,1784980685.873765,-0.006350209395935843,0.012172975805161213,-0.019386222578994028,-0.12288366028456206,0.021743661721284578,-0.13837736682458757,1784980692.953885,0.0,0.0,1784980692.951008,17210.529296875,nan,nan,47.30756759643555,nan
40.523382902145386,1784980692.9981678,BSMC,circle,circle_dist_bsmc_30cm_yawfree_p01,1784980692.9759588,-0.9928491140565358,-0.2534615068481281,-1.3770145137187595,2.549139652164648e-06,-7.40360821990026e-05,1784980692.879054,-0.992795645783758,-0.2534775676808578,-1.3770953558752805,0.11911368370056152,0,1,1784980685.8737292,-0.9951127389755929,-0.12870652989916076,-1.515472722699868,1784980685.873765,-0.006350209395935843,0.012172975805161213,-0.019386222578994028,-0.12288366028456206,0.021743661721284578,-0.13837736682458757,1784980692.9936619,0.0,0.0,1784980692.951008,17210.529296875,nan,nan,47.30756759643555,nan
40.56347393989563,1784980693.0382588,BSMC,circle,circle_dist_bsmc_30cm_yawfree_p01,1784980693.0253315,-0.9928437302037387,-0.25346412678701,-1.3770993687457815,3.499102841737707e-06,-0.00017212671480561776,1784980692.9984994,-0.9928099358913149,-0.25347507796356367,-1.3773638851849126,0.03975939750671387,0,1,1784980685.8737292,-0.9951127389755929,-0.12870652989916076,-1.515472722699868,1784980685.873765,-0.006350209395935843,0.012172975805161213,-0.019386222578994028,-0.12288430441474262,0.021724208078755136,-0.1381088375149555,1784980693.0332963,0.0,0.0,1784980693.001284,17210.580078125,nan,nan,50.456050872802734,nan
40.60340166091919,1784980693.0781865,BSMC,circle,circle_dist_bsmc_30cm_yawfree_p01,1784980693.0769153,-0.9928437214207215,-0.2534641715884338,-1.3771055839067357,2.412670835880173e-06,-0.00016330379440725456,1784980692.9984994,-0.9928099358913149,-0.25347507796356367,-1.3773638851849126,0.07968711853027344,0,1,1784980685.8737292,-0.9951127389755929,-0.12870652989916076,-1.515472722699868,1784980685.873765,-0.006350209395935843,0.012172975805161213,-0.019386222578994028,-0.12288430441474262,0.021724208078755136,-0.1381088375149555,1784980693.0734882,0.0,0.0,1784980693.0578558,17210.63671875,nan,nan,56.49520492553711,nan
40.643370628356934,1784980693.1181555,BSMC,circle,circle_dist_bsmc_30cm_yawfree_p01,1784980693.0769153,-0.9928437214207215,-0.2534641715884338,-1.3771055839067357,2.412670835880173e-06,-0.00016330379440725456,1784980693.0789137,-0.9928726630190032,-0.2534965225011963,-1.3761442082110427,0.039241790771484375,0,1,1784980685.8737292,-0.9951127389755929,-0.12870652989916076,-1.515472722699868,1784980685.873765,-0.006350209395935843,0.012172975805161213,-0.019386222578994028,-0.12286662305138724,0.021939761481285448,-0.13932851448882544,1784980693.114571,0.0,0.0,1784980693.1026056,17210.681640625,nan,nan,44.078895568847656,nan
40.683305978775024,1784980693.1580908,BSMC,circle,circle_dist_bsmc_30cm_yawfree_p01,1784980693.1252313,-0.9928472932790624,-0.2534693507785369,-1.376889674921241,3.5032863435232505e-06,0.0001088266439098145,1784980693.0789137,-0.9928726630190032,-0.2534965225011963,-1.3761442082110427,0.0791771411895752,0,1,1784980685.8737292,-0.9951127389755929,-0.12870652989916076,-1.515472722699868,1784980685.873765,-0.006350209395935843,0.012172975805161213,-0.019386222578994028,-0.12286662305138724,0.021939761481285448,-0.13932851448882544,1784980693.1540232,0.0,0.0,1784980693.151917,17210.73046875,nan,nan,49.87229537963867,nan
40.72357678413391,1784980693.1983616,BSMC,circle,circle_dist_bsmc_30cm_yawfree_p01,1784980693.1753054,-0.9928472855141681,-0.25346939027435067,-1.3768859040143862,2.4461758130196857e-06,0.00010327461393240509,1784980693.0789137,-0.9928726630190032,-0.2534965225011963,-1.3761442082110427,0.11944794654846191,0,1,1784980685.8737292,-0.9951127389755929,-0.12870652989916076,-1.515472722699868,1784980685.873765,-0.006350209395935843,0.012172975805161213,-0.019386222578994028,-0.12286662305138724,0.021939761481285448,-0.13932851448882544,1784980693.1939332,0.0,0.0,1784980693.151917,17210.73046875,nan,nan,49.87229537963867,nan
40.763290882110596,1784980693.2380757,BSMC,circle,circle_dist_bsmc_30cm_yawfree_p01,1784980693.2260969,-0.9928433851246813,-0.25348150815469755,-1.3768460550077002,7.697131848356729e-06,0.00014268483758786372,1784980693.1982856,-0.9928221561380901,-0.2535392904091407,-1.3767313683599807,0.03979015350341797,0,1,1784980685.8737292,-0.9951127389755929,-0.12870652989916076,-1.515472722699868,1784980685.873765,-0.006350209395935843,0.012172975805161213,-0.019386222578994028,-0.12293118931950223,0.021826304285658876,-0.13874135433988743,1784980693.2334266,0.0,0.0,1784980693.2032905,17210.78125,nan,nan,51.19308853149414,nan
40.80384969711304,1784980693.2786345,BSMC,circle,circle_dist_bsmc_30cm_yawfree_p01,1784980693.2756038,-0.9928433683838805,-0.25348159331510683,-1.3768411631651698,5.373975177457749e-06,0.00013544735444072598,1784980693.1982856,-0.9928221561380901,-0.2535392904091407,-1.3767313683599807,0.08034896850585938,0,1,1784980685.8737292,-0.9951127389755929,-0.12870652989916076,-1.515472722699868,1784980685.873765,-0.006350209395935843,0.012172975805161213,-0.019386222578994028,-0.12293118931950223,0.021826304285658876,-0.13874135433988743,1784980693.2738976,0.0,0.0,1784980693.252138,17210.830078125,nan,nan,49.015201568603516,nan
40.8434956073761,1784980693.3182805,BSMC,circle,circle_dist_bsmc_30cm_yawfree_p01,1784980693.2756038,-0.9928433683838805,-0.25348159331510683,-1.3768411631651698,5.373975177457749e-06,0.00013544735444072598,1784980693.2846317,-0.9928372637556243,-0.2535138692637587,-1.3766065357252846,0.03364872932434082,0,1,1784980685.8737292,-0.9951127389755929,-0.12870652989916076,-1.515472722699868,1784980685.873765,-0.006350209395935843,0.012172975805161213,-0.019386222578994028,-0.12290060504706318,0.02185156804012914,-0.13886618697458353,1784980693.3138158,0.0,0.0,1784980693.302317,17210.880859375,nan,nan,50.01991653442383,nan
40.883304834365845,1784980693.3580897,BSMC,circle,circle_dist_bsmc_30cm_yawfree_p01,1784980693.325661,-0.992842321261887,-0.2534870812941108,-1.3767821053541718,6.152330594542823e-06,0.00019402747961828895,1784980693.2846317,-0.9928372637556243,-0.2535138692637587,-1.3766065357252846,0.07345795631408691,0,1,1784980685.8737292,-0.9951127389755929,-0.12870652989916076,-1.515472722699868,1784980685.873765,-0.006350209395935843,0.012172975805161213,-0.019386222578994028,-0.12290060504706318,0.02185156804012914,-0.13886618697458353,1784980693.3538954,0.0,0.0,1784980693.3534439,17210.931640625,nan,nan,50.805877685546875,nan
40.923330307006836,1784980693.3981152,BSMC,circle,circle_dist_bsmc_30cm_yawfree_p01,1784980693.3755941,-0.9928423078635289,-0.25348714943657846,-1.3767753999076136,4.280851731563066e-06,0.0001841368283440085,1784980693.2846317,-0.9928372637556243,-0.2535138692637587,-1.3766065357252846,0.11348342895507812,0,1,1784980685.8737292,-0.9951127389755929,-0.12870652989916076,-1.515472722699868,1784980685.873765,-0.006350209395935843,0.012172975805161213,-0.019386222578994028,-0.12290060504706318,0.02185156804012914,-0.13886618697458353,1784980693.393473,0.0,0.0,1784980693.3534439,17210.931640625,nan,nan,50.805877685546875,nan
40.9637610912323,1784980693.438546,BSMC,circle,circle_dist_bsmc_30cm_yawfree_p01,1784980693.4257631,-0.9928419864014725,-0.253488690228171,-1.3768735788089266,3.7122407259459516e-06,4.555515485756435e-05,1784980693.3991437,-0.9928404547975775,-0.25349585940533176,-1.3772155591933324,0.03940224647521973,0,1,1784980685.8737292,-0.9951127389755929,-0.12870652989916076,-1.515472722699868,1784980685.873765,-0.006350209395935843,0.012172975805161213,-0.019386222578994028,-0.12289560303341306,0.021776381449614877,-0.13825716350653572,1784980693.4335818,0.0,0.0,1784980693.4038944,17210.982421875,nan,nan,49.916717529296875,nan
41.003453493118286,1784980693.4782383,BSMC,circle,circle_dist_bsmc_30cm_yawfree_p01,1784980693.475562,-0.9928419780578612,-0.25348873273648015,-1.376871999941831,2.5916702423764087e-06,4.324898354986456e-05,1784980693.3991437,-0.9928404547975775,-0.25349585940533176,-1.3772155591933324,0.07909464836120605,0,1,1784980685.8737292,-0.9951127389755929,-0.12870652989916076,-1.515472722699868,1784980685.873765,-0.006350209395935843,0.012172975805161213,-0.019386222578994028,-0.12289560303341306,0.021776381449614877,-0.13825716350653572,1784980693.4739628,0.0,0.0,1784980693.453896,17211.03125,nan,nan,49.77649688720703,nan
41.04349398612976,1784980693.5182788,BSMC,circle,circle_dist_bsmc_30cm_yawfree_p01,1784980693.475562,-0.9928419780578612,-0.25348873273648015,-1.376871999941831,2.5916702423764087e-06,4.324898354986456e-05,1784980693.4806406,-0.9928620183507877,-0.2535223279271694,-1.3765571169251043,0.037638187408447266,0,1,1784980685.8737292,-0.9951127389755929,-0.12870652989916076,-1.515472722699868,1784980685.873765,-0.006350209395935843,0.012172975805161213,-0.019386222578994028,-0.12290304648065703,0.02188356338609011,-0.1389156057747638,1784980693.5138278,0.0,0.0,1784980693.5031967,17211.08203125,nan,nan,50.32552719116211,nan
41.083139419555664,1784980693.5579243,BSMC,circle,circle_dist_bsmc_30cm_yawfree_p01,1784980693.5257993,-0.9928443732648973,-0.2534941839539013,-1.3767979614410784,3.849498292010918e-06,0.00012764339653375574,1784980693.4806406,-0.9928620183507877,-0.2535223279271694,-1.3765571169251043,0.07728362083435059,0,1,1784980685.8737292,-0.9951127389755929,-0.12870652989916076,-1.515472722699868,1784980685.873765,-0.006350209395935843,0.012172975805161213,-0.019386222578994028,-0.12290304648065703,0.02188356338609011,-0.1389156057747638,1784980693.5540442,0.0,0.0,1784980693.557696,17211.13671875,nan,nan,54.02602767944336,nan
41.1234085559845,1784980693.5981934,BSMC,circle,circle_dist_bsmc_30cm_yawfree_p01,1784980693.5753531,-0.9928443648657362,-0.2534942266946437,-1.376793597865064,2.6625594419491397e-06,0.00012109022869245296,1784980693.4806406,-0.9928620183507877,-0.2535223279271694,-1.3765571169251043,0.1175527572631836,0,1,1784980685.8737292,-0.9951127389755929,-0.12870652989916076,-1.515472722699868,1784980685.873765,-0.006350209395935843,0.012172975805161213,-0.019386222578994028,-0.12290304648065703,0.02188356338609011,-0.1389156057747638,1784980693.5934682,0.0,0.0,1784980693.557696,17211.13671875,nan,nan,54.02602767944336,nan
41.16334533691406,1784980693.6381302,BSMC,circle,circle_dist_bsmc_30cm_yawfree_p01,1784980693.6260471,-0.9928432979302512,-0.2534733571251291,-1.376684747452366,-0.00017536689649168662,0.0004665103854394032,1784980693.5986166,-0.9928064585520993,-0.25348978124118443,-1.3767459403490827,0.039513587951660156,0,1,1784980685.8737292,-0.9951127389755929,-0.12870652989916076,-1.515472722699868,1784980685.873765,-0.006350209395935843,0.012172975805161213,-0.019386222578994028,-0.1228859544586739,0.021799562877708553,-0.1387267823507854,1784980693.6334586,0.0,0.0,1784980693.6032462,17211.181640625,nan,nan,46.393917083740234,nan
41.20325684547424,1784980693.6780417,BSMC,circle,circle_dist_bsmc_30cm_yawfree_p01,1784980693.6752965,-0.9928454124941519,-0.25346260209996535,-1.3766264969479354,-0.00019454380791681002,0.0005856675202707245,1784980693.5986166,-0.9928064585520993,-0.25348978124118443,-1.3767459403490827,0.07942509651184082,0,1,1784980685.8737292,-0.9951127389755929,-0.12870652989916076,-1.515472722699868,1784980685.873765,-0.006350209395935843,0.012172975805161213,-0.019386222578994028,-0.1228859544586739,0.021799562877708553,-0.1387267823507854,1784980693.673427,0.0,0.0,1784980693.6593657,17211.236328125,nan,nan,55.10733413696289,nan
41.24357867240906,1784980693.7183635,BSMC,circle,circle_dist_bsmc_30cm_yawfree_p01,1784980693.6752965,-0.9928454124941519,-0.25346260209996535,-1.3766264969479354,-0.00019454380791681002,0.0005856675202707245,1784980693.6805277,-0.9927932786837541,-0.2534675108850032,-1.3768660341342847,0.03783583641052246,0,1,1784980685.8737292,-0.9951127389755929,-0.12870652989916076,-1.515472722699868,1784980685.873765,-0.006350209395935843,0.012172975805161213,-0.019386222578994028,-0.1228692586645035,0.021767580201540133,-0.13860668856558345,1784980693.713898,0.0,0.0,1784980693.7058272,17211.283203125,nan,nan,45.046295166015625,nan
41.283636808395386,1784980693.7584217,BSMC,circle,circle_dist_bsmc_30cm_yawfree_p01,1784980693.7259834,-0.9928356460526403,-0.253478393977301,-1.3767404946137405,1.324451797547017e-05,0.00020437937375986087,1784980693.6805277,-0.9927932786837541,-0.2534675108850032,-1.3768660341342847,0.07789397239685059,0,1,1784980685.8737292,-0.9951127389755929,-0.12870652989916076,-1.515472722699868,1784980685.873765,-0.006350209395935843,0.012172975805161213,-0.019386222578994028,-0.1228692586645035,0.021767580201540133,-0.13860668856558345,1784980693.7534535,0.0,0.0,1784980693.7058272,17211.283203125,nan,nan,45.046295166015625,nan
41.323389291763306,1784980693.7981741,BSMC,circle,circle_dist_bsmc_30cm_yawfree_p01,1784980693.7755387,-0.9928341658098577,-0.25348592384069807,-1.3767694657658067,7.063275558894796e-05,7.310100450729488e-05,1784980693.6805277,-0.9927932786837541,-0.2534675108850032,-1.3768660341342847,0.11764645576477051,0,1,1784980685.8737292,-0.9951127389755929,-0.12870652989916076,-1.515472722699868,1784980685.873765,-0.006350209395935843,0.012172975805161213,-0.019386222578994028,-0.1228692586645035,0.021767580201540133,-0.13860668856558345,1784980693.7939823,0.0,0.0,1784980693.7593849,17211.337890625,nan,nan,55.36216735839844,nan
41.36349320411682,1784980693.838278,BSMC,circle,circle_dist_bsmc_30cm_yawfree_p01,1784980693.8256152,-0.9928243568733223,-0.2534872578106427,-1.3768473191189265,7.305191411412294e-05,-5.973019297434012e-05,1784980693.7985806,-0.9927656242411985,-0.253470303406832,-1.3770557466508386,0.03969740867614746,0,1,1784980685.8737292,-0.9951127389755929,-0.12870652989916076,-1.515472722699868,1784980685.873765,-0.006350209395935843,0.012172975805161213,-0.019386222578994028,-0.12288145064494024,0.021717670566730237,-0.13841697604902947,1784980693.8335855,0.0,0.0,1784980693.8050532,17211.3828125,nan,nan,45.05757141113281,nan
41.403385400772095,1784980693.8781703,BSMC,circle,circle_dist_bsmc_30cm_yawfree_p01,1784980693.8756394,-0.9928239496164183,-0.25348933169542237,-1.3768550951314895,6.059327321770579e-05,-7.578593063082354e-05,1784980693.7985806,-0.9927656242411985,-0.253470303406832,-1.3770557466508386,0.0795896053314209,0,1,1784980685.8737292,-0.9951127389755929,-0.12870652989916076,-1.515472722699868,1784980685.873765,-0.006350209395935843,0.012172975805161213,-0.019386222578994028,-0.12288145064494024,0.021717670566730237,-0.13841697604902947,1784980693.8736703,0.0,0.0,1784980693.8562963,17211.43359375,nan,nan,51.17452621459961,nan
41.44348669052124,1784980693.9182715,BSMC,circle,circle_dist_bsmc_30cm_yawfree_p01,1784980693.8756394,-0.9928239496164183,-0.25348933169542237,-1.3768550951314895,6.059327321770579e-05,-7.578593063082354e-05,1784980693.8797657,-0.9927854342574416,-0.25346500993619697,-1.3768241653881104,0.03850579261779785,0,1,1784980685.8737292,-0.9951127389755929,-0.12870652989916076,-1.515472722699868,1784980685.873765,-0.006350209395935843,0.012172975805161213,-0.019386222578994028,-0.12286740520523508,0.021764545171798606,-0.1386485573117577,1784980693.9136841,0.0,0.0,1784980693.9062736,17211.484375,nan,nan,49.998802185058594,nan
41.48315691947937,1784980693.9579418,BSMC,circle,circle_dist_bsmc_30cm_yawfree_p01,1784980693.9254844,-0.9928188083776999,-0.2534868435138631,-1.37685268201436,4.501890754598524e-05,-7.08462508555002e-05,1784980693.8797657,-0.9927854342574416,-0.25346500993619697,-1.3768241653881104,0.07817602157592773,0,1,1784980685.8737292,-0.9951127389755929,-0.12870652989916076,-1.515472722699868,1784980685.873765,-0.006350209395935843,0.012172975805161213,-0.019386222578994028,-0.12286740520523508,0.021764545171798606,-0.1386485573117577,1784980693.9534247,0.0,0.0,1784980693.9549763,17211.533203125,nan,nan,49.85112380981445,nan
41.52335977554321,1784980693.9981446,BSMC,circle,circle_dist_bsmc_30cm_yawfree_p01,1784980693.9756372,-0.9928186654710851,-0.25348757129221605,-1.3768560698133525,3.2920050216090736e-05,-7.029618326497121e-05,1784980693.8797657,-0.9927854342574416,-0.25346500993619697,-1.3768241653881104,0.11837887763977051,0,1,1784980685.8737292,-0.9951127389755929,-0.12870652989916076,-1.515472722699868,1784980685.873765,-0.006350209395935843,0.012172975805161213,-0.019386222578994028,-0.12286740520523508,0.021764545171798606,-0.1386485573117577,1784980693.9937987,0.0,0.0,1784980693.9549763,17211.533203125,nan,nan,49.85112380981445,nan
41.563403844833374,1784980694.0381887,BSMC,circle,circle_dist_bsmc_30cm_yawfree_p01,1784980694.0260482,-0.9928108879014811,-0.25348395635618215,-1.3768673480602625,2.2296990911090898e-05,-7.836167599954225e-05,1784980693.9997494,-0.9927602649409399,-0.2534612890070538,-1.3768931653793433,0.038439273834228516,0,1,1784980685.8737292,-0.9951127389755929,-0.12870652989916076,-1.515472722699868,1784980685.873765,-0.006350209395935843,0.012172975805161213,-0.019386222578994028,-0.12287010535354538,0.021730652649213974,-0.13857955732052485,1784980694.0333745,0.0,0.0,1784980694.0093877,17211.5859375,nan,nan,52.25238037109375,nan
41.604108572006226,1784980694.0788934,BSMC,circle,circle_dist_bsmc_30cm_yawfree_p01,1784980694.0754492,-0.9928108302655397,-0.2534842498693483,-1.376870179455552,1.5812420987423162e-05,-7.486866215660842e-05,1784980693.9997494,-0.9927602649409399,-0.2534612890070538,-1.3768931653793433,0.07914400100708008,0,1,1784980685.8737292,-0.9951127389755929,-0.12870652989916076,-1.515472722699868,1784980685.873765,-0.006350209395935843,0.012172975805161213,-0.019386222578994028,-0.12287010535354538,0.021730652649213974,-0.13857955732052485,1784980694.0740006,0.0,0.0,1784980694.0555358,17211.634765625,nan,nan,47.9210319519043,nan
41.643439531326294,1784980694.1182244,BSMC,circle,circle_dist_bsmc_30cm_yawfree_p01,1784980694.0754492,-0.9928108302655397,-0.2534842498693483,-1.376870179455552,1.5812420987423162e-05,-7.486866215660842e-05,1784980694.0795949,-0.9927796011903315,-0.25351246212474843,-1.3771707997100933,0.03862953186035156,0,1,1784980685.8737292,-0.9951127389755929,-0.12870652989916076,-1.515472722699868,1784980685.873765,-0.006350209395935843,0.012172975805161213,-0.019386222578994028,-0.12292263000135555,0.021725360392243084,-0.13830192298977484,1784980694.1138928,0.0,0.0,1784980694.110561,17211.689453125,nan,nan,54.587764739990234,nan
41.683172941207886,1784980694.1579578,BSMC,circle,circle_dist_bsmc_30cm_yawfree_p01,1784980694.1256,-0.992806486061192,-0.2534893646057343,-1.3769420328848112,1.333476693173803e-05,-0.00015355451851378155,1784980694.0795949,-0.9927796011903315,-0.25351246212474843,-1.3771707997100933,0.07836294174194336,0,1,1784980685.8737292,-0.9951127389755929,-0.12870652989916076,-1.515472722699868,1784980685.873765,-0.006350209395935843,0.012172975805161213,-0.019386222578994028,-0.12292263000135555,0.021725360392243084,-0.13830192298977484,1784980694.1535168,0.0,0.0,1784980694.1552112,17211.734375,nan,nan,45.37215042114258,nan
41.72356343269348,1784980694.1983483,BSMC,circle,circle_dist_bsmc_30cm_yawfree_p01,1784980694.1758037,-0.9928064529170675,-0.2534895334869642,-1.3769474119320697,9.376756095047223e-06,-0.00014579276691881513,1784980694.0795949,-0.9927796011903315,-0.25351246212474843,-1.3771707997100933,0.11875343322753906,0,1,1784980685.8737292,-0.9951127389755929,-0.12870652989916076,-1.515472722699868,1784980685.873765,-0.006350209395935843,0.012172975805161213,-0.019386222578994028,-0.12292263000135555,0.021725360392243084,-0.13830192298977484,1784980694.193434,0.0,0.0,1784980694.1552112,17211.734375,nan,nan,45.37215042114258,nan
41.76352024078369,1784980694.238305,BSMC,circle,circle_dist_bsmc_30cm_yawfree_p01,1784980694.2257042,-0.9928026365495717,-0.25349355559856546,-1.3770057008030194,8.595624122083911e-06,-0.0002039462492679766,1784980694.1993601,-0.9927794788874168,-0.25351137168779836,-1.377175218222871,0.03894495964050293,0,1,1784980685.8737292,-0.9951127389755929,-0.12870652989916076,-1.515472722699868,1784980685.873765,-0.006350209395935843,0.012172975805161213,-0.019386222578994028,-0.12292167946572356,0.02172448742437561,-0.13829750447699718,1784980694.2335231,0.0,0.0,1784980694.212179,17211.791015625,nan,nan,56.826324462890625,nan
41.80357217788696,1784980694.278357,BSMC,circle,circle_dist_bsmc_30cm_yawfree_p01,1784980694.2758799,-0.9928026145820484,-0.253493667563671,-1.3770128499944359,6.02962238828727e-06,-0.00019359009531263587,1784980694.1993601,-0.9927794788874168,-0.25351137168779836,-1.377175218222871,0.07899689674377441,0,1,1784980685.8737292,-0.9951127389755929,-0.12870652989916076,-1.515472722699868,1784980685.873765,-0.006350209395935843,0.012172975805161213,-0.019386222578994028,-0.12292167946572356,0.02172448742437561,-0.13829750447699718,1784980694.2736304,0.0,0.0,1784980694.2570634,17211.833984375,nan,nan,44.177635192871094,nan
41.843443632125854,1784980694.3182285,BSMC,circle,circle_dist_bsmc_30cm_yawfree_p01,1784980694.2758799,-0.9928026145820484,-0.253493667563671,-1.3770128499944359,6.02962238828727e-06,-0.00019359009531263587,1784980694.286528,-0.9927808119662476,-0.2535085663675,-1.3771922674362365,0.03170037269592285,0,1,1784980685.8737292,-0.9951127389755929,-0.12870652989916076,-1.515472722699868,1784980685.873765,-0.006350209395935843,0.012172975805161213,-0.019386222578994028,-0.12291904044403469,0.021723160141640538,-0.13828045526363164,1784980694.3136766,0.0,0.0,1784980694.3086352,17211.884765625,nan,nan,49.999916076660156,nan
41.88357329368591,1784980694.3583581,BSMC,circle,circle_dist_bsmc_30cm_yawfree_p01,1784980694.3261068,-0.9927996068755252,-0.2534963844287345,-1.3770610387650684,5.5682532617601455e-06,-0.00023358378777947576,1784980694.286528,-0.9927808119662476,-0.2535085663675,-1.3771922674362365,0.07183003425598145,0,1,1784980685.8737292,-0.9951127389755929,-0.12870652989916076,-1.515472722699868,1784980685.873765,-0.006350209395935843,0.012172975805161213,-0.019386222578994028,-0.12291904044403469,0.021723160141640538,-0.13828045526363164,1784980694.3539674,0.0,0.0,1784980694.3564901,17211.935546875,nan,nan,50.01811599731445,nan
41.923419713974,1784980694.3982046,BSMC,circle,circle_dist_bsmc_30cm_yawfree_p01,1784980694.375643,-0.9927995938788305,-0.25349645068163884,-1.3770690552085154,3.8866107921722394e-06,-0.00022167910949876375,1784980694.286528,-0.9927808119662476,-0.2535085663675,-1.3771922674362365,0.11167645454406738,0,1,1784980685.8737292,-0.9951127389755929,-0.12870652989916076,-1.515472722699868,1784980685.873765,-0.006350209395935843,0.012172975805161213,-0.019386222578994028,-0.12291904044403469,0.021723160141640538,-0.13828045526363164,1784980694.3936346,0.0,0.0,1784980694.3564901,17211.935546875,nan,nan,50.01811599731445,nan
41.96362829208374,1784980694.4384131,BSMC,circle,circle_dist_bsmc_30cm_yawfree_p01,1784980694.42604,-0.9927962376152035,-0.25346900112129295,-1.377357238355197,-0.00017971225812496604,-0.0003342434501454151,1784980694.4035738,-0.9927436290471201,-0.25344878437791163,-1.3786520144774612,0.03483939170837402,0,1,1784980685.8737292,-0.9951127389755929,-0.12870652989916076,-1.515472722699868,1784980685.873765,-0.006350209395935843,0.012172975805161213,-0.019386222578994028,-0.12289903857363761,0.021495791494387136,-0.13682070822240688,1784980694.4332407,0.0,0.0,1784980694.4075532,17211.986328125,nan,nan,51.15864562988281,nan
42.00338315963745,1784980694.478168,BSMC,circle,circle_dist_bsmc_30cm_yawfree_p01,1784980694.4758224,-0.9927983694762561,-0.25345812206579754,-1.3773269236519299,-0.00019714497567210074,-0.00017583814202101988,1784980694.4035738,-0.9927436290471201,-0.25344878437791163,-1.3786520144774612,0.07459425926208496,0,1,1784980685.8737292,-0.9951127389755929,-0.12870652989916076,-1.515472722699868,1784980685.873765,-0.006350209395935843,0.012172975805161213,-0.019386222578994028,-0.12289903857363761,0.021495791494387136,-0.13682070822240688,1784980694.4741411,0.0,0.0,1784980694.4568915,17212.03515625,nan,nan,48.92023849487305,nan
42.04346013069153,1784980694.518245,BSMC,circle,circle_dist_bsmc_30cm_yawfree_p01,1784980694.4758224,-0.9927983694762561,-0.25345812206579754,-1.3773269236519299,-0.00019714497567210074,-0.00017583814202101988,1784980694.4802728,-0.9928096532843718,-0.25344607076348746,-1.3778357409233686,0.037972211837768555,0,1,1784980685.8737292,-0.9951127389755929,-0.12870652989916076,-1.515472722699868,1784980685.873765,-0.006350209395935843,0.012172975805161213,-0.019386222578994028,-0.12286612677124271,0.021660382059812605,-0.1376369817764995,1784980694.513165,0.0,0.0,1784980694.509411,17212.087890625,nan,nan,52.00910949707031,nan
42.083667516708374,1784980694.5584524,BSMC,circle,circle_dist_bsmc_30cm_yawfree_p01,1784980694.5254467,-0.9927971486440526,-0.2534702470750428,-1.3775283803812912,1.3275803695776987e-05,-0.0005925841269430773,1784980694.4802728,-0.9928096532843718,-0.25344607076348746,-1.3778357409233686,0.07817959785461426,0,1,1784980685.8737292,-0.9951127389755929,-0.12870652989916076,-1.515472722699868,1784980685.873765,-0.006350209395935843,0.012172975805161213,-0.019386222578994028,-0.12286612677124271,0.021660382059812605,-0.1376369817764995,1784980694.5534668,0.0,0.0,1784980694.509411,17212.087890625,nan,nan,52.00910949707031,nan
42.123597860336304,1784980694.5983827,BSMC,circle,circle_dist_bsmc_30cm_yawfree_p01,1784980694.5753965,-0.9927957125466333,-0.25347757837647794,-1.3775846438334873,7.12921157719406e-05,-0.000683264893082874,1784980694.4802728,-0.9928096532843718,-0.25344607076348746,-1.3778357409233686,0.11810994148254395,0,1,1784980685.8737292,-0.9951127389755929,-0.12870652989916076,-1.515472722699868,1784980685.873765,-0.006350209395935843,0.012172975805161213,-0.019386222578994028,-0.12286612677124271,0.021660382059812605,-0.1376369817764995,1784980694.5933616,0.0,0.0,1784980694.5640016,17212.142578125,nan,nan,55.77988052368164,nan
42.163489818573,1784980694.6382747,BSMC,circle,circle_dist_bsmc_30cm_yawfree_p01,1784980694.6257284,-0.9927988292030282,-0.2534780892629514,-1.377482295952633,7.198628986760725e-05,-0.0005231941011958043,1784980694.599198,-0.9928230689312769,-0.25346115288730314,-1.3770058428070435,0.03907656669616699,0,1,1784980685.8737292,-0.9951127389755929,-0.12870652989916076,-1.515472722699868,1784980685.873765,-0.006350209395935843,0.012172975805161213,-0.019386222578994028,-0.12286032477588377,0.021778409992231854,-0.13846687989282458,1784980694.63337,0.0,0.0,1784980694.606516,17212.185546875,nan,nan,42.3586540222168,nan
42.203707456588745,1784980694.6784923,BSMC,circle,circle_dist_bsmc_30cm_yawfree_p01,1784980694.675422,-0.9927984224018132,-0.2534801676398028,-1.3775061232060533,5.9936167455297394e-05,-0.0005156964249610866,1784980694.599198,-0.9928230689312769,-0.25346115288730314,-1.3770058428070435,0.07929420471191406,0,1,1784980685.8737292,-0.9951127389755929,-0.12870652989916076,-1.515472722699868,1784980685.873765,-0.006350209395935843,0.012172975805161213,-0.019386222578994028,-0.12286032477588377,0.021778409992231854,-0.13846687989282458,1784980694.6734972,0.0,0.0,1784980694.657352,17212.236328125,nan,nan,50.63616943359375,nan
42.24327063560486,1784980694.7180555,BSMC,circle,circle_dist_bsmc_30cm_yawfree_p01,1784980694.675422,-0.9927984224018132,-0.2534801676398028,-1.3775061232060533,5.9936167455297394e-05,-0.0005156964249610866,1784980694.680539,-0.9927579084922404,-0.2534545216150778,-1.3777421166932562,0.03751659393310547,0,1,1784980685.8737292,-0.9951127389755929,-0.12870652989916076,-1.515472722699868,1784980685.873765,-0.006350209395935843,0.012172975805161213,-0.019386222578994028,-0.12288231976880513,0.021622723047686632,-0.1377306060066119,1784980694.7134962,0.0,0.0,1784980694.707207,17212.28515625,nan,nan,50.14637756347656,nan
42.28329610824585,1784980694.758081,BSMC,circle,circle_dist_bsmc_30cm_yawfree_p01,1784980694.7256703,-0.992793024782103,-0.2534775094024517,-1.3775805391955216,4.4534366597298183e-05,-0.0005614560677505697,1784980694.680539,-0.9927579084922404,-0.2534545216150778,-1.3777421166932562,0.07754206657409668,0,1,1784980685.8737292,-0.9951127389755929,-0.12870652989916076,-1.515472722699868,1784980685.873765,-0.006350209395935843,0.012172975805161213,-0.019386222578994028,-0.12288231976880513,0.021622723047686632,-0.1377306060066119,1784980694.7537425,0.0,0.0,1784980694.75672,17212.3359375,nan,nan,49.56034851074219,nan
42.32335710525513,1784980694.798142,BSMC,circle,circle_dist_bsmc_30cm_yawfree_p01,1784980694.7757058,-0.9927928800416964,-0.25347824944704567,-1.3776009861815077,3.2620751449955323e-05,-0.0005358493858715881,1784980694.680539,-0.9927579084922404,-0.2534545216150778,-1.3777421166932562,0.11760306358337402,0,1,1784980685.8737292,-0.9951127389755929,-0.12870652989916076,-1.515472722699868,1784980685.873765,-0.006350209395935843,0.012172975805161213,-0.019386222578994028,-0.12288231976880513,0.021622723047686632,-0.1377306060066119,1784980694.7937832,0.0,0.0,1784980694.75672,17212.3359375,nan,nan,49.56034851074219,nan
42.36355662345886,1784980694.8383415,BSMC,circle,circle_dist_bsmc_30cm_yawfree_p01,1784980694.8255765,-0.992792462820636,-0.25347186135948174,-1.377540314412988,2.0253359912308928e-05,-0.00041158890424030135,1784980694.7993748,-0.992788271565065,-0.25343785858753654,-1.3772717064636877,0.03896665573120117,0,1,1784980685.8737292,-0.9951127389755929,-0.12870652989916076,-1.515472722699868,1784980685.873765,-0.006350209395935843,0.012172975805161213,-0.019386222578994028,-0.12284994325988297,0.02170711740774848,-0.1382010162361804,1784980694.8339012,0.0,0.0,1784980694.8069274,17212.384765625,nan,nan,50.193115234375,nan
42.40408158302307,1784980694.8788664,BSMC,circle,circle_dist_bsmc_30cm_yawfree_p01,1784980694.8752244,-0.9927924074665059,-0.2534721440703406,-1.3775546975517794,1.4362500763019771e-05,-0.00039114336116324085,1784980694.7993748,-0.992788271565065,-0.25343785858753654,-1.3772717064636877,0.07949161529541016,0,1,1784980685.8737292,-0.9951127389755929,-0.12870652989916076,-1.515472722699868,1784980685.873765,-0.006350209395935843,0.012172975805161213,-0.019386222578994028,-0.12284994325988297,0.02170711740774848,-0.1382010162361804,1784980694.8735216,0.0,0.0,1784980694.8570778,17212.435546875,nan,nan,50.16215896606445,nan
42.44324254989624,1784980694.9180274,BSMC,circle,circle_dist_bsmc_30cm_yawfree_p01,1784980694.8752244,-0.9927924074665059,-0.2534721440703406,-1.3775546975517794,1.4362500763019771e-05,-0.00039114336116324085,1784980694.8804069,-0.9927721850321544,-0.2534596947633574,-1.3776903020148807,0.03762054443359375,0,1,1784980685.8737292,-0.9951127389755929,-0.12870652989916076,-1.515472722699868,1784980685.873765,-0.006350209395935843,0.012172975805161213,-0.019386222578994028,-0.1228835364400876,0.021644094076057663,-0.13778242068498736,1784980694.9140592,0.0,0.0,1784980694.9072533,17212.486328125,nan,nan,50.12870788574219,nan
42.48361301422119,1784980694.9583979,BSMC,circle,circle_dist_bsmc_30cm_yawfree_p01,1784980694.9253082,-0.9927897949144044,-0.2534704411940783,-1.3775996399507004,9.546081520999245e-06,-0.0004086667203651756,1784980694.8804069,-0.9927721850321544,-0.2534596947633574,-1.3776903020148807,0.07799100875854492,0,1,1784980685.8737292,-0.9951127389755929,-0.12870652989916076,-1.515472722699868,1784980685.873765,-0.006350209395935843,0.012172975805161213,-0.019386222578994028,-0.1228835364400876,0.021644094076057663,-0.13778242068498736,1784980694.9538465,0.0,0.0,1784980694.9581065,17212.537109375,nan,nan,50.77097702026367,nan
42.52390241622925,1784980694.9986873,BSMC,circle,circle_dist_bsmc_30cm_yawfree_p01,1784980694.9756184,-0.9927897701886433,-0.2534705675143912,-1.3776140009206939,6.678936507623808e-06,-0.0003877986119333922,1784980694.8804069,-0.9927721850321544,-0.2534596947633574,-1.3776903020148807,0.11828041076660156,0,1,1784980685.8737292,-0.9951127389755929,-0.12870652989916076,-1.515472722699868,1784980685.873765,-0.006350209395935843,0.012172975805161213,-0.019386222578994028,-0.1228835364400876,0.021644094076057663,-0.13778242068498736,1784980694.9934406,0.0,0.0,1784980694.9581065,17212.537109375,nan,nan,50.77097702026367,nan
42.56358623504639,1784980695.038371,BSMC,circle,circle_dist_bsmc_30cm_yawfree_p01,1784980695.0257475,-0.9927860567992725,-0.2534662362646047,-1.3776191929317623,2.978665759523113e-06,-0.00035773793956667913,1784980694.9995477,-0.9927608863216616,-0.2534434145428068,-1.3775851468199494,0.03882336616516113,0,1,1784980685.8737292,-0.9951127389755929,-0.12870652989916076,-1.515472722699868,1784980685.873765,-0.006350209395935843,0.012172975805161213,-0.019386222578994028,-0.12286745196212524,0.021642801340004625,-0.13788757587991873,1784980695.0332017,0.0,0.0,1784980695.008165,17212.5859375,nan,nan,50.10593032836914,nan
42.60393953323364,1784980695.0787244,BSMC,circle,circle_dist_bsmc_30cm_yawfree_p01,1784980695.0751839,-0.9927860493759624,-0.25346627415943357,-1.377631491460386,2.082317097487638e-06,-0.00033952691030669064,1784980694.9995477,-0.9927608863216616,-0.2534434145428068,-1.3775851468199494,0.07917666435241699,0,1,1784980685.8737292,-0.9951127389755929,-0.12870652989916076,-1.515472722699868,1784980685.873765,-0.006350209395935843,0.012172975805161213,-0.019386222578994028,-0.12286745196212524,0.021642801340004625,-0.13788757587991873,1784980695.074144,0.0,0.0,1784980695.0578868,17212.63671875,nan,nan,49.880611419677734,nan
42.64404106140137,1784980695.118826,BSMC,circle,circle_dist_bsmc_30cm_yawfree_p01,1784980695.0751839,-0.9927860493759624,-0.25346627415943357,-1.377631491460386,2.082317097487638e-06,-0.00033952691030669064,1784980695.0805771,-0.9927379952685965,-0.253463204425047,-1.3774652549460646,0.03824877738952637,0,1,1784980685.8737292,-0.9951127389755929,-0.12870652989916076,-1.515472722699868,1784980685.873765,-0.006350209395935843,0.012172975805161213,-0.019386222578994028,-0.12288867550797906,0.02163886961757612,-0.13800746775380343,1784980695.1136746,0.0,0.0,1784980695.1085267,17212.6875,nan,nan,50.21957015991211,nan
42.683459520339966,1784980695.1582444,BSMC,circle,circle_dist_bsmc_30cm_yawfree_p01,1784980695.125562,-0.9927797496260914,-0.25346612806246077,-1.3776053343209789,1.8757137939479735e-06,-0.0002768185376381829,1784980695.0805771,-0.9927379952685965,-0.253463204425047,-1.3774652549460646,0.077667236328125,0,1,1784980685.8737292,-0.9951127389755929,-0.12870652989916076,-1.515472722699868,1784980685.873765,-0.006350209395935843,0.012172975805161213,-0.019386222578994028,-0.12288867550797906,0.02163886961757612,-0.13800746775380343,1784980695.1542218,0.0,0.0,1784980695.1580002,17212.736328125,nan,nan,49.823448181152344,nan
42.72330069541931,1784980695.1980855,BSMC,circle,circle_dist_bsmc_30cm_yawfree_p01,1784980695.1754014,-0.992779745026357,-0.2534661515455294,-1.377614911498583,1.3080970456788207e-06,-0.00026264132702795407,1784980695.0805771,-0.9927379952685965,-0.253463204425047,-1.3774652549460646,0.1175084114074707,0,1,1784980685.8737292,-0.9951127389755929,-0.12870652989916076,-1.515472722699868,1784980685.873765,-0.006350209395935843,0.012172975805161213,-0.019386222578994028,-0.12288867550797906,0.02163886961757612,-0.13800746775380343,1784980695.1948955,0.0,0.0,1784980695.1580002,17212.736328125,nan,nan,49.823448181152344,nan
42.76350927352905,1784980695.2382941,BSMC,circle,circle_dist_bsmc_30cm_yawfree_p01,1784980695.2253468,-0.9927823196606776,-0.25346843242662775,-1.3773861191341263,1.7288035207756115e-06,4.582798430606629e-05,1784980695.2025073,-0.9927995548607226,-0.2534802636958238,-1.3766137885091636,0.03578686714172363,0,1,1784980685.8737292,-0.9951127389755929,-0.12870652989916076,-1.515472722699868,1784980685.873765,-0.006350209395935843,0.012172975805161213,-0.019386222578994028,-0.1228750660305321,0.02180719180229778,-0.1388589341907045,1784980695.2338057,0.0,0.0,1784980695.2084572,17212.787109375,nan,nan,50.06733322143555,nan
42.80389070510864,1784980695.2786756,BSMC,circle,circle_dist_bsmc_30cm_yawfree_p01,1784980695.275338,-0.9927823151308484,-0.2534684555187098,-1.3773845166313676,1.2031895320100618e-06,4.349297407537295e-05,1784980695.2025073,-0.9927995548607226,-0.2534802636958238,-1.3766137885091636,0.07616829872131348,0,1,1784980685.8737292,-0.9951127389755929,-0.12870652989916076,-1.515472722699868,1784980685.873765,-0.006350209395935843,0.012172975805161213,-0.019386222578994028,-0.1228750660305321,0.02180719180229778,-0.1388589341907045,1784980695.2736175,0.0,0.0,1784980695.2590387,17212.837890625,nan,nan,50.96800994873047,nan
42.84335255622864,1784980695.3181374,BSMC,circle,circle_dist_bsmc_30cm_yawfree_p01,1784980695.275338,-0.9927823151308484,-0.2534684555187098,-1.3773845166313676,1.2031895320100618e-06,4.349297407537295e-05,1784980695.287739,-0.9928542159095044,-0.2535373856023141,-1.3767838533277512,0.03039836883544922,0,1,1784980685.8737292,-0.9951127389755929,-0.12870652989916076,-1.515472722699868,1784980685.873765,-0.006350209395935843,0.012172975805161213,-0.019386222578994028,-0.12292428458524206,0.02185094325716775,-0.13868886937211689,1784980695.3131452,0.0,0.0,1784980695.30828,17212.88671875,nan,nan,49.21199417114258,nan
42.88338232040405,1784980695.3581672,BSMC,circle,circle_dist_bsmc_30cm_yawfree_p01,1784980695.3264003,-0.9927913525701256,-0.2534794547580387,-1.3772440675052666,4.68368727885597e-06,0.00020838694436195164,1784980695.287739,-0.9928542159095044,-0.2535373856023141,-1.3767838533277512,0.07042813301086426,0,1,1784980685.8737292,-0.9951127389755929,-0.12870652989916076,-1.515472722699868,1784980685.873765,-0.006350209395935843,0.012172975805161213,-0.019386222578994028,-0.12292428458524206,0.02185094325716775,-0.13868886937211689,1784980695.353782,0.0,0.0,1784980695.30828,17212.88671875,nan,nan,49.21199417114258,nan
42.92333769798279,1784980695.3981225,BSMC,circle,circle_dist_bsmc_30cm_yawfree_p01,1784980695.375726,-0.9927913413342812,-0.2534795119898579,-1.3772369357804102,3.2596499128462222e-06,0.00019773872463270438,1784980695.287739,-0.9928542159095044,-0.2535373856023141,-1.3767838533277512,0.11038351058959961,0,1,1784980685.8737292,-0.9951127389755929,-0.12870652989916076,-1.515472722699868,1784980685.873765,-0.006350209395935843,0.012172975805161213,-0.019386222578994028,-0.12292428458524206,0.02185094325716775,-0.13868886937211689,1784980695.3938632,0.0,0.0,1784980695.3595006,17212.9375,nan,nan,50.41244888305664,nan
42.963690996170044,1784980695.4384758,BSMC,circle,circle_dist_bsmc_30cm_yawfree_p01,1784980695.4256039,-0.9927960263586761,-0.2534759693100207,-1.3771604440088414,1.9813601600401864e-07,0.00027374471964210803,1784980695.4019582,-0.992825104033627,-0.25345986509054363,-1.3769369836114402,0.03651762008666992,0,1,1784980685.8737292,-0.9951127389755929,-0.12870652989916076,-1.515472722699868,1784980685.873765,-0.006350209395935843,0.012172975805161213,-0.019386222578994028,-0.12285716910988038,0.02178861889398878,-0.13853573908842787,1784980695.4335673,0.0,0.0,1784980695.4101813,17212.98828125,nan,nan,49.99048614501953,nan
43.00347661972046,1784980695.4782615,BSMC,circle,circle_dist_bsmc_30cm_yawfree_p01,1784980695.475497,-0.9927960258405061,-0.2534759719536919,-1.3771508812916873,1.3797425127989245e-07,0.0002598215585265537,1784980695.4019582,-0.992825104033627,-0.25345986509054363,-1.3769369836114402,0.07630324363708496,0,1,1784980685.8737292,-0.9951127389755929,-0.12870652989916076,-1.515472722699868,1784980685.873765,-0.006350209395935843,0.012172975805161213,-0.019386222578994028,-0.12285716910988038,0.02178861889398878,-0.13853573908842787,1784980695.473909,0.0,0.0,1784980695.4590786,17213.037109375,nan,nan,50.39822006225586,nan
43.04340362548828,1784980695.5181885,BSMC,circle,circle_dist_bsmc_30cm_yawfree_p01,1784980695.475497,-0.9927960258405061,-0.2534759719536919,-1.3771508812916873,1.3797425127989245e-07,0.0002598215585265537,1784980695.4806938,-0.992811021082593,-0.25344394122707703,-1.3771379343985797,0.037494659423828125,0,1,1784980685.8737292,-0.9951127389755929,-0.12870652989916076,-1.515472722699868,1784980685.873765,-0.006350209395935843,0.012172975805161213,-0.019386222578994028,-0.12284862914123826,0.021747045964158843,-0.13833478830128842,1784980695.5131967,0.0,0.0,1784980695.509241,17213.087890625,nan,nan,50.050479888916016,nan
43.08368229866028,1784980695.5584671,BSMC,circle,circle_dist_bsmc_30cm_yawfree_p01,1784980695.5253718,-0.9927982096150142,-0.2534705996987977,-1.3771388030435316,-2.200468903119207e-06,0.0002502060841664196,1784980695.4806938,-0.992811021082593,-0.25344394122707703,-1.3771379343985797,0.0777733325958252,0,1,1784980685.8737292,-0.9951127389755929,-0.12870652989916076,-1.515472722699868,1784980685.873765,-0.006350209395935843,0.012172975805161213,-0.019386222578994028,-0.12284862914123826,0.021747045964158843,-0.13833478830128842,1784980695.5536368,0.0,0.0,1784980695.509241,17213.087890625,nan,nan,50.050479888916016,nan
43.12357306480408,1784980695.598358,BSMC,circle,circle_dist_bsmc_30cm_yawfree_p01,1784980695.5754616,-0.9927982153012055,-0.2534705707189719,-1.3771300495176484,-1.5331225029085134e-06,0.0002373952640838335,1784980695.4806938,-0.992811021082593,-0.25344394122707703,-1.3771379343985797,0.11766409873962402,0,1,1784980685.8737292,-0.9951127389755929,-0.12870652989916076,-1.515472722699868,1784980685.873765,-0.006350209395935843,0.012172975805161213,-0.019386222578994028,-0.12284862914123826,0.021747045964158843,-0.13833478830128842,1784980695.594503,0.0,0.0,1784980695.5620818,17213.138671875,nan,nan,50.01213073730469,nan
43.16352391242981,1784980695.6383088,BSMC,circle,circle_dist_bsmc_30cm_yawfree_p01,1784980695.6255646,-0.9927994152927875,-0.2534670883878687,-1.3770922230020068,-2.741470528977862e-06,0.00026172629963857496,1784980695.600286,-0.9928060369961558,-0.2534504854827304,-1.3770001159180878,0.038022756576538086,0,1,1784980685.8737292,-0.9951127389755929,-0.12870652989916076,-1.515472722699868,1784980685.873765,-0.006350209395935843,0.012172975805161213,-0.019386222578994028,-0.12285301244068958,0.021760346111799514,-0.1384726067817803,1784980695.6339974,0.0,0.0,1784980695.6114798,17213.1875,nan,nan,50.10268783569336,nan
43.20339608192444,1784980695.678181,BSMC,circle,circle_dist_bsmc_30cm_yawfree_p01,1784980695.6766727,-0.9927994229389707,-0.2534670494199835,-1.3770827830142827,-1.910942790131466e-06,0.0002483895339544992,1784980695.600286,-0.9928060369961558,-0.2534504854827304,-1.3770001159180878,0.07789492607116699,0,1,1784980685.8737292,-0.9951127389755929,-0.12870652989916076,-1.515472722699868,1784980685.873765,-0.006350209395935843,0.012172975805161213,-0.019386222578994028,-0.12285301244068958,0.021760346111799514,-0.1384726067817803,1784980695.6735153,0.0,0.0,1784980695.6591833,17213.23828125,nan,nan,49.99909210205078,nan
43.24358654022217,1784980695.7183714,BSMC,circle,circle_dist_bsmc_30cm_yawfree_p01,1784980695.6766727,-0.9927994229389707,-0.2534670494199835,-1.3770827830142827,-1.910942790131466e-06,0.0002483895339544992,1784980695.6827934,-0.9927845028721417,-0.2534469654468473,-1.3770865741482325,0.035578012466430664,0,1,1784980685.8737292,-0.9951127389755929,-0.12870652989916076,-1.515472722699868,1784980685.873765,-0.006350209395935843,0.012172975805161213,-0.019386222578994028,-0.12285558447373646,0.021727915399240724,-0.13838614855163553,1784980695.713353,0.0,0.0,1784980695.7111242,17213.2890625,nan,nan,51.8292236328125,nan
43.28342580795288,1784980695.7582107,BSMC,circle,circle_dist_bsmc_30cm_yawfree_p01,1784980695.7255821,-0.9927976029337268,-0.2534638045252481,-1.37707523358902,-2.473856161406392e-06,0.00023465771114878996,1784980695.6827934,-0.9927845028721417,-0.2534469654468473,-1.3770865741482325,0.07541728019714355,0,1,1784980685.8737292,-0.9951127389755929,-0.12870652989916076,-1.515472722699868,1784980685.873765,-0.006350209395935843,0.012172975805161213,-0.019386222578994028,-0.12285558447373646,0.021727915399240724,-0.13838614855163553,1784980695.7535388,0.0,0.0,1784980695.7111242,17213.2890625,nan,nan,51.8292236328125,nan
43.32355451583862,1784980695.7983394,BSMC,circle,circle_dist_bsmc_30cm_yawfree_p01,1784980695.7754319,-0.9927976092900339,-0.25346377212450133,-1.3770670942061352,-1.7263451437991596e-06,0.00022264022889778936,1784980695.6827934,-0.9927845028721417,-0.2534469654468473,-1.3770865741482325,0.11554598808288574,0,1,1784980685.8737292,-0.9951127389755929,-0.12870652989916076,-1.515472722699868,1784980685.873765,-0.006350209395935843,0.012172975805161213,-0.019386222578994028,-0.12285558447373646,0.021727915399240724,-0.13838614855163553,1784980695.794022,0.0,0.0,1784980695.759462,17213.337890625,nan,nan,48.50711441040039,nan
43.36361241340637,1784980695.8383973,BSMC,circle,circle_dist_bsmc_30cm_yawfree_p01,1784980695.8253493,-0.992795903030735,-0.253461385129152,-1.3770482304931018,-2.1209239945891024e-06,0.00022503011336001306,1784980695.8012693,-0.9927841500160204,-0.2534492762667578,-1.377015604043582,0.03712797164916992,0,1,1784980685.8737292,-0.9951127389755929,-0.12870652989916076,-1.515472722699868,1784980685.873765,-0.006350209395935843,0.012172975805161213,-0.019386222578994028,-0.12285637765023862,0.021736733161522526,-0.13845711865628618,1784980695.8335116,0.0,0.0,1784980695.810259,17213.388671875,nan,nan,50.596988677978516,nan
43.40318489074707,1784980695.8779697,BSMC,circle,circle_dist_bsmc_30cm_yawfree_p01,1784980695.8753777,-0.9927959234736822,-0.25346128093970627,-1.3770369652097645,-2.1209239945891024e-06,0.00022503011336001306,1784980695.8012693,-0.9927841500160204,-0.2534492762667578,-1.377015604043582,0.07670044898986816,0,1,1784980685.8737292,-0.9951127389755929,-0.12870652989916076,-1.515472722699868,1784980685.873765,-0.006350209395935843,0.012172975805161213,-0.019386222578994028,-0.12285637765023862,0.021736733161522526,-0.13845711865628618,1784980695.8736362,0.0,0.0,1784980695.8765914,17213.455078125,nan,nan,66.61310577392578,nan
43.4432954788208,1784980695.9180803,BSMC,circle,circle_dist_bsmc_30cm_yawfree_p01,1784980695.8753777,-0.9927959234736822,-0.25346128093970627,-1.3770369652097645,-2.1209239945891024e-06,0.00022503011336001306,1784980695.8815656,-0.99278774401232,-0.2534533643549046,-1.3769651160728893,0.0365147590637207,0,1,1784980685.8737292,-0.9951127389755929,-0.12870652989916076,-1.515472722699868,1784980685.873765,-0.006350209395935843,0.012172975805161213,-0.019386222578994028,-0.12285859930783574,0.02174725004281389,-0.1385076066269788,1784980695.913653,0.0,0.0,1784980695.9101806,17213.48828125,nan,nan,33.25893020629883,nan
43.48360896110535,1784980695.9583938,BSMC,circle,circle_dist_bsmc_30cm_yawfree_p01,1784980695.9252062,-0.9927948969531156,-0.25346006504253277,-1.377015630919985,-1.418077947903532e-06,0.00022282212530243302,1784980695.8815656,-0.99278774401232,-0.2534533643549046,-1.3769651160728893,0.0768282413482666,0,1,1784980685.8737292,-0.9951127389755929,-0.12870652989916076,-1.515472722699868,1784980685.873765,-0.006350209395935843,0.012172975805161213,-0.019386222578994028,-0.12285859930783574,0.02174725004281389,-0.1385076066269788,1784980695.953642,0.0,0.0,1784980695.9101806,17213.48828125,nan,nan,33.25893020629883,nan
43.523186922073364,1784980695.9979718,BSMC,circle,circle_dist_bsmc_30cm_yawfree_p01,1784980695.9759045,-0.9927949012492334,-0.2534600431471276,-1.3770077021171234,-9.888746202686067e-07,0.0002113418135193262,1784980695.8815656,-0.99278774401232,-0.2534533643549046,-1.3769651160728893,0.11640620231628418,0,1,1784980685.8737292,-0.9951127389755929,-0.12870652989916076,-1.515472722699868,1784980685.873765,-0.006350209395935843,0.012172975805161213,-0.019386222578994028,-0.12285859930783574,0.02174725004281389,-0.1385076066269788,1784980695.993733,0.0,0.0,1784980695.9637187,17213.54296875,nan,nan,53.70571517944336,nan
43.563514709472656,1784980696.0382996,BSMC,circle,circle_dist_bsmc_30cm_yawfree_p01,1784980696.0255294,-0.9927915866116163,-0.2534589352095085,-1.3769785621481008,-8.855081245268203e-07,0.00022740535625560083,1784980696.0011957,-0.9927698979538956,-0.2534525439715194,-1.3769110336689578,0.037103891372680664,0,1,1784980685.8737292,-0.9951127389755929,-0.12870652989916076,-1.515472722699868,1784980685.873765,-0.006350209395935843,0.012172975805161213,-0.019386222578994028,-0.12286005642335138,0.02173622475603714,-0.13856168903091026,1784980696.0333974,0.0,0.0,1784980696.0117035,17213.58984375,nan,nan,47.86368942260742,nan
43.603435754776,1784980696.0782206,BSMC,circle,circle_dist_bsmc_30cm_yawfree_p01,1784980696.075311,-0.9927915891570456,-0.2534589222381029,-1.3769706403672142,-6.173930632582554e-07,0.00021578157568285077,1784980696.0011957,-0.9927698979538956,-0.2534525439715194,-1.3769110336689578,0.07702493667602539,0,1,1784980685.8737292,-0.9951127389755929,-0.12870652989916076,-1.515472722699868,1784980685.873765,-0.006350209395935843,0.012172975805161213,-0.019386222578994028,-0.12286005642335138,0.02173622475603714,-0.13856168903091026,1784980696.073852,0.0,0.0,1784980696.0623147,17213.640625,nan,nan,50.52113723754883,nan
43.643237829208374,1784980696.1180227,BSMC,circle,circle_dist_bsmc_30cm_yawfree_p01,1784980696.075311,-0.9927915891570456,-0.2534589222381029,-1.3769706403672142,-6.173930632582554e-07,0.00021578157568285077,1784980696.08148,-0.992836632957672,-0.2534533988286753,-1.3775460914178064,0.036542654037475586,0,1,1784980685.8737292,-0.9951127389755929,-0.12870652989916076,-1.515472722699868,1784980685.873765,-0.006350209395935843,0.012172975805161213,-0.019386222578994028,-0.12286185791669914,0.02172385406826162,-0.13792663128206173,1784980696.1139123,0.0,0.0,1784980696.1150234,17213.693359375,nan,nan,53.05381774902344,nan
43.68367028236389,1784980696.1584551,BSMC,circle,circle_dist_bsmc_30cm_yawfree_p01,1784980696.125522,-0.9927975463536296,-0.25345769207803354,-1.3770948558876213,-1.3393806004436072e-06,4.8309582098997945e-05,1784980696.08148,-0.992836632957672,-0.2534533988286753,-1.3775460914178064,0.07697510719299316,0,1,1784980685.8737292,-0.9951127389755929,-0.12870652989916076,-1.515472722699868,1784980685.873765,-0.006350209395935843,0.012172975805161213,-0.019386222578994028,-0.12286185791669914,0.02172385406826162,-0.13792663128206173,1784980696.1540627,0.0,0.0,1784980696.1150234,17213.693359375,nan,nan,53.05381774902344,nan
43.72422432899475,1784980696.1990092,BSMC,circle,circle_dist_bsmc_30cm_yawfree_p01,1784980696.175511,-0.9927975501146665,-0.25345767289329324,-1.3770931694032753,-9.38614534555963e-07,4.583522487841747e-05,1784980696.08148,-0.992836632957672,-0.2534533988286753,-1.3775460914178064,0.11752915382385254,0,1,1784980685.8737292,-0.9951127389755929,-0.12870652989916076,-1.515472722699868,1784980685.873765,-0.006350209395935843,0.012172975805161213,-0.019386222578994028,-0.12286185791669914,0.02172385406826162,-0.13792663128206173,1784980696.1943748,0.0,0.0,1784980696.160691,17213.740234375,nan,nan,45.602813720703125,nan
43.7635612487793,1784980696.238346,BSMC,circle,circle_dist_bsmc_30cm_yawfree_p01,1784980696.22558,-0.9928012715066853,-0.2534564012304804,-1.3772093298493755,-1.5156122410791914e-06,-0.00010134269302008731,1784980696.2008104,-0.9928248091369387,-0.2534514028914207,-1.3775933826648388,0.037535667419433594,0,1,1784980685.8737292,-0.9951127389755929,-0.12870652989916076,-1.515472722699868,1784980685.873765,-0.006350209395935843,0.012172975805161213,-0.019386222578994028,-0.12286319653774538,0.021706056696899588,-0.13787934003502936,1784980696.2336051,0.0,0.0,1784980696.2164483,17213.794921875,nan,nan,55.578369140625,nan
43.80359864234924,1784980696.2783835,BSMC,circle,circle_dist_bsmc_30cm_yawfree_p01,1784980696.2755294,-0.9928012758440173,-0.2534563790873428,-1.3772128741344427,-1.0623572344637358e-06,-9.617526903994922e-05,1784980696.2008104,-0.9928248091369387,-0.2534514028914207,-1.3775933826648388,0.07757306098937988,0,1,1784980685.8737292,-0.9951127389755929,-0.12870652989916076,-1.515472722699868,1784980685.873765,-0.006350209395935843,0.012172975805161213,-0.019386222578994028,-0.12286319653774538,0.021706056696899588,-0.13787934003502936,1784980696.2735488,0.0,0.0,1784980696.261265,17213.83984375,nan,nan,44.80167770385742,nan
43.84322142601013,1784980696.3180063,BSMC,circle,circle_dist_bsmc_30cm_yawfree_p01,1784980696.2755294,-0.9928012758440173,-0.2534563790873428,-1.3772128741344427,-1.0623572344637358e-06,-9.617526903994922e-05,1784980696.2906609,-0.9928248091369387,-0.2534514028914207,-1.3775933826648388,0.02734541893005371,0,1,1784980685.8737292,-0.9951127389755929,-0.12870652989916076,-1.515472722699868,1784980685.873765,-0.006350209395935843,0.012172975805161213,-0.019386222578994028,-0.12286319653774538,0.021706056696899588,-0.13787934003502936,1784980696.3134649,0.0,0.0,1784980696.261265,17213.83984375,nan,nan,44.80167770385742,nan
43.88353610038757,1784980696.358321,BSMC,circle,circle_dist_bsmc_30cm_yawfree_p01,1784980696.3260179,-0.992804439255747,-0.2534553681255107,-1.3773041495568221,-1.38220199624405e-06,-0.00019705706582389727,1784980696.2906609,-0.9928248091369387,-0.2534514028914207,-1.3775933826648388,0.06766009330749512,0,1,1784980685.8737292,-0.9951127389755929,-0.12870652989916076,-1.515472722699868,1784980685.873765,-0.006350209395935843,0.012172975805161213,-0.019386222578994028,-0.12286319653774538,0.021706056696899588,-0.13787934003502936,1784980696.353687,0.0,0.0,1784980696.3203056,17213.8984375,nan,nan,59.12041091918945,nan
43.9233500957489,1784980696.398135,BSMC,circle,circle_dist_bsmc_30cm_yawfree_p01,1784980696.3756661,-0.99280444320268,-0.25345534796770147,-1.3773109752412394,-9.70496347852959e-07,-0.0001869778099555217,1784980696.2906609,-0.9928248091369387,-0.2534514028914207,-1.3775933826648388,0.10747408866882324,0,1,1784980685.8737292,-0.9951127389755929,-0.12870652989916076,-1.515472722699868,1784980685.873765,-0.006350209395935843,0.012172975805161213,-0.019386222578994028,-0.12286319653774538,0.021706056696899588,-0.13787934003502936,1784980696.3935008,0.0,0.0,1784980696.3629594,17213.94140625,nan,nan,42.85895538330078,nan
43.96365761756897,1784980696.4384425,BSMC,circle,circle_dist_bsmc_30cm_yawfree_p01,1784980696.4256,-0.9928080652895945,-0.2534556463476084,-1.3773449910473055,-8.549159342576298e-07,-0.0002112711562875208,1784980696.401887,-0.9928314857413189,-0.25345831527268414,-1.3774319863996682,0.03655552864074707,0,1,1784980685.8737292,-0.9951127389755929,-0.12870652989916076,-1.515472722699868,1784980685.873765,-0.006350209395935843,0.012172975805161213,-0.019386222578994028,-0.12286519223121183,0.021733766543972372,-0.13804073630019986,1784980696.4334025,0.0,0.0,1784980696.413362,17213.990234375,nan,nan,48.454620361328125,nan
44.00350570678711,1784980696.4782906,BSMC,circle,circle_dist_bsmc_30cm_yawfree_p01,1784980696.4755764,-0.9928080678011245,-0.2534556335229638,-1.3773524310797622,-5.958975970876681e-07,-0.0002004992418726819,1784980696.401887,-0.9928314857413189,-0.25345831527268414,-1.3774319863996682,0.07640361785888672,0,1,1784980685.8737292,-0.9951127389755929,-0.12870652989916076,-1.515472722699868,1784980685.873765,-0.006350209395935843,0.012172975805161213,-0.019386222578994028,-0.12286519223121183,0.021733766543972372,-0.13804073630019986,1784980696.4745533,0.0,0.0,1784980696.4643238,17214.041015625,nan,nan,51.6168327331543,nan
44.04337668418884,1784980696.5181615,BSMC,circle,circle_dist_bsmc_30cm_yawfree_p01,1784980696.4755764,-0.9928080678011245,-0.2534556335229638,-1.3773524310797622,-5.958975970876681e-07,-0.0002004992418726819,1784980696.481257,-0.9928314857413189,-0.25345831527268414,-1.3774319863996682,0.03690457344055176,0,1,1784980685.8737292,-0.9951127389755929,-0.12870652989916076,-1.515472722699868,1784980685.873765,-0.006350209395935843,0.012172975805161213,-0.019386222578994028,-0.12286519223121183,0.021733766543972372,-0.13804073630019986,1784980696.5137622,0.0,0.0,1784980696.51351,17214.091796875,nan,nan,48.97313690185547,nan
44.08380365371704,1784980696.5585885,BSMC,circle,circle_dist_bsmc_30cm_yawfree_p01,1784980696.5261917,-0.9928111206964687,-0.2534559056785334,-1.3773777579880366,-5.372340969700146e-07,-0.0002118174512496081,1784980696.481257,-0.9928314857413189,-0.25345831527268414,-1.3774319863996682,0.07733154296875,0,1,1784980685.8737292,-0.9951127389755929,-0.12870652989916076,-1.515472722699868,1784980685.873765,-0.006350209395935843,0.012172975805161213,-0.019386222578994028,-0.12286519223121183,0.021733766543972372,-0.13804073630019986,1784980696.553538,0.0,0.0,1784980696.51351,17214.091796875,nan,nan,48.97313690185547,nan
44.12384653091431,1784980696.5986314,BSMC,circle,circle_dist_bsmc_30cm_yawfree_p01,1784980696.5759492,-0.9928111222121051,-0.25345589793960704,-1.377385116945028,-3.716902616023711e-07,-0.00020087528702519402,1784980696.481257,-0.9928314857413189,-0.25345831527268414,-1.3774319863996682,0.11737442016601562,0,1,1784980685.8737292,-0.9951127389755929,-0.12870652989916076,-1.515472722699868,1784980685.873765,-0.006350209395935843,0.012172975805161213,-0.019386222578994028,-0.12286519223121183,0.021733766543972372,-0.13804073630019986,1784980696.5934162,0.0,0.0,1784980696.5671556,17214.14453125,nan,nan,53.93505859375,nan
44.163219690322876,1784980696.6380045,BSMC,circle,circle_dist_bsmc_30cm_yawfree_p01,1784980696.625337,-0.9928135516950962,-0.2534562075250021,-1.3774056154228425,-3.302680584967304e-07,-0.0002073338558939185,1784980696.600584,-0.9928293108314857,-0.25345851547415155,-1.3774466950234887,0.03742051124572754,0,1,1784980685.8737292,-0.9951127389755929,-0.12870652989916076,-1.515472722699868,1784980685.873765,-0.006350209395935843,0.012172975805161213,-0.019386222578994028,-0.1228661262654501,0.021729863449052905,-0.1380260276763794,1784980696.6339011,0.0,0.0,1784980696.6131172,17214.19140625,nan,nan,46.07817077636719,nan
44.203124046325684,1784980696.677909,BSMC,circle,circle_dist_bsmc_30cm_yawfree_p01,1784980696.675661,-0.9928135527091325,-0.2534562023469136,-1.3774129528524512,-2.28195869570052e-07,-0.00019664322823199692,1784980696.600584,-0.9928293108314857,-0.25345851547415155,-1.3774466950234887,0.07732486724853516,0,1,1784980685.8737292,-0.9951127389755929,-0.12870652989916076,-1.515472722699868,1784980685.873765,-0.006350209395935843,0.012172975805161213,-0.019386222578994028,-0.1228661262654501,0.021729863449052905,-0.1380260276763794,1784980696.6743166,0.0,0.0,1784980696.6694982,17214.24609375,nan,nan,55.59904098510742,nan
44.243438959121704,1784980696.7182238,BSMC,circle,circle_dist_bsmc_30cm_yawfree_p01,1784980696.675661,-0.9928135527091325,-0.2534562023469136,-1.3774129528524512,-2.28195869570052e-07,-0.00019664322823199692,1784980696.6834292,-0.9928293108314857,-0.25345851547415155,-1.3774466950234887,0.03479456901550293,0,1,1784980685.8737292,-0.9951127389755929,-0.12870652989916076,-1.515472722699868,1784980685.873765,-0.006350209395935843,0.012172975805161213,-0.019386222578994028,-0.1228661262654501,0.021729863449052905,-0.1380260276763794,1784980696.71418,0.0,0.0,1784980696.7142773,17214.291015625,nan,nan,45.30845260620117,nan
44.283318758010864,1784980696.7581036,BSMC,circle,circle_dist_bsmc_30cm_yawfree_p01,1784980696.7255137,-0.992815611308035,-0.2534564729500936,-1.3774274860030982,-2.092143830390031e-07,-0.0001957066249949795,1784980696.6834292,-0.9928293108314857,-0.25345851547415155,-1.3774466950234887,0.07467436790466309,0,1,1784980685.8737292,-0.9951127389755929,-0.12870652989916076,-1.515472722699868,1784980685.873765,-0.006350209395935843,0.012172975805161213,-0.019386222578994028,-0.1228661262654501,0.021729863449052905,-0.1380260276763794,1784980696.7540271,0.0,0.0,1784980696.7142773,17214.291015625,nan,nan,45.30845260620117,nan
44.32326054573059,1784980696.7980454,BSMC,circle,circle_dist_bsmc_30cm_yawfree_p01,1784980696.775823,-0.9928156119596622,-0.253456469622237,-1.3774343943717133,-1.442547685063076e-07,-0.00018553226689552703,1784980696.6834292,-0.9928293108314857,-0.25345851547415155,-1.3774466950234887,0.11461615562438965,0,1,1784980685.8737292,-0.9951127389755929,-0.12870652989916076,-1.515472722699868,1784980685.873765,-0.006350209395935843,0.012172975805161213,-0.019386222578994028,-0.1228661262654501,0.021729863449052905,-0.1380260276763794,1784980696.7935483,0.0,0.0,1784980696.7714887,17214.349609375,nan,nan,57.21580123901367,nan
44.363219022750854,1784980696.8380039,BSMC,circle,circle_dist_bsmc_30cm_yawfree_p01,1784980696.8256059,-0.992817330751841,-0.2534567568198908,-1.377443161919215,-1.2135859533404495e-07,-0.000178884708113549,1784980696.8025699,-0.9928284712589172,-0.2534587114200857,-1.3774478788819122,0.03543400764465332,0,1,1784980685.8737292,-0.9951127389755929,-0.12870652989916076,-1.515472722699868,1784980685.873765,-0.006350209395935843,0.012172975805161213,-0.019386222578994028,-0.12286650560571911,0.0217289317149059,-0.13802484381795585,1784980696.8335724,0.0,0.0,1784980696.8154533,17214.392578125,nan,nan,43.82146072387695,nan
44.40413975715637,1784980696.8789246,BSMC,circle,circle_dist_bsmc_30cm_yawfree_p01,1784980696.8753319,-0.992817331116044,-0.253456754959571,-1.3774494038214524,-8.500615446449573e-08,-0.00016975695969131775,1784980696.8025699,-0.9928284712589172,-0.2534587114200857,-1.3774478788819122,0.0763547420501709,0,1,1784980685.8737292,-0.9951127389755929,-0.12870652989916076,-1.515472722699868,1784980685.873765,-0.006350209395935843,0.012172975805161213,-0.019386222578994028,-0.12286650560571911,0.0217289317149059,-0.13802484381795585,1784980696.873519,0.0,0.0,1784980696.8638594,17214.44140625,nan,nan,49.0245246887207,nan
44.443886280059814,1784980696.9186711,BSMC,circle,circle_dist_bsmc_30cm_yawfree_p01,1784980696.8753319,-0.992817331116044,-0.253456754959571,-1.3774494038214524,-8.500615446449573e-08,-0.00016975695969131775,1784980696.8827138,-0.9928284712589172,-0.2534587114200857,-1.3774478788819122,0.03595733642578125,0,1,1784980685.8737292,-0.9951127389755929,-0.12870652989916076,-1.515472722699868,1784980685.873765,-0.006350209395935843,0.012172975805161213,-0.019386222578994028,-0.12286650560571911,0.0217289317149059,-0.13802484381795585,1784980696.9138174,0.0,0.0,1784980696.9171207,17214.49609375,nan,nan,54.0623893737793,nan
44.48348069190979,1784980696.9582655,BSMC,circle,circle_dist_bsmc_30cm_yawfree_p01,1784980696.9254808,-0.9928187818038845,-0.2534570001537488,-1.3774550069353266,-7.308225001303686e-08,-0.00016056778686536512,1784980696.8827138,-0.9928284712589172,-0.2534587114200857,-1.3774478788819122,0.07555174827575684,0,1,1784980685.8737292,-0.9951127389755929,-0.12870652989916076,-1.515472722699868,1784980685.873765,-0.006350209395935843,0.012172975805161213,-0.019386222578994028,-0.12286650560571911,0.0217289317149059,-0.13802484381795585,1784980696.9539015,0.0,0.0,1784980696.9171207,17214.49609375,nan,nan,54.0623893737793,nan
44.52337598800659,1784980696.9981608,BSMC,circle,circle_dist_bsmc_30cm_yawfree_p01,1784980696.975483,-0.9928187820198713,-0.2534569990502631,-1.377460622078389,-5.11785363760599e-08,-0.0001523291797047731,1784980696.8827138,-0.9928284712589172,-0.2534587114200857,-1.3774478788819122,0.1154470443725586,0,1,1784980685.8737292,-0.9951127389755929,-0.12870652989916076,-1.515472722699868,1784980685.873765,-0.006350209395935843,0.012172975805161213,-0.019386222578994028,-0.12286650560571911,0.0217289317149059,-0.13802484381795585,1784980696.9933906,0.0,0.0,1784980696.9642408,17214.54296875,nan,nan,46.027950286865234,nan
44.5631639957428,1784980697.0379488,BSMC,circle,circle_dist_bsmc_30cm_yawfree_p01,1784980697.0253336,-0.9928201950980182,-0.2534572298808591,-1.3774627876198868,-5.465819556356615e-08,-0.00014058563306428235,1784980697.0013852,-0.9928293675533478,-0.25345880772459106,-1.3774500190209504,0.03656363487243652,0,1,1784980685.8737292,-0.9951127389755929,-0.12870652989916076,-1.515472722699868,1784980685.873765,-0.006350209395935843,0.012172975805161213,-0.019386222578994028,-0.12286647440088774,0.02172956686133597,-0.13802270367891767,1784980697.0335314,0.0,0.0,1784980697.0199013,17214.59765625,nan,nan,55.90835952758789,nan
44.603150367736816,1784980697.0779352,BSMC,circle,circle_dist_bsmc_30cm_yawfree_p01,1784980697.0755415,-0.99282019562446,-0.2534572271918983,-1.3774698351622698,-5.465819556356615e-08,-0.00014058563306428235,1784980697.0013852,-0.9928293675533478,-0.25345880772459106,-1.3774500190209504,0.07655000686645508,0,1,1784980685.8737292,-0.9951127389755929,-0.12870652989916076,-1.515472722699868,1784980685.873765,-0.006350209395935843,0.012172975805161213,-0.019386222578994028,-0.12286647440088774,0.02172956686133597,-0.13802270367891767,1784980697.073582,0.0,0.0,1784980697.0199013,17214.59765625,nan,nan,55.90835952758789,nan
44.64343857765198,1784980697.1182234,BSMC,circle,circle_dist_bsmc_30cm_yawfree_p01,1784980697.0755415,-0.99282019562446,-0.2534572271918983,-1.3774698351622698,-5.465819556356615e-08,-0.00014058563306428235,1784980697.0825913,-0.9928902447172798,-0.25350486512141285,-1.3763547393790958,0.03563213348388672,0,1,1784980685.8737292,-0.9951127389755929,-0.12870652989916076,-1.515472722699868,1784980685.873765,-0.006350209395935843,0.012172975805161213,-0.019386222578994028,-0.12287602762911116,0.021932756075417177,-0.1391179833207723,1784980697.1140113,0.0,0.0,1784980697.0792804,17214.658203125,nan,nan,59.4521484375,nan
44.68411564826965,1784980697.1589005,BSMC,circle,circle_dist_bsmc_30cm_yawfree_p01,1784980697.1255589,-0.9928290565722158,-0.2534646967512501,-1.3772154997627666,2.8646532650008124e-06,0.00018355330217971269,1784980697.0825913,-0.9928902447172798,-0.25350486512141285,-1.3763547393790958,0.0763092041015625,0,1,1784980685.8737292,-0.9951127389755929,-0.12870652989916076,-1.515472722699868,1784980685.873765,-0.006350209395935843,0.012172975805161213,-0.019386222578994028,-0.12287602762911116,0.021932756075417177,-0.1391179833207723,1784980697.1535156,0.0,0.0,1784980697.127187,17214.705078125,nan,nan,48.55632019042969,nan
44.72328519821167,1784980697.19807,BSMC,circle,circle_dist_bsmc_30cm_yawfree_p01,1784980697.1751304,-0.9928290664266094,-0.2534646463765839,-1.3772118763876136,1.4133870585154451e-06,0.00016540568276307587,1784980697.0825913,-0.9928902447172798,-0.25350486512141285,-1.3763547393790958,0.1154787540435791,0,1,1784980685.8737292,-0.9951127389755929,-0.12870652989916076,-1.515472722699868,1784980685.873765,-0.006350209395935843,0.012172975805161213,-0.019386222578994028,-0.12287602762911116,0.021932756075417177,-0.1391179833207723,1784980697.1935143,0.0,0.0,1784980697.1652617,17214.7421875,nan,nan,36.6661262512207,nan
44.76337742805481,1784980697.2381623,BSMC,circle,circle_dist_bsmc_30cm_yawfree_p01,1784980697.2257183,-0.992837031288995,-0.2534710593300084,-1.3770056421968622,3.0140929922397193e-06,0.00040261358951806887,1784980697.20262,-0.9928902447172798,-0.25350486512141285,-1.3763547393790958,0.03554224967956543,0,1,1784980685.8737292,-0.9951127389755929,-0.12870652989916076,-1.515472722699868,1784980685.873765,-0.006350209395935843,0.012172975805161213,-0.019386222578994028,-0.12287602762911116,0.021932756075417177,-0.1391179833207723,1784980697.2336252,0.0,0.0,1784980697.2140737,17214.79296875,nan,nan,50.19195556640625,nan
44.803922176361084,1784980697.278707,BSMC,circle,circle_dist_bsmc_30cm_yawfree_p01,1784980697.2757504,-0.9928370217401268,-0.2534711079161912,-1.3769914527333122,2.110453871667473e-06,0.00038207686188424704,1784980697.20262,-0.9928902447172798,-0.25350486512141285,-1.3763547393790958,0.07608699798583984,0,1,1784980685.8737292,-0.9951127389755929,-0.12870652989916076,-1.515472722699868,1784980685.873765,-0.006350209395935843,0.012172975805161213,-0.019386222578994028,-0.12287602762911116,0.021932756075417177,-0.1391179833207723,1784980697.273388,0.0,0.0,1784980697.2641163,17214.84375,nan,nan,50.22056198120117,nan
44.843581676483154,1784980697.3183665,BSMC,circle,circle_dist_bsmc_30cm_yawfree_p01,1784980697.2757504,-0.9928370217401268,-0.2534711079161912,-1.3769914527333122,2.110453871667473e-06,0.00038207686188424704,1784980697.2901402,-0.9928902447172798,-0.25350486512141285,-1.3763547393790958,0.028226375579833984,0,1,1784980685.8737292,-0.9951127389755929,-0.12870652989916076,-1.515472722699868,1784980685.873765,-0.006350209395935843,0.012172975805161213,-0.019386222578994028,-0.12287602762911116,0.021932756075417177,-0.1391179833207723,1784980697.3139596,0.0,0.0,1784980697.3152664,17214.89453125,nan,nan,51.12217712402344,nan
44.88315558433533,1784980697.3579404,BSMC,circle,circle_dist_bsmc_30cm_yawfree_p01,1784980697.3257353,-0.9928438414384949,-0.25347638731855193,-1.3768321165114712,3.008368337425108e-06,0.0005376580891449022,1784980697.2901402,-0.9928902447172798,-0.25350486512141285,-1.3763547393790958,0.06780028343200684,0,1,1784980685.8737292,-0.9951127389755929,-0.12870652989916076,-1.515472722699868,1784980685.873765,-0.006350209395935843,0.012172975805161213,-0.019386222578994028,-0.12287602762911116,0.021932756075417177,-0.1391179833207723,1784980697.3537884,0.0,0.0,1784980697.3152664,17214.89453125,nan,nan,51.12217712402344,nan
44.92428779602051,1784980697.3990726,BSMC,circle,circle_dist_bsmc_30cm_yawfree_p01,1784980697.3758214,-0.9928438322416222,-0.2534764340811859,-1.3768131876122378,2.099016448518041e-06,0.0005100978214200638,1784980697.2901402,-0.9928902447172798,-0.25350486512141285,-1.3763547393790958,0.1089324951171875,0,1,1784980685.8737292,-0.9951127389755929,-0.12870652989916076,-1.515472722699868,1784980685.873765,-0.006350209395935843,0.012172975805161213,-0.019386222578994028,-0.12287602762911116,0.021932756075417177,-0.1391179833207723,1784980697.393481,0.0,0.0,1784980697.3651338,17214.943359375,nan,nan,49.90985107421875,nan
44.96329069137573,1784980697.4380755,BSMC,circle,circle_dist_bsmc_30cm_yawfree_p01,1784980697.4255037,-0.992850144699919,-0.2534809731706283,-1.3766919715820005,2.907299533754077e-06,0.0006117771461111162,1784980697.405372,-0.9928921153646949,-0.25350504936145946,-1.3763597735562276,0.03270363807678223,0,1,1784980685.8737292,-0.9951127389755929,-0.12870652989916076,-1.515472722699868,1784980685.873765,-0.006350209395935843,0.012172975805161213,-0.019386222578994028,-0.1228759573745117,0.021934008491386364,-0.13911294914364047,1784980697.4342177,0.0,0.0,1784980697.4144895,17214.994140625,nan,nan,49.222591400146484,nan
45.003968954086304,1784980697.4787538,BSMC,circle,circle_dist_bsmc_30cm_yawfree_p01,1784980697.475411,-0.9928501356509062,-0.25348101915997684,-1.3766704242234566,2.022133177667839e-06,0.0005805132105971087,1784980697.405372,-0.9928921153646949,-0.25350504936145946,-1.3763597735562276,0.07338190078735352,0,1,1784980685.8737292,-0.9951127389755929,-0.12870652989916076,-1.515472722699868,1784980685.873765,-0.006350209395935843,0.012172975805161213,-0.019386222578994028,-0.1228759573745117,0.021934008491386364,-0.13911294914364047,1784980697.473882,0.0,0.0,1784980697.4659722,17215.044921875,nan,nan,51.58604049682617,nan
45.043712854385376,1784980697.5184977,BSMC,circle,circle_dist_bsmc_30cm_yawfree_p01,1784980697.475411,-0.9928501356509062,-0.25348101915997684,-1.3766704242234566,2.022133177667839e-06,0.0005805132105971087,1784980697.483945,-0.9928895745644906,-0.2535047647067652,-1.3763419168697453,0.034552812576293945,0,1,1784980685.8737292,-0.9951127389755929,-0.12870652989916076,-1.515472722699868,1784980685.873765,-0.006350209395935843,0.012172975805161213,-0.019386222578994028,-0.1228757773583483,0.021933654726797893,-0.13913080583012283,1784980697.5136795,0.0,0.0,1784980697.5150552,17215.09375,nan,nan,49.090091705322266,nan
45.083640575408936,1784980697.5584254,BSMC,circle,circle_dist_bsmc_30cm_yawfree_p01,1784980697.5253158,-0.9928551455828571,-0.25348468789541695,-1.3765755844303849,2.411912257932548e-06,0.0006391711943518996,1784980697.483945,-0.9928895745644906,-0.2535047647067652,-1.3763419168697453,0.07448053359985352,0,1,1784980685.8737292,-0.9951127389755929,-0.12870652989916076,-1.515472722699868,1784980685.873765,-0.006350209395935843,0.012172975805161213,-0.019386222578994028,-0.1228757773583483,0.021933654726797893,-0.13913080583012283,1784980697.5542274,0.0,0.0,1784980697.5150552,17215.09375,nan,nan,49.090091705322266,nan
45.1232807636261,1784980697.5980656,BSMC,circle,circle_dist_bsmc_30cm_yawfree_p01,1784980697.5755262,-0.9928551222084661,-0.2534848067279466,-1.3765434896642277,2.411912257932548e-06,0.0006391711943518996,1784980697.483945,-0.9928895745644906,-0.2535047647067652,-1.3763419168697453,0.1141207218170166,0,1,1784980685.8737292,-0.9951127389755929,-0.12870652989916076,-1.515472722699868,1784980685.873765,-0.006350209395935843,0.012172975805161213,-0.019386222578994028,-0.1228757773583483,0.021933654726797893,-0.13913080583012283,1784980697.5931923,0.0,0.0,1784980697.5767295,17215.154296875,nan,nan,60.6247444152832,nan
45.16324472427368,1784980697.6380296,BSMC,circle,circle_dist_bsmc_30cm_yawfree_p01,1784980697.6260436,-0.9928596249018256,-0.25348790024780965,-1.3764848868319557,2.1083480629754134e-06,0.0006317164785382382,1784980697.6024022,-0.9928895745644906,-0.2535047647067652,-1.3763419168697453,0.03562736511230469,0,1,1784980685.8737292,-0.9951127389755929,-0.12870652989916076,-1.515472722699868,1784980685.873765,-0.006350209395935843,0.012172975805161213,-0.019386222578994028,-0.1228757773583483,0.021933654726797893,-0.13913080583012283,1784980697.633462,0.0,0.0,1784980697.6191611,17215.1953125,nan,nan,40.37373733520508,nan
45.203266620635986,1784980697.6780515,BSMC,circle,circle_dist_bsmc_30cm_yawfree_p01,1784980697.675456,-0.9928596183071173,-0.2534879337471442,-1.3764629796541015,1.4771792196099943e-06,0.0005994147557969703,1784980697.6024022,-0.9928895745644906,-0.2535047647067652,-1.3763419168697453,0.07564926147460938,0,1,1784980685.8737292,-0.9951127389755929,-0.12870652989916076,-1.515472722699868,1784980685.873765,-0.006350209395935843,0.012172975805161213,-0.019386222578994028,-0.1228757773583483,0.021933654726797893,-0.13913080583012283,1784980697.6736088,0.0,0.0,1784980697.6663523,17215.244140625,nan,nan,49.20732879638672,nan
45.243183851242065,1784980697.7179687,BSMC,circle,circle_dist_bsmc_30cm_yawfree_p01,1784980697.675456,-0.9928596183071173,-0.2534879337471442,-1.3764629796541015,1.4771792196099943e-06,0.0005994147557969703,1784980697.68314,-0.9928905311072898,-0.2535048844809824,-1.3763418643817231,0.03482866287231445,0,1,1784980685.8737292,-0.9951127389755929,-0.12870652989916076,-1.515472722699868,1784980685.873765,-0.006350209395935843,0.012172975805161213,-0.019386222578994028,-0.12287570888993808,0.021934622835490542,-0.13913085831814498,1784980697.713428,0.0,0.0,1784980697.7161734,17215.294921875,nan,nan,50.75782012939453,nan
45.283596992492676,1784980697.7583818,BSMC,circle,circle_dist_bsmc_30cm_yawfree_p01,1784980697.7254796,-0.9928635553742567,-0.25349053576980213,-1.3764144649196675,1.7022721433811731e-06,0.0006012146967042822,1784980697.68314,-0.9928905311072898,-0.2535048844809824,-1.3763418643817231,0.0752418041229248,0,1,1784980685.8737292,-0.9951127389755929,-0.12870652989916076,-1.515472722699868,1784980685.873765,-0.006350209395935843,0.012172975805161213,-0.019386222578994028,-0.12287570888993808,0.021934622835490542,-0.13913085831814498,1784980697.7534008,0.0,0.0,1784980697.7161734,17215.294921875,nan,nan,50.75782012939453,nan
45.3231987953186,1784980697.7979836,BSMC,circle,circle_dist_bsmc_30cm_yawfree_p01,1784980697.775223,-0.9928635501547124,-0.2534905622794385,-1.3763935172877606,1.188442216326384e-06,0.0005702831884909302,1784980697.68314,-0.9928905311072898,-0.2535048844809824,-1.3763418643817231,0.11484360694885254,0,1,1784980685.8737292,-0.9951127389755929,-0.12870652989916076,-1.515472722699868,1784980685.873765,-0.006350209395935843,0.012172975805161213,-0.019386222578994028,-0.12287570888993808,0.021934622835490542,-0.13913085831814498,1784980697.7933066,0.0,0.0,1784980697.7654934,17215.34375,nan,nan,49.42979431152344,nan
45.3636691570282,1784980697.838454,BSMC,circle,circle_dist_bsmc_30cm_yawfree_p01,1784980697.8251913,-0.9928670778383032,-0.25349281024473025,-1.3763640659376528,1.4861799878788553e-06,0.0005526732435025127,1784980697.8021414,-0.9928905311072898,-0.2535048844809824,-1.3763418643817231,0.03631258010864258,0,1,1784980685.8737292,-0.9951127389755929,-0.12870652989916076,-1.515472722699868,1784980685.873765,-0.006350209395935843,0.012172975805161213,-0.019386222578994028,-0.12287570888993808,0.021934622835490542,-0.13913085831814498,1784980697.8337831,0.0,0.0,1784980697.8157754,17215.39453125,nan,nan,50.174991607666016,nan
45.403117179870605,1784980697.877902,BSMC,circle,circle_dist_bsmc_30cm_yawfree_p01,1784980697.8753972,-0.9928670731162774,-0.2534928342231644,-1.3763444913034912,1.0351089298720672e-06,0.0005243363529143838,1784980697.8021414,-0.9928905311072898,-0.2535048844809824,-1.3763418643817231,0.0757606029510498,0,1,1784980685.8737292,-0.9951127389755929,-0.12870652989916076,-1.515472722699868,1784980685.873765,-0.006350209395935843,0.012172975805161213,-0.019386222578994028,-0.12287570888993808,0.021934622835490542,-0.13913085831814498,1784980697.8735554,0.0,0.0,1784980697.8661413,17215.4453125,nan,nan,50.49748229980469,nan
45.44350004196167,1784980697.918285,BSMC,circle,circle_dist_bsmc_30cm_yawfree_p01,1784980697.8753972,-0.9928670731162774,-0.2534928342231644,-1.3763444913034912,1.0351089298720672e-06,0.0005243363529143838,1784980697.8836863,-0.9928875397255911,-0.2535044921292635,-1.3763257085204104,0.034598588943481445,0,1,1784980685.8737292,-0.9951127389755929,-0.12870652989916076,-1.515472722699868,1784980685.873765,-0.006350209395935843,0.012172975805161213,-0.019386222578994028,-0.12287554762126118,0.021933597180205985,-0.13914701417945774,1784980697.9138522,0.0,0.0,1784980697.915784,17215.494140625,nan,nan,49.698158264160156,nan
45.48357081413269,1784980697.9583557,BSMC,circle,circle_dist_bsmc_30cm_yawfree_p01,1784980697.9253647,-0.9928696869622771,-0.2534946358466298,-1.3763222467884781,1.2106742802938793e-06,0.0005020438484030676,1784980697.8836863,-0.9928875397255911,-0.2535044921292635,-1.3763257085204104,0.07466936111450195,0,1,1784980685.8737292,-0.9951127389755929,-0.12870652989916076,-1.515472722699868,1784980685.873765,-0.006350209395935843,0.012172975805161213,-0.019386222578994028,-0.12287554762126118,0.021933597180205985,-0.13914701417945774,1784980697.953219,0.0,0.0,1784980697.915784,17215.494140625,nan,nan,49.698158264160156,nan
45.523568868637085,1784980697.9983537,BSMC,circle,circle_dist_bsmc_30cm_yawfree_p01,1784980697.9757738,-0.9928696831948984,-0.25349465497418583,-1.3763044552397168,8.433130235689096e-07,0.0004761937271734668,1784980697.8836863,-0.9928875397255911,-0.2535044921292635,-1.3763257085204104,0.11466741561889648,0,1,1784980685.8737292,-0.9951127389755929,-0.12870652989916076,-1.515472722699868,1784980685.873765,-0.006350209395935843,0.012172975805161213,-0.019386222578994028,-0.12287554762126118,0.021933597180205985,-0.13914701417945774,1784980697.9932914,0.0,0.0,1784980697.965975,17215.544921875,nan,nan,50.18128967285156,nan
45.56352639198303,1784980698.0383112,BSMC,circle,circle_dist_bsmc_30cm_yawfree_p01,1784980698.026005,-0.9928720186328129,-0.2534962068574986,-1.3762949230039154,1.0555010475032117e-06,0.00044280399761309,1784980698.0036538,-0.9928875397255911,-0.2535044921292635,-1.3763257085204104,0.03465747833251953,0,1,1784980685.8737292,-0.9951127389755929,-0.12870652989916076,-1.515472722699868,1784980685.873765,-0.006350209395935843,0.012172975805161213,-0.019386222578994028,-0.12287554762126118,0.021933597180205985,-0.13914701417945774,1784980698.033285,0.0,0.0,1784980698.0163338,17215.595703125,nan,nan,50.16935348510742,nan
45.60333251953125,1784980698.0781174,BSMC,circle,circle_dist_bsmc_30cm_yawfree_p01,1784980698.0751805,-0.9928720154590588,-0.2534962229691224,-1.3762796781207014,7.344708030143158e-07,0.0004200892990206181,1784980698.0036538,-0.9928875397255911,-0.2535044921292635,-1.3763257085204104,0.0744636058807373,0,1,1784980685.8737292,-0.9951127389755929,-0.12870652989916076,-1.515472722699868,1784980685.873765,-0.006350209395935843,0.012172975805161213,-0.019386222578994028,-0.12287554762126118,0.021933597180205985,-0.13914701417945774,1784980698.073641,0.0,0.0,1784980698.0671213,17215.646484375,nan,nan,50.85423278808594,nan
45.643396615982056,1784980698.1181815,BSMC,circle,circle_dist_bsmc_30cm_yawfree_p01,1784980698.0751805,-0.9928720154590588,-0.2534962229691224,-1.3762796781207014,7.344708030143158e-07,0.0004200892990206181,1784980698.0828311,-0.9928577189153936,-0.2535088109371818,-1.3768582610719875,0.03535032272338867,0,1,1784980685.8737292,-0.9951127389755929,-0.12870652989916076,-1.515472722699868,1784980685.873765,-0.006350209395935843,0.012172975805161213,-0.019386222578994028,-0.12289719603631988,0.02183972697117458,-0.1386144616278806,1784980698.113652,0.0,0.0,1784980698.116313,17215.6953125,nan,nan,49.3883171081543,nan
45.683417320251465,1784980698.1582022,BSMC,circle,circle_dist_bsmc_30cm_yawfree_p01,1784980698.1261168,-0.9928700515790427,-0.2534984024620927,-1.3763966259198455,1.471836831607467e-06,0.00024194106134753842,1784980698.0828311,-0.9928577189153936,-0.2535088109371818,-1.3768582610719875,0.07537102699279785,0,1,1784980685.8737292,-0.9951127389755929,-0.12870652989916076,-1.515472722699868,1784980685.873765,-0.006350209395935843,0.012172975805161213,-0.019386222578994028,-0.12289719603631988,0.02183972697117458,-0.1386144616278806,1784980698.1533697,0.0,0.0,1784980698.116313,17215.6953125,nan,nan,49.3883171081543,nan
45.72331500053406,1784980698.1980999,BSMC,circle,circle_dist_bsmc_30cm_yawfree_p01,1784980698.1758935,-0.9928700470042259,-0.2534984257104792,-1.3763881796998725,1.019040084413504e-06,0.0002293946223851694,1784980698.0828311,-0.9928577189153936,-0.2535088109371818,-1.3768582610719875,0.11526870727539062,0,1,1784980685.8737292,-0.9951127389755929,-0.12870652989916076,-1.515472722699868,1784980685.873765,-0.006350209395935843,0.012172975805161213,-0.019386222578994028,-0.12289719603631988,0.02183972697117458,-0.1386144616278806,1784980698.1933308,0.0,0.0,1784980698.1697984,17215.748046875,nan,nan,53.393314361572266,nan
45.76346254348755,1784980698.2382474,BSMC,circle,circle_dist_bsmc_30cm_yawfree_p01,1784980698.2251441,-0.9928692551746132,-0.2535002158306665,-1.376487197380168,1.5331862664764195e-06,8.589490709720926e-05,1784980698.2024906,-0.9928647356944424,-0.2535086788815584,-1.3768400249108899,0.035756826400756836,0,1,1784980685.8737292,-0.9951127389755929,-0.12870652989916076,-1.515472722699868,1784980685.873765,-0.006350209395935843,0.012172975805161213,-0.019386222578994028,-0.12289531573198816,0.02184882789788946,-0.13863269778897824,1784980698.2336314,0.0,0.0,1784980698.2182286,17215.796875,nan,nan,48.22943878173828,nan
45.803319692611694,1784980698.2781045,BSMC,circle,circle_dist_bsmc_30cm_yawfree_p01,1784980698.2756932,-0.9928692402223109,-0.2535002918108692,-1.376482859039242,1.5331862664764195e-06,8.589490709720926e-05,1784980698.2024906,-0.9928647356944424,-0.2535086788815584,-1.3768400249108899,0.07561397552490234,0,1,1784980685.8737292,-0.9951127389755929,-0.12870652989916076,-1.515472722699868,1784980685.873765,-0.006350209395935843,0.012172975805161213,-0.019386222578994028,-0.12289531573198816,0.02184882789788946,-0.13863269778897824,1784980698.2736766,0.0,0.0,1784980698.2182286,17215.796875,nan,nan,48.22943878173828,nan
45.84325933456421,1784980698.3180442,BSMC,circle,circle_dist_bsmc_30cm_yawfree_p01,1784980698.2756932,-0.9928692402223109,-0.2535002918108692,-1.376482859039242,1.5331862664764195e-06,8.589490709720926e-05,1784980698.2888339,-0.9928647356944424,-0.2535086788815584,-1.3768400249108899,0.029210329055786133,0,1,1784980685.8737292,-0.9951127389755929,-0.12870652989916076,-1.515472722699868,1784980685.873765,-0.006350209395935843,0.012172975805161213,-0.019386222578994028,-0.12289531573198816,0.02184882789788946,-0.13863269778897824,1784980698.3135314,0.0,0.0,1784980698.3168018,17215.896484375,nan,nan,36.373329162597656,nan
45.88323473930359,1784980698.3580196,BSMC,circle,circle_dist_bsmc_30cm_yawfree_p01,1784980698.325184,-0.9928685912944936,-0.25350169187452326,-1.3765630502148583,1.324979251129409e-06,-2.0474231471311134e-05,1784980698.2888339,-0.9928647356944424,-0.2535086788815584,-1.3768400249108899,0.06918573379516602,0,1,1784980685.8737292,-0.9951127389755929,-0.12870652989916076,-1.515472722699868,1784980685.873765,-0.006350209395935843,0.012172975805161213,-0.019386222578994028,-0.12289531573198816,0.02184882789788946,-0.13863269778897824,1784980698.3532755,0.0,0.0,1784980698.3168018,17215.896484375,nan,nan,36.373329162597656,nan
45.924288511276245,1784980698.3990734,BSMC,circle,circle_dist_bsmc_30cm_yawfree_p01,1784980698.375363,-0.9928685868169144,-0.2535017146502432,-1.3765637742277173,9.275251410684422e-07,-1.942047287136651e-05,1784980698.2888339,-0.9928647356944424,-0.2535086788815584,-1.3768400249108899,0.11023950576782227,0,1,1784980685.8737292,-0.9951127389755929,-0.12870652989916076,-1.515472722699868,1784980685.873765,-0.006350209395935843,0.012172975805161213,-0.019386222578994028,-0.12289531573198816,0.02184882789788946,-0.13863269778897824,1784980698.3932586,0.0,0.0,1784980698.3681617,17215.947265625,nan,nan,51.34205627441406,nan
45.96361541748047,1784980698.4384003,BSMC,circle,circle_dist_bsmc_30cm_yawfree_p01,1784980698.425637,-0.9928680173534843,-0.2535029313999773,-1.3766287867579934,1.1917069588719622e-06,-9.716323944855443e-05,1784980698.4016817,-0.9928647356944424,-0.2535086788815584,-1.3768400249108899,0.03671860694885254,0,1,1784980685.8737292,-0.9951127389755929,-0.12870652989916076,-1.515472722699868,1784980685.873765,-0.006350209395935843,0.012172975805161213,-0.019386222578994028,-0.12289531573198816,0.02184882789788946,-0.13863269778897824,1784980698.4332933,0.0,0.0,1784980698.4184327,17215.998046875,nan,nan,50.08872604370117,nan
46.003865003585815,1784980698.4786499,BSMC,circle,circle_dist_bsmc_30cm_yawfree_p01,1784980698.4758615,-0.9928680132730506,-0.253502952160928,-1.3766322383029634,8.268185105834741e-07,-9.215399973377966e-05,1784980698.4016817,-0.9928647356944424,-0.2535086788815584,-1.3768400249108899,0.07696819305419922,0,1,1784980685.8737292,-0.9951127389755929,-0.12870652989916076,-1.515472722699868,1784980685.873765,-0.006350209395935843,0.012172975805161213,-0.019386222578994028,-0.12289531573198816,0.02184882789788946,-0.13863269778897824,1784980698.4733946,0.0,0.0,1784980698.4711635,17216.05078125,nan,nan,52.755699157714844,nan
46.043468713760376,1784980698.5182536,BSMC,circle,circle_dist_bsmc_30cm_yawfree_p01,1784980698.4758615,-0.9928680132730506,-0.253502952160928,-1.3766322383029634,8.268185105834741e-07,-9.215399973377966e-05,1784980698.487887,-0.9928647356944424,-0.2535086788815584,-1.3768400249108899,0.03036665916442871,0,1,1784980685.8737292,-0.9951127389755929,-0.12870652989916076,-1.515472722699868,1784980685.873765,-0.006350209395935843,0.012172975805161213,-0.019386222578994028,-0.12289531573198816,0.02184882789788946,-0.13863269778897824,1784980698.513764,0.0,0.0,1784980698.4711635,17216.05078125,nan,nan,52.755699157714844,nan
46.08331298828125,1784980698.5580978,BSMC,circle,circle_dist_bsmc_30cm_yawfree_p01,1784980698.5254593,-0.9928675389851069,-0.2535039349614037,-1.376682867430755,9.779453952814307e-07,-0.0001439985010095422,1784980698.487887,-0.9928647356944424,-0.2535086788815584,-1.3768400249108899,0.07021093368530273,0,1,1784980685.8737292,-0.9951127389755929,-0.12870652989916076,-1.515472722699868,1784980685.873765,-0.006350209395935843,0.012172975805161213,-0.019386222578994028,-0.12289531573198816,0.02184882789788946,-0.13863269778897824,1784980698.553295,0.0,0.0,1784980698.5184128,17216.09765625,nan,nan,47.25941848754883,nan
46.123427629470825,1784980698.5982125,BSMC,circle,circle_dist_bsmc_30cm_yawfree_p01,1784980698.5752754,-0.992867535711961,-0.2535039516176099,-1.376687914450496,6.784268124123696e-07,-0.00013654278213631255,1784980698.487887,-0.9928647356944424,-0.2535086788815584,-1.3768400249108899,0.11032557487487793,0,1,1784980685.8737292,-0.9951127389755929,-0.12870652989916076,-1.515472722699868,1784980685.873765,-0.006350209395935843,0.012172975805161213,-0.019386222578994028,-0.12289531573198816,0.02184882789788946,-0.13863269778897824,1784980698.5933058,0.0,0.0,1784980698.5714328,17216.150390625,nan,nan,53.19367218017578,nan
46.16392707824707,1784980698.638712,BSMC,circle,circle_dist_bsmc_30cm_yawfree_p01,1784980698.6254308,-0.9928670253245451,-0.25350473723479006,-1.3767289114768426,8.454486506627142e-07,-0.00017412031648289633,1784980698.606166,-0.9928640027422669,-0.25350837844849716,-1.3768458014377534,0.032546043395996094,0,1,1784980685.8737292,-0.9951127389755929,-0.12870652989916076,-1.515472722699868,1784980685.873765,-0.006350209395935843,0.012172975805161213,-0.019386222578994028,-0.12289528840708171,0.021847340875236477,-0.13862692126211476,1784980698.633509,0.0,0.0,1784980698.6182222,17216.197265625,nan,nan,46.567420959472656,nan
46.2031946182251,1784980698.6779795,BSMC,circle,circle_dist_bsmc_30cm_yawfree_p01,1784980698.6755342,-0.9928670171635804,-0.2535047787577491,-1.3767376267418785,8.454486506627142e-07,-0.00017412031648289633,1784980698.606166,-0.9928640027422669,-0.25350837844849716,-1.3768458014377534,0.07181358337402344,0,1,1784980685.8737292,-0.9951127389755929,-0.12870652989916076,-1.515472722699868,1784980685.873765,-0.006350209395935843,0.012172975805161213,-0.019386222578994028,-0.12289528840708171,0.021847340875236477,-0.13862692126211476,1784980698.6733186,0.0,0.0,1784980698.6762972,17216.25390625,nan,nan,57.82207489013672,nan
46.24321913719177,1784980698.718004,BSMC,circle,circle_dist_bsmc_30cm_yawfree_p01,1784980698.6755342,-0.9928670171635804,-0.2535047787577491,-1.3767376267418785,8.454486506627142e-07,-0.00017412031648289633,1784980698.682876,-0.9928654465913767,-0.25350772754751816,-1.3768259274938115,0.035127878189086914,0,1,1784980685.8737292,-0.9951127389755929,-0.12870652989916076,-1.515472722699868,1784980685.873765,-0.006350209395935843,0.012172975805161213,-0.019386222578994028,-0.12289393718450028,0.021851074591805002,-0.1386467952060566,1784980698.71425,0.0,0.0,1784980698.6762972,17216.25390625,nan,nan,57.82207489013672,nan
46.283655881881714,1784980698.7584407,BSMC,circle,circle_dist_bsmc_30cm_yawfree_p01,1784980698.7254739,-0.992866793761718,-0.2535052616901136,-1.376761484330777,6.015911103013284e-07,-0.0001808631846127192,1784980698.682876,-0.9928654465913767,-0.25350772754751816,-1.3768259274938115,0.07556462287902832,0,1,1784980685.8737292,-0.9951127389755929,-0.12870652989916076,-1.515472722699868,1784980685.873765,-0.006350209395935843,0.012172975805161213,-0.019386222578994028,-0.12289393718450028,0.021851074591805002,-0.1386467952060566,1784980698.7536001,0.0,0.0,1784980698.7182915,17216.296875,nan,nan,42.087921142578125,nan
46.32358384132385,1784980698.7983687,BSMC,circle,circle_dist_bsmc_30cm_yawfree_p01,1784980698.7759936,-0.9928667879060967,-0.25350529148862305,-1.3767706143273666,6.015911103013284e-07,-0.0001808631846127192,1784980698.682876,-0.9928654465913767,-0.25350772754751816,-1.3768259274938115,0.11549258232116699,0,1,1784980685.8737292,-0.9951127389755929,-0.12870652989916076,-1.515472722699868,1784980685.873765,-0.006350209395935843,0.012172975805161213,-0.019386222578994028,-0.12289393718450028,0.021851074591805002,-0.1386467952060566,1784980698.793736,0.0,0.0,1784980698.7774472,17216.35546875,nan,nan,59.073909759521484,nan
46.363691091537476,1784980698.838476,BSMC,circle,circle_dist_bsmc_30cm_yawfree_p01,1784980698.8259146,-0.992864530742265,-0.2535063867810117,-1.3768128992294204,9.194890721463491e-07,-0.00021020991654269316,1784980698.8027256,-0.9928503066147557,-0.25351114118624546,-1.3769382604601357,0.035750389099121094,0,1,1784980685.8737292,-0.9951127389755929,-0.12870652989916076,-1.515472722699868,1784980685.873765,-0.006350209395935843,0.012172975805161213,-0.019386222578994028,-0.12290265735832122,0.021823070658611828,-0.13853446223973243,1784980698.833737,0.0,0.0,1784980698.8186064,17216.396484375,nan,nan,41.275508880615234,nan
46.40339279174805,1784980698.8781776,BSMC,circle,circle_dist_bsmc_30cm_yawfree_p01,1784980698.875915,-0.9928645275647058,-0.2535064029601406,-1.3768203222320148,6.426375234627865e-07,-0.00019940775750790902,1784980698.8027256,-0.9928503066147557,-0.25351114118624546,-1.3769382604601357,0.07545208930969238,0,1,1784980685.8737292,-0.9951127389755929,-0.12870652989916076,-1.515472722699868,1784980685.873765,-0.006350209395935843,0.012172975805161213,-0.019386222578994028,-0.12290265735832122,0.021823070658611828,-0.13853446223973243,1784980698.8733861,0.0,0.0,1784980698.8694494,17216.447265625,nan,nan,50.99494552612305,nan
46.44354701042175,1784980698.9183319,BSMC,circle,circle_dist_bsmc_30cm_yawfree_p01,1784980698.875915,-0.9928645275647058,-0.2535064029601406,-1.3768203222320148,6.426375234627865e-07,-0.00019940775750790902,1784980698.8836818,-0.9928503066147557,-0.25351114118624546,-1.3769382604601357,0.03465008735656738,0,1,1784980685.8737292,-0.9951127389755929,-0.12870652989916076,-1.515472722699868,1784980685.873765,-0.006350209395935843,0.012172975805161213,-0.019386222578994028,-0.12290265735832122,0.021823070658611828,-0.13853446223973243,1784980698.9134634,0.0,0.0,1784980698.8694494,17216.447265625,nan,nan,50.99494552612305,nan
46.48346209526062,1784980698.958247,BSMC,circle,circle_dist_bsmc_30cm_yawfree_p01,1784980698.926084,-0.9928626214396357,-0.25350729121056775,-1.3768541444189333,9.07506705384764e-07,-0.000220906044969352,1784980698.8836818,-0.9928503066147557,-0.25351114118624546,-1.3769382604601357,0.07456517219543457,0,1,1784980685.8737292,-0.9951127389755929,-0.12870652989916076,-1.515472722699868,1784980685.873765,-0.006350209395935843,0.012172975805161213,-0.019386222578994028,-0.12290265735832122,0.021823070658611828,-0.13853446223973243,1784980698.9536126,0.0,0.0,1784980698.9191039,17216.498046875,nan,nan,49.84537124633789,nan
46.523825883865356,1784980698.9986107,BSMC,circle,circle_dist_bsmc_30cm_yawfree_p01,1784980698.9758878,-0.9928626184721632,-0.2535073063226374,-1.3768618657304608,6.332847267857161e-07,-0.0002095092553812292,1784980698.8836818,-0.9928503066147557,-0.25351114118624546,-1.3769382604601357,0.1149289608001709,0,1,1784980685.8737292,-0.9951127389755929,-0.12870652989916076,-1.515472722699868,1784980685.873765,-0.006350209395935843,0.012172975805161213,-0.019386222578994028,-0.12290265735832122,0.021823070658611828,-0.13853446223973243,1784980698.9936476,0.0,0.0,1784980698.9686818,17216.546875,nan,nan,49.480384826660156,nan
46.563496589660645,1784980699.0382814,BSMC,circle,circle_dist_bsmc_30cm_yawfree_p01,1784980699.0257926,-0.9928609302183541,-0.2535080505463435,-1.3768860311051636,8.85276706642516e-07,-0.00021934586022021878,1784980699.0040672,-0.9928503066147557,-0.25351114118624546,-1.3769382604601357,0.03421425819396973,0,1,1784980685.8737292,-0.9951127389755929,-0.12870652989916076,-1.515472722699868,1784980685.873765,-0.006350209395935843,0.012172975805161213,-0.019386222578994028,-0.12290265735832122,0.021823070658611828,-0.13853446223973243,1784980699.0336113,0.0,0.0,1784980699.021459,17216.599609375,nan,nan,52.66171646118164,nan
46.60364031791687,1784980699.0784252,BSMC,circle,circle_dist_bsmc_30cm_yawfree_p01,1784980699.0754898,-0.9928609272552119,-0.2535080656380036,-1.3768937178334055,6.178794518060433e-07,-0.00020807628990838123,1784980699.0040672,-0.9928503066147557,-0.25351114118624546,-1.3769382604601357,0.07435798645019531,0,1,1784980685.8737292,-0.9951127389755929,-0.12870652989916076,-1.515472722699868,1784980685.873765,-0.006350209395935843,0.012172975805161213,-0.019386222578994028,-0.12290265735832122,0.021823070658611828,-0.13853446223973243,1784980699.0732622,0.0,0.0,1784980699.069446,17216.6484375,nan,nan,47.948768615722656,nan
46.64347863197327,1784980699.1182635,BSMC,circle,circle_dist_bsmc_30cm_yawfree_p01,1784980699.0754898,-0.9928609272552119,-0.2535080656380036,-1.3768937178334055,6.178794518060433e-07,-0.00020807628990838123,1784980699.0869732,-0.992783210273715,-0.2534948029365654,-1.3774700725033582,0.031290292739868164,0,1,1784980685.8737292,-0.9951127389755929,-0.12870652989916076,-1.515472722699868,1784980685.873765,-0.006350209395935843,0.012172975805161213,-0.019386222578994028,-0.12291110270511246,0.021688721111306115,-0.13800265019650992,1784980699.1138356,0.0,0.0,1784980699.069446,17216.6484375,nan,nan,47.948768615722656,nan
46.68322968482971,1784980699.1580145,BSMC,circle,circle_dist_bsmc_30cm_yawfree_p01,1784980699.125724,-0.9928507724788261,-0.2535064398447125,-1.3770372678124734,7.949296825478596e-07,-0.0003720947343510148,1784980699.0869732,-0.992783210273715,-0.2534948029365654,-1.3774700725033582,0.07104134559631348,0,1,1784980685.8737292,-0.9951127389755929,-0.12870652989916076,-1.515472722699868,1784980685.873765,-0.006350209395935843,0.012172975805161213,-0.019386222578994028,-0.12291110270511246,0.021688721111306115,-0.13800265019650992,1784980699.153583,0.0,0.0,1784980699.1266384,17216.705078125,nan,nan,57.26045608520508,nan
46.72376728057861,1784980699.1985521,BSMC,circle,circle_dist_bsmc_30cm_yawfree_p01,1784980699.1754603,-0.992850775199663,-0.25350642599728773,-1.3770447734812767,3.8437229073212556e-07,-0.00033523678828114504,1784980699.0869732,-0.992783210273715,-0.2534948029365654,-1.3774700725033582,0.11157894134521484,0,1,1784980685.8737292,-0.9951127389755929,-0.12870652989916076,-1.515472722699868,1784980685.873765,-0.006350209395935843,0.012172975805161213,-0.019386222578994028,-0.12291110270511246,0.021688721111306115,-0.13800265019650992,1784980699.193767,0.0,0.0,1784980699.1695695,17216.748046875,nan,nan,43.111778259277344,nan
46.76356244087219,1784980699.2383473,BSMC,circle,circle_dist_bsmc_30cm_yawfree_p01,1784980699.2254393,-0.9928419133158837,-0.25350497513446674,-1.3771600414336853,5.442079665895346e-07,-0.00046114739357996427,1784980699.2078707,-0.992784704198196,-0.25349501229839033,-1.3774700028326943,0.03047657012939453,0,1,1784980685.8737292,-0.9951127389755929,-0.12870652989916076,-1.515472722699868,1784980685.873765,-0.006350209395935843,0.012172975805161213,-0.019386222578994028,-0.1229110196363762,0.02169023599166093,-0.13800271986717383,1784980699.2341034,0.0,0.0,1784980699.2266715,17216.8046875,nan,nan,56.7325325012207,nan
46.80334520339966,1784980699.27813,BSMC,circle,circle_dist_bsmc_30cm_yawfree_p01,1784980699.275464,-0.9928419149945336,-0.25350496658950067,-1.3771696875612107,2.634262164185022e-07,-0.00041573524837878247,1784980699.2078707,-0.992784704198196,-0.25349501229839033,-1.3774700028326943,0.07025933265686035,0,1,1784980685.8737292,-0.9951127389755929,-0.12870652989916076,-1.515472722699868,1784980685.873765,-0.006350209395935843,0.012172975805161213,-0.019386222578994028,-0.1229110196363762,0.02169023599166093,-0.13800271986717383,1784980699.2732894,0.0,0.0,1784980699.2717237,17216.849609375,nan,nan,45.23100662231445,nan
46.84405517578125,1784980699.31884,BSMC,circle,circle_dist_bsmc_30cm_yawfree_p01,1784980699.275464,-0.9928419149945336,-0.25350496658950067,-1.3771696875612107,2.634262164185022e-07,-0.00041573524837878247,1784980699.2908854,-0.992784704198196,-0.25349501229839033,-1.3774700028326943,0.027954578399658203,0,1,1784980685.8737292,-0.9951127389755929,-0.12870652989916076,-1.515472722699868,1784980685.873765,-0.006350209395935843,0.012172975805161213,-0.019386222578994028,-0.1229110196363762,0.02169023599166093,-0.13800271986717383,1784980699.313739,0.0,0.0,1784980699.2717237,17216.849609375,nan,nan,45.23100662231445,nan
46.88321876525879,1784980699.3580036,BSMC,circle,circle_dist_bsmc_30cm_yawfree_p01,1784980699.3251362,-0.992834422222474,-0.2535037131116504,-1.3772519833116101,2.639112892579518e-07,-0.0004754419101021479,1784980699.2908854,-0.992784704198196,-0.25349501229839033,-1.3774700028326943,0.06711816787719727,0,1,1784980685.8737292,-0.9951127389755929,-0.12870652989916076,-1.515472722699868,1784980685.873765,-0.006350209395935843,0.012172975805161213,-0.019386222578994028,-0.1229110196363762,0.02169023599166093,-0.13800271986717383,1784980699.3533688,0.0,0.0,1784980699.319506,17216.8984375,nan,nan,47.93562698364258,nan
46.92358326911926,1784980699.3983681,BSMC,circle,circle_dist_bsmc_30cm_yawfree_p01,1784980699.3750906,-0.9928344212790009,-0.25350371792805837,-1.3772687889915234,1.8285704965092907e-07,-0.00045080098667073004,1784980699.2908854,-0.992784704198196,-0.25349501229839033,-1.3774700028326943,0.1074826717376709,0,1,1784980685.8737292,-0.9951127389755929,-0.12870652989916076,-1.515472722699868,1784980685.873765,-0.006350209395935843,0.012172975805161213,-0.019386222578994028,-0.1229110196363762,0.02169023599166093,-0.13800271986717383,1784980699.3932765,0.0,0.0,1784980699.3740036,17216.953125,nan,nan,54.486026763916016,nan
46.96378040313721,1784980699.4385653,BSMC,circle,circle_dist_bsmc_30cm_yawfree_p01,1784980699.425141,-0.9928277727151914,-0.25350259527746083,-1.3773289518782477,2.0194234658430615e-07,-0.00048216316687259736,1784980699.4058995,-0.992784704198196,-0.25349501229839033,-1.3774700028326943,0.03266572952270508,0,1,1784980685.8737292,-0.9951127389755929,-0.12870652989916076,-1.515472722699868,1784980685.873765,-0.006350209395935843,0.012172975805161213,-0.019386222578994028,-0.1229110196363762,0.02169023599166093,-0.13800271986717383,1784980699.4331405,0.0,0.0,1784980699.4202325,17216.998046875,nan,nan,46.065086364746094,nan
47.003300189971924,1784980699.478085,BSMC,circle,circle_dist_bsmc_30cm_yawfree_p01,1784980699.4757228,-0.9928277707532974,-0.25350260529131974,-1.377353315792162,2.0194234658430615e-07,-0.00048216316687259736,1784980699.4058995,-0.992784704198196,-0.25349501229839033,-1.3774700028326943,0.07218551635742188,0,1,1784980685.8737292,-0.9951127389755929,-0.12870652989916076,-1.515472722699868,1784980685.873765,-0.006350209395935843,0.012172975805161213,-0.019386222578994028,-0.1229110196363762,0.02169023599166093,-0.13800271986717383,1784980699.4740512,0.0,0.0,1784980699.4202325,17216.998046875,nan,nan,46.065086364746094,nan
47.04359841346741,1784980699.5183833,BSMC,circle,circle_dist_bsmc_30cm_yawfree_p01,1784980699.4757228,-0.9928277707532974,-0.25350260529131974,-1.377353315792162,2.0194234658430615e-07,-0.00048216316687259736,1784980699.4863365,-0.992784704198196,-0.25349501229839033,-1.3774700028326943,0.03204679489135742,0,1,1784980685.8737292,-0.9951127389755929,-0.12870652989916076,-1.515472722699868,1784980685.873765,-0.006350209395935843,0.012172975805161213,-0.019386222578994028,-0.1229110196363762,0.02169023599166093,-0.13800271986717383,1784980699.513783,0.0,0.0,1784980699.4782772,17217.056640625,nan,nan,57.187355041503906,nan
47.0834321975708,1784980699.558217,BSMC,circle,circle_dist_bsmc_30cm_yawfree_p01,1784980699.5258722,-0.992822171031786,-0.2535016456485828,-1.377390205739322,1.4811649492862267e-07,-0.00046633738783286493,1784980699.4863365,-0.992784704198196,-0.25349501229839033,-1.3774700028326943,0.07188057899475098,0,1,1784980685.8737292,-0.9951127389755929,-0.12870652989916076,-1.515472722699868,1784980685.873765,-0.006350209395935843,0.012172975805161213,-0.019386222578994028,-0.1229110196363762,0.02169023599166093,-0.13800271986717383,1784980699.5536857,0.0,0.0,1784980699.5201466,17217.099609375,nan,nan,42.88378143310547,nan
47.12328767776489,1784980699.5980725,BSMC,circle,circle_dist_bsmc_30cm_yawfree_p01,1784980699.5755427,-0.9928221705179949,-0.2535016482734326,-1.3774065285741488,1.0342299448051921e-07,-0.00044226486667239536,1784980699.4863365,-0.992784704198196,-0.25349501229839033,-1.3774700028326943,0.11173605918884277,0,1,1784980685.8737292,-0.9951127389755929,-0.12870652989916076,-1.515472722699868,1784980685.873765,-0.006350209395935843,0.012172975805161213,-0.019386222578994028,-0.1229110196363762,0.02169023599166093,-0.13800271986717383,1784980699.5933983,0.0,0.0,1784980699.5720305,17217.150390625,nan,nan,50.89898681640625,nan
47.16352081298828,1784980699.6383057,BSMC,circle,circle_dist_bsmc_30cm_yawfree_p01,1784980699.6253507,-0.9928171851055995,-0.253500792865163,-1.3774346754102191,1.2037864155641763e-07,-0.0004349019159693048,1784980699.6031983,-0.992784704198196,-0.25349501229839033,-1.3774700028326943,0.03510737419128418,0,1,1784980685.8737292,-0.9951127389755929,-0.12870652989916076,-1.515472722699868,1784980685.873765,-0.006350209395935843,0.012172975805161213,-0.019386222578994028,-0.1229110196363762,0.02169023599166093,-0.13800271986717383,1784980699.633426,0.0,0.0,1784980699.6222284,17217.201171875,nan,nan,51.05430603027344,nan
47.20329260826111,1784980699.6780775,BSMC,circle,circle_dist_bsmc_30cm_yawfree_p01,1784980699.6753044,-0.9928171846795008,-0.2535007950424751,-1.3774500746269156,8.40944649698609e-08,-0.0004125514045310799,1784980699.6031983,-0.992784704198196,-0.25349501229839033,-1.3774700028326943,0.07487916946411133,0,1,1784980685.8737292,-0.9951127389755929,-0.12870652989916076,-1.515472722699868,1784980685.873765,-0.006350209395935843,0.012172975805161213,-0.019386222578994028,-0.1229110196363762,0.02169023599166093,-0.13800271986717383,1784980699.6733005,0.0,0.0,1784980699.6720004,17217.25,nan,nan,48.54708480834961,nan
47.24418497085571,1784980699.7189698,BSMC,circle,circle_dist_bsmc_30cm_yawfree_p01,1784980699.6753044,-0.9928171846795008,-0.2535007950424751,-1.3774500746269156,8.40944649698609e-08,-0.0004125514045310799,1784980699.684745,-0.9927797557781038,-0.2534941063181737,-1.3774711158331872,0.034224748611450195,0,1,1784980685.8737292,-0.9951127389755929,-0.12870652989916076,-1.515472722699868,1784980685.873765,-0.006350209395935843,0.012172975805161213,-0.019386222578994028,-0.12291110538138565,0.02168506889674723,-0.13800160686668095,1784980699.7140472,0.0,0.0,1784980699.6720004,17217.25,nan,nan,48.54708480834961,nan
47.283326864242554,1784980699.7581117,BSMC,circle,circle_dist_bsmc_30cm_yawfree_p01,1784980699.7257228,-0.9928123184806891,-0.25349994990983243,-1.3774692877887957,9.671965902894083e-08,-0.0003965610946054716,1784980699.684745,-0.9927797557781038,-0.2534941063181737,-1.3774711158331872,0.07336664199829102,0,1,1784980685.8737292,-0.9951127389755929,-0.12870652989916076,-1.515472722699868,1784980685.873765,-0.006350209395935843,0.012172975805161213,-0.019386222578994028,-0.12291110538138565,0.02168506889674723,-0.13800160686668095,1784980699.7536561,0.0,0.0,1784980699.723031,17217.30078125,nan,nan,51.54548645019531,nan
47.323259353637695,1784980699.7980442,BSMC,circle,circle_dist_bsmc_30cm_yawfree_p01,1784980699.7757945,-0.9928123181420504,-0.2534999516404917,-1.3774832767740481,6.727189543268779e-08,-0.00037599026907410174,1784980699.684745,-0.9927797557781038,-0.2534941063181737,-1.3774711158331872,0.11329913139343262,0,1,1784980685.8737292,-0.9951127389755929,-0.12870652989916076,-1.515472722699868,1784980685.873765,-0.006350209395935843,0.012172975805161213,-0.019386222578994028,-0.12291110538138565,0.02168506889674723,-0.13800160686668095,1784980699.7934072,0.0,0.0,1784980699.7721841,17217.3515625,nan,nan,49.903594970703125,nan
47.36320519447327,1784980699.83799,BSMC,circle,circle_dist_bsmc_30cm_yawfree_p01,1784980699.8252835,-0.9928058626978314,-0.25349829167224847,-1.377555684587824,-1.1735742753299746e-07,-0.0004296253909345975,1784980699.805339,-0.9927638207773184,-0.2534881240628691,-1.3777462691160927,0.03265094757080078,0,1,1784980685.8737292,-0.9951127389755929,-0.12870652989916076,-1.515472722699868,1784980685.873765,-0.006350209395935843,0.012172975805161213,-0.019386222578994028,-0.1229142535002823,0.02163446198099069,-0.13772645358377544,1784980699.8335927,0.0,0.0,1784980699.8225079,17217.400390625,nan,nan,49.01705551147461,nan
47.403820276260376,1784980699.8786051,BSMC,circle,circle_dist_bsmc_30cm_yawfree_p01,1784980699.8751915,-0.9928058631174418,-0.25349828952777087,-1.3775708752325193,-8.169556057667727e-08,-0.0004074786792343597,1784980699.805339,-0.9927638207773184,-0.2534881240628691,-1.3777462691160927,0.07326602935791016,0,1,1784980685.8737292,-0.9951127389755929,-0.12870652989916076,-1.515472722699868,1784980685.873765,-0.006350209395935843,0.012172975805161213,-0.019386222578994028,-0.1229142535002823,0.02163446198099069,-0.13772645358377544,1784980699.8732696,0.0,0.0,1784980699.8721442,17217.451171875,nan,nan,50.99081039428711,nan
47.44329595565796,1784980699.9180808,BSMC,circle,circle_dist_bsmc_30cm_yawfree_p01,1784980699.8751915,-0.9928058631174418,-0.25349828952777087,-1.3775708752325193,-8.169556057667727e-08,-0.0004074786792343597,1784980699.88655,-0.9928195473315077,-0.253478671477952,-1.3764126585658933,0.03153085708618164,0,1,1784980685.8737292,-0.9951127389755929,-0.12870652989916076,-1.515472722699868,1784980685.873765,-0.006350209395935843,0.012172975805161213,-0.019386222578994028,-0.12286525345188787,0.021851213611096883,-0.13906006413397476,1784980699.9136143,0.0,0.0,1784980699.8721442,17217.451171875,nan,nan,50.99081039428711,nan
47.48342847824097,1784980699.9582133,BSMC,circle,circle_dist_bsmc_30cm_yawfree_p01,1784980699.9253013,-0.9928077941449232,-0.2534949712708798,-1.377321509256418,-1.3961913896148522e-06,-7.308463961691153e-05,1784980699.88655,-0.9928195473315077,-0.253478671477952,-1.3764126585658933,0.07166337966918945,0,1,1784980685.8737292,-0.9951127389755929,-0.12870652989916076,-1.515472722699868,1784980685.873765,-0.006350209395935843,0.012172975805161213,-0.019386222578994028,-0.12286525345188787,0.021851213611096883,-0.13906006413397476,1784980699.9538367,0.0,0.0,1784980699.9221408,17217.501953125,nan,nan,50.079288482666016,nan
47.52376174926758,1784980699.9985466,BSMC,circle,circle_dist_bsmc_30cm_yawfree_p01,1784980699.9752736,-0.992807799060189,-0.2534949462042819,-1.3773240853580944,-9.734362237879413e-07,-6.930266426218722e-05,1784980699.88655,-0.9928195473315077,-0.253478671477952,-1.3764126585658933,0.11199665069580078,0,1,1784980685.8737292,-0.9951127389755929,-0.12870652989916076,-1.515472722699868,1784980685.873765,-0.006350209395935843,0.012172975805161213,-0.019386222578994028,-0.12286525345188787,0.021851213611096883,-0.13906006413397476,1784980699.9932365,0.0,0.0,1784980699.971742,17217.55078125,nan,nan,49.29623031616211,nan
47.56321668624878,1784980700.0380015,BSMC,circle,circle_dist_bsmc_30cm_yawfree_p01,1784980700.0259507,-0.9928063800017769,-0.25349119120719843,-1.3771307197896283,-2.083617396098361e-06,0.00017405177649096066,1784980700.00321,-0.9927960477911307,-0.2534722732367458,-1.3764838299118984,0.03479146957397461,0,1,1784980685.8737292,-0.9951127389755929,-0.12870652989916076,-1.515472722699868,1784980685.873765,-0.006350209395935843,0.012172975805161213,-0.019386222578994028,-0.12286506806413326,0.02181817632663684,-0.13898889278796966,1784980700.0336723,0.0,0.0,1784980700.0223074,17217.6015625,nan,nan,50.65542221069336,nan
47.60335826873779,1784980700.0781431,BSMC,circle,circle_dist_bsmc_30cm_yawfree_p01,1784980700.0751507,-0.9928063871385592,-0.25349115486128737,-1.3771246951838019,-1.452110866311982e-06,0.00016507833940850356,1784980700.00321,-0.9927960477911307,-0.2534722732367458,-1.3764838299118984,0.07493305206298828,0,1,1784980685.8737292,-0.9951127389755929,-0.12870652989916076,-1.515472722699868,1784980685.873765,-0.006350209395935843,0.012172975805161213,-0.019386222578994028,-0.12286506806413326,0.02181817632663684,-0.13898889278796966,1784980700.0735083,0.0,0.0,1784980700.0720022,17217.650390625,nan,nan,49.759765625,nan
47.64366364479065,1784980700.1184485,BSMC,circle,circle_dist_bsmc_30cm_yawfree_p01,1784980700.0751507,-0.9928063871385592,-0.25349115486128737,-1.3771246951838019,-1.452110866311982e-06,0.00016507833940850356,1784980700.0843887,-0.9928226946480567,-0.25352573477965046,-1.3767836777602627,0.034059762954711914,0,1,1784980685.8737292,-0.9951127389755929,-0.12870652989916076,-1.515472722699868,1784980685.873765,-0.006350209395935843,0.012172975805161213,-0.019386222578994028,-0.12291892574302339,0.021817788710152157,-0.13868904493960543,1784980700.113422,0.0,0.0,1784980700.0720022,17217.650390625,nan,nan,49.759765625,nan
47.68350410461426,1784980700.158289,BSMC,circle,circle_dist_bsmc_30cm_yawfree_p01,1784980700.125465,-0.9928083009563243,-0.25349669278274,-1.3770414444188543,8.454035280291389e-07,0.0002481357136298975,1784980700.0843887,-0.9928226946480567,-0.25352573477965046,-1.3767836777602627,0.07390022277832031,0,1,1784980685.8737292,-0.9951127389755929,-0.12870652989916076,-1.515472722699868,1784980685.873765,-0.006350209395935843,0.012172975805161213,-0.019386222578994028,-0.12291892574302339,0.021817788710152157,-0.13868904493960543,1784980700.1537664,0.0,0.0,1784980700.1229947,17217.701171875,nan,nan,50.418548583984375,nan
47.723719120025635,1784980700.198504,BSMC,circle,circle_dist_bsmc_30cm_yawfree_p01,1784980700.1755118,-0.9928082979641792,-0.2534967080172168,-1.3770326938243762,5.889524698795546e-07,0.0002352666288805901,1784980700.0843887,-0.9928226946480567,-0.25352573477965046,-1.3767836777602627,0.11411523818969727,0,1,1784980685.8737292,-0.9951127389755929,-0.12870652989916076,-1.515472722699868,1784980685.873765,-0.006350209395935843,0.012172975805161213,-0.019386222578994028,-0.12291892574302339,0.021817788710152157,-0.13868904493960543,1784980700.193738,0.0,0.0,1784980700.1720848,17217.751953125,nan,nan,49.800209045410156,nan
47.76332974433899,1784980700.2381146,BSMC,circle,circle_dist_bsmc_30cm_yawfree_p01,1784980700.2253115,-0.9928089601528457,-0.2535005443039284,-1.377039183385638,1.910145807919681e-06,0.00020504057564807107,1784980700.2035067,-0.992814417644574,-0.2535196350176168,-1.3770910597983042,0.034607887268066406,0,1,1784980685.8737292,-0.9951127389755929,-0.12870652989916076,-1.515472722699868,1784980685.873765,-0.006350209395935843,0.012172975805161213,-0.019386222578994028,-0.12292123394130003,0.021770708224574727,-0.13838166290156395,1784980700.2332532,0.0,0.0,1784980700.2233574,17217.80078125,nan,nan,50.1439094543457,nan
47.80354332923889,1784980700.2783282,BSMC,circle,circle_dist_bsmc_30cm_yawfree_p01,1784980700.2750895,-0.9928089532816998,-0.25350057931194747,-1.377031970882148,1.3285589639974164e-06,0.0001944407409031971,1784980700.2035067,-0.992814417644574,-0.2535196350176168,-1.3770910597983042,0.07482147216796875,0,1,1784980685.8737292,-0.9951127389755929,-0.12870652989916076,-1.515472722699868,1784980685.873765,-0.006350209395935843,0.012172975805161213,-0.019386222578994028,-0.12292123394130003,0.021770708224574727,-0.13838166290156395,1784980700.273299,0.0,0.0,1784980700.273393,17217.8515625,nan,nan,50.8527946472168,nan
47.843528032302856,1784980700.318313,BSMC,circle,circle_dist_bsmc_30cm_yawfree_p01,1784980700.2750895,-0.9928089532816998,-0.25350057931194747,-1.377031970882148,1.3285589639974164e-06,0.0001944407409031971,1784980700.291718,-0.9928198175891695,-0.2535091541133127,-1.3768984788695693,0.026594877243041992,0,1,1784980685.8737292,-0.9951127389755929,-0.12870652989916076,-1.515472722699868,1784980685.873765,-0.006350209395935843,0.012172975805161213,-0.019386222578994028,-0.12290571405074616,0.021797659344511378,-0.13857424383029882,1784980700.3140063,0.0,0.0,1784980700.273393,17217.8515625,nan,nan,50.8527946472168,nan
47.88331866264343,1784980700.3581035,BSMC,circle,circle_dist_bsmc_30cm_yawfree_p01,1784980700.3257506,-0.9928103291146726,-0.25350195065860887,-1.376994816516415,1.325845581312546e-06,0.0002205052994013258,1784980700.291718,-0.9928198175891695,-0.2535091541133127,-1.3768984788695693,0.06638550758361816,0,1,1784980685.8737292,-0.9951127389755929,-0.12870652989916076,-1.515472722699868,1784980685.873765,-0.006350209395935843,0.012172975805161213,-0.019386222578994028,-0.12290571405074616,0.021797659344511378,-0.13857424383029882,1784980700.3535414,0.0,0.0,1784980700.323073,17217.90234375,nan,nan,49.992881774902344,nan
47.92328214645386,1784980700.398067,BSMC,circle,circle_dist_bsmc_30cm_yawfree_p01,1784980700.3750916,-0.9928103244664571,-0.25350197433771554,-1.3769871668830498,9.227541841454892e-07,0.00020907862798552542,1784980700.291718,-0.9928198175891695,-0.2535091541133127,-1.3768984788695693,0.10634899139404297,0,1,1784980685.8737292,-0.9951127389755929,-0.12870652989916076,-1.515472722699868,1784980685.873765,-0.006350209395935843,0.012172975805161213,-0.019386222578994028,-0.12290571405074616,0.021797659344511378,-0.13857424383029882,1784980700.3935611,0.0,0.0,1784980700.3739963,17217.951171875,nan,nan,50.13032531738281,nan
47.96331286430359,1784980700.4380977,BSMC,circle,circle_dist_bsmc_30cm_yawfree_p01,1784980700.4257224,-0.9928109277210078,-0.25350178983567256,-1.3770452334748724,5.115292044568614e-07,0.00011772388522192531,1784980700.4061866,-0.9928147673995578,-0.25350097841764874,-1.3772634993051114,0.03191113471984863,0,1,1784980685.8737292,-0.9951127389755929,-0.12870652989916076,-1.515472722699868,1784980685.873765,-0.006350209395935843,0.012172975805161213,-0.019386222578994028,-0.12290661067851856,0.021746266482246566,-0.13820922339475672,1784980700.4333277,0.0,0.0,1784980700.4249659,17218.001953125,nan,nan,49.9747428894043,nan
48.004069805145264,1784980700.4788547,BSMC,circle,circle_dist_bsmc_30cm_yawfree_p01,1784980700.4750552,-0.9928109258810758,-0.25350179921564997,-1.3770411298335734,3.561742319095824e-07,0.00011165424423362985,1784980700.4061866,-0.9928147673995578,-0.25350097841764874,-1.3772634993051114,0.07266807556152344,0,1,1784980685.8737292,-0.9951127389755929,-0.12870652989916076,-1.515472722699868,1784980685.873765,-0.006350209395935843,0.012172975805161213,-0.019386222578994028,-0.12290661067851856,0.021746266482246566,-0.13820922339475672,1784980700.4735126,0.0,0.0,1784980700.4736116,17218.052734375,nan,nan,49.94559860229492,nan
48.043232440948486,1784980700.5180173,BSMC,circle,circle_dist_bsmc_30cm_yawfree_p01,1784980700.4750552,-0.9928109258810758,-0.25350179921564997,-1.3770411298335734,3.561742319095824e-07,0.00011165424423362985,1784980700.4849277,-0.9928022929428255,-0.2534869944384807,-1.3774088408991667,0.033089637756347656,0,1,1784980685.8737292,-0.9951127389755929,-0.12870652989916076,-1.515472722699868,1784980685.873765,-0.006350209395935843,0.012172975805161213,-0.019386222578994028,-0.12289844411085993,0.021713473389779414,-0.1380638818007014,1784980700.5138876,0.0,0.0,1784980700.4736116,17218.052734375,nan,nan,49.94559860229492,nan
48.08362579345703,1784980700.5584106,BSMC,circle,circle_dist_bsmc_30cm_yawfree_p01,1784980700.525243,-0.9928098912599239,-0.25349943795894103,-1.377120550552337,-5.143280048890756e-07,7.388040103196175e-06,1784980700.4849277,-0.9928022929428255,-0.2534869944384807,-1.3774088408991667,0.07348299026489258,0,1,1784980685.8737292,-0.9951127389755929,-0.12870652989916076,-1.515472722699868,1784980685.873765,-0.006350209395935843,0.012172975805161213,-0.019386222578994028,-0.12289844411085993,0.021713473389779414,-0.1380638818007014,1784980700.5535734,0.0,0.0,1784980700.523144,17218.1015625,nan,nan,49.98655700683594,nan
48.12366509437561,1784980700.59845,BSMC,circle,circle_dist_bsmc_30cm_yawfree_p01,1784980700.5755665,-0.9928098931650143,-0.25349942824229105,-1.3771202872800843,-3.5826522622191044e-07,7.004907691572114e-06,1784980700.4849277,-0.9928022929428255,-0.2534869944384807,-1.3774088408991667,0.11352229118347168,0,1,1784980685.8737292,-0.9951127389755929,-0.12870652989916076,-1.515472722699868,1784980685.873765,-0.006350209395935843,0.012172975805161213,-0.019386222578994028,-0.12289844411085993,0.021713473389779414,-0.1380638818007014,1784980700.593408,0.0,0.0,1784980700.5731792,17218.15234375,nan,nan,50.10147476196289,nan
48.16352438926697,1784980700.6383092,BSMC,circle,circle_dist_bsmc_30cm_yawfree_p01,1784980700.6251094,-0.9928152207559512,-0.253495702682052,-1.3770681509679727,-2.1506894096521087e-06,7.009641626033196e-05,1784980700.603277,-0.9928484642759662,-0.2534789236193727,-1.3768967213025336,0.03503227233886719,0,1,1784980685.8737292,-0.9951127389755929,-0.12870652989916076,-1.515472722699868,1784980685.873765,-0.006350209395935843,0.012172975805161213,-0.019386222578994028,-0.12287049191564649,0.021820160196341424,-0.1385760013973345,1784980700.6335306,0.0,0.0,1784980700.6245122,17218.203125,nan,nan,50.104862213134766,nan
48.20450401306152,1784980700.6792889,BSMC,circle,circle_dist_bsmc_30cm_yawfree_p01,1784980700.6755855,-0.9928152289653048,-0.2534956608405579,-1.3770656324360253,-1.4954021567182627e-06,6.646842992155012e-05,1784980700.603277,-0.9928484642759662,-0.2534789236193727,-1.3768967213025336,0.07601189613342285,0,1,1784980685.8737292,-0.9951127389755929,-0.12870652989916076,-1.515472722699868,1784980685.873765,-0.006350209395935843,0.012172975805161213,-0.019386222578994028,-0.12287049191564649,0.021820160196341424,-0.1385760013973345,1784980700.6735399,0.0,0.0,1784980700.6736295,17218.251953125,nan,nan,50.16144561767578,nan
48.24338889122009,1784980700.7181737,BSMC,circle,circle_dist_bsmc_30cm_yawfree_p01,1784980700.6755855,-0.9928152289653048,-0.2534956608405579,-1.3770656324360253,-1.4954021567182627e-06,6.646842992155012e-05,1784980700.6860683,-0.9928488311503046,-0.2534790967008476,-1.3768278477866929,0.032105445861816406,0,1,1784980685.8737292,-0.9951127389755929,-0.12870652989916076,-1.515472722699868,1784980685.873765,-0.006350209395935843,0.012172975805161213,-0.019386222578994028,-0.12286908791209342,0.021829016023931783,-0.13864487491317523,1784980700.7140536,0.0,0.0,1784980700.6736295,17218.251953125,nan,nan,50.16144561767578,nan
48.28393268585205,1784980700.7587175,BSMC,circle,circle_dist_bsmc_30cm_yawfree_p01,1784980700.725473,-0.9928197635033721,-0.2534926846596894,-1.3770092809648693,-2.393605653381375e-06,0.00012696024310691932,1784980700.6860683,-0.9928488311503046,-0.2534790967008476,-1.3768278477866929,0.07264924049377441,0,1,1784980685.8737292,-0.9951127389755929,-0.12870652989916076,-1.515472722699868,1784980685.873765,-0.006350209395935843,0.012172975805161213,-0.019386222578994028,-0.12286908791209342,0.021829016023931783,-0.13864487491317523,1784980700.7531443,0.0,0.0,1784980700.725554,17218.302734375,nan,nan,50.702491760253906,nan
48.323424100875854,1784980700.798209,BSMC,circle,circle_dist_bsmc_30cm_yawfree_p01,1784980700.775308,-0.9928197864434696,-0.253492567767375,-1.3770029625625158,-2.393605653381375e-06,0.00012696024310691932,1784980700.6860683,-0.9928488311503046,-0.2534790967008476,-1.3768278477866929,0.11214065551757812,0,1,1784980685.8737292,-0.9951127389755929,-0.12870652989916076,-1.515472722699868,1784980685.873765,-0.006350209395935843,0.012172975805161213,-0.019386222578994028,-0.12286908791209342,0.021829016023931783,-0.13864487491317523,1784980700.7933612,0.0,0.0,1784980700.7751405,17218.353515625,nan,nan,50.250099182128906,nan
48.36340403556824,1784980700.838189,BSMC,circle,circle_dist_bsmc_30cm_yawfree_p01,1784980700.8251963,-0.9928249879662511,-0.2534926891026625,-1.3768960467827178,-2.159970985377832e-06,0.00025049697063212384,1784980700.8039868,-0.9928585126285393,-0.25349504483766705,-1.376566732020987,0.03420209884643555,0,1,1784980685.8737292,-0.9951127389755929,-0.12870652989916076,-1.515472722699868,1784980685.873765,-0.006350209395935843,0.012172975805161213,-0.019386222578994028,-0.12287716345313118,0.02187367593007729,-0.1389059906788812,1784980700.8333824,0.0,0.0,1784980700.8259037,17218.40234375,nan,nan,49.854042053222656,nan
48.4033317565918,1784980700.8781166,BSMC,circle,circle_dist_bsmc_30cm_yawfree_p01,1784980700.8754208,-0.9928249820065554,-0.25349271949302465,-1.3768907473302066,-1.0507574634676114e-06,0.0002257620886849332,1784980700.8039868,-0.9928585126285393,-0.25349504483766705,-1.376566732020987,0.07412981986999512,0,1,1784980685.8737292,-0.9951127389755929,-0.12870652989916076,-1.515472722699868,1784980685.873765,-0.006350209395935843,0.012172975805161213,-0.019386222578994028,-0.12287716345313118,0.02187367593007729,-0.1389059906788812,1784980700.873362,0.0,0.0,1784980700.8744707,17218.453125,nan,nan,50.24726867675781,nan
48.44384717941284,1784980700.918632,BSMC,circle,circle_dist_bsmc_30cm_yawfree_p01,1784980700.8754208,-0.9928249820065554,-0.25349271949302465,-1.3768907473302066,-1.0507574634676114e-06,0.0002257620886849332,1784980700.8858025,-0.9928108275830155,-0.25348343339974344,-1.3771709175527516,0.03282952308654785,0,1,1784980685.8737292,-0.9951127389755929,-0.12870652989916076,-1.515472722699868,1784980685.873765,-0.006350209395935843,0.012172975805161213,-0.019386222578994028,-0.12288813777943199,0.021750403130892517,-0.13830180514711654,1784980700.9140682,0.0,0.0,1784980700.8744707,17218.453125,nan,nan,50.24726867675781,nan
48.48339295387268,1784980700.9581778,BSMC,circle,circle_dist_bsmc_30cm_yawfree_p01,1784980700.9260948,-0.9928231964314326,-0.25349122311184374,-1.376944665388724,-1.5888682157678404e-06,0.00014582086771190573,1784980700.8858025,-0.9928108275830155,-0.25348343339974344,-1.3771709175527516,0.07237529754638672,0,1,1784980685.8737292,-0.9951127389755929,-0.12870652989916076,-1.515472722699868,1784980685.873765,-0.006350209395935843,0.012172975805161213,-0.019386222578994028,-0.12288813777943199,0.021750403130892517,-0.13830180514711654,1784980700.9534426,0.0,0.0,1784980700.929352,17218.5078125,nan,nan,54.84406280517578,nan
48.52372217178345,1784980700.998507,BSMC,circle,circle_dist_bsmc_30cm_yawfree_p01,1784980700.9753923,-0.9928231981524339,-0.25349121434488564,-1.3769397357481252,-1.0981614904804127e-06,0.00013848742129528833,1784980700.8858025,-0.9928108275830155,-0.25348343339974344,-1.3771709175527516,0.11270451545715332,0,1,1784980685.8737292,-0.9951127389755929,-0.12870652989916076,-1.515472722699868,1784980685.873765,-0.006350209395935843,0.012172975805161213,-0.019386222578994028,-0.12288813777943199,0.021750403130892517,-0.13830180514711654,1784980700.99381,0.0,0.0,1784980700.976461,17218.5546875,nan,nan,45.82935333251953,nan
48.56362867355347,1784980701.0384135,BSMC,circle,circle_dist_bsmc_30cm_yawfree_p01,1784980701.025531,-0.9928157587528136,-0.25349243009203254,-1.3770613934398372,7.440092119499732e-07,-2.9022329563179773e-05,1784980701.006254,-0.9927683834264376,-0.25349593830447203,-1.3774698034100243,0.03215956687927246,0,1,1784980685.8737292,-0.9951127389755929,-0.12870652989916076,-1.515472722699868,1784980685.873765,-0.006350209395935843,0.012172975805161213,-0.019386222578994028,-0.12291505968613557,0.02167442168645239,-0.13800291928984376,1784980701.0335014,0.0,0.0,1784980701.02915,17218.607421875,nan,nan,53.86661911010742,nan
48.60352873802185,1784980701.0783136,BSMC,circle,circle_dist_bsmc_30cm_yawfree_p01,1784980701.075448,-0.992815757782627,-0.25349243504752694,-1.3770623986053772,5.163806784815967e-07,-2.7575011238149228e-05,1784980701.006254,-0.9927683834264376,-0.25349593830447203,-1.3774698034100243,0.07205963134765625,0,1,1784980685.8737292,-0.9951127389755929,-0.12870652989916076,-1.515472722699868,1784980685.873765,-0.006350209395935843,0.012172975805161213,-0.019386222578994028,-0.12291505968613557,0.02167442168645239,-0.13800291928984376,1784980701.0737352,0.0,0.0,1784980701.07517,17218.654296875,nan,nan,45.92863082885742,nan
48.64392971992493,1784980701.1187146,BSMC,circle,circle_dist_bsmc_30cm_yawfree_p01,1784980701.075448,-0.992815757782627,-0.25349243504752694,-1.3770623986053772,5.163806784815967e-07,-2.7575011238149228e-05,1784980701.0855043,-0.992735309737837,-0.2535130613589043,-1.3775852600803056,0.03321027755737305,0,1,1784980685.8737292,-0.9951127389755929,-0.12870652989916076,-1.515472722699868,1784980685.873765,-0.006350209395935843,0.012172975805161213,-0.019386222578994028,-0.12294071628320233,0.021631059718969777,-0.13788746261956253,1784980701.1135666,0.0,0.0,1784980701.07517,17218.654296875,nan,nan,45.92863082885742,nan
48.683279275894165,1784980701.1580641,BSMC,circle,circle_dist_bsmc_30cm_yawfree_p01,1784980701.126107,-0.9928050359343724,-0.2534964447786324,-1.377184036013328,3.3564833812537454e-06,-0.00017370960207494489,1784980701.0855043,-0.992735309737837,-0.2535130613589043,-1.3775852600803056,0.07255983352661133,0,1,1784980685.8737292,-0.9951127389755929,-0.12870652989916076,-1.515472722699868,1784980685.873765,-0.006350209395935843,0.012172975805161213,-0.019386222578994028,-0.12294071628320233,0.021631059718969777,-0.13788746261956253,1784980701.1534936,0.0,0.0,1784980701.1317024,17218.7109375,nan,nan,56.68741989135742,nan
48.72368335723877,1784980701.1984682,BSMC,circle,circle_dist_bsmc_30cm_yawfree_p01,1784980701.1754627,-0.9928050321048884,-0.2534964643695277,-1.3771899200610884,2.3174841975220954e-06,-0.00016495348321208037,1784980701.0855043,-0.992735309737837,-0.2535130613589043,-1.3775852600803056,0.11296391487121582,0,1,1784980685.8737292,-0.9951127389755929,-0.12870652989916076,-1.515472722699868,1784980685.873765,-0.006350209395935843,0.012172975805161213,-0.019386222578994028,-0.12294071628320233,0.021631059718969777,-0.13788746261956253,1784980701.1937547,0.0,0.0,1784980701.1765163,17218.75390625,nan,nan,43.311859130859375,nan
48.76324439048767,1784980701.2380292,BSMC,circle,circle_dist_bsmc_30cm_yawfree_p01,1784980701.226019,-0.9927964231670424,-0.25350118673738004,-1.377253119792608,5.189970112609813e-06,-0.00022947963357218632,1784980701.2048995,-0.9927425774914138,-0.2535212153774207,-1.3774359478107245,0.03312969207763672,0,1,1784980685.8737292,-0.9951127389755929,-0.12870652989916076,-1.515472722699868,1784980685.873765,-0.006350209395935843,0.012172975805161213,-0.019386222578994028,-0.12294409063581424,0.021658115204946215,-0.13803677488914354,1784980701.2339542,0.0,0.0,1784980701.2353024,17218.814453125,nan,nan,59.726314544677734,nan
48.80315375328064,1784980701.2779386,BSMC,circle,circle_dist_bsmc_30cm_yawfree_p01,1784980701.275565,-0.992796416690943,-0.2535012198522675,-1.3772609683996668,3.5726622488291592e-06,-0.00021793508101577546,1784980701.2048995,-0.9927425774914138,-0.2535212153774207,-1.3774359478107245,0.07303905487060547,0,1,1784980685.8737292,-0.9951127389755929,-0.12870652989916076,-1.515472722699868,1784980685.873765,-0.006350209395935843,0.012172975805161213,-0.019386222578994028,-0.12294409063581424,0.021658115204946215,-0.13803677488914354,1784980701.2737331,0.0,0.0,1784980701.2353024,17218.814453125,nan,nan,59.726314544677734,nan
48.84349346160889,1784980701.3182783,BSMC,circle,circle_dist_bsmc_30cm_yawfree_p01,1784980701.275565,-0.992796416690943,-0.2535012198522675,-1.3772609683996668,3.5726622488291592e-06,-0.00021793508101577546,1784980701.2901285,-0.9927565722179038,-0.25351455527510397,-1.3773314924014206,0.028149843215942383,0,1,1784980685.8737292,-0.9951127389755929,-0.12870652989916076,-1.515472722699868,1784980685.873765,-0.006350209395935843,0.012172975805161213,-0.019386222578994028,-0.12293260117709114,0.021683410429781905,-0.1381412302984475,1784980701.3137114,0.0,0.0,1784980701.2812266,17218.857421875,nan,nan,43.3062629699707,nan
48.88352131843567,1784980701.3583062,BSMC,circle,circle_dist_bsmc_30cm_yawfree_p01,1784980701.3260384,-0.9927910486953455,-0.25350376787586554,-1.3772845980696462,4.31346877882504e-06,-0.00022681939378408632,1784980701.2901285,-0.9927565722179038,-0.25351455527510397,-1.3773314924014206,0.06817770004272461,0,1,1784980685.8737292,-0.9951127389755929,-0.12870652989916076,-1.515472722699868,1784980685.873765,-0.006350209395935843,0.012172975805161213,-0.019386222578994028,-0.12293260117709114,0.021683410429781905,-0.1381412302984475,1784980701.3542426,0.0,0.0,1784980701.326126,17218.904296875,nan,nan,48.084983825683594,nan
48.923325061798096,1784980701.39811,BSMC,circle,circle_dist_bsmc_30cm_yawfree_p01,1784980701.3754506,-0.9927910435102367,-0.2535037943669295,-1.3772923161523865,3.0266556915343207e-06,-0.00021555573962704278,1784980701.2901285,-0.9927565722179038,-0.25351455527510397,-1.3773314924014206,0.10798144340515137,0,1,1784980685.8737292,-0.9951127389755929,-0.12870652989916076,-1.515472722699868,1784980685.873765,-0.006350209395935843,0.012172975805161213,-0.019386222578994028,-0.12293260117709114,0.021683410429781905,-0.1381412302984475,1784980701.3933017,0.0,0.0,1784980701.3805182,17218.955078125,nan,nan,50.29072570800781,nan
48.96371603012085,1784980701.438501,BSMC,circle,circle_dist_bsmc_30cm_yawfree_p01,1784980701.4252973,-0.9927879983641748,-0.2535046457825543,-1.3773171306810856,2.9114501955046735e-06,-0.00022689837060385965,1784980701.4048765,-0.992768675868969,-0.2535076983942245,-1.3773706767617477,0.03362441062927246,0,1,1784980685.8737292,-0.9951127389755929,-0.12870652989916076,-1.515472722699868,1784980685.873765,-0.006350209395935843,0.012172975805161213,-0.019386222578994028,-0.12292439513748761,0.02168915327217584,-0.13810204593812037,1784980701.4332325,0.0,0.0,1784980701.4291575,17219.0078125,nan,nan,51.730445861816406,nan
49.003249168395996,1784980701.478034,BSMC,circle,circle_dist_bsmc_30cm_yawfree_p01,1784980701.4757192,-0.9927879942595818,-0.2535046667447912,-1.3773251041720938,2.0279343190018992e-06,-0.0002156487556274182,1784980701.4048765,-0.992768675868969,-0.2535076983942245,-1.3773706767617477,0.07315754890441895,0,1,1784980685.8737292,-0.9951127389755929,-0.12870652989916076,-1.515472722699868,1784980685.873765,-0.006350209395935843,0.012172975805161213,-0.019386222578994028,-0.12292439513748761,0.02168915327217584,-0.13810204593812037,1784980701.4735303,0.0,0.0,1784980701.4291575,17219.0078125,nan,nan,51.730445861816406,nan
49.04321789741516,1784980701.5180027,BSMC,circle,circle_dist_bsmc_30cm_yawfree_p01,1784980701.4757192,-0.9927879942595818,-0.2535046667447912,-1.3773251041720938,2.0279343190018992e-06,-0.0002156487556274182,1784980701.4863384,-0.9927718442548265,-0.25350672351920683,-1.3773476066818904,0.031664371490478516,0,1,1784980685.8737292,-0.9951127389755929,-0.12870652989916076,-1.515472722699868,1784980685.873765,-0.006350209395935843,0.012172975805161213,-0.019386222578994028,-0.12292232893901978,0.021694911013924942,-0.13812511601797772,1784980701.5139835,0.0,0.0,1784980701.4783392,17219.056640625,nan,nan,49.95466232299805,nan
49.083428621292114,1784980701.5582135,BSMC,circle,circle_dist_bsmc_30cm_yawfree_p01,1784980701.5260649,-0.992785853162539,-0.25350514084855846,-1.377337658415879,1.8438113601303816e-06,-0.00021105757945616486,1784980701.4863384,-0.9927718442548265,-0.25350672351920683,-1.3773476066818904,0.07187509536743164,0,1,1784980685.8737292,-0.9951127389755929,-0.12870652989916076,-1.515472722699868,1784980685.873765,-0.006350209395935843,0.012172975805161213,-0.019386222578994028,-0.12292232893901978,0.021694911013924942,-0.13812511601797772,1784980701.5535312,0.0,0.0,1784980701.5273275,17219.10546875,nan,nan,49.01959228515625,nan
49.123483180999756,1784980701.598268,BSMC,circle,circle_dist_bsmc_30cm_yawfree_p01,1784980701.575229,-0.9927858510127422,-0.2535051518249902,-1.3773447877176257,1.2880480619475776e-06,-0.00020054902251987895,1784980701.4863384,-0.9927718442548265,-0.25350672351920683,-1.3773476066818904,0.11192965507507324,0,1,1784980685.8737292,-0.9951127389755929,-0.12870652989916076,-1.515472722699868,1784980685.873765,-0.006350209395935843,0.012172975805161213,-0.019386222578994028,-0.12292232893901978,0.021694911013924942,-0.13812511601797772,1784980701.5933952,0.0,0.0,1784980701.583076,17219.16015625,nan,nan,54.998783111572266,nan
49.16324210166931,1784980701.638027,BSMC,circle,circle_dist_bsmc_30cm_yawfree_p01,1784980701.6257262,-0.9927830115012464,-0.2535052690976648,-1.3773461639294637,1.2819972532881367e-06,-0.00018323285764588882,1784980701.6153665,-0.992765018779504,-0.2535048830393686,-1.3773274470806809,0.022660493850708008,0,1,1784980685.8737292,-0.9951127389755929,-0.12870652989916076,-1.515472722699868,1784980685.873765,-0.006350209395935843,0.012172975805161213,-0.019386222578994028,-0.12292139770551068,0.021690337082461753,-0.1381452756191872,1784980701.6336231,0.0,0.0,1784980701.583076,17219.16015625,nan,nan,54.998783111572266,nan
49.20352530479431,1784980701.6783102,BSMC,circle,circle_dist_bsmc_30cm_yawfree_p01,1784980701.6753767,-0.9927830094576691,-0.253505279529158,-1.377352498990365,8.663118505054559e-07,-0.0001738758731431762,1784980701.6153665,-0.992765018779504,-0.2535048830393686,-1.3773274470806809,0.06294369697570801,0,1,1784980685.8737292,-0.9951127389755929,-0.12870652989916076,-1.515472722699868,1784980685.873765,-0.006350209395935843,0.012172975805161213,-0.019386222578994028,-0.12292139770551068,0.021690337082461753,-0.1381452756191872,1784980701.6735792,0.0,0.0,1784980701.648121,17219.2265625,nan,nan,65.0797119140625,nan
49.24370527267456,1784980701.7184901,BSMC,circle,circle_dist_bsmc_30cm_yawfree_p01,1784980701.6753767,-0.9927830094576691,-0.253505279529158,-1.377352498990365,8.663118505054559e-07,-0.0001738758731431762,1784980701.686011,-0.9927595125614939,-0.25350480516002083,-1.3773987388333555,0.032479047775268555,0,1,1784980685.8737292,-0.9951127389755929,-0.12870652989916076,-1.515472722699868,1784980685.873765,-0.006350209395935843,0.012172975805161213,-0.019386222578994028,-0.1229239255712549,0.021676155212444856,-0.1380739838665126,1784980701.7139053,0.0,0.0,1784980701.6826906,17219.26171875,nan,nan,34.97224807739258,nan
49.283669233322144,1784980701.758454,BSMC,circle,circle_dist_bsmc_30cm_yawfree_p01,1784980701.7254007,-0.9927799320182955,-0.253505374080266,-1.377368983273149,9.41360821293212e-07,-0.00017796246856738117,1784980701.686011,-0.9927595125614939,-0.25350480516002083,-1.3773987388333555,0.07244300842285156,0,1,1784980685.8737292,-0.9951127389755929,-0.12870652989916076,-1.515472722699868,1784980685.873765,-0.006350209395935843,0.012172975805161213,-0.019386222578994028,-0.1229239255712549,0.021676155212444856,-0.1380739838665126,1784980701.7533116,0.0,0.0,1784980701.7449012,17219.322265625,nan,nan,62.02007293701172,nan
49.323307514190674,1784980701.7980924,BSMC,circle,circle_dist_bsmc_30cm_yawfree_p01,1784980701.7755072,-0.9927799304696528,-0.2535053819871307,-1.3773751760454715,6.464952292165772e-07,-0.00016888417489150048,1784980701.686011,-0.9927595125614939,-0.25350480516002083,-1.3773987388333555,0.11208128929138184,0,1,1784980685.8737292,-0.9951127389755929,-0.12870652989916076,-1.515472722699868,1784980685.873765,-0.006350209395935843,0.012172975805161213,-0.019386222578994028,-0.1229239255712549,0.021676155212444856,-0.1380739838665126,1784980701.7935169,0.0,0.0,1784980701.7861419,17219.36328125,nan,nan,41.08430480957031,nan
49.3635196685791,1784980701.8383045,BSMC,circle,circle_dist_bsmc_30cm_yawfree_p01,1784980701.825431,-0.9927780726046254,-0.2535051630474103,-1.3773598850362914,5.309492120958936e-07,-0.0001336659063809945,1784980701.805926,-0.9927660337099372,-0.2535034741824563,-1.3772892511297843,0.032378435134887695,0,1,1784980685.8737292,-0.9951127389755929,-0.12870652989916076,-1.515472722699868,1784980685.873765,-0.006350209395935843,0.012172975805161213,-0.019386222578994028,-0.12291899139815417,0.021695757228368886,-0.13818347157008382,1784980701.8334782,0.0,0.0,1784980701.8326719,17219.412109375,nan,nan,46.9379997253418,nan
49.403772592544556,1784980701.8785574,BSMC,circle,circle_dist_bsmc_30cm_yawfree_p01,1784980701.875171,-0.9927780717628589,-0.253505167343528,-1.3773645148927756,3.741139133103137e-07,-0.00012704209944428823,1784980701.805926,-0.9927660337099372,-0.2535034741824563,-1.3772892511297843,0.0726313591003418,0,1,1784980685.8737292,-0.9951127389755929,-0.12870652989916076,-1.515472722699868,1784980685.873765,-0.006350209395935843,0.012172975805161213,-0.019386222578994028,-0.12291899139815417,0.021695757228368886,-0.13818347157008382,1784980701.8733165,0.0,0.0,1784980701.8326719,17219.412109375,nan,nan,46.9379997253418,nan
49.443320512771606,1784980701.9181054,BSMC,circle,circle_dist_bsmc_30cm_yawfree_p01,1784980701.875171,-0.9927780717628589,-0.253505167343528,-1.3773645148927756,3.741139133103137e-07,-0.00012704209944428823,1784980701.8854625,-0.9927664734428336,-0.2535066050115083,-1.377303015370193,0.03264284133911133,0,1,1784980685.8737292,-0.9951127389755929,-0.12870652989916076,-1.515472722699868,1784980685.873765,-0.006350209395935843,0.012172975805161213,-0.019386222578994028,-0.12292227785978045,0.0216950988880145,-0.13816970732967507,1784980701.9138234,0.0,0.0,1784980701.8788495,17219.45703125,nan,nan,44.94615936279297,nan
49.48329758644104,1784980701.9580824,BSMC,circle,circle_dist_bsmc_30cm_yawfree_p01,1784980701.9252613,-0.9927765401986733,-0.25350549001846845,-1.3773547308330827,5.629074751132722e-07,-0.00010343258490468203,1784980701.8854625,-0.9927664734428336,-0.2535066050115083,-1.377303015370193,0.07261991500854492,0,1,1784980685.8737292,-0.9951127389755929,-0.12870652989916076,-1.515472722699868,1784980685.873765,-0.006350209395935843,0.012172975805161213,-0.019386222578994028,-0.12292227785978045,0.0216950988880145,-0.13816970732967507,1784980701.9537487,0.0,0.0,1784980701.9272711,17219.505859375,nan,nan,50.133060455322266,nan
49.52332425117493,1784980701.998109,BSMC,circle,circle_dist_bsmc_30cm_yawfree_p01,1784980701.975197,-0.9927765393999249,-0.2535054940951603,-1.377358309491673,3.953594160414031e-07,-9.831408337809172e-05,1784980701.8854625,-0.9927664734428336,-0.2535066050115083,-1.377303015370193,0.11264657974243164,0,1,1784980685.8737292,-0.9951127389755929,-0.12870652989916076,-1.515472722699868,1784980685.873765,-0.006350209395935843,0.012172975805161213,-0.019386222578994028,-0.12292227785978045,0.0216950988880145,-0.13816970732967507,1784980701.9932175,0.0,0.0,1784980701.9805224,17219.55859375,nan,nan,53.25265121459961,nan
49.563883781433105,1784980702.0386686,BSMC,circle,circle_dist_bsmc_30cm_yawfree_p01,1784980702.025581,-0.9927770965589331,-0.25350628395037805,-1.3773719111963199,6.479357637377056e-07,-0.00010627831388959491,1784980702.004597,-0.9927809452613219,-0.25351029680875115,-1.37740355740516,0.03407168388366699,0,1,1784980685.8737292,-0.9951127389755929,-0.12870652989916076,-1.515472722699868,1784980685.873765,-0.006350209395935843,0.012172975805161213,-0.019386222578994028,-0.12292530015022177,0.021697651479530396,-0.13806916529470814,1784980702.0334485,0.0,0.0,1784980702.0284748,17219.607421875,nan,nan,47.82436752319336,nan
49.60344338417053,1784980702.0782282,BSMC,circle,circle_dist_bsmc_30cm_yawfree_p01,1784980702.0753,-0.9927770956670053,-0.2535062885047738,-1.3773755809185009,4.5320515131464257e-07,-0.00010102954721719834,1784980702.004597,-0.9927809452613219,-0.25351029680875115,-1.37740355740516,0.07363128662109375,0,1,1784980685.8737292,-0.9951127389755929,-0.12870652989916076,-1.515472722699868,1784980685.873765,-0.006350209395935843,0.012172975805161213,-0.019386222578994028,-0.12292530015022177,0.021697651479530396,-0.13806916529470814,1784980702.0738237,0.0,0.0,1784980702.0284748,17219.607421875,nan,nan,47.82436752319336,nan
49.6434485912323,1784980702.1182334,BSMC,circle,circle_dist_bsmc_30cm_yawfree_p01,1784980702.0753,-0.9927770956670053,-0.2535062885047738,-1.3773755809185009,4.5320515131464257e-07,-0.00010102954721719834,1784980702.087635,-0.9928016844066625,-0.25350261447855105,-1.3771386360486877,0.03059840202331543,0,1,1784980685.8737292,-0.9951127389755929,-0.12870652989916076,-1.515472722699868,1784980685.873765,-0.006350209395935843,0.012172975805161213,-0.019386222578994028,-0.1229080177039184,0.021749089260476865,-0.1383340866511804,1784980702.1139946,0.0,0.0,1784980702.080049,17219.658203125,nan,nan,51.51709747314453,nan
49.68330907821655,1784980702.158094,BSMC,circle,circle_dist_bsmc_30cm_yawfree_p01,1784980702.1260924,-0.9927803569467505,-0.2535055076466382,-1.3773243855313022,-3.8355316183520455e-07,-2.8918154341575717e-05,1784980702.087635,-0.9928016844066625,-0.25350261447855105,-1.3771386360486877,0.07045888900756836,0,1,1784980685.8737292,-0.9951127389755929,-0.12870652989916076,-1.515472722699868,1784980685.873765,-0.006350209395935843,0.012172975805161213,-0.019386222578994028,-0.1229080177039184,0.021749089260476865,-0.1383340866511804,1784980702.1536634,0.0,0.0,1784980702.1277196,17219.70703125,nan,nan,47.78294372558594,nan
49.72378063201904,1784980702.1985655,BSMC,circle,circle_dist_bsmc_30cm_yawfree_p01,1784980702.1759882,-0.9927803574547149,-0.25350550505568004,-1.377325384011563,-2.6851046400403156e-07,-2.748265103209936e-05,1784980702.087635,-0.9928016844066625,-0.25350261447855105,-1.3771386360486877,0.1109304428100586,0,1,1784980685.8737292,-0.9951127389755929,-0.12870652989916076,-1.515472722699868,1784980685.873765,-0.006350209395935843,0.012172975805161213,-0.019386222578994028,-0.1229080177039184,0.021749089260476865,-0.1383340866511804,1784980702.1932075,0.0,0.0,1784980702.178174,17219.7578125,nan,nan,50.43882369995117,nan
49.763237953186035,1784980702.2380228,BSMC,circle,circle_dist_bsmc_30cm_yawfree_p01,1784980702.2253196,-0.9926968363082325,-0.25341194100363723,-1.3806492981004628,-4.34331005972837e-05,-0.004243549453557546,1784980702.2070603,-0.9921302424820103,-0.2529310642321142,-1.3913913986907152,0.030962467193603516,0,1,1784980685.8737292,-0.9951127389755929,-0.12870652989916076,-1.515472722699868,1784980685.873765,-0.006350209395935843,0.012172975805161213,-0.019386222578994028,-0.12276294612676229,0.01923250565711648,-0.12408132400915295,1784980702.2333448,0.0,0.0,1784980702.2284,17219.806640625,nan,nan,50.24496841430664,nan
49.80344247817993,1784980702.2782273,BSMC,circle,circle_dist_bsmc_30cm_yawfree_p01,1784980702.2756062,-0.9926968955459143,-0.25341161626860126,-1.38079820614346,-3.029740390344236e-05,-0.004033708841217411,1784980702.2070603,-0.9921302424820103,-0.2529310642321142,-1.3913913986907152,0.0711669921875,0,1,1784980685.8737292,-0.9951127389755929,-0.12870652989916076,-1.515472722699868,1784980685.873765,-0.006350209395935843,0.012172975805161213,-0.019386222578994028,-0.12276294612676229,0.01923250565711648,-0.12408132400915295,1784980702.2736702,0.0,0.0,1784980702.2284,17219.806640625,nan,nan,50.24496841430664,nan
49.84405303001404,1784980702.318838,BSMC,circle,circle_dist_bsmc_30cm_yawfree_p01,1784980702.2756062,-0.9926968955459143,-0.25341161626860126,-1.38079820614346,-3.029740390344236e-05,-0.004033708841217411,1784980702.2070603,-0.9921302424820103,-0.2529310642321142,-1.3913913986907152,0.11177754402160645,0,1,1784980685.8737292,-0.9951127389755929,-0.12870652989916076,-1.515472722699868,1784980685.873765,-0.006350209395935843,0.012172975805161213,-0.019386222578994028,-0.12276294612676229,0.01923250565711648,-0.12408132400915295,1784980702.3136828,0.0,0.0,1784980702.2784255,17219.857421875,nan,nan,49.939964294433594,nan
49.88333487510681,1784980702.3581197,BSMC,circle,circle_dist_bsmc_30cm_yawfree_p01,1784980702.3260264,-0.9926969250199916,-0.25341145460085374,-1.3809330288337391,-2.11151611034994e-05,-0.0038255404122409637,1784980702.2070603,-0.9921302424820103,-0.2529310642321142,-1.3913913986907152,0.15105938911437988,0,1,1784980685.8737292,-0.9951127389755929,-0.12870652989916076,-1.515472722699868,1784980685.873765,-0.006350209395935843,0.012172975805161213,-0.019386222578994028,-0.12276294612676229,0.01923250565711648,-0.12408132400915295,1784980702.353348,0.0,0.0,1784980702.328346,17219.908203125,nan,nan,50.02012634277344,nan
49.923526763916016,1784980702.3983116,BSMC,circle,circle_dist_bsmc_30cm_yawfree_p01,1784980702.3754146,-0.9926969365385819,-0.2534113906893547,-1.381050314597198,-1.469881062924754e-05,-0.0036205738184689434,1784980702.2070603,-0.9921302424820103,-0.2529310642321142,-1.3913913986907152,0.19125127792358398,0,1,1784980685.8737292,-0.9951127389755929,-0.12870652989916076,-1.515472722699868,1784980685.873765,-0.006350209395935843,0.012172975805161213,-0.019386222578994028,-0.12276294612676229,0.01923250565711648,-0.12408132400915295,1784980702.3931794,0.0,0.0,1784980702.3785007,17219.95703125,nan,nan,50.07319641113281,nan
49.96363162994385,1784980702.4384165,BSMC,circle,circle_dist_bsmc_30cm_yawfree_p01,1784980702.4252756,-0.9926969430970501,-0.25341135490002537,-1.3811567037934442,-1.0226509618470995e-05,-0.003420208270629789,1784980702.2070603,-0.9921302424820103,-0.2529310642321142,-1.3913913986907152,0.23135614395141602,0,1,1784980685.8737292,-0.9951127389755929,-0.12870652989916076,-1.515472722699868,1784980685.873765,-0.006350209395935843,0.012172975805161213,-0.019386222578994028,-0.12276294612676229,0.01923250565711648,-0.12408132400915295,1784980702.4332805,0.0,0.0,1784980702.4287627,17220.0078125,nan,nan,50.26404571533203,nan
50.003621339797974,1784980702.4784062,BSMC,circle,circle_dist_bsmc_30cm_yawfree_p01,1784980702.476024,-0.9926969476053138,-0.25341133099926827,-1.3812543799636376,-7.107118600613813e-06,-0.003225424477506144,1784980702.2070603,-0.9921302424820103,-0.2529310642321142,-1.3913913986907152,0.271345853805542,0,1,1784980685.8737292,-0.9951127389755929,-0.12870652989916076,-1.515472722699868,1784980685.873765,-0.006350209395935843,0.012172975805161213,-0.019386222578994028,-0.12276294612676229,0.01923250565711648,-0.12408132400915295,1784980702.4734833,0.0,0.0,1784980702.4287627,17220.0078125,nan,nan,50.26404571533203,nan
50.04344296455383,1784980702.5182278,BSMC,circle,circle_dist_bsmc_30cm_yawfree_p01,1784980702.476024,-0.9926969476053138,-0.25341133099926827,-1.3812543799636376,-7.107118600613813e-06,-0.003225424477506144,1784980702.2070603,-0.9921302424820103,-0.2529310642321142,-1.3913913986907152,0.31116747856140137,0,1,1784980685.8737292,-0.9951127389755929,-0.12870652989916076,-1.515472722699868,1784980685.873765,-0.006350209395935843,0.012172975805161213,-0.019386222578994028,nan,nan,nan,1784980702.5137494,0.0,0.0,1784980702.4788885,17220.05859375,nan,nan,50.30723571777344,nan
50.08349847793579,1784980702.5582833,BSMC,circle,circle_dist_bsmc_30cm_yawfree_p01,1784980702.5259778,-0.9926969491797161,-0.25341132301353436,-1.381338775240272,-4.937442767978389e-06,-0.0030371486605850957,1784980702.2070603,-0.9921302424820103,-0.2529310642321142,-1.3913913986907152,0.3512229919433594,0,1,1784980685.8737292,-0.9951127389755929,-0.12870652989916076,-1.515472722699868,1784980685.873765,-0.006350209395935843,0.012172975805161213,-0.019386222578994028,nan,nan,nan,1784980702.5533621,0.0,0.0,1784980702.5291862,17220.107421875,nan,nan,50.23076629638672,nan
50.12316155433655,1784980702.5979464,BSMC,circle,circle_dist_bsmc_30cm_yawfree_p01,1784980702.5756125,-0.9926969498171161,-0.2534113202246028,-1.3814124901279645,-3.431326378321097e-06,-0.0028561158700493522,1784980702.2070603,-0.9921302424820103,-0.2529310642321142,-1.3913913986907152,0.3908860683441162,0,1,1784980685.8737292,-0.9951127389755929,-0.12870652989916076,-1.515472722699868,1784980685.873765,-0.006350209395935843,0.012172975805161213,-0.019386222578994028,nan,nan,nan,1784980702.5936208,0.0,0.0,1784980702.5794497,17220.158203125,nan,nan,50.08848571777344,nan
50.16377925872803,1784980702.638564,BSMC,circle,circle_dist_bsmc_30cm_yawfree_p01,1784980702.6258535,-0.9926969504907786,-0.2534113173832729,-1.3814791863412528,-2.3852941909464087e-06,-0.0026827758364159314,1784980702.2070603,-0.9921302424820103,-0.2529310642321142,-1.3913913986907152,0.4315037727355957,0,1,1784980685.8737292,-0.9951127389755929,-0.12870652989916076,-1.515472722699868,1784980685.873765,-0.006350209395935843,0.012172975805161213,-0.019386222578994028,nan,nan,nan,1784980702.6336358,0.0,0.0,1784980702.6323862,17220.2109375,nan,nan,52.97945022583008,nan
50.2034113407135,1784980702.6781962,BSMC,circle,circle_dist_bsmc_30cm_yawfree_p01,1784980702.67599,-0.9926969509400363,-0.2534113157511178,-1.381538034313345,-1.6492462187374832e-06,-0.0025166869687893805,1784980702.2070603,-0.9921302424820103,-0.2529310642321142,-1.3913913986907152,0.47113585472106934,0,1,1784980685.8737292,-0.9951127389755929,-0.12870652989916076,-1.515472722699868,1784980685.873765,-0.006350209395935843,0.012172975805161213,-0.019386222578994028,nan,nan,nan,1784980702.6736374,0.0,0.0,1784980702.6323862,17220.2109375,nan,nan,52.97945022583008,nan
50.24366092681885,1784980702.7184458,BSMC,circle,circle_dist_bsmc_30cm_yawfree_p01,1784980702.67599,-0.9926969509400363,-0.2534113157511178,-1.381538034313345,-1.6492462187374832e-06,-0.0025166869687893805,1784980702.2070603,-0.9921302424820103,-0.2529310642321142,-1.3913913986907152,0.511385440826416,0,1,1784980685.8737292,-0.9951127389755929,-0.12870652989916076,-1.515472722699868,1784980685.873765,-0.006350209395935843,0.012172975805161213,-0.019386222578994028,nan,nan,nan,1784980702.7137077,0.0,0.0,1784980702.679242,17220.2578125,nan,nan,47.014488220214844,nan
50.28343105316162,1784980702.758216,BSMC,circle,circle_dist_bsmc_30cm_yawfree_p01,1784980702.7252543,-0.9926969510160101,-0.25341131605721884,-1.3815874267761399,-1.1501486915352453e-06,-0.00235951828491907,1784980702.2070603,-0.9921302424820103,-0.2529310642321142,-1.3913913986907152,0.5511555671691895,0,1,1784980685.8737292,-0.9951127389755929,-0.12870652989916076,-1.515472722699868,1784980685.873765,-0.006350209395935843,0.012172975805161213,-0.019386222578994028,nan,nan,nan,1784980702.7535717,0.0,0.0,1784980702.7302759,17220.30859375,nan,nan,51.01402282714844,nan
50.32312798500061,1784980702.7979128,BSMC,circle,circle_dist_bsmc_30cm_yawfree_p01,1784980702.7753882,-0.9926969512632147,-0.25341131542824175,-1.381632846075095,-8.000533259563427e-07,-0.002210296845083601,1784980702.2070603,-0.9921302424820103,-0.2529310642321142,-1.3913913986907152,0.5908524990081787,0,1,1784980685.8737292,-0.9951127389755929,-0.12870652989916076,-1.515472722699868,1784980685.873765,-0.006350209395935843,0.012172975805161213,-0.019386222578994028,nan,nan,nan,1784980702.793923,0.0,0.0,1784980702.7804236,17220.359375,nan,nan,50.0427360534668,nan
50.363383293151855,1784980702.8381681,BSMC,circle,circle_dist_bsmc_30cm_yawfree_p01,1784980702.8259246,-0.9926969514851018,-0.25341131487812457,-1.3816734599666798,-5.560418282524788e-07,-0.0020690160940327294,1784980702.2070603,-0.9921302424820103,-0.2529310642321142,-1.3913913986907152,0.6311078071594238,0,1,1784980685.8737292,-0.9951127389755929,-0.12870652989916076,-1.515472722699868,1784980685.873765,-0.006350209395935843,0.012172975805161213,-0.019386222578994028,nan,nan,nan,1784980702.83405,0.0,0.0,1784980702.8302946,17220.41015625,nan,nan,50.01091003417969,nan
50.40329051017761,1784980702.8780754,BSMC,circle,circle_dist_bsmc_30cm_yawfree_p01,1784980702.8756828,-0.9926969515925615,-0.2534113148678405,-1.3817076269794872,-3.865900878202841e-07,-0.001935614994962619,1784980702.2070603,-0.9921302424820103,-0.2529310642321142,-1.3913913986907152,0.6710150241851807,0,1,1784980685.8737292,-0.9951127389755929,-0.12870652989916076,-1.515472722699868,1784980685.873765,-0.006350209395935843,0.012172975805161213,-0.019386222578994028,nan,nan,nan,1784980702.873966,0.0,0.0,1784980702.8302946,17220.41015625,nan,nan,50.01091003417969,nan
50.44328784942627,1784980702.9180727,BSMC,circle,circle_dist_bsmc_30cm_yawfree_p01,1784980702.8756828,-0.9926969515925615,-0.2534113148678405,-1.3817076269794872,-3.865900878202841e-07,-0.001935614994962619,1784980702.2070603,-0.9921302424820103,-0.2529310642321142,-1.3913913986907152,0.7110123634338379,0,1,1784980685.8737292,-0.9951127389755929,-0.12870652989916076,-1.515472722699868,1784980685.873765,-0.006350209395935843,0.012172975805161213,-0.019386222578994028,nan,nan,nan,1784980702.9140186,0.0,0.0,1784980702.8302946,17220.41015625,nan,nan,50.01091003417969,nan
50.48321199417114,1784980702.9579968,BSMC,circle,circle_dist_bsmc_30cm_yawfree_p01,1784980702.9258428,-0.9926969552354746,-0.25341129583237026,-1.3818046651464482,-3.865900878202841e-07,-0.001935614994962619,1784980702.2070603,-0.9921302424820103,-0.2529310642321142,-1.3913913986907152,0.7509365081787109,0,1,1784980685.8737292,-0.9951127389755929,-0.12870652989916076,-1.515472722699868,1784980685.873765,-0.006350209395935843,0.012172975805161213,-0.019386222578994028,nan,nan,nan,1784980702.9535463,0.0,0.0,1784980702.9345973,17220.513671875,nan,nan,9.034729957580566,nan
50.52335214614868,1784980702.998137,BSMC,circle,circle_dist_bsmc_30cm_yawfree_p01,1784980702.9757874,-0.9926969522581158,-0.25341131232261505,-1.3817650314758056,-1.7950324852342776e-07,-0.0016846928215167019,1784980702.2070603,-0.9921302424820103,-0.2529310642321142,-1.3913913986907152,0.79107666015625,0,1,1784980685.8737292,-0.9951127389755929,-0.12870652989916076,-1.515472722699868,1784980685.873765,-0.006350209395935843,0.012172975805161213,-0.019386222578994028,nan,nan,nan,1784980702.9932716,0.0,0.0,1784980702.9886472,17220.568359375,nan,nan,54.079349517822266,nan
50.56350874900818,1784980703.0382936,BSMC,circle,circle_dist_bsmc_30cm_yawfree_p01,1784980703.0266361,-0.9926969524416331,-0.25341131174960135,-1.381789595579018,-1.2633735607236258e-07,-0.00157353150147443,1784980702.2070603,-0.9921302424820103,-0.2529310642321142,-1.3913913986907152,0.8312332630157471,0,1,1784980685.8737292,-0.9951127389755929,-0.12870652989916076,-1.515472722699868,1784980685.873765,-0.006350209395935843,0.012172975805161213,-0.019386222578994028,nan,nan,nan,1784980703.0333989,0.0,0.0,1784980703.032188,17220.611328125,nan,nan,43.51321029663086,nan
50.603599548339844,1784980703.0783844,BSMC,circle,circle_dist_bsmc_30cm_yawfree_p01,1784980703.0763116,-0.9926969525437542,-0.25341131155569635,-1.3818094280034534,-8.944652709161912e-08,-0.0014701195427757508,1784980702.2070603,-0.9921302424820103,-0.2529310642321142,-1.3913913986907152,0.8713240623474121,0,1,1784980685.8737292,-0.9951127389755929,-0.12870652989916076,-1.515472722699868,1784980685.873765,-0.006350209395935843,0.012172975805161213,-0.019386222578994028,nan,nan,nan,1784980703.0734258,0.0,0.0,1784980703.032188,17220.611328125,nan,nan,43.51321029663086,nan
50.64339208602905,1784980703.118177,BSMC,circle,circle_dist_bsmc_30cm_yawfree_p01,1784980703.0763116,-0.9926969525437542,-0.25341131155569635,-1.3818094280034534,-8.944652709161912e-08,-0.0014701195427757508,1784980702.2070603,-0.9921302424820103,-0.2529310642321142,-1.3913913986907152,0.9111166000366211,0,1,1784980685.8737292,-0.9951127389755929,-0.12870652989916076,-1.515472722699868,1784980685.873765,-0.006350209395935843,0.012172975805161213,-0.019386222578994028,nan,nan,nan,1784980703.1137264,0.0,0.0,1784980703.081715,17220.66015625,nan,nan,49.4448356628418,nan
50.683194398880005,1784980703.1579792,BSMC,circle,circle_dist_bsmc_30cm_yawfree_p01,1784980703.1255445,-0.9926969526138728,-0.2534113114874673,-1.3818260607893507,-6.278313194875779e-08,-0.001373051068723574,1784980702.2070603,-0.9921302424820103,-0.2529310642321142,-1.3913913986907152,0.9509189128875732,0,1,1784980685.8737292,-0.9951127389755929,-0.12870652989916076,-1.515472722699868,1784980685.873765,-0.006350209395935843,0.012172975805161213,-0.019386222578994028,nan,nan,nan,1784980703.153551,0.0,0.0,1784980703.1312609,17220.7109375,nan,nan,49.61753463745117,nan
50.7237331867218,1784980703.198518,BSMC,circle,circle_dist_bsmc_30cm_yawfree_p01,1784980703.1754503,-0.9926969526759547,-0.2534113114242434,-1.3818414430162496,-4.3947735080277146e-08,-0.0012821215952084199,1784980702.2070603,-0.9921302424820103,-0.2529310642321142,-1.3913913986907152,0.9914577007293701,0,1,1784980685.8737292,-0.9951127389755929,-0.12870652989916076,-1.515472722699868,1784980685.873765,-0.006350209395935843,0.012172975805161213,-0.019386222578994028,nan,nan,nan,1784980703.19336,0.0,0.0,1784980703.1812904,17220.759765625,nan,nan,50.10411834716797,nan
50.76320934295654,1784980703.2379942,BSMC,circle,circle_dist_bsmc_30cm_yawfree_p01,1784980703.226422,-0.9926969527315942,-0.2534113113619016,-1.381856114189426,-3.064780293350345e-08,-0.0011968489399875298,1784980702.2070603,-0.9921302424820103,-0.2529310642321142,-1.3913913986907152,1.0309338569641113,0,1,1784980685.8737292,-0.9951127389755929,-0.12870652989916076,-1.515472722699868,1784980685.873765,-0.006350209395935843,0.012172975805161213,-0.019386222578994028,nan,nan,nan,1784980703.2342246,0.0,0.0,1784980703.2313607,17220.810546875,nan,nan,50.00260925292969,nan
50.80350637435913,1784980703.2782912,BSMC,circle,circle_dist_bsmc_30cm_yawfree_p01,1784980703.2752464,-0.9926969527667633,-0.2534113113776339,-1.381866518852807,-2.1338823304813703e-08,-0.0011169641087447133,1784980702.2070603,-0.9921302424820103,-0.2529310642321142,-1.3913913986907152,1.0712308883666992,0,1,1784980685.8737292,-0.9951127389755929,-0.12870652989916076,-1.515472722699868,1784980685.873765,-0.006350209395935843,0.012172975805161213,-0.019386222578994028,nan,nan,nan,1784980703.27334,0.0,0.0,1784980703.2313607,17220.810546875,nan,nan,50.00260925292969,nan
50.8433620929718,1784980703.318147,BSMC,circle,circle_dist_bsmc_30cm_yawfree_p01,1784980703.2752464,-0.9926969527667633,-0.2534113113776339,-1.381866518852807,-2.1338823304813703e-08,-0.0011169641087447133,1784980702.2070603,-0.9921302424820103,-0.2529310642321142,-1.3913913986907152,1.1110866069793701,0,1,1784980685.8737292,-0.9951127389755929,-0.12870652989916076,-1.515472722699868,1784980685.873765,-0.006350209395935843,0.012172975805161213,-0.019386222578994028,nan,nan,nan,1784980703.3137083,0.0,0.0,1784980703.2831635,17220.861328125,nan,nan,51.793216705322266,nan
50.88355112075806,1784980703.358336,BSMC,circle,circle_dist_bsmc_30cm_yawfree_p01,1784980703.3261683,-0.9926969528044688,-0.2534113113545963,-1.3818777778734228,-1.4803911970472289e-08,-0.001042032230516881,1784980702.2070603,-0.9921302424820103,-0.2529310642321142,-1.3913913986907152,1.151275634765625,0,1,1784980685.8737292,-0.9951127389755929,-0.12870652989916076,-1.515472722699868,1784980685.873765,-0.006350209395935843,0.012172975805161213,-0.019386222578994028,nan,nan,nan,1784980703.3533206,0.0,0.0,1784980703.331351,17220.91015625,nan,nan,48.26442337036133,nan
50.92355751991272,1784980703.3983424,BSMC,circle,circle_dist_bsmc_30cm_yawfree_p01,1784980703.3758986,-0.9926969528330393,-0.25341131135696104,-1.3818864278234773,-1.031740223444354e-08,-0.0009721284736514388,1784980702.2070603,-0.9921302424820103,-0.2529310642321142,-1.3913913986907152,1.191282033920288,0,1,1784980685.8737292,-0.9951127389755929,-0.12870652989916076,-1.515472722699868,1784980685.873765,-0.006350209395935843,0.012172975805161213,-0.019386222578994028,nan,nan,nan,1784980703.3932364,0.0,0.0,1784980703.3861518,17220.96484375,nan,nan,54.77385711669922,nan
50.963181018829346,1784980703.4379659,BSMC,circle,circle_dist_bsmc_30cm_yawfree_p01,1784980703.425828,-0.9926969528583176,-0.253411311356911,-1.381894103319679,-7.119279369724391e-09,-0.0009063585869274027,1784980702.2070603,-0.9921302424820103,-0.2529310642321142,-1.3913913986907152,1.230905532836914,0,1,1784980685.8737292,-0.9951127389755929,-0.12870652989916076,-1.515472722699868,1784980685.873765,-0.006350209395935843,0.012172975805161213,-0.019386222578994028,nan,nan,nan,1784980703.4335015,0.0,0.0,1784980703.4317312,17221.009765625,nan,nan,45.55376052856445,nan
51.00337862968445,1784980703.4781635,BSMC,circle,circle_dist_bsmc_30cm_yawfree_p01,1784980703.475754,-0.9926969528801216,-0.2534113113578859,-1.381900828097094,-4.9736568581475034e-09,-0.0008453189983306022,1784980702.2070603,-0.9921302424820103,-0.2529310642321142,-1.3913913986907152,1.2711031436920166,0,1,1784980685.8737292,-0.9951127389755929,-0.12870652989916076,-1.515472722699868,1784980685.873765,-0.006350209395935843,0.012172975805161213,-0.019386222578994028,nan,nan,nan,1784980703.4733396,0.0,0.0,1784980703.4317312,17221.009765625,nan,nan,45.55376052856445,nan
51.0431592464447,1784980703.517944,BSMC,circle,circle_dist_bsmc_30cm_yawfree_p01,1784980703.475754,-0.9926969528801216,-0.2534113113578859,-1.381900828097094,-4.9736568581475034e-09,-0.0008453189983306022,1784980702.2070603,-0.9921302424820103,-0.2529310642321142,-1.3913913986907152,1.3108837604522705,0,1,1784980685.8737292,-0.9951127389755929,-0.12870652989916076,-1.515472722699868,1784980685.873765,-0.006350209395935843,0.012172975805161213,-0.019386222578994028,nan,nan,nan,1784980703.5135956,0.0,0.0,1784980703.4887087,17221.068359375,nan,nan,56.90924835205078,nan
51.08330488204956,1784980703.5580897,BSMC,circle,circle_dist_bsmc_30cm_yawfree_p01,1784980703.5253217,-0.9926969528989236,-0.2534113113595651,-1.3819063773882378,-3.4205961437001502e-09,-0.000787757302948524,1784980702.2070603,-0.9921302424820103,-0.2529310642321142,-1.3913913986907152,1.351029396057129,0,1,1784980685.8737292,-0.9951127389755929,-0.12870652989916076,-1.515472722699868,1784980685.873765,-0.006350209395935843,0.012172975805161213,-0.019386222578994028,nan,nan,nan,1784980703.5540102,0.0,0.0,1784980703.5324943,17221.111328125,nan,nan,43.85405731201172,nan
51.123579025268555,1784980703.5983639,BSMC,circle,circle_dist_bsmc_30cm_yawfree_p01,1784980703.575585,-0.992696952915518,-0.2534113113597214,-1.381911714469675,-2.394030846822684e-09,-0.0007345295664297985,1784980702.2070603,-0.9921302424820103,-0.2529310642321142,-1.3913913986907152,1.391303539276123,0,1,1784980685.8737292,-0.9951127389755929,-0.12870652989916076,-1.515472722699868,1784980685.873765,-0.006350209395935843,0.012172975805161213,-0.019386222578994028,nan,nan,nan,1784980703.593357,0.0,0.0,1784980703.5915546,17221.169921875,nan,nan,59.0500602722168,nan
51.16309905052185,1784980703.637884,BSMC,circle,circle_dist_bsmc_30cm_yawfree_p01,1784980703.625764,-0.9926969529299247,-0.2534113113599183,-1.3819163148188278,-1.6423931004998503e-09,-0.0006842532010479561,1784980702.2070603,-0.9921302424820103,-0.2529310642321142,-1.3913913986907152,1.430823564529419,0,1,1784980685.8737292,-0.9951127389755929,-0.12870652989916076,-1.515472722699868,1784980685.873765,-0.006350209395935843,0.012172975805161213,-0.019386222578994028,nan,nan,nan,1784980703.6338034,0.0,0.0,1784980703.6376987,17221.216796875,nan,nan,46.09794235229492,nan
51.20356202125549,1784980703.6783469,BSMC,circle,circle_dist_bsmc_30cm_yawfree_p01,1784980703.6758661,-0.9926969529423268,-0.2534113113606524,-1.3819202741325427,-1.142857566912983e-09,-0.0006376627494221935,1784980702.2070603,-0.9921302424820103,-0.2529310642321142,-1.3913913986907152,1.4712865352630615,0,1,1784980685.8737292,-0.9951127389755929,-0.12870652989916076,-1.515472722699868,1784980685.873765,-0.006350209395935843,0.012172975805161213,-0.019386222578994028,nan,nan,nan,1784980703.6735647,0.0,0.0,1784980703.6376987,17221.216796875,nan,nan,46.09794235229492,nan
51.24405813217163,1784980703.718843,BSMC,circle,circle_dist_bsmc_30cm_yawfree_p01,1784980703.6758661,-0.9926969529423268,-0.2534113113606524,-1.3819202741325427,-1.142857566912983e-09,-0.0006376627494221935,1784980702.2070603,-0.9921302424820103,-0.2529310642321142,-1.3913913986907152,1.5117826461791992,0,1,1784980685.8737292,-0.9951127389755929,-0.12870652989916076,-1.515472722699868,1784980685.873765,-0.006350209395935843,0.012172975805161213,-0.019386222578994028,nan,nan,nan,1784980703.7136405,0.0,0.0,1784980703.692605,17221.271484375,nan,nan,54.774654388427734,nan
51.28376626968384,1784980703.7585511,BSMC,circle,circle_dist_bsmc_30cm_yawfree_p01,1784980703.7258117,-0.9926969529530691,-0.2534113113614209,-1.3819236137542354,-7.878068518727607e-10,-0.000593956784766528,1784980702.2070603,-0.9921302424820103,-0.2529310642321142,-1.3913913986907152,1.5514907836914062,0,1,1784980685.8737292,-0.9951127389755929,-0.12870652989916076,-1.515472722699868,1784980685.873765,-0.006350209395935843,0.012172975805161213,-0.019386222578994028,nan,nan,nan,1784980703.7536695,0.0,0.0,1784980703.7354558,17221.314453125,nan,nan,43.067535400390625,nan
51.323543071746826,1784980703.798328,BSMC,circle,circle_dist_bsmc_30cm_yawfree_p01,1784980703.7752655,-0.992696952962293,-0.2534113113626332,-1.3819262860731774,-5.527097317386004e-10,-0.0005536295534213673,1784980702.2070603,-0.9921302424820103,-0.2529310642321142,-1.3913913986907152,1.5912675857543945,0,1,1784980685.8737292,-0.9951127389755929,-0.12870652989916076,-1.515472722699868,1784980685.873765,-0.006350209395935843,0.012172975805161213,-0.019386222578994028,nan,nan,nan,1784980703.7937205,0.0,0.0,1784980703.7835116,17221.36328125,nan,nan,47.97397994995117,nan
51.36324858665466,1784980703.8380334,BSMC,circle,circle_dist_bsmc_30cm_yawfree_p01,1784980703.8253036,-0.9926969529703237,-0.25341131136360967,-1.3819288875736957,-3.8780998965107866e-10,-0.0005161323114258132,1784980702.2070603,-0.9921302424820103,-0.2529310642321142,-1.3913913986907152,1.6309731006622314,0,1,1784980685.8737292,-0.9951127389755929,-0.12870652989916076,-1.515472722699868,1784980685.873765,-0.006350209395935843,0.012172975805161213,-0.019386222578994028,nan,nan,nan,1784980703.833543,0.0,0.0,1784980703.8336315,17221.412109375,nan,nan,50.030723571777344,nan
51.40347647666931,1784980703.8782613,BSMC,circle,circle_dist_bsmc_30cm_yawfree_p01,1784980703.8758109,-0.9926969529773007,-0.2534113113644719,-1.3819314019079514,-2.7080052500312617e-10,-0.00048113230717302703,1784980702.2070603,-0.9921302424820103,-0.2529310642321142,-1.3913913986907152,1.6712009906768799,0,1,1784980685.8737292,-0.9951127389755929,-0.12870652989916076,-1.515472722699868,1784980685.873765,-0.006350209395935843,0.012172975805161213,-0.019386222578994028,nan,nan,nan,1784980703.8735251,0.0,0.0,1784980703.8336315,17221.412109375,nan,nan,50.030723571777344,nan
51.44362020492554,1784980703.918405,BSMC,circle,circle_dist_bsmc_30cm_yawfree_p01,1784980703.8758109,-0.9926969529773007,-0.2534113113644719,-1.3819314019079514,-2.7080052500312617e-10,-0.00048113230717302703,1784980702.2070603,-0.9921302424820103,-0.2529310642321142,-1.3913913986907152,1.7113447189331055,0,1,1784980685.8737292,-0.9951127389755929,-0.12870652989916076,-1.515472722699868,1784980685.873765,-0.006350209395935843,0.012172975805161213,-0.019386222578994028,nan,nan,nan,1784980703.913828,0.0,0.0,1784980703.8832176,17221.462890625,nan,nan,49.699214935302734,nan
51.483312368392944,1784980703.9580972,BSMC,circle,circle_dist_bsmc_30cm_yawfree_p01,1784980703.925674,-0.9926969529833112,-0.25341131136549466,-1.3819332780145759,-1.888091753656994e-10,-0.00044849020399204077,1784980702.2070603,-0.9921302424820103,-0.2529310642321142,-1.3913913986907152,1.7510368824005127,0,1,1784980685.8737292,-0.9951127389755929,-0.12870652989916076,-1.515472722699868,1784980685.873765,-0.006350209395935843,0.012172975805161213,-0.019386222578994028,nan,nan,nan,1784980703.953791,0.0,0.0,1784980703.9334736,17221.51171875,nan,nan,50.26892852783203,nan
51.52363109588623,1784980703.998416,BSMC,circle,circle_dist_bsmc_30cm_yawfree_p01,1784980703.9755235,-0.992696952988529,-0.25341131136640693,-1.3819349145847357,-1.3142135111126195e-10,-0.0004180302392503221,1784980702.2070603,-0.9921302424820103,-0.2529310642321142,-1.3913913986907152,1.7913556098937988,0,1,1784980685.8737292,-0.9951127389755929,-0.12870652989916076,-1.515472722699868,1784980685.873765,-0.006350209395935843,0.012172975805161213,-0.019386222578994028,nan,nan,nan,1784980703.9940057,0.0,0.0,1784980703.9835289,17221.5625,nan,nan,50.03635787963867,nan
51.56338334083557,1784980704.0381682,BSMC,circle,circle_dist_bsmc_30cm_yawfree_p01,1784980704.0256257,-0.9926969529930629,-0.2534113113671956,-1.3819364268326186,-9.144458066105643e-11,-0.00038962191263842386,1784980702.2070603,-0.9921302424820103,-0.2529310642321142,-1.3913913986907152,1.8311078548431396,0,1,1784980685.8737292,-0.9951127389755929,-0.12870652989916076,-1.515472722699868,1784980685.873765,-0.006350209395935843,0.012172975805161213,-0.019386222578994028,nan,nan,nan,1784980704.033712,0.0,0.0,1784980704.036311,17221.615234375,nan,nan,52.85609817504883,nan
51.60317015647888,1784980704.077955,BSMC,circle,circle_dist_bsmc_30cm_yawfree_p01,1784980704.0752344,-0.9926969529969932,-0.2534113113679181,-1.3819375795846265,-6.326174863342487e-11,-0.0003630277244830213,1784980702.2070603,-0.9921302424820103,-0.2529310642321142,-1.3913913986907152,1.8708946704864502,0,1,1784980685.8737292,-0.9951127389755929,-0.12870652989916076,-1.515472722699868,1784980685.873765,-0.006350209395935843,0.012172975805161213,-0.019386222578994028,nan,nan,nan,1784980704.0736794,0.0,0.0,1784980704.036311,17221.615234375,nan,nan,52.85609817504883,nan
51.64353919029236,1784980704.118324,BSMC,circle,circle_dist_bsmc_30cm_yawfree_p01,1784980704.0752344,-0.9926969529969932,-0.2534113113679181,-1.3819375795846265,-6.326174863342487e-11,-0.0003630277244830213,1784980702.2070603,-0.9921302424820103,-0.2529310642321142,-1.3913913986907152,1.9112637042999268,0,1,1784980685.8737292,-0.9951127389755929,-0.12870652989916076,-1.515472722699868,1784980685.873765,-0.006350209395935843,0.012172975805161213,-0.019386222578994028,nan,nan,nan,1784980704.1134965,0.0,0.0,1784980704.0872424,17221.666015625,nan,nan,50.722496032714844,nan
51.683446407318115,1784980704.1582313,BSMC,circle,circle_dist_bsmc_30cm_yawfree_p01,1784980704.1258035,-0.9926969530004136,-0.2534113113685003,-1.3819388944854154,-4.382544645414751e-11,-0.0003382256182180023,1784980702.2070603,-0.9921302424820103,-0.2529310642321142,-1.3913913986907152,1.9511709213256836,0,1,1784980685.8737292,-0.9951127389755929,-0.12870652989916076,-1.515472722699868,1784980685.873765,-0.006350209395935843,0.012172975805161213,-0.019386222578994028,nan,nan,nan,1784980704.1535158,0.0,0.0,1784980704.1385353,17221.716796875,nan,nan,51.3958625793457,nan
51.723116636276245,1784980704.1979015,BSMC,circle,circle_dist_bsmc_30cm_yawfree_p01,1784980704.175394,-0.9926969530033746,-0.25341131136904677,-1.3819397539334581,-3.034317567565662e-11,-0.00031507955277550404,1784980702.2070603,-0.9921302424820103,-0.2529310642321142,-1.3913913986907152,1.9908411502838135,0,1,1784980685.8737292,-0.9951127389755929,-0.12870652989916076,-1.515472722699868,1784980685.873765,-0.006350209395935843,0.012172975805161213,-0.019386222578994028,nan,nan,nan,1784980704.1935015,0.0,0.0,1784980704.1872725,17221.765625,nan,nan,48.737464904785156,nan
51.763181924819946,1784980704.2379668,BSMC,circle,circle_dist_bsmc_30cm_yawfree_p01,1784980704.226061,-0.9926969530059485,-0.25341131136949996,-1.381940802042047,-2.1111628825649625e-11,-0.000293562806445965,1784980702.2070603,-0.9921302424820103,-0.2529310642321142,-1.3913913986907152,2.0309064388275146,0,1,1784980685.8737292,-0.9951127389755929,-0.12870652989916076,-1.515472722699868,1784980685.873765,-0.006350209395935843,0.012172975805161213,-0.019386222578994028,nan,nan,nan,1784980704.233397,0.0,0.0,1784980704.1872725,17221.765625,nan,nan,48.737464904785156,nan
51.80335879325867,1784980704.2781436,BSMC,circle,circle_dist_bsmc_30cm_yawfree_p01,1784980704.2755973,-0.9926969530081781,-0.25341131136991535,-1.3819414223020254,-1.4590316146955392e-11,-0.00027342708261891857,1784980702.2070603,-0.9921302424820103,-0.2529310642321142,-1.3913913986907152,2.0710833072662354,0,1,1784980685.8737292,-0.9951127389755929,-0.12870652989916076,-1.515472722699868,1784980685.873765,-0.006350209395935843,0.012172975805161213,-0.019386222578994028,nan,nan,nan,1784980704.273471,0.0,0.0,1784980704.2405238,17221.8203125,nan,nan,53.3150634765625,nan
51.84390950202942,1784980704.3186944,BSMC,circle,circle_dist_bsmc_30cm_yawfree_p01,1784980704.2755973,-0.9926969530081781,-0.25341131136991535,-1.3819414223020254,-1.4590316146955392e-11,-0.00027342708261891857,1784980702.2070603,-0.9921302424820103,-0.2529310642321142,-1.3913913986907152,2.1116340160369873,0,1,1784980685.8737292,-0.9951127389755929,-0.12870652989916076,-1.515472722699868,1784980685.873765,-0.006350209395935843,0.012172975805161213,-0.019386222578994028,nan,nan,nan,1784980704.313749,0.0,0.0,1784980704.2927587,17221.87109375,nan,nan,50.86928176879883,nan
51.88335132598877,1784980704.3581362,BSMC,circle,circle_dist_bsmc_30cm_yawfree_p01,1784980704.3253057,-0.9926969530101127,-0.25341131137027134,-1.3819420004247498,-1.0085097051367662e-11,-0.0002546446830397499,1784980702.2070603,-0.9921302424820103,-0.2529310642321142,-1.3913913986907152,2.151075839996338,0,1,1784980685.8737292,-0.9951127389755929,-0.12870652989916076,-1.515472722699868,1784980685.873765,-0.006350209395935843,0.012172975805161213,-0.019386222578994028,nan,nan,nan,1784980704.3533616,0.0,0.0,1784980704.3342893,17221.9140625,nan,nan,42.81760025024414,nan
51.92368197441101,1784980704.3984668,BSMC,circle,circle_dist_bsmc_30cm_yawfree_p01,1784980704.3753805,-0.992696953011792,-0.25341131137058165,-1.3819425994961354,-7.0978769166617285e-12,-0.0002373434113510968,1784980702.2070603,-0.9921302424820103,-0.2529310642321142,-1.3913913986907152,2.191406488418579,0,1,1784980685.8737292,-0.9951127389755929,-0.12870652989916076,-1.515472722699868,1784980685.873765,-0.006350209395935843,0.012172975805161213,-0.019386222578994028,nan,nan,nan,1784980704.393585,0.0,0.0,1784980704.3854153,17221.96484375,nan,nan,51.14119338989258,nan
51.963319540023804,1784980704.4381044,BSMC,circle,circle_dist_bsmc_30cm_yawfree_p01,1784980704.4258735,-0.9926969530132503,-0.25341131137085227,-1.3819432099139288,-4.9553258248472645e-12,-0.000221185945085127,1784980702.2070603,-0.9921302424820103,-0.2529310642321142,-1.3913913986907152,2.231044054031372,0,1,1784980685.8737292,-0.9951127389755929,-0.12870652989916076,-1.515472722699868,1784980685.873765,-0.006350209395935843,0.012172975805161213,-0.019386222578994028,nan,nan,nan,1784980704.4336631,0.0,0.0,1784980704.4360662,17222.013671875,nan,nan,50.15964126586914,nan
52.00349426269531,1784980704.478279,BSMC,circle,circle_dist_bsmc_30cm_yawfree_p01,1784980704.4754348,-0.9926969530145157,-0.25341131137109296,-1.3819435518395122,-3.4512180888077726e-12,-0.0002061186948693983,1784980702.2070603,-0.9921302424820103,-0.2529310642321142,-1.3913913986907152,2.271218776702881,0,1,1784980685.8737292,-0.9951127389755929,-0.12870652989916076,-1.515472722699868,1784980685.873765,-0.006350209395935843,0.012172975805161213,-0.019386222578994028,nan,nan,nan,1784980704.473704,0.0,0.0,1784980704.4360662,17222.013671875,nan,nan,50.15964126586914,nan
52.04322576522827,1784980704.5180106,BSMC,circle,circle_dist_bsmc_30cm_yawfree_p01,1784980704.4754348,-0.9926969530145157,-0.25341131137109296,-1.3819435518395122,-3.4512180888077726e-12,-0.0002061186948693983,1784980702.2070603,-0.9921302424820103,-0.2529310642321142,-1.3913913986907152,2.31095027923584,0,1,1784980685.8737292,-0.9951127389755929,-0.12870652989916076,-1.515472722699868,1784980685.873765,-0.006350209395935843,0.012172975805161213,-0.019386222578994028,nan,nan,nan,1784980704.5141697,0.0,0.0,1784980704.4875147,17222.064453125,nan,nan,50.94670104980469,nan
52.083611726760864,1784980704.5583966,BSMC,circle,circle_dist_bsmc_30cm_yawfree_p01,1784980704.5255616,-0.9926969530156147,-0.25341131137130063,-1.381943960648229,-2.3974520865180878e-12,-0.00019205626395850403,1784980702.2070603,-0.9921302424820103,-0.2529310642321142,-1.3913913986907152,2.3513362407684326,0,1,1784980685.8737292,-0.9951127389755929,-0.12870652989916076,-1.515472722699868,1784980685.873765,-0.006350209395935843,0.012172975805161213,-0.019386222578994028,nan,nan,nan,1784980704.553387,0.0,0.0,1784980704.5363631,17222.11328125,nan,nan,48.631771087646484,nan
52.12393522262573,1784980704.59872,BSMC,circle,circle_dist_bsmc_30cm_yawfree_p01,1784980704.5755143,-0.9926969530165688,-0.2534113113714821,-1.3819442877645132,-1.6706618490512658e-12,-0.00017897520659546128,1784980702.2070603,-0.9921302424820103,-0.2529310642321142,-1.3913913986907152,2.391659736633301,0,1,1784980685.8737292,-0.9951127389755929,-0.12870652989916076,-1.515472722699868,1784980685.873765,-0.006350209395935843,0.012172975805161213,-0.019386222578994028,nan,nan,nan,1784980704.5937965,0.0,0.0,1784980704.585993,17222.1640625,nan,nan,49.95484161376953,nan
52.163358211517334,1784980704.638143,BSMC,circle,circle_dist_bsmc_30cm_yawfree_p01,1784980704.6261232,-0.9926969530173974,-0.2534113113716393,-1.3819446765154346,-1.1632658598453494e-12,-0.0001667834656425421,1784980702.2070603,-0.9921302424820103,-0.2529310642321142,-1.3913913986907152,2.4310827255249023,0,1,1784980685.8737292,-0.9951127389755929,-0.12870652989916076,-1.515472722699868,1784980685.873765,-0.006350209395935843,0.012172975805161213,-0.019386222578994028,nan,nan,nan,1784980704.6341178,0.0,0.0,1784980704.6362276,17222.21484375,nan,nan,50.6532096862793,nan
52.20314002037048,1784980704.6779249,BSMC,circle,circle_dist_bsmc_30cm_yawfree_p01,1784980704.6754448,-0.9926969530181164,-0.2534113113717773,-1.3819448263102994,-8.084725670555856e-13,-0.0001554094723141502,1784980702.2070603,-0.9921302424820103,-0.2529310642321142,-1.3913913986907152,2.4708645343780518,0,1,1784980685.8737292,-0.9951127389755929,-0.12870652989916076,-1.515472722699868,1784980685.873765,-0.006350209395935843,0.012172975805161213,-0.019386222578994028,nan,nan,nan,1784980704.6733222,0.0,0.0,1784980704.6362276,17222.21484375,nan,nan,50.6532096862793,nan
52.243340492248535,1784980704.7181253,BSMC,circle,circle_dist_bsmc_30cm_yawfree_p01,1784980704.6754448,-0.9926969530181164,-0.2534113113717773,-1.3819448263102994,-8.084725670555856e-13,-0.0001554094723141502,1784980702.2070603,-0.9921302424820103,-0.2529310642321142,-1.3913913986907152,2.5110650062561035,0,1,1784980685.8737292,-0.9951127389755929,-0.12870652989916076,-1.515472722699868,1784980685.873765,-0.006350209395935843,0.012172975805161213,-0.019386222578994028,nan,nan,nan,1784980704.7142854,0.0,0.0,1784980704.6865973,17222.263671875,nan,nan,49.82240295410156,nan
52.28315353393555,1784980704.7579384,BSMC,circle,circle_dist_bsmc_30cm_yawfree_p01,1784980704.7259493,-0.992696953018741,-0.2534113113718964,-1.3819451217138377,-5.618534106431235e-13,-0.00014480686477245377,1784980702.2070603,-0.9921302424820103,-0.2529310642321142,-1.3913913986907152,2.5508780479431152,0,1,1784980685.8737292,-0.9951127389755929,-0.12870652989916076,-1.515472722699868,1784980685.873765,-0.006350209395935843,0.012172975805161213,-0.019386222578994028,nan,nan,nan,1784980704.7540557,0.0,0.0,1784980704.7367098,17222.314453125,nan,nan,50.93317413330078,nan
52.32404446601868,1784980704.7988293,BSMC,circle,circle_dist_bsmc_30cm_yawfree_p01,1784980704.7753625,-0.9926969530192831,-0.2534113113720004,-1.381945234027704,-3.9036496441192833e-13,-0.00013492264472222777,1784980702.2070603,-0.9921302424820103,-0.2529310642321142,-1.3913913986907152,2.591768980026245,0,1,1784980685.8737292,-0.9951127389755929,-0.12870652989916076,-1.515472722699868,1784980685.873765,-0.006350209395935843,0.012172975805161213,-0.019386222578994028,nan,nan,nan,1784980704.7936647,0.0,0.0,1784980704.7872686,17222.365234375,nan,nan,50.13739776611328,nan
52.363680362701416,1784980704.8384652,BSMC,circle,circle_dist_bsmc_30cm_yawfree_p01,1784980704.825796,-0.9926969530197538,-0.2534113113720904,-1.3819454533219413,-2.712599468461837e-13,-0.00012571083623631242,1784980702.2070603,-0.9921302424820103,-0.2529310642321142,-1.3913913986907152,2.6314048767089844,0,1,1784980685.8737292,-0.9951127389755929,-0.12870652989916076,-1.515472722699868,1784980685.873765,-0.006350209395935843,0.012172975805161213,-0.019386222578994028,nan,nan,nan,1784980704.8335495,0.0,0.0,1784980704.836828,17222.416015625,nan,nan,49.89365005493164,nan
52.40424466133118,1784980704.8790295,BSMC,circle,circle_dist_bsmc_30cm_yawfree_p01,1784980704.8760338,-0.9926969530201624,-0.2534113113721686,-1.3819456404386536,-1.8856124532171194e-13,-0.00011712775048456088,1784980702.2070603,-0.9921302424820103,-0.2529310642321142,-1.3913913986907152,2.671969175338745,0,1,1784980685.8737292,-0.9951127389755929,-0.12870652989916076,-1.515472722699868,1784980685.873765,-0.006350209395935843,0.012172975805161213,-0.019386222578994028,nan,nan,nan,1784980704.8735888,0.0,0.0,1784980704.836828,17222.416015625,nan,nan,49.89365005493164,nan
52.443416595458984,1784980704.9182014,BSMC,circle,circle_dist_bsmc_30cm_yawfree_p01,1784980704.8760338,-0.9926969530201624,-0.2534113113721686,-1.3819456404386536,-1.8856124532171194e-13,-0.00011712775048456088,1784980702.2070603,-0.9921302424820103,-0.2529310642321142,-1.3913913986907152,2.7111411094665527,0,1,1784980685.8737292,-0.9951127389755929,-0.12870652989916076,-1.515472722699868,1784980685.873765,-0.006350209395935843,0.012172975805161213,-0.019386222578994028,nan,nan,nan,1784980704.9141474,0.0,0.0,1784980704.8894796,17222.46484375,nan,nan,49.699668884277344,nan
52.48364853858948,1784980704.9584334,BSMC,circle,circle_dist_bsmc_30cm_yawfree_p01,1784980704.9253147,-0.9926969530205171,-0.25341131137223677,-1.381945689742074,-1.3112309606173471e-13,-0.00010913160968819482,1784980702.2070603,-0.9921302424820103,-0.2529310642321142,-1.3913913986907152,2.751373052597046,0,1,1784980685.8737292,-0.9951127389755929,-0.12870652989916076,-1.515472722699868,1784980685.873765,-0.006350209395935843,0.012172975805161213,-0.019386222578994028,nan,nan,nan,1784980704.95385,0.0,0.0,1784980704.9370213,17222.515625,nan,nan,50.15814971923828,nan
52.52317547798157,1784980704.9979603,BSMC,circle,circle_dist_bsmc_30cm_yawfree_p01,1784980704.9762776,-0.9926969530208251,-0.2534113113722957,-1.3819459058330925,-9.120233829755992e-14,-0.00010168236656165262,1784980702.2070603,-0.9921302424820103,-0.2529310642321142,-1.3913913986907152,2.7908999919891357,0,1,1784980685.8737292,-0.9951127389755929,-0.12870652989916076,-1.515472722699868,1784980685.873765,-0.006350209395935843,0.012172975805161213,-0.019386222578994028,nan,nan,nan,1784980704.9939425,0.0,0.0,1784980704.9859996,17222.564453125,nan,nan,49.709346771240234,nan
52.56313896179199,1784980705.0379238,BSMC,circle,circle_dist_bsmc_30cm_yawfree_p01,1784980705.025311,-0.9926969530210924,-0.2534113113723471,-1.3819459105199545,-6.347791315366398e-14,-9.474506815040116e-05,1784980702.2070603,-0.9921302424820103,-0.2529310642321142,-1.3913913986907152,2.8308634757995605,0,1,1784980685.8737292,-0.9951127389755929,-0.12870652989916076,-1.515472722699868,1784980685.873765,-0.006350209395935843,0.012172975805161213,-0.019386222578994028,nan,nan,nan,1784980705.0331907,0.0,0.0,1784980704.9859996,17222.564453125,nan,nan,49.709346771240234,nan
52.603270530700684,1784980705.0780554,BSMC,circle,circle_dist_bsmc_30cm_yawfree_p01,1784980705.0763443,-0.9926969530213244,-0.25341131137239165,-1.381946095473412,-4.405432694475259e-14,-8.826965800510725e-05,1784980702.2070603,-0.9921302424820103,-0.2529310642321142,-1.3913913986907152,2.870995044708252,0,1,1784980685.8737292,-0.9951127389755929,-0.12870652989916076,-1.515472722699868,1784980685.873765,-0.006350209395935843,0.012172975805161213,-0.019386222578994028,nan,nan,nan,1784980705.073474,0.0,0.0,1784980705.0380692,17222.6171875,nan,nan,51.318363189697266,nan
52.64320755004883,1784980705.1179924,BSMC,circle,circle_dist_bsmc_30cm_yawfree_p01,1784980705.0763443,-0.9926969530213244,-0.25341131137239165,-1.381946095473412,-4.405432694475259e-14,-8.826965800510725e-05,1784980702.2070603,-0.9921302424820103,-0.2529310642321142,-1.3913913986907152,2.9109320640563965,0,1,1784980685.8737292,-0.9951127389755929,-0.12870652989916076,-1.515472722699868,1784980685.873765,-0.006350209395935843,0.012172975805161213,-0.019386222578994028,nan,nan,nan,1784980705.1144454,0.0,0.0,1784980705.0872867,17222.666015625,nan,nan,49.36513137817383,nan
52.68411135673523,1784980705.1588962,BSMC,circle,circle_dist_bsmc_30cm_yawfree_p01,1784980705.1257586,-0.9926969530215258,-0.25341131137243034,-1.3819461214325244,-3.0625450690864176e-14,-8.224027138578978e-05,1784980702.2070603,-0.9921302424820103,-0.2529310642321142,-1.3913913986907152,2.951835870742798,0,1,1784980685.8737292,-0.9951127389755929,-0.12870652989916076,-1.515472722699868,1784980685.873765,-0.006350209395935843,0.012172975805161213,-0.019386222578994028,nan,nan,nan,1784980705.1535358,0.0,0.0,1784980705.1382844,17222.716796875,nan,nan,50.73948669433594,nan
52.72317838668823,1784980705.1979632,BSMC,circle,circle_dist_bsmc_30cm_yawfree_p01,1784980705.175246,-0.9926969530217007,-0.2534113113724639,-1.3819461522281131,-2.1271001667077073e-14,-7.661896422588153e-05,1784980702.2070603,-0.9921302424820103,-0.2529310642321142,-1.3913913986907152,2.990902900695801,0,1,1784980685.8737292,-0.9951127389755929,-0.12870652989916076,-1.515472722699868,1784980685.873765,-0.006350209395935843,0.012172975805161213,-0.019386222578994028,nan,nan,nan,1784980705.1931603,0.0,0.0,1784980705.1880643,17222.765625,nan,nan,49.77846145629883,nan
52.76316714286804,1784980705.237952,BSMC,circle,circle_dist_bsmc_30cm_yawfree_p01,1784980705.2261481,-0.9926969530218525,-0.253411311372493,-1.3819462798587605,-1.4789608283254042e-14,-7.138421853773899e-05,1784980702.2070603,-0.9921302424820103,-0.2529310642321142,-1.3913913986907152,3.0308916568756104,0,1,1784980685.8737292,-0.9951127389755929,-0.12870652989916076,-1.515472722699868,1784980685.873765,-0.006350209395935843,0.012172975805161213,-0.019386222578994028,nan,nan,nan,1784980705.233347,0.0,0.0,1784980705.1880643,17222.765625,nan,nan,49.77846145629883,nan
52.80360460281372,1784980705.2783895,BSMC,circle,circle_dist_bsmc_30cm_yawfree_p01,1784980705.2754543,-0.9926969530219842,-0.2534113113725183,-1.3819462867897032,-1.0284368190938289e-14,-6.650768573382453e-05,1784980702.2070603,-0.9921302424820103,-0.2529310642321142,-1.3913913986907152,3.071329116821289,0,1,1784980685.8737292,-0.9951127389755929,-0.12870652989916076,-1.515472722699868,1784980685.873765,-0.006350209395935843,0.012172975805161213,-0.019386222578994028,nan,nan,nan,1784980705.2738764,0.0,0.0,1784980705.2381017,17222.81640625,nan,nan,50.046817779541016,nan
52.8431556224823,1784980705.3179405,BSMC,circle,circle_dist_bsmc_30cm_yawfree_p01,1784980705.2754543,-0.9926969530219842,-0.2534113113725183,-1.3819462867897032,-1.0284368190938289e-14,-6.650768573382453e-05,1784980702.2070603,-0.9921302424820103,-0.2529310642321142,-1.3913913986907152,3.110880136489868,0,1,1784980685.8737292,-0.9951127389755929,-0.12870652989916076,-1.515472722699868,1784980685.873765,-0.006350209395935843,0.012172975805161213,-0.019386222578994028,nan,nan,nan,1784980705.3141797,0.0,0.0,1784980705.2879713,17222.865234375,nan,nan,49.7599983215332,nan
52.884072065353394,1784980705.358857,BSMC,circle,circle_dist_bsmc_30cm_yawfree_p01,1784980705.3257866,-0.9926969530220985,-0.2534113113725403,-1.3819463529076272,-7.14982745158601e-15,-6.19638257969011e-05,1784980702.2070603,-0.9921302424820103,-0.2529310642321142,-1.3913913986907152,3.151796579360962,0,1,1784980685.8737292,-0.9951127389755929,-0.12870652989916076,-1.515472722699868,1784980685.873765,-0.006350209395935843,0.012172975805161213,-0.019386222578994028,nan,nan,nan,1784980705.3535025,0.0,0.0,1784980705.3391547,17222.91796875,nan,nan,51.303768157958984,nan
52.92386746406555,1784980705.3986523,BSMC,circle,circle_dist_bsmc_30cm_yawfree_p01,1784980705.3759513,-0.9926969530221976,-0.25341131137255934,-1.3819464080327448,-4.964765166583067e-15,-5.772692424942483e-05,1784980702.2070603,-0.9921302424820103,-0.2529310642321142,-1.3913913986907152,3.19159197807312,0,1,1784980685.8737292,-0.9951127389755929,-0.12870652989916076,-1.515472722699868,1784980685.873765,-0.006350209395935843,0.012172975805161213,-0.019386222578994028,nan,nan,nan,1784980705.3937871,0.0,0.0,1784980705.388104,17222.966796875,nan,nan,48.794898986816406,nan
52.96363544464111,1784980705.4384203,BSMC,circle,circle_dist_bsmc_30cm_yawfree_p01,1784980705.4260736,-0.9926969530222838,-0.25341131137257594,-1.3819464515542028,-3.457352709757512e-15,-5.378618798705849e-05,1784980702.2070603,-0.9921302424820103,-0.2529310642321142,-1.3913913986907152,3.2313599586486816,0,1,1784980685.8737292,-0.9951127389755929,-0.12870652989916076,-1.515472722699868,1784980685.873765,-0.006350209395935843,0.012172975805161213,-0.019386222578994028,nan,nan,nan,1784980705.4334705,0.0,0.0,1784980705.388104,17222.966796875,nan,nan,48.794898986816406,nan
53.00343680381775,1784980705.4782217,BSMC,circle,circle_dist_bsmc_30cm_yawfree_p01,1784980705.4755297,-0.9926969530223585,-0.25341131137259026,-1.3819464580093277,-2.4065558011722814e-15,-5.011509301725477e-05,1784980702.2070603,-0.9921302424820103,-0.2529310642321142,-1.3913913986907152,3.2711613178253174,0,1,1784980685.8737292,-0.9951127389755929,-0.12870652989916076,-1.515472722699868,1784980685.873765,-0.006350209395935843,0.012172975805161213,-0.019386222578994028,nan,nan,nan,1784980705.4733844,0.0,0.0,1784980705.4394937,17223.015625,nan,nan,50.0594482421875,nan
53.043686866760254,1784980705.5184717,BSMC,circle,circle_dist_bsmc_30cm_yawfree_p01,1784980705.4755297,-0.9926969530223585,-0.25341131137259026,-1.3819464580093277,-2.4065558011722814e-15,-5.011509301725477e-05,1784980702.2070603,-0.9921302424820103,-0.2529310642321142,-1.3913913986907152,3.3114113807678223,0,1,1784980685.8737292,-0.9951127389755929,-0.12870652989916076,-1.515472722699868,1784980685.873765,-0.006350209395935843,0.012172975805161213,-0.019386222578994028,nan,nan,nan,1784980705.513962,0.0,0.0,1784980705.4932356,17223.072265625,nan,nan,55.376930236816406,nan
53.08337187767029,1784980705.5581567,BSMC,circle,circle_dist_bsmc_30cm_yawfree_p01,1784980705.526091,-0.9926969530224233,-0.2534113113726027,-1.381946514617049,-1.6573344917178914e-15,-4.667042047222263e-05,1784980702.2070603,-0.9921302424820103,-0.2529310642321142,-1.3913913986907152,3.3510963916778564,0,1,1784980685.8737292,-0.9951127389755929,-0.12870652989916076,-1.515472722699868,1784980685.873765,-0.006350209395935843,0.012172975805161213,-0.019386222578994028,nan,nan,nan,1784980705.5531514,0.0,0.0,1784980705.5380552,17223.1171875,nan,nan,44.9277229309082,nan
53.12313723564148,1784980705.597922,BSMC,circle,circle_dist_bsmc_30cm_yawfree_p01,1784980705.5759935,-0.9926969530224796,-0.2534113113726135,-1.3819465376201752,-1.1584361351487404e-15,-4.348673520229981e-05,1784980702.2070603,-0.9921302424820103,-0.2529310642321142,-1.3913913986907152,3.390861749649048,0,1,1784980685.8737292,-0.9951127389755929,-0.12870652989916076,-1.515472722699868,1784980685.873765,-0.006350209395935843,0.012172975805161213,-0.019386222578994028,nan,nan,nan,1784980705.593452,0.0,0.0,1784980705.5885239,17223.166015625,nan,nan,50.409645080566406,nan
53.16321086883545,1784980705.6379957,BSMC,circle,circle_dist_bsmc_30cm_yawfree_p01,1784980705.625666,-0.9926969530225285,-0.2534113113726229,-1.3819465473649726,-8.069601517244049e-16,-4.0518312824341627e-05,1784980702.2070603,-0.9921302424820103,-0.2529310642321142,-1.3913913986907152,3.4309353828430176,0,1,1784980685.8737292,-0.9951127389755929,-0.12870652989916076,-1.515472722699868,1784980685.873765,-0.006350209395935843,0.012172975805161213,-0.019386222578994028,nan,nan,nan,1784980705.633764,0.0,0.0,1784980705.5885239,17223.166015625,nan,nan,50.409645080566406,nan
53.20363450050354,1784980705.6784194,BSMC,circle,circle_dist_bsmc_30cm_yawfree_p01,1784980705.6754978,-0.9926969530225709,-0.25341131137263107,-1.3819465634448513,-5.610527310388965e-16,-3.775049141967675e-05,1784980702.2070603,-0.9921302424820103,-0.2529310642321142,-1.3913913986907152,3.4713590145111084,0,1,1784980685.8737292,-0.9951127389755929,-0.12870652989916076,-1.515472722699868,1784980685.873765,-0.006350209395935843,0.012172975805161213,-0.019386222578994028,nan,nan,nan,1784980705.6733828,0.0,0.0,1784980705.639046,17223.216796875,nan,nan,50.372867584228516,nan
53.243250608444214,1784980705.7180355,BSMC,circle,circle_dist_bsmc_30cm_yawfree_p01,1784980705.6754978,-0.9926969530225709,-0.25341131137263107,-1.3819465634448513,-5.610527310388965e-16,-3.775049141967675e-05,1784980702.2070603,-0.9921302424820103,-0.2529310642321142,-1.3913913986907152,3.5109751224517822,0,1,1784980685.8737292,-0.9951127389755929,-0.12870652989916076,-1.515472722699868,1784980685.873765,-0.006350209395935843,0.012172975805161213,-0.019386222578994028,nan,nan,nan,1784980705.7137263,0.0,0.0,1784980705.6911898,17223.267578125,nan,nan,50.05861282348633,nan
53.28318119049072,1784980705.757966,BSMC,circle,circle_dist_bsmc_30cm_yawfree_p01,1784980705.7255387,-0.9926969530226077,-0.25341131137263817,-1.3819465853067798,-3.9008057792044996e-16,-3.517173083256009e-05,1784980702.2070603,-0.9921302424820103,-0.2529310642321142,-1.3913913986907152,3.550905704498291,0,1,1784980685.8737292,-0.9951127389755929,-0.12870652989916076,-1.515472722699868,1784980685.873765,-0.006350209395935843,0.012172975805161213,-0.019386222578994028,nan,nan,nan,1784980705.7538981,0.0,0.0,1784980705.7404723,17223.318359375,nan,nan,51.415042877197266,nan
53.323304891586304,1784980705.7980897,BSMC,circle,circle_dist_bsmc_30cm_yawfree_p01,1784980705.775819,-0.9926969530226397,-0.25341131137264433,-1.3819466128600786,-2.7054875197841745e-16,-3.2765099135702606e-05,1784980702.2070603,-0.9921302424820103,-0.2529310642321142,-1.3913913986907152,3.591029405593872,0,1,1784980685.8737292,-0.9951127389755929,-0.12870652989916076,-1.515472722699868,1784980685.873765,-0.006350209395935843,0.012172975805161213,-0.019386222578994028,nan,nan,nan,1784980705.793116,0.0,0.0,1784980705.7890058,17223.3671875,nan,nan,48.43935775756836,nan
53.363285303115845,1784980705.8380702,BSMC,circle,circle_dist_bsmc_30cm_yawfree_p01,1784980705.8256283,-0.9926969530226675,-0.25341131137264966,-1.3819466226951154,-1.8847545896581276e-16,-3.052846746247153e-05,1784980702.2070603,-0.9921302424820103,-0.2529310642321142,-1.3913913986907152,3.631009817123413,0,1,1784980685.8737292,-0.9951127389755929,-0.12870652989916076,-1.515472722699868,1784980685.873765,-0.006350209395935843,0.012172975805161213,-0.019386222578994028,nan,nan,nan,1784980705.8333597,0.0,0.0,1784980705.7890058,17223.3671875,nan,nan,48.43935775756836,nan
53.40364170074463,1784980705.8784266,BSMC,circle,circle_dist_bsmc_30cm_yawfree_p01,1784980705.87561,-0.9926969530226916,-0.25341131137265427,-1.3819466380943846,-1.2982886013227187e-16,-2.8429615145837766e-05,1784980702.2070603,-0.9921302424820103,-0.2529310642321142,-1.3913913986907152,3.6713662147521973,0,1,1784980685.8737292,-0.9951127389755929,-0.12870652989916076,-1.515472722699868,1784980685.873765,-0.006350209395935843,0.012172975805161213,-0.019386222578994028,nan,nan,nan,1784980705.8737965,0.0,0.0,1784980705.8453147,17223.423828125,nan,nan,55.78102493286133,nan
53.443835496902466,1784980705.9186203,BSMC,circle,circle_dist_bsmc_30cm_yawfree_p01,1784980705.87561,-0.9926969530226916,-0.25341131137265427,-1.3819466380943846,-1.2982886013227187e-16,-2.8429615145837766e-05,1784980702.2070603,-0.9921302424820103,-0.2529310642321142,-1.3913913986907152,3.711560010910034,0,1,1784980685.8737292,-0.9951127389755929,-0.12870652989916076,-1.515472722699868,1784980685.873765,-0.006350209395935843,0.012172975805161213,-0.019386222578994028,nan,nan,nan,1784980705.9136677,0.0,0.0,1784980705.8907757,17223.46875,nan,nan,45.47132110595703,nan
53.483450412750244,1784980705.9582353,BSMC,circle,circle_dist_bsmc_30cm_yawfree_p01,1784980705.9253464,-0.9926969530227124,-0.25341131137265827,-1.3819466438872656,-9.058198062222841e-17,-2.6487305104101867e-05,1784980702.2070603,-0.9921302424820103,-0.2529310642321142,-1.3913913986907152,3.7511749267578125,0,1,1784980685.8737292,-0.9951127389755929,-0.12870652989916076,-1.515472722699868,1784980685.873765,-0.006350209395935843,0.012172975805161213,-0.019386222578994028,nan,nan,nan,1784980705.953174,0.0,0.0,1784980705.94612,17223.525390625,nan,nan,56.039119720458984,nan
53.523502349853516,1784980705.9982872,BSMC,circle,circle_dist_bsmc_30cm_yawfree_p01,1784980705.9751706,-0.9926969530227305,-0.25341131137266176,-1.381946653911429,-6.243394059319377e-17,-2.466480972838651e-05,1784980702.2070603,-0.9921302424820103,-0.2529310642321142,-1.3913913986907152,3.791226863861084,0,1,1784980685.8737292,-0.9951127389755929,-0.12870652989916076,-1.515472722699868,1784980685.873765,-0.006350209395935843,0.012172975805161213,-0.019386222578994028,nan,nan,nan,1784980705.9933012,0.0,0.0,1784980705.9918988,17223.5703125,nan,nan,45.604827880859375,nan
53.56345081329346,1784980706.0382357,BSMC,circle,circle_dist_bsmc_30cm_yawfree_p01,1784980706.0253663,-0.9926969530227463,-0.25341131137266476,-1.3819466701564649,-4.360603507465093e-17,-2.2979389599918585e-05,1784980702.2070603,-0.9921302424820103,-0.2529310642321142,-1.3913913986907152,3.8311753273010254,0,1,1784980685.8737292,-0.9951127389755929,-0.12870652989916076,-1.515472722699868,1784980685.873765,-0.006350209395935843,0.012172975805161213,-0.019386222578994028,nan,nan,nan,1784980706.0338128,0.0,0.0,1784980705.9918988,17223.5703125,nan,nan,45.604827880859375,nan
53.60334253311157,1784980706.0781274,BSMC,circle,circle_dist_bsmc_30cm_yawfree_p01,1784980706.0752568,-0.99269695302276,-0.25341131137266737,-1.3819466807162093,-2.989932475388224e-17,-2.1391789998083534e-05,1784980702.2070603,-0.9921302424820103,-0.2529310642321142,-1.3913913986907152,3.8710670471191406,0,1,1784980685.8737292,-0.9951127389755929,-0.12870652989916076,-1.515472722699868,1784980685.873765,-0.006350209395935843,0.012172975805161213,-0.019386222578994028,nan,nan,nan,1784980706.0736134,0.0,0.0,1784980706.049655,17223.62890625,nan,nan,58.66910171508789,nan
53.6434109210968,1784980706.1181958,BSMC,circle,circle_dist_bsmc_30cm_yawfree_p01,1784980706.0752568,-0.99269695302276,-0.25341131137266737,-1.3819466807162093,-2.989932475388224e-17,-2.1391789998083534e-05,1784980702.2070603,-0.9921302424820103,-0.2529310642321142,-1.3913913986907152,3.91113543510437,0,1,1784980685.8737292,-0.9951127389755929,-0.12870652989916076,-1.515472722699868,1784980685.873765,-0.006350209395935843,0.012172975805161213,-0.019386222578994028,nan,nan,nan,1784980706.1133497,0.0,0.0,1784980706.0902498,17223.66796875,nan,nan,39.737693786621094,nan
53.683109521865845,1784980706.1578944,BSMC,circle,circle_dist_bsmc_30cm_yawfree_p01,1784980706.1256878,-0.9926969530227718,-0.25341131137266965,-1.38194669978395,-2.104576703492135e-17,-1.9935016230890324e-05,1784980702.2070603,-0.9921302424820103,-0.2529310642321142,-1.3913913986907152,3.950834035873413,0,1,1784980685.8737292,-0.9951127389755929,-0.12870652989916076,-1.515472722699868,1784980685.873765,-0.006350209395935843,0.012172975805161213,-0.019386222578994028,nan,nan,nan,1784980706.153871,0.0,0.0,1784980706.1400828,17223.71875,nan,nan,50.02615737915039,nan
53.723345041275024,1784980706.19813,BSMC,circle,circle_dist_bsmc_30cm_yawfree_p01,1784980706.1763122,-0.9926969530227822,-0.25341131137267164,-1.3819467207866079,-1.4730065005340596e-17,-1.8577484121565775e-05,1784980702.2070603,-0.9921302424820103,-0.2529310642321142,-1.3913913986907152,3.9910695552825928,0,1,1784980685.8737292,-0.9951127389755929,-0.12870652989916076,-1.515472722699868,1784980685.873765,-0.006350209395935843,0.012172975805161213,-0.019386222578994028,nan,nan,nan,1784980706.193317,0.0,0.0,1784980706.1920607,17223.76953125,nan,nan,50.991058349609375,nan
53.763742208480835,1784980706.238527,BSMC,circle,circle_dist_bsmc_30cm_yawfree_p01,1784980706.2258663,-0.992696953022791,-0.25341131137267336,-1.3819467207580027,-1.025808299713175e-17,-1.7310488403899414e-05,1784980702.2070603,-0.9921302424820103,-0.2529310642321142,-1.3913913986907152,4.031466722488403,0,1,1784980685.8737292,-0.9951127389755929,-0.12870652989916076,-1.515472722699868,1784980685.873765,-0.006350209395935843,0.012172975805161213,-0.019386222578994028,nan,nan,nan,1784980706.2333686,0.0,0.0,1784980706.1920607,17223.76953125,nan,nan,50.991058349609375,nan
53.803311347961426,1784980706.2780962,BSMC,circle,circle_dist_bsmc_30cm_yawfree_p01,1784980706.2756708,-0.9926969530227988,-0.25341131137267486,-1.3819467256979612,-7.12946589956489e-18,-1.6128707868660086e-05,1784980702.2070603,-0.9921302424820103,-0.2529310642321142,-1.3913913986907152,4.071035861968994,0,1,1784980685.8737292,-0.9951127389755929,-0.12870652989916076,-1.515472722699868,1784980685.873765,-0.006350209395935843,0.012172975805161213,-0.019386222578994028,nan,nan,nan,1784980706.2734013,0.0,0.0,1784980706.2413309,17223.8203125,nan,nan,50.3912353515625,nan
53.843233585357666,1784980706.3180184,BSMC,circle,circle_dist_bsmc_30cm_yawfree_p01,1784980706.2756708,-0.9926969530227988,-0.25341131137267486,-1.3819467256979612,-7.12946589956489e-18,-1.6128707868660086e-05,1784980702.2070603,-0.9921302424820103,-0.2529310642321142,-1.3913913986907152,4.110958099365234,0,1,1784980685.8737292,-0.9951127389755929,-0.12870652989916076,-1.515472722699868,1784980685.873765,-0.006350209395935843,0.012172975805161213,-0.019386222578994028,nan,nan,nan,1784980706.313591,0.0,0.0,1784980706.290955,17223.869140625,nan,nan,49.143463134765625,nan
53.883453607559204,1784980706.3582385,BSMC,circle,circle_dist_bsmc_30cm_yawfree_p01,1784980706.3261576,-0.9926969530228056,-0.25341131137267614,-1.381946739217954,-4.95184813020922e-18,-1.5026885105372892e-05,1784980702.2070603,-0.9921302424820103,-0.2529310642321142,-1.3913913986907152,4.1511781215667725,0,1,1784980685.8737292,-0.9951127389755929,-0.12870652989916076,-1.515472722699868,1784980685.873765,-0.006350209395935843,0.012172975805161213,-0.019386222578994028,nan,nan,nan,1784980706.353354,0.0,0.0,1784980706.3417056,17223.919921875,nan,nan,51.64960479736328,nan
53.92355513572693,1784980706.39834,BSMC,circle,circle_dist_bsmc_30cm_yawfree_p01,1784980706.3765414,-0.9926969530228115,-0.25341131137267725,-1.3819467510035566,-3.4413070857618834e-18,-1.4000366764611018e-05,1784980702.2070603,-0.9921302424820103,-0.2529310642321142,-1.3913913986907152,4.191279649734497,0,1,1784980685.8737292,-0.9951127389755929,-0.12870652989916076,-1.515472722699868,1784980685.873765,-0.006350209395935843,0.012172975805161213,-0.019386222578994028,nan,nan,nan,1784980706.3933902,0.0,0.0,1784980706.3910065,17223.96875,nan,nan,48.62568664550781,nan
53.96375584602356,1784980706.4385407,BSMC,circle,circle_dist_bsmc_30cm_yawfree_p01,1784980706.425954,-0.9926969530228166,-0.25341131137267825,-1.381946748966058,-2.3992417828936265e-18,-1.3045922974577207e-05,1784980702.2070603,-0.9921302424820103,-0.2529310642321142,-1.3913913986907152,4.231480360031128,0,1,1784980685.8737292,-0.9951127389755929,-0.12870652989916076,-1.515472722699868,1784980685.873765,-0.006350209395935843,0.012172975805161213,-0.019386222578994028,nan,nan,nan,1784980706.4333382,0.0,0.0,1784980706.3910065,17223.96875,nan,nan,48.62568664550781,nan
54.003551959991455,1784980706.4783368,BSMC,circle,circle_dist_bsmc_30cm_yawfree_p01,1784980706.475963,-0.992696953022821,-0.2534113113726791,-1.3819467548450572,-1.667332544058114e-18,-1.2155204845431495e-05,1784980702.2070603,-0.9921302424820103,-0.2529310642321142,-1.3913913986907152,4.271276473999023,0,1,1784980685.8737292,-0.9951127389755929,-0.12870652989916076,-1.515472722699868,1784980685.873765,-0.006350209395935843,0.012172975805161213,-0.019386222578994028,nan,nan,nan,1784980706.4739244,0.0,0.0,1784980706.4421544,17224.01953125,nan,nan,50.98506164550781,nan
54.04320287704468,1784980706.5179877,BSMC,circle,circle_dist_bsmc_30cm_yawfree_p01,1784980706.475963,-0.992696953022821,-0.2534113113726791,-1.3819467548450572,-1.667332544058114e-18,-1.2155204845431495e-05,1784980702.2070603,-0.9921302424820103,-0.2529310642321142,-1.3913913986907152,4.310927391052246,0,1,1784980685.8737292,-0.9951127389755929,-0.12870652989916076,-1.515472722699868,1784980685.873765,-0.006350209395935843,0.012172975805161213,-0.019386222578994028,nan,nan,nan,1784980706.5143902,0.0,0.0,1784980706.4926138,17224.0703125,nan,nan,50.4108772277832,nan
54.08369827270508,1784980706.5584831,BSMC,circle,circle_dist_bsmc_30cm_yawfree_p01,1784980706.5257022,-0.9926969530228248,-0.2534113113726798,-1.381946756652852,-1.1573024113914865e-18,-1.1324418625247464e-05,1784980702.2070603,-0.9921302424820103,-0.2529310642321142,-1.3913913986907152,4.3514227867126465,0,1,1784980685.8737292,-0.9951127389755929,-0.12870652989916076,-1.515472722699868,1784980685.873765,-0.006350209395935843,0.012172975805161213,-0.019386222578994028,nan,nan,nan,1784980706.5536804,0.0,0.0,1784980706.5408962,17224.119140625,nan,nan,48.612510681152344,nan
54.123438119888306,1784980706.598223,BSMC,circle,circle_dist_bsmc_30cm_yawfree_p01,1784980706.5752268,-0.9926969530228281,-0.2534113113726804,-1.3819467563650536,-8.067120658745016e-19,-1.0552264281490812e-05,1784980702.2070603,-0.9921302424820103,-0.2529310642321142,-1.3913913986907152,4.391162633895874,0,1,1784980685.8737292,-0.9951127389755929,-0.12870652989916076,-1.515472722699868,1784980685.873765,-0.006350209395935843,0.012172975805161213,-0.019386222578994028,nan,nan,nan,1784980706.5933058,0.0,0.0,1784980706.5905097,17224.169921875,nan,nan,50.223289489746094,nan
54.16397309303284,1784980706.638758,BSMC,circle,circle_dist_bsmc_30cm_yawfree_p01,1784980706.6256282,-0.992696953022831,-0.25341131137268097,-1.3819467651604105,-5.615659064443339e-19,-9.83256933468561e-06,1784980702.2070603,-0.9921302424820103,-0.2529310642321142,-1.3913913986907152,4.431697607040405,0,1,1784980685.8737292,-0.9951127389755929,-0.12870652989916076,-1.515472722699868,1784980685.873765,-0.006350209395935843,0.012172975805161213,-0.019386222578994028,nan,nan,nan,1784980706.6333933,0.0,0.0,1784980706.5905097,17224.169921875,nan,nan,50.223289489746094,nan
54.20325183868408,1784980706.6780367,BSMC,circle,circle_dist_bsmc_30cm_yawfree_p01,1784980706.6752977,-0.9926969530228336,-0.25341131137268147,-1.381946766547858,-3.8791242021784114e-19,-9.158549666789216e-06,1784980702.2070603,-0.9921302424820103,-0.2529310642321142,-1.3913913986907152,4.47097635269165,0,1,1784980685.8737292,-0.9951127389755929,-0.12870652989916076,-1.515472722699868,1784980685.873765,-0.006350209395935843,0.012172975805161213,-0.019386222578994028,nan,nan,nan,1784980706.6734662,0.0,0.0,1784980706.6470957,17224.22265625,nan,nan,53.745086669921875,nan
54.243545055389404,1784980706.71833,BSMC,circle,circle_dist_bsmc_30cm_yawfree_p01,1784980706.6752977,-0.9926969530228336,-0.25341131137268147,-1.381946766547858,-3.8791242021784114e-19,-9.158549666789216e-06,1784980702.2070603,-0.9921302424820103,-0.2529310642321142,-1.3913913986907152,4.511269569396973,0,1,1784980685.8737292,-0.9951127389755929,-0.12870652989916076,-1.515472722699868,1784980685.873765,-0.006350209395935843,0.012172975805161213,-0.019386222578994028,nan,nan,nan,1784980706.7139351,0.0,0.0,1784980706.7013307,17224.279296875,nan,nan,55.62867736816406,nan
54.28378963470459,1784980706.7585745,BSMC,circle,circle_dist_bsmc_30cm_yawfree_p01,1784980706.726234,-0.9926969530228358,-0.2534113113726819,-1.3819467787881041,-2.6610683380120944e-19,-8.526572959321024e-06,1784980702.2070603,-0.9921302424820103,-0.2529310642321142,-1.3913913986907152,4.551514148712158,0,1,1784980685.8737292,-0.9951127389755929,-0.12870652989916076,-1.515472722699868,1784980685.873765,-0.006350209395935843,0.012172975805161213,-0.019386222578994028,nan,nan,nan,1784980706.75349,0.0,0.0,1784980706.748045,17224.326171875,nan,nan,47.0195198059082,nan
54.323140144348145,1784980706.797925,BSMC,circle,circle_dist_bsmc_30cm_yawfree_p01,1784980706.7757478,-0.9926969530228377,-0.2534113113726823,-1.381946778536185,-1.8491385158799023e-19,-7.941339033402695e-06,1784980702.2070603,-0.9921302424820103,-0.2529310642321142,-1.3913913986907152,4.590864658355713,0,1,1784980685.8737292,-0.9951127389755929,-0.12870652989916076,-1.515472722699868,1784980685.873765,-0.006350209395935843,0.012172975805161213,-0.019386222578994028,nan,nan,nan,1784980706.7933207,0.0,0.0,1784980706.7934039,17224.37109375,nan,nan,46.16788864135742,nan
54.36379909515381,1784980706.838584,BSMC,circle,circle_dist_bsmc_30cm_yawfree_p01,1784980706.825529,-0.9926969530228393,-0.25341131137268263,-1.3819467804589247,-1.2950582686791754e-19,-7.399415009981646e-06,1784980702.2070603,-0.9921302424820103,-0.2529310642321142,-1.3913913986907152,4.631523609161377,0,1,1784980685.8737292,-0.9951127389755929,-0.12870652989916076,-1.515472722699868,1784980685.873765,-0.006350209395935843,0.012172975805161213,-0.019386222578994028,nan,nan,nan,1784980706.8336089,0.0,0.0,1784980706.7934039,17224.37109375,nan,nan,46.16788864135742,nan
54.40312170982361,1784980706.8779066,BSMC,circle,circle_dist_bsmc_30cm_yawfree_p01,1784980706.8753834,-0.9926969530228408,-0.2534113113726829,-1.3819467832728514,-9.040907446237689e-20,-6.894587114058176e-06,1784980702.2070603,-0.9921302424820103,-0.2529310642321142,-1.3913913986907152,4.670846223831177,0,1,1784980685.8737292,-0.9951127389755929,-0.12870652989916076,-1.515472722699868,1784980685.873765,-0.006350209395935843,0.012172975805161213,-0.019386222578994028,nan,nan,nan,1784980706.873803,0.0,0.0,1784980706.8428504,17224.421875,nan,nan,49.50297546386719,nan
54.443161725997925,1784980706.9179466,BSMC,circle,circle_dist_bsmc_30cm_yawfree_p01,1784980706.8753834,-0.9926969530228408,-0.2534113113726829,-1.3819467832728514,-9.040907446237689e-20,-6.894587114058176e-06,1784980702.2070603,-0.9921302424820103,-0.2529310642321142,-1.3913913986907152,4.710886240005493,0,1,1784980685.8737292,-0.9951127389755929,-0.12870652989916076,-1.515472722699868,1784980685.873765,-0.006350209395935843,0.012172975805161213,-0.019386222578994028,nan,nan,nan,1784980706.9136384,0.0,0.0,1784980706.8921235,17224.470703125,nan,nan,48.890995025634766,nan
54.48324251174927,1784980706.9580274,BSMC,circle,circle_dist_bsmc_30cm_yawfree_p01,1784980706.9254415,-0.992696953022842,-0.25341131137268313,-1.381946786776819,-6.308260675215013e-20,-6.424632387010776e-06,1784980702.2070603,-0.9921302424820103,-0.2529310642321142,-1.3913913986907152,4.750967025756836,0,1,1784980685.8737292,-0.9951127389755929,-0.12870652989916076,-1.515472722699868,1784980685.873765,-0.006350209395935843,0.012172975805161213,-0.019386222578994028,nan,nan,nan,1784980706.953724,0.0,0.0,1784980706.9434452,17224.51953125,nan,nan,49.98728942871094,nan
54.523491621017456,1784980706.9982765,BSMC,circle,circle_dist_bsmc_30cm_yawfree_p01,1784980706.9757555,-0.9926969530228431,-0.25341131137268336,-1.3819467915631467,-4.3984618342380445e-20,-5.986924003838164e-06,1784980702.2070603,-0.9921302424820103,-0.2529310642321142,-1.3913913986907152,4.791216135025024,0,1,1784980685.8737292,-0.9951127389755929,-0.12870652989916076,-1.515472722699868,1784980685.873765,-0.006350209395935843,0.012172975805161213,-0.019386222578994028,nan,nan,nan,1784980706.9935935,0.0,0.0,1784980706.9941306,17224.572265625,nan,nan,51.09459686279297,nan
54.563396692276,1784980707.0381815,BSMC,circle,circle_dist_bsmc_30cm_yawfree_p01,1784980707.025393,-0.992696953022844,-0.2534113113726835,-1.381946792177731,-3.0568699818105283e-20,-5.578392318960193e-06,1784980702.2070603,-0.9921302424820103,-0.2529310642321142,-1.3913913986907152,4.831121206283569,0,1,1784980685.8737292,-0.9951127389755929,-0.12870652989916076,-1.515472722699868,1784980685.873765,-0.006350209395935843,0.012172975805161213,-0.019386222578994028,nan,nan,nan,1784980707.0335848,0.0,0.0,1784980706.9941306,17224.572265625,nan,nan,51.09459686279297,nan
54.603997468948364,1784980707.0787823,BSMC,circle,circle_dist_bsmc_30cm_yawfree_p01,1784980707.075382,-0.9926969530228448,-0.2534113113726837,-1.3819467947873523,-2.1289774276031794e-20,-5.198180314340027e-06,1784980702.2070603,-0.9921302424820103,-0.2529310642321142,-1.3913913986907152,4.871721982955933,0,1,1784980685.8737292,-0.9951127389755929,-0.12870652989916076,-1.515472722699868,1784980685.873765,-0.006350209395935843,0.012172975805161213,-0.019386222578994028,nan,nan,nan,1784980707.0736957,0.0,0.0,1784980707.0421152,17224.62109375,nan,nan,49.198463439941406,nan
54.64325022697449,1784980707.118035,BSMC,circle,circle_dist_bsmc_30cm_yawfree_p01,1784980707.075382,-0.9926969530228448,-0.2534113113726837,-1.3819467947873523,-2.1289774276031794e-20,-5.198180314340027e-06,1784980702.2070603,-0.9921302424820103,-0.2529310642321142,-1.3913913986907152,4.910974740982056,0,1,1784980685.8737292,-0.9951127389755929,-0.12870652989916076,-1.515472722699868,1784980685.873765,-0.006350209395935843,0.012172975805161213,-0.019386222578994028,nan,nan,nan,1784980707.1138487,0.0,0.0,1784980707.0928888,17224.671875,nan,nan,50.85780715942383,nan
54.683682441711426,1784980707.1584673,BSMC,circle,circle_dist_bsmc_30cm_yawfree_p01,1784980707.1256082,-0.9926969530228454,-0.2534113113726838,-1.3819467982808642,-1.477361861889262e-20,-4.843107291435596e-06,1784980702.2070603,-0.9921302424820103,-0.2529310642321142,-1.3913913986907152,4.951406955718994,0,1,1784980685.8737292,-0.9951127389755929,-0.12870652989916076,-1.515472722699868,1784980685.873765,-0.006350209395935843,0.012172975805161213,-0.019386222578994028,nan,nan,nan,1784980707.1532683,0.0,0.0,1784980707.1430607,17224.720703125,nan,nan,49.78657531738281,nan
54.72316598892212,1784980707.1979508,BSMC,circle,circle_dist_bsmc_30cm_yawfree_p01,1784980707.1762707,-0.992696953022846,-0.2534113113726839,-1.3819468034174494,-1.0282429435590903e-20,-4.512734847233407e-06,1784980702.2070603,-0.9921302424820103,-0.2529310642321142,-1.3913913986907152,4.9908905029296875,0,1,1784980685.8737292,-0.9951127389755929,-0.12870652989916076,-1.515472722699868,1784980685.873765,-0.006350209395935843,0.012172975805161213,-0.019386222578994028,nan,nan,nan,1784980707.1933777,0.0,0.0,1784980707.1931617,17224.771484375,nan,nan,50.254051208496094,nan
54.7635133266449,1784980707.2382982,BSMC,circle,circle_dist_bsmc_30cm_yawfree_p01,1784980707.225359,-0.9926969530228466,-0.253411311372684,-1.3819468013959433,-7.148085786552293e-21,-4.204705600769368e-06,1784980702.2070603,-0.9921302424820103,-0.2529310642321142,-1.3913913986907152,5.031237840652466,0,1,1784980685.8737292,-0.9951127389755929,-0.12870652989916076,-1.515472722699868,1784980685.873765,-0.006350209395935843,0.012172975805161213,-0.019386222578994028,nan,nan,nan,1784980707.233235,0.0,0.0,1784980707.1931617,17224.771484375,nan,nan,50.254051208496094,nan
54.804139137268066,1784980707.278924,BSMC,circle,circle_dist_bsmc_30cm_yawfree_p01,1784980707.2759893,-0.992696953022847,-0.25341131137268413,-1.381946805878049,-4.9722084679598105e-21,-3.917778750093089e-06,1784980702.2070603,-0.9921302424820103,-0.2529310642321142,-1.3913913986907152,5.071863651275635,0,1,1784980685.8737292,-0.9951127389755929,-0.12870652989916076,-1.515472722699868,1784980685.873765,-0.006350209395935843,0.012172975805161213,-0.019386222578994028,nan,nan,nan,1784980707.273338,0.0,0.0,1784980707.2432916,17224.822265625,nan,nan,49.69045639038086,nan
54.84326505661011,1784980707.31805,BSMC,circle,circle_dist_bsmc_30cm_yawfree_p01,1784980707.2759893,-0.992696953022847,-0.25341131137268413,-1.381946805878049,-4.9722084679598105e-21,-3.917778750093089e-06,1784980702.2070603,-0.9921302424820103,-0.2529310642321142,-1.3913913986907152,5.110989570617676,0,1,1784980685.8737292,-0.9951127389755929,-0.12870652989916076,-1.515472722699868,1784980685.873765,-0.006350209395935843,0.012172975805161213,-0.019386222578994028,nan,nan,nan,1784980707.3138282,0.0,0.0,1784980707.2964554,17224.87109375,nan,nan,50.555015563964844,nan
54.88325905799866,1784980707.358044,BSMC,circle,circle_dist_bsmc_30cm_yawfree_p01,1784980707.3254476,-0.9926969530228474,-0.2534113113726842,-1.3819468054490276,-3.448501553033067e-21,-3.6498991782392074e-06,1784980702.2070603,-0.9921302424820103,-0.2529310642321142,-1.3913913986907152,5.150983572006226,0,1,1784980685.8737292,-0.9951127389755929,-0.12870652989916076,-1.515472722699868,1784980685.873765,-0.006350209395935843,0.012172975805161213,-0.019386222578994028,nan,nan,nan,1784980707.353845,0.0,0.0,1784980707.3440447,17224.921875,nan,nan,50.600860595703125,nan
54.923211097717285,1784980707.397996,BSMC,circle,circle_dist_bsmc_30cm_yawfree_p01,1784980707.3754447,-0.9926969530228478,-0.25341131137268424,-1.38194680719813,-2.396919173495404e-21,-3.400519408462282e-06,1784980702.2070603,-0.9921302424820103,-0.2529310642321142,-1.3913913986907152,5.1909356117248535,0,1,1784980685.8737292,-0.9951127389755929,-0.12870652989916076,-1.515472722699868,1784980685.873765,-0.006350209395935843,0.012172975805161213,-0.019386222578994028,nan,nan,nan,1784980707.3934345,0.0,0.0,1784980707.393773,17224.97265625,nan,nan,49.89543533325195,nan
54.963438510894775,1784980707.4382234,BSMC,circle,circle_dist_bsmc_30cm_yawfree_p01,1784980707.4259572,-0.9926969530228481,-0.2534113113726843,-1.3819468103286618,-1.6669233057221105e-21,-3.168247928543566e-06,1784980702.2070603,-0.9921302424820103,-0.2529310642321142,-1.3913913986907152,5.231163024902344,0,1,1784980685.8737292,-0.9951127389755929,-0.12870652989916076,-1.515472722699868,1784980685.873765,-0.006350209395935843,0.012172975805161213,-0.019386222578994028,nan,nan,nan,1784980707.433394,0.0,0.0,1784980707.393773,17224.97265625,nan,nan,49.89543533325195,nan
55.00328731536865,1784980707.4780722,BSMC,circle,circle_dist_bsmc_30cm_yawfree_p01,1784980707.475173,-0.9926969530228483,-0.25341131137268436,-1.3819468094707337,-1.1592963031226708e-21,-2.951863969235038e-06,1784980702.2070603,-0.9921302424820103,-0.2529310642321142,-1.3913913986907152,5.271011829376221,0,1,1784980685.8737292,-0.9951127389755929,-0.12870652989916076,-1.515472722699868,1784980685.873765,-0.006350209395935843,0.012172975805161213,-0.019386222578994028,nan,nan,nan,1784980707.473264,0.0,0.0,1784980707.4434261,17225.021484375,nan,nan,50.02241516113281,nan
55.04332780838013,1784980707.5181127,BSMC,circle,circle_dist_bsmc_30cm_yawfree_p01,1784980707.475173,-0.9926969530228483,-0.25341131137268436,-1.3819468094707337,-1.1592963031226708e-21,-2.951863969235038e-06,1784980702.2070603,-0.9921302424820103,-0.2529310642321142,-1.3913913986907152,5.311052322387695,0,1,1784980685.8737292,-0.9951127389755929,-0.12870652989916076,-1.515472722699868,1784980685.873765,-0.006350209395935843,0.012172975805161213,-0.019386222578994028,nan,nan,nan,1784980707.5139227,0.0,0.0,1784980707.4937096,17225.072265625,nan,nan,50.13035202026367,nan
55.08346152305603,1784980707.5582464,BSMC,circle,circle_dist_bsmc_30cm_yawfree_p01,1784980707.5256977,-0.9926969530228485,-0.2534113113726844,-1.3819468122538783,-8.058011850743024e-22,-2.750195913495015e-06,1784980702.2070603,-0.9921302424820103,-0.2529310642321142,-1.3913913986907152,5.351186037063599,0,1,1784980685.8737292,-0.9951127389755929,-0.12870652989916076,-1.515472722699868,1784980685.873765,-0.006350209395935843,0.012172975805161213,-0.019386222578994028,nan,nan,nan,1784980707.5536032,0.0,0.0,1784980707.5451567,17225.123046875,nan,nan,50.88414764404297,nan
55.12316536903381,1784980707.5979502,BSMC,circle,circle_dist_bsmc_30cm_yawfree_p01,1784980707.5753045,-0.9926969530228488,-0.25341131137268447,-1.381946812580392,-5.594557345041696e-22,-2.562143066727186e-06,1784980702.2070603,-0.9921302424820103,-0.2529310642321142,-1.3913913986907152,5.390889883041382,0,1,1784980685.8737292,-0.9951127389755929,-0.12870652989916076,-1.515472722699868,1784980685.873765,-0.006350209395935843,0.012172975805161213,-0.019386222578994028,nan,nan,nan,1784980707.593506,0.0,0.0,1784980707.5933008,17225.171875,nan,nan,48.654842376708984,nan
55.16324973106384,1784980707.6380346,BSMC,circle,circle_dist_bsmc_30cm_yawfree_p01,1784980707.6258864,-0.992696953022849,-0.2534113113726845,-1.3819468150237981,-3.899447589082388e-22,-2.3873527631244927e-06,1784980702.2070603,-0.9921302424820103,-0.2529310642321142,-1.3913913986907152,5.430974245071411,0,1,1784980685.8737292,-0.9951127389755929,-0.12870652989916076,-1.515472722699868,1784980685.873765,-0.006350209395935843,0.012172975805161213,-0.019386222578994028,nan,nan,nan,1784980707.6340582,0.0,0.0,1784980707.5933008,17225.171875,nan,nan,48.654842376708984,nan
55.20341229438782,1784980707.6781971,BSMC,circle,circle_dist_bsmc_30cm_yawfree_p01,1784980707.6754575,-0.9926969530228491,-0.2534113113726846,-1.381946815232442,-2.7051321367214914e-22,-2.224073781109522e-06,1784980702.2070603,-0.9921302424820103,-0.2529310642321142,-1.3913913986907152,5.471136808395386,0,1,1784980685.8737292,-0.9951127389755929,-0.12870652989916076,-1.515472722699868,1784980685.873765,-0.006350209395935843,0.012172975805161213,-0.019386222578994028,nan,nan,nan,1784980707.673495,0.0,0.0,1784980707.6448221,17225.224609375,nan,nan,51.674171447753906,nan
55.24348497390747,1784980707.7182698,BSMC,circle,circle_dist_bsmc_30cm_yawfree_p01,1784980707.6754575,-0.9926969530228491,-0.2534113113726846,-1.381946815232442,-2.7051321367214914e-22,-2.224073781109522e-06,1784980702.2070603,-0.9921302424820103,-0.2529310642321142,-1.3913913986907152,5.511209487915039,0,1,1784980685.8737292,-0.9951127389755929,-0.12870652989916076,-1.515472722699868,1784980685.873765,-0.006350209395935843,0.012172975805161213,-0.019386222578994028,nan,nan,nan,1784980707.713836,0.0,0.0,1784980707.6940112,17225.2734375,nan,nan,48.99319839477539,nan
55.28338432312012,1784980707.7581692,BSMC,circle,circle_dist_bsmc_30cm_yawfree_p01,1784980707.7260745,-0.9926969530228492,-0.2534113113726846,-1.3819468175610152,-1.882534761477713e-22,-2.0721943859383695e-06,1784980702.2070603,-0.9921302424820103,-0.2529310642321142,-1.3913913986907152,5.5511088371276855,0,1,1784980685.8737292,-0.9951127389755929,-0.12870652989916076,-1.515472722699868,1784980685.873765,-0.006350209395935843,0.012172975805161213,-0.019386222578994028,nan,nan,nan,1784980707.7533517,0.0,0.0,1784980707.7446678,17225.32421875,nan,nan,50.83320999145508,nan
55.323615312576294,1784980707.7984002,BSMC,circle,circle_dist_bsmc_30cm_yawfree_p01,1784980707.7752447,-0.9926969530228493,-0.2534113113726846,-1.381946816889956,-1.3078676030434438e-22,-1.9305629619671325e-06,1784980702.2070603,-0.9921302424820103,-0.2529310642321142,-1.3913913986907152,5.591339826583862,0,1,1784980685.8737292,-0.9951127389755929,-0.12870652989916076,-1.515472722699868,1784980685.873765,-0.006350209395935843,0.012172975805161213,-0.019386222578994028,nan,nan,nan,1784980707.7934544,0.0,0.0,1784980707.7956505,17225.375,nan,nan,50.93648910522461,nan
55.363348960876465,1784980707.8381338,BSMC,circle,circle_dist_bsmc_30cm_yawfree_p01,1784980707.8255866,-0.9926969530228494,-0.2534113113726846,-1.3819468184416734,-9.073719891311963e-23,-1.7984607655783495e-06,1784980702.2070603,-0.9921302424820103,-0.2529310642321142,-1.3913913986907152,5.631073474884033,0,1,1784980685.8737292,-0.9951127389755929,-0.12870652989916076,-1.515472722699868,1784980685.873765,-0.006350209395935843,0.012172975805161213,-0.019386222578994028,nan,nan,nan,1784980707.8342373,0.0,0.0,1784980707.7956505,17225.375,nan,nan,50.93648910522461,nan
55.40358328819275,1784980707.8783681,BSMC,circle,circle_dist_bsmc_30cm_yawfree_p01,1784980707.8759613,-0.9926969530228495,-0.2534113113726846,-1.381946819983853,-6.319498562858332e-23,-1.6756567359470703e-06,1784980702.2070603,-0.9921302424820103,-0.2529310642321142,-1.3913913986907152,5.671307802200317,0,1,1784980685.8737292,-0.9951127389755929,-0.12870652989916076,-1.515472722699868,1784980685.873765,-0.006350209395935843,0.012172975805161213,-0.019386222578994028,nan,nan,nan,1784980707.8734674,0.0,0.0,1784980707.844381,17225.423828125,nan,nan,48.681644439697266,nan
55.44328808784485,1784980707.918073,BSMC,circle,circle_dist_bsmc_30cm_yawfree_p01,1784980707.8759613,-0.9926969530228495,-0.2534113113726846,-1.381946819983853,-6.319498562858332e-23,-1.6756567359470703e-06,1784980702.2070603,-0.9921302424820103,-0.2529310642321142,-1.3913913986907152,5.711012601852417,0,1,1784980685.8737292,-0.9951127389755929,-0.12870652989916076,-1.515472722699868,1784980685.873765,-0.006350209395935843,0.012172975805161213,-0.019386222578994028,nan,nan,nan,1784980707.913693,0.0,0.0,1784980707.8946064,17225.47265625,nan,nan,50.15185546875,nan
55.48359036445618,1784980707.9583752,BSMC,circle,circle_dist_bsmc_30cm_yawfree_p01,1784980707.9263196,-0.9926969530228497,-0.2534113113726846,-1.3819468212738004,-4.3953108905620585e-23,-1.5611946461691654e-06,1784980702.2070603,-0.9921302424820103,-0.2529310642321142,-1.3913913986907152,5.751314878463745,0,1,1784980685.8737292,-0.9951127389755929,-0.12870652989916076,-1.515472722699868,1784980685.873765,-0.006350209395935843,0.012172975805161213,-0.019386222578994028,nan,nan,nan,1784980707.953608,0.0,0.0,1784980707.9484963,17225.52734375,nan,nan,54.05712890625,nan
55.523616313934326,1784980707.9984012,BSMC,circle,circle_dist_bsmc_30cm_yawfree_p01,1784980707.9756365,-0.9926969530228498,-0.2534113113726846,-1.3819468210144334,-3.035552699250309e-23,-1.4540479715271618e-06,1784980702.2070603,-0.9921302424820103,-0.2529310642321142,-1.3913913986907152,5.7913408279418945,0,1,1784980685.8737292,-0.9951127389755929,-0.12870652989916076,-1.515472722699868,1784980685.873765,-0.006350209395935843,0.012172975805161213,-0.019386222578994028,nan,nan,nan,1784980707.9936478,0.0,0.0,1784980707.9971983,17225.576171875,nan,nan,48.79880142211914,nan
55.563236474990845,1784980708.0380213,BSMC,circle,circle_dist_bsmc_30cm_yawfree_p01,1784980708.025603,-0.9926969530228498,-0.2534113113726846,-1.3819468216672015,-2.1089073362450087e-23,-1.3544834867369453e-06,1784980702.2070603,-0.9921302424820103,-0.2529310642321142,-1.3913913986907152,5.830960988998413,0,1,1784980685.8737292,-0.9951127389755929,-0.12870652989916076,-1.515472722699868,1784980685.873765,-0.006350209395935843,0.012172975805161213,-0.019386222578994028,nan,nan,nan,1784980708.0338573,0.0,0.0,1784980707.9971983,17225.576171875,nan,nan,48.79880142211914,nan
55.604124784469604,1784980708.0789096,BSMC,circle,circle_dist_bsmc_30cm_yawfree_p01,1784980708.076022,-0.9926969530228498,-0.2534113113726846,-1.3819468229733363,-1.4563222795025153e-23,-1.261356843570282e-06,1784980702.2070603,-0.9921302424820103,-0.2529310642321142,-1.3913913986907152,5.871849298477173,0,1,1784980685.8737292,-0.9951127389755929,-0.12870652989916076,-1.515472722699868,1784980685.873765,-0.006350209395935843,0.012172975805161213,-0.019386222578994028,nan,nan,nan,1784980708.0737162,0.0,0.0,1784980708.0508025,17225.62890625,nan,nan,53.518497467041016,nan
55.64328908920288,1784980708.118074,BSMC,circle,circle_dist_bsmc_30cm_yawfree_p01,1784980708.076022,-0.9926969530228498,-0.2534113113726846,-1.3819468229733363,-1.4563222795025153e-23,-1.261356843570282e-06,1784980702.2070603,-0.9921302424820103,-0.2529310642321142,-1.3913913986907152,5.911013603210449,0,1,1784980685.8737292,-0.9951127389755929,-0.12870652989916076,-1.515472722699868,1784980685.873765,-0.006350209395935843,0.012172975805161213,-0.019386222578994028,nan,nan,nan,1784980708.1139748,0.0,0.0,1784980708.0958178,17225.673828125,nan,nan,44.840152740478516,nan
55.683417320251465,1784980708.1582022,BSMC,circle,circle_dist_bsmc_30cm_yawfree_p01,1784980708.1254508,-0.9926969530228498,-0.2534113113726846,-1.381946822847966,-1.0187690604760959e-23,-1.1752616134988922e-06,1784980702.2070603,-0.9921302424820103,-0.2529310642321142,-1.3913913986907152,5.951141834259033,0,1,1784980685.8737292,-0.9951127389755929,-0.12870652989916076,-1.515472722699868,1784980685.873765,-0.006350209395935843,0.012172975805161213,-0.019386222578994028,nan,nan,nan,1784980708.1536722,0.0,0.0,1784980708.145641,17225.724609375,nan,nan,50.01056671142578,nan
55.7231068611145,1784980708.1978917,BSMC,circle,circle_dist_bsmc_30cm_yawfree_p01,1784980708.1753037,-0.9926969530228498,-0.2534113113726846,-1.3819468234474357,-7.106525188317462e-24,-1.0950513386907945e-06,1784980702.2070603,-0.9921302424820103,-0.2529310642321142,-1.3913913986907152,5.99083137512207,0,1,1784980685.8737292,-0.9951127389755929,-0.12870652989916076,-1.515472722699868,1784980685.873765,-0.006350209395935843,0.012172975805161213,-0.019386222578994028,nan,nan,nan,1784980708.193493,0.0,0.0,1784980708.197141,17225.775390625,nan,nan,51.607460021972656,nan
55.76337289810181,1784980708.2381577,BSMC,circle,circle_dist_bsmc_30cm_yawfree_p01,1784980708.2262235,-0.9926969530228498,-0.2534113113726846,-1.3819468249692552,-4.936351316990122e-24,-1.0201769456164542e-06,1784980702.2070603,-0.9921302424820103,-0.2529310642321142,-1.3913913986907152,6.031097412109375,0,1,1784980685.8737292,-0.9951127389755929,-0.12870652989916076,-1.515472722699868,1784980685.873765,-0.006350209395935843,0.012172975805161213,-0.019386222578994028,nan,nan,nan,1784980708.2334104,0.0,0.0,1784980708.197141,17225.775390625,nan,nan,51.607460021972656,nan
55.80354189872742,1784980708.2783267,BSMC,circle,circle_dist_bsmc_30cm_yawfree_p01,1784980708.2754068,-0.9926969530228498,-0.2534113113726846,-1.3819468247649977,-3.4414761181145514e-24,-9.505824629046106e-07,1784980702.2070603,-0.9921302424820103,-0.2529310642321142,-1.3913913986907152,6.071266412734985,0,1,1784980685.8737292,-0.9951127389755929,-0.12870652989916076,-1.515472722699868,1784980685.873765,-0.006350209395935843,0.012172975805161213,-0.019386222578994028,nan,nan,nan,1784980708.2739162,0.0,0.0,1784980708.2456129,17225.82421875,nan,nan,48.201175689697266,nan
55.84316802024841,1784980708.3179529,BSMC,circle,circle_dist_bsmc_30cm_yawfree_p01,1784980708.2754068,-0.9926969530228498,-0.2534113113726846,-1.3819468247649977,-3.4414761181145514e-24,-9.505824629046106e-07,1784980702.2070603,-0.9921302424820103,-0.2529310642321142,-1.3913913986907152,6.1108925342559814,0,1,1784980685.8737292,-0.9951127389755929,-0.12870652989916076,-1.515472722699868,1784980685.873765,-0.006350209395935843,0.012172975805161213,-0.019386222578994028,nan,nan,nan,1784980708.3139203,0.0,0.0,1784980708.3007014,17225.87890625,nan,nan,55.000247955322266,nan
55.88329005241394,1784980708.358075,BSMC,circle,circle_dist_bsmc_30cm_yawfree_p01,1784980708.3254702,-0.9926969530228498,-0.2534113113726846,-1.3819468253708012,-2.3623386392192814e-24,-8.850924684690584e-07,1784980702.2070603,-0.9921302424820103,-0.2529310642321142,-1.3913913986907152,6.151014566421509,0,1,1784980685.8737292,-0.9951127389755929,-0.12870652989916076,-1.515472722699868,1784980685.873765,-0.006350209395935843,0.012172975805161213,-0.019386222578994028,nan,nan,nan,1784980708.3542483,0.0,0.0,1784980708.3466027,17225.92578125,nan,nan,46.163631439208984,nan
55.92359972000122,1784980708.3983846,BSMC,circle,circle_dist_bsmc_30cm_yawfree_p01,1784980708.3751361,-0.9926969530228498,-0.2534113113726846,-1.3819468256535232,-1.6530973579012027e-24,-8.247037766993982e-07,1784980702.2070603,-0.9921302424820103,-0.2529310642321142,-1.3913913986907152,6.191324234008789,0,1,1784980685.8737292,-0.9951127389755929,-0.12870652989916076,-1.515472722699868,1784980685.873765,-0.006350209395935843,0.012172975805161213,-0.019386222578994028,nan,nan,nan,1784980708.3933885,0.0,0.0,1784980708.3466027,17225.92578125,nan,nan,46.163631439208984,nan
55.96345591545105,1784980708.4382408,BSMC,circle,circle_dist_bsmc_30cm_yawfree_p01,1784980708.425337,-0.9926969530228498,-0.2534113113726846,-1.3819468263363774,-1.138449944122246e-24,-7.679361293863623e-07,1784980702.2070603,-0.9921302424820103,-0.2529310642321142,-1.3913913986907152,6.231180429458618,0,1,1784980685.8737292,-0.9951127389755929,-0.12870652989916076,-1.515472722699868,1784980685.873765,-0.006350209395935843,0.012172975805161213,-0.019386222578994028,nan,nan,nan,1784980708.4338183,0.0,0.0,1784980708.4039288,17225.982421875,nan,nan,56.898250579833984,nan
56.003422021865845,1784980708.4782069,BSMC,circle,circle_dist_bsmc_30cm_yawfree_p01,1784980708.4754467,-0.9926969530228498,-0.2534113113726846,-1.3819468268697335,-7.989262446514167e-25,-7.156267271057011e-07,1784980702.2070603,-0.9921302424820103,-0.2529310642321142,-1.3913913986907152,6.271146535873413,0,1,1784980685.8737292,-0.9951127389755929,-0.12870652989916076,-1.515472722699868,1784980685.873765,-0.006350209395935843,0.012172975805161213,-0.019386222578994028,nan,nan,nan,1784980708.4733627,0.0,0.0,1784980708.446263,17226.025390625,nan,nan,42.71068572998047,nan
56.04365253448486,1784980708.5184374,BSMC,circle,circle_dist_bsmc_30cm_yawfree_p01,1784980708.4754467,-0.9926969530228498,-0.2534113113726846,-1.3819468268697335,-7.989262446514167e-25,-7.156267271057011e-07,1784980702.2070603,-0.9921302424820103,-0.2529310642321142,-1.3913913986907152,6.311377048492432,0,1,1784980685.8737292,-0.9951127389755929,-0.12870652989916076,-1.515472722699868,1784980685.873765,-0.006350209395935843,0.012172975805161213,-0.019386222578994028,nan,nan,nan,1784980708.5135965,0.0,0.0,1784980708.5052097,17226.083984375,nan,nan,58.28278350830078,nan
56.08362150192261,1784980708.5584064,BSMC,circle,circle_dist_bsmc_30cm_yawfree_p01,1784980708.5256443,-0.9926969530228498,-0.2534113113726846,-1.3819468275005633,-5.493409692214157e-25,-6.663372853395307e-07,1784980702.2070603,-0.9921302424820103,-0.2529310642321142,-1.3913913986907152,6.351346015930176,0,1,1784980685.8737292,-0.9951127389755929,-0.12870652989916076,-1.515472722699868,1784980685.873765,-0.006350209395935843,0.012172975805161213,-0.019386222578994028,nan,nan,nan,1784980708.5532835,0.0,0.0,1784980708.5469842,17226.125,nan,nan,41.988975524902344,nan
56.12337613105774,1784980708.598161,BSMC,circle,circle_dist_bsmc_30cm_yawfree_p01,1784980708.57522,-0.9926969530228498,-0.2534113113726846,-1.3819468277058897,-3.8568450641455456e-25,-6.209616610598309e-07,1784980702.2070603,-0.9921302424820103,-0.2529310642321142,-1.3913913986907152,6.391100645065308,0,1,1784980685.8737292,-0.9951127389755929,-0.12870652989916076,-1.515472722699868,1784980685.873765,-0.006350209395935843,0.012172975805161213,-0.019386222578994028,nan,nan,nan,1784980708.593302,0.0,0.0,1784980708.596565,17226.17578125,nan,nan,50.13182830810547,nan
56.163991928100586,1784980708.6387768,BSMC,circle,circle_dist_bsmc_30cm_yawfree_p01,1784980708.6253734,-0.9926969530228498,-0.2534113113726846,-1.3819468282238843,-2.6951544862149695e-25,-5.786674913705707e-07,1784980702.2070603,-0.9921302424820103,-0.2529310642321142,-1.3913913986907152,6.431716442108154,0,1,1784980685.8737292,-0.9951127389755929,-0.12870652989916076,-1.515472722699868,1784980685.873765,-0.006350209395935843,0.012172975805161213,-0.019386222578994028,nan,nan,nan,1784980708.633696,0.0,0.0,1784980708.596565,17226.17578125,nan,nan,50.13182830810547,nan
56.20357871055603,1784980708.6783636,BSMC,circle,circle_dist_bsmc_30cm_yawfree_p01,1784980708.6755476,-0.9926969530228498,-0.2534113113726846,-1.3819468287075587,-1.8772195949634218e-25,-5.392207801092208e-07,1784980702.2070603,-0.9921302424820103,-0.2529310642321142,-1.3913913986907152,6.471303224563599,0,1,1784980685.8737292,-0.9951127389755929,-0.12870652989916076,-1.515472722699868,1784980685.873765,-0.006350209395935843,0.012172975805161213,-0.019386222578994028,nan,nan,nan,1784980708.6737082,0.0,0.0,1784980708.6465054,17226.224609375,nan,nan,49.88553237915039,nan
56.24354410171509,1784980708.718329,BSMC,circle,circle_dist_bsmc_30cm_yawfree_p01,1784980708.6755476,-0.9926969530228498,-0.2534113113726846,-1.3819468287075587,-1.8772195949634218e-25,-5.392207801092208e-07,1784980702.2070603,-0.9921302424820103,-0.2529310642321142,-1.3913913986907152,6.511268615722656,0,1,1784980685.8737292,-0.9951127389755929,-0.12870652989916076,-1.515472722699868,1784980685.873765,-0.006350209395935843,0.012172975805161213,-0.019386222578994028,nan,nan,nan,1784980708.713637,0.0,0.0,1784980708.6968555,17226.275390625,nan,nan,50.1160888671875,nan
56.28343892097473,1784980708.7582238,BSMC,circle,circle_dist_bsmc_30cm_yawfree_p01,1784980708.7256634,-0.9926969530228498,-0.2534113113726846,-1.3819468291237125,-1.3065389478842433e-25,-5.024574249285586e-07,1784980702.2070603,-0.9921302424820103,-0.2529310642321142,-1.3913913986907152,6.5511634349823,0,1,1784980685.8737292,-0.9951127389755929,-0.12870652989916076,-1.515472722699868,1784980685.873765,-0.006350209395935843,0.012172975805161213,-0.019386222578994028,nan,nan,nan,1784980708.7535865,0.0,0.0,1784980708.746934,17226.326171875,nan,nan,50.152015686035156,nan
56.32337427139282,1784980708.7981591,BSMC,circle,circle_dist_bsmc_30cm_yawfree_p01,1784980708.7757504,-0.9926969530228498,-0.2534113113726846,-1.3819468294711978,-9.08094757390375e-26,-4.6817205954283625e-07,1784980702.2070603,-0.9921302424820103,-0.2529310642321142,-1.3913913986907152,6.591098785400391,0,1,1784980685.8737292,-0.9951127389755929,-0.12870652989916076,-1.515472722699868,1784980685.873765,-0.006350209395935843,0.012172975805161213,-0.019386222578994028,nan,nan,nan,1784980708.7933352,0.0,0.0,1784980708.7969875,17226.375,nan,nan,50.20268630981445,nan
56.36358666419983,1784980708.8383715,BSMC,circle,circle_dist_bsmc_30cm_yawfree_p01,1784980708.825628,-0.9926969530228498,-0.2534113113726846,-1.3819468297503057,-6.315256168946184e-26,-4.3623040382767376e-07,1784980702.2070603,-0.9921302424820103,-0.2529310642321142,-1.3913913986907152,6.6313111782073975,0,1,1784980685.8737292,-0.9951127389755929,-0.12870652989916076,-1.515472722699868,1784980685.873765,-0.006350209395935843,0.012172975805161213,-0.019386222578994028,nan,nan,nan,1784980708.833628,0.0,0.0,1784980708.7969875,17226.375,nan,nan,50.20268630981445,nan
56.40353035926819,1784980708.8783152,BSMC,circle,circle_dist_bsmc_30cm_yawfree_p01,1784980708.8752751,-0.9926969530228498,-0.2534113113726846,-1.3819468299116828,-4.353117191526585e-26,-4.062839437536238e-07,1784980702.2070603,-0.9921302424820103,-0.2529310642321142,-1.3913913986907152,6.671254873275757,0,1,1784980685.8737292,-0.9951127389755929,-0.12870652989916076,-1.515472722699868,1784980685.873765,-0.006350209395935843,0.012172975805161213,-0.019386222578994028,nan,nan,nan,1784980708.8736234,0.0,0.0,1784980708.8516333,17226.4296875,nan,nan,54.593963623046875,nan
56.443164587020874,1784980708.9179494,BSMC,circle,circle_dist_bsmc_30cm_yawfree_p01,1784980708.8752751,-0.9926969530228498,-0.2534113113726846,-1.3819468299116828,-4.353117191526585e-26,-4.062839437536238e-07,1784980702.2070603,-0.9921302424820103,-0.2529310642321142,-1.3913913986907152,6.710889101028442,0,1,1784980685.8737292,-0.9951127389755929,-0.12870652989916076,-1.515472722699868,1784980685.873765,-0.006350209395935843,0.012172975805161213,-0.019386222578994028,nan,nan,nan,1784980708.9137626,0.0,0.0,1784980708.8977413,17226.4765625,nan,nan,45.995487213134766,nan
56.48386359214783,1784980708.9586484,BSMC,circle,circle_dist_bsmc_30cm_yawfree_p01,1784980708.9259188,-0.9926969530228498,-0.2534113113726846,-1.3819468304534308,-3.0384161242461014e-26,-3.785643054358132e-07,1784980702.2070603,-0.9921302424820103,-0.2529310642321142,-1.3913913986907152,6.7515881061553955,0,1,1784980685.8737292,-0.9951127389755929,-0.12870652989916076,-1.515472722699868,1784980685.873765,-0.006350209395935843,0.012172975805161213,-0.019386222578994028,nan,nan,nan,1784980708.9535027,0.0,0.0,1784980708.9486077,17226.52734375,nan,nan,51.047489166259766,nan
56.52371406555176,1784980708.998499,BSMC,circle,circle_dist_bsmc_30cm_yawfree_p01,1784980708.9756224,-0.9926969530228498,-0.2534113113726846,-1.3819468306045382,-2.1133438330612898e-26,-3.5270516678416836e-07,1784980702.2070603,-0.9921302424820103,-0.2529310642321142,-1.3913913986907152,6.791438579559326,0,1,1784980685.8737292,-0.9951127389755929,-0.12870652989916076,-1.515472722699868,1784980685.873765,-0.006350209395935843,0.012172975805161213,-0.019386222578994028,nan,nan,nan,1784980708.9938157,0.0,0.0,1784980708.9486077,17226.52734375,nan,nan,51.047489166259766,nan
56.56361985206604,1784980709.0384047,BSMC,circle,circle_dist_bsmc_30cm_yawfree_p01,1784980709.026454,-0.9926969530228498,-0.2534113113726846,-1.3819468311132368,-1.4675681317751165e-26,-3.2858921250063544e-07,1784980702.2070603,-0.9921302424820103,-0.2529310642321142,-1.3913913986907152,6.831344366073608,0,1,1784980685.8737292,-0.9951127389755929,-0.12870652989916076,-1.515472722699868,1784980685.873765,-0.006350209395935843,0.012172975805161213,-0.019386222578994028,nan,nan,nan,1784980709.033503,0.0,0.0,1784980708.9994001,17226.578125,nan,nan,50.86192321777344,nan
56.60339140892029,1784980709.0781763,BSMC,circle,circle_dist_bsmc_30cm_yawfree_p01,1784980709.0751824,-0.9926969530228498,-0.2534113113726846,-1.3819468309520329,-1.0176506713043262e-26,-3.0609301890999666e-07,1784980702.2070603,-0.9921302424820103,-0.2529310642321142,-1.3913913986907152,6.8711159229278564,0,1,1784980685.8737292,-0.9951127389755929,-0.12870652989916076,-1.515472722699868,1784980685.873765,-0.006350209395935843,0.012172975805161213,-0.019386222578994028,nan,nan,nan,1784980709.073545,0.0,0.0,1784980709.0506294,17226.62890625,nan,nan,51.100162506103516,nan
56.64323544502258,1784980709.1180203,BSMC,circle,circle_dist_bsmc_30cm_yawfree_p01,1784980709.0751824,-0.9926969530228498,-0.2534113113726846,-1.3819468309520329,-1.0176506713043262e-26,-3.0609301890999666e-07,1784980702.2070603,-0.9921302424820103,-0.2529310642321142,-1.3913913986907152,6.910959959030151,0,1,1784980685.8737292,-0.9951127389755929,-0.12870652989916076,-1.515472722699868,1784980685.873765,-0.006350209395935843,0.012172975805161213,-0.019386222578994028,nan,nan,nan,1784980709.1142962,0.0,0.0,1784980709.1027496,17226.681640625,nan,nan,51.97196960449219,nan
56.68362021446228,1784980709.158405,BSMC,circle,circle_dist_bsmc_30cm_yawfree_p01,1784980709.1253743,-0.9926969530228498,-0.2534113113726846,-1.38194683124039,-7.039304144670899e-27,-2.8508800060785103e-07,1784980702.2070603,-0.9921302424820103,-0.2529310642321142,-1.3913913986907152,6.951344728469849,0,1,1784980685.8737292,-0.9951127389755929,-0.12870652989916076,-1.515472722699868,1784980685.873765,-0.006350209395935843,0.012172975805161213,-0.019386222578994028,nan,nan,nan,1784980709.1532567,0.0,0.0,1784980709.152428,17226.73046875,nan,nan,49.90114212036133,nan
56.723379135131836,1784980709.198164,BSMC,circle,circle_dist_bsmc_30cm_yawfree_p01,1784980709.176041,-0.9926969530228498,-0.2534113113726846,-1.3819468316451569,-4.8887020832373685e-27,-2.655540427035994e-07,1784980702.2070603,-0.9921302424820103,-0.2529310642321142,-1.3913913986907152,6.991103649139404,0,1,1784980685.8737292,-0.9951127389755929,-0.12870652989916076,-1.515472722699868,1784980685.873765,-0.006350209395935843,0.012172975805161213,-0.019386222578994028,nan,nan,nan,1784980709.193385,0.0,0.0,1784980709.152428,17226.73046875,nan,nan,49.90114212036133,nan
56.76379728317261,1784980709.2385821,BSMC,circle,circle_dist_bsmc_30cm_yawfree_p01,1784980709.2255595,-0.9926969530228498,-0.2534113113726846,-1.3819468317134769,-3.424835766944012e-27,-2.474665183751714e-07,1784980702.2070603,-0.9921302424820103,-0.2529310642321142,-1.3913913986907152,7.031521797180176,0,1,1784980685.8737292,-0.9951127389755929,-0.12870652989916076,-1.515472722699868,1784980685.873765,-0.006350209395935843,0.012172975805161213,-0.019386222578994028,nan,nan,nan,1784980709.2335787,0.0,0.0,1784980709.1984324,17226.77734375,nan,nan,45.784542083740234,nan
56.80364680290222,1784980709.2784317,BSMC,circle,circle_dist_bsmc_30cm_yawfree_p01,1784980709.275135,-0.9926969530228498,-0.2534113113726846,-1.3819468318220498,-2.3574793631984464e-27,-2.3044542703744713e-07,1784980702.2070603,-0.9921302424820103,-0.2529310642321142,-1.3913913986907152,7.07137131690979,0,1,1784980685.8737292,-0.9951127389755929,-0.12870652989916076,-1.515472722699868,1784980685.873765,-0.006350209395935843,0.012172975805161213,-0.019386222578994028,nan,nan,nan,1784980709.2739754,0.0,0.0,1784980709.2555482,17226.833984375,nan,nan,57.263031005859375,nan
56.843186140060425,1784980709.317971,BSMC,circle,circle_dist_bsmc_30cm_yawfree_p01,1784980709.275135,-0.9926969530228498,-0.2534113113726846,-1.3819468318220498,-2.3574793631984464e-27,-2.3044542703744713e-07,1784980702.2070603,-0.9921302424820103,-0.2529310642321142,-1.3913913986907152,7.110910654067993,0,1,1784980685.8737292,-0.9951127389755929,-0.12870652989916076,-1.515472722699868,1784980685.873765,-0.006350209395935843,0.012172975805161213,-0.019386222578994028,nan,nan,nan,1784980709.3141038,0.0,0.0,1784980709.2992418,17226.876953125,nan,nan,43.433837890625,nan
56.88376235961914,1784980709.3585472,BSMC,circle,circle_dist_bsmc_30cm_yawfree_p01,1784980709.3265486,-0.9926969530228498,-0.2534113113726846,-1.3819468323074529,-1.650941350065821e-27,-2.1473879333599075e-07,1784980702.2070603,-0.9921302424820103,-0.2529310642321142,-1.3913913986907152,7.151486873626709,0,1,1784980685.8737292,-0.9951127389755929,-0.12870652989916076,-1.515472722699868,1784980685.873765,-0.006350209395935843,0.012172975805161213,-0.019386222578994028,nan,nan,nan,1784980709.3535075,0.0,0.0,1784980709.3486156,17226.927734375,nan,nan,49.645240783691406,nan
56.92385411262512,1784980709.398639,BSMC,circle,circle_dist_bsmc_30cm_yawfree_p01,1784980709.3756661,-0.9926969530228498,-0.2534113113726846,-1.3819468322934323,-1.1531418177699875e-27,-2.0010933823571867e-07,1784980702.2070603,-0.9921302424820103,-0.2529310642321142,-1.3913913986907152,7.19157862663269,0,1,1784980685.8737292,-0.9951127389755929,-0.12870652989916076,-1.515472722699868,1784980685.873765,-0.006350209395935843,0.012172975805161213,-0.019386222578994028,nan,nan,nan,1784980709.393591,0.0,0.0,1784980709.3486156,17226.927734375,nan,nan,49.645240783691406,nan
56.96336269378662,1784980709.4381475,BSMC,circle,circle_dist_bsmc_30cm_yawfree_p01,1784980709.4254198,-0.9926969530228498,-0.2534113113726846,-1.3819468324064352,-7.9764726709223495e-28,-1.8640267790759543e-07,1784980702.2070603,-0.9921302424820103,-0.2529310642321142,-1.3913913986907152,7.2310872077941895,0,1,1784980685.8737292,-0.9951127389755929,-0.12870652989916076,-1.515472722699868,1784980685.873765,-0.006350209395935843,0.012172975805161213,-0.019386222578994028,nan,nan,nan,1784980709.433236,0.0,0.0,1784980709.402583,17226.982421875,nan,nan,53.97145462036133,nan
57.003180742263794,1784980709.4779656,BSMC,circle,circle_dist_bsmc_30cm_yawfree_p01,1784980709.4753,-0.9926969530228498,-0.2534113113726846,-1.3819468325430702,-5.568976384117542e-28,-1.7369730004722913e-07,1784980702.2070603,-0.9921302424820103,-0.2529310642321142,-1.3913913986907152,7.270905256271362,0,1,1784980685.8737292,-0.9951127389755929,-0.12870652989916076,-1.515472722699868,1784980685.873765,-0.006350209395935843,0.012172975805161213,-0.019386222578994028,nan,nan,nan,1784980709.4734485,0.0,0.0,1784980709.4491425,17227.02734375,nan,nan,46.561851501464844,nan
57.04342436790466,1784980709.5182092,BSMC,circle,circle_dist_bsmc_30cm_yawfree_p01,1784980709.4753,-0.9926969530228498,-0.2534113113726846,-1.3819468325430702,-5.568976384117542e-28,-1.7369730004722913e-07,1784980702.2070603,-0.9921302424820103,-0.2529310642321142,-1.3913913986907152,7.3111488819122314,0,1,1784980685.8737292,-0.9951127389755929,-0.12870652989916076,-1.515472722699868,1784980685.873765,-0.006350209395935843,0.012172975805161213,-0.019386222578994028,nan,nan,nan,1784980709.5136998,0.0,0.0,1784980709.5002708,17227.078125,nan,nan,49.8347282409668,nan
57.083828926086426,1784980709.5586138,BSMC,circle,circle_dist_bsmc_30cm_yawfree_p01,1784980709.5257304,-0.9926969530228498,-0.2534113113726846,-1.381946832752984,-3.8817049147548476e-28,-1.618585266577091e-07,1784980702.2070603,-0.9921302424820103,-0.2529310642321142,-1.3913913986907152,7.351553440093994,0,1,1784980685.8737292,-0.9951127389755929,-0.12870652989916076,-1.515472722699868,1784980685.873765,-0.006350209395935843,0.012172975805161213,-0.019386222578994028,nan,nan,nan,1784980709.5532434,0.0,0.0,1784980709.550417,17227.12890625,nan,nan,50.60722732543945,nan
57.12342643737793,1784980709.5982113,BSMC,circle,circle_dist_bsmc_30cm_yawfree_p01,1784980709.5759323,-0.9926969530228498,-0.2534113113726846,-1.3819468329162055,-2.697991319532356e-28,-1.5081177958739094e-07,1784980702.2070603,-0.9921302424820103,-0.2529310642321142,-1.3913913986907152,7.391150951385498,0,1,1784980685.8737292,-0.9951127389755929,-0.12870652989916076,-1.515472722699868,1784980685.873765,-0.006350209395935843,0.012172975805161213,-0.019386222578994028,nan,nan,nan,1784980709.5932496,0.0,0.0,1784980709.550417,17227.12890625,nan,nan,50.60722732543945,nan
57.16330933570862,1784980709.6380942,BSMC,circle,circle_dist_bsmc_30cm_yawfree_p01,1784980709.6254215,-0.9926969530228498,-0.2534113113726846,-1.381946832961908,-1.8724660850593781e-28,-1.405061141716044e-07,1784980702.2070603,-0.9921302424820103,-0.2529310642321142,-1.3913913986907152,7.4310338497161865,0,1,1784980685.8737292,-0.9951127389755929,-0.12870652989916076,-1.515472722699868,1784980685.873765,-0.006350209395935843,0.012172975805161213,-0.019386222578994028,nan,nan,nan,1784980709.6336324,0.0,0.0,1784980709.6006634,17227.1796875,nan,nan,51.030696868896484,nan
57.20349192619324,1784980709.6782768,BSMC,circle,circle_dist_bsmc_30cm_yawfree_p01,1784980709.6759262,-0.9926969530228498,-0.2534113113726846,-1.3819468331509877,-1.3037294930458315e-28,-1.3092021632004663e-07,1784980702.2070603,-0.9921302424820103,-0.2529310642321142,-1.3913913986907152,7.471216440200806,0,1,1784980685.8737292,-0.9951127389755929,-0.12870652989916076,-1.515472722699868,1784980685.873765,-0.006350209395935843,0.012172975805161213,-0.019386222578994028,nan,nan,nan,1784980709.673629,0.0,0.0,1784980709.6502867,17227.228515625,nan,nan,48.88703536987305,nan
57.24360013008118,1784980709.718385,BSMC,circle,circle_dist_bsmc_30cm_yawfree_p01,1784980709.6759262,-0.9926969530228498,-0.2534113113726846,-1.3819468331509877,-1.3037294930458315e-28,-1.3092021632004663e-07,1784980702.2070603,-0.9921302424820103,-0.2529310642321142,-1.3913913986907152,7.511324644088745,0,1,1784980685.8737292,-0.9951127389755929,-0.12870652989916076,-1.515472722699868,1784980685.873765,-0.006350209395935843,0.012172975805161213,-0.019386222578994028,nan,nan,nan,1784980709.713799,0.0,0.0,1784980709.699914,17227.279296875,nan,nan,50.03121566772461,nan
57.28326225280762,1784980709.758047,BSMC,circle,circle_dist_bsmc_30cm_yawfree_p01,1784980709.7254608,-0.9926969530228498,-0.2534113113726846,-1.3819468331983902,-9.064469534674315e-29,-1.219825951330119e-07,1784980702.2070603,-0.9921302424820103,-0.2529310642321142,-1.3913913986907152,7.5509867668151855,0,1,1784980685.8737292,-0.9951127389755929,-0.12870652989916076,-1.515472722699868,1784980685.873765,-0.006350209395935843,0.012172975805161213,-0.019386222578994028,nan,nan,nan,1784980709.754051,0.0,0.0,1784980709.751685,17227.330078125,nan,nan,51.01884460449219,nan
57.32351756095886,1784980709.7983024,BSMC,circle,circle_dist_bsmc_30cm_yawfree_p01,1784980709.7756562,-0.9926969530228498,-0.2534113113726846,-1.3819468333208966,-6.294653425323698e-29,-1.1364752562733846e-07,1784980702.2070603,-0.9921302424820103,-0.2529310642321142,-1.3913913986907152,7.591242074966431,0,1,1784980685.8737292,-0.9951127389755929,-0.12870652989916076,-1.515472722699868,1784980685.873765,-0.006350209395935843,0.012172975805161213,-0.019386222578994028,nan,nan,nan,1784980709.7934992,0.0,0.0,1784980709.751685,17227.330078125,nan,nan,51.01884460449219,nan
57.36361861228943,1784980709.8384035,BSMC,circle,circle_dist_bsmc_30cm_yawfree_p01,1784980709.8252172,-0.9926969530228498,-0.2534113113726846,-1.3819468333681546,-4.375424111442626e-29,-1.0588409186647099e-07,1784980702.2070603,-0.9921302424820103,-0.2529310642321142,-1.3913913986907152,7.631343126296997,0,1,1784980685.8737292,-0.9951127389755929,-0.12870652989916076,-1.515472722699868,1784980685.873765,-0.006350209395935843,0.012172975805161213,-0.019386222578994028,nan,nan,nan,1784980709.833472,0.0,0.0,1784980709.8013082,17227.37890625,nan,nan,50.05469512939453,nan
57.403350591659546,1784980709.8781354,BSMC,circle,circle_dist_bsmc_30cm_yawfree_p01,1784980709.8753865,-0.9926969530228498,-0.2534113113726846,-1.3819468334815426,-3.0427147251195324e-29,-9.865257921901347e-08,1784980702.2070603,-0.9921302424820103,-0.2529310642321142,-1.3913913986907152,7.671075105667114,0,1,1784980685.8737292,-0.9951127389755929,-0.12870652989916076,-1.515472722699868,1784980685.873765,-0.006350209395935843,0.012172975805161213,-0.019386222578994028,nan,nan,nan,1784980709.8735402,0.0,0.0,1784980709.8505723,17227.4296875,nan,nan,49.93486785888672,nan
57.444475412368774,1784980709.9192603,BSMC,circle,circle_dist_bsmc_30cm_yawfree_p01,1784980709.8753865,-0.9926969530228498,-0.2534113113726846,-1.3819468334815426,-3.0427147251195324e-29,-9.865257921901347e-08,1784980702.2070603,-0.9921302424820103,-0.2529310642321142,-1.3913913986907152,7.712199926376343,0,1,1784980685.8737292,-0.9951127389755929,-0.12870652989916076,-1.515472722699868,1784980685.873765,-0.006350209395935843,0.012172975805161213,-0.019386222578994028,nan,nan,nan,1784980709.9137263,0.0,0.0,1784980709.9013023,17227.478515625,nan,nan,49.95613098144531,nan
57.48383545875549,1784980709.9586203,BSMC,circle,circle_dist_bsmc_30cm_yawfree_p01,1784980709.9257154,-0.9926969530228498,-0.2534113113726846,-1.381946833595134,-2.1162608972495966e-29,-9.191595921334826e-08,1784980702.2070603,-0.9921302424820103,-0.2529310642321142,-1.3913913986907152,7.7515599727630615,0,1,1784980685.8737292,-0.9951127389755929,-0.12870652989916076,-1.515472722699868,1784980685.873765,-0.006350209395935843,0.012172975805161213,-0.019386222578994028,nan,nan,nan,1784980709.9534888,0.0,0.0,1784980709.9510758,17227.529296875,nan,nan,50.09264373779297,nan
57.52391290664673,1784980709.9986978,BSMC,circle,circle_dist_bsmc_30cm_yawfree_p01,1784980709.9753394,-0.9926969530228498,-0.2534113113726846,-1.381946833641929,-1.4720722493508655e-29,-8.564036552759786e-08,1784980702.2070603,-0.9921302424820103,-0.2529310642321142,-1.3913913986907152,7.791637420654297,0,1,1784980685.8737292,-0.9951127389755929,-0.12870652989916076,-1.515472722699868,1784980685.873765,-0.006350209395935843,0.012172975805161213,-0.019386222578994028,nan,nan,nan,1784980709.9933732,0.0,0.0,1784980709.9510758,17227.529296875,nan,nan,50.09264373779297,nan
57.563159465789795,1784980710.0379443,BSMC,circle,circle_dist_bsmc_30cm_yawfree_p01,1784980710.0259216,-0.9926969530228498,-0.2534113113726846,-1.3819468337619276,-1.0198562805373603e-29,-7.977764265536106e-08,1784980702.2070603,-0.9921302424820103,-0.2529310642321142,-1.3913913986907152,7.830883979797363,0,1,1784980685.8737292,-0.9951127389755929,-0.12870652989916076,-1.515472722699868,1784980685.873765,-0.006350209395935843,0.012172975805161213,-0.019386222578994028,nan,nan,nan,1784980710.0335467,0.0,0.0,1784980710.0033162,17227.58203125,nan,nan,52.14569854736328,nan
57.603880882263184,1784980710.0786657,BSMC,circle,circle_dist_bsmc_30cm_yawfree_p01,1784980710.0761492,-0.9926969530228498,-0.2534113113726846,-1.3819468338490979,-7.097572170675173e-30,-7.43278044005267e-08,1784980702.2070603,-0.9921302424820103,-0.2529310642321142,-1.3913913986907152,7.871605396270752,0,1,1784980685.8737292,-0.9951127389755929,-0.12870652989916076,-1.515472722699868,1784980685.873765,-0.006350209395935843,0.012172975805161213,-0.019386222578994028,nan,nan,nan,1784980710.0732882,0.0,0.0,1784980710.052045,17227.630859375,nan,nan,48.76682662963867,nan
57.64324593544006,1784980710.1180308,BSMC,circle,circle_dist_bsmc_30cm_yawfree_p01,1784980710.0761492,-0.9926969530228498,-0.2534113113726846,-1.3819468338490979,-7.097572170675173e-30,-7.43278044005267e-08,1784980702.2070603,-0.9921302424820103,-0.2529310642321142,-1.3913913986907152,7.910970449447632,0,1,1784980685.8737292,-0.9951127389755929,-0.12870652989916076,-1.515472722699868,1784980685.873765,-0.006350209395935843,0.012172975805161213,-0.019386222578994028,nan,nan,nan,1784980710.113724,0.0,0.0,1784980710.1011865,17227.6796875,nan,nan,49.15802001953125,nan
57.683521032333374,1784980710.158306,BSMC,circle,circle_dist_bsmc_30cm_yawfree_p01,1784980710.1253295,-0.9926969530228498,-0.2534113113726846,-1.3819468338540188,-4.9443245807514574e-30,-6.925541647978863e-08,1784980702.2070603,-0.9921302424820103,-0.2529310642321142,-1.3913913986907152,7.951245546340942,0,1,1784980685.8737292,-0.9951127389755929,-0.12870652989916076,-1.515472722699868,1784980685.873765,-0.006350209395935843,0.012172975805161213,-0.019386222578994028,nan,nan,nan,1784980710.1534119,0.0,0.0,1784980710.1520007,17227.73046875,nan,nan,50.85022735595703,nan
57.723588943481445,1784980710.1983738,BSMC,circle,circle_dist_bsmc_30cm_yawfree_p01,1784980710.1754541,-0.9926969530228498,-0.2534113113726846,-1.381946833925118,-3.436495787287942e-30,-6.452444243176485e-08,1784980702.2070603,-0.9921302424820103,-0.2529310642321142,-1.3913913986907152,7.991313457489014,0,1,1784980685.8737292,-0.9951127389755929,-0.12870652989916076,-1.515472722699868,1784980685.873765,-0.006350209395935843,0.012172975805161213,-0.019386222578994028,nan,nan,nan,1784980710.1933908,0.0,0.0,1784980710.1520007,17227.73046875,nan,nan,50.85022735595703,nan
57.76351523399353,1784980710.2383,BSMC,circle,circle_dist_bsmc_30cm_yawfree_p01,1784980710.2254264,-0.9926969530228498,-0.2534113113726846,-1.3819468339783822,-2.389828868852746e-30,-6.011782462337081e-08,1784980702.2070603,-0.9921302424820103,-0.2529310642321142,-1.3913913986907152,8.031239748001099,0,1,1784980685.8737292,-0.9951127389755929,-0.12870652989916076,-1.515472722699868,1784980685.873765,-0.006350209395935843,0.012172975805161213,-0.019386222578994028,nan,nan,nan,1784980710.233617,0.0,0.0,1784980710.2018626,17227.78125,nan,nan,50.06812286376953,nan
57.803226947784424,1784980710.2780118,BSMC,circle,circle_dist_bsmc_30cm_yawfree_p01,1784980710.2751648,-0.9926969530228498,-0.2534113113726846,-1.3819468340211125,-1.661397486457414e-30,-5.6011407576451057e-08,1784980702.2070603,-0.9921302424820103,-0.2529310642321142,-1.3913913986907152,8.070951461791992,0,1,1784980685.8737292,-0.9951127389755929,-0.12870652989916076,-1.515472722699868,1784980685.873765,-0.006350209395935843,0.012172975805161213,-0.019386222578994028,nan,nan,nan,1784980710.273181,0.0,0.0,1784980710.2530055,17227.830078125,nan,nan,50.015380859375,nan
57.84385895729065,1784980710.3186438,BSMC,circle,circle_dist_bsmc_30cm_yawfree_p01,1784980710.2751648,-0.9926969530228498,-0.2534113113726846,-1.3819468340211125,-1.661397486457414e-30,-5.6011407576451057e-08,1784980702.2070603,-0.9921302424820103,-0.2529310642321142,-1.3913913986907152,8.111583471298218,0,1,1784980685.8737292,-0.9951127389755929,-0.12870652989916076,-1.515472722699868,1784980685.873765,-0.006350209395935843,0.012172975805161213,-0.019386222578994028,nan,nan,nan,1784980710.313375,0.0,0.0,1784980710.3036044,17227.880859375,nan,nan,50.071685791015625,nan
57.883793354034424,1784980710.3585782,BSMC,circle,circle_dist_bsmc_30cm_yawfree_p01,1784980710.325359,-0.9926969530228498,-0.2534113113726846,-1.3819468340760044,-1.155004582374238e-30,-5.2185324160238964e-08,1784980702.2070603,-0.9921302424820103,-0.2529310642321142,-1.3913913986907152,8.151517868041992,0,1,1784980685.8737292,-0.9951127389755929,-0.12870652989916076,-1.515472722699868,1784980685.873765,-0.006350209395935843,0.012172975805161213,-0.019386222578994028,nan,nan,nan,1784980710.3532434,0.0,0.0,1784980710.3525465,17227.9296875,nan,nan,49.840850830078125,nan
57.923224449157715,1784980710.3980093,BSMC,circle,circle_dist_bsmc_30cm_yawfree_p01,1784980710.37535,-0.9926969530228498,-0.2534113113726846,-1.3819468341296182,-8.033137670658857e-31,-4.862153444659238e-08,1784980702.2070603,-0.9921302424820103,-0.2529310642321142,-1.3913913986907152,8.190948963165283,0,1,1784980685.8737292,-0.9951127389755929,-0.12870652989916076,-1.515472722699868,1784980685.873765,-0.006350209395935843,0.012172975805161213,-0.019386222578994028,nan,nan,nan,1784980710.3931932,0.0,0.0,1784980710.3525465,17227.9296875,nan,nan,49.840850830078125,nan
57.96348714828491,1784980710.438272,BSMC,circle,circle_dist_bsmc_30cm_yawfree_p01,1784980710.4256856,-0.9926969530228498,-0.2534113113726846,-1.381946834187062,-5.58542610955211e-31,-4.530070975816797e-08,1784980702.2070603,-0.9921302424820103,-0.2529310642321142,-1.3913913986907152,8.23121166229248,0,1,1784980685.8737292,-0.9951127389755929,-0.12870652989916076,-1.515472722699868,1784980685.873765,-0.006350209395935843,0.012172975805161213,-0.019386222578994028,nan,nan,nan,1784980710.4337378,0.0,0.0,1784980710.4021041,17227.98046875,nan,nan,50.10552215576172,nan
58.003907203674316,1784980710.478692,BSMC,circle,circle_dist_bsmc_30cm_yawfree_p01,1784980710.4761865,-0.9926969530228498,-0.2534113113726846,-1.3819468342509968,-3.87607559380723e-31,-4.220258992320095e-08,1784980702.2070603,-0.9921302424820103,-0.2529310642321142,-1.3913913986907152,8.271631717681885,0,1,1784980685.8737292,-0.9951127389755929,-0.12870652989916076,-1.515472722699868,1784980685.873765,-0.006350209395935843,0.012172975805161213,-0.019386222578994028,nan,nan,nan,1784980710.4736474,0.0,0.0,1784980710.4531593,17228.03125,nan,nan,51.09821319580078,nan
58.043208837509155,1784980710.5179937,BSMC,circle,circle_dist_bsmc_30cm_yawfree_p01,1784980710.4761865,-0.9926969530228498,-0.2534113113726846,-1.3819468342509968,-3.87607559380723e-31,-4.220258992320095e-08,1784980702.2070603,-0.9921302424820103,-0.2529310642321142,-1.3913913986907152,8.310933351516724,0,1,1784980685.8737292,-0.9951127389755929,-0.12870652989916076,-1.515472722699868,1784980685.873765,-0.006350209395935843,0.012172975805161213,-0.019386222578994028,nan,nan,nan,1784980710.5135326,0.0,0.0,1784980710.503247,17228.08203125,nan,nan,49.94589614868164,nan
58.08338117599487,1784980710.558166,BSMC,circle,circle_dist_bsmc_30cm_yawfree_p01,1784980710.5254374,-0.9926969530228498,-0.2534113113726846,-1.3819468342595251,-2.69360844309318e-31,-3.9317627226869164e-08,1784980702.2070603,-0.9921302424820103,-0.2529310642321142,-1.3913913986907152,8.351105690002441,0,1,1784980685.8737292,-0.9951127389755929,-0.12870652989916076,-1.515472722699868,1784980685.873765,-0.006350209395935843,0.012172975805161213,-0.019386222578994028,nan,nan,nan,1784980710.5535567,0.0,0.0,1784980710.5531752,17228.130859375,nan,nan,49.53542709350586,nan
58.12354135513306,1784980710.5983262,BSMC,circle,circle_dist_bsmc_30cm_yawfree_p01,1784980710.575224,-0.9926969530228498,-0.2534113113726846,-1.3819468342894097,-1.8743122158040785e-31,-3.663206695604076e-08,1784980702.2070603,-0.9921302424820103,-0.2529310642321142,-1.3913913986907152,8.391265869140625,0,1,1784980685.8737292,-0.9951127389755929,-0.12870652989916076,-1.515472722699868,1784980685.873765,-0.006350209395935843,0.012172975805161213,-0.019386222578994028,nan,nan,nan,1784980710.5935836,0.0,0.0,1784980710.5531752,17228.130859375,nan,nan,49.53542709350586,nan
58.163365840911865,1784980710.6381507,BSMC,circle,circle_dist_bsmc_30cm_yawfree_p01,1784980710.6255894,-0.9926969530228498,-0.2534113113726846,-1.3819468343367851,-1.3029881323593624e-31,-3.4129016779537404e-08,1784980702.2070603,-0.9921302424820103,-0.2529310642321142,-1.3913913986907152,8.431090354919434,0,1,1784980685.8737292,-0.9951127389755929,-0.12870652989916076,-1.515472722699868,1784980685.873765,-0.006350209395935843,0.012172975805161213,-0.019386222578994028,nan,nan,nan,1784980710.6336162,0.0,0.0,1784980710.6030242,17228.181640625,nan,nan,50.334983825683594,nan
58.203349590301514,1784980710.6781344,BSMC,circle,circle_dist_bsmc_30cm_yawfree_p01,1784980710.675381,-0.9926969530228498,-0.2534113113726846,-1.3819468343641483,-9.022289153127319e-32,-3.179062978849133e-08,1784980702.2070603,-0.9921302424820103,-0.2529310642321142,-1.3913913986907152,8.471074104309082,0,1,1784980685.8737292,-0.9951127389755929,-0.12870652989916076,-1.515472722699868,1784980685.873765,-0.006350209395935843,0.012172975805161213,-0.019386222578994028,nan,nan,nan,1784980710.6741133,0.0,0.0,1784980710.6555064,17228.234375,nan,nan,51.98815155029297,nan
58.24363327026367,1784980710.7184181,BSMC,circle,circle_dist_bsmc_30cm_yawfree_p01,1784980710.675381,-0.9926969530228498,-0.2534113113726846,-1.3819468343641483,-9.022289153127319e-32,-3.179062978849133e-08,1784980702.2070603,-0.9921302424820103,-0.2529310642321142,-1.3913913986907152,8.51135778427124,0,1,1784980685.8737292,-0.9951127389755929,-0.12870652989916076,-1.515472722699868,1784980685.873765,-0.006350209395935843,0.012172975805161213,-0.019386222578994028,nan,nan,nan,1784980710.713619,0.0,0.0,1784980710.7103274,17228.2890625,nan,nan,55.355995178222656,nan
58.283255100250244,1784980710.75804,BSMC,circle,circle_dist_bsmc_30cm_yawfree_p01,1784980710.7255332,-0.9926969530228498,-0.2534113113726846,-1.3819468344004984,-6.197439623186179e-32,-2.959814463589504e-08,1784980702.2070603,-0.9921302424820103,-0.2529310642321142,-1.3913913986907152,8.550979614257812,0,1,1784980685.8737292,-0.9951127389755929,-0.12870652989916076,-1.515472722699868,1784980685.873765,-0.006350209395935843,0.012172975805161213,-0.019386222578994028,nan,nan,nan,1784980710.7535937,0.0,0.0,1784980710.7571328,17228.3359375,nan,nan,47.10329818725586,nan
58.32324481010437,1784980710.7980297,BSMC,circle,circle_dist_bsmc_30cm_yawfree_p01,1784980710.776101,-0.9926969530228498,-0.2534113113726846,-1.3819468344454886,-4.311030440035831e-32,-2.7568177929803898e-08,1784980702.2070603,-0.9921302424820103,-0.2529310642321142,-1.3913913986907152,8.590969324111938,0,1,1784980685.8737292,-0.9951127389755929,-0.12870652989916076,-1.515472722699868,1784980685.873765,-0.006350209395935843,0.012172975805161213,-0.019386222578994028,nan,nan,nan,1784980710.7931597,0.0,0.0,1784980710.7571328,17228.3359375,nan,nan,47.10329818725586,nan
58.363494873046875,1784980710.8382797,BSMC,circle,circle_dist_bsmc_30cm_yawfree_p01,1784980710.8253312,-0.9926969530228498,-0.2534113113726846,-1.3819468344545023,-3.0227391108051175e-32,-2.568897046256411e-08,1784980702.2070603,-0.9921302424820103,-0.2529310642321142,-1.3913913986907152,8.631219387054443,0,1,1784980685.8737292,-0.9951127389755929,-0.12870652989916076,-1.515472722699868,1784980685.873765,-0.006350209395935843,0.012172975805161213,-0.019386222578994028,nan,nan,nan,1784980710.8337634,0.0,0.0,1784980710.8030338,17228.380859375,nan,nan,45.7036247253418,nan
58.403969049453735,1784980710.878754,BSMC,circle,circle_dist_bsmc_30cm_yawfree_p01,1784980710.8751702,-0.9926969530228498,-0.2534113113726846,-1.381946834479149,-2.1102842817185147e-32,-2.3937379122274936e-08,1784980702.2070603,-0.9921302424820103,-0.2529310642321142,-1.3913913986907152,8.671693563461304,0,1,1784980685.8737292,-0.9951127389755929,-0.12870652989916076,-1.515472722699868,1784980685.873765,-0.006350209395935843,0.012172975805161213,-0.019386222578994028,nan,nan,nan,1784980710.8734083,0.0,0.0,1784980710.8542678,17228.431640625,nan,nan,50.39190673828125,nan
58.44388937950134,1784980710.9186742,BSMC,circle,circle_dist_bsmc_30cm_yawfree_p01,1784980710.8751702,-0.9926969530228498,-0.2534113113726846,-1.381946834479149,-2.1102842817185147e-32,-2.3937379122274936e-08,1784980702.2070603,-0.9921302424820103,-0.2529310642321142,-1.3913913986907152,8.711613893508911,0,1,1784980685.8737292,-0.9951127389755929,-0.12870652989916076,-1.515472722699868,1784980685.873765,-0.006350209395935843,0.012172975805161213,-0.019386222578994028,nan,nan,nan,1784980710.913664,0.0,0.0,1784980710.9172273,17228.49609375,nan,nan,63.428470611572266,nan
58.48319053649902,1784980710.9579754,BSMC,circle,circle_dist_bsmc_30cm_yawfree_p01,1784980710.9255679,-0.9926969530228498,-0.2534113113726846,-1.3819468345158827,-1.4341023258778717e-32,-2.227673736229004e-08,1784980702.2070603,-0.9921302424820103,-0.2529310642321142,-1.3913913986907152,8.750915050506592,0,1,1784980685.8737292,-0.9951127389755929,-0.12870652989916076,-1.515472722699868,1784980685.873765,-0.006350209395935843,0.012172975805161213,-0.019386222578994028,nan,nan,nan,1784980710.9532576,0.0,0.0,1784980710.9172273,17228.49609375,nan,nan,63.428470611572266,nan
58.52340030670166,1784980710.9981852,BSMC,circle,circle_dist_bsmc_30cm_yawfree_p01,1784980710.975618,-0.9926969530228498,-0.2534113113726846,-1.3819468345429664,-9.95467778568572e-33,-2.0744115048695653e-08,1784980702.2070603,-0.9921302424820103,-0.2529310642321142,-1.3913913986907152,8.791124820709229,0,1,1784980685.8737292,-0.9951127389755929,-0.12870652989916076,-1.515472722699868,1784980685.873765,-0.006350209395935843,0.012172975805161213,-0.019386222578994028,nan,nan,nan,1784980710.9937003,0.0,0.0,1784980710.9620426,17228.541015625,nan,nan,45.1444091796875,nan
58.563345432281494,1784980711.0381303,BSMC,circle,circle_dist_bsmc_30cm_yawfree_p01,1784980711.025294,-0.9926969530228498,-0.2534113113726846,-1.3819468345602297,-6.991824953728082e-33,-1.9328847890437977e-08,1784980702.2070603,-0.9921302424820103,-0.2529310642321142,-1.3913913986907152,8.831069946289062,0,1,1784980685.8737292,-0.9951127389755929,-0.12870652989916076,-1.515472722699868,1784980685.873765,-0.006350209395935843,0.012172975805161213,-0.019386222578994028,nan,nan,nan,1784980711.0337408,0.0,0.0,1784980711.005057,17228.583984375,nan,nan,43.26575469970703,nan
58.60331606864929,1784980711.078101,BSMC,circle,circle_dist_bsmc_30cm_yawfree_p01,1784980711.0752158,-0.9926969530228498,-0.2534113113726846,-1.3819468345827794,-4.9055021114199826e-33,-1.8013626879028775e-08,1784980702.2070603,-0.9921302424820103,-0.2529310642321142,-1.3913913986907152,8.87104058265686,0,1,1784980685.8737292,-0.9951127389755929,-0.12870652989916076,-1.515472722699868,1784980685.873765,-0.006350209395935843,0.012172975805161213,-0.019386222578994028,nan,nan,nan,1784980711.0733292,0.0,0.0,1784980711.0532987,17228.6328125,nan,nan,48.42399978637695,nan
58.643608808517456,1784980711.1183937,BSMC,circle,circle_dist_bsmc_30cm_yawfree_p01,1784980711.0752158,-0.9926969530228498,-0.2534113113726846,-1.3819468345827794,-4.9055021114199826e-33,-1.8013626879028775e-08,1784980702.2070603,-0.9921302424820103,-0.2529310642321142,-1.3913913986907152,8.911333322525024,0,1,1784980685.8737292,-0.9951127389755929,-0.12870652989916076,-1.515472722699868,1784980685.873765,-0.006350209395935843,0.012172975805161213,-0.019386222578994028,nan,nan,nan,1784980711.1136315,0.0,0.0,1784980711.1038272,17228.681640625,nan,nan,50.2274284362793,nan
58.68350100517273,1784980711.1582859,BSMC,circle,circle_dist_bsmc_30cm_yawfree_p01,1784980711.125172,-0.9926969530228498,-0.2534113113726846,-1.381946834603953,-3.424147888398932e-33,-1.678687707019768e-08,1784980702.2070603,-0.9921302424820103,-0.2529310642321142,-1.3913913986907152,8.951225519180298,0,1,1784980685.8737292,-0.9951127389755929,-0.12870652989916076,-1.515472722699868,1784980685.873765,-0.006350209395935843,0.012172975805161213,-0.019386222578994028,nan,nan,nan,1784980711.1531713,0.0,0.0,1784980711.1538913,17228.732421875,nan,nan,50.44447326660156,nan
58.72376203536987,1784980711.198547,BSMC,circle,circle_dist_bsmc_30cm_yawfree_p01,1784980711.1754367,-0.9926969530228498,-0.2534113113726846,-1.38194683462833,-2.3854855052827354e-33,-1.5643277197694276e-08,1784980702.2070603,-0.9921302424820103,-0.2529310642321142,-1.3913913986907152,8.991486549377441,0,1,1784980685.8737292,-0.9951127389755929,-0.12870652989916076,-1.515472722699868,1784980685.873765,-0.006350209395935843,0.012172975805161213,-0.019386222578994028,nan,nan,nan,1784980711.193413,0.0,0.0,1784980711.1538913,17228.732421875,nan,nan,50.44447326660156,nan
58.76372694969177,1784980711.2385118,BSMC,circle,circle_dist_bsmc_30cm_yawfree_p01,1784980711.2257059,-0.9926969530228498,-0.2534113113726846,-1.3819468346503632,-1.6585798294104956e-33,-1.4576500231091516e-08,1784980702.2070603,-0.9921302424820103,-0.2529310642321142,-1.3913913986907152,9.03145146369934,0,1,1784980685.8737292,-0.9951127389755929,-0.12870652989916076,-1.515472722699868,1784980685.873765,-0.006350209395935843,0.012172975805161213,-0.019386222578994028,nan,nan,nan,1784980711.2333636,0.0,0.0,1784980711.2046165,17228.783203125,nan,nan,50.66083526611328,nan
58.80326867103577,1784980711.2780535,BSMC,circle,circle_dist_bsmc_30cm_yawfree_p01,1784980711.2756045,-0.9926969530228498,-0.2534113113726846,-1.3819468346666357,-1.1533628683902992e-33,-1.3582361303696726e-08,1784980702.2070603,-0.9921302424820103,-0.2529310642321142,-1.3913913986907152,9.070993185043335,0,1,1784980685.8737292,-0.9951127389755929,-0.12870652989916076,-1.515472722699868,1784980685.873765,-0.006350209395935843,0.012172975805161213,-0.019386222578994028,nan,nan,nan,1784980711.273261,0.0,0.0,1784980711.2546349,17228.833984375,nan,nan,49.893253326416016,nan
58.8432993888855,1784980711.3180842,BSMC,circle,circle_dist_bsmc_30cm_yawfree_p01,1784980711.2756045,-0.9926969530228498,-0.2534113113726846,-1.3819468346666357,-1.1533628683902992e-33,-1.3582361303696726e-08,1784980702.2070603,-0.9921302424820103,-0.2529310642321142,-1.3913913986907152,9.111023902893066,0,1,1784980685.8737292,-0.9951127389755929,-0.12870652989916076,-1.515472722699868,1784980685.873765,-0.006350209395935843,0.012172975805161213,-0.019386222578994028,nan,nan,nan,1784980711.3136554,0.0,0.0,1784980711.3041794,17228.8828125,nan,nan,49.47999954223633,nan
58.883166551589966,1784980711.3579514,BSMC,circle,circle_dist_bsmc_30cm_yawfree_p01,1784980711.3252099,-0.9926969530228498,-0.2534113113726846,-1.3819468346773054,-8.024067382287135e-34,-1.265617717452684e-08,1784980702.2070603,-0.9921302424820103,-0.2529310642321142,-1.3913913986907152,9.150891065597534,0,1,1784980685.8737292,-0.9951127389755929,-0.12870652989916076,-1.515472722699868,1784980685.873765,-0.006350209395935843,0.012172975805161213,-0.019386222578994028,nan,nan,nan,1784980711.3534858,0.0,0.0,1784980711.3547492,17228.93359375,nan,nan,50.74272918701172,nan
58.923272371292114,1784980711.3980572,BSMC,circle,circle_dist_bsmc_30cm_yawfree_p01,1784980711.3759172,-0.9926969530228498,-0.2534113113726846,-1.381946834701306,-5.576442918379951e-34,-1.1792506472524167e-08,1784980702.2070603,-0.9921302424820103,-0.2529310642321142,-1.3913913986907152,9.190996885299683,0,1,1784980685.8737292,-0.9951127389755929,-0.12870652989916076,-1.515472722699868,1784980685.873765,-0.006350209395935843,0.012172975805161213,-0.019386222578994028,nan,nan,nan,1784980711.393925,0.0,0.0,1784980711.3547492,17228.93359375,nan,nan,50.74272918701172,nan
58.963573932647705,1784980711.4383588,BSMC,circle,circle_dist_bsmc_30cm_yawfree_p01,1784980711.426125,-0.9926969530228498,-0.2534113113726846,-1.3819468347166923,-3.874185561905473e-34,-1.0987362080615451e-08,1784980702.2070603,-0.9921302424820103,-0.2529310642321142,-1.3913913986907152,9.231298446655273,0,1,1784980685.8737292,-0.9951127389755929,-0.12870652989916076,-1.515472722699868,1784980685.873765,-0.006350209395935843,0.012172975805161213,-0.019386222578994028,nan,nan,nan,1784980711.4336965,0.0,0.0,1784980711.4050338,17228.984375,nan,nan,50.15627670288086,nan
59.003928422927856,1784980711.4787133,BSMC,circle,circle_dist_bsmc_30cm_yawfree_p01,1784980711.4761693,-0.9926969530228498,-0.2534113113726846,-1.381946834730755,-2.680782535265825e-34,-1.0234868005425562e-08,1784980702.2070603,-0.9921302424820103,-0.2529310642321142,-1.3913913986907152,9.271652936935425,0,1,1784980685.8737292,-0.9951127389755929,-0.12870652989916076,-1.515472722699868,1784980685.873765,-0.006350209395935843,0.012172975805161213,-0.019386222578994028,nan,nan,nan,1784980711.4733357,0.0,0.0,1784980711.4576647,17229.037109375,nan,nan,52.619895935058594,nan
59.04348659515381,1784980711.5182714,BSMC,circle,circle_dist_bsmc_30cm_yawfree_p01,1784980711.4761693,-0.9926969530228498,-0.2534113113726846,-1.381946834730755,-2.680782535265825e-34,-1.0234868005425562e-08,1784980702.2070603,-0.9921302424820103,-0.2529310642321142,-1.3913913986907152,9.311211109161377,0,1,1784980685.8737292,-0.9951127389755929,-0.12870652989916076,-1.515472722699868,1784980685.873765,-0.006350209395935843,0.012172975805161213,-0.019386222578994028,nan,nan,nan,1784980711.5133772,0.0,0.0,1784980711.5068274,17229.0859375,nan,nan,49.00172424316406,nan
59.0832941532135,1784980711.558079,BSMC,circle,circle_dist_bsmc_30cm_yawfree_p01,1784980711.5253553,-0.9926969530228498,-0.2534113113726846,-1.3819468347349828,-1.864037605103669e-34,-9.535294779168492e-09,1784980702.2070603,-0.9921302424820103,-0.2529310642321142,-1.3913913986907152,9.35101866722107,0,1,1784980685.8737292,-0.9951127389755929,-0.12870652989916076,-1.515472722699868,1784980685.873765,-0.006350209395935843,0.012172975805161213,-0.019386222578994028,nan,nan,nan,1784980711.5537083,0.0,0.0,1784980711.5068274,17229.0859375,nan,nan,49.00172424316406,nan
59.12343239784241,1784980711.5982172,BSMC,circle,circle_dist_bsmc_30cm_yawfree_p01,1784980711.5759988,-0.9926969530228498,-0.2534113113726846,-1.3819468347528296,-1.2895910247408095e-34,-8.881349634303151e-09,1784980702.2070603,-0.9921302424820103,-0.2529310642321142,-1.3913913986907152,9.391156911849976,0,1,1784980685.8737292,-0.9951127389755929,-0.12870652989916076,-1.515472722699868,1784980685.873765,-0.006350209395935843,0.012172975805161213,-0.019386222578994028,nan,nan,nan,1784980711.593283,0.0,0.0,1784980711.5596323,17229.138671875,nan,nan,53.04397964477539,nan
59.1636438369751,1784980711.6384287,BSMC,circle,circle_dist_bsmc_30cm_yawfree_p01,1784980711.6254075,-0.9926969530228498,-0.2534113113726846,-1.3819468347586759,-8.938151071663393e-35,-8.272264386075762e-09,1784980702.2070603,-0.9921302424820103,-0.2529310642321142,-1.3913913986907152,9.431368350982666,0,1,1784980685.8737292,-0.9951127389755929,-0.12870652989916076,-1.515472722699868,1784980685.873765,-0.006350209395935843,0.012172975805161213,-0.019386222578994028,nan,nan,nan,1784980711.6332073,0.0,0.0,1784980711.6098423,17229.1875,nan,nan,49.22360610961914,nan
59.203709840774536,1784980711.6784947,BSMC,circle,circle_dist_bsmc_30cm_yawfree_p01,1784980711.6751919,-0.9926969530228498,-0.2534113113726846,-1.3819468347680053,-6.25554782881803e-35,-7.708374871492399e-09,1784980702.2070603,-0.9921302424820103,-0.2529310642321142,-1.3913913986907152,9.471434354782104,0,1,1784980685.8737292,-0.9951127389755929,-0.12870652989916076,-1.515472722699868,1784980685.873765,-0.006350209395935843,0.012172975805161213,-0.019386222578994028,nan,nan,nan,1784980711.673416,0.0,0.0,1784980711.6556726,17229.234375,nan,nan,46.83272171020508,nan
59.24328351020813,1784980711.7180684,BSMC,circle,circle_dist_bsmc_30cm_yawfree_p01,1784980711.6751919,-0.9926969530228498,-0.2534113113726846,-1.3819468347680053,-6.25554782881803e-35,-7.708374871492399e-09,1784980702.2070603,-0.9921302424820103,-0.2529310642321142,-1.3913913986907152,9.511008024215698,0,1,1784980685.8737292,-0.9951127389755929,-0.12870652989916076,-1.515472722699868,1784980685.873765,-0.006350209395935843,0.012172975805161213,-0.019386222578994028,nan,nan,nan,1784980711.7137132,0.0,0.0,1784980711.7112648,17229.2890625,nan,nan,55.4166145324707,nan
59.28377175331116,1784980711.7585566,BSMC,circle,circle_dist_bsmc_30cm_yawfree_p01,1784980711.7252479,-0.9926969530228498,-0.2534113113726846,-1.3819468347786412,-4.319047085162559e-35,-7.179095777294463e-09,1784980702.2070603,-0.9921302424820103,-0.2529310642321142,-1.3913913986907152,9.551496267318726,0,1,1784980685.8737292,-0.9951127389755929,-0.12870652989916076,-1.515472722699868,1784980685.873765,-0.006350209395935843,0.012172975805161213,-0.019386222578994028,nan,nan,nan,1784980711.7536147,0.0,0.0,1784980711.7555032,17229.333984375,nan,nan,44.25520324707031,nan
59.323259353637695,1784980711.7980442,BSMC,circle,circle_dist_bsmc_30cm_yawfree_p01,1784980711.7760859,-0.9926969530228498,-0.2534113113726846,-1.3819468347933048,-3.026374763861879e-35,-6.690229047077293e-09,1784980702.2070603,-0.9921302424820103,-0.2529310642321142,-1.3913913986907152,9.590983867645264,0,1,1784980685.8737292,-0.9951127389755929,-0.12870652989916076,-1.515472722699868,1784980685.873765,-0.006350209395935843,0.012172975805161213,-0.019386222578994028,nan,nan,nan,1784980711.7935128,0.0,0.0,1784980711.7555032,17229.333984375,nan,nan,44.25520324707031,nan
59.363311529159546,1784980711.8380964,BSMC,circle,circle_dist_bsmc_30cm_yawfree_p01,1784980711.8256469,-0.9926969530228498,-0.2534113113726846,-1.3819468347997215,-2.0758515301086844e-35,-6.2290120725889174e-09,1784980702.2070603,-0.9921302424820103,-0.2529310642321142,-1.3913913986907152,9.631036043167114,0,1,1784980685.8737292,-0.9951127389755929,-0.12870652989916076,-1.515472722699868,1784980685.873765,-0.006350209395935843,0.012172975805161213,-0.019386222578994028,nan,nan,nan,1784980711.8333888,0.0,0.0,1784980711.816087,17229.392578125,nan,nan,59.30410385131836,nan
59.40400719642639,1784980711.878792,BSMC,circle,circle_dist_bsmc_30cm_yawfree_p01,1784980711.8758729,-0.9926969530228498,-0.2534113113726846,-1.3819468348096702,-1.455079436519687e-35,-5.804368503015477e-09,1784980702.2070603,-0.9921302424820103,-0.2529310642321142,-1.3913913986907152,9.67173171043396,0,1,1784980685.8737292,-0.9951127389755929,-0.12870652989916076,-1.515472722699868,1784980685.873765,-0.006350209395935843,0.012172975805161213,-0.019386222578994028,nan,nan,nan,1784980711.8734553,0.0,0.0,1784980711.856796,17229.435546875,nan,nan,42.16062927246094,nan
59.44336199760437,1784980711.9181468,BSMC,circle,circle_dist_bsmc_30cm_yawfree_p01,1784980711.8758729,-0.9926969530228498,-0.2534113113726846,-1.3819468348096702,-1.455079436519687e-35,-5.804368503015477e-09,1784980702.2070603,-0.9921302424820103,-0.2529310642321142,-1.3913913986907152,9.711086511611938,0,1,1784980685.8737292,-0.9951127389755929,-0.12870652989916076,-1.515472722699868,1784980685.873765,-0.006350209395935843,0.012172975805161213,-0.019386222578994028,nan,nan,nan,1784980711.913166,0.0,0.0,1784980711.9060998,17229.484375,nan,nan,49.02888870239258,nan
59.483208417892456,1784980711.9579933,BSMC,circle,circle_dist_bsmc_30cm_yawfree_p01,1784980711.9258428,-0.9926969530228498,-0.2534113113726846,-1.3819468348172474,-1.0174440255168363e-35,-5.409034691179674e-09,1784980702.2070603,-0.9921302424820103,-0.2529310642321142,-1.3913913986907152,9.750932931900024,0,1,1784980685.8737292,-0.9951127389755929,-0.12870652989916076,-1.515472722699868,1784980685.873765,-0.006350209395935843,0.012172975805161213,-0.019386222578994028,nan,nan,nan,1784980711.9535735,0.0,0.0,1784980711.9559524,17229.53515625,nan,nan,50.13456726074219,nan
59.52323389053345,1784980711.9980187,BSMC,circle,circle_dist_bsmc_30cm_yawfree_p01,1784980711.976316,-0.9926969530228498,-0.2534113113726846,-1.3819468348269968,-7.095785943328277e-36,-5.040563406986119e-09,1784980702.2070603,-0.9921302424820103,-0.2529310642321142,-1.3913913986907152,9.790958404541016,0,1,1784980685.8737292,-0.9951127389755929,-0.12870652989916076,-1.515472722699868,1784980685.873765,-0.006350209395935843,0.012172975805161213,-0.019386222578994028,nan,nan,nan,1784980711.9937022,0.0,0.0,1784980711.9559524,17229.53515625,nan,nan,50.13456726074219,nan
59.56368327140808,1784980712.0384681,BSMC,circle,circle_dist_bsmc_30cm_yawfree_p01,1784980712.0256674,-0.9926969530228498,-0.2534113113726846,-1.3819468348303452,-4.9255344821853185e-36,-4.69633432215932e-09,1784980702.2070603,-0.9921302424820103,-0.2529310642321142,-1.3913913986907152,9.83140778541565,0,1,1784980685.8737292,-0.9951127389755929,-0.12870652989916076,-1.515472722699868,1784980685.873765,-0.006350209395935843,0.012172975805161213,-0.019386222578994028,nan,nan,nan,1784980712.0337744,0.0,0.0,1784980712.0067978,17229.5859375,nan,nan,50.7912483215332,nan
59.603397369384766,1784980712.0781822,BSMC,circle,circle_dist_bsmc_30cm_yawfree_p01,1784980712.0759814,-0.9926969530228498,-0.2534113113726846,-1.3819468348382722,-3.43012612667672e-36,-4.376128615941103e-09,1784980702.2070603,-0.9921302424820103,-0.2529310642321142,-1.3913913986907152,9.871121883392334,0,1,1784980685.8737292,-0.9951127389755929,-0.12870652989916076,-1.515472722699868,1784980685.873765,-0.006350209395935843,0.012172975805161213,-0.019386222578994028,nan,nan,nan,1784980712.0736141,0.0,0.0,1784980712.056365,17229.634765625,nan,nan,49.516971588134766,nan
59.64348006248474,1784980712.118265,BSMC,circle,circle_dist_bsmc_30cm_yawfree_p01,1784980712.0759814,-0.9926969530228498,-0.2534113113726846,-1.3819468348382722,-3.43012612667672e-36,-4.376128615941103e-09,1784980702.2070603,-0.9921302424820103,-0.2529310642321142,-1.3913913986907152,9.91120457649231,0,1,1784980685.8737292,-0.9951127389755929,-0.12870652989916076,-1.515472722699868,1784980685.873765,-0.006350209395935843,0.012172975805161213,-0.019386222578994028,nan,nan,nan,1784980712.1141756,0.0,0.0,1784980712.1066864,17229.685546875,nan,nan,50.33228302001953,nan
59.683826208114624,1784980712.158611,BSMC,circle,circle_dist_bsmc_30cm_yawfree_p01,1784980712.1254895,-0.9926969530228498,-0.2534113113726846,-1.3819468348420005,-2.3854228298259793e-36,-4.077568369389468e-09,1784980702.2070603,-0.9921302424820103,-0.2529310642321142,-1.3913913986907152,9.951550722122192,0,1,1784980685.8737292,-0.9951127389755929,-0.12870652989916076,-1.515472722699868,1784980685.873765,-0.006350209395935843,0.012172975805161213,-0.019386222578994028,nan,nan,nan,1784980712.1539283,0.0,0.0,1784980712.1563966,17229.736328125,nan,nan,49.925506591796875,nan
59.723488569259644,1784980712.1982734,BSMC,circle,circle_dist_bsmc_30cm_yawfree_p01,1784980712.1752303,-0.9926969530228498,-0.2534113113726846,-1.3819468348467305,-1.6602539704790283e-36,-3.799509618479615e-09,1784980702.2070603,-0.9921302424820103,-0.2529310642321142,-1.3913913986907152,9.991213083267212,0,1,1784980685.8737292,-0.9951127389755929,-0.12870652989916076,-1.515472722699868,1784980685.873765,-0.006350209395935843,0.012172975805161213,-0.019386222578994028,nan,nan,nan,1784980712.193295,0.0,0.0,1784980712.1563966,17229.736328125,nan,nan,49.925506591796875,nan
59.76392078399658,1784980712.2387056,BSMC,circle,circle_dist_bsmc_30cm_yawfree_p01,1784980712.2255378,-0.9926969530228498,-0.2534113113726846,-1.3819468348530421,-1.1513570834606647e-36,-3.5398041176782304e-09,1784980702.2070603,-0.9921302424820103,-0.2529310642321142,-1.3913913986907152,10.03164529800415,0,1,1784980685.8737292,-0.9951127389755929,-0.12870652989916076,-1.515472722699868,1784980685.873765,-0.006350209395935843,0.012172975805161213,-0.019386222578994028,nan,nan,nan,1784980712.2332923,0.0,0.0,1784980712.2070944,17229.78515625,nan,nan,50.44187927246094,nan
59.803227186203,1784980712.278012,BSMC,circle,circle_dist_bsmc_30cm_yawfree_p01,1784980712.2755382,-0.9926969530228498,-0.2534113113726846,-1.3819468348579838,-8.014770786306421e-37,-3.298276700054696e-09,1784980702.2070603,-0.9921302424820103,-0.2529310642321142,-1.3913913986907152,10.070951700210571,0,1,1784980685.8737292,-0.9951127389755929,-0.12870652989916076,-1.515472722699868,1784980685.873765,-0.006350209395935843,0.012172975805161213,-0.019386222578994028,nan,nan,nan,1784980712.2736826,0.0,0.0,1784980712.2568588,17229.8359375,nan,nan,49.83723449707031,nan
59.84354376792908,1784980712.3183286,BSMC,circle,circle_dist_bsmc_30cm_yawfree_p01,1784980712.2755382,-0.9926969530228498,-0.2534113113726846,-1.3819468348579838,-8.014770786306421e-37,-3.298276700054696e-09,1784980702.2070603,-0.9921302424820103,-0.2529310642321142,-1.3913913986907152,10.111268281936646,0,1,1784980685.8737292,-0.9951127389755929,-0.12870652989916076,-1.515472722699868,1784980685.873765,-0.006350209395935843,0.012172975805161213,-0.019386222578994028,nan,nan,nan,1784980712.313602,0.0,0.0,1784980712.307071,17229.88671875,nan,nan,50.099708557128906,nan
59.88345956802368,1784980712.3582444,BSMC,circle,circle_dist_bsmc_30cm_yawfree_p01,1784980712.3262563,-0.9926969530228498,-0.2534113113726846,-1.3819468348647252,-5.573856841134526e-37,-3.073143585773053e-09,1784980702.2070603,-0.9921302424820103,-0.2529310642321142,-1.3913913986907152,10.15118408203125,0,1,1784980685.8737292,-0.9951127389755929,-0.12870652989916076,-1.515472722699868,1784980685.873765,-0.006350209395935843,0.012172975805161213,-0.019386222578994028,nan,nan,nan,1784980712.3540707,0.0,0.0,1784980712.356853,17229.935546875,nan,nan,50.029720306396484,nan
59.923335790634155,1784980712.3981206,BSMC,circle,circle_dist_bsmc_30cm_yawfree_p01,1784980712.3759649,-0.9926969530228498,-0.2534113113726846,-1.3819468348680763,-3.877761009332872e-37,-2.8634282560092456e-09,1784980702.2070603,-0.9921302424820103,-0.2529310642321142,-1.3913913986907152,10.191060304641724,0,1,1784980685.8737292,-0.9951127389755929,-0.12870652989916076,-1.515472722699868,1784980685.873765,-0.006350209395935843,0.012172975805161213,-0.019386222578994028,nan,nan,nan,1784980712.39411,0.0,0.0,1784980712.356853,17229.935546875,nan,nan,50.029720306396484,nan
59.96332097053528,1784980712.4381058,BSMC,circle,circle_dist_bsmc_30cm_yawfree_p01,1784980712.4261062,-0.9926969530228498,-0.2534113113726846,-1.3819468350115218,-3.877761009332872e-37,-2.8634282560092456e-09,1784980702.2070603,-0.9921302424820103,-0.2529310642321142,-1.3913913986907152,10.231045484542847,0,1,1784980685.8737292,-0.9951127389755929,-0.12870652989916076,-1.515472722699868,1784980685.873765,-0.006350209395935843,0.012172975805161213,-0.019386222578994028,nan,nan,nan,1784980712.4335084,0.0,0.0,1784980712.356853,17229.935546875,nan,nan,50.029720306396484,nan
60.00359344482422,1784980712.4783783,BSMC,circle,circle_dist_bsmc_30cm_yawfree_p01,1784980712.4759872,-0.9926969530228498,-0.2534113113726846,-1.381946834876606,-1.8279143151882803e-37,-2.4793866591626422e-09,1784980702.2070603,-0.9921302424820103,-0.2529310642321142,-1.3913913986907152,10.271317958831787,0,1,1784980685.8737292,-0.9951127389755929,-0.12870652989916076,-1.515472722699868,1784980685.873765,-0.006350209395935843,0.012172975805161213,-0.019386222578994028,nan,nan,nan,1784980712.4732738,0.0,0.0,1784980712.4575875,17230.037109375,nan,nan,18.600385665893555,nan
60.043920040130615,1784980712.518705,BSMC,circle,circle_dist_bsmc_30cm_yawfree_p01,1784980712.4759872,-0.9926969530228498,-0.2534113113726846,-1.381946834876606,-1.8279143151882803e-37,-2.4793866591626422e-09,1784980702.2070603,-0.9921302424820103,-0.2529310642321142,-1.3913913986907152,10.311644554138184,0,1,1784980685.8737292,-0.9951127389755929,-0.12870652989916076,-1.515472722699868,1784980685.873765,-0.006350209395935843,0.012172975805161213,-0.019386222578994028,nan,nan,nan,1784980712.5141823,0.0,0.0,1784980712.4575875,17230.037109375,nan,nan,18.600385665893555,nan
60.08377718925476,1784980712.558562,BSMC,circle,circle_dist_bsmc_30cm_yawfree_p01,1784980712.526061,-0.9926969530228498,-0.2534113113726846,-1.3819468350007655,-1.8279143151882803e-37,-2.4793866591626422e-09,1784980702.2070603,-0.9921302424820103,-0.2529310642321142,-1.3913913986907152,10.351501703262329,0,1,1784980685.8737292,-0.9951127389755929,-0.12870652989916076,-1.515472722699868,1784980685.873765,-0.006350209395935843,0.012172975805161213,-0.019386222578994028,nan,nan,nan,1784980712.553205,0.0,0.0,1784980712.5574362,17230.13671875,nan,nan,17.498371124267578,nan
60.12333345413208,1784980712.5981183,BSMC,circle,circle_dist_bsmc_30cm_yawfree_p01,1784980712.5761309,-0.9926969530228498,-0.2534113113726846,-1.3819468348851556,-8.814662761872146e-38,-2.1481004487152733e-09,1784980702.2070603,-0.9921302424820103,-0.2529310642321142,-1.3913913986907152,10.391057968139648,0,1,1784980685.8737292,-0.9951127389755929,-0.12870652989916076,-1.515472722699868,1784980685.873765,-0.006350209395935843,0.012172975805161213,-0.019386222578994028,nan,nan,nan,1784980712.5935392,0.0,0.0,1784980712.5574362,17230.13671875,nan,nan,17.498371124267578,nan
60.16328954696655,1784980712.6380744,BSMC,circle,circle_dist_bsmc_30cm_yawfree_p01,1784980712.625598,-0.9926969530228498,-0.2534113113726846,-1.381946834991348,-8.814662761872146e-38,-2.1481004487152733e-09,1784980702.2070603,-0.9921302424820103,-0.2529310642321142,-1.3913913986907152,10.431014060974121,0,1,1784980685.8737292,-0.9951127389755929,-0.12870652989916076,-1.515472722699868,1784980685.873765,-0.006350209395935843,0.012172975805161213,-0.019386222578994028,nan,nan,nan,1784980712.6335611,0.0,0.0,1784980712.5574362,17230.13671875,nan,nan,17.498371124267578,nan
60.2036406993866,1784980712.6784256,BSMC,circle,circle_dist_bsmc_30cm_yawfree_p01,1784980712.6752625,-0.9926969530228498,-0.2534113113726846,-1.3819468348914128,-4.2451208100399225e-38,-1.8604431126298322e-09,1784980702.2070603,-0.9921302424820103,-0.2529310642321142,-1.3913913986907152,10.471365213394165,0,1,1784980685.8737292,-0.9951127389755929,-0.12870652989916076,-1.515472722699868,1784980685.873765,-0.006350209395935843,0.012172975805161213,-0.019386222578994028,nan,nan,nan,1784980712.6733365,0.0,0.0,1784980712.6576903,17230.236328125,nan,nan,7.087693214416504,nan
60.24327826499939,1784980712.718063,BSMC,circle,circle_dist_bsmc_30cm_yawfree_p01,1784980712.6752625,-0.9926969530228498,-0.2534113113726846,-1.3819468348914128,-4.2451208100399225e-38,-1.8604431126298322e-09,1784980702.2070603,-0.9921302424820103,-0.2529310642321142,-1.3913913986907152,10.511002779006958,0,1,1784980685.8737292,-0.9951127389755929,-0.12870652989916076,-1.515472722699868,1784980685.873765,-0.006350209395935843,0.012172975805161213,-0.019386222578994028,nan,nan,nan,1784980712.713766,0.0,0.0,1784980712.6576903,17230.236328125,nan,nan,7.087693214416504,nan
60.28342247009277,1784980712.7582073,BSMC,circle,circle_dist_bsmc_30cm_yawfree_p01,1784980712.7253134,-0.9926969530228498,-0.2534113113726846,-1.3819468349844402,-4.2451208100399225e-38,-1.8604431126298322e-09,1784980702.2070603,-0.9921302424820103,-0.2529310642321142,-1.3913913986907152,10.551146984100342,0,1,1784980685.8737292,-0.9951127389755929,-0.12870652989916076,-1.515472722699868,1784980685.873765,-0.006350209395935843,0.012172975805161213,-0.019386222578994028,nan,nan,nan,1784980712.753591,0.0,0.0,1784980712.744705,17230.32421875,nan,nan,86.84991455078125,nan
60.32356309890747,1784980712.798348,BSMC,circle,circle_dist_bsmc_30cm_yawfree_p01,1784980712.7754924,-0.9926969530228498,-0.2534113113726846,-1.381946834899193,-2.0700779461637106e-38,-1.6129547500859856e-09,1784980702.2070603,-0.9921302424820103,-0.2529310642321142,-1.3913913986907152,10.591287612915039,0,1,1784980685.8737292,-0.9951127389755929,-0.12870652989916076,-1.515472722699868,1784980685.873765,-0.006350209395935843,0.012172975805161213,-0.019386222578994028,nan,nan,nan,1784980712.7935817,0.0,0.0,1784980712.7583356,17230.337890625,nan,nan,13.742768287658691,nan
60.36344838142395,1784980712.8382332,BSMC,circle,circle_dist_bsmc_30cm_yawfree_p01,1784980712.8261561,-0.9926969530228498,-0.2534113113726846,-1.3819468349032873,-1.473202781277092e-38,-1.5042902296327611e-09,1784980702.2070603,-0.9921302424820103,-0.2529310642321142,-1.3913913986907152,10.631172895431519,0,1,1784980685.8737292,-0.9951127389755929,-0.12870652989916076,-1.515472722699868,1784980685.873765,-0.006350209395935843,0.012172975805161213,-0.019386222578994028,nan,nan,nan,1784980712.8334002,0.0,0.0,1784980712.808832,17230.38671875,nan,nan,50.278663635253906,nan
60.403440952301025,1784980712.8782258,BSMC,circle,circle_dist_bsmc_30cm_yawfree_p01,1784980712.8760614,-0.9926969530228498,-0.2534113113726846,-1.3819468349061823,-1.03754976922258e-38,-1.4028592405926526e-09,1784980702.2070603,-0.9921302424820103,-0.2529310642321142,-1.3913913986907152,10.671165466308594,0,1,1784980685.8737292,-0.9951127389755929,-0.12870652989916076,-1.515472722699868,1784980685.873765,-0.006350209395935843,0.012172975805161213,-0.019386222578994028,nan,nan,nan,1784980712.8736644,0.0,0.0,1784980712.8581924,17230.4375,nan,nan,49.542545318603516,nan
60.44350814819336,1784980712.918293,BSMC,circle,circle_dist_bsmc_30cm_yawfree_p01,1784980712.8760614,-0.9926969530228498,-0.2534113113726846,-1.3819468349061823,-1.03754976922258e-38,-1.4028592405926526e-09,1784980702.2070603,-0.9921302424820103,-0.2529310642321142,-1.3913913986907152,10.711232662200928,0,1,1784980685.8737292,-0.9951127389755929,-0.12870652989916076,-1.515472722699868,1784980685.873765,-0.006350209395935843,0.012172975805161213,-0.019386222578994028,nan,nan,nan,1784980712.9134781,0.0,0.0,1784980712.9087029,17230.48828125,nan,nan,50.18811798095703,nan
60.483309745788574,1784980712.9580946,BSMC,circle,circle_dist_bsmc_30cm_yawfree_p01,1784980712.9259102,-0.9926969530228498,-0.2534113113726846,-1.3819468349086421,-7.254057163130061e-39,-1.3080580944620774e-09,1784980702.2070603,-0.9921302424820103,-0.2529310642321142,-1.3913913986907152,10.751034259796143,0,1,1784980685.8737292,-0.9951127389755929,-0.12870652989916076,-1.515472722699868,1784980685.873765,-0.006350209395935843,0.012172975805161213,-0.019386222578994028,nan,nan,nan,1784980712.9533865,0.0,0.0,1784980712.9087029,17230.48828125,nan,nan,50.18811798095703,nan
60.52372622489929,1784980712.998511,BSMC,circle,circle_dist_bsmc_30cm_yawfree_p01,1784980712.9759517,-0.9926969530228498,-0.2534113113726846,-1.3819468349111608,-5.06284866928117e-39,-1.219605733786194e-09,1784980702.2070603,-0.9921302424820103,-0.2529310642321142,-1.3913913986907152,10.79145073890686,0,1,1784980685.8737292,-0.9951127389755929,-0.12870652989916076,-1.515472722699868,1784980685.873765,-0.006350209395935843,0.012172975805161213,-0.019386222578994028,nan,nan,nan,1784980712.9934998,0.0,0.0,1784980712.9585073,17230.537109375,nan,nan,50.18488693237305,nan
60.56326627731323,1784980713.0380511,BSMC,circle,circle_dist_bsmc_30cm_yawfree_p01,1784980713.025233,-0.9926969530228498,-0.2534113113726846,-1.381946834912603,-3.4876225335639394e-39,-1.1363870341439257e-09,1784980702.2070603,-0.9921302424820103,-0.2529310642321142,-1.3913913986907152,10.8309907913208,0,1,1784980685.8737292,-0.9951127389755929,-0.12870652989916076,-1.515472722699868,1784980685.873765,-0.006350209395935843,0.012172975805161213,-0.019386222578994028,nan,nan,nan,1784980713.0334806,0.0,0.0,1784980713.0138357,17230.591796875,nan,nan,55.17353439331055,nan
60.60325741767883,1784980713.0780423,BSMC,circle,circle_dist_bsmc_30cm_yawfree_p01,1784980713.0751495,-0.9926969530228498,-0.2534113113726846,-1.3819468349147543,-2.4358563819317504e-39,-1.059313010695764e-09,1784980702.2070603,-0.9921302424820103,-0.2529310642321142,-1.3913913986907152,10.870981931686401,0,1,1784980685.8737292,-0.9951127389755929,-0.12870652989916076,-1.515472722699868,1784980685.873765,-0.006350209395935843,0.012172975805161213,-0.019386222578994028,nan,nan,nan,1784980713.0735855,0.0,0.0,1784980713.0596209,17230.638671875,nan,nan,45.861915588378906,nan
60.643431663513184,1784980713.1182165,BSMC,circle,circle_dist_bsmc_30cm_yawfree_p01,1784980713.0751495,-0.9926969530228498,-0.2534113113726846,-1.3819468349147543,-2.4358563819317504e-39,-1.059313010695764e-09,1784980702.2070603,-0.9921302424820103,-0.2529310642321142,-1.3913913986907152,10.911156177520752,0,1,1784980685.8737292,-0.9951127389755929,-0.12870652989916076,-1.515472722699868,1784980685.873765,-0.006350209395935843,0.012172975805161213,-0.019386222578994028,nan,nan,nan,1784980713.1134882,0.0,0.0,1784980713.1123426,17230.69140625,nan,nan,52.5671272277832,nan
60.68322539329529,1784980713.1580102,BSMC,circle,circle_dist_bsmc_30cm_yawfree_p01,1784980713.1261933,-0.9926969530228498,-0.2534113113726846,-1.3819468349178397,-1.6890707811816682e-39,-9.87157125314704e-10,1784980702.2070603,-0.9921302424820103,-0.2529310642321142,-1.3913913986907152,10.950949907302856,0,1,1784980685.8737292,-0.9951127389755929,-0.12870652989916076,-1.515472722699868,1784980685.873765,-0.006350209395935843,0.012172975805161213,-0.019386222578994028,nan,nan,nan,1784980713.1542726,0.0,0.0,1784980713.1123426,17230.69140625,nan,nan,52.5671272277832,nan
60.72361755371094,1784980713.1984024,BSMC,circle,circle_dist_bsmc_30cm_yawfree_p01,1784980713.176224,-0.9926969530228498,-0.2534113113726846,-1.38194683491968,-1.180264963809564e-39,-9.201816823998094e-10,1784980702.2070603,-0.9921302424820103,-0.2529310642321142,-1.3913913986907152,10.991342067718506,0,1,1784980685.8737292,-0.9951127389755929,-0.12870652989916076,-1.515472722699868,1784980685.873765,-0.006350209395935843,0.012172975805161213,-0.019386222578994028,nan,nan,nan,1784980713.193681,0.0,0.0,1784980713.1591487,17230.73828125,nan,nan,46.946685791015625,nan
60.76327323913574,1784980713.238058,BSMC,circle,circle_dist_bsmc_30cm_yawfree_p01,1784980713.225544,-0.9926969530228498,-0.2534113113726846,-1.381946834920817,-8.143009053551979e-40,-8.572558431107079e-10,1784980702.2070603,-0.9921302424820103,-0.2529310642321142,-1.3913913986907152,11.03099775314331,0,1,1784980685.8737292,-0.9951127389755929,-0.12870652989916076,-1.515472722699868,1784980685.873765,-0.006350209395935843,0.012172975805161213,-0.019386222578994028,nan,nan,nan,1784980713.2336707,0.0,0.0,1784980713.2147791,17230.79296875,nan,nan,55.43039321899414,nan
60.80316209793091,1784980713.277947,BSMC,circle,circle_dist_bsmc_30cm_yawfree_p01,1784980713.2753088,-0.9926969530228498,-0.2534113113726846,-1.3819468349222321,-5.693188112614572e-40,-7.990133089891888e-10,1784980702.2070603,-0.9921302424820103,-0.2529310642321142,-1.3913913986907152,11.070886611938477,0,1,1784980685.8737292,-0.9951127389755929,-0.12870652989916076,-1.515472722699868,1784980685.873765,-0.006350209395935843,0.012172975805161213,-0.019386222578994028,nan,nan,nan,1784980713.2734866,0.0,0.0,1784980713.2597995,17230.837890625,nan,nan,45.19971466064453,nan
60.84328889846802,1784980713.3180737,BSMC,circle,circle_dist_bsmc_30cm_yawfree_p01,1784980713.2753088,-0.9926969530228498,-0.2534113113726846,-1.3819468349222321,-5.693188112614572e-40,-7.990133089891888e-10,1784980702.2070603,-0.9921302424820103,-0.2529310642321142,-1.3913913986907152,11.111013412475586,0,1,1784980685.8737292,-0.9951127389755929,-0.12870652989916076,-1.515472722699868,1784980685.873765,-0.006350209395935843,0.012172975805161213,-0.019386222578994028,nan,nan,nan,1784980713.313429,0.0,0.0,1784980713.3168101,17230.896484375,nan,nan,57.06029510498047,nan
60.8839066028595,1784980713.3586915,BSMC,circle,circle_dist_bsmc_30cm_yawfree_p01,1784980713.3253531,-0.9926969530228498,-0.2534113113726846,-1.3819468349238313,-3.917772064216821e-40,-7.442009198459904e-10,1784980702.2070603,-0.9921302424820103,-0.2529310642321142,-1.3913913986907152,11.151631116867065,0,1,1784980685.8737292,-0.9951127389755929,-0.12870652989916076,-1.515472722699868,1784980685.873765,-0.006350209395935843,0.012172975805161213,-0.019386222578994028,nan,nan,nan,1784980713.3538206,0.0,0.0,1784980713.3168101,17230.896484375,nan,nan,57.06029510498047,nan
60.92373275756836,1784980713.3985176,BSMC,circle,circle_dist_bsmc_30cm_yawfree_p01,1784980713.3752317,-0.9926969530228498,-0.2534113113726846,-1.3819468349251596,-2.7429461030769095e-40,-6.935914237303778e-10,1784980702.2070603,-0.9921302424820103,-0.2529310642321142,-1.3913913986907152,11.191457271575928,0,1,1784980685.8737292,-0.9951127389755929,-0.12870652989916076,-1.515472722699868,1784980685.873765,-0.006350209395935843,0.012172975805161213,-0.019386222578994028,nan,nan,nan,1784980713.393539,0.0,0.0,1784980713.3605695,17230.939453125,nan,nan,43.77518844604492,nan
60.963316679000854,1784980713.4381015,BSMC,circle,circle_dist_bsmc_30cm_yawfree_p01,1784980713.4255693,-0.9926969530228498,-0.2534113113726846,-1.3819468349268385,-1.866560762230904e-40,-6.45581499404269e-10,1784980702.2070603,-0.9921302424820103,-0.2529310642321142,-1.3913913986907152,11.231041193008423,0,1,1784980685.8737292,-0.9951127389755929,-0.12870652989916076,-1.515472722699868,1784980685.873765,-0.006350209395935843,0.012172975805161213,-0.019386222578994028,nan,nan,nan,1784980713.4332297,0.0,0.0,1784980713.4241335,17231.001953125,nan,nan,63.17667770385742,nan
61.003504037857056,1784980713.478289,BSMC,circle,circle_dist_bsmc_30cm_yawfree_p01,1784980713.4752295,-0.9926969530228498,-0.2534113113726846,-1.3819468349279085,-1.3102086409207339e-40,-6.015697826917912e-10,1784980702.2070603,-0.9921302424820103,-0.2529310642321142,-1.3913913986907152,11.271228551864624,0,1,1784980685.8737292,-0.9951127389755929,-0.12870652989916076,-1.515472722699868,1784980685.873765,-0.006350209395935843,0.012172975805161213,-0.019386222578994028,nan,nan,nan,1784980713.4738185,0.0,0.0,1784980713.4636142,17231.04296875,nan,nan,39.80467987060547,nan
61.04338240623474,1784980713.5181673,BSMC,circle,circle_dist_bsmc_30cm_yawfree_p01,1784980713.4752295,-0.9926969530228498,-0.2534113113726846,-1.3819468349279085,-1.3102086409207339e-40,-6.015697826917912e-10,1784980713.4946468,-0.992636744254993,-0.2537323808110403,-1.3748810864654537,0.023520469665527344,0,1,1784980685.8737292,-0.9951127389755929,-0.12870652989916076,-1.515472722699868,1784980685.873765,-0.006350209395935843,0.012172975805161213,-0.019386222578994028,-0.12311608374643768,0.021909447027164335,-0.1405916362344144,1784980713.5136027,0.0,0.0,1784980713.5106156,17231.08984375,nan,nan,46.896549224853516,nan
61.08357572555542,1784980713.5583606,BSMC,circle,circle_dist_bsmc_30cm_yawfree_p01,1784980713.5254948,-0.9926483173736057,-0.25367001204474426,-1.3753254134094555,6.2215360297780444e-06,0.0005074650229500698,1784980713.4946468,-0.992636744254993,-0.2537323808110403,-1.3748810864654537,0.06371378898620605,0,1,1784980685.8737292,-0.9951127389755929,-0.12870652989916076,-1.515472722699868,1784980685.873765,-0.006350209395935843,0.012172975805161213,-0.019386222578994028,-0.12311608374643768,0.021909447027164335,-0.1405916362344144,1784980713.5536973,0.0,0.0,1784980713.5106156,17231.08984375,nan,nan,46.896549224853516,nan
61.12325358390808,1784980713.5980384,BSMC,circle,circle_dist_bsmc_30cm_yawfree_p01,1784980713.575175,-0.9926482842663613,-0.2536701783142166,-1.3753041029139792,4.31112787196452e-06,0.00047421834068473855,1784980713.4946468,-0.992636744254993,-0.2537323808110403,-1.3748810864654537,0.10339164733886719,0,1,1784980685.8737292,-0.9951127389755929,-0.12870652989916076,-1.515472722699868,1784980685.873765,-0.006350209395935843,0.012172975805161213,-0.019386222578994028,-0.12311608374643768,0.021909447027164335,-0.1405916362344144,1784980713.5933936,0.0,0.0,1784980713.565575,17231.14453125,nan,nan,55.10515594482422,nan
61.16315937042236,1784980713.6379442,BSMC,circle,circle_dist_bsmc_30cm_yawfree_p01,1784980713.6252563,-0.9926756405706788,-0.25368990978719774,-1.374082781656829,4.219601424233401e-06,0.0007282763286522337,1784980713.6150136,-0.992713676038315,-0.25371426891977833,-1.3728648920200364,0.022930622100830078,0,1,1784980685.8737292,-0.9951127389755929,-0.12870652989916076,-1.515472722699868,1784980685.873765,-0.006350209395935843,0.012172975805161213,-0.019386222578994028,-0.12303877358348886,0.022229496465165748,-0.14260783067983174,1784980713.6336331,0.0,0.0,1784980713.6172545,17231.1953125,nan,nan,51.5832405090332,nan
61.20346164703369,1784980713.6782465,BSMC,circle,circle_dist_bsmc_30cm_yawfree_p01,1784980713.675191,-0.99267561810756,-0.25369002216217706,-1.3740523798193787,2.9093464193569975e-06,0.0006804706634673804,1784980713.6150136,-0.992713676038315,-0.25371426891977833,-1.3728648920200364,0.0632328987121582,0,1,1784980685.8737292,-0.9951127389755929,-0.12870652989916076,-1.515472722699868,1784980685.873765,-0.006350209395935843,0.012172975805161213,-0.019386222578994028,-0.12303877358348886,0.022229496465165748,-0.14260783067983174,1784980713.6733482,0.0,0.0,1784980713.6708539,17231.25,nan,nan,53.610408782958984,nan
61.243178367614746,1784980713.7179632,BSMC,circle,circle_dist_bsmc_30cm_yawfree_p01,1784980713.675191,-0.99267561810756,-0.25369002216217706,-1.3740523798193787,2.9093464193569975e-06,0.0006804706634673804,1784980713.6931276,-0.9926927960012396,-0.2536918041561506,-1.3734720165463312,0.024835586547851562,0,1,1784980685.8737292,-0.9951127389755929,-0.12870652989916076,-1.515472722699868,1784980685.873765,-0.006350209395935843,0.012172975805161213,-0.019386222578994028,-0.12303431160552608,0.022129913530070666,-0.14200070615353688,1784980713.7132668,0.0,0.0,1784980713.7110329,17231.2890625,nan,nan,40.03572463989258,nan
61.283632040023804,1784980713.758417,BSMC,circle,circle_dist_bsmc_30cm_yawfree_p01,1784980713.7253666,-0.9926808382486311,-0.2536905949224762,-1.3738257023158587,1.986122564694088e-06,0.0007160366825730022,1784980713.6931276,-0.9926927960012396,-0.2536918041561506,-1.3734720165463312,0.06528925895690918,0,1,1784980685.8737292,-0.9951127389755929,-0.12870652989916076,-1.515472722699868,1784980685.873765,-0.006350209395935843,0.012172975805161213,-0.019386222578994028,-0.12303431160552608,0.022129913530070666,-0.14200070615353688,1784980713.7537472,0.0,0.0,1784980713.7110329,17231.2890625,nan,nan,40.03572463989258,nan
61.323641538619995,1784980713.7984264,BSMC,circle,circle_dist_bsmc_30cm_yawfree_p01,1784980713.775231,-0.9926808292240172,-0.25369064008830405,-1.3737973684815357,1.3613562834760562e-06,0.0006691387853311062,1784980713.6931276,-0.9926927960012396,-0.2536918041561506,-1.3734720165463312,0.10529875755310059,0,1,1784980685.8737292,-0.9951127389755929,-0.12870652989916076,-1.515472722699868,1784980685.873765,-0.006350209395935843,0.012172975805161213,-0.019386222578994028,-0.12303431160552608,0.022129913530070666,-0.14200070615353688,1784980713.793574,0.0,0.0,1784980713.7728229,17231.3515625,nan,nan,61.965274810791016,nan
61.36352181434631,1784980713.8383067,BSMC,circle,circle_dist_bsmc_30cm_yawfree_p01,1784980713.8261046,-0.9926791934195401,-0.25368532478105144,-1.3737367806870888,-1.636889684223891e-07,0.0006507583569876635,1784980713.8138475,-0.9926739512938277,-0.25367046549622385,-1.3736577068455549,0.024459123611450195,0,1,1784980685.8737292,-0.9951127389755929,-0.12870652989916076,-1.515472722699868,1784980685.873765,-0.006350209395935843,0.012172975805161213,-0.019386222578994028,-0.12302118444560034,0.02208440768653854,-0.14181501585431322,1784980713.8340273,0.0,0.0,1784980713.8127835,17231.392578125,nan,nan,39.98948287963867,nan
61.403541803359985,1784980713.8783267,BSMC,circle,circle_dist_bsmc_30cm_yawfree_p01,1784980713.8752468,-0.9926791940711782,-0.25368532151883455,-1.3737123995146314,-1.148979866306607e-07,0.0006096945792066666,1784980713.8138475,-0.9926739512938277,-0.25367046549622385,-1.3736577068455549,0.06447911262512207,0,1,1784980685.8737292,-0.9951127389755929,-0.12870652989916076,-1.515472722699868,1784980685.873765,-0.006350209395935843,0.012172975805161213,-0.019386222578994028,-0.12302118444560034,0.02208440768653854,-0.14181501585431322,1784980713.8733337,0.0,0.0,1784980713.861506,17231.439453125,nan,nan,48.63532638549805,nan
61.44372200965881,1784980713.9185069,BSMC,circle,circle_dist_bsmc_30cm_yawfree_p01,1784980713.8752468,-0.9926791940711782,-0.25368532151883455,-1.3737123995146314,-1.148979866306607e-07,0.0006096945792066666,1784980713.8926816,-0.992701431526871,-0.25368750511480875,-1.37343176996661,0.02582526206970215,0,1,1784980685.8737292,-0.9951127389755929,-0.12870652989916076,-1.515472722699868,1784980685.873765,-0.006350209395935843,0.012172975805161213,-0.019386222578994028,-0.12302751196616912,0.022142490123759687,-0.14204095273325798,1784980713.9140716,0.0,0.0,1784980713.9151053,17231.494140625,nan,nan,53.69304275512695,nan
61.48338222503662,1784980713.958167,BSMC,circle,circle_dist_bsmc_30cm_yawfree_p01,1784980713.9251943,-0.9926838324880044,-0.25368573505119435,-1.3736203089991899,-2.042948221238414e-07,0.000631021053485933,1784980713.8926816,-0.992701431526871,-0.25368750511480875,-1.37343176996661,0.06548547744750977,0,1,1784980685.8737292,-0.9951127389755929,-0.12870652989916076,-1.515472722699868,1784980685.873765,-0.006350209395935843,0.012172975805161213,-0.019386222578994028,-0.12302751196616912,0.022142490123759687,-0.14204095273325798,1784980713.9531994,0.0,0.0,1784980713.9151053,17231.494140625,nan,nan,53.69304275512695,nan
61.523536920547485,1784980713.9983218,BSMC,circle,circle_dist_bsmc_30cm_yawfree_p01,1784980713.9759402,-0.9926838332437964,-0.25368573126626953,-1.373596694010092,-1.4291883513440499e-07,0.0005918839957531663,1784980713.8926816,-0.992701431526871,-0.25368750511480875,-1.37343176996661,0.10564017295837402,0,1,1784980685.8737292,-0.9951127389755929,-0.12870652989916076,-1.515472722699868,1784980685.873765,-0.006350209395935843,0.012172975805161213,-0.019386222578994028,-0.12302751196616912,0.022142490123759687,-0.14204095273325798,1784980713.9935262,0.0,0.0,1784980713.9621317,17231.541015625,nan,nan,47.12470626831055,nan
61.56344509124756,1784980714.03823,BSMC,circle,circle_dist_bsmc_30cm_yawfree_p01,1784980714.025085,-0.9926742933481287,-0.253694250959703,-1.373578773222265,3.4505554789897746e-06,0.0005522402621373309,1784980714.0128772,-0.9926342980703842,-0.2537254884348634,-1.3735914363126587,0.02535271644592285,0,1,1784980685.8737292,-0.9951127389755929,-0.12870652989916076,-1.515472722699868,1784980685.873765,-0.006350209395935843,0.012172975805161213,-0.019386222578994028,-0.12308144633980844,0.022064456249207814,-0.14188128638720943,1784980714.033367,0.0,0.0,1784980714.0171897,17231.595703125,nan,nan,54.93913650512695,nan
61.60327982902527,1784980714.0780647,BSMC,circle,circle_dist_bsmc_30cm_yawfree_p01,1784980714.0754888,-0.9926742805497735,-0.25369431500116674,-1.3735586699526408,2.401093227851084e-06,0.0005189277515179175,1784980714.0128772,-0.9926342980703842,-0.2537254884348634,-1.3735914363126587,0.06518745422363281,0,1,1784980685.8737292,-0.9951127389755929,-0.12870652989916076,-1.515472722699868,1784980685.873765,-0.006350209395935843,0.012172975805161213,-0.019386222578994028,-0.12308144633980844,0.022064456249207814,-0.14188128638720943,1784980714.0733964,0.0,0.0,1784980714.0656743,17231.64453125,nan,nan,48.49024963378906,nan
61.643332719802856,1784980714.1181176,BSMC,circle,circle_dist_bsmc_30cm_yawfree_p01,1784980714.0754888,-0.9926742805497735,-0.25369431500116674,-1.3735586699526408,2.401093227851084e-06,0.0005189277515179175,1784980714.0951388,-0.9926481025134339,-0.2537080119761657,-1.3743065916615218,0.022978782653808594,0,1,1784980685.8737292,-0.9951127389755929,-0.12870652989916076,-1.515472722699868,1784980685.873765,-0.006350209395935843,0.012172975805161213,-0.019386222578994028,-0.12307735919092605,0.021986555185525655,-0.1411661310383463,1784980714.1135988,0.0,0.0,1784980714.1131947,17231.69140625,nan,nan,47.118080139160156,nan
61.68373465538025,1784980714.1585195,BSMC,circle,circle_dist_bsmc_30cm_yawfree_p01,1784980714.1260624,-0.9926697390735066,-0.2536970914597035,-1.3737160572451548,2.884098819157616e-06,0.0002871933901256369,1784980714.0951388,-0.9926481025134339,-0.2537080119761657,-1.3743065916615218,0.06338071823120117,0,1,1784980685.8737292,-0.9951127389755929,-0.12870652989916076,-1.515472722699868,1784980685.873765,-0.006350209395935843,0.012172975805161213,-0.019386222578994028,-0.12307735919092605,0.021986555185525655,-0.1411661310383463,1784980714.1540701,0.0,0.0,1784980714.1131947,17231.69140625,nan,nan,47.118080139160156,nan
61.72332215309143,1784980714.198107,BSMC,circle,circle_dist_bsmc_30cm_yawfree_p01,1784980714.176305,-0.9926697293332963,-0.2536971402774758,-1.373705884871703,1.99772552901704e-06,0.00027025558711338244,1784980714.0951388,-0.9926481025134339,-0.2537080119761657,-1.3743065916615218,0.10296821594238281,0,1,1784980685.8737292,-0.9951127389755929,-0.12870652989916076,-1.515472722699868,1784980685.873765,-0.006350209395935843,0.012172975805161213,-0.019386222578994028,-0.12307735919092605,0.021986555185525655,-0.1411661310383463,1784980714.1932306,0.0,0.0,1784980714.167002,17231.74609375,nan,nan,54.24608612060547,nan
61.76318383216858,1784980714.2379687,BSMC,circle,circle_dist_bsmc_30cm_yawfree_p01,1784980714.2261016,-0.9926750231827857,-0.2536965175382525,-1.37382765366887,6.963247339640237e-07,8.966731088004917e-05,1784980714.2153566,-0.9927020529201082,-0.25369454023728855,-1.37425188638512,0.02261209487915039,0,1,1784980685.8737292,-0.9951127389755929,-0.12870652989916076,-1.515472722699868,1784980685.873765,-0.006350209395935843,0.012172975805161213,-0.019386222578994028,-0.12305240834059777,0.02204356906494114,-0.14122083631474802,1784980714.233464,0.0,0.0,1784980714.2121923,17231.791015625,nan,nan,45.07358169555664,nan
61.80370759963989,1784980714.2784925,BSMC,circle,circle_dist_bsmc_30cm_yawfree_p01,1784980714.2751532,-0.9926750208171027,-0.25369652940550574,-1.3738245806648706,4.792373812565082e-07,8.453299087055288e-05,1784980714.2153566,-0.9927020529201082,-0.25369454023728855,-1.37425188638512,0.06313586235046387,0,1,1784980685.8737292,-0.9951127389755929,-0.12870652989916076,-1.515472722699868,1784980685.873765,-0.006350209395935843,0.012172975805161213,-0.019386222578994028,-0.12305240834059777,0.02204356906494114,-0.14122083631474802,1784980714.2734473,0.0,0.0,1784980714.2707856,17231.849609375,nan,nan,58.64579391479492,nan
61.84332060813904,1784980714.3181055,BSMC,circle,circle_dist_bsmc_30cm_yawfree_p01,1784980714.2751532,-0.9926750208171027,-0.25369652940550574,-1.3738245806648706,4.792373812565082e-07,8.453299087055288e-05,1784980714.3006983,-0.9926919719760918,-0.25369799345601446,-1.3742029283132933,0.01740717887878418,0,1,1784980685.8737292,-0.9951127389755929,-0.12870652989916076,-1.515472722699868,1784980685.873765,-0.006350209395935843,0.012172975805161213,-0.019386222578994028,-0.12305668478983542,0.022040381200996717,-0.14126979438657483,1784980714.3134341,0.0,0.0,1784980714.3130727,17231.892578125,nan,nan,42.08700942993164,nan
61.883500814437866,1784980714.3582857,BSMC,circle,circle_dist_bsmc_30cm_yawfree_p01,1784980714.3253303,-0.9926776104278242,-0.2536967105614259,-1.3739092544507707,2.0566747050266767e-07,-2.9161568379056647e-05,1784980714.3006983,-0.9926919719760918,-0.25369799345601446,-1.3742029283132933,0.057587385177612305,0,1,1784980685.8737292,-0.9951127389755929,-0.12870652989916076,-1.515472722699868,1784980685.873765,-0.006350209395935843,0.012172975805161213,-0.019386222578994028,-0.12305668478983542,0.022040381200996717,-0.14126979438657483,1784980714.353646,0.0,0.0,1784980714.3130727,17231.892578125,nan,nan,42.08700942993164,nan
61.923388719558716,1784980714.3981736,BSMC,circle,circle_dist_bsmc_30cm_yawfree_p01,1784980714.375392,-0.9926776097534631,-0.2536967139450046,-1.3739102737801323,1.4401022563392613e-07,-2.7551102448382356e-05,1784980714.3006983,-0.9926919719760918,-0.25369799345601446,-1.3742029283132933,0.09747529029846191,0,1,1784980685.8737292,-0.9951127389755929,-0.12870652989916076,-1.515472722699868,1784980685.873765,-0.006350209395935843,0.012172975805161213,-0.019386222578994028,-0.12305668478983542,0.022040381200996717,-0.14126979438657483,1784980714.3934789,0.0,0.0,1784980714.3625798,17231.94140625,nan,nan,49.790435791015625,nan
61.96400499343872,1784980714.4387898,BSMC,circle,circle_dist_bsmc_30cm_yawfree_p01,1784980714.426111,-0.9926781729315279,-0.2536958263025595,-1.3739840187202905,-3.406688902680779e-07,-0.00011971611064059836,1784980714.4137635,-0.9926811830470008,-0.2536918012911225,-1.3742214862394109,0.025026321411132812,0,1,1784980685.8737292,-0.9951127389755929,-0.12870652989916076,-1.515472722699868,1784980685.873765,-0.006350209395935843,0.012172975805161213,-0.019386222578994028,-0.12305312808018824,0.022026306972277362,-0.14125123646045723,1784980714.43373,0.0,0.0,1784980714.4128585,17231.9921875,nan,nan,50.05195617675781,nan
62.00405764579773,1784980714.4788425,BSMC,circle,circle_dist_bsmc_30cm_yawfree_p01,1784980714.4767363,-0.9926781763040071,-0.25369580938887215,-1.3739900794442947,-3.406688902680779e-07,-0.00011971611064059836,1784980714.4137635,-0.9926811830470008,-0.2536918012911225,-1.3742214862394109,0.0650789737701416,0,1,1784980685.8737292,-0.9951127389755929,-0.12870652989916076,-1.515472722699868,1784980685.873765,-0.006350209395935843,0.012172975805161213,-0.019386222578994028,-0.12305312808018824,0.022026306972277362,-0.14125123646045723,1784980714.473754,0.0,0.0,1784980714.4128585,17231.9921875,nan,nan,50.05195617675781,nan
62.04365539550781,1784980714.5184402,BSMC,circle,circle_dist_bsmc_30cm_yawfree_p01,1784980714.4767363,-0.9926781763040071,-0.25369580938887215,-1.3739900794442947,-3.406688902680779e-07,-0.00011971611064059836,1784980714.4959512,-0.9926485318384873,-0.25368466263999556,-1.3745354953117799,0.022489070892333984,0,1,1784980685.8737292,-0.9951127389755929,-0.12870652989916076,-1.515472722699868,1784980685.873765,-0.006350209395935843,0.012172975805161213,-0.019386222578994028,-0.12305940396015229,0.021954249638107468,-0.14093722738808823,1784980714.5134652,0.0,0.0,1784980714.5132122,17232.091796875,nan,nan,18.079193115234375,nan
62.08348822593689,1784980714.558273,BSMC,circle,circle_dist_bsmc_30cm_yawfree_p01,1784980714.5252593,-0.9926740007164392,-0.2536940839751628,-1.3741169926930816,-5.032949578355438e-07,-0.00026173756429702865,1784980714.4959512,-0.9926485318384873,-0.25368466263999556,-1.3745354953117799,0.06232190132141113,0,1,1784980685.8737292,-0.9951127389755929,-0.12870652989916076,-1.515472722699868,1784980685.873765,-0.006350209395935843,0.012172975805161213,-0.019386222578994028,-0.12305940396015229,0.021954249638107468,-0.14093722738808823,1784980714.5537777,0.0,0.0,1784980714.5132122,17232.091796875,nan,nan,18.079193115234375,nan
62.12325835227966,1784980714.5980432,BSMC,circle,circle_dist_bsmc_30cm_yawfree_p01,1784980714.57552,-0.9926740056573979,-0.2536940591780287,-1.3741301418995109,-5.032949578355438e-07,-0.00026173756429702865,1784980714.4959512,-0.9926485318384873,-0.25368466263999556,-1.3745354953117799,0.10209202766418457,0,1,1784980685.8737292,-0.9951127389755929,-0.12870652989916076,-1.515472722699868,1784980685.873765,-0.006350209395935843,0.012172975805161213,-0.019386222578994028,-0.12305940396015229,0.021954249638107468,-0.14093722738808823,1784980714.5932863,0.0,0.0,1784980714.5967443,17232.17578125,nan,nan,83.88665008544922,nan
62.16350173950195,1784980714.6382866,BSMC,circle,circle_dist_bsmc_30cm_yawfree_p01,1784980714.625432,-0.9926680304993092,-0.2536916035507297,-1.3741500438051744,-7.959326071966366e-07,-0.00025361165144544056,1784980714.6159775,-0.9926316908987988,-0.2536783374672635,-1.374198944259852,0.022309064865112305,0,1,1784980685.8737292,-0.9951127389755929,-0.12870652989916076,-1.515472722699868,1784980685.873765,-0.006350209395935843,0.012172975805161213,-0.019386222578994028,-0.12304909453286439,0.02197791211740698,-0.1412737784400162,1784980714.63333,0.0,0.0,1784980714.6135006,17232.19140625,nan,nan,16.551145553588867,nan
62.20332312583923,1784980714.678108,BSMC,circle,circle_dist_bsmc_30cm_yawfree_p01,1784980714.6760387,-0.9926680383679205,-0.2536915640538065,-1.3741628762051008,-7.959326071966366e-07,-0.00025361165144544056,1784980714.6159775,-0.9926316908987988,-0.2536783374672635,-1.374198944259852,0.06213045120239258,0,1,1784980685.8737292,-0.9951127389755929,-0.12870652989916076,-1.515472722699868,1784980685.873765,-0.006350209395935843,0.012172975805161213,-0.019386222578994028,-0.12304909453286439,0.02197791211740698,-0.1412737784400162,1784980714.6740737,0.0,0.0,1784980714.6135006,17232.19140625,nan,nan,16.551145553588867,nan
